frame,time_s,valid,status,stretch_score,shear_score,bend_score,original_rms_N,alm_rms_N,constitutive_gap_rms_N,elastic_rms_N,damping_rms_N,contact_rms_N,inertia_rms_N,free_vertices,original_max_N,iterate_change_rms_m,self_contact_vt_candidates,self_contact_ee_candidates,body_max_abs_translation_m,soft_contact_count,pin_error_m,tri_stretch_active_rows,tri_stretch_floor_fraction,tri_stretch_rho_over_k_min,tri_stretch_rho_over_k_median,tri_stretch_rho_over_k_max,tri_stretch_effective_over_k_min,tri_stretch_effective_over_k_median,tri_stretch_effective_over_k_max,tri_area_active_rows,tri_area_floor_fraction,tri_area_rho_over_k_min,tri_area_rho_over_k_median,tri_area_rho_over_k_max,tri_area_effective_over_k_min,tri_area_effective_over_k_median,tri_area_effective_over_k_max,bend_active_rows,bend_floor_fraction,bend_rho_over_k_min,bend_rho_over_k_median,bend_rho_over_k_max,bend_effective_over_k_min,bend_effective_over_k_median,bend_effective_over_k_max
0,0.0,True,valid,0.0,0.0,0.0,,,,,,,,,,,0,0,0.1509999930858612,0,0.0,0,,,,,,,,0,,,,,,,,0,,,,,,,
1,0.016666666666666666,True,valid,0.0029310447199716104,0.0015682690540912256,0.0008817113440392905,0.9188438809055955,0.9188766249069643,0.00016468002185479087,0.9189274470143353,0.00845749678766561,0.0,0.0001248237987589741,1585.0,1.9019090838762867,2.312020332953138e-06,0,15504,0.14950264990329742,0,0.0,3240,1.0,10.0,10.0,10.0,0.9090909090909091,0.9090909090909091,0.9090909090909091,3240,1.0,10.0,10.0,10.0,0.9090909090909091,0.9090909090909091,0.9090909090909091,4824,1.0,9.999999557949407,10.0,10.000000536441691,0.9090909054375983,0.9090909090909091,0.9090909135243113
2,0.03333333333333333,True,valid,0.005949340094458964,0.0034223016607245423,0.00732760754615182,1.660088316394376,1.660117264976039,0.00018888002027087265,1.660421051770159,0.011600619630325461,0.0,0.0001841528172971062,1585.0,4.4675247700709795,3.686856653548951e-06,0,15504,0.14528286457061768,0,0.0,3240,1.0,10.0,10.0,10.0,0.9090909090909091,0.9090909090909091,0.9090909090909091,3240,1.0,10.0,10.0,10.0,0.9090909090909091,0.9090909090909091,0.9090909090909091,4824,1.0,9.999999557949407,10.0,10.000000536441691,0.9090909054375983,0.9090909090909091,0.9090909135243113
3,0.05,True,valid,0.006071946011966366,0.004161260907939928,0.016749523693473427,1.5921883511457946,1.5922143052420217,0.00017119859211743623,1.5921601684437225,0.01013094187627266,0.0,0.000148180386393147,1585.0,5.480748127672919,3.121740313058776e-06,0,15512,0.13834063708782196,0,0.0,3240,1.0,10.0,10.0,10.0,0.9090909090909091,0.9090909090909091,0.9090909090909091,3240,1.0,10.0,10.0,10.0,0.9090909090909091,0.9090909090909091,0.9090909090909091,4824,1.0,9.999999557949407,10.0,10.000000536441691,0.9090909054375983,0.9090909090909091,0.9090909135243113
4,0.06666666666666667,True,valid,0.006414724080271861,0.005647055168072981,0.02375141986890436,1.769998356108808,1.7700219205177823,0.000159350713020106,1.769391308915962,0.008297513125657031,0.0,0.00012372085234672387,1585.0,10.38485938228886,3.0193154063253096e-06,0,15548,0.12867596745491028,14,0.0,3240,1.0,10.0,10.0,10.0,0.9090909090909091,0.9090909090909091,0.9090909090909091,3240,1.0,10.0,10.0,10.0,0.9090909090909091,0.9090909090909091,0.9090909090909091,4824,1.0,9.999999557949407,10.0,10.000000536441691,0.9090909054375983,0.9090909090909091,0.9090909135243113
5,0.08333333333333333,True,valid,0.006945156576443885,0.005635965488994804,0.023214904794588185,1.7716028609672643,1.7714421388056238,0.0024292040132925866,1.7880119055144634,0.015093982895127941,0.2700139135350757,0.0001505288186601884,1585.0,6.699369032985504,3.3498966310213826e-06,0,15572,0.11628885567188263,77,0.0,3240,1.0,10.0,10.0,10.0,0.9090909090909091,0.9090909090909091,0.9090909090909091,3240,1.0,10.0,10.0,10.0,0.9090909090909091,0.9090909090909091,0.9090909090909091,4824,1.0,9.999999557949407,10.0,10.000000536441691,0.9090909054375983,0.9090909090909091,0.9090909135243113
6,0.1,True,valid,0.006692912825871346,0.004929448223183411,0.01879302906975483,1.7783327725213558,1.7784451209532213,0.0007476117980790969,1.7941282948355317,0.026400257364570773,0.30965946844696346,0.00016808283908684678,1585.0,11.753215185278272,3.5730049418603254e-06,0,15518,0.10117930173873901,133,0.0,3240,1.0,10.0,10.0,10.0,0.9090909090909091,0.9090909090909091,0.9090909090909091,3240,1.0,10.0,10.0,10.0,0.9090909090909091,0.9090909090909091,0.9090909090909091,4824,1.0,9.999999557949407,10.0,10.000000536441691,0.9090909054375983,0.9090909090909091,0.9090909135243113
7,0.11666666666666667,True,valid,0.004950391603009427,0.003923264372747389,0.01526522291701588,1.3876956525577637,1.387732010897063,0.00018166740916746631,1.396122967447429,0.013155521233577713,0.09089399646110749,0.00013647875484870954,1585.0,4.697228373941762,2.775738309798655e-06,0,15512,0.10430675745010376,135,0.0,3240,1.0,10.0,10.0,10.0,0.9090909090909091,0.9090909090909091,0.9090909090909091,3240,1.0,10.0,10.0,10.0,0.9090909090909091,0.9090909090909091,0.9090909090909091,4824,1.0,9.999999557949407,10.0,10.000000536441691,0.9090909054375983,0.9090909090909091,0.9090909135243113
8,0.13333333333333333,True,valid,0.003525301121657599,0.0026982022860232674,0.011390489413129276,1.002308390406903,1.0022114474830808,0.001895901569680776,1.0499264343758832,0.01597359786972082,0.2912749111696403,0.00011122221724832355,1585.0,3.4237924906266293,2.17675131389185e-06,0,15506,0.10471177101135254,134,0.0,3240,1.0,10.0,10.0,10.0,0.9090909090909091,0.9090909090909091,0.9090909090909091,3240,1.0,10.0,10.0,10.0,0.9090909090909091,0.9090909090909091,0.9090909090909091,4824,1.0,9.999999557949407,10.0,10.000000536441691,0.9090909054375983,0.9090909090909091,0.9090909135243113
9,0.15,True,valid,0.0036194992395326524,0.002327669701031537,0.008528113959831553,1.0310212924851894,1.0310532854250283,0.00042251394871262816,1.035636700890885,0.00719110503378912,0.06182895425824397,0.00012358189506001265,1585.0,2.7551911433240885,2.335836726627443e-06,0,15504,0.10451296716928482,132,0.0,3240,1.0,10.0,10.0,10.0,0.9090909090909091,0.9090909090909091,0.9090909090909091,3240,1.0,10.0,10.0,10.0,0.9090909090909091,0.9090909090909091,0.9090909090909091,4824,1.0,9.999999557949407,10.0,10.000000536441691,0.9090909054375983,0.9090909090909091,0.9090909135243113
10,0.16666666666666666,True,valid,0.004383609581636994,0.002501048681399834,0.00806908868119411,1.233770677531102,1.2337968938556962,0.0001665161818401915,1.2340043006384858,0.004533368711131781,0.020809469966279092,0.00014056397972346668,1585.0,3.838764139181596,2.7168706418542885e-06,0,15504,0.10331466048955917,130,0.0,3240,1.0,10.0,10.0,10.0,0.9090909090909091,0.9090909090909091,0.9090909090909091,3240,1.0,10.0,10.0,10.0,0.9090909090909091,0.9090909090909091,0.9090909090909091,4824,1.0,9.999999557949407,10.0,10.000000536441691,0.9090909054375983,0.9090909090909091,0.9090909135243113
11,0.18333333333333332,True,valid,0.004740764766487215,0.0024797802577222073,0.0092159503816872,1.2514130190565524,1.25147376964491,0.0021323843821311845,1.328194362906655,0.012768866554508604,0.5883767490836446,0.00014144837571810975,1585.0,4.958792368185458,2.79344181463282e-06,0,15504,0.10017381608486176,141,0.0,3240,1.0,10.0,10.0,10.0,0.9090909090909091,0.9090909090909091,0.9090909090909091,3240,1.0,10.0,10.0,10.0,0.9090909090909091,0.9090909090909091,0.9090909090909091,4824,1.0,9.999999557949407,10.0,10.000000536441691,0.9090909054375983,0.9090909090909091,0.9090909135243113
12,0.2,True,valid,0.004652870337317947,0.002596872226162445,0.012544042247748128,1.1832089843271045,1.1832329184283452,0.00016117929190518067,1.1888362235911016,0.0052039291055690886,0.06758465057682539,0.00012956640165856937,1585.0,3.0654596838640304,2.5532923173444444e-06,0,15504,0.09518133103847504,154,0.0,3240,1.0,10.0,10.0,10.0,0.9090909090909091,0.9090909090909091,0.9090909090909091,3240,1.0,10.0,10.0,10.0,0.9090909090909091,0.9090909090909091,0.9090909090909091,4824,1.0,9.999999557949407,10.0,10.000000536441691,0.9090909054375983,0.9090909090909091,0.9090909135243113
13,0.21666666666666667,True,valid,0.004960113473964758,0.003368848334363224,0.016220739763757493,1.2818886574353279,1.2819117481590614,0.00016153930894707697,1.2967222475068299,0.005589381813774405,0.12074601431390106,0.00012752939673605653,1585.0,4.391299963005619,2.583995525175777e-06,0,15508,0.09088244289159775,158,0.0,3240,1.0,10.0,10.0,10.0,0.9090909090909091,0.9090909090909091,0.9090909090909091,3240,1.0,10.0,10.0,10.0,0.9090909090909091,0.9090909090909091,0.9090909090909091,4824,1.0,9.999999557949407,10.0,10.000000536441691,0.9090909054375983,0.9090909090909091,0.9090909135243113
14,0.23333333333333334,True,valid,0.005650639367209904,0.004254284195096841,0.017736793080561652,1.4448886157425387,1.444910228237964,0.00016450683545709733,1.4582494999111513,0.0043657076835156355,0.12608642451528984,0.00013921919492251815,1585.0,3.942353201954174,2.881460202686893e-06,0,15512,0.08475687354803085,160,0.0,3240,1.0,10.0,10.0,10.0,0.9090909090909091,0.9090909090909091,0.9090909090909091,3240,1.0,10.0,10.0,10.0,0.9090909090909091,0.9090909090909091,0.9090909090909091,4824,1.0,9.999999557949407,10.0,10.000000536441691,0.9090909054375983,0.9090909090909091,0.9090909135243113
15,0.25,True,valid,0.00594266424827108,0.00491359035383712,0.01735759842359735,1.5182473378515238,1.518281495838311,0.0003229246280420307,1.6817151504017174,0.01797214759892936,0.6638580707170806,0.00014845104774957927,1585.0,4.01717044770016,3.064069256759282e-06,0,15512,0.07779480516910553,159,0.0,3240,1.0,10.0,10.0,10.0,0.9090909090909091,0.9090909090909091,0.9090909090909091,3240,1.0,10.0,10.0,10.0,0.9090909090909091,0.9090909090909091,0.9090909090909091,4824,1.0,9.999999557949407,10.0,10.000000536441691,0.9090909054375983,0.9090909090909091,0.9090909135243113
16,0.26666666666666666,True,valid,0.0053883897184314,0.004849804545038784,0.015971879649936523,1.4360857002881726,1.436095099927363,0.00205037858478461,1.509694952740375,0.011926946305763395,0.5458088879537646,0.0001418285228143005,1585.0,4.782154515020978,2.916938157890454e-06,0,15512,0.07585154473781586,151,0.0,3240,1.0,10.0,10.0,10.0,0.9090909090909091,0.9090909090909091,0.9090909090909091,3240,1.0,10.0,10.0,10.0,0.9090909090909091,0.9090909090909091,0.9090909090909091,4824,1.0,9.999999557949407,10.0,10.000000536441691,0.9090909054375983,0.9090909090909091,0.9090909135243113
17,0.2833333333333333,True,valid,0.004529655814525552,0.004028945002120932,0.014031107691016054,1.236017112208247,1.2360003490580858,0.0021287223460419013,1.335237094066056,0.00865831143805801,0.6124286876462924,0.0001273277449541369,1585.0,4.935109989339321,2.557911112390323e-06,0,15509,0.0759989470243454,148,0.0,3240,1.0,10.0,10.0,10.0,0.9090909090909091,0.9090909090909091,0.9090909090909091,3240,1.0,10.0,10.0,10.0,0.9090909090909091,0.9090909090909091,0.9090909090909091,4824,1.0,9.999999557949407,10.0,10.000000536441691,0.9090909054375983,0.9090909090909091,0.9090909135243113
18,0.3,True,valid,0.004162291797746315,0.003016952265601507,0.011785707227460312,1.117269837909941,1.1172675161424648,0.002379779136949525,1.191042482817859,0.011322931073672566,0.5526618510732328,0.00012342509931905312,1585.0,5.0371048158295295,2.4393825945975407e-06,0,15504,0.07644176483154297,149,0.0,3240,1.0,10.0,10.0,10.0,0.9090909090909091,0.9090909090909091,0.9090909090909091,3240,1.0,10.0,10.0,10.0,0.9090909090909091,0.9090909090909091,0.9090909090909091,4824,1.0,9.999999557949407,10.0,10.000000536441691,0.9090909054375983,0.9090909090909091,0.9090909135243113
19,0.31666666666666665,True,valid,0.004391538385833302,0.002512198655121549,0.010381620162660834,1.1176970630982033,1.1177277357034587,0.00044019272932491676,1.1247073302875452,0.0037956086784456974,0.07515572228411604,0.00013045950295050365,1585.0,2.692982800151965,2.527358549183919e-06,0,15504,0.07645021378993988,149,0.0,3240,1.0,10.0,10.0,10.0,0.9090909090909091,0.9090909090909091,0.9090909090909091,3240,1.0,10.0,10.0,10.0,0.9090909090909091,0.9090909090909091,0.9090909090909091,4824,1.0,9.999999557949407,10.0,10.000000536441691,0.9090909054375983,0.9090909090909091,0.9090909135243113
20,0.3333333333333333,True,valid,0.004691583652803467,0.0024824016688034583,0.010847298637123838,1.1705220355323707,1.1705476564758037,0.00021698589559676518,1.1762122891376319,0.0029896875322839448,0.08320750241762837,0.00013352621388491005,1585.0,2.760720535622614,2.6101070337590946e-06,0,15504,0.07532086223363876,148,0.0,3240,1.0,10.0,10.0,10.0,0.9090909090909091,0.9090909090909091,0.9090909090909091,3240,1.0,10.0,10.0,10.0,0.9090909090909091,0.9090909090909091,0.9090909090909091,4824,1.0,9.999999557949407,10.0,10.000000536441691,0.9090909054375983,0.9090909090909091,0.9090909135243113
21,0.35,True,valid,0.00482085348835312,0.0025652544695901774,0.01271360089652659,1.1959445214951392,1.196010071886791,0.001458841370999893,1.2412801424085675,0.009798911030720798,0.46153581574007846,0.00013027644158779207,1585.0,5.433674083587036,2.602493602556353e-06,0,15504,0.07291319966316223,153,0.0,3240,1.0,10.0,10.0,10.0,0.9090909090909091,0.9090909090909091,0.9090909090909091,3240,1.0,10.0,10.0,10.0,0.9090909090909091,0.9090909090909091,0.9090909090909091,4824,1.0,9.999999557949407,10.0,10.000000536441691,0.9090909054375983,0.9090909090909091,0.9090909135243113
22,0.36666666666666664,True,valid,0.005005394202850225,0.002970007962754945,0.014808413879306608,1.2512420908554687,1.2513203103575907,0.0014359959235819382,1.295834227205055,0.008405893621623776,0.4096594298480322,0.00012919171965880205,1585.0,3.8652112087242414,2.628140707297563e-06,0,15504,0.07289838045835495,159,0.0,3240,1.0,10.0,10.0,10.0,0.9090909090909091,0.9090909090909091,0.9090909090909091,3240,1.0,10.0,10.0,10.0,0.9090909090909091,0.9090909090909091,0.9090909090909091,4824,1.0,9.999999557949407,10.0,10.000000536441691,0.9090909054375983,0.9090909090909091,0.9090909135243113
23,0.38333333333333336,True,valid,0.005320443031525381,0.0036942858706306204,0.015861353103087002,1.3424395144676324,1.3424555512214174,0.0003365031448047868,1.3935574951287482,0.0034112405321321845,0.31613969706399053,0.00013515916287938808,1585.0,3.4630353906261533,2.7528002609526184e-06,0,15506,0.07260958105325699,167,0.0,3240,1.0,10.0,10.0,10.0,0.9090909090909091,0.9090909090909091,0.9090909090909091,3240,1.0,10.0,10.0,10.0,0.9090909090909091,0.9090909090909091,0.9090909090909091,4824,1.0,9.999999557949407,10.0,10.000000536441691,0.9090909054375983,0.9090909090909091,0.9090909135243113
24,0.4,True,valid,0.0054451235422560895,0.004336202248414575,0.01559514966734655,1.396728719937808,1.3967507291533106,0.00017877892817425267,1.4430368466182004,0.008633191767282366,0.30926763481455677,0.00014133229657324907,1585.0,3.3406824653187877,2.8817470231453922e-06,0,15512,0.07192587107419968,169,0.0,3240,1.0,10.0,10.0,10.0,0.9090909090909091,0.9090909090909091,0.9090909090909091,3240,1.0,10.0,10.0,10.0,0.9090909090909091,0.9090909090909091,0.9090909090909091,4824,1.0,9.999999557949407,10.0,10.000000536441691,0.9090909054375983,0.9090909090909091,0.9090909135243113
25,0.4166666666666667,True,valid,0.005116248080288274,0.0045438388445402916,0.014821511494483037,1.3522351605177434,1.3522555450285678,0.0005320942625285411,1.3732246656802178,0.009462649220828448,0.15866254345407166,0.00013834601541560536,1585.0,4.6931364456219375,2.7987700148143744e-06,0,15512,0.07135973125696182,169,0.0,3240,1.0,10.0,10.0,10.0,0.9090909090909091,0.9090909090909091,0.9090909090909091,3240,1.0,10.0,10.0,10.0,0.9090909090909091,0.9090909090909091,0.9090909090909091,4824,1.0,9.999999557949407,10.0,10.000000536441691,0.9090909054375983,0.9090909090909091,0.9090909135243113
26,0.43333333333333335,True,valid,0.00459495729990598,0.004196266493385063,0.014019941328431505,1.2331610829236364,1.2331856379903292,0.00031288925025981684,1.2967265939202652,0.028095000740403983,0.3828279018901566,0.00012787349056606582,1585.0,4.048105114854044,2.5479906218498127e-06,0,15505,0.07033747434616089,174,0.0,3240,1.0,10.0,10.0,10.0,0.9090909090909091,0.9090909090909091,0.9090909090909091,3240,1.0,10.0,10.0,10.0,0.9090909090909091,0.9090909090909091,0.9090909090909091,4824,1.0,9.999999557949407,10.0,10.000000536441691,0.9090909054375983,0.9090909090909091,0.9090909135243113
27,0.45,True,valid,0.004392582176319048,0.0035679597797037862,0.012973866595907818,1.1677178702397346,1.1677425874781644,0.00020563039571385743,1.1863712554596881,0.002875162162853141,0.1605936160580311,0.00012573050781298492,1585.0,2.525427549918921,2.4769773471356776e-06,0,15504,0.06968412548303604,178,0.0,3240,1.0,10.0,10.0,10.0,0.9090909090909091,0.9090909090909091,0.9090909090909091,3240,1.0,10.0,10.0,10.0,0.9090909090909091,0.9090909090909091,0.9090909090909091,4824,1.0,9.999999557949407,10.0,10.000000536441691,0.9090909054375983,0.9090909090909091,0.9090909135243113
28,0.4666666666666667,True,valid,0.004589681559763372,0.003040350673610327,0.011882930080318299,1.1820326123866425,1.1820561398717875,0.0001694001953329247,1.2040267482504683,0.005872503330113086,0.2088703778345639,0.00013050397090193163,1585.0,2.6920454995537506,2.5666743466732983e-06,0,15504,0.0701877698302269,181,0.0,3240,1.0,10.0,10.0,10.0,0.9090909090909091,0.9090909090909091,0.9090909090909091,3240,1.0,10.0,10.0,10.0,0.9090909090909091,0.9090909090909091,0.9090909090909091,4824,1.0,9.999999557949407,10.0,10.000000536441691,0.9090909054375983,0.9090909090909091,0.9090909135243113
29,0.48333333333333334,True,valid,0.0048559856700913055,0.0028097814773183497,0.01153305241698476,1.2087268822563877,1.2087511594594222,0.00019962398676846526,1.2200435540882324,0.005698375838355739,0.12164156063664437,0.00013470603256535014,1585.0,2.796403706358552,2.656940021673934e-06,0,15504,0.0708073079586029,179,0.0,3240,1.0,10.0,10.0,10.0,0.9090909090909091,0.9090909090909091,0.9090909090909091,3240,1.0,10.0,10.0,10.0,0.9090909090909091,0.9090909090909091,0.9090909090909091,4824,1.0,9.999999557949407,10.0,10.000000536441691,0.9090909054375983,0.9090909090909091,0.9090909135243113
30,0.5,True,valid,0.004924834705616968,0.002749995006819893,0.012369282516151344,1.2056115064509874,1.2056369205718551,0.0002239275672138139,1.227539509032944,0.00514165817263208,0.18081427308615783,0.00013238281602241046,1585.0,2.7157729947817546,2.6243905056970154e-06,0,15504,0.0715448334813118,179,0.0,3240,1.0,10.0,10.0,10.0,0.9090909090909091,0.9090909090909091,0.9090909090909091,3240,1.0,10.0,10.0,10.0,0.9090909090909091,0.9090909090909091,0.9090909090909091,4824,1.0,9.999999557949407,10.0,10.000000536441691,0.9090909054375983,0.9090909090909091,0.9090909135243113
31,0.5166666666666667,True,valid,0.004947899494044069,0.0027963184266460847,0.013640890139470315,1.2199066478666905,1.2199382988914265,0.0005653559755786477,1.238085061048024,0.0028032394548654104,0.1809259315130437,0.00012980237550256843,1585.0,2.837660932064387,2.5922732022414435e-06,0,15504,0.07217077910900116,179,0.0,3240,1.0,10.0,10.0,10.0,0.9090909090909091,0.9090909090909091,0.9090909090909091,3240,1.0,10.0,10.0,10.0,0.9090909090909091,0.9090909090909091,0.9090909090909091,4824,1.0,9.999999557949407,10.0,10.000000536441691,0.9090909054375983,0.9090909090909091,0.9090909135243113
32,0.5333333333333333,True,valid,0.005045642332495295,0.003045610331120921,0.014412227654935453,1.2631411741974086,1.2631366677525886,0.001094353555724402,1.2885037778774966,0.004933960349539344,0.1744466301861151,0.0001321819331017844,1585.0,2.9824062263267965,2.662380422855248e-06,0,15504,0.0724472627043724,178,0.0,3240,1.0,10.0,10.0,10.0,0.9090909090909091,0.9090909090909091,0.9090909090909091,3240,1.0,10.0,10.0,10.0,0.9090909090909091,0.9090909090909091,0.9090909090909091,4824,1.0,9.999999557949407,10.0,10.000000536441691,0.9090909054375983,0.9090909090909091,0.9090909135243113
33,0.55,True,valid,0.005072740764672604,0.00354105242551784,0.014483334448785039,1.2880637659818053,1.2880846767836767,0.0001865030858334338,1.3273106273710265,0.003929057929842914,0.27350890880354656,0.00013459999529947603,1585.0,2.9227955453477223,2.7032464463828216e-06,0,15504,0.07234540581703186,177,0.0,3240,1.0,10.0,10.0,10.0,0.9090909090909091,0.9090909090909091,0.9090909090909091,3240,1.0,10.0,10.0,10.0,0.9090909090909091,0.9090909090909091,0.9090909090909091,4824,1.0,9.999999557949407,10.0,10.000000536441691,0.9090909054375983,0.9090909090909091,0.9090909135243113
34,0.5666666666666667,True,valid,0.004922472011478096,0.004030525486466716,0.014155669781579087,1.2820586498135922,1.2820586895222321,0.0010218986316408232,1.3101637662635974,0.0033351728915714286,0.2194933565197402,0.0001344827123224539,1585.0,2.8201818045591835,2.7027062234696524e-06,0,15504,0.07195038348436356,177,0.0,3240,1.0,10.0,10.0,10.0,0.9090909090909091,0.9090909090909091,0.9090909090909091,3240,1.0,10.0,10.0,10.0,0.9090909090909091,0.9090909090909091,0.9090909090909091,4824,1.0,9.999999557949407,10.0,10.000000536441691,0.9090909054375983,0.9090909090909091,0.9090909135243113
35,0.5833333333333334,True,valid,0.004705574081479087,0.004224092968954103,0.013887929448108408,1.2422173211725127,1.2422318366535845,0.0002576543119045827,1.2754664096574795,0.004053416024869807,0.2538424482943963,0.00013076967612940448,1585.0,2.734706233019373,2.6099092633573476e-06,0,15504,0.07134824246168137,177,0.0,3240,1.0,10.0,10.0,10.0,0.9090909090909091,0.9090909090909091,0.9090909090909091,3240,1.0,10.0,10.0,10.0,0.9090909090909091,0.9090909090909091,0.9090909090909091,4824,1.0,9.999999557949407,10.0,10.000000536441691,0.9090909054375983,0.9090909090909091,0.9090909135243113
36,0.6,True,valid,0.004655713026689756,0.004049924644053074,0.013731343677453706,1.2317423827532494,1.2317634666945212,0.00020931904957831627,1.2543584643890886,0.002615029883854543,0.1881807777904116,0.00013020755268470906,1585.0,2.617239684347149,2.5900676001348593e-06,0,15504,0.0708502009510994,177,0.0,3240,1.0,10.0,10.0,10.0,0.9090909090909091,0.9090909090909091,0.9090909090909091,3240,1.0,10.0,10.0,10.0,0.9090909090909091,0.9090909090909091,0.9090909090909091,4824,1.0,9.999999557949407,10.0,10.000000536441691,0.9090909054375983,0.9090909090909091,0.9090909135243113
37,0.6166666666666667,True,valid,0.00478788506646723,0.0036173017812802287,0.01349088773112991,1.2455524934493012,1.2455502925544415,0.0005766745551828028,1.2552893720302989,0.0017567806870550477,0.11257456501223963,0.0001321856605224311,1585.0,2.990986770950458,2.6341090000838177e-06,0,15504,0.07044725120067596,177,0.0,3240,1.0,10.0,10.0,10.0,0.9090909090909091,0.9090909090909091,0.9090909090909091,3240,1.0,10.0,10.0,10.0,0.9090909090909091,0.9090909090909091,0.9090909090909091,4824,1.0,9.999999557949407,10.0,10.000000536441691,0.9090909054375983,0.9090909090909091,0.9090909135243113
38,0.6333333333333333,True,valid,0.004945214043859831,0.0031630847423072105,0.013184287606970196,1.2360613510661154,1.2360832078912947,0.0002299828845688954,1.2665955544127885,0.006204287524270092,0.23860498208680483,0.00013333357189608753,1585.0,2.8031494469975926,2.653296885525601e-06,0,15504,0.07035407423973083,177,0.0,3240,1.0,10.0,10.0,10.0,0.9090909090909091,0.9090909090909091,0.9090909090909091,3240,1.0,10.0,10.0,10.0,0.9090909090909091,0.9090909090909091,0.9090909090909091,4824,1.0,9.999999557949407,10.0,10.000000536441691,0.9090909054375983,0.9090909090909091,0.9090909135243113
39,0.65,True,valid,0.004993673356015574,0.0028876360782562997,0.013048453153716324,1.2134836993227394,1.2135072353017549,0.00019031758578472434,1.237542297692579,0.002863021335909825,0.20297794091662483,0.00013201567084814155,1585.0,2.795054015919371,2.6288078038896385e-06,0,15504,0.07052451372146606,178,0.0,3240,1.0,10.0,10.0,10.0,0.9090909090909091,0.9090909090909091,0.9090909090909091,3240,1.0,10.0,10.0,10.0,0.9090909090909091,0.9090909090909091,0.9090909090909091,4824,1.0,9.999999557949407,10.0,10.000000536441691,0.9090909054375983,0.9090909090909091,0.9090909135243113
40,0.6666666666666666,True,valid,0.004970574943491902,0.0027823434788095754,0.013103650375397647,1.2039846193705537,1.2040032193583525,0.00019609363562363597,1.228313023015574,0.004407906330852389,0.19963165265789698,0.00013060840343613505,1585.0,2.684185996999113,2.599736960514012e-06,0,15504,0.07084953784942627,176,0.0,3240,1.0,10.0,10.0,10.0,0.9090909090909091,0.9090909090909091,0.9090909090909091,3240,1.0,10.0,10.0,10.0,0.9090909090909091,0.9090909090909091,0.9090909090909091,4824,1.0,9.999999557949407,10.0,10.000000536441691,0.9090909054375983,0.9090909090909091,0.9090909135243113
41,0.6833333333333333,True,valid,0.0049277481376575755,0.0028270591992197594,0.013137257412107348,1.2180023203894468,1.2180209859599438,0.00020575703239925544,1.2435198169671924,0.0018037335912128509,0.2115149232075375,0.00013193979123100994,1585.0,2.7130611353991743,2.6245661863961444e-06,0,15504,0.07121525704860687,177,0.0,3240,1.0,10.0,10.0,10.0,0.9090909090909091,0.9090909090909091,0.9090909090909091,3240,1.0,10.0,10.0,10.0,0.9090909090909091,0.9090909090909091,0.9090909090909091,4824,1.0,9.999999557949407,10.0,10.000000536441691,0.9090909054375983,0.9090909090909091,0.9090909135243113
42,0.7,True,valid,0.004833784508070733,0.0031461367875652672,0.013003727546515078,1.2344718433526758,1.234495497381241,0.00019892164929879262,1.2587780661694528,0.0009367584677479256,0.19822698469439076,0.00013270289555076671,1585.0,2.745436595809944,2.6383290761629774e-06,0,15504,0.07150285691022873,177,0.0,3240,1.0,10.0,10.0,10.0,0.9090909090909091,0.9090909090909091,0.9090909090909091,3240,1.0,10.0,10.0,10.0,0.9090909090909091,0.9090909090909091,0.9090909090909091,4824,1.0,9.999999557949407,10.0,10.000000536441691,0.9090909054375983,0.9090909090909091,0.9090909135243113
43,0.7166666666666667,True,valid,0.0047038404448308925,0.0036382771749962424,0.012759421830137873,1.236551692919962,1.2365696776964914,0.00022232048905623493,1.2608766864813918,0.0018089784792590302,0.2068410421162746,0.00013254781045054603,1585.0,2.76048254874279,2.6323459260734705e-06,0,15504,0.0716288834810257,176,0.0,3240,1.0,10.0,10.0,10.0,0.9090909090909091,0.9090909090909091,0.9090909090909091,3240,1.0,10.0,10.0,10.0,0.9090909090909091,0.9090909090909091,0.9090909090909091,4824,1.0,9.999999557949407,10.0,10.000000536441691,0.9090909054375983,0.9090909090909091,0.9090909135243113
44,0.7333333333333333,True,valid,0.004606325425444234,0.003976847560344722,0.012693561062997648,1.2255682817391331,1.2255934865137643,0.0002146731745185614,1.2628502645055566,0.002460745725236238,0.28124566404696866,0.00013122252603324703,1585.0,2.6970475452155553,2.602825652280276e-06,0,15504,0.07155579328536987,176,0.0,3240,1.0,10.0,10.0,10.0,0.9090909090909091,0.9090909090909091,0.9090909090909091,3240,1.0,10.0,10.0,10.0,0.9090909090909091,0.9090909090909091,0.9090909090909091,4824,1.0,9.999999557949407,10.0,10.000000536441691,0.9090909054375983,0.9090909090909091,0.9090909135243113
45,0.75,True,valid,0.0046238737347385,0.003986990773876613,0.013009088368994646,1.221854410334852,1.221876402155978,0.00020584725810791145,1.2631810390733595,0.002621193890095754,0.2979899453798863,0.00013093510252114028,1585.0,2.7248344812589695,2.596296980204871e-06,0,15504,0.0713215097784996,176,0.0,3240,1.0,10.0,10.0,10.0,0.9090909090909091,0.9090909090909091,0.9090909090909091,3240,1.0,10.0,10.0,10.0,0.9090909090909091,0.9090909090909091,0.9090909090909091,4824,1.0,9.999999557949407,10.0,10.000000536441691,0.9090909054375983,0.9090909090909091,0.9090909135243113
46,0.7666666666666667,True,valid,0.004760703239570171,0.003720305022247249,0.01360936239918263,1.2295737503935626,1.2295994817267981,0.00047442078195985345,1.2692519678528016,0.005456138684015338,0.28267927558274847,0.00013139900341888126,1585.0,2.7094498187843854,2.614154581389465e-06,0,15504,0.07095444202423096,178,0.0,3240,1.0,10.0,10.0,10.0,0.9090909090909091,0.9090909090909091,0.9090909090909091,3240,1.0,10.0,10.0,10.0,0.9090909090909091,0.9090909090909091,0.9090909090909091,4824,1.0,9.999999557949407,10.0,10.000000536441691,0.9090909054375983,0.9090909090909091,0.9090909135243113
47,0.7833333333333333,True,valid,0.004963880261024666,0.003388812195581419,0.01416952713439037,1.2375617673350154,1.237582625615881,0.00018661429964941575,1.2593126949986329,0.0016272730444009693,0.1887092532869913,0.00013192360204580995,1585.0,2.727886242079247,2.6341205869168867e-06,0,15509,0.07065895944833755,177,0.0,3240,1.0,10.0,10.0,10.0,0.9090909090909091,0.9090909090909091,0.9090909090909091,3240,1.0,10.0,10.0,10.0,0.9090909090909091,0.9090909090909091,0.9090909090909091,4824,1.0,9.999999557949407,10.0,10.000000536441691,0.9090909054375983,0.9090909090909091,0.9090909135243113
48,0.8,True,valid,0.005152339712943066,0.003191059635933531,0.014418884723747517,1.251951550966073,1.2519733112400002,0.00019530675619374303,1.2695738956023708,0.0011235410640322476,0.15845889919404563,0.00013276013725418208,1585.0,2.8346713053206853,2.6655457612731986e-06,0,15512,0.07051065564155579,177,0.0,3240,1.0,10.0,10.0,10.0,0.9090909090909091,0.9090909090909091,0.9090909090909091,3240,1.0,10.0,10.0,10.0,0.9090909090909091,0.9090909090909091,0.9090909090909091,4824,1.0,9.999999557949407,10.0,10.000000536441691,0.9090909054375983,0.9090909090909091,0.9090909135243113
49,0.8166666666666667,True,valid,0.005227740175818945,0.003099559021091059,0.014260545616943223,1.2564532430097644,1.2564788495635186,0.00026825913343880246,1.2754691724113476,0.001539982895991626,0.1608718418090589,0.00013326274307766647,1585.0,2.9133275882669403,2.6820608012478526e-06,0,15512,0.07059535384178162,176,0.0,3240,1.0,10.0,10.0,10.0,0.9090909090909091,0.9090909090909091,0.9090909090909091,3240,1.0,10.0,10.0,10.0,0.9090909090909091,0.9090909090909091,0.9090909090909091,4824,1.0,9.999999557949407,10.0,10.000000536441691,0.9090909054375983,0.9090909090909091,0.9090909135243113
50,0.8333333333333334,True,valid,0.0051314112827831,0.0030207974949878953,0.013747219302233209,1.2460893284489338,1.246112677853863,0.00018958038561859506,1.2637664985599149,0.0018204125561962791,0.14855509042022422,0.0001330656373627458,1585.0,2.8174903498927955,2.667267623194376e-06,0,15512,0.07087450474500656,176,0.0,3240,1.0,10.0,10.0,10.0,0.9090909090909091,0.9090909090909091,0.9090909090909091,3240,1.0,10.0,10.0,10.0,0.9090909090909091,0.9090909090909091,0.9090909090909091,4824,1.0,9.999999557949407,10.0,10.000000536441691,0.9090909054375983,0.9090909090909091,0.9090909135243113
51,0.85,True,valid,0.004896266727869958,0.00303238152144988,0.013025332346251866,1.2233804425385464,1.2234061319171192,0.0002484867612531743,1.2402723444133208,0.002041261426441082,0.16018125761700083,0.0001318845741190601,1585.0,2.75923391499772,2.6273154225279756e-06,0,15504,0.07121288776397705,174,0.0,3240,1.0,10.0,10.0,10.0,0.9090909090909091,0.9090909090909091,0.9090909090909091,3240,1.0,10.0,10.0,10.0,0.9090909090909091,0.9090909090909091,0.9090909090909091,4824,1.0,9.999999557949407,10.0,10.000000536441691,0.9090909054375983,0.9090909090909091,0.9090909135243113
52,0.8666666666666667,True,valid,0.0046355104719470195,0.0032638497658677426,0.012261547395661241,1.211831964852073,1.2117993687124735,0.002082055427424951,1.271527131438026,0.010429195756774836,0.4456542212020802,0.00013099015125260575,1585.0,3.600435247069857,2.623346214541012e-06,0,15504,0.07150115817785263,175,0.0,3240,1.0,10.0,10.0,10.0,0.9090909090909091,0.9090909090909091,0.9090909090909091,3240,1.0,10.0,10.0,10.0,0.9090909090909091,0.9090909090909091,0.9090909090909091,4824,1.0,9.999999557949407,10.0,10.000000536441691,0.9090909054375983,0.9090909090909091,0.9090909135243113
53,0.8833333333333333,True,valid,0.004456392299464624,0.0035867269825777225,0.011763797297135793,1.194121383904663,1.1940289001500137,0.0022989710725675517,1.227386831156168,0.006649166890030227,0.21212188212340757,0.00013001268096006412,1585.0,2.7385243466826257,2.5873640608094082e-06,0,15504,0.07166240364313126,176,0.0,3240,1.0,10.0,10.0,10.0,0.9090909090909091,0.9090909090909091,0.9090909090909091,3240,1.0,10.0,10.0,10.0,0.9090909090909091,0.9090909090909091,0.9090909090909091,4824,1.0,9.999999557949407,10.0,10.000000536441691,0.9090909054375983,0.9090909090909091,0.9090909135243113
54,0.9,True,valid,0.0044445230100848485,0.003766125755486835,0.011742060180524705,1.1923082905242133,1.1923195196282903,0.0004912579890758073,1.2146695230317666,0.002131647717746388,0.20201824824177203,0.00012988020446566366,1585.0,2.663708210861103,2.560978025498205e-06,0,15504,0.07154735177755356,176,0.0,3240,1.0,10.0,10.0,10.0,0.9090909090909091,0.9090909090909091,0.9090909090909091,3240,1.0,10.0,10.0,10.0,0.9090909090909091,0.9090909090909091,0.9090909090909091,4824,1.0,9.999999557949407,10.0,10.000000536441691,0.9090909054375983,0.9090909090909091,0.9090909135243113
55,0.9166666666666666,True,valid,0.004590709989938857,0.0037025879264739815,0.012255956299821145,1.2102328363574222,1.2102535962350878,0.0003968846365486663,1.2300526266092882,0.002430940225501851,0.1795460352020909,0.000131033673661283,1585.0,2.6781318229955584,2.5959817146173906e-06,0,15504,0.07118429988622665,176,0.0,3240,1.0,10.0,10.0,10.0,0.9090909090909091,0.9090909090909091,0.9090909090909091,3240,1.0,10.0,10.0,10.0,0.9090909090909091,0.9090909090909091,0.9090909090909091,4824,1.0,9.999999557949407,10.0,10.000000536441691,0.9090909054375983,0.9090909090909091,0.9090909135243113
56,0.9333333333333333,True,valid,0.004816801558738001,0.003488561951646637,0.01318912839485185,1.227959605917058,1.2279824782033786,0.00018671966524823986,1.2512117966481764,0.0021543009271724955,0.2037524972859899,0.0001314792639063091,1585.0,2.746576545936437,2.6214873450372707e-06,0,15504,0.0708051398396492,176,0.0,3240,1.0,10.0,10.0,10.0,0.9090909090909091,0.9090909090909091,0.9090909090909091,3240,1.0,10.0,10.0,10.0,0.9090909090909091,0.9090909090909091,0.9090909090909091,4824,1.0,9.999999557949407,10.0,10.000000536441691,0.9090909054375983,0.9090909090909091,0.9090909135243113
57,0.95,True,valid,0.005060059847056176,0.0033072109688948924,0.014108551476589824,1.254436670621743,1.2544551142674056,0.00037612827479154893,1.2723687183845576,0.0022368672879519752,0.15069927066072453,0.00013237680289291607,1585.0,2.9040873452488474,2.6602184552261825e-06,0,15506,0.07052935659885406,176,0.0,3240,1.0,10.0,10.0,10.0,0.9090909090909091,0.9090909090909091,0.9090909090909091,3240,1.0,10.0,10.0,10.0,0.9090909090909091,0.9090909090909091,0.9090909090909091,4824,1.0,9.999999557949407,10.0,10.000000536441691,0.9090909054375983,0.9090909090909091,0.9090909135243113
58,0.9666666666666667,True,valid,0.0052295650242665664,0.0032222606295162527,0.01459145103985721,1.2660739173685147,1.2660952025783332,0.00019146625897853623,1.2906556244688154,0.0016495764799996685,0.20079239828813564,0.00013327070267448671,1585.0,2.962938155747461,2.6867206168849888e-06,0,15512,0.07047252357006073,173,0.0,3240,1.0,10.0,10.0,10.0,0.9090909090909091,0.9090909090909091,0.9090909090909091,3240,1.0,10.0,10.0,10.0,0.9090909090909091,0.9090909090909091,0.9090909090909091,4824,1.0,9.999999557949407,10.0,10.000000536441691,0.9090909054375983,0.9090909090909091,0.9090909135243113
59,0.9833333333333333,True,valid,0.005233539966995473,0.00315814127410652,0.014504838588946228,1.2616564496749072,1.2616796469232303,0.00019446637602558826,1.2831851515057153,0.0020102813275000822,0.18090845050511992,0.00013326867633751537,1585.0,2.9037692553887298,2.6831408896490125e-06,0,15512,0.07061848044395447,172,0.0,3240,1.0,10.0,10.0,10.0,0.9090909090909091,0.9090909090909091,0.9090909090909091,3240,1.0,10.0,10.0,10.0,0.9090909090909091,0.9090909090909091,0.9090909090909091,4824,1.0,9.999999557949407,10.0,10.000000536441691,0.9090909054375983,0.9090909090909091,0.9090909135243113
60,1.0,True,valid,0.0050670431076556026,0.0031059404318995254,0.013972743420196746,1.236865381076095,1.2368855031176713,0.00028015856385180305,1.261935439742653,0.002091462025521853,0.22119226564500663,0.00013196951314365117,1585.0,2.759820124065748,2.6455956701932297e-06,0,15512,0.07089374214410782,172,0.0,3240,1.0,10.0,10.0,10.0,0.9090909090909091,0.9090909090909091,0.9090909090909091,3240,1.0,10.0,10.0,10.0,0.9090909090909091,0.9090909090909091,0.9090909090909091,4824,1.0,9.999999557949407,10.0,10.000000536441691,0.9090909054375983,0.9090909090909091,0.9090909135243113
61,1.0166666666666666,True,valid,0.004832309255161073,0.0031786856452975408,0.013203363168211893,1.2172975052010382,1.2173214668318943,0.00020119415243248243,1.2346523525207298,0.0037331417435395578,0.16501066378028817,0.00013095190333594486,1585.0,2.7003062422803414,2.606071258586304e-06,0,15509,0.07116512954235077,171,3.448803909122944e-09,3240,1.0,10.0,10.0,10.0,0.9090909090909091,0.9090909090909091,0.9090909090909091,3240,1.0,10.0,10.0,10.0,0.9090909090909091,0.9090909090909091,0.9090909090909091,4824,1.0,9.999999557949407,10.0,10.000000536441691,0.9090909054375983,0.9090909090909091,0.9090909135243113
62,1.0333333333333334,True,valid,0.004650445469729811,0.003427542815856703,0.012541154507814746,1.2527764138332187,1.2527220200143403,0.0022174836980115987,1.3297336945803893,0.015905109533002997,0.5059793735442043,0.0001330141386172799,1585.0,3.56151532090869,2.6661592342653946e-06,0,15628,0.0713445171713829,170,1.7462298274040222e-09,3240,1.0,10.0,10.0,10.0,0.9090909090909091,0.9090909090909091,0.9090909090909091,3240,1.0,10.0,10.0,10.0,0.9090909090909091,0.9090909090909091,0.9090909090909091,4824,1.0,9.999999557949407,10.0,10.000000536441691,0.9090909054375983,0.9090909090909091,0.9090909135243113
63,1.05,True,valid,0.004618620091153257,0.003714211874780744,0.01227323565457066,1.318413585529831,1.318425728449588,0.0013575724595371122,1.3288424300266028,0.01415640749861979,0.10161189912238072,0.00013739999275631933,1585.0,3.6751509830523554,2.7166332275725078e-06,0,15654,0.07129320502281189,170,3.026798367500305e-09,3240,1.0,10.0,10.0,10.0,0.9090909090909091,0.9090909090909091,0.9090909090909091,3240,1.0,10.0,10.0,10.0,0.9090909090909091,0.9090909090909091,0.9090909090909091,4824,1.0,9.999999557949407,10.0,10.000000536441691,0.9090909054375983,0.9090909090909091,0.9090909135243113
64,1.0666666666666667,True,valid,0.004748408379578097,0.0038811930051964303,0.012566105822790762,1.4100876674717024,1.4101583169639584,0.000262949076079764,1.4268733433823033,0.01916785170460188,0.17696083338788424,0.0001426483279653952,1585.0,4.354785681314171,2.803494460264784e-06,0,15688,0.07096795737743378,173,2.3283064365386963e-09,3240,1.0,10.0,10.0,10.0,0.9090909090909091,0.9090909090909091,0.9090909090909091,3240,1.0,10.0,10.0,10.0,0.9090909090909091,0.9090909090909091,0.9090909090909091,4824,1.0,9.999999557949407,10.0,10.000000536441691,0.9090909054375983,0.9090909090909091,0.9090909135243113
65,1.0833333333333333,True,valid,0.005002387791073754,0.003925314764600891,0.013262661773376146,1.521989393447036,1.5220534552361087,0.0012027836196446735,1.5373431166361464,0.02374350779487969,0.15097274949548395,0.00014924191513569817,1585.0,4.993035027814038,2.9442012686854496e-06,0,15745,0.07001296430826187,174,2.7939677238464355e-09,3240,1.0,10.0,10.0,10.0,0.9090909090909091,0.9090909090909091,0.9090909090909091,3240,1.0,10.0,10.0,10.0,0.9090909090909091,0.9090909090909091,0.9090909090909091,4824,1.0,9.999999557949407,10.0,10.000000536441691,0.9090909054375983,0.9090909090909091,0.9090909135243113
66,1.1,True,valid,0.005299370736024759,0.0039197569435690145,0.014083404830323082,1.640617529587886,1.6406892114364922,0.001513641776742999,1.6604732874572967,0.02802966910678565,0.18661723770858613,0.00015630136666438152,1585.0,5.808507848714524,3.0921346879651853e-06,0,15807,0.0685129314661026,173,3.259629011154175e-09,3240,1.0,10.0,10.0,10.0,0.9090909090909091,0.9090909090909091,0.9090909090909091,3240,1.0,10.0,10.0,10.0,0.9090909090909091,0.9090909090909091,0.9090909090909091,4824,1.0,9.999999557949407,10.0,10.000000536441691,0.9090909054375983,0.9090909090909091,0.9090909135243113
67,1.1166666666666667,True,valid,0.0055361528986213595,0.0039045958645507754,0.014655831239035735,1.7490561643975993,1.749194528416141,0.00033727784044930664,1.768481473916399,0.03193217122024813,0.20263557361010118,0.0001640058203074862,1585.0,6.498066796999489,3.2193443128681245e-06,0,15862,0.06647765636444092,173,2.7939677238464355e-09,3240,1.0,10.0,10.0,10.0,0.9090909090909091,0.9090909090909091,0.9090909090909091,3240,1.0,10.0,10.0,10.0,0.9090909090909091,0.9090909090909091,0.9090909090909091,4824,1.0,9.999999557949407,10.0,10.000000536441691,0.9090909054375983,0.9090909090909091,0.9090909135243113
68,1.1333333333333333,True,valid,0.0055998221563717835,0.0038565110273846826,0.014790982229340064,1.8426758981304658,1.8428337105092507,0.0003504565244860102,1.8620920251104383,0.03530346207547538,0.2060993069781275,0.00017088883563266106,1585.0,7.107767870327738,3.345778193107531e-06,0,15889,0.06390240788459778,172,3.725290298461914e-09,3240,1.0,10.0,10.0,10.0,0.9090909090909091,0.9090909090909091,0.9090909090909091,3240,1.0,10.0,10.0,10.0,0.9090909090909091,0.9090909090909091,0.9090909090909091,4824,1.0,9.999999557949407,10.0,10.000000536441691,0.9090909054375983,0.9090909090909091,0.9090909135243113
69,1.15,True,valid,0.005455933514484167,0.0037393401191731924,0.014516391633361702,1.9096760901546532,1.9098123385632373,0.0014159281594905055,1.9264854414818813,0.03824784206766775,0.17749934196427788,0.00017577490071243125,1585.0,7.45375485329132,3.4432946714014106e-06,0,15917,0.06083062291145325,173,2.7939677238464355e-09,3240,1.0,10.0,10.0,10.0,0.9090909090909091,0.9090909090909091,0.9090909090909091,3240,1.0,10.0,10.0,10.0,0.9090909090909091,0.9090909090909091,0.9090909090909091,4824,1.0,9.999999557949407,10.0,10.000000536441691,0.9090909054375983,0.9090909090909091,0.9090909135243113
70,1.1666666666666667,True,valid,0.00518312490801143,0.0037224576423646044,0.014010381247808184,1.9527391568748855,1.9529296068679582,0.0003990302589178547,1.9689816710813521,0.04046697899329976,0.1958951378583529,0.00017976001188750812,1585.0,7.534556284219181,3.4859377020119086e-06,0,15930,0.05781774967908859,173,6.51925802230835e-09,3240,1.0,10.0,10.0,10.0,0.9090909090909091,0.9090909090909091,0.9090909090909091,3240,1.0,10.0,10.0,10.0,0.9090909090909091,0.9090909090909091,0.9090909090909091,4824,1.0,9.999999557949407,10.0,10.000000536441691,0.9090909054375983,0.9090909090909091,0.9090909135243113
71,1.1833333333333333,True,valid,0.004928214680004417,0.004009202063227574,0.013528449058288943,1.9862166752054056,1.9864149515755467,0.00043559287541303075,2.0019244090553245,0.04203035786352727,0.1967987532504594,0.0001833917226025523,1585.0,7.749003978402445,3.5344688867321234e-06,0,15921,0.059609342366456985,170,5.587935447692871e-09,3240,1.0,10.0,10.0,10.0,0.9090909090909091,0.9090909090909091,0.9090909090909091,3240,1.0,10.0,10.0,10.0,0.9090909090909091,0.9090909090909091,0.9090909090909091,4824,1.0,9.999999557949407,10.0,10.000000536441691,0.9090909054375983,0.9090909090909091,0.9090909135243113
72,1.2,True,valid,0.004834760219026027,0.0045646797348270814,0.013303087961548228,2.010873857226719,2.011074101618023,0.0005541333319684607,2.020180683767574,0.04267980866165867,0.11386852977788922,0.00018553994763030344,1585.0,7.889885193951541,3.570842718735955e-06,0,15897,0.0637882873415947,170,5.587935447692871e-09,3240,1.0,10.0,10.0,10.0,0.9090909090909091,0.9090909090909091,0.9090909090909091,3240,1.0,10.0,10.0,10.0,0.9090909090909091,0.9090909090909091,0.9090909090909091,4824,1.0,9.999999557949407,10.0,10.000000536441691,0.9090909054375983,0.9090909090909091,0.9090909135243113
73,1.2166666666666666,True,valid,0.004969993810760832,0.005186095347831047,0.01337702508655596,2.0184135222648543,2.018619151201685,0.0009704398636078176,2.0356318823173756,0.04284381683674178,0.26427036497636636,0.00018640405924119603,1585.0,7.9683635858714945,3.592990745950532e-06,0,15901,0.0679003968834877,169,1.862645149230957e-09,3240,1.0,10.0,10.0,10.0,0.9090909090909091,0.9090909090909091,0.9090909090909091,3240,1.0,10.0,10.0,10.0,0.9090909090909091,0.9090909090909091,0.9090909090909091,4824,1.0,9.999999557949407,10.0,10.000000536441691,0.9090909054375983,0.9090909090909091,0.9090909135243113
74,1.2333333333333334,True,valid,0.005264595764830058,0.005702354392381491,0.013687025803651538,2.0064418535129716,2.006637007944087,0.0004059102096511698,2.0195687677334817,0.04188951675536401,0.18335483974284328,0.00018586140672541209,1585.0,7.86497749557222,3.585881560775121e-06,0,15889,0.07171609252691269,169,3.725290298461914e-09,3240,1.0,10.0,10.0,10.0,0.9090909090909091,0.9090909090909091,0.9090909090909091,3240,1.0,10.0,10.0,10.0,0.9090909090909091,0.9090909090909091,0.9090909090909091,4824,1.0,9.999999557949407,10.0,10.000000536441691,0.9090909054375983,0.9090909090909091,0.9090909135243113
75,1.25,True,valid,0.005582197393536185,0.006032350755922718,0.014093071490916358,1.9797936055447036,1.9799754406691965,0.0005054683386757897,1.988463011700244,0.04041228430910256,0.1048665620829731,0.00018408134144819104,1585.0,7.527904040932852,3.5653247742432758e-06,0,15875,0.07505638897418976,168,5.587935447692871e-09,3240,1.0,10.0,10.0,10.0,0.9090909090909091,0.9090909090909091,0.9090909090909091,3240,1.0,10.0,10.0,10.0,0.9090909090909091,0.9090909090909091,0.9090909090909091,4824,1.0,9.999999557949407,10.0,10.000000536441691,0.9090909054375983,0.9090909090909091,0.9090909135243113
76,1.2666666666666666,True,valid,0.005798218723733215,0.006133304299186439,0.01444802831700711,1.9241919243837355,1.924368299242465,0.0012132436583692783,1.949732089260552,0.03827240335481744,0.3202511584319155,0.00018007556742752684,1585.0,6.9594288138771985,3.5095691100192855e-06,0,15848,0.07786380499601364,166,3.725290298461914e-09,3240,1.0,10.0,10.0,10.0,0.9090909090909091,0.9090909090909091,0.9090909090909091,3240,1.0,10.0,10.0,10.0,0.9090909090909091,0.9090909090909091,0.9090909090909091,4824,1.0,9.999999557949407,10.0,10.000000536441691,0.9090909054375983,0.9090909090909091,0.9090909135243113
77,1.2833333333333334,True,valid,0.00585892877630974,0.0060003647295230975,0.014566418217142814,1.8412710692670005,1.841411715270376,0.0006544455937254379,1.8520037793911655,0.03504940002479071,0.12455867238725653,0.0001737445415422461,1585.0,6.24598203921644,3.393941709208991e-06,0,15836,0.08009907603263855,165,7.450580596923828e-09,3240,1.0,10.0,10.0,10.0,0.9090909090909091,0.9090909090909091,0.9090909090909091,3240,1.0,10.0,10.0,10.0,0.9090909090909091,0.9090909090909091,0.9090909090909091,4824,1.0,9.999999557949407,10.0,10.000000536441691,0.9090909054375983,0.9090909090909091,0.9090909135243113
78,1.3,True,valid,0.005752128050245911,0.005666259423714377,0.01435658474180114,1.7317761069467754,1.731910278870554,0.00036041004013076376,1.7495319000349365,0.03132188709255903,0.18416104275285594,0.00016629644870866527,1585.0,5.624997689049219,3.252589324137543e-06,0,15797,0.0817456841468811,164,3.725290298461914e-09,3240,1.0,10.0,10.0,10.0,0.9090909090909091,0.9090909090909091,0.9090909090909091,3240,1.0,10.0,10.0,10.0,0.9090909090909091,0.9090909090909091,0.9090909090909091,4824,1.0,9.999999557949407,10.0,10.000000536441691,0.9090909054375983,0.9090909090909091,0.9090909135243113
79,1.3166666666666667,True,valid,0.0055134238256629295,0.005178662130206959,0.01387843279108128,1.604839639732517,1.6049467734344114,0.0003793450697113923,1.6173192472642415,0.026578788371033658,0.13222702492331537,0.00015771807801233078,1585.0,4.9396342187182585,3.0923622933474086e-06,0,15776,0.0828210785984993,164,7.450580596923828e-09,3240,1.0,10.0,10.0,10.0,0.9090909090909091,0.9090909090909091,0.9090909090909091,3240,1.0,10.0,10.0,10.0,0.9090909090909091,0.9090909090909091,0.9090909090909091,4824,1.0,9.999999557949407,10.0,10.000000536441691,0.9090909054375983,0.9090909090909091,0.9090909135243113
80,1.3333333333333333,True,valid,0.005215998023408922,0.004645381642537877,0.013320041034840746,1.4664747113768375,1.4665513446703202,0.0003903564525096862,1.4843887079967797,0.021416941661973186,0.18881486921659982,0.0001482182230248289,1585.0,4.146402984962857,2.909866044460297e-06,0,15743,0.08343389630317688,164,7.450580596923828e-09,3240,1.0,10.0,10.0,10.0,0.9090909090909091,0.9090909090909091,0.9090909090909091,3240,1.0,10.0,10.0,10.0,0.9090909090909091,0.9090909090909091,0.9090909090909091,4824,1.0,9.999999557949407,10.0,10.000000536441691,0.9090909054375983,0.9090909090909091,0.9090909135243113
81,1.35,True,valid,0.004970644523123193,0.0042105535390447,0.012860604590493943,1.3554019542932578,1.3554244444576495,0.0017031019305428015,1.3886208102168314,0.016300929561079303,0.35241302676650754,0.00013995690383123652,1585.0,3.7911437560579895,2.7864624962489576e-06,0,15640,0.08366812020540237,165,3.725290298461914e-09,3240,1.0,10.0,10.0,10.0,0.9090909090909091,0.9090909090909091,0.9090909090909091,3240,1.0,10.0,10.0,10.0,0.9090909090909091,0.9090909090909091,0.9090909090909091,4824,1.0,9.999999557949407,10.0,10.000000536441691,0.9090909054375983,0.9090909090909091,0.9090909135243113
82,1.3666666666666667,True,valid,0.004830734370992125,0.003942168801628847,0.01269457119981752,1.258583867030609,1.2586116638631781,0.001023116029323831,1.2868021390689348,0.009820998379926567,0.26621503066303753,0.00013432846567852178,1585.0,2.6831557615429027,2.66616500832712e-06,0,15575,0.08357692509889603,165,3.725290298461914e-09,3240,1.0,10.0,10.0,10.0,0.9090909090909091,0.9090909090909091,0.9090909090909091,3240,1.0,10.0,10.0,10.0,0.9090909090909091,0.9090909090909091,0.9090909090909091,4824,1.0,9.999999557949407,10.0,10.000000536441691,0.9090909054375983,0.9090909090909091,0.9090909135243113
83,1.3833333333333333,True,valid,0.004795294621487475,0.003771362345036506,0.012868480568766,1.2262835110831118,1.2263058942836207,0.00024306993496892523,1.2402752405271895,0.003565544214575388,0.13965646707425494,0.00013156697765765447,1585.0,2.713547721360148,2.6125851750622327e-06,0,15504,0.08323433995246887,165,3.725290298461914e-09,3240,1.0,10.0,10.0,10.0,0.9090909090909091,0.9090909090909091,0.9090909090909091,3240,1.0,10.0,10.0,10.0,0.9090909090909091,0.9090909090909091,0.9090909090909091,4824,1.0,9.999999557949407,10.0,10.000000536441691,0.9090909054375983,0.9090909090909091,0.9090909135243113
84,1.4,True,valid,0.004848832176439412,0.003626738722640335,0.013253947431090405,1.253779427218843,1.2538080858170584,0.00019965262126985336,1.2728980637456824,0.006409114453321385,0.18257024271540884,0.00013237213578503975,1585.0,2.779011818491866,2.6374261648720094e-06,0,15504,0.0826740637421608,166,7.450580596923828e-09,3240,1.0,10.0,10.0,10.0,0.9090909090909091,0.9090909090909091,0.9090909090909091,3240,1.0,10.0,10.0,10.0,0.9090909090909091,0.9090909090909091,0.9090909090909091,4824,1.0,9.999999557949407,10.0,10.000000536441691,0.9090909054375983,0.9090909090909091,0.9090909135243113
85,1.4166666666666667,True,valid,0.004968300087507366,0.0035125352715086443,0.013664312309879873,1.3528187233359388,1.352867520229599,0.0004826552718242648,1.3690688279685541,0.014178050831910883,0.14522705519504395,0.0001381350674119701,1585.0,3.6586533720223526,2.7505583018182057e-06,0,15660,0.08188682794570923,168,3.725290298461914e-09,3240,1.0,10.0,10.0,10.0,0.9090909090909091,0.9090909090909091,0.9090909090909091,3240,1.0,10.0,10.0,10.0,0.9090909090909091,0.9090909090909091,0.9090909090909091,4824,1.0,9.999999557949407,10.0,10.000000536441691,0.9090909054375983,0.9090909090909091,0.9090909135243113
86,1.4333333333333333,True,valid,0.005114919543906721,0.0034823562756810434,0.014003668004214246,1.5075213515695813,1.507604791847808,0.0004866336600184779,1.5209382167513796,0.022157876873640334,0.13134537644869634,0.00014797911889611085,1585.0,5.175185693711247,2.929863400868772e-06,0,15730,0.08083168417215347,165,3.725290298461914e-09,3240,1.0,10.0,10.0,10.0,0.9090909090909091,0.9090909090909091,0.9090909090909091,3240,1.0,10.0,10.0,10.0,0.9090909090909091,0.9090909090909091,0.9090909090909091,4824,1.0,9.999999557949407,10.0,10.000000536441691,0.9090909054375983,0.9090909090909091,0.9090909135243113
87,1.45,True,valid,0.005250547128159055,0.0035735580606636023,0.014285318409244232,1.7057019973220338,1.7058299751237689,0.0005819291873200738,1.718362556100358,0.030305161438424575,0.1342950425850936,0.00016103461462458447,1585.0,6.841784241004041,3.162454703671756e-06,0,15845,0.07943165302276611,165,7.450580596923828e-09,3240,1.0,10.0,10.0,10.0,0.9090909090909091,0.9090909090909091,0.9090909090909091,3240,1.0,10.0,10.0,10.0,0.9090909090909091,0.9090909090909091,0.9090909090909091,4824,1.0,9.999999557949407,10.0,10.000000536441691,0.9090909054375983,0.9090909090909091,0.9090909135243113
88,1.4666666666666666,True,valid,0.0053777163377877,0.0037719118368650445,0.014540280391783676,1.934488521371226,1.9346656274259462,0.0004124903063286005,1.9549155877657403,0.03880821559474599,0.22386603855162285,0.00017658093693760177,1585.0,8.556226143150507,3.4336460765080697e-06,0,15917,0.07757344096899033,164,3.725290298461914e-09,3240,1.0,10.0,10.0,10.0,0.9090909090909091,0.9090909090909091,0.9090909090909091,3240,1.0,10.0,10.0,10.0,0.9090909090909091,0.9090909090909091,0.9090909090909091,4824,1.0,9.999999557949407,10.0,10.000000536441691,0.9090909054375983,0.9090909090909091,0.9090909135243113
89,1.4833333333333334,True,valid,0.0055088679168504955,0.004050044113537169,0.014776112194128149,2.189590097579939,2.189822997526833,0.0007648912980114613,2.203536158562983,0.04706092075256195,0.15127727262364518,0.00019442038241835772,1585.0,10.27575348587014,3.7570397873103874e-06,0,15969,0.07516128569841385,166,7.450580596923828e-09,3240,1.0,10.0,10.0,10.0,0.9090909090909091,0.9090909090909091,0.9090909090909091,3240,1.0,10.0,10.0,10.0,0.9090909090909091,0.9090909090909091,0.9090909090909091,4824,1.0,9.999999557949407,10.0,10.000000536441691,0.9090909054375983,0.9090909090909091,0.9090909135243113
90,1.5,True,valid,0.005635423894435112,0.004365234230363571,0.01499147887877076,2.4544890671150443,2.4547659299835884,0.0005260532633856587,2.4701553010446617,0.05537470071120327,0.2060442962383773,0.00021350592449102227,1585.0,11.9127199035356,4.09740762579294e-06,0,16006,0.07211562991142273,166,3.725290298461914e-09,3240,1.0,10.0,10.0,10.0,0.9090909090909091,0.9090909090909091,0.9090909090909091,3240,1.0,10.0,10.0,10.0,0.9090909090909091,0.9090909090909091,0.9090909090909091,4824,1.0,9.999999557949407,10.0,10.000000536441691,0.9090909054375983,0.9090909090909091,0.9090909135243113
91,1.5166666666666666,True,valid,0.0057409996770756274,0.00464945469307945,0.015163761383830415,2.722347037571573,2.7226726784612625,0.0005943462383983773,2.731925797445952,0.06336589680817119,0.13680147640797585,0.0002337703978331132,1585.0,13.467528647470797,4.464966032428402e-06,0,16040,0.06830333918333054,165,1.862645149230957e-09,3240,1.0,10.0,10.0,10.0,0.9090909090909091,0.9090909090909091,0.9090909090909091,3240,1.0,10.0,10.0,10.0,0.9090909090909091,0.9090909090909091,0.9090909090909091,4824,1.0,9.999999557949407,10.0,10.000000536441691,0.9090909054375983,0.9090909090909091,0.9090909135243113
92,1.5333333333333334,True,valid,0.0057853087815894705,0.0048720845982224955,0.015355271962849377,2.9853258551210113,2.985697209309845,0.000642976308965799,2.9960898577676085,0.07130024542621358,0.1632779912786226,0.00025389080021086003,1585.0,14.905963256341565,4.832721255836466e-06,0,16090,0.063731849193573,166,3.725290298461914e-09,3240,1.0,10.0,10.0,10.0,0.9090909090909091,0.9090909090909091,0.9090909090909091,3240,1.0,10.0,10.0,10.0,0.9090909090909091,0.9090909090909091,0.9090909090909091,4824,1.0,9.999999557949407,10.0,10.000000536441691,0.9090909054375983,0.9090909090909091,0.9090909135243113
93,1.55,True,valid,0.005759549785721322,0.005058879798092819,0.015560835481261432,3.242732036342544,3.243140556439537,0.000901864292739817,3.251023813534858,0.07871504964014178,0.13096548549262485,0.0002742381279597855,1585.0,16.18053829363631,5.202871898894097e-06,0,16104,0.05828002840280533,166,2.7939677238464355e-09,3240,1.0,10.0,10.0,10.0,0.9090909090909091,0.9090909090909091,0.9090909090909091,3240,1.0,10.0,10.0,10.0,0.9090909090909091,0.9090909090909091,0.9090909090909091,4824,1.0,9.999999557949407,10.0,10.000000536441691,0.9090909054375983,0.9090909090909091,0.9090909135243113
94,1.5666666666666667,True,valid,0.00568468426695882,0.005277323374423886,0.015763731579828643,3.4816520357776395,3.4821033905374006,0.0009074734245572984,3.490096549495747,0.0856994018112159,0.12550645510908884,0.0002932148205200029,1585.0,17.337021214984645,5.548914872922524e-06,0,16121,0.06032015010714531,168,2.7939677238464355e-09,3240,1.0,10.0,10.0,10.0,0.9090909090909091,0.9090909090909091,0.9090909090909091,3240,1.0,10.0,10.0,10.0,0.9090909090909091,0.9090909090909091,0.9090909090909091,4824,1.0,9.999999557949407,10.0,10.000000536441691,0.9090909054375983,0.9090909090909091,0.9090909135243113
95,1.5833333333333333,True,valid,0.005615158474554567,0.005660480927943945,0.01596844182770773,3.70148879688195,3.7019823008613675,0.0008289782927250806,3.7203880823269766,0.09265854972485604,0.3066764896606266,0.00031128524710101214,1585.0,18.367315295249515,5.872156946046789e-06,0,16136,0.06754271686077118,170,2.9103830456733704e-09,3240,1.0,10.0,10.0,10.0,0.9090909090909091,0.9090909090909091,0.9090909090909091,3240,1.0,10.0,10.0,10.0,0.9090909090909091,0.9090909090909091,0.9090909090909091,4824,1.0,9.999999557949407,10.0,10.000000536441691,0.9090909054375983,0.9090909090909091,0.9090909135243113
96,1.6,True,valid,0.005613104685149727,0.006254686338792489,0.016173830025558705,3.909905279890549,3.9104290263068897,0.0008794855305968121,3.9173775944243223,0.09782018488638149,0.11347214845404682,0.00032820719555662413,1585.0,19.300836299388422,6.188613827850354e-06,0,16139,0.07519853860139847,172,3.259629011154175e-09,3240,1.0,10.0,10.0,10.0,0.9090909090909091,0.9090909090909091,0.9090909090909091,3240,1.0,10.0,10.0,10.0,0.9090909090909091,0.9090909090909091,0.9090909090909091,4824,1.0,9.999999557949407,10.0,10.000000536441691,0.9090909054375983,0.9090909090909091,0.9090909135243113
97,1.6166666666666667,True,valid,0.005695791440529594,0.007025319727470093,0.016099116556967392,3.9135597940112614,3.914085163020677,0.0008827122370202519,3.9259968216789383,0.09791569304010372,0.21675857625078054,0.000330785582951487,1585.0,18.585295750796707,6.22781352956592e-06,0,16110,0.08330651372671127,173,2.7939677238464355e-09,3240,1.0,10.0,10.0,10.0,0.9090909090909091,0.9090909090909091,0.9090909090909091,3240,1.0,10.0,10.0,10.0,0.9090909090909091,0.9090909090909091,0.9090909090909091,4824,1.0,9.999999557949407,10.0,10.000000536441691,0.9090909054375983,0.9090909090909091,0.9090909135243113
98,1.6333333333333333,True,valid,0.005880772780910504,0.007841117814075281,0.016056214706425823,3.8680682074992316,3.8685838929923024,0.0010661955277740686,3.8780112288968893,0.09655748703197915,0.15020617322035035,0.00032758579353377084,1585.0,17.72431369715168,6.172411792774742e-06,0,16159,0.09156209975481033,175,5.587935447692871e-09,3240,1.0,10.0,10.0,10.0,0.9090909090909091,0.9090909090909091,0.9090909090909091,3240,1.0,10.0,10.0,10.0,0.9090909090909091,0.9090909090909091,0.9090909090909091,4824,1.0,9.999999557949407,10.0,10.000000536441691,0.9090909054375983,0.9090909090909091,0.9090909135243113
99,1.65,True,valid,0.006211740755679438,0.008671000567793819,0.01616179945098961,3.788416183007932,3.788918386388625,0.0009022241440391946,3.800766660837573,0.09442843057477765,0.22841768393415196,0.0003212401485551578,1585.0,16.8724442197988,6.063630191865718e-06,0,16252,0.09977123141288757,176,1.862645149230957e-09,3240,1.0,10.0,10.0,10.0,0.9090909090909091,0.9090909090909091,0.9090909090909091,3240,1.0,10.0,10.0,10.0,0.9090909090909091,0.9090909090909091,0.9090909090909091,4824,1.0,9.999999557949407,10.0,10.000000536441691,0.9090909054375983,0.9090909090909091,0.9090909135243113
100,1.6666666666666667,True,valid,0.00661281210740547,0.009484202055830738,0.016358264768987656,3.7059240574192356,3.706406212620568,0.0008214240803593538,3.7174533119910578,0.09138844857505474,0.20708753454777218,0.0003155956945470019,1585.0,15.977397102309332,5.9613761240577156e-06,0,16333,0.10755385458469391,178,5.587935447692871e-09,3240,1.0,10.0,10.0,10.0,0.9090909090909091,0.9090909090909091,0.9090909090909091,3240,1.0,10.0,10.0,10.0,0.9090909090909091,0.9090909090909091,0.9090909090909091,4824,1.0,9.999999557949407,10.0,10.000000536441691,0.9090909054375983,0.9090909090909091,0.9090909135243113
101,1.6833333333333333,True,valid,0.006938910825223971,0.01004287136220709,0.016482463196091757,3.598044529446197,3.598501875211255,0.0007950292245732364,3.6100530271122815,0.0877700503905778,0.1945065963433482,0.0003081619628007657,1585.0,14.99764733389089,5.825507315593092e-06,0,16390,0.1145709678530693,183,7.450580596923828e-09,3240,1.0,10.0,10.0,10.0,0.9090909090909091,0.9090909090909091,0.9090909090909091,3240,1.0,10.0,10.0,10.0,0.9090909090909091,0.9090909090909091,0.9090909090909091,4824,1.0,9.999999557949407,10.0,10.000000536441691,0.9090909054375983,0.9090909090909091,0.9090909135243113
102,1.7,True,valid,0.007085872645841786,0.010159436910598488,0.016389319333868942,3.4461964303919856,3.446628379493868,0.0007799427345948953,3.46138680734625,0.08341323417581714,0.23953969300045752,0.0002961159003634654,1585.0,14.282008115991884,5.608663018216464e-06,0,16423,0.1206638291478157,184,7.450580596923828e-09,3240,1.0,10.0,10.0,10.0,0.9090909090909091,0.9090909090909091,0.9090909090909091,3240,1.0,10.0,10.0,10.0,0.9090909090909091,0.9090909090909091,0.9090909090909091,4824,1.0,9.999999557949407,10.0,10.000000536441691,0.9090909054375983,0.9090909090909091,0.9090909135243113
103,1.7166666666666666,True,valid,0.007005079842608864,0.009861932520593043,0.016047399730633093,3.2671449152359475,3.2675485986537858,0.0007297003772261065,3.287861162114708,0.07874433752065774,0.2996226295598853,0.00028189229661137387,1585.0,13.429769158276354,5.351060248211723e-06,0,16406,0.12568701803684235,186,7.450580596923828e-09,3240,1.0,10.0,10.0,10.0,0.9090909090909091,0.9090909090909091,0.9090909090909091,3240,1.0,10.0,10.0,10.0,0.9090909090909091,0.9090909090909091,0.9090909090909091,4824,1.0,9.999999557949407,10.0,10.000000536441691,0.9090909054375983,0.9090909090909091,0.9090909135243113
104,1.7333333333333334,True,valid,0.006723105774446151,0.00921062881241346,0.01549020479261617,3.0692488937024445,3.069619900688483,0.0007290271873576019,3.093592164442116,0.07289633079964826,0.3251761963152515,0.000267073863317041,1585.0,12.474320733879859,5.071110851119377e-06,0,16380,0.12959876656532288,186,3.725290298461914e-09,3240,1.0,10.0,10.0,10.0,0.9090909090909091,0.9090909090909091,0.9090909090909091,3240,1.0,10.0,10.0,10.0,0.9090909090909091,0.9090909090909091,0.9090909090909091,4824,1.0,9.999999557949407,10.0,10.000000536441691,0.9090909054375983,0.9090909090909091,0.9090909135243113
105,1.75,True,valid,0.006310608324159523,0.00823179454507602,0.014850731442660194,2.8455257616502587,2.8458640687123906,0.0006114946576360456,2.873818374387564,0.0667558734394623,0.34783295071332515,0.0002500895729739298,1585.0,11.397401300615394,4.751836819540858e-06,0,16334,0.13251465559005737,186,3.725290298461914e-09,3240,1.0,10.0,10.0,10.0,0.9090909090909091,0.9090909090909091,0.9090909090909091,3240,1.0,10.0,10.0,10.0,0.9090909090909091,0.9090909090909091,0.9090909090909091,4824,1.0,9.999999557949407,10.0,10.000000536441691,0.9090909054375983,0.9090909090909091,0.9090909135243113
106,1.7666666666666666,True,valid,0.005850322279526079,0.007052327463685881,0.01430784903931265,2.602966283438108,2.6032673700349216,0.0005737622548374898,2.6230536559347395,0.06010831665920569,0.2739053099270774,0.00023107623630794766,1585.0,10.189709538201791,4.398582151269278e-06,0,16180,0.13465973734855652,188,7.450580596923828e-09,3240,1.0,10.0,10.0,10.0,0.9090909090909091,0.9090909090909091,0.9090909090909091,3240,1.0,10.0,10.0,10.0,0.9090909090909091,0.9090909090909091,0.9090909090909091,4824,1.0,9.999999557949407,10.0,10.000000536441691,0.9090909054375983,0.9090909090909091,0.9090909135243113
107,1.7833333333333334,True,valid,0.00545524735138261,0.005902819971253454,0.013927657583689135,2.3467440922859217,2.3470078558246548,0.0005266948408627323,2.3665032657012492,0.052975102953995434,0.2535503548524617,0.00021112282244804294,1585.0,9.15901203104006,4.034515008355205e-06,0,15970,0.13632582128047943,190,7.450580596923828e-09,3240,1.0,10.0,10.0,10.0,0.9090909090909091,0.9090909090909091,0.9090909090909091,3240,1.0,10.0,10.0,10.0,0.9090909090909091,0.9090909090909091,0.9090909090909091,4824,1.0,9.999999557949407,10.0,10.000000536441691,0.9090909054375983,0.9090909090909091,0.9090909135243113
108,1.8,True,valid,0.005209382149515347,0.005001113112668385,0.013736498830787277,2.101379388087853,2.1015988244252997,0.0004458836711279057,2.1226967939941606,0.04544895033208608,0.25795810273920156,0.0001926424046601222,1585.0,8.02038410219952,3.6976120678317053e-06,0,15899,0.13770824670791626,190,7.450580596923828e-09,3240,1.0,10.0,10.0,10.0,0.9090909090909091,0.9090909090909091,0.9090909090909091,3240,1.0,10.0,10.0,10.0,0.9090909090909091,0.9090909090909091,0.9090909090909091,4824,1.0,9.999999557949407,10.0,10.000000536441691,0.9090909054375983,0.9090909090909091,0.9090909135243113
109,1.8166666666666667,True,valid,0.005093558807018443,0.004421529512164197,0.013713781228617841,1.8670937067767164,1.867268828108303,0.0004433113539090281,1.8997370936080038,0.03760714337705921,0.31074273341369024,0.00017542937599540533,1585.0,6.602857713296348,3.3897251300493852e-06,0,15889,0.13901597261428833,190,7.450580596923828e-09,3240,1.0,10.0,10.0,10.0,0.9090909090909091,0.9090909090909091,0.9090909090909091,3240,1.0,10.0,10.0,10.0,0.9090909090909091,0.9090909090909091,0.9090909090909091,4824,1.0,9.999999557949407,10.0,10.000000536441691,0.9090909054375983,0.9090909090909091,0.9090909135243113
110,1.8333333333333333,True,valid,0.005040754088101801,0.004107025372239852,0.013761034722350208,1.652714113556197,1.652838878276039,0.00034844581426674454,1.6833768914566414,0.02937844853990756,0.2752806494601057,0.0001598296364424573,1585.0,5.116643974376726,3.117859371901807e-06,0,15830,0.14042173326015472,190,7.450580596923828e-09,3240,1.0,10.0,10.0,10.0,0.9090909090909091,0.9090909090909091,0.9090909090909091,3240,1.0,10.0,10.0,10.0,0.9090909090909091,0.9090909090909091,0.9090909090909091,4824,1.0,9.999999557949407,10.0,10.000000536441691,0.9090909054375983,0.9090909090909091,0.9090909135243113
111,1.85,True,valid,0.005010966053819702,0.003957345591097039,0.013764585211834738,1.466406300207157,1.4664865002944751,0.00029823340945682946,1.494298526493479,0.020982623572371732,0.21362074754568056,0.00014677015472155973,1585.0,4.088526594633598,2.8938945718490263e-06,0,15711,0.14184162020683289,191,7.450580596923828e-09,3240,1.0,10.0,10.0,10.0,0.9090909090909091,0.9090909090909091,0.9090909090909091,3240,1.0,10.0,10.0,10.0,0.9090909090909091,0.9090909090909091,0.9090909090909091,4824,1.0,9.999999557949407,10.0,10.000000536441691,0.9090909054375983,0.9090909090909091,0.9090909135243113
112,1.8666666666666667,True,valid,0.005013285355058748,0.003917958810764903,0.013674542686787137,1.3292771699777661,1.3293222419444888,0.00026849449659752046,1.3511390940902215,0.012656452409958066,0.171528477980048,0.00013752638693845882,1585.0,3.0663418847127693,2.737983171999396e-06,0,15632,0.14320307970046997,192,7.450580596923828e-09,3240,1.0,10.0,10.0,10.0,0.9090909090909091,0.9090909090909091,0.9090909090909091,3240,1.0,10.0,10.0,10.0,0.9090909090909091,0.9090909090909091,0.9090909090909091,4824,1.0,9.999999557949407,10.0,10.000000536441691,0.9090909054375983,0.9090909090909091,0.9090909135243113
113,1.8833333333333333,True,valid,0.005089606432182301,0.003987363777904775,0.013569030301605611,1.2564459708241622,1.256471241722294,0.0002619726964988239,1.29227466900678,0.004790810179927748,0.24784229004675415,0.0001331138429626025,1585.0,2.782249455276176,2.659712923928942e-06,0,15505,0.14448539912700653,191,7.450580596923828e-09,3240,1.0,10.0,10.0,10.0,0.9090909090909091,0.9090909090909091,0.9090909090909091,3240,1.0,10.0,10.0,10.0,0.9090909090909091,0.9090909090909091,0.9090909090909091,4824,1.0,9.999999557949407,10.0,10.000000536441691,0.9090909054375983,0.9090909090909091,0.9090909135243113
114,1.9,True,valid,0.0052795646874627305,0.00419984644413632,0.013590869065762437,1.2691368354625632,1.2691642877741969,0.00023635052061507956,1.297069362046738,0.006331893547337946,0.19788504158786155,0.0001333231015662172,1585.0,2.7730263959041204,2.6619968853387015e-06,0,15549,0.14545302093029022,191,7.450580596923828e-09,3240,1.0,10.0,10.0,10.0,0.9090909090909091,0.9090909090909091,0.9090909090909091,3240,1.0,10.0,10.0,10.0,0.9090909090909091,0.9090909090909091,0.9090909090909091,4824,1.0,9.999999557949407,10.0,10.000000536441691,0.9090909054375983,0.9090909090909091,0.9090909135243113
115,1.9166666666666667,True,valid,0.005582179403038474,0.0045295068673673776,0.01376818824812839,1.374521914014006,1.3745702600747038,0.0002696731584413652,1.3946873784665097,0.014373630545795742,0.15266638308311037,0.00013928893824893194,1585.0,3.870892906881107,2.774737644565361e-06,0,15695,0.14581026136875153,192,7.450580596923828e-09,3240,1.0,10.0,10.0,10.0,0.9090909090909091,0.9090909090909091,0.9090909090909091,3240,1.0,10.0,10.0,10.0,0.9090909090909091,0.9090909090909091,0.9090909090909091,4824,1.0,9.999999557949407,10.0,10.000000536441691,0.9090909054375983,0.9090909090909091,0.9090909135243113
116,1.9333333333333333,True,valid,0.005897240424709754,0.004860395410596431,0.0140813913403611,1.5382770650782367,1.5383656442625155,0.00026382697147053096,1.5593428088747516,0.022794096698207728,0.16304560445980176,0.00014908805606796862,1585.0,5.394783507252048,2.95305728135996e-06,0,15803,0.14529350399971008,192,7.450580596923828e-09,3240,1.0,10.0,10.0,10.0,0.9090909090909091,0.9090909090909091,0.9090909090909091,3240,1.0,10.0,10.0,10.0,0.9090909090909091,0.9090909090909091,0.9090909090909091,4824,1.0,9.999999557949407,10.0,10.000000536441691,0.9090909054375983,0.9090909090909091,0.9090909135243113
117,1.95,True,valid,0.006125832352099982,0.005063940899139606,0.014465707671638812,1.7433686719326156,1.7435024159764636,0.0003450650206249576,1.7623775301186035,0.031141258354379798,0.16471344282668327,0.00016234907002531435,1585.0,6.988628047446018,3.1965382536146037e-06,0,15948,0.14380627870559692,194,7.450580596923828e-09,3240,1.0,10.0,10.0,10.0,0.9090909090909091,0.9090909090909091,0.9090909090909091,3240,1.0,10.0,10.0,10.0,0.9090909090909091,0.9090909090909091,0.9090909090909091,4824,1.0,9.999999557949407,10.0,10.000000536441691,0.9090909054375983,0.9090909090909091,0.9090909135243113
118,1.9666666666666666,True,valid,0.006192458095900529,0.005048570977384369,0.014868309182094119,1.9664506713654843,1.9666287697382225,0.00039115513926432025,1.9831198186488042,0.03934536711212791,0.16482295222466448,0.0001773906203068756,1585.0,8.466872620521821,3.4665180716372917e-06,0,16006,0.14128737151622772,195,7.450580596923828e-09,3240,1.0,10.0,10.0,10.0,0.9090909090909091,0.9090909090909091,0.9090909090909091,3240,1.0,10.0,10.0,10.0,0.9090909090909091,0.9090909090909091,0.9090909090909091,4824,1.0,9.999999557949407,10.0,10.000000536441691,0.9090909054375983,0.9090909090909091,0.9090909135243113
119,1.9833333333333334,True,valid,0.006087951244447905,0.0048414248872766736,0.015156128054398131,2.1961026868695437,2.196326690969922,0.0004529807836400283,2.2155202483690197,0.047117787188409206,0.1939769068031002,0.00019414247710611298,1585.0,9.749532409365665,3.763983203279597e-06,0,16038,0.13772819936275482,195,3.725290298461914e-09,3240,1.0,10.0,10.0,10.0,0.9090909090909091,0.9090909090909091,0.9090909090909091,3240,1.0,10.0,10.0,10.0,0.9090909090909091,0.9090909090909091,0.9090909090909091,4824,1.0,9.999999557949407,10.0,10.000000536441691,0.9090909054375983,0.9090909090909091,0.9090909135243113
120,2.0,True,valid,0.005855590430117316,0.004572052562233414,0.015254967927437397,2.427672913976655,2.4279402380190236,0.0006569446672591467,2.4409118992148455,0.05457475688956311,0.1296000887834687,0.00021167161198631744,1585.0,10.86551373195788,4.0791393901673606e-06,0,16048,0.13315227627754211,195,3.725290298461914e-09,3240,1.0,10.0,10.0,10.0,0.9090909090909091,0.9090909090909091,0.9090909090909091,3240,1.0,10.0,10.0,10.0,0.9090909090909091,0.9090909090909091,0.9090909090909091,4824,1.0,9.999999557949407,10.0,10.000000536441691,0.9090909054375983,0.9090909090909091,0.9090909135243113
121,2.0166666666666666,True,valid,0.005572390812500451,0.004454760744008253,0.015204928183819714,2.645346917311828,2.6456586100610697,0.0005620860611536713,2.664890165911097,0.061742669296023976,0.21743585663030965,0.00022918904469891653,1585.0,11.84251022960525,4.385729736407585e-06,0,16018,0.12770798802375793,196,3.725290298461914e-09,3240,1.0,10.0,10.0,10.0,0.9090909090909091,0.9090909090909091,0.9090909090909091,3240,1.0,10.0,10.0,10.0,0.9090909090909091,0.9090909090909091,0.9090909090909091,4824,1.0,9.999999557949407,10.0,10.000000536441691,0.9090909054375983,0.9090909090909091,0.9090909135243113
122,2.033333333333333,True,valid,0.00534656442394579,0.0047065159789383545,0.015114914382849303,2.8605999513986755,2.860947030629327,0.0006396448695206245,2.875591066596737,0.06828273396771913,0.1877400525620063,0.00024658082378590076,1585.0,12.675549072437068,4.6953359978581585e-06,0,16020,0.12161988019943237,195,7.450580596923828e-09,3240,1.0,10.0,10.0,10.0,0.9090909090909091,0.9090909090909091,0.9090909090909091,3240,1.0,10.0,10.0,10.0,0.9090909090909091,0.9090909090909091,0.9090909090909091,4824,1.0,9.999999557949407,10.0,10.000000536441691,0.9090909054375983,0.9090909090909091,0.9090909135243113
123,2.05,True,valid,0.005269781278458334,0.005336387785012234,0.015076723471213922,3.0646771362622336,3.0650775425100685,0.0012856847528470233,3.082450668199354,0.07457174187302372,0.31994542140954296,0.0002632735993332961,1585.0,13.834970793965532,5.004222526823968e-06,0,16015,0.11508966982364655,195,3.725290298461914e-09,3240,1.0,10.0,10.0,10.0,0.9090909090909091,0.9090909090909091,0.9090909090909091,3240,1.0,10.0,10.0,10.0,0.9090909090909091,0.9090909090909091,0.9090909090909091,4824,1.0,9.999999557949407,10.0,10.000000536441691,0.9090909054375983,0.9090909090909091,0.9090909135243113
124,2.066666666666667,True,valid,0.005358488222214381,0.00615494128789177,0.01512776946019362,3.253395968904095,3.253826461674254,0.0013240806394312224,3.2696099201728903,0.07990387156560423,0.30387898354267345,0.0002788060182465494,1585.0,14.944596795874254,5.285113518226567e-06,0,16014,0.10830723494291306,195,7.450580596923828e-09,3240,1.0,10.0,10.0,10.0,0.9090909090909091,0.9090909090909091,0.9090909090909091,3240,1.0,10.0,10.0,10.0,0.9090909090909091,0.9090909090909091,0.9090909090909091,4824,1.0,9.999999557949407,10.0,10.000000536441691,0.9090909054375983,0.9090909090909091,0.9090909135243113
125,2.0833333333333335,True,valid,0.00554237082717986,0.006959849327759134,0.015253731993778424,3.4286595694382,3.4290770910849306,0.001305921528152448,3.439069515763426,0.08458299711622058,0.14254491529894034,0.00029301133336143685,1585.0,15.899314025391446,5.54589333020596e-06,0,16013,0.1014731302857399,196,3.725290298461914e-09,3240,1.0,10.0,10.0,10.0,0.9090909090909091,0.9090909090909091,0.9090909090909091,3240,1.0,10.0,10.0,10.0,0.9090909090909091,0.9090909090909091,0.9090909090909091,4824,1.0,9.999999557949407,10.0,10.000000536441691,0.9090909054375983,0.9090909090909091,0.9090909135243113
126,2.1,True,valid,0.005721011541874916,0.007591503049434996,0.015399530768289585,3.5751653419138174,3.575632126184768,0.0007992661830961074,3.5858711759952104,0.08870236889486163,0.1593336048568302,0.00030510845683307084,1585.0,16.677330364887236,5.760006314797125e-06,0,16086,0.09478992223739624,196,5.587935447692871e-09,3240,1.0,10.0,10.0,10.0,0.9090909090909091,0.9090909090909091,0.9090909090909091,3240,1.0,10.0,10.0,10.0,0.9090909090909091,0.9090909090909091,0.9090909090909091,4824,1.0,9.999999557949407,10.0,10.000000536441691,0.9090909054375983,0.9090909090909091,0.9090909135243113
127,2.1166666666666667,True,valid,0.005831768526417926,0.007958180531450885,0.01552652173376237,3.7001689105570734,3.700645595436995,0.0011135934594202026,3.7147306705493803,0.09225784251303135,0.22952232658877608,0.0003150904796115022,1585.0,17.34950732323668,5.94763456133604e-06,0,16206,0.08842453360557556,197,5.587935447692871e-09,3240,1.0,10.0,10.0,10.0,0.9090909090909091,0.9090909090909091,0.9090909090909091,3240,1.0,10.0,10.0,10.0,0.9090909090909091,0.9090909090909091,0.9090909090909091,4824,1.0,9.999999557949407,10.0,10.000000536441691,0.9090909054375983,0.9090909090909091,0.9090909135243113
128,2.1333333333333333,True,valid,0.005845332922123646,0.008033148492691752,0.01566298115592784,3.789383172415696,3.789886615639005,0.0008490867200042999,3.8105181212191948,0.0950035166835557,0.2899749814752346,0.0003220976189598784,1585.0,17.85427837480985,6.073676787585771e-06,0,16246,0.08248104155063629,198,3.725290298461914e-09,3240,1.0,10.0,10.0,10.0,0.9090909090909091,0.9090909090909091,0.9090909090909091,3240,1.0,10.0,10.0,10.0,0.9090909090909091,0.9090909090909091,0.9090909090909091,4824,1.0,9.999999557949407,10.0,10.000000536441691,0.9090909054375983,0.9090909090909091,0.9090909135243113
129,2.15,True,valid,0.005794559813614951,0.007887878937597424,0.015813902765420856,3.865274329539588,3.865752933803022,0.002352210834207074,3.875240547649595,0.09673115452605097,0.1357088685213063,0.00032775360837939473,1585.0,18.171107705481802,6.189858938866309e-06,0,16254,0.0768226832151413,197,3.725290298461914e-09,3240,1.0,10.0,10.0,10.0,0.9090909090909091,0.9090909090909091,0.9090909090909091,3240,1.0,10.0,10.0,10.0,0.9090909090909091,0.9090909090909091,0.9090909090909091,4824,1.0,9.999999557949407,10.0,10.000000536441691,0.9090909054375983,0.9090909090909091,0.9090909135243113
130,2.1666666666666665,True,valid,0.0057129161073292715,0.007577987978405621,0.01593431163327975,3.8974230666815104,3.8979465548511265,0.0008827099606184187,3.913166472497369,0.09802515732622627,0.22348438188561048,0.00033028163705328597,1585.0,18.25773382762187,6.220617875805659e-06,0,16230,0.07143089175224304,197,3.026798367500305e-09,3240,1.0,10.0,10.0,10.0,0.9090909090909091,0.9090909090909091,0.9090909090909091,3240,1.0,10.0,10.0,10.0,0.9090909090909091,0.9090909090909091,0.9090909090909091,4824,1.0,9.999999557949407,10.0,10.000000536441691,0.9090909054375983,0.9090909090909091,0.9090909135243113
131,2.183333333333333,True,valid,0.005641971397231544,0.0072260833892665,0.01603393259803204,3.907008260147374,3.907535078631251,0.0008834700817895564,3.924561395547711,0.09845613409515044,0.2563456824494001,0.000330544916289757,1585.0,18.15861390944669,6.226997072033228e-06,0,16194,0.06614889204502106,197,3.4924596548080444e-09,3240,1.0,10.0,10.0,10.0,0.9090909090909091,0.9090909090909091,0.9090909090909091,3240,1.0,10.0,10.0,10.0,0.9090909090909091,0.9090909090909091,0.9090909090909091,4824,1.0,9.999999557949407,10.0,10.000000536441691,0.9090909054375983,0.9090909090909091,0.9090909135243113
132,2.2,True,valid,0.005602633726577545,0.00691144616032866,0.016062856061511522,3.8953105264672994,3.8958383913310737,0.001265641110749772,3.909433606026809,0.09793876303798087,0.16461372133827518,0.00032927569897519155,1585.0,17.915176028618024,6.211250317062038e-06,0,16152,0.06084664538502693,199,2.7939677238464355e-09,3240,1.0,10.0,10.0,10.0,0.9090909090909091,0.9090909090909091,0.9090909090909091,3240,1.0,10.0,10.0,10.0,0.9090909090909091,0.9090909090909091,0.9090909090909091,4824,1.0,9.999999557949407,10.0,10.000000536441691,0.9090909054375983,0.9090909090909091,0.9090909135243113
133,2.216666666666667,True,valid,0.005583872557823404,0.006665134158457421,0.01599995851088951,3.8468574898454926,3.8473758943359755,0.0008689632359620736,3.868074036704414,0.09679509602762937,0.29043213557961745,0.0003254515046168705,1585.0,17.578737141821264,6.131889070962918e-06,0,16090,0.05785130336880684,201,1.862645149230957e-09,3240,1.0,10.0,10.0,10.0,0.9090909090909091,0.9090909090909091,0.9090909090909091,3240,1.0,10.0,10.0,10.0,0.9090909090909091,0.9090909090909091,0.9090909090909091,4824,1.0,9.999999557949407,10.0,10.000000536441691,0.9090909054375983,0.9090909090909091,0.9090909135243113
134,2.2333333333333334,True,valid,0.00556749490914966,0.006514164195764836,0.015834063328309788,3.7785281700886686,3.779037282601052,0.0008629645551687506,3.794410636552498,0.09496873067351044,0.23425952745165474,0.00032000772495024076,1585.0,17.141362577336,6.033086121240925e-06,0,16078,0.06360192596912384,200,1.862645149230957e-09,3240,1.0,10.0,10.0,10.0,0.9090909090909091,0.9090909090909091,0.9090909090909091,3240,1.0,10.0,10.0,10.0,0.9090909090909091,0.9090909090909091,0.9090909090909091,4824,1.0,9.999999557949407,10.0,10.000000536441691,0.9090909054375983,0.9090909090909091,0.9090909135243113
135,2.25,True,valid,0.0055292152029006005,0.00646401786194656,0.015585391687452311,3.682707879122789,3.6832032654968856,0.0010481060923164713,3.694122899733861,0.09219139036321221,0.13465715371690704,0.00031273009253849916,1585.0,16.576116614969656,5.903290195301442e-06,0,16072,0.06980708241462708,200,7.450580596923828e-09,3240,1.0,10.0,10.0,10.0,0.9090909090909091,0.9090909090909091,0.9090909090909091,3240,1.0,10.0,10.0,10.0,0.9090909090909091,0.9090909090909091,0.9090909090909091,4824,1.0,9.999999557949407,10.0,10.000000536441691,0.9090909054375983,0.9090909090909091,0.9090909135243113
136,2.2666666666666666,True,valid,0.0055016985620006025,0.006558726944071952,0.015338525405829945,3.5574963791060905,3.557970298269573,0.0008092582310470364,3.5749923971110493,0.08887615369369609,0.23457078806149467,0.00030332060701747854,1585.0,15.96026561568529,5.723805303987267e-06,0,16058,0.07607290893793106,201,7.450580596923828e-09,3240,1.0,10.0,10.0,10.0,0.9090909090909091,0.9090909090909091,0.9090909090909091,3240,1.0,10.0,10.0,10.0,0.9090909090909091,0.9090909090909091,0.9090909090909091,4824,1.0,9.999999557949407,10.0,10.000000536441691,0.9090909054375983,0.9090909090909091,0.9090909135243113
137,2.283333333333333,True,valid,0.005561985031011151,0.006841192349368067,0.015127874820339117,3.4202108271868963,3.420661108004739,0.0010788269773727248,3.4325897233682015,0.08484563211985384,0.14369275856309635,0.0002932844689917049,1585.0,15.257973263916552,5.544750687631603e-06,0,16020,0.08252453058958054,202,7.450580596923828e-09,3240,1.0,10.0,10.0,10.0,0.9090909090909091,0.9090909090909091,0.9090909090909091,3240,1.0,10.0,10.0,10.0,0.9090909090909091,0.9090909090909091,0.9090909090909091,4824,1.0,9.999999557949407,10.0,10.000000536441691,0.9090909054375983,0.9090909090909091,0.9090909135243113
138,2.3,True,valid,0.005738363664103843,0.00726457039672121,0.015052234326790688,3.26136360044086,3.2617699118787336,0.0009955059952175746,3.269837681786533,0.08005075674551794,0.11355882338296776,0.0002815116824803361,1585.0,14.422926729380249,5.327132084676573e-06,0,16056,0.08877786993980408,204,3.725290298461914e-09,3240,1.0,10.0,10.0,10.0,0.9090909090909091,0.9090909090909091,0.9090909090909091,3240,1.0,10.0,10.0,10.0,0.9090909090909091,0.9090909090909091,0.9090909090909091,4824,1.0,9.999999557949407,10.0,10.000000536441691,0.9090909054375983,0.9090909090909091,0.9090909135243113
139,2.316666666666667,True,valid,0.006012963438508825,0.007753204237159633,0.015134517469421592,3.0830584291043923,3.0834580515074106,0.0014196230675951641,3.1066569599093494,0.07490442831213168,0.38883360212456963,0.00026807487432568535,1585.0,13.447948818516178,5.093542247683355e-06,0,16116,0.09493857622146606,205,3.725290298461914e-09,3240,1.0,10.0,10.0,10.0,0.9090909090909091,0.9090909090909091,0.9090909090909091,3240,1.0,10.0,10.0,10.0,0.9090909090909091,0.9090909090909091,0.9090909090909091,4824,1.0,9.999999557949407,10.0,10.000000536441691,0.9090909054375983,0.9090909090909091,0.9090909135243113
140,2.3333333333333335,True,valid,0.006329907671680055,0.008214548698471269,0.01525705645313494,2.8961493070070827,2.8965208778422715,0.0013142272430585863,2.9123883357993923,0.06883271026777513,0.33419357794522114,0.00025370156691242526,1585.0,12.30093683751998,4.837478003826824e-06,0,16164,0.10044048726558685,205,3.725290298461914e-09,3240,1.0,10.0,10.0,10.0,0.9090909090909091,0.9090909090909091,0.9090909090909091,3240,1.0,10.0,10.0,10.0,0.9090909090909091,0.9090909090909091,0.9090909090909091,4824,1.0,9.999999557949407,10.0,10.000000536441691,0.9090909054375983,0.9090909090909091,0.9090909135243113
141,2.35,True,valid,0.0065914400814187715,0.008510206019442785,0.015319851946500639,2.69252937995397,2.6928391028867984,0.0005725295089060007,2.7013893447975543,0.06211598318559172,0.113315915238327,0.00023865976458856787,1585.0,11.099208733135626,4.559429237353309e-06,0,16195,0.10523397475481033,203,7.450580596923828e-09,3240,1.0,10.0,10.0,10.0,0.9090909090909091,0.9090909090909091,0.9090909090909091,3240,1.0,10.0,10.0,10.0,0.9090909090909091,0.9090909090909091,0.9090909090909091,4824,1.0,9.999999557949407,10.0,10.000000536441691,0.9090909054375983,0.9090909090909091,0.9090909135243113
142,2.3666666666666667,True,valid,0.0067060656497566675,0.008527916513989056,0.015274274899187935,2.4672819481004646,2.4675442284377427,0.0005446265905697079,2.480793689270514,0.055071905954189045,0.18358342705853956,0.00022134521913140894,1585.0,9.80161114696103,4.248345459989914e-06,0,16198,0.10919512808322906,203,3.725290298461914e-09,3240,1.0,10.0,10.0,10.0,0.9090909090909091,0.9090909090909091,0.9090909090909091,3240,1.0,10.0,10.0,10.0,0.9090909090909091,0.9090909090909091,0.9090909090909091,4824,1.0,9.999999557949407,10.0,10.000000536441691,0.9090909054375983,0.9090909090909091,0.9090909135243113
143,2.3833333333333333,True,valid,0.006652479284018023,0.00823154304533709,0.015052714164020655,2.231591745827727,2.231816485350536,0.00047017711844627954,2.2452719941369366,0.04766531626375876,0.18503964153195904,0.0002034410420426057,1585.0,8.416722414154245,3.922925670313223e-06,0,16181,0.11221147328615189,201,7.450580596923828e-09,3240,1.0,10.0,10.0,10.0,0.9090909090909091,0.9090909090909091,0.9090909090909091,3240,1.0,10.0,10.0,10.0,0.9090909090909091,0.9090909090909091,0.9090909090909091,4824,1.0,9.999999557949407,10.0,10.000000536441691,0.9090909054375983,0.9090909090909091,0.9090909135243113
144,2.4,True,valid,0.0064417333502036584,0.007634817139060247,0.014646406850874611,1.9962443163225863,1.9963675966389682,0.0014813893968558135,2.006598978179207,0.03979277197377775,0.12916811550412902,0.00018598086627540317,1585.0,7.075922103915557,3.6200495093886356e-06,0,16076,0.1143016666173935,203,7.450580596923828e-09,3240,1.0,10.0,10.0,10.0,0.9090909090909091,0.9090909090909091,0.9090909090909091,3240,1.0,10.0,10.0,10.0,0.9090909090909091,0.9090909090909091,0.9090909090909091,4824,1.0,9.999999557949407,10.0,10.000000536441691,0.9090909054375983,0.9090909090909091,0.9090909135243113
145,2.4166666666666665,True,valid,0.0061045788890859536,0.006796916371283036,0.014160562997419938,1.7597472420126388,1.7597912263355624,0.0020102977725187958,1.7727998406908771,0.03173085987967363,0.1508602383730645,0.00016844557604800585,1585.0,5.773368679726447,3.3181583685475048e-06,0,15912,0.1155058890581131,206,7.450580596923828e-09,3240,1.0,10.0,10.0,10.0,0.9090909090909091,0.9090909090909091,0.9090909090909091,3240,1.0,10.0,10.0,10.0,0.9090909090909091,0.9090909090909091,0.9090909090909091,4824,1.0,9.999999557949407,10.0,10.000000536441691,0.9090909054375983,0.9090909090909091,0.9090909135243113
146,2.433333333333333,True,valid,0.005726311290701334,0.00581716423268304,0.01371886454574524,1.5409903622994816,1.5410824032244639,0.0013297617350305636,1.5715639405559165,0.02438280304697555,0.3606212822526692,0.00015351253398172103,1585.0,4.5760922289300625,3.038619085007781e-06,0,15746,0.11587942391633987,207,7.450580596923828e-09,3240,1.0,10.0,10.0,10.0,0.9090909090909091,0.9090909090909091,0.9090909090909091,3240,1.0,10.0,10.0,10.0,0.9090909090909091,0.9090909090909091,0.9090909090909091,4824,1.0,9.999999557949407,10.0,10.000000536441691,0.9090909054375983,0.9090909090909091,0.9090909135243113
147,2.45,True,valid,0.005378363911403674,0.004837708189478414,0.013451560699389811,1.3632873471314826,1.3632808533908682,0.0011632534404583557,1.3875041527625034,0.015545250608608736,0.2218034215826334,0.00014123045532433106,1585.0,3.396981944282945,2.8100003275141945e-06,0,15627,0.11558915674686432,207,7.450580596923828e-09,3240,1.0,10.0,10.0,10.0,0.9090909090909091,0.9090909090909091,0.9090909090909091,3240,1.0,10.0,10.0,10.0,0.9090909090909091,0.9090909090909091,0.9090909090909091,4824,1.0,9.999999557949407,10.0,10.000000536441691,0.9090909054375983,0.9090909090909091,0.9090909135243113
148,2.466666666666667,True,valid,0.005123491579177079,0.0040370229796789486,0.013365424605725682,1.2568223837557355,1.2568486520156787,0.0002838537517376363,1.2721462784582398,0.007000761354792194,0.15388385956020645,0.00013357662147155062,1585.0,2.7171605490349435,2.66229338773923e-06,0,15504,0.11473771184682846,208,7.450580596923828e-09,3240,1.0,10.0,10.0,10.0,0.9090909090909091,0.9090909090909091,0.9090909090909091,3240,1.0,10.0,10.0,10.0,0.9090909090909091,0.9090909090909091,0.9090909090909091,4824,1.0,9.999999557949407,10.0,10.000000536441691,0.9090909054375983,0.9090909090909091,0.9090909135243113
149,2.4833333333333334,True,valid,0.0049872336905120865,0.0035584230020911417,0.013410941167901475,1.2405245994302108,1.2405493844771185,0.00023501217323260441,1.26509071539588,0.00454436157277402,0.1864811806283533,0.00013219314331162625,1585.0,2.7835324399813013,2.6394416117023427e-06,0,15504,0.11349102854728699,207,7.450580596923828e-09,3240,1.0,10.0,10.0,10.0,0.9090909090909091,0.9090909090909091,0.9090909090909091,3240,1.0,10.0,10.0,10.0,0.9090909090909091,0.9090909090909091,0.9090909090909091,4824,1.0,9.999999557949407,10.0,10.000000536441691,0.9090909054375983,0.9090909090909091,0.9090909135243113
150,2.5,True,valid,0.004933703259618504,0.0034185144448080763,0.013536800021559011,1.3181013630468692,1.318142709254912,0.0002679582416301305,1.3392033236833842,0.012027516376353123,0.17051736770736967,0.00013630550511217185,1585.0,3.439222506477555,2.7116546373721307e-06,0,15654,0.11199507117271423,207,7.450580596923828e-09,3240,1.0,10.0,10.0,10.0,0.9090909090909091,0.9090909090909091,0.9090909090909091,3240,1.0,10.0,10.0,10.0,0.9090909090909091,0.9090909090909091,0.9090909090909091,4824,1.0,9.999999557949407,10.0,10.000000536441691,0.9090909054375983,0.9090909090909091,0.9090909135243113
151,2.5166666666666666,True,valid,0.004928524157677274,0.0034929497269112993,0.013636433756896191,1.464929269755354,1.4650087057201686,0.0002598536507388744,1.483485338303961,0.020408030312176133,0.15536949100548222,0.00014565632605288898,1585.0,4.891783245291022,2.8762119035681683e-06,0,15726,0.11030921339988708,207,7.450580596923828e-09,3240,1.0,10.0,10.0,10.0,0.9090909090909091,0.9090909090909091,0.9090909090909091,3240,1.0,10.0,10.0,10.0,0.9090909090909091,0.9090909090909091,0.9090909090909091,4824,1.0,9.999999557949407,10.0,10.000000536441691,0.9090909054375983,0.9090909090909091,0.9090909135243113
152,2.533333333333333,True,valid,0.004940424036798269,0.003622811189608487,0.013702261902902243,1.6559485860302983,1.6560707675910737,0.00030161672007456556,1.6733857346295287,0.02881533520662911,0.16586410492174203,0.00015827916450320405,1585.0,6.427556377199325,3.0979101766441657e-06,0,15823,0.10846602916717529,207,7.450580596923828e-09,3240,1.0,10.0,10.0,10.0,0.9090909090909091,0.9090909090909091,0.9090909090909091,3240,1.0,10.0,10.0,10.0,0.9090909090909091,0.9090909090909091,0.9090909090909091,4824,1.0,9.999999557949407,10.0,10.000000536441691,0.9090909054375983,0.9090909090909091,0.9090909135243113
153,2.55,True,valid,0.00497464585578509,0.0037451714469018418,0.013784081181580032,1.8740518565804494,1.8742191900716332,0.000380665767788973,1.8898840627840714,0.037010457531715855,0.17697624342492435,0.00017323006955448256,1585.0,7.950581737353917,3.363271494010214e-06,0,15894,0.10645313560962677,208,7.450580596923828e-09,3240,1.0,10.0,10.0,10.0,0.9090909090909091,0.9090909090909091,0.9090909090909091,3240,1.0,10.0,10.0,10.0,0.9090909090909091,0.9090909090909091,0.9090909090909091,4824,1.0,9.999999557949407,10.0,10.000000536441691,0.9090909054375983,0.9090909090909091,0.9090909135243113
154,2.566666666666667,True,valid,0.005063339179060129,0.003875141730547635,0.013924309385128496,2.106095894678516,2.1063116811658547,0.0004385632105286201,2.121619861190498,0.045008817098894684,0.2010262052530337,0.00018957537691218594,1585.0,9.461620190029278,3.6551639822702274e-06,0,15927,0.10415992885828018,210,3.725290298461914e-09,3240,1.0,10.0,10.0,10.0,0.9090909090909091,0.9090909090909091,0.9090909090909091,3240,1.0,10.0,10.0,10.0,0.9090909090909091,0.9090909090909091,0.9090909090909091,4824,1.0,9.999999557949407,10.0,10.000000536441691,0.9090909054375983,0.9090909090909091,0.9090909135243113
155,2.5833333333333335,True,valid,0.0052122000943769006,0.004043832251558592,0.014199321433821712,2.3466686811884605,2.3469280730557265,0.0004896317178957743,2.359125502279836,0.05255338065680099,0.18648889764404059,0.0002070083002406888,1585.0,10.930134992917788,3.970899487702796e-06,0,15971,0.10145247727632523,209,7.450580596923828e-09,3240,1.0,10.0,10.0,10.0,0.9090909090909091,0.9090909090909091,0.9090909090909091,3240,1.0,10.0,10.0,10.0,0.9090909090909091,0.9090909090909091,0.9090909090909091,4824,1.0,9.999999557949407,10.0,10.000000536441691,0.9090909054375983,0.9090909090909091,0.9090909135243113
156,2.6,True,valid,0.00539799427855795,0.004249933423939901,0.014566315207208956,2.581414142763489,2.581716642938378,0.0005534310254804985,2.5936898755660645,0.05957468498958529,0.19940884575255297,0.00022412943866661494,1585.0,12.333537358095999,4.284424179950227e-06,0,15997,0.09822114557027817,209,3.725290298461914e-09,3240,1.0,10.0,10.0,10.0,0.9090909090909091,0.9090909090909091,0.9090909090909091,3240,1.0,10.0,10.0,10.0,0.9090909090909091,0.9090909090909091,0.9090909090909091,4824,1.0,9.999999557949407,10.0,10.000000536441691,0.9090909054375983,0.9090909090909091,0.9090909135243113
157,2.6166666666666667,True,valid,0.005560737393095731,0.004482807343304246,0.014966609887797713,2.807828187882676,2.8081712805347308,0.0006085243476377174,2.8183259057772436,0.06632640639366533,0.17378626973594516,0.00024119114257786648,1585.0,13.634205096366257,4.596870598040304e-06,0,16034,0.09439939260482788,209,3.725290298461914e-09,3240,1.0,10.0,10.0,10.0,0.9090909090909091,0.9090909090909091,0.9090909090909091,3240,1.0,10.0,10.0,10.0,0.9090909090909091,0.9090909090909091,0.9090909090909091,4824,1.0,9.999999557949407,10.0,10.000000536441691,0.9090909054375983,0.9090909090909091,0.9090909135243113
158,2.6333333333333333,True,valid,0.005653195870317277,0.004702863948371195,0.015330565373068018,3.0173119010944394,3.0176903201176457,0.0006860426444681438,3.0294320655400186,0.0724306996817894,0.1964960282532559,0.00025693329884233,1585.0,14.799503704778674,4.886206855762925e-06,0,16052,0.08987599611282349,209,3.725290298461914e-09,3240,1.0,10.0,10.0,10.0,0.9090909090909091,0.9090909090909091,0.9090909090909091,3240,1.0,10.0,10.0,10.0,0.9090909090909091,0.9090909090909091,0.9090909090909091,4824,1.0,9.999999557949407,10.0,10.000000536441691,0.9090909054375983,0.9090909090909091,0.9090909135243113
159,2.65,True,valid,0.005663384069728837,0.004922486567848724,0.01561845411661161,3.210180939560082,3.2105905928144947,0.0007182072506466445,3.2196266260694264,0.07805990190578653,0.15770208792942417,0.00027194401190617286,1585.0,15.824728226694537,5.160760847483633e-06,0,16082,0.08463235944509506,209,7.450580596923828e-09,3240,1.0,10.0,10.0,10.0,0.9090909090909091,0.9090909090909091,0.9090909090909091,3240,1.0,10.0,10.0,10.0,0.9090909090909091,0.9090909090909091,0.9090909090909091,4824,1.0,9.999999557949407,10.0,10.000000536441691,0.9090909054375983,0.9090909090909091,0.9090909135243113
160,2.6666666666666665,True,valid,0.005612569111669559,0.005189852993820898,0.015806344047725313,3.381463165703364,3.3819014960746454,0.0007880821414605022,3.394328048566606,0.08329658098317133,0.16777292492485643,0.00028569570107313556,1585.0,16.68373011188631,5.4102562285637704e-06,0,16096,0.07866989076137543,209,3.725290298461914e-09,3240,1.0,10.0,10.0,10.0,0.9090909090909091,0.9090909090909091,0.9090909090909091,3240,1.0,10.0,10.0,10.0,0.9090909090909091,0.9090909090909091,0.9090909090909091,4824,1.0,9.999999557949407,10.0,10.000000536441691,0.9090909054375983,0.9090909090909091,0.9090909135243113
161,2.683333333333333,True,valid,0.005540514687732579,0.005580493160243322,0.015899715117833873,3.53753342546858,3.5379986044070804,0.0007910882759514963,3.549142815364236,0.08747126540811606,0.1512462608357844,0.0002987480779398619,1585.0,17.350025852520226,5.645313945762963e-06,0,16094,0.07209588587284088,210,7.450580596923828e-09,3240,1.0,10.0,10.0,10.0,0.9090909090909091,0.9090909090909091,0.9090909090909091,3240,1.0,10.0,10.0,10.0,0.9090909090909091,0.9090909090909091,0.9090909090909091,4824,1.0,9.999999557949407,10.0,10.000000536441691,0.9090909054375983,0.9090909090909091,0.9090909135243113
162,2.7,True,valid,0.005494324183380077,0.0061079510594823595,0.01590183772423352,3.6666297025472163,3.667115695962823,0.0008428814355176415,3.678078126104577,0.09110038734133422,0.15272151234774634,0.00030968019903310716,1585.0,17.79366391537218,5.843104244257515e-06,0,16086,0.06505872309207916,210,3.725290298461914e-09,3240,1.0,10.0,10.0,10.0,0.9090909090909091,0.9090909090909091,0.9090909090909091,3240,1.0,10.0,10.0,10.0,0.9090909090909091,0.9090909090909091,0.9090909090909091,4824,1.0,9.999999557949407,10.0,10.000000536441691,0.9090909054375983,0.9090909090909091,0.9090909135243113
163,2.716666666666667,True,valid,0.0055228385153011745,0.006746216734685312,0.015907359393689684,3.76964515341759,3.770148811179041,0.0008629306519596962,3.7847870127892,0.09416925761906156,0.2210324098886062,0.0003184348578727311,1585.0,18.04270267694987,6.001296058404475e-06,0,16093,0.05776146799325943,210,7.450580596923828e-09,3240,1.0,10.0,10.0,10.0,0.9090909090909091,0.9090909090909091,0.9090909090909091,3240,1.0,10.0,10.0,10.0,0.9090909090909091,0.9090909090909091,0.9090909090909091,4824,1.0,9.999999557949407,10.0,10.000000536441691,0.9090909054375983,0.9090909090909091,0.9090909135243113
164,2.7333333333333334,True,valid,0.005664231100361082,0.007435420228445251,0.015920843471647267,3.8510740815656668,3.8515886105757513,0.0008808868322138503,3.8659961599884447,0.0964475364972245,0.2152939850382678,0.00032534728196359497,1585.0,18.122238194227144,6.128972226778177e-06,0,16091,0.06127316877245903,210,3.725290298461914e-09,3240,1.0,10.0,10.0,10.0,0.9090909090909091,0.9090909090909091,0.9090909090909091,3240,1.0,10.0,10.0,10.0,0.9090909090909091,0.9090909090909091,0.9090909090909091,4824,1.0,9.999999557949407,10.0,10.000000536441691,0.9090909054375983,0.9090909090909091,0.9090909135243113
165,2.75,True,valid,0.005874804079648188,0.008086662794782753,0.015939328426089815,3.9094219721407297,3.9099433526767338,0.0008825625794951351,3.9205279343004933,0.09770497980651177,0.15467344159821597,0.00033069346064653504,1585.0,18.094413809538665,6.23010299238949e-06,0,16186,0.06877593696117401,209,2.7939677238464355e-09,3240,1.0,10.0,10.0,10.0,0.9090909090909091,0.9090909090909091,0.9090909090909091,3240,1.0,10.0,10.0,10.0,0.9090909090909091,0.9090909090909091,0.9090909090909091,4824,1.0,9.999999557949407,10.0,10.000000536441691,0.9090909054375983,0.9090909090909091,0.9090909135243113
166,2.7666666666666666,True,valid,0.006068754402144188,0.008589254083359015,0.015954743618673963,3.938698063497346,3.9392229772641283,0.0008784053874852862,3.9496183378728116,0.09835218616025529,0.1470965593449162,0.00033352849584297956,1585.0,17.945338903944076,6.28266445238682e-06,0,16258,0.07615183293819427,208,4.656612873077393e-10,3240,1.0,10.0,10.0,10.0,0.9090909090909091,0.9090909090909091,0.9090909090909091,3240,1.0,10.0,10.0,10.0,0.9090909090909091,0.9090909090909091,0.9090909090909091,4824,1.0,9.999999557949407,10.0,10.000000536441691,0.9090909054375983,0.9090909090909091,0.9090909135243113
167,2.783333333333333,True,valid,0.0061864648451568985,0.008866239328123074,0.015932729815185766,3.9339046358344434,3.9344282634584187,0.0008769022719457424,3.9447688104089353,0.09822086889504625,0.146635915865393,0.0003333298531080493,1585.0,17.695588540189743,6.279050470434965e-06,0,16308,0.08325089514255524,209,3.725290298461914e-09,3240,1.0,10.0,10.0,10.0,0.9090909090909091,0.9090909090909091,0.9090909090909091,3240,1.0,10.0,10.0,10.0,0.9090909090909091,0.9090909090909091,0.9090909090909091,4824,1.0,9.999999557949407,10.0,10.000000536441691,0.9090909054375983,0.9090909090909091,0.9090909135243113
168,2.8,True,valid,0.006213911147140273,0.008903702802697602,0.015867322242586437,3.899892210328631,3.9004100418291068,0.000868938034651837,3.9135911314361955,0.09742549526073632,0.2164960204718421,0.00033075183012345306,1585.0,17.377534786298437,6.2313920058535296e-06,0,16333,0.09005648642778397,210,2.7939677238464355e-09,3240,1.0,10.0,10.0,10.0,0.9090909090909091,0.9090909090909091,0.9090909090909091,3240,1.0,10.0,10.0,10.0,0.9090909090909091,0.9090909090909091,0.9090909090909091,4824,1.0,9.999999557949407,10.0,10.000000536441691,0.9090909054375983,0.9090909090909091,0.9090909135243113
169,2.816666666666667,True,valid,0.006159606227262066,0.00872480263485447,0.01576647552246293,3.836748093868403,3.8372570308312506,0.0008550172904272202,3.851305257130209,0.09578740676870055,0.2152630130781825,0.0003257244306965602,1585.0,17.02001134553254,6.137260036029819e-06,0,16333,0.09594165533781052,210,5.587935447692871e-09,3240,1.0,10.0,10.0,10.0,0.9090909090909091,0.9090909090909091,0.9090909090909091,3240,1.0,10.0,10.0,10.0,0.9090909090909091,0.9090909090909091,0.9090909090909091,4824,1.0,9.999999557949407,10.0,10.000000536441691,0.9090909054375983,0.9090909090909091,0.9090909135243113
170,2.8333333333333335,True,valid,0.006042458263106505,0.00837233436051135,0.015658422399444163,3.7476491787016224,3.748144186990774,0.0008340561338909255,3.7606356343569862,0.09317138401510733,0.2004514811841051,0.000318709880711439,1585.0,16.5987408171341,6.008230889369465e-06,0,16310,0.10125832259654999,210,5.587935447692871e-09,3240,1.0,10.0,10.0,10.0,0.9090909090909091,0.9090909090909091,0.9090909090909091,3240,1.0,10.0,10.0,10.0,0.9090909090909091,0.9090909090909091,0.9090909090909091,4824,1.0,9.999999557949407,10.0,10.000000536441691,0.9090909054375983,0.9090909090909091,0.9090909135243113
171,2.85,True,valid,0.005897903517479654,0.007914014908984133,0.015536367912502834,3.628838292073982,3.6293166259026295,0.0008064039787427255,3.6408526525412315,0.08996848157682256,0.16339895616130268,0.0003091164068298799,1585.0,16.090352212781355,5.831965027859804e-06,0,16263,0.10622455179691315,210,3.725290298461914e-09,3240,1.0,10.0,10.0,10.0,0.9090909090909091,0.9090909090909091,0.9090909090909091,3240,1.0,10.0,10.0,10.0,0.9090909090909091,0.9090909090909091,0.9090909090909091,4824,1.0,9.999999557949407,10.0,10.000000536441691,0.9090909054375983,0.9090909090909091,0.9090909135243113
172,2.8666666666666667,True,valid,0.005752588390966648,0.007414002076319063,0.015419354810682845,3.4875401761500866,3.4879962396649513,0.0007732343367776855,3.498528142935407,0.08610027359152543,0.1451231564038436,0.00029791125580492465,1585.0,15.460408133880096,5.623270835394827e-06,0,16204,0.11090555042028427,210,3.725290298461914e-09,3240,1.0,10.0,10.0,10.0,0.9090909090909091,0.9090909090909091,0.9090909090909091,3240,1.0,10.0,10.0,10.0,0.9090909090909091,0.9090909090909091,0.9090909090909091,4824,1.0,9.999999557949407,10.0,10.000000536441691,0.9090909054375983,0.9090909090909091,0.9090909135243113
173,2.8833333333333333,True,valid,0.005630530479358858,0.006925768769844437,0.01528594280583624,3.3218351893288967,3.322266408608228,0.0007393917735656089,3.3341690595678597,0.08147918019498324,0.161228995605399,0.0002845563280173445,1585.0,14.642402292050335,5.379840903955201e-06,0,16108,0.11548095941543579,210,3.725290298461914e-09,3240,1.0,10.0,10.0,10.0,0.9090909090909091,0.9090909090909091,0.9090909090909091,3240,1.0,10.0,10.0,10.0,0.9090909090909091,0.9090909090909091,0.9090909090909091,4824,1.0,9.999999557949407,10.0,10.000000536441691,0.9090909054375983,0.9090909090909091,0.9090909135243113
174,2.9,True,valid,0.005543672915044428,0.006517919456903542,0.015060769902193221,3.1369168914321346,3.1373153855694422,0.0007384368311820066,3.1493088793677764,0.0763387951000598,0.15718370235933415,0.00027028886188470205,1585.0,13.663898564543498,5.118726714446862e-06,0,16022,0.11984608322381973,210,3.725290298461914e-09,3240,1.0,10.0,10.0,10.0,0.9090909090909091,0.9090909090909091,0.9090909090909091,3240,1.0,10.0,10.0,10.0,0.9090909090909091,0.9090909090909091,0.9090909090909091,4824,1.0,9.999999557949407,10.0,10.000000536441691,0.9090909054375983,0.9090909090909091,0.9090909135243113
175,2.9166666666666665,True,valid,0.005469074320665359,0.006213682129722872,0.014793821994518758,2.935425115441995,2.9357903956441103,0.0006558789371707709,2.9481994385852768,0.07052578425182329,0.16962818189382758,0.00025477339218270766,1585.0,12.585844988094145,4.832200993115125e-06,0,15956,0.12414588779211044,210,7.450580596923828e-09,3240,1.0,10.0,10.0,10.0,0.9090909090909091,0.9090909090909091,0.9090909090909091,3240,1.0,10.0,10.0,10.0,0.9090909090909091,0.9090909090909091,0.9090909090909091,4824,1.0,9.999999557949407,10.0,10.000000536441691,0.9090909054375983,0.9090909090909091,0.9090909135243113
176,2.933333333333333,True,valid,0.005417556396711706,0.006023293207806322,0.014513200302592205,2.716385831057713,2.716713064370153,0.0006057654319705978,2.7286061808358277,0.06422391077738429,0.14675438450672826,0.0002382720612240913,1585.0,11.349613374352149,4.532035197226388e-06,0,15948,0.12833276391029358,209,7.450580596923828e-09,3240,1.0,10.0,10.0,10.0,0.9090909090909091,0.9090909090909091,0.9090909090909091,3240,1.0,10.0,10.0,10.0,0.9090909090909091,0.9090909090909091,0.9090909090909091,4824,1.0,9.999999557949407,10.0,10.000000536441691,0.9090909054375983,0.9090909090909091,0.9090909135243113
177,2.95,True,valid,0.00541895177937575,0.005957253690826788,0.014231766516961446,2.490648761989177,2.4909365269029986,0.0005591512548967716,2.5015831610483286,0.05732896976533184,0.1286650432351109,0.00022122665955605423,1585.0,9.99421732184681,4.2223489917507394e-06,0,15930,0.13240428268909454,209,3.725290298461914e-09,3240,1.0,10.0,10.0,10.0,0.9090909090909091,0.9090909090909091,0.9090909090909091,3240,1.0,10.0,10.0,10.0,0.9090909090909091,0.9090909090909091,0.9090909090909091,4824,1.0,9.999999557949407,10.0,10.000000536441691,0.9090909054375983,0.9090909090909091,0.9090909135243113
178,2.966666666666667,True,valid,0.005485642431613446,0.0059998583925044875,0.01401459884912838,2.260398676141491,2.2606408852341415,0.0004763409662149436,2.2719042502392486,0.04999574103149881,0.1272930762850632,0.00020470162983300086,1585.0,8.51948682257921,3.921831552909818e-06,0,15912,0.13624197244644165,209,3.725290298461914e-09,3240,1.0,10.0,10.0,10.0,0.9090909090909091,0.9090909090909091,0.9090909090909091,3240,1.0,10.0,10.0,10.0,0.9090909090909091,0.9090909090909091,0.9090909090909091,4824,1.0,9.999999557949407,10.0,10.000000536441691,0.9090909054375983,0.9090909090909091,0.9090909135243113
179,2.9833333333333334,True,valid,0.00561074793561616,0.006113152143117202,0.013946684413793249,2.030645798106163,2.0308422976069087,0.0004110530705670457,2.042330656027357,0.04225333047150244,0.12294371951562985,0.00018755841271059082,1585.0,7.233911707737376,3.6170451381024706e-06,0,15893,0.13981758058071136,209,7.450580596923828e-09,3240,1.0,10.0,10.0,10.0,0.9090909090909091,0.9090909090909091,0.9090909090909091,3240,1.0,10.0,10.0,10.0,0.9090909090909091,0.9090909090909091,0.9090909090909091,4824,1.0,9.999999557949407,10.0,10.000000536441691,0.9090909054375983,0.9090909090909091,0.9090909135243113
180,3.0,True,valid,0.005786897900213558,0.006255005209917041,0.013973714256178276,1.8126464963830358,1.8127945206572018,0.000368206967429773,1.8248839135371155,0.034208212145139825,0.1263724741308683,0.0001717835615797395,1585.0,6.159707031465877,3.3415254150178797e-06,0,15836,0.1430947184562683,211,7.450580596923828e-09,3240,1.0,10.0,10.0,10.0,0.9090909090909091,0.9090909090909091,0.9090909090909091,3240,1.0,10.0,10.0,10.0,0.9090909090909091,0.9090909090909091,0.9090909090909091,4824,1.0,9.999999557949407,10.0,10.000000536441691,0.9090909054375983,0.9090909090909091,0.9090909135243113
181,3.0166666666666666,True,valid,0.005962393839555465,0.006345930595547882,0.014071252326786288,1.6188643677993264,1.618964770806988,0.0002987253394946872,1.6325854193093983,0.025914251000416062,0.1343402500333833,0.0001581676484247919,1585.0,5.0508565634466445,3.106292378868985e-06,0,15760,0.14565137028694153,212,7.450580596923828e-09,3240,1.0,10.0,10.0,10.0,0.9090909090909091,0.9090909090909091,0.9090909090909091,3240,1.0,10.0,10.0,10.0,0.9090909090909091,0.9090909090909091,0.9090909090909091,4824,1.0,9.999999557949407,10.0,10.000000536441691,0.9090909054375983,0.9090909090909091,0.9090909135243113
182,3.033333333333333,True,valid,0.006075454516152054,0.0062932211402328166,0.014216369427096632,1.4569511986452817,1.457013986938858,0.0002457725462989054,1.4716446915796562,0.01741636030828842,0.12484296828885894,0.0001461565837147541,1585.0,3.9447380573037445,2.9017273294991557e-06,0,15673,0.1471620351076126,211,7.450580596923828e-09,3240,1.0,10.0,10.0,10.0,0.9090909090909091,0.9090909090909091,0.9090909090909091,3240,1.0,10.0,10.0,10.0,0.9090909090909091,0.9090909090909091,0.9090909090909091,4824,1.0,9.999999557949407,10.0,10.000000536441691,0.9090909054375983,0.9090909090909091,0.9090909135243113
183,3.05,True,valid,0.0060991005998838,0.00605431440322314,0.014293744385560981,1.347160207753041,1.3471890025813544,0.00021248035430744365,1.363501797440178,0.009039544732589715,0.13008859263600894,0.0001381414568290025,1585.0,2.8562991714813486,2.76788873604456e-06,0,15554,0.14778943359851837,210,7.450580596923828e-09,3240,1.0,10.0,10.0,10.0,0.9090909090909091,0.9090909090909091,0.9090909090909091,3240,1.0,10.0,10.0,10.0,0.9090909090909091,0.9090909090909091,0.9090909090909091,4824,1.0,9.999999557949407,10.0,10.000000536441691,0.9090909054375983,0.9090909090909091,0.9090909135243113
184,3.066666666666667,True,valid,0.006011886460787029,0.00562238913432814,0.014279658807473361,1.3039345635212078,1.3039576611503738,0.00016574008081484185,1.3201691046479176,0.0030648544085632857,0.12431977287499087,0.0001347871567569643,1585.0,2.8184491583716778,2.710576992680118e-06,0,15508,0.14751315116882324,209,7.450580596923828e-09,3240,1.0,10.0,10.0,10.0,0.9090909090909091,0.9090909090909091,0.9090909090909091,3240,1.0,10.0,10.0,10.0,0.9090909090909091,0.9090909090909091,0.9090909090909091,4824,1.0,9.999999557949407,10.0,10.000000536441691,0.9090909054375983,0.9090909090909091,0.9090909135243113
185,3.0833333333333335,True,valid,0.00581987954522982,0.005042984900335396,0.01423150182138293,1.3315527946443826,1.3315884525100865,0.00018251261867855185,1.3532799974466176,0.00951993428527236,0.1624053884582209,0.00013603765848699628,1585.0,3.308305277753181,2.726246868150978e-06,0,15687,0.1463346928358078,208,7.450580596923828e-09,3240,1.0,10.0,10.0,10.0,0.9090909090909091,0.9090909090909091,0.9090909090909091,3240,1.0,10.0,10.0,10.0,0.9090909090909091,0.9090909090909091,0.9090909090909091,4824,1.0,9.999999557949407,10.0,10.000000536441691,0.9090909054375983,0.9090909090909091,0.9090909135243113
186,3.1,True,valid,0.005575585350130153,0.004432893762287393,0.0141636650791794,1.4345474071879525,1.4346114752235903,0.0003495170589812156,1.459126959203403,0.01800145367052378,0.1981007038118181,0.00014242686314839165,1585.0,4.566133300236476,2.834797959354591e-06,0,15775,0.14427714049816132,208,7.450580596923828e-09,3240,1.0,10.0,10.0,10.0,0.9090909090909091,0.9090909090909091,0.9090909090909091,3240,1.0,10.0,10.0,10.0,0.9090909090909091,0.9090909090909091,0.9090909090909091,4824,1.0,9.999999557949407,10.0,10.000000536441691,0.9090909054375983,0.9090909090909091,0.9090909135243113
187,3.1166666666666667,True,valid,0.00534548042706615,0.003948377351863993,0.014088076824827291,1.600026462660292,1.6001340312038161,0.0003029698073876908,1.6264186763450188,0.02650711712916173,0.2403475307039658,0.0001538457457680119,1585.0,5.843850874299559,3.0305421750620657e-06,0,15819,0.14149761199951172,209,7.450580596923828e-09,3240,1.0,10.0,10.0,10.0,0.9090909090909091,0.9090909090909091,0.9090909090909091,3240,1.0,10.0,10.0,10.0,0.9090909090909091,0.9090909090909091,0.9090909090909091,4824,1.0,9.999999557949407,10.0,10.000000536441691,0.9090909054375983,0.9090909090909091,0.9090909135243113
188,3.1333333333333333,True,valid,0.005165867968655672,0.0037373759293125915,0.014080848871079932,1.8043759069724161,1.8045300928670078,0.0003706199100674062,1.8284067054876518,0.034736109864333335,0.25264819385281495,0.00016844974232730557,1585.0,7.072251021331798,3.284425115990732e-06,0,15868,0.13811273872852325,209,7.450580596923828e-09,3240,1.0,10.0,10.0,10.0,0.9090909090909091,0.9090909090909091,0.9090909090909091,3240,1.0,10.0,10.0,10.0,0.9090909090909091,0.9090909090909091,0.9090909090909091,4824,1.0,9.999999557949407,10.0,10.000000536441691,0.9090909054375983,0.9090909090909091,0.9090909135243113
189,3.15,True,valid,0.005060598282673989,0.0038541758704786207,0.0141591063526278,2.030079890611556,2.0302816425512957,0.0004485235632959314,2.053237231669887,0.04271304742947436,0.25922194852886155,0.00018457005548663084,1585.0,8.403980038584534,3.5697668004305557e-06,0,15929,0.13426347076892853,210,7.450580596923828e-09,3240,1.0,10.0,10.0,10.0,0.9090909090909091,0.9090909090909091,0.9090909090909091,3240,1.0,10.0,10.0,10.0,0.9090909090909091,0.9090909090909091,0.9090909090909091,4824,1.0,9.999999557949407,10.0,10.000000536441691,0.9090909054375983,0.9090909090909091,0.9090909135243113
190,3.1666666666666665,True,valid,0.005044111596792224,0.004214940280290525,0.014243145487112216,2.267654884061037,2.267900284042773,0.0004918952765663171,2.2865564227135335,0.05044272263094767,0.23693690854650973,0.0002026831220133339,1585.0,9.764976623638342,3.892866083013186e-06,0,15957,0.13006915152072906,211,7.450580596923828e-09,3240,1.0,10.0,10.0,10.0,0.9090909090909091,0.9090909090909091,0.9090909090909091,3240,1.0,10.0,10.0,10.0,0.9090909090909091,0.9090909090909091,0.9090909090909091,4824,1.0,9.999999557949407,10.0,10.000000536441691,0.9090909054375983,0.9090909090909091,0.9090909135243113
191,3.183333333333333,True,valid,0.005072197771937007,0.0046416037397549875,0.014358641094522269,2.5029811543603224,2.5032709129988127,0.0005592518233571925,2.5187662287806467,0.057771747685351406,0.21940633982149346,0.00022063454933608597,1585.0,11.059126149622482,4.217039908415624e-06,0,15960,0.12567773461341858,211,7.450580596923828e-09,3240,1.0,10.0,10.0,10.0,0.9090909090909091,0.9090909090909091,0.9090909090909091,3240,1.0,10.0,10.0,10.0,0.9090909090909091,0.9090909090909091,0.9090909090909091,4824,1.0,9.999999557949407,10.0,10.000000536441691,0.9090909054375983,0.9090909090909091,0.9090909135243113
192,3.2,True,valid,0.005110264937604534,0.005019103206341157,0.01451346635010841,2.7285341888538057,2.728862447605324,0.0005949827307717429,2.7419066614119134,0.06456092566275388,0.19583593097933819,0.0002377725743546858,1585.0,12.286990929186233,4.527827488008205e-06,0,15973,0.1211380586028099,210,7.450580596923828e-09,3240,1.0,10.0,10.0,10.0,0.9090909090909091,0.9090909090909091,0.9090909090909091,3240,1.0,10.0,10.0,10.0,0.9090909090909091,0.9090909090909091,0.9090909090909091,4824,1.0,9.999999557949407,10.0,10.000000536441691,0.9090909054375983,0.9090909090909091,0.9090909135243113
193,3.216666666666667,True,valid,0.00515981519955674,0.0053098124993144705,0.014678858730580599,2.944318599382746,2.9446841036582523,0.0006424921189844198,2.9527632002269812,0.07078195128657078,0.11153110530346592,0.000254290954704077,1585.0,13.409999368213386,4.8299171550828066e-06,0,15983,0.11646472662687302,209,3.725290298461914e-09,3240,1.0,10.0,10.0,10.0,0.9090909090909091,0.9090909090909091,0.9090909090909091,3240,1.0,10.0,10.0,10.0,0.9090909090909091,0.9090909090909091,0.9090909090909091,4824,1.0,9.999999557949407,10.0,10.000000536441691,0.9090909054375983,0.9090909090909091,0.9090909135243113
194,3.2333333333333334,True,valid,0.005223063449378426,0.005514231384879267,0.014847050871477308,3.143029682696959,3.1434300573037763,0.0006884306366718132,3.151407437544632,0.07653478116434792,0.10243676119505427,0.0002696901162258789,1585.0,14.392225573705153,5.1104362825470074e-06,0,16003,0.11165990680456161,209,3.725290298461914e-09,3240,1.0,10.0,10.0,10.0,0.9090909090909091,0.9090909090909091,0.9090909090909091,3240,1.0,10.0,10.0,10.0,0.9090909090909091,0.9090909090909091,0.9090909090909091,4824,1.0,9.999999557949407,10.0,10.000000536441691,0.9090909054375983,0.9090909090909091,0.9090909135243113
195,3.25,True,valid,0.005290077824037776,0.0056566419502309265,0.015054754829371703,3.320865448944288,3.3212955823187795,0.0007326543845811022,3.329178620557853,0.0817151772251236,0.10240163532274897,0.00028345740757001743,1585.0,15.25990039923916,5.3628236199002875e-06,0,16035,0.10664462298154831,209,7.450580596923828e-09,3240,1.0,10.0,10.0,10.0,0.9090909090909091,0.9090909090909091,0.9090909090909091,3240,1.0,10.0,10.0,10.0,0.9090909090909091,0.9090909090909091,0.9090909090909091,4824,1.0,9.999999557949407,10.0,10.000000536441691,0.9090909054375983,0.9090909090909091,0.9090909135243113
196,3.2666666666666666,True,valid,0.005359211687920178,0.0057789094674383455,0.015312924316136596,3.4784137990253687,3.4788695556987523,0.0007863048263487098,3.487600676444054,0.08627613380516563,0.11883949824413227,0.0002956880894250359,1585.0,16.003895489385805,5.5867955134429065e-06,0,16051,0.10141388326883316,210,5.587935447692871e-09,3240,1.0,10.0,10.0,10.0,0.9090909090909091,0.9090909090909091,0.9090909090909091,3240,1.0,10.0,10.0,10.0,0.9090909090909091,0.9090909090909091,0.9090909090909091,4824,1.0,9.999999557949407,10.0,10.000000536441691,0.9090909054375983,0.9090909090909091,0.9090909135243113
197,3.283333333333333,True,valid,0.005437423036505562,0.0059010994874046895,0.015584688456318236,3.614146483633415,3.614625298564057,0.0008123570695623664,3.6228300313496904,0.09010061383008468,0.11304434592374414,0.00030621391123233314,1585.0,16.611852392244842,5.780958228798835e-06,0,16066,0.09599517285823822,210,5.587935447692871e-09,3240,1.0,10.0,10.0,10.0,0.9090909090909091,0.9090909090909091,0.9090909090909091,3240,1.0,10.0,10.0,10.0,0.9090909090909091,0.9090909090909091,0.9090909090909091,4824,1.0,9.999999557949407,10.0,10.000000536441691,0.9090909054375983,0.9090909090909091,0.9090909135243113
198,3.3,True,valid,0.005512542355337204,0.006043266222162522,0.01582328118601246,3.726175680929143,3.7266729412133066,0.0008321645514168988,3.73482537930261,0.09321990621610966,0.10419817260876645,0.0003149543924157138,1585.0,17.091277898092933,5.943109935605282e-06,0,16083,0.09035690128803253,210,5.587935447692871e-09,3240,1.0,10.0,10.0,10.0,0.9090909090909091,0.9090909090909091,0.9090909090909091,3240,1.0,10.0,10.0,10.0,0.9090909090909091,0.9090909090909091,0.9090909090909091,4824,1.0,9.999999557949407,10.0,10.000000536441691,0.9090909054375983,0.9090909090909091,0.9090909135243113
199,3.316666666666667,True,valid,0.005561898894799599,0.006224923416817766,0.01601518362902718,3.809272199442381,3.8097861035704845,0.001084995935791575,3.8221411660882163,0.09565534633761377,0.21527059290364525,0.00032159845792631593,1585.0,17.4551138546556,6.065437938762577e-06,0,16091,0.08432743698358536,210,1.862645149230957e-09,3240,1.0,10.0,10.0,10.0,0.9090909090909091,0.9090909090909091,0.9090909090909091,3240,1.0,10.0,10.0,10.0,0.9090909090909091,0.9090909090909091,0.9090909090909091,4824,1.0,9.999999557949407,10.0,10.000000536441691,0.9090909054375983,0.9090909090909091,0.9090909135243113
200,3.3333333333333335,True,valid,0.005594758542622453,0.0064702568998538405,0.01611191192904276,3.869154715840474,3.869676134596624,0.0008689867133267954,3.8784323715057383,0.0972539173934226,0.11299673902706756,0.0003265961515468446,1585.0,17.739064559124877,6.158805528499931e-06,0,16094,0.07773254811763763,210,2.7939677238464355e-09,3240,1.0,10.0,10.0,10.0,0.9090909090909091,0.9090909090909091,0.9090909090909091,3240,1.0,10.0,10.0,10.0,0.9090909090909091,0.9090909090909091,0.9090909090909091,4824,1.0,9.999999557949407,10.0,10.000000536441691,0.9090909054375983,0.9090909090909091,0.9090909135243113
201,3.35,True,valid,0.005622221925947395,0.006785068975147173,0.016132221778137747,3.9023162019457382,3.9028428490608653,0.0009047438933241884,3.9146802705195696,0.09813686745994211,0.18023129788255277,0.000329821520221898,1585.0,17.91012171653961,6.215736602733706e-06,0,16098,0.07077193260192871,210,2.3283064365386963e-10,3240,1.0,10.0,10.0,10.0,0.9090909090909091,0.9090909090909091,0.9090909090909091,3240,1.0,10.0,10.0,10.0,0.9090909090909091,0.9090909090909091,0.9090909090909091,4824,1.0,9.999999557949407,10.0,10.000000536441691,0.9090909054375983,0.9090909090909091,0.9090909135243113
202,3.3666666666666667,True,valid,0.00567004618180337,0.007144670017855695,0.016079224772452196,3.9068494682707113,3.907375663278101,0.000878333390851875,3.9155499458496275,0.09824619309235916,0.10494256783072316,0.00033053056768361696,1585.0,17.93927154974712,6.228645984615637e-06,0,16087,0.06351140141487122,210,3.725290298461914e-09,3240,1.0,10.0,10.0,10.0,0.9090909090909091,0.9090909090909091,0.9090909090909091,3240,1.0,10.0,10.0,10.0,0.9090909090909091,0.9090909090909091,0.9090909090909091,4824,1.0,9.999999557949407,10.0,10.000000536441691,0.9090909054375983,0.9090909090909091,0.9090909135243113
203,3.3833333333333333,True,valid,0.005761559078651286,0.007553145866775169,0.01599155003418246,3.8870267250118613,3.8875488930751807,0.0008729103706137434,3.8952091252956254,0.09760449762878544,0.10130719514485756,0.0003294090521328021,1585.0,17.827953945782784,6.209578251248423e-06,0,16125,0.0561261922121048,208,2.7939677238464355e-09,3240,1.0,10.0,10.0,10.0,0.9090909090909091,0.9090909090909091,0.9090909090909091,3240,1.0,10.0,10.0,10.0,0.9090909090909091,0.9090909090909091,0.9090909090909091,4824,1.0,9.999999557949407,10.0,10.000000536441691,0.9090909054375983,0.9090909090909091,0.9090909135243113
204,3.4,True,valid,0.0058949856804198205,0.00797591946111834,0.01586561621096526,3.8377684591847276,3.838280892234806,0.0008617442953448432,3.845800579058795,0.09619054587659594,0.099777206752359,0.000326168371696925,1585.0,17.597102525995208,6.149142502890834e-06,0,16187,0.06320320069789886,208,3.725290298461914e-09,3240,1.0,10.0,10.0,10.0,0.9090909090909091,0.9090909090909091,0.9090909090909091,3240,1.0,10.0,10.0,10.0,0.9090909090909091,0.9090909090909091,0.9090909090909091,4824,1.0,9.999999557949407,10.0,10.000000536441691,0.9090909054375983,0.9090909090909091,0.9090909135243113
205,3.4166666666666665,True,valid,0.006046907178121969,0.008356635422227894,0.015737196395655323,3.761012587031934,3.7615152216454195,0.0014535005328269793,3.776586305697892,0.09419611589111183,0.2828543907054163,0.00032107309264635994,1585.0,17.262086477159112,6.054505413659274e-06,0,16219,0.06996344774961472,208,3.725290298461914e-09,3240,1.0,10.0,10.0,10.0,0.9090909090909091,0.9090909090909091,0.9090909090909091,3240,1.0,10.0,10.0,10.0,0.9090909090909091,0.9090909090909091,0.9090909090909091,4824,1.0,9.999999557949407,10.0,10.000000536441691,0.9090909054375983,0.9090909090909091,0.9090909135243113
206,3.433333333333333,True,valid,0.006176600968707418,0.008621370353652702,0.015644017445099336,3.659908863800297,3.66039056182989,0.0008181547445679451,3.6680818560554638,0.09099694056958023,0.11209366079829447,0.0003131063559497793,1585.0,16.75000572682374,5.908183825387416e-06,0,16266,0.07654129713773727,207,5.587935447692871e-09,3240,1.0,10.0,10.0,10.0,0.9090909090909091,0.9090909090909091,0.9090909090909091,3240,1.0,10.0,10.0,10.0,0.9090909090909091,0.9090909090909091,0.9090909090909091,4824,1.0,9.999999557949407,10.0,10.000000536441691,0.9090909054375983,0.9090909090909091,0.9090909135243113
207,3.45,True,valid,0.006273606017000483,0.00874535737204751,0.01559902643869938,3.5367109114798962,3.537028456106052,0.0027615169634393143,3.5504939934275184,0.08741444860968847,0.23194637397286483,0.00030309685682535366,1585.0,16.057017063309313,5.745613772251809e-06,0,16296,0.08257132023572922,206,3.725290298461914e-09,3240,1.0,10.0,10.0,10.0,0.9090909090909091,0.9090909090909091,0.9090909090909091,3240,1.0,10.0,10.0,10.0,0.9090909090909091,0.9090909090909091,0.9090909090909091,4824,1.0,9.999999557949407,10.0,10.000000536441691,0.9090909054375983,0.9090909090909091,0.9090909135243113
208,3.466666666666667,True,valid,0.006336966754799853,0.00870780301358265,0.01570319067299198,3.3930117636130266,3.3933229769925646,0.0026988274844462826,3.4152848440789345,0.08307000764310535,0.26939442956320603,0.0002912626952174486,1585.0,15.190911022966878,5.544803928446631e-06,0,16307,0.08796806633472443,205,3.725290298461914e-09,3240,1.0,10.0,10.0,10.0,0.9090909090909091,0.9090909090909091,0.9090909090909091,3240,1.0,10.0,10.0,10.0,0.9090909090909091,0.9090909090909091,0.9090909090909091,4824,1.0,9.999999557949407,10.0,10.000000536441691,0.9090909054375983,0.9090909090909091,0.9090909135243113
209,3.4833333333333334,True,valid,0.006362484402817268,0.008467692404088024,0.01570665037276615,3.2134521400568343,3.213855327876868,0.0012310171511262593,3.2305460010672724,0.078025874904393,0.27671125506081196,0.0002788400242166837,1585.0,14.222337379981141,5.282087656181737e-06,0,16296,0.09281609952449799,203,7.450580596923828e-09,3240,1.0,10.0,10.0,10.0,0.9090909090909091,0.9090909090909091,0.9090909090909091,3240,1.0,10.0,10.0,10.0,0.9090909090909091,0.9090909090909091,0.9090909090909091,4824,1.0,9.999999557949407,10.0,10.000000536441691,0.9090909054375983,0.9090909090909091,0.9090909135243113
210,3.5,True,valid,0.006252964508413788,0.008055331432777254,0.015556878133707501,3.0185164601793453,3.0188874649722104,0.0006690474899088754,3.030172286889322,0.07209270093283912,0.15412522921700425,0.00026279746408785105,1585.0,13.117966303243657,4.999144419809299e-06,0,16241,0.09714358299970627,205,3.725290298461914e-09,3240,1.0,10.0,10.0,10.0,0.9090909090909091,0.9090909090909091,0.9090909090909091,3240,1.0,10.0,10.0,10.0,0.9090909090909091,0.9090909090909091,0.9090909090909091,4824,1.0,9.999999557949407,10.0,10.000000536441691,0.9090909054375983,0.9090909090909091,0.9090909135243113
211,3.5166666666666666,True,valid,0.006025274464401597,0.007534290922917072,0.015178237046838199,2.795043449749949,2.795378577767365,0.0010933165657902204,2.812354357443254,0.06612492343921102,0.2500714533928514,0.0002461393635741092,1585.0,11.94387345994631,4.689382615359493e-06,0,16174,0.10091540962457657,205,3.725290298461914e-09,3240,1.0,10.0,10.0,10.0,0.9090909090909091,0.9090909090909091,0.9090909090909091,3240,1.0,10.0,10.0,10.0,0.9090909090909091,0.9090909090909091,0.9090909090909091,4824,1.0,9.999999557949407,10.0,10.000000536441691,0.9090909054375983,0.9090909090909091,0.9090909135243113
212,3.533333333333333,True,valid,0.0057593084478705725,0.006921754040019772,0.014641667108246393,2.567117141867744,2.567414935394727,0.0005948265111230457,2.5785592046893666,0.059335482817276734,0.14333536456453908,0.00022848645846137107,1585.0,10.641422867158195,4.357932378630346e-06,0,16070,0.10406863689422607,205,3.725290298461914e-09,3240,1.0,10.0,10.0,10.0,0.9090909090909091,0.9090909090909091,0.9090909090909091,3240,1.0,10.0,10.0,10.0,0.9090909090909091,0.9090909090909091,0.9090909090909091,4824,1.0,9.999999557949407,10.0,10.000000536441691,0.9090909054375983,0.9090909090909091,0.9090909135243113
213,3.55,True,valid,0.005513972773185909,0.006240910926639145,0.014081234918404116,2.3142312237442084,2.314487655371089,0.0009144727229970597,2.331659066435217,0.05220737795425788,0.22296076182118893,0.0002099131343808317,1585.0,9.19236123562973,4.014588339355252e-06,0,15926,0.10678108781576157,205,3.725290298461914e-09,3240,1.0,10.0,10.0,10.0,0.9090909090909091,0.9090909090909091,0.9090909090909091,3240,1.0,10.0,10.0,10.0,0.9090909090909091,0.9090909090909091,0.9090909090909091,4824,1.0,9.999999557949407,10.0,10.000000536441691,0.9090909054375983,0.9090909090909091,0.9090909135243113
214,3.566666666666667,True,valid,0.005315976839415565,0.005609643237077625,0.013701148323197505,2.0664228298594787,2.0666314159633274,0.0004808039599406062,2.078520624750886,0.04451389246685531,0.14269923871832899,0.00019081012099765596,1585.0,7.697032831239241,3.6691676905102533e-06,0,15891,0.1090361624956131,204,7.450580596923828e-09,3240,1.0,10.0,10.0,10.0,0.9090909090909091,0.9090909090909091,0.9090909090909091,3240,1.0,10.0,10.0,10.0,0.9090909090909091,0.9090909090909091,0.9090909090909091,4824,1.0,9.999999557949407,10.0,10.000000536441691,0.9090909054375983,0.9090909090909091,0.9090909135243113
215,3.5833333333333335,True,valid,0.005210386889476709,0.005125438540398182,0.013482970804197175,1.8338194335423863,1.8339858494794188,0.0004148856477977147,1.8480623961989255,0.03658549800664691,0.15094856846605606,0.00017410438603942502,1585.0,6.358563593512043,3.3663673699445436e-06,0,15848,0.11095743626356125,204,7.450580596923828e-09,3240,1.0,10.0,10.0,10.0,0.9090909090909091,0.9090909090909091,0.9090909090909091,3240,1.0,10.0,10.0,10.0,0.9090909090909091,0.9090909090909091,0.9090909090909091,4824,1.0,9.999999557949407,10.0,10.000000536441691,0.9090909054375983,0.9090909090909091,0.9090909135243113
216,3.6,True,valid,0.00518648494358372,0.004774482243951846,0.013436292908877902,1.6239269941792294,1.6240157922017404,0.0008432709702974935,1.6386807362296627,0.02835961404877807,0.1553390401580256,0.0001593334306432442,1585.0,5.052629595039384,3.1120325999425e-06,0,15787,0.1125706285238266,204,7.450580596923828e-09,3240,1.0,10.0,10.0,10.0,0.9090909090909091,0.9090909090909091,0.9090909090909091,3240,1.0,10.0,10.0,10.0,0.9090909090909091,0.9090909090909091,0.9090909090909091,4824,1.0,9.999999557949407,10.0,10.000000536441691,0.9090909054375983,0.9090909090909091,0.9090909135243113
217,3.6166666666666667,True,valid,0.005200407632675811,0.00453551513854954,0.013548167425625552,1.4397603884459171,1.439834869540379,0.0009448568839547682,1.4644121717033114,0.020324653359604688,0.23554953101753348,0.00014642222419556253,1585.0,3.9608705771708954,2.8886101097230132e-06,0,15734,0.11385343223810196,204,7.450580596923828e-09,3240,1.0,10.0,10.0,10.0,0.9090909090909091,0.9090909090909091,0.9090909090909091,3240,1.0,10.0,10.0,10.0,0.9090909090909091,0.9090909090909091,0.9090909090909091,4824,1.0,9.999999557949407,10.0,10.000000536441691,0.9090909054375983,0.9090909090909091,0.9090909135243113
218,3.6333333333333333,True,valid,0.005251270658093336,0.004404096778861745,0.013704593773055811,1.314719287564314,1.3147584059696367,0.00024967884730576546,1.333094845588573,0.011563062661190313,0.14753624468783758,0.00013729262893911283,1585.0,2.9143838275060876,2.7327256158875723e-06,0,15626,0.11473090201616287,203,7.450580596923828e-09,3240,1.0,10.0,10.0,10.0,0.9090909090909091,0.9090909090909091,0.9090909090909091,3240,1.0,10.0,10.0,10.0,0.9090909090909091,0.9090909090909091,0.9090909090909091,4824,1.0,9.999999557949407,10.0,10.000000536441691,0.9090909054375983,0.9090909090909091,0.9090909135243113
219,3.65,True,valid,0.00533970809371336,0.004353685875749536,0.01381087345355259,1.2640998703457773,1.264122850000402,0.0001865905119246865,1.2818642172402859,0.0037663391331590633,0.13859277309069634,0.00013347370793839565,1585.0,2.7686418668742583,2.6734036620519803e-06,0,15504,0.11516547948122025,203,7.450580596923828e-09,3240,1.0,10.0,10.0,10.0,0.9090909090909091,0.9090909090909091,0.9090909090909091,3240,1.0,10.0,10.0,10.0,0.9090909090909091,0.9090909090909091,0.9090909090909091,4824,1.0,9.999999557949407,10.0,10.000000536441691,0.9090909054375983,0.9090909090909091,0.9090909135243113
220,3.6666666666666665,True,valid,0.005427087916552122,0.0043509848615695635,0.013869831348404244,1.2924106190939588,1.2924406067250882,0.00021064762734505194,1.3111345011452347,0.007072433017023151,0.14747442897729487,0.00013451725925971985,1585.0,2.8498517798736547,2.6943575690659603e-06,0,15620,0.11508595943450928,204,7.450580596923828e-09,3240,1.0,10.0,10.0,10.0,0.9090909090909091,0.9090909090909091,0.9090909090909091,3240,1.0,10.0,10.0,10.0,0.9090909090909091,0.9090909090909091,0.9090909090909091,4824,1.0,9.999999557949407,10.0,10.000000536441691,0.9090909054375983,0.9090909090909091,0.9090909135243113
221,3.683333333333333,True,valid,0.005485251245252797,0.004367151486967139,0.01391377381039669,1.392735869868921,1.3927930933965278,0.00021667355985122066,1.4115390251022584,0.01532487880738259,0.15106336486582303,0.00014015064419380466,1585.0,4.3158915011565675,2.790517396026521e-06,0,15719,0.11441873013973236,204,7.450580596923828e-09,3240,1.0,10.0,10.0,10.0,0.9090909090909091,0.9090909090909091,0.9090909090909091,3240,1.0,10.0,10.0,10.0,0.9090909090909091,0.9090909090909091,0.9090909090909091,4824,1.0,9.999999557949407,10.0,10.000000536441691,0.9090909054375983,0.9090909090909091,0.9090909135243113
222,3.7,True,valid,0.005519580001939978,0.004364418907920783,0.013972323758691608,1.5522735982827511,1.552370432072468,0.0002638481054235178,1.5705584121329643,0.02383260967391609,0.1558395995751268,0.0001499783243587087,1585.0,5.858526939806205,2.960855998859337e-06,0,15809,0.1130886822938919,205,7.450580596923828e-09,3240,1.0,10.0,10.0,10.0,0.9090909090909091,0.9090909090909091,0.9090909090909091,3240,1.0,10.0,10.0,10.0,0.9090909090909091,0.9090909090909091,0.9090909090909091,4824,1.0,9.999999557949407,10.0,10.000000536441691,0.9090909054375983,0.9090909090909091,0.9090909135243113
223,3.716666666666667,True,valid,0.00553582075677433,0.004312824056530677,0.01407880367026217,1.7544662383312466,1.7546076846649068,0.00032209301859242173,1.7711650744260385,0.03220906976640638,0.1622908363694612,0.0001634989593559199,1585.0,7.400747227568789,3.1994338057632503e-06,0,15860,0.11103571951389313,204,7.450580596923828e-09,3240,1.0,10.0,10.0,10.0,0.9090909090909091,0.9090909090909091,0.9090909090909091,3240,1.0,10.0,10.0,10.0,0.9090909090909091,0.9090909090909091,0.9090909090909091,4824,1.0,9.999999557949407,10.0,10.000000536441691,0.9090909054375983,0.9090909090909091,0.9090909135243113
224,3.7333333333333334,True,valid,0.005521557778702555,0.004223434837518008,0.014251479674755395,1.9792300946556216,1.9794184796447816,0.0003845884565576196,1.994477650022665,0.040415615457047215,0.16968396896075627,0.00017928324830648073,1585.0,8.887740256110776,3.481522365328055e-06,0,15944,0.10821600258350372,204,7.450580596923828e-09,3240,1.0,10.0,10.0,10.0,0.9090909090909091,0.9090909090909091,0.9090909090909091,3240,1.0,10.0,10.0,10.0,0.9090909090909091,0.9090909090909091,0.9090909090909091,4824,1.0,9.999999557949407,10.0,10.000000536441691,0.9090909054375983,0.9090909090909091,0.9090909135243113
225,3.75,True,valid,0.005472458738424432,0.0041521505728480375,0.014464190783648943,2.2100580395986085,2.210291359420072,0.0004744566474785966,2.2307858480651244,0.048038696603752686,0.2326012939362791,0.0001964040685611377,1585.0,10.283739510920396,3.785338578447321e-06,0,15982,0.10465873777866364,205,7.450580596923828e-09,3240,1.0,10.0,10.0,10.0,0.9090909090909091,0.9090909090909091,0.9090909090909091,3240,1.0,10.0,10.0,10.0,0.9090909090909091,0.9090909090909091,0.9090909090909091,4824,1.0,9.999999557949407,10.0,10.000000536441691,0.9090909054375983,0.9090909090909091,0.9090909135243113
226,3.7666666666666666,True,valid,0.005403363014949774,0.004190842515714604,0.014709427723222625,2.444265717348356,2.444542311361625,0.0005095903305292278,2.4659459985417485,0.05576124638156792,0.2601978093820846,0.0002138554872718961,1585.0,11.58494778934893,4.09953067630507e-06,0,16001,0.10042308270931244,205,3.725290298461914e-09,3240,1.0,10.0,10.0,10.0,0.9090909090909091,0.9090909090909091,0.9090909090909091,3240,1.0,10.0,10.0,10.0,0.9090909090909091,0.9090909090909091,0.9090909090909091,4824,1.0,9.999999557949407,10.0,10.000000536441691,0.9090909054375983,0.9090909090909091,0.9090909135243113
227,3.783333333333333,True,valid,0.005347090538932747,0.004394430869149406,0.014942655559927971,2.675033263140016,2.6753519767995884,0.0005684805819836174,2.694671975496317,0.0625120260309717,0.23119080476045725,0.0002314126768979711,1585.0,12.775472146485424,4.418108679932696e-06,0,16004,0.0955662801861763,206,3.725290298461914e-09,3240,1.0,10.0,10.0,10.0,0.9090909090909091,0.9090909090909091,0.9090909090909091,3240,1.0,10.0,10.0,10.0,0.9090909090909091,0.9090909090909091,0.9090909090909091,4824,1.0,9.999999557949407,10.0,10.000000536441691,0.9090909054375983,0.9090909090909091,0.9090909135243113
228,3.8,True,valid,0.005320105239635576,0.004774892908871187,0.015113859661265033,2.896412602235525,2.8967690373564583,0.0006258807530617556,2.9126793250668226,0.06905476955053237,0.20649951453712873,0.00024913119115735707,1585.0,13.864364927833806,4.738858343865771e-06,0,16005,0.09025286138057709,206,7.450580596923828e-09,3240,1.0,10.0,10.0,10.0,0.9090909090909091,0.9090909090909091,0.9090909090909091,3240,1.0,10.0,10.0,10.0,0.9090909090909091,0.9090909090909091,0.9090909090909091,4824,1.0,9.999999557949407,10.0,10.000000536441691,0.9090909054375983,0.9090909090909091,0.9090909135243113
229,3.816666666666667,True,valid,0.005312641262505857,0.005280679375229648,0.015225431875008598,3.1018848086309867,3.102275613742072,0.0006833014497157032,3.1178582991551274,0.0750389824485881,0.2060619129764521,0.0002652738676199838,1585.0,14.81636274629555,5.0307612470472686e-06,0,16007,0.08457447588443756,206,3.725290298461914e-09,3240,1.0,10.0,10.0,10.0,0.9090909090909091,0.9090909090909091,0.9090909090909091,3240,1.0,10.0,10.0,10.0,0.9090909090909091,0.9090909090909091,0.9090909090909091,4824,1.0,9.999999557949407,10.0,10.000000536441691,0.9090909054375983,0.9090909090909091,0.9090909135243113
230,3.8333333333333335,True,valid,0.005333055080627759,0.005822564657207416,0.015267469787387288,3.287019188016875,3.287441769347597,0.0007199546045179248,3.302539914266549,0.08029195319656598,0.22688305537450226,0.00028004225321330366,1585.0,15.639190981725797,5.299790293386121e-06,0,16023,0.07861430943012238,206,7.450580596923828e-09,3240,1.0,10.0,10.0,10.0,0.9090909090909091,0.9090909090909091,0.9090909090909091,3240,1.0,10.0,10.0,10.0,0.9090909090909091,0.9090909090909091,0.9090909090909091,4824,1.0,9.999999557949407,10.0,10.000000536441691,0.9090909054375983,0.9090909090909091,0.9090909135243113
231,3.85,True,valid,0.005381900453928833,0.0063369624737035024,0.01528592683089322,3.4524328724071025,3.4528817114384225,0.0007606141936204023,3.4631208001734235,0.08500442007366875,0.14618236449809097,0.00029324596661793416,1585.0,16.380130381415697,5.53981289617763e-06,0,16033,0.0724882185459137,204,3.725290298461914e-09,3240,1.0,10.0,10.0,10.0,0.9090909090909091,0.9090909090909091,0.9090909090909091,3240,1.0,10.0,10.0,10.0,0.9090909090909091,0.9090909090909091,0.9090909090909091,4824,1.0,9.999999557949407,10.0,10.000000536441691,0.9090909054375983,0.9090909090909091,0.9090909135243113
232,3.8666666666666667,True,valid,0.005452218052151282,0.006767623941019719,0.015316326946493541,3.595059721353964,3.595533736619856,0.0008246470737876509,3.607587191194097,0.08899578257535083,0.15492160857120257,0.00030486462949151063,1585.0,17.003549918946252,5.7499202111136375e-06,0,16043,0.06627490371465683,204,1.862645149230957e-09,3240,1.0,10.0,10.0,10.0,0.9090909090909091,0.9090909090909091,0.9090909090909091,3240,1.0,10.0,10.0,10.0,0.9090909090909091,0.9090909090909091,0.9090909090909091,4824,1.0,9.999999557949407,10.0,10.000000536441691,0.9090909054375983,0.9090909090909091,0.9090909135243113
233,3.8833333333333333,True,valid,0.005531935331022063,0.007075555715214916,0.015437024303977125,3.710877570297398,3.711368829641033,0.0008438404714490344,3.7262262820580867,0.09291776540150302,0.2114020883459899,0.0003142999061801727,1585.0,17.512705793683956,5.9201297702462965e-06,0,16056,0.060075774788856506,204,1.862645149230957e-09,3240,1.0,10.0,10.0,10.0,0.9090909090909091,0.9090909090909091,0.9090909090909091,3240,1.0,10.0,10.0,10.0,0.9090909090909091,0.9090909090909091,0.9090909090909091,4824,1.0,9.999999557949407,10.0,10.000000536441691,0.9090909054375983,0.9090909090909091,0.9090909135243113
234,3.9,True,valid,0.005614482913896222,0.0072578654104575755,0.015656343111188815,3.8072959452449435,3.8078027547181317,0.0008657417966503212,3.8246419067951325,0.0951454585754417,0.2820622047274915,0.0003217544970108663,1585.0,17.91520837731352,6.0584340899464795e-06,0,16120,0.05472654849290848,204,2.7939677238464355e-09,3240,1.0,10.0,10.0,10.0,0.9090909090909091,0.9090909090909091,0.9090909090909091,3240,1.0,10.0,10.0,10.0,0.9090909090909091,0.9090909090909091,0.9090909090909091,4824,1.0,9.999999557949407,10.0,10.000000536441691,0.9090909054375983,0.9090909090909091,0.9090909135243113
235,3.9166666666666665,True,valid,0.005688693701518079,0.007345320305740559,0.015823273842067408,3.8749191414057504,3.8754376736063705,0.0008681356967418726,3.8890422360408095,0.09695105072839978,0.21008977500092232,0.00032764599339298733,1585.0,18.208013577707046,6.170184912702633e-06,0,16159,0.060965392738580704,204,3.725290298461914e-09,3240,1.0,10.0,10.0,10.0,0.9090909090909091,0.9090909090909091,0.9090909090909091,3240,1.0,10.0,10.0,10.0,0.9090909090909091,0.9090909090909091,0.9090909090909091,4824,1.0,9.999999557949407,10.0,10.000000536441691,0.9090909054375983,0.9090909090909091,0.9090909135243113
236,3.933333333333333,True,valid,0.005719980034848751,0.007346099053755648,0.015973335553120912,3.9160135570264747,3.9165388511166115,0.0008747883079136838,3.9269755849088344,0.0980787676594021,0.14378295410693057,0.000330363067288369,1585.0,18.373564709789513,6.221787760048659e-06,0,16165,0.06705839931964874,204,2.561137080192566e-09,3240,1.0,10.0,10.0,10.0,0.9090909090909091,0.9090909090909091,0.9090909090909091,3240,1.0,10.0,10.0,10.0,0.9090909090909091,0.9090909090909091,0.9090909090909091,4824,1.0,9.999999557949407,10.0,10.000000536441691,0.9090909054375983,0.9090909090909091,0.9090909135243113
237,3.95,True,valid,0.005716564815776188,0.007294125109761366,0.01603845117239481,3.919576463778902,3.920104286755028,0.0008781157013684502,3.9329824852083246,0.09853099073722378,0.17683772899299008,0.00033059385217630376,1585.0,18.35124652690108,6.226403765590406e-06,0,16168,0.07312261313199997,204,3.4924596548080444e-09,3240,1.0,10.0,10.0,10.0,0.9090909090909091,0.9090909090909091,0.9090909090909091,3240,1.0,10.0,10.0,10.0,0.9090909090909091,0.9090909090909091,0.9090909090909091,4824,1.0,9.999999557949407,10.0,10.000000536441691,0.9090909054375983,0.9090909090909091,0.9090909135243113
238,3.966666666666667,True,valid,0.00570646772662029,0.00726414845291596,0.01601223947778162,3.903836347938139,3.90436195633643,0.000874948981557235,3.9168307854746782,0.0978874945568224,0.18192472437520632,0.00032948079819250905,1585.0,18.254581674931366,6.205810608459779e-06,0,16152,0.0792698785662651,204,3.725290298461914e-09,3240,1.0,10.0,10.0,10.0,0.9090909090909091,0.9090909090909091,0.9090909090909091,3240,1.0,10.0,10.0,10.0,0.9090909090909091,0.9090909090909091,0.9090909090909091,4824,1.0,9.999999557949407,10.0,10.000000536441691,0.9090909054375983,0.9090909090909091,0.9090909135243113
239,3.9833333333333334,True,valid,0.0056919045444922736,0.007252740448774146,0.015895293958763723,3.8607340848823415,3.861252185637722,0.0008845127453896849,3.877068092628878,0.09671056546576282,0.24500260568598772,0.000326662192934803,1585.0,17.97495001818643,6.148761104232705e-06,0,16149,0.08539573103189468,204,5.587935447692871e-09,3240,1.0,10.0,10.0,10.0,0.9090909090909091,0.9090909090909091,0.9090909090909091,3240,1.0,10.0,10.0,10.0,0.9090909090909091,0.9090909090909091,0.9090909090909091,4824,1.0,9.999999557949407,10.0,10.000000536441691,0.9090909054375983,0.9090909090909091,0.9090909135243113
240,4.0,True,valid,0.005662102452436344,0.007233832201805714,0.015755259070220604,3.7853141569712205,3.7858195450820142,0.0009715737932473605,3.798231907100998,0.09468531575315957,0.16905085826700497,0.00032036983624349983,1585.0,17.486431089253525,6.036137281405404e-06,0,16137,0.09167799353599548,203,7.450580596923828e-09,3240,1.0,10.0,10.0,10.0,0.9090909090909091,0.9090909090909091,0.9090909090909091,3240,1.0,10.0,10.0,10.0,0.9090909090909091,0.9090909090909091,0.9090909090909091,4824,1.0,9.999999557949407,10.0,10.000000536441691,0.9090909054375983,0.9090909090909091,0.9090909135243113
241,4.016666666666667,True,valid,0.005655572707504324,0.007258378717502205,0.015604474711677595,3.687241521634126,3.6877315298238535,0.0008399659292816321,3.698771583894389,0.09196036765260687,0.15015377967762236,0.00031301824101987016,1585.0,16.868557446754053,5.900966152526706e-06,0,16124,0.09784457832574844,203,5.587935447692871e-09,3240,1.0,10.0,10.0,10.0,0.9090909090909091,0.9090909090909091,0.9090909090909091,3240,1.0,10.0,10.0,10.0,0.9090909090909091,0.9090909090909091,0.9090909090909091,4824,1.0,9.999999557949407,10.0,10.000000536441691,0.9090909054375983,0.9090909090909091,0.9090909135243113
242,4.033333333333333,True,valid,0.005687962732879348,0.007334564476051211,0.01545098325024683,3.568522718817674,3.56899312617599,0.0008026114033388315,3.57984658393817,0.08844969740992004,0.14248288085620797,0.00030390901780145854,1585.0,16.07513121632158,5.7334696397037725e-06,0,16115,0.10388988256454468,203,3.725290298461914e-09,3240,1.0,10.0,10.0,10.0,0.9090909090909091,0.9090909090909091,0.9090909090909091,3240,1.0,10.0,10.0,10.0,0.9090909090909091,0.9090909090909091,0.9090909090909091,4824,1.0,9.999999557949407,10.0,10.000000536441691,0.9090909054375983,0.9090909090909091,0.9090909135243113
243,4.05,True,valid,0.005751999720616883,0.007444060486243107,0.01530542089530246,3.4227295139944207,3.4231736663979406,0.0007881906164166886,3.4388529041045253,0.08453803398288616,0.2353095547080604,0.0002931783898900509,1585.0,15.101854395663251,5.534678069144357e-06,0,16142,0.10967238247394562,204,3.725290298461914e-09,3240,1.0,10.0,10.0,10.0,0.9090909090909091,0.9090909090909091,0.9090909090909091,3240,1.0,10.0,10.0,10.0,0.9090909090909091,0.9090909090909091,0.9090909090909091,4824,1.0,9.999999557949407,10.0,10.000000536441691,0.9090909054375983,0.9090909090909091,0.9090909135243113
244,4.066666666666666,True,valid,0.0058443816535393555,0.007564248147624185,0.015180473282583493,3.2593632828712535,3.2597786185147837,0.0007380398599189854,3.270643100795721,0.07946790261772547,0.1401185592134663,0.0002803453944006491,1585.0,14.052294101403005,5.30415523642537e-06,0,16153,0.11543241888284683,203,7.450580596923828e-09,3240,1.0,10.0,10.0,10.0,0.9090909090909091,0.9090909090909091,0.9090909090909091,3240,1.0,10.0,10.0,10.0,0.9090909090909091,0.9090909090909091,0.9090909090909091,4824,1.0,9.999999557949407,10.0,10.000000536441691,0.9090909054375983,0.9090909090909091,0.9090909135243113
245,4.083333333333333,True,valid,0.005952083764384086,0.00766573511248211,0.015051461112297031,3.072657185645397,3.073038313188989,0.0006941443294889123,3.0846827855657764,0.07408435740956419,0.1498120988355422,0.0002663856181354645,1585.0,12.865884121167001,5.050626060776551e-06,0,16145,0.12083243578672409,203,7.450580596923828e-09,3240,1.0,10.0,10.0,10.0,0.9090909090909091,0.9090909090909091,0.9090909090909091,3240,1.0,10.0,10.0,10.0,0.9090909090909091,0.9090909090909091,0.9090909090909091,4824,1.0,9.999999557949407,10.0,10.000000536441691,0.9090909054375983,0.9090909090909091,0.9090909135243113
246,4.1,True,valid,0.0060407210369717345,0.007707793137174043,0.014942576121648085,2.871891498319534,2.872237242358973,0.000626208371736991,2.883514959081835,0.06794043247894292,0.14250586147226138,0.0002508288403123527,1585.0,11.604494115976062,4.768812779670628e-06,0,16155,0.12592384219169617,203,7.450580596923828e-09,3240,1.0,10.0,10.0,10.0,0.9090909090909091,0.9090909090909091,0.9090909090909091,3240,1.0,10.0,10.0,10.0,0.9090909090909091,0.9090909090909091,0.9090909090909091,4824,1.0,9.999999557949407,10.0,10.000000536441691,0.9090909054375983,0.9090909090909091,0.9090909135243113
247,4.116666666666666,True,valid,0.006094872167055605,0.007650794514851199,0.014775146475429575,2.654626038415094,2.6549333488605016,0.0005630770091984796,2.6668403241183696,0.061351222873368395,0.1357431366811276,0.0002346842513355443,1585.0,10.414970398486073,4.474339938211274e-06,0,16145,0.1305425465106964,204,3.725290298461914e-09,3240,1.0,10.0,10.0,10.0,0.9090909090909091,0.9090909090909091,0.9090909090909091,3240,1.0,10.0,10.0,10.0,0.9090909090909091,0.9090909090909091,0.9090909090909091,4824,1.0,9.999999557949407,10.0,10.000000536441691,0.9090909054375983,0.9090909090909091,0.9090909135243113
248,4.133333333333334,True,valid,0.006092514818188065,0.007452773770792015,0.014591943912305769,2.4259682852067868,2.42623133382093,0.000559566667590472,2.4379287072946063,0.054270124515208316,0.13631501766572698,0.0002172086056121543,1585.0,9.262402571708378,4.159589560376713e-06,0,16089,0.13469535112380981,204,3.725290298461914e-09,3240,1.0,10.0,10.0,10.0,0.9090909090909091,0.9090909090909091,0.9090909090909091,3240,1.0,10.0,10.0,10.0,0.9090909090909091,0.9090909090909091,0.9090909090909091,4824,1.0,9.999999557949407,10.0,10.000000536441691,0.9090909054375983,0.9090909090909091,0.9090909135243113
249,4.15,True,valid,0.0060262478612098476,0.0071145076885372515,0.014387075551024796,2.1870534780343425,2.1872733410908687,0.00048478055616230184,2.199276207138935,0.046772462118336126,0.13388403629390142,0.00019929599983005295,1585.0,8.009617072894468,3.836894303201697e-06,0,16000,0.13840392231941223,205,7.450580596923828e-09,3240,1.0,10.0,10.0,10.0,0.9090909090909091,0.9090909090909091,0.9090909090909091,3240,1.0,10.0,10.0,10.0,0.9090909090909091,0.9090909090909091,0.9090909090909091,4824,1.0,9.999999557949407,10.0,10.000000536441691,0.9090909054375983,0.9090909090909091,0.9090909135243113
250,4.166666666666667,True,valid,0.005904178913196319,0.00665900469043324,0.014183131703401297,1.9502623464923434,1.9504368528834506,0.00040285393619298343,1.9630329227540224,0.03888762466866747,0.13024929393432644,0.0001818526036260974,1585.0,6.8356304917672155,3.52202699471341e-06,0,15850,0.14170710742473602,206,7.450580596923828e-09,3240,1.0,10.0,10.0,10.0,0.9090909090909091,0.9090909090909091,0.9090909090909091,3240,1.0,10.0,10.0,10.0,0.9090909090909091,0.9090909090909091,0.9090909090909091,4824,1.0,9.999999557949407,10.0,10.000000536441691,0.9090909054375983,0.9090909090909091,0.9090909135243113
251,4.183333333333334,True,valid,0.0057504509922112115,0.006107550645823994,0.0140076093256944,1.7234102126783182,1.7235408549220048,0.0003292021285506059,1.7402415252438956,0.0310060935017307,0.15663566318908542,0.0001654507610128689,1585.0,5.656726402107808,3.227643076986333e-06,0,15793,0.14413213729858398,208,7.450580596923828e-09,3240,1.0,10.0,10.0,10.0,0.9090909090909091,0.9090909090909091,0.9090909090909091,3240,1.0,10.0,10.0,10.0,0.9090909090909091,0.9090909090909091,0.9090909090909091,4824,1.0,9.999999557949407,10.0,10.000000536441691,0.9090909054375983,0.9090909090909091,0.9090909135243113
252,4.2,True,valid,0.005586769913593866,0.005496731336566554,0.013874970046931721,1.5222666348131035,1.5223521163814497,0.00028032967960997437,1.539129509434679,0.022320192958721605,0.1422991175733455,0.00015144415760730894,1585.0,4.513392653918577,2.980880299632986e-06,0,15750,0.14483439922332764,206,7.450580596923828e-09,3240,1.0,10.0,10.0,10.0,0.9090909090909091,0.9090909090909091,0.9090909090909091,3240,1.0,10.0,10.0,10.0,0.9090909090909091,0.9090909090909091,0.9090909090909091,4824,1.0,9.999999557949407,10.0,10.000000536441691,0.9090909054375983,0.9090909090909091,0.9090909135243113
253,4.216666666666667,True,valid,0.005431304243717565,0.004880045713157991,0.013780126255956543,1.3596549908688285,1.3597047942055016,0.00025437876806710735,1.3877856205296355,0.014342807611966425,0.19857228996584425,0.0001401817073478501,1585.0,3.301704317218159,2.781042325628958e-06,0,15627,0.1450042426586151,204,7.450580596923828e-09,3240,1.0,10.0,10.0,10.0,0.9090909090909091,0.9090909090909091,0.9090909090909091,3240,1.0,10.0,10.0,10.0,0.9090909090909091,0.9090909090909091,0.9090909090909091,4824,1.0,9.999999557949407,10.0,10.000000536441691,0.9090909054375983,0.9090909090909091,0.9090909135243113
254,4.233333333333333,True,valid,0.005293571126159985,0.004353905928929247,0.013730843804599364,1.2661305985995275,1.2661582050878515,0.00022808219529449065,1.2925400050733897,0.00569043976166038,0.1837724668597116,0.0001335556712347596,1585.0,2.8467405054373267,2.666273099748234e-06,0,15504,0.14466755092144012,204,7.450580596923828e-09,3240,1.0,10.0,10.0,10.0,0.9090909090909091,0.9090909090909091,0.9090909090909091,3240,1.0,10.0,10.0,10.0,0.9090909090909091,0.9090909090909091,0.9090909090909091,4824,1.0,9.999999557949407,10.0,10.000000536441691,0.9090909054375983,0.9090909090909091,0.9090909135243113
255,4.25,True,valid,0.0051899411376832485,0.003966728740615658,0.013689271372088157,1.2585566142313007,1.258582901633338,0.00017056680403456335,1.283892764321648,0.004888417514459897,0.18167128067072907,0.00013272290702493256,1585.0,2.733995433111087,2.654183412425546e-06,0,15511,0.14384594559669495,205,7.450580596923828e-09,3240,1.0,10.0,10.0,10.0,0.9090909090909091,0.9090909090909091,0.9090909090909091,3240,1.0,10.0,10.0,10.0,0.9090909090909091,0.9090909090909091,0.9090909090909091,4824,1.0,9.999999557949407,10.0,10.000000536441691,0.9090909054375983,0.9090909090909091,0.9090909135243113
256,4.266666666666667,True,valid,0.00512014181421437,0.0037310004444730195,0.013649415723352145,1.333204454993694,1.3332518546292589,0.0002042004839111427,1.3591513420607098,0.01289968627926805,0.189096067145449,0.00013730444295410215,1585.0,3.598835248288262,2.731922968222103e-06,0,15668,0.14259561896324158,205,7.450580596923828e-09,3240,1.0,10.0,10.0,10.0,0.9090909090909091,0.9090909090909091,0.9090909090909091,3240,1.0,10.0,10.0,10.0,0.9090909090909091,0.9090909090909091,0.9090909090909091,4824,1.0,9.999999557949407,10.0,10.000000536441691,0.9090909054375983,0.9090909090909091,0.9090909135243113
257,4.283333333333333,True,valid,0.0050749272782580936,0.0036414866468228915,0.013650549687964544,1.477941349728612,1.4780241666070546,0.0002459875084760574,1.4989912839984172,0.02140959205717013,0.17084017607873797,0.00014645919738659024,1585.0,4.910725452382299,2.8908748798189095e-06,0,15747,0.14094220101833344,205,7.450580596923828e-09,3240,1.0,10.0,10.0,10.0,0.9090909090909091,0.9090909090909091,0.9090909090909091,3240,1.0,10.0,10.0,10.0,0.9090909090909091,0.9090909090909091,0.9090909090909091,4824,1.0,9.999999557949407,10.0,10.000000536441691,0.9090909054375983,0.9090909090909091,0.9090909135243113
258,4.3,True,valid,0.00505922112360837,0.003671022111425622,0.0136990849677687,1.6693315315268002,1.6694588345646397,0.0003064128198388014,1.6869099679764257,0.029762570118480304,0.1610051908470962,0.00015924190427164673,1585.0,6.260878872463601,3.1156863625312895e-06,0,15825,0.1389007866382599,204,7.450580596923828e-09,3240,1.0,10.0,10.0,10.0,0.9090909090909091,0.9090909090909091,0.9090909090909091,3240,1.0,10.0,10.0,10.0,0.9090909090909091,0.9090909090909091,0.9090909090909091,4824,1.0,9.999999557949407,10.0,10.000000536441691,0.9090909054375983,0.9090909090909091,0.9090909135243113
259,4.316666666666666,True,valid,0.005084187806332838,0.0037794255215926648,0.013805505963404656,1.891182182205239,1.8913559543206997,0.00036600513814716296,1.9034359304092503,0.03788600764859242,0.11719258875172148,0.00017465416154328607,1585.0,7.62614258009562,3.3905998322325343e-06,0,15903,0.1364431083202362,204,7.450580596923828e-09,3240,1.0,10.0,10.0,10.0,0.9090909090909091,0.9090909090909091,0.9090909090909091,3240,1.0,10.0,10.0,10.0,0.9090909090909091,0.9090909090909091,0.9090909090909091,4824,1.0,9.999999557949407,10.0,10.000000536441691,0.9090909054375983,0.9090909090909091,0.9090909135243113
260,4.333333333333333,True,valid,0.005140113791957647,0.00393724791309277,0.014011694604497301,2.125598841668288,2.1258185526433557,0.0004300270971993321,2.136981949624667,0.045778862313497065,0.11620693544306537,0.00019149702829871827,1585.0,8.972765725043857,3.6936076238506997e-06,0,15949,0.13361255824565887,204,3.725290298461914e-09,3240,1.0,10.0,10.0,10.0,0.9090909090909091,0.9090909090909091,0.9090909090909091,3240,1.0,10.0,10.0,10.0,0.9090909090909091,0.9090909090909091,0.9090909090909091,4824,1.0,9.999999557949407,10.0,10.000000536441691,0.9090909054375983,0.9090909090909091,0.9090909135243113
261,4.35,True,valid,0.005216212784560212,0.004127365479786066,0.01430813694557715,2.363680373343337,2.363944205927712,0.0004909177198652913,2.3746696328997627,0.05330366480773328,0.11795832231606365,0.0002088158364529419,1585.0,10.255441843421467,4.007102070600797e-06,0,15968,0.13030195236206055,205,3.725290298461914e-09,3240,1.0,10.0,10.0,10.0,0.9090909090909091,0.9090909090909091,0.9090909090909091,3240,1.0,10.0,10.0,10.0,0.9090909090909091,0.9090909090909091,0.9090909090909091,4824,1.0,9.999999557949407,10.0,10.000000536441691,0.9090909054375983,0.9090909090909091,0.9090909135243113
262,4.366666666666666,True,valid,0.0053032820082636175,0.004336967364667907,0.014618596202903917,2.598121411194329,2.5984250865065333,0.0005586453324814519,2.6078225978205745,0.06043382399493585,0.11211548143409292,0.00022647610535713516,1585.0,11.44671005983745,4.329132629068763e-06,0,16000,0.12636755406856537,205,3.725290298461914e-09,3240,1.0,10.0,10.0,10.0,0.9090909090909091,0.9090909090909091,0.9090909090909091,3240,1.0,10.0,10.0,10.0,0.9090909090909091,0.9090909090909091,0.9090909090909091,4824,1.0,9.999999557949407,10.0,10.000000536441691,0.9090909054375983,0.9090909090909091,0.9090909135243113
263,4.383333333333334,True,valid,0.005371036247740542,0.004557930048615364,0.01492865065103919,2.819449046416545,2.819793559101378,0.0006189268765268091,2.8305024261180516,0.06708845318255918,0.13104725287906144,0.0002433024624313554,1585.0,12.555479737795977,4.635242856151721e-06,0,16014,0.12205453962087631,205,3.725290298461914e-09,3240,1.0,10.0,10.0,10.0,0.9090909090909091,0.9090909090909091,0.9090909090909091,3240,1.0,10.0,10.0,10.0,0.9090909090909091,0.9090909090909091,0.9090909090909091,4824,1.0,9.999999557949407,10.0,10.000000536441691,0.9090909054375983,0.9090909090909091,0.9090909135243113
264,4.4,True,valid,0.00541025429709767,0.004811083975601124,0.01522451319195155,3.0277605093960482,3.0281406849449124,0.0006667187185946419,3.0373345731980637,0.07320125128916039,0.10840523986826608,0.0002592291561281922,1585.0,13.611522948051014,4.927271625571651e-06,0,16018,0.11721779406070709,205,7.450580596923828e-09,3240,1.0,10.0,10.0,10.0,0.9090909090909091,0.9090909090909091,0.9090909090909091,3240,1.0,10.0,10.0,10.0,0.9090909090909091,0.9090909090909091,0.9090909090909091,4824,1.0,9.999999557949407,10.0,10.000000536441691,0.9090909054375983,0.9090909090909091,0.9090909135243113
265,4.416666666666667,True,valid,0.005433206097972732,0.005117620263078041,0.015440680887057828,3.2205320609849877,3.2209375841279124,0.0009307489835493916,3.2311984817796517,0.07873612119214649,0.12332028361762376,0.000274517103315051,1585.0,14.564245464998239,5.205533963013443e-06,0,16046,0.11177784949541092,205,7.450580596923828e-09,3240,1.0,10.0,10.0,10.0,0.9090909090909091,0.9090909090909091,0.9090909090909091,3240,1.0,10.0,10.0,10.0,0.9090909090909091,0.9090909090909091,0.9090909090909091,4824,1.0,9.999999557949407,10.0,10.000000536441691,0.9090909054375983,0.9090909090909091,0.9090909135243113
266,4.433333333333334,True,valid,0.005442897271538845,0.005466802323617213,0.015582674629553372,3.3901674732291243,3.390593511549499,0.0011473585009904137,3.400921101727181,0.08363488145948347,0.13888552150947636,0.0002881361962504493,1585.0,15.441825262249463,5.4564489654739704e-06,0,16062,0.10583796352148056,205,7.450580596923828e-09,3240,1.0,10.0,10.0,10.0,0.9090909090909091,0.9090909090909091,0.9090909090909091,3240,1.0,10.0,10.0,10.0,0.9090909090909091,0.9090909090909091,0.9090909090909091,4824,1.0,9.999999557949407,10.0,10.000000536441691,0.9090909054375983,0.9090909090909091,0.9090909135243113
267,4.45,True,valid,0.005449788878866146,0.00587385070617832,0.01569516272754053,3.540178298399136,3.5406443527102627,0.0007863353726316887,3.548793796809652,0.08786791211689113,0.10367474008505531,0.00030016947680842155,1585.0,16.21359703022451,5.674410870251827e-06,0,16063,0.0994887724518776,204,3.725290298461914e-09,3240,1.0,10.0,10.0,10.0,0.9090909090909091,0.9090909090909091,0.9090909090909091,3240,1.0,10.0,10.0,10.0,0.9090909090909091,0.9090909090909091,0.9090909090909091,4824,1.0,9.999999557949407,10.0,10.000000536441691,0.9090909054375983,0.9090909090909091,0.9090909135243113
268,4.466666666666667,True,valid,0.0054815544577527875,0.006334134482240601,0.01575414345770686,3.6665715738343385,3.6670593557658027,0.0008341925547294728,3.676609279573913,0.09150171320948662,0.14338844999782838,0.00031065970873276683,1585.0,16.841773159440656,5.864235191673846e-06,0,16074,0.09276478737592697,204,3.725290298461914e-09,3240,1.0,10.0,10.0,10.0,0.9090909090909091,0.9090909090909091,0.9090909090909091,3240,1.0,10.0,10.0,10.0,0.9090909090909091,0.9090909090909091,0.9090909090909091,4824,1.0,9.999999557949407,10.0,10.000000536441691,0.9090909054375983,0.9090909090909091,0.9090909135243113
269,4.483333333333333,True,valid,0.005545961802933169,0.006803927727385753,0.015777172432085776,3.7690265825589964,3.7695296342448317,0.0008426455407342443,3.7776102151578015,0.09430040099323388,0.10342124199129864,0.00031936279001549644,1585.0,17.38821524490594,6.0220871120533006e-06,0,16082,0.0857820138335228,203,1.862645149230957e-09,3240,1.0,10.0,10.0,10.0,0.9090909090909091,0.9090909090909091,0.9090909090909091,3240,1.0,10.0,10.0,10.0,0.9090909090909091,0.9090909090909091,0.9090909090909091,4824,1.0,9.999999557949407,10.0,10.000000536441691,0.9090909054375983,0.9090909090909091,0.9090909135243113
270,4.5,True,valid,0.005633672724125778,0.00724579692267768,0.015824788921076423,3.843472373215215,3.8439933649510207,0.001206395478283364,3.8567545442008737,0.0964824007069969,0.24637787143239673,0.00032573343025185956,1585.0,17.819700310127097,6.14154357511719e-06,0,16081,0.07875111699104309,202,3.725290298461914e-09,3240,1.0,10.0,10.0,10.0,0.9090909090909091,0.9090909090909091,0.9090909090909091,3240,1.0,10.0,10.0,10.0,0.9090909090909091,0.9090909090909091,0.9090909090909091,4824,1.0,9.999999557949407,10.0,10.000000536441691,0.9090909054375983,0.9090909090909091,0.9090909135243113
271,4.516666666666667,True,valid,0.0057334521516900164,0.007632491194924824,0.01588547320838729,3.8954332407792265,3.895926724759501,0.0016066957393294629,3.9066591440212086,0.09782458193117137,0.16318716011601708,0.00032995832611908355,1585.0,18.090005150755154,6.221841301079523e-06,0,16162,0.07173242419958115,201,3.259629011154175e-09,3240,1.0,10.0,10.0,10.0,0.9090909090909091,0.9090909090909091,0.9090909090909091,3240,1.0,10.0,10.0,10.0,0.9090909090909091,0.9090909090909091,0.9090909090909091,4824,1.0,9.999999557949407,10.0,10.000000536441691,0.9090909054375983,0.9090909090909091,0.9090909135243113
272,4.533333333333333,True,valid,0.005833120149283483,0.007936112081217044,0.015936190588710184,3.916041851239637,3.916550202558049,0.0013353339239193288,3.9258290792739703,0.09833913262026649,0.1339923464977881,0.00033204365966378726,1585.0,18.193956629473945,6.257772084897754e-06,0,16202,0.06486744433641434,201,3.14321368932724e-09,3240,1.0,10.0,10.0,10.0,0.9090909090909091,0.9090909090909091,0.9090909090909091,3240,1.0,10.0,10.0,10.0,0.9090909090909091,0.9090909090909091,0.9090909090909091,4824,1.0,9.999999557949407,10.0,10.000000536441691,0.9090909054375983,0.9090909090909091,0.9090909135243113
273,4.55,True,valid,0.005914069721349743,0.008130150816638088,0.015967408087813773,3.911039035972087,3.911562790905642,0.0008788035985200958,3.9212365757715935,0.09813620919812654,0.15790735202835285,0.00033212079070607466,1585.0,18.158202133354596,6.2553703456118955e-06,0,16224,0.05813104659318924,201,2.3283064365386963e-09,3240,1.0,10.0,10.0,10.0,0.9090909090909091,0.9090909090909091,0.9090909090909091,3240,1.0,10.0,10.0,10.0,0.9090909090909091,0.9090909090909091,0.9090909090909091,4824,1.0,9.999999557949407,10.0,10.000000536441691,0.9090909054375983,0.9090909090909091,0.9090909135243113
274,4.566666666666666,True,valid,0.005948472793064118,0.008191171346407717,0.015946971209305768,3.8738787195869775,3.8743787254415536,0.0013387713460718935,3.884359827890096,0.09718172614472137,0.14108526358889323,0.0003290322341395183,1585.0,17.947387131034027,6.204905799590248e-06,0,16250,0.05976709723472595,202,2.7939677238464355e-09,3240,1.0,10.0,10.0,10.0,0.9090909090909091,0.9090909090909091,0.9090909090909091,3240,1.0,10.0,10.0,10.0,0.9090909090909091,0.9090909090909091,0.9090909090909091,4824,1.0,9.999999557949407,10.0,10.000000536441691,0.9090909054375983,0.9090909090909091,0.9090909135243113
275,4.583333333333333,True,valid,0.005942566127180018,0.008148725354678856,0.01584103143037089,3.8099540145955593,3.8104612819094026,0.0008525422238469582,3.818849070560657,0.095388564292577,0.11497615505753757,0.00032418654960716746,1585.0,17.577441427810506,6.111081955857276e-06,0,16262,0.06587182730436325,204,3.725290298461914e-09,3240,1.0,10.0,10.0,10.0,0.9090909090909091,0.9090909090909091,0.9090909090909091,3240,1.0,10.0,10.0,10.0,0.9090909090909091,0.9090909090909091,0.9090909090909091,4824,1.0,9.999999557949407,10.0,10.000000536441691,0.9090909054375983,0.9090909090909091,0.9090909135243113
276,4.6,True,valid,0.005893111270545593,0.008024638830907312,0.015662004222395786,3.714115504649725,3.7146030000848977,0.0019193139706844746,3.741979881584281,0.09336104878545053,0.433173299503474,0.0003172372230517079,1585.0,17.07730451134519,5.986368683479101e-06,0,16250,0.07169643044471741,206,7.450580596923828e-09,3240,1.0,10.0,10.0,10.0,0.9090909090909091,0.9090909090909091,0.9090909090909091,3240,1.0,10.0,10.0,10.0,0.9090909090909091,0.9090909090909091,0.9090909090909091,4824,1.0,9.999999557949407,10.0,10.000000536441691,0.9090909054375983,0.9090909090909091,0.9090909135243113
277,4.616666666666666,True,valid,0.005820671643366472,0.007811904770468401,0.015483419433586321,3.598049371888066,3.5985238956364944,0.0008038609436166581,3.606890409629754,0.08958794833488777,0.11380876935063033,0.0003077048112904368,1585.0,16.434534022088307,5.8050715024432836e-06,0,16232,0.07725159078836441,205,3.725290298461914e-09,3240,1.0,10.0,10.0,10.0,0.9090909090909091,0.9090909090909091,0.9090909090909091,3240,1.0,10.0,10.0,10.0,0.9090909090909091,0.9090909090909091,0.9090909090909091,4824,1.0,9.999999557949407,10.0,10.000000536441691,0.9090909054375983,0.9090909090909091,0.9090909135243113
278,4.633333333333334,True,valid,0.005756222595898204,0.007557593601721112,0.015291972969073584,3.4557648537576076,3.4562159951173097,0.000769118214755688,3.4644063592950483,0.08564330989508187,0.11146735269547357,0.00029653496949663395,1585.0,15.601628524133847,5.600204569157457e-06,0,16203,0.08254099637269974,203,3.725290298461914e-09,3240,1.0,10.0,10.0,10.0,0.9090909090909091,0.9090909090909091,0.9090909090909091,3240,1.0,10.0,10.0,10.0,0.9090909090909091,0.9090909090909091,0.9090909090909091,4824,1.0,9.999999557949407,10.0,10.000000536441691,0.9090909054375983,0.9090909090909091,0.9090909135243113
279,4.65,True,valid,0.005703724551879367,0.007304646852974279,0.015133126982891352,3.294205255217662,3.2945483211293816,0.0023053530451121224,3.3094419051264414,0.08114663659971758,0.21287844927789087,0.0002836542662090478,1585.0,14.670511869402391,5.3808834580098285e-06,0,16158,0.08756259828805923,205,3.725290298461914e-09,3240,1.0,10.0,10.0,10.0,0.9090909090909091,0.9090909090909091,0.9090909090909091,3240,1.0,10.0,10.0,10.0,0.9090909090909091,0.9090909090909091,0.9090909090909091,4824,1.0,9.999999557949407,10.0,10.000000536441691,0.9090909054375983,0.9090909090909091,0.9090909135243113
280,4.666666666666667,True,valid,0.005675103268573432,0.0070810413437842,0.015187088199534148,3.1257017819231074,3.125775394527198,0.004639224789507728,3.158977792054193,0.07595481910562897,0.36285662471326363,0.00026910891597578095,1585.0,13.647125014642317,5.18491459526888e-06,0,16106,0.09229070693254471,204,3.725290298461914e-09,3240,1.0,10.0,10.0,10.0,0.9090909090909091,0.9090909090909091,0.9090909090909091,3240,1.0,10.0,10.0,10.0,0.9090909090909091,0.9090909090909091,0.9090909090909091,4824,1.0,9.999999557949407,10.0,10.000000536441691,0.9090909054375983,0.9090909090909091,0.9090909135243113
281,4.683333333333334,True,valid,0.0057274083612221865,0.0069084300094875845,0.015553059155406038,2.970765787209719,2.9701693936383675,0.008001272708946799,3.0466635612952553,0.07014804198417719,0.5569861254322794,0.00025323286389606996,1585.0,14.834262677604716,5.073572756621182e-06,0,16049,0.09674044698476791,202,7.450580596923828e-09,3240,1.0,10.0,10.0,10.0,0.9090909090909091,0.9090909090909091,0.9090909090909091,3240,1.0,10.0,10.0,10.0,0.9090909090909091,0.9090909090909091,0.9090909090909091,4824,1.0,9.999999557949407,10.0,10.000000536441691,0.9090909054375983,0.9090909090909091,0.9090909135243113
282,4.7,True,valid,0.00590348447636558,0.006820159898657645,0.01623518667564915,2.8592526299724774,2.8572109776708103,0.012394353210946629,3.0164034438299883,0.06355627867030707,0.7979106022440401,0.00023668953858408548,1585.0,21.364912516476046,5.135620166728376e-06,0,15984,0.10094119608402252,199,3.725290298461914e-09,3240,1.0,10.0,10.0,10.0,0.9090909090909091,0.9090909090909091,0.9090909090909091,3240,1.0,10.0,10.0,10.0,0.9090909090909091,0.9090909090909091,0.9090909090909091,4824,1.0,9.999999557949407,10.0,10.000000536441691,0.9090909054375983,0.9090909090909091,0.9090909135243113
283,4.716666666666667,True,valid,0.006137188652664603,0.00676631545794206,0.016442229178331772,2.5131873300586878,2.5134624919219335,0.0005218103623013965,2.524280526313672,0.056678394021600714,0.12512908127446984,0.00022177414844012046,1585.0,9.992051619636978,4.278795138470149e-06,0,15921,0.10481443256139755,203,3.725290298461914e-09,3240,1.0,10.0,10.0,10.0,0.9090909090909091,0.9090909090909091,0.9090909090909091,3240,1.0,10.0,10.0,10.0,0.9090909090909091,0.9090909090909091,0.9090909090909091,4824,1.0,9.999999557949407,10.0,10.000000536441691,0.9090909054375983,0.9090909090909091,0.9090909135243113
284,4.733333333333333,True,valid,0.0061680139417010045,0.006713502570849468,0.01580736465217586,2.2913166811429306,2.2915480743795884,0.0004720858796278473,2.3018731301281323,0.048842943010422496,0.12348420200540935,0.00020687203801750365,1585.0,8.64033847784517,4.0158247020793735e-06,0,15915,0.10852808505296707,204,7.450580596923828e-09,3240,1.0,10.0,10.0,10.0,0.9090909090909091,0.9090909090909091,0.9090909090909091,3240,1.0,10.0,10.0,10.0,0.9090909090909091,0.9090909090909091,0.9090909090909091,4824,1.0,9.999999557949407,10.0,10.000000536441691,0.9090909054375983,0.9090909090909091,0.9090909135243113
285,4.75,True,valid,0.005886471921024481,0.00663508702770454,0.014736527714433647,2.0200118807080796,2.0201837364708006,0.0006966023961676195,2.0321889449465895,0.04138075578190739,0.1315720470325419,0.00018739214541069584,1585.0,7.2384673240217925,3.6365542648044926e-06,0,15864,0.11158069223165512,204,7.450580596923828e-09,3240,1.0,10.0,10.0,10.0,0.9090909090909091,0.9090909090909091,0.9090909090909091,3240,1.0,10.0,10.0,10.0,0.9090909090909091,0.9090909090909091,0.9090909090909091,4824,1.0,9.999999557949407,10.0,10.000000536441691,0.9090909054375983,0.9090909090909091,0.9090909135243113
286,4.766666666666667,True,valid,0.00563163581341295,0.0063069051305663,0.013528252233431577,1.7624884912523409,1.7625893773677777,0.0011813048294001267,1.7762756521333867,0.033523618891575735,0.13659788393429323,0.00016921214254908562,1585.0,5.894252489676459,3.2767353093107107e-06,0,15807,0.11376939713954926,202,7.450580596923828e-09,3240,1.0,10.0,10.0,10.0,0.9090909090909091,0.9090909090909091,0.9090909090909091,3240,1.0,10.0,10.0,10.0,0.9090909090909091,0.9090909090909091,0.9090909090909091,4824,1.0,9.999999557949407,10.0,10.000000536441691,0.9090909054375983,0.9090909090909091,0.9090909135243113
287,4.783333333333333,True,valid,0.005526465957074974,0.005832929633320533,0.012714324817569102,1.519009639496473,1.519110002060395,0.0002904760180457148,1.529615160401096,0.02496114964415211,0.12242119924465922,0.0001527291154356563,1585.0,4.856854207902653,2.9695718104261786e-06,0,15764,0.11530604213476181,203,7.450580596923828e-09,3240,1.0,10.0,10.0,10.0,0.9090909090909091,0.9090909090909091,0.9090909090909091,3240,1.0,10.0,10.0,10.0,0.9090909090909091,0.9090909090909091,0.9090909090909091,4824,1.0,9.999999557949407,10.0,10.000000536441691,0.9090909054375983,0.9090909090909091,0.9090909135243113
288,4.8,True,valid,0.005518687898947996,0.005437349901323144,0.01253620946231167,1.3649393033907653,1.3650022082201982,0.000624405071588028,1.3794697164857195,0.016579462119166118,0.1705245746741714,0.0001420410185806164,1585.0,3.788445016559087,2.7919791392960494e-06,0,15664,0.11614052206277847,204,7.450580596923828e-09,3240,1.0,10.0,10.0,10.0,0.9090909090909091,0.9090909090909091,0.9090909090909091,3240,1.0,10.0,10.0,10.0,0.9090909090909091,0.9090909090909091,0.9090909090909091,4824,1.0,9.999999557949407,10.0,10.000000536441691,0.9090909054375983,0.9090909090909091,0.9090909135243113
289,4.816666666666666,True,valid,0.005517066520572015,0.005115304859125789,0.012847799999896159,1.280346139846243,1.2803817422548815,0.0002355127548579606,1.29451826301766,0.008142163772873544,0.13089201540738374,0.00013632242707947161,1585.0,2.696994834505189,2.6966362420377176e-06,0,15516,0.1163560152053833,205,7.450580596923828e-09,3240,1.0,10.0,10.0,10.0,0.9090909090909091,0.9090909090909091,0.9090909090909091,3240,1.0,10.0,10.0,10.0,0.9090909090909091,0.9090909090909091,0.9090909090909091,4824,1.0,9.999999557949407,10.0,10.000000536441691,0.9090909054375983,0.9090909090909091,0.9090909135243113
290,4.833333333333333,True,valid,0.005515112134441408,0.004778185273677358,0.013589556605650858,1.2654380786053827,1.2654547024879932,0.00029962591879397296,1.2790204901613582,0.0037456388018400994,0.11598979081485666,0.00013311628818252127,1585.0,2.744774635190705,2.661688633751328e-06,0,15505,0.1159602478146553,203,7.450580596923828e-09,3240,1.0,10.0,10.0,10.0,0.9090909090909091,0.9090909090909091,0.9090909090909091,3240,1.0,10.0,10.0,10.0,0.9090909090909091,0.9090909090909091,0.9090909090909091,4824,1.0,9.999999557949407,10.0,10.000000536441691,0.9090909054375983,0.9090909090909091,0.9090909135243113
291,4.85,True,valid,0.005548106744225548,0.004440636386078775,0.014452500261150837,1.3408390209875847,1.3408786366022134,0.00019551000471180124,1.3607998900758986,0.01065582420277969,0.16297885595176165,0.0001360650768996977,1585.0,3.305572346901695,2.7339399712527534e-06,0,15669,0.11476745456457138,203,7.450580596923828e-09,3240,1.0,10.0,10.0,10.0,0.9090909090909091,0.9090909090909091,0.9090909090909091,3240,1.0,10.0,10.0,10.0,0.9090909090909091,0.9090909090909091,0.9090909090909091,4824,1.0,9.999999557949407,10.0,10.000000536441691,0.9090909054375983,0.9090909090909091,0.9090909135243113
292,4.866666666666666,True,valid,0.005572291420998251,0.004169717970825363,0.014993703232792314,1.489689047174838,1.4897690112908508,0.000728267035000659,1.515828291642718,0.019024182129111243,0.2624716299709136,0.00014515486243065552,1585.0,4.717810395574291,2.915432369694116e-06,0,15775,0.11293844133615494,203,7.450580596923828e-09,3240,1.0,10.0,10.0,10.0,0.9090909090909091,0.9090909090909091,0.9090909090909091,3240,1.0,10.0,10.0,10.0,0.9090909090909091,0.9090909090909091,0.9090909090909091,4824,1.0,9.999999557949407,10.0,10.000000536441691,0.9090909054375983,0.9090909090909091,0.9090909135243113
293,4.883333333333334,True,valid,0.005510247202849652,0.003992495756806069,0.015014020377693725,1.6694101312059941,1.6695143516396707,0.00042974703916777776,1.6883489787833337,0.02744525639088751,0.17983683162697126,0.00015766911878531005,1585.0,6.320135598777745,3.1264035163903825e-06,0,15819,0.11056347191333771,205,7.450580596923828e-09,3240,1.0,10.0,10.0,10.0,0.9090909090909091,0.9090909090909091,0.9090909090909091,3240,1.0,10.0,10.0,10.0,0.9090909090909091,0.9090909090909091,0.9090909090909091,4824,1.0,9.999999557949407,10.0,10.000000536441691,0.9090909054375983,0.9090909090909091,0.9090909135243113
294,4.9,True,valid,0.005315700570260602,0.003937418108217238,0.014631573113214122,1.861346162102678,1.8615051982723405,0.0003504843226111204,1.8848710153781296,0.03571478026165063,0.23341129002210328,0.00017176626424909551,1585.0,7.900396694607463,3.3576027364418696e-06,0,15873,0.10766062140464783,204,7.450580596923828e-09,3240,1.0,10.0,10.0,10.0,0.9090909090909091,0.9090909090909091,0.9090909090909091,3240,1.0,10.0,10.0,10.0,0.9090909090909091,0.9090909090909091,0.9090909090909091,4824,1.0,9.999999557949407,10.0,10.000000536441691,0.9090909054375983,0.9090909090909091,0.9090909135243113
295,4.916666666666667,True,valid,0.005061692319166094,0.003983563883713503,0.014075454883968032,2.0665625621180093,2.0667680018860253,0.0004243249720653539,2.0814815326633327,0.043565130071037635,0.1700066380992582,0.00018637557909580426,1585.0,9.261569033071016,3.59771160021323e-06,0,15938,0.10435543209314346,202,3.725290298461914e-09,3240,1.0,10.0,10.0,10.0,0.9090909090909091,0.9090909090909091,0.9090909090909091,3240,1.0,10.0,10.0,10.0,0.9090909090909091,0.9090909090909091,0.9090909090909091,4824,1.0,9.999999557949407,10.0,10.000000536441691,0.9090909054375983,0.9090909090909091,0.9090909135243113
296,4.933333333333334,True,valid,0.004911003000051871,0.004109047584723076,0.01361275417385982,2.285564220812605,2.285818644584188,0.0007048273648258375,2.2995019061137794,0.051368928570147486,0.1816439290540501,0.00020323461524467639,1585.0,10.584756357493164,3.88630819166787e-06,0,15971,0.10069102793931961,201,7.450580596923828e-09,3240,1.0,10.0,10.0,10.0,0.9090909090909091,0.9090909090909091,0.9090909090909091,3240,1.0,10.0,10.0,10.0,0.9090909090909091,0.9090909090909091,0.9090909090909091,4824,1.0,9.999999557949407,10.0,10.000000536441691,0.9090909054375983,0.9090909090909091,0.9090909135243113
297,4.95,True,valid,0.004916894722956564,0.004292506589716596,0.013492131614357207,2.5205497900063754,2.5208385660829395,0.0009220968728271228,2.5287405685171995,0.05846511987504542,0.1043171592312924,0.00022079929146689748,1585.0,11.91507982956329,4.207473088437802e-06,0,15976,0.09664499759674072,200,3.725290298461914e-09,3240,1.0,10.0,10.0,10.0,0.9090909090909091,0.9090909090909091,0.9090909090909091,3240,1.0,10.0,10.0,10.0,0.9090909090909091,0.9090909090909091,0.9090909090909091,4824,1.0,9.999999557949407,10.0,10.000000536441691,0.9090909054375983,0.9090909090909091,0.9090909135243113
298,4.966666666666667,True,valid,0.0050226109090537345,0.0045413640564245265,0.013794671882115776,2.746916118944474,2.7472516294292086,0.0006070236335950162,2.759030808031466,0.06534770281975277,0.16625288716692516,0.00023871304372840725,1585.0,13.13147450064315,4.52969470067748e-06,0,15985,0.09221372753381729,200,3.725290298461914e-09,3240,1.0,10.0,10.0,10.0,0.9090909090909091,0.9090909090909091,0.9090909090909091,3240,1.0,10.0,10.0,10.0,0.9090909090909091,0.9090909090909091,0.9090909090909091,4824,1.0,9.999999557949407,10.0,10.000000536441691,0.9090909054375983,0.9090909090909091,0.9090909135243113
299,4.983333333333333,True,valid,0.005175937930174584,0.004846360604152434,0.01448503406255552,2.9682748651676527,2.9686461636940282,0.0006534309967793339,2.981510407110298,0.07151362163609905,0.18960608167699858,0.0002552262924439665,1585.0,14.210864452255299,4.838083890125776e-06,0,16005,0.08744936436414719,201,7.450580596923828e-09,3240,1.0,10.0,10.0,10.0,0.9090909090909091,0.9090909090909091,0.9090909090909091,3240,1.0,10.0,10.0,10.0,0.9090909090909091,0.9090909090909091,0.9090909090909091,4824,1.0,9.999999557949407,10.0,10.000000536441691,0.9090909054375983,0.9090909090909091,0.9090909135243113
300,5.0,True,valid,0.0053586407197117585,0.005191165483479507,0.015271695997465834,3.1742652391232413,3.1746699089607113,0.0006932090539817122,3.189764950165134,0.07727728946742675,0.2125238453439844,0.00027085892888538936,1585.0,15.222915930055422,5.130732848325126e-06,0,16019,0.08240344375371933,201,7.450580596923828e-09,3240,1.0,10.0,10.0,10.0,0.9090909090909091,0.9090909090909091,0.9090909090909091,3240,1.0,10.0,10.0,10.0,0.9090909090909091,0.9090909090909091,0.9090909090909091,4824,1.0,9.999999557949407,10.0,10.000000536441691,0.9090909054375983,0.9090909090909091,0.9090909135243113
301,5.016666666666667,True,valid,0.005522888103478079,0.005533151756785906,0.015894080587760033,3.3630364450924244,3.363468672324951,0.0007408715146660164,3.3795702228775473,0.08229028090978648,0.2307448997421132,0.0002853298449798511,1585.0,16.145562615265376,5.403721191153216e-06,0,16043,0.07708614319562912,201,7.450580596923828e-09,3240,1.0,10.0,10.0,10.0,0.9090909090909091,0.9090909090909091,0.9090909090909091,3240,1.0,10.0,10.0,10.0,0.9090909090909091,0.9090909090909091,0.9090909090909091,4824,1.0,9.999999557949407,10.0,10.000000536441691,0.9090909054375983,0.9090909090909091,0.9090909135243113
302,5.033333333333333,True,valid,0.005609599205807411,0.0058590673463776305,0.01618124574044872,3.522662765172446,3.5231211587761457,0.0007812906366687769,3.538936729920172,0.08674306747287645,0.2403516363864858,0.00029788797664361466,1585.0,16.927049921670985,5.638405482855287e-06,0,16076,0.0715172216296196,201,7.450580596923828e-09,3240,1.0,10.0,10.0,10.0,0.9090909090909091,0.9090909090909091,0.9090909090909091,3240,1.0,10.0,10.0,10.0,0.9090909090909091,0.9090909090909091,0.9090909090909091,4824,1.0,9.999999557949407,10.0,10.000000536441691,0.9090909054375983,0.9090909090909091,0.9090909135243113
303,5.05,True,valid,0.005587776703906499,0.00616196325264361,0.016161674930792083,3.653488282111524,3.6539699728898736,0.0008171155642140145,3.6726542025164455,0.09043309236484398,0.2762417883981863,0.00030834142950567404,1585.0,17.572695043718742,5.823509398120636e-06,0,16083,0.0656503438949585,201,5.587935447692871e-09,3240,1.0,10.0,10.0,10.0,0.9090909090909091,0.9090909090909091,0.9090909090909091,3240,1.0,10.0,10.0,10.0,0.9090909090909091,0.9090909090909091,0.9090909090909091,4824,1.0,9.999999557949407,10.0,10.000000536441691,0.9090909054375983,0.9090909090909091,0.9090909135243113
304,5.066666666666666,True,valid,0.0055058133780264305,0.006426308389617426,0.015926430258806412,3.753415862311048,3.753916778227056,0.0008408701089685306,3.7693661866274093,0.09347659946845635,0.23906485070538103,0.0003164636766726071,1585.0,18.07718453522054,5.964898082883766e-06,0,16091,0.059385769069194794,201,3.725290298461914e-09,3240,1.0,10.0,10.0,10.0,0.9090909090909091,0.9090909090909091,0.9090909090909091,3240,1.0,10.0,10.0,10.0,0.9090909090909091,0.9090909090909091,0.9090909090909091,4824,1.0,9.999999557949407,10.0,10.000000536441691,0.9090909054375983,0.9090909090909091,0.9090909135243113
305,5.083333333333333,True,valid,0.005443413347508127,0.006676095530315221,0.015630080725937984,3.8286463956625885,3.8291613321632956,0.0008564112291262772,3.8444288668603246,0.09601594240461582,0.2592923596339,0.0003231207273959915,1585.0,18.43582821536276,6.078464028374753e-06,0,16093,0.05284523963928223,202,2.7939677238464355e-09,3240,1.0,10.0,10.0,10.0,0.9090909090909091,0.9090909090909091,0.9090909090909091,3240,1.0,10.0,10.0,10.0,0.9090909090909091,0.9090909090909091,0.9090909090909091,4824,1.0,9.999999557949407,10.0,10.000000536441691,0.9090909054375983,0.9090909090909091,0.9090909135243113
306,5.1,True,valid,0.005442771238591623,0.00692375320914314,0.015439577163805866,3.8821257382803207,3.882650456974862,0.0009159823747428104,3.89329888107468,0.09740760630697615,0.16201157819394962,0.00032760547332934747,1585.0,18.58624184970926,6.161275860351458e-06,0,16090,0.059527430683374405,202,1.862645149230957e-09,3240,1.0,10.0,10.0,10.0,0.9090909090909091,0.9090909090909091,0.9090909090909091,3240,1.0,10.0,10.0,10.0,0.9090909090909091,0.9090909090909091,0.9090909090909091,4824,1.0,9.999999557949407,10.0,10.000000536441691,0.9090909054375983,0.9090909090909091,0.9090909135243113
307,5.116666666666666,True,valid,0.005522621371345598,0.007178394342052297,0.01543426836445198,3.9094578993106452,3.909986493679652,0.0008779216149882961,3.9208294336371967,0.098210841855297,0.15221657031256358,0.0003301240315601423,1585.0,18.521738578447792,6.208820757861913e-06,0,16112,0.06627582758665085,202,1.0477378964424133e-09,3240,1.0,10.0,10.0,10.0,0.9090909090909091,0.9090909090909091,0.9090909090909091,3240,1.0,10.0,10.0,10.0,0.9090909090909091,0.9090909090909091,0.9090909090909091,4824,1.0,9.999999557949407,10.0,10.000000536441691,0.9090909054375983,0.9090909090909091,0.9090909135243113
308,5.133333333333334,True,valid,0.0056619532542154394,0.007458361817441873,0.015649797874739888,3.912052101133163,3.912580459275522,0.000880438949227321,3.9268062243907402,0.09866753448474591,0.23239849175506552,0.00033053085174176826,1585.0,18.289872016043507,6.2205797535037795e-06,0,16170,0.07297222316265106,202,3.725290298461914e-09,3240,1.0,10.0,10.0,10.0,0.9090909090909091,0.9090909090909091,0.9090909090909091,3240,1.0,10.0,10.0,10.0,0.9090909090909091,0.9090909090909091,0.9090909090909091,4824,1.0,9.999999557949407,10.0,10.000000536441691,0.9090909054375983,0.9090909090909091,0.9090909135243113
309,5.15,True,valid,0.005826739680861397,0.007759392832910082,0.015959622915536285,3.89303391911661,3.8935562411870843,0.0008701173112186456,3.9049483387603776,0.09766211704662252,0.15967990243404795,0.00032908837886546494,1585.0,17.908050932529196,6.200148439267573e-06,0,16194,0.0798526480793953,202,2.7939677238464355e-09,3240,1.0,10.0,10.0,10.0,0.9090909090909091,0.9090909090909091,0.9090909090909091,3240,1.0,10.0,10.0,10.0,0.9090909090909091,0.9090909090909091,0.9090909090909091,4824,1.0,9.999999557949407,10.0,10.000000536441691,0.9090909054375983,0.9090909090909091,0.9090909135243113
310,5.166666666666667,True,valid,0.005977527392151358,0.008041895443134836,0.01616321033684512,3.8475939026481645,3.848104998361853,0.0008587778047204394,3.8622101149190295,0.09603144151833976,0.21355977876071733,0.00032600476775765207,1585.0,17.4088479615486,6.148116316969776e-06,0,16210,0.08658221364021301,202,5.587935447692871e-09,3240,1.0,10.0,10.0,10.0,0.9090909090909091,0.9090909090909091,0.9090909090909091,3240,1.0,10.0,10.0,10.0,0.9090909090909091,0.9090909090909091,0.9090909090909091,4824,1.0,9.999999557949407,10.0,10.000000536441691,0.9090909054375983,0.9090909090909091,0.9090909135243113
311,5.183333333333334,True,valid,0.006059587616343952,0.008243409965673623,0.01616184731844437,3.772073759054328,3.772570922669199,0.0008384499095957646,3.7858612651673584,0.09371577968588805,0.20817807333732466,0.00032048726010138243,1585.0,16.79736245393254,6.0463150413151385e-06,0,16246,0.09306468814611435,202,1.862645149230957e-09,3240,1.0,10.0,10.0,10.0,0.9090909090909091,0.9090909090909091,0.9090909090909091,3240,1.0,10.0,10.0,10.0,0.9090909090909091,0.9090909090909091,0.9090909090909091,4824,1.0,9.999999557949407,10.0,10.000000536441691,0.9090909054375983,0.9090909090909091,0.9090909135243113
312,5.2,True,valid,0.006061996479817473,0.00831810340311817,0.015950341362455864,3.6617509092820955,3.6622306494233507,0.0008121022436618567,3.673119344706764,0.09055869805380758,0.14866819375631624,0.0003116756366941996,1585.0,16.063710447091648,5.884032214049221e-06,0,16262,0.09934348613023758,202,7.450580596923828e-09,3240,1.0,10.0,10.0,10.0,0.9090909090909091,0.9090909090909091,0.9090909090909091,3240,1.0,10.0,10.0,10.0,0.9090909090909091,0.9090909090909091,0.9090909090909091,4824,1.0,9.999999557949407,10.0,10.000000536441691,0.9090909054375983,0.9090909090909091,0.9090909135243113
313,5.216666666666667,True,valid,0.006010584125878183,0.008277137656172173,0.015592187574049786,3.525523523483157,3.5259823965259818,0.0007803562067097048,3.536504727520974,0.08675423581030868,0.1445365974291987,0.00030137119683182036,1585.0,15.279060476305048,5.690514393658844e-06,0,16266,0.10504606366157532,201,3.725290298461914e-09,3240,1.0,10.0,10.0,10.0,0.9090909090909091,0.9090909090909091,0.9090909090909091,3240,1.0,10.0,10.0,10.0,0.9090909090909091,0.9090909090909091,0.9090909090909091,4824,1.0,9.999999557949407,10.0,10.000000536441691,0.9090909054375983,0.9090909090909091,0.9090909135243113
314,5.233333333333333,True,valid,0.005940303961703859,0.00811451207551135,0.01521249940769338,3.3635893441951463,3.3640221576190066,0.0007420744753987306,3.3739993145545935,0.08233431588193912,0.13690223877501692,0.00028880111438296923,1585.0,14.401898669270626,5.454299638065298e-06,0,16242,0.11050200462341309,201,7.450580596923828e-09,3240,1.0,10.0,10.0,10.0,0.9090909090909091,0.9090909090909091,0.9090909090909091,3240,1.0,10.0,10.0,10.0,0.9090909090909091,0.9090909090909091,0.9090909090909091,4824,1.0,9.999999557949407,10.0,10.000000536441691,0.9090909054375983,0.9090909090909091,0.9090909135243113
315,5.25,True,valid,0.005884465897277669,0.007841540189738299,0.014876408392958318,3.1826216520070996,3.1830247882716436,0.0006982958573415934,3.1931122080105543,0.07718907905452033,0.13697206403916476,0.0002748502081911039,1585.0,13.462686657429135,5.19719978885816e-06,0,16210,0.11570863425731659,201,7.450580596923828e-09,3240,1.0,10.0,10.0,10.0,0.9090909090909091,0.9090909090909091,0.9090909090909091,3240,1.0,10.0,10.0,10.0,0.9090909090909091,0.9090909090909091,0.9090909090909091,4824,1.0,9.999999557949407,10.0,10.000000536441691,0.9090909054375983,0.9090909090909091,0.9090909135243113
316,5.266666666666667,True,valid,0.005844557847729623,0.007483084511775123,0.014639783793360754,2.984873065586834,2.985242421162809,0.0006524668577074969,2.995393939752968,0.07150338250925814,0.136075169149246,0.00025972169190142415,1585.0,12.443462073718178,4.922147373624111e-06,0,16165,0.12035854160785675,202,7.450580596923828e-09,3240,1.0,10.0,10.0,10.0,0.9090909090909091,0.9090909090909091,0.9090909090909091,3240,1.0,10.0,10.0,10.0,0.9090909090909091,0.9090909090909091,0.9090909090909091,4824,1.0,9.999999557949407,10.0,10.000000536441691,0.9090909054375983,0.9090909090909091,0.9090909135243113
317,5.283333333333333,True,valid,0.005802478404206948,0.007068903082351587,0.014520788965006533,2.770487068913522,2.770821470347313,0.000596598053092162,2.7812863313081713,0.06526429513648134,0.1337393790529887,0.00024312561495161132,1585.0,11.287955546480852,4.622042948347462e-06,0,16081,0.12445323169231415,200,7.450580596923828e-09,3240,1.0,10.0,10.0,10.0,0.9090909090909091,0.9090909090909091,0.9090909090909091,3240,1.0,10.0,10.0,10.0,0.9090909090909091,0.9090909090909091,0.9090909090909091,4824,1.0,9.999999557949407,10.0,10.000000536441691,0.9090909054375983,0.9090909090909091,0.9090909135243113
318,5.3,True,valid,0.005746001113492979,0.006641277537560514,0.014462260137876258,2.544072184365499,2.544365779477866,0.0005389339911478408,2.5551948397313105,0.058526111888259374,0.13268250432744905,0.00022575686826919406,1585.0,9.999116648367316,4.3090360623385924e-06,0,16006,0.12799520790576935,200,3.725290298461914e-09,3240,1.0,10.0,10.0,10.0,0.9090909090909091,0.9090909090909091,0.9090909090909091,3240,1.0,10.0,10.0,10.0,0.9090909090909091,0.9090909090909091,0.9090909090909091,4824,1.0,9.999999557949407,10.0,10.000000536441691,0.9090909054375983,0.9090909090909091,0.9090909135243113
319,5.316666666666666,True,valid,0.005670456722758297,0.0062329103676113645,0.014376421802173514,2.309989873279559,2.3102395779259637,0.00047861698198602295,2.321470425214708,0.05128413036978997,0.131260595531463,0.00020803241949311416,1585.0,8.656256040684282,3.990597645536003e-06,0,15911,0.13099130988121033,199,3.725290298461914e-09,3240,1.0,10.0,10.0,10.0,0.9090909090909091,0.9090909090909091,0.9090909090909091,3240,1.0,10.0,10.0,10.0,0.9090909090909091,0.9090909090909091,0.9090909090909091,4824,1.0,9.999999557949407,10.0,10.000000536441691,0.9090909054375983,0.9090909090909091,0.9090909135243113
320,5.333333333333333,True,valid,0.005577289563540236,0.005869292271231092,0.01420866553598126,2.0727313171645534,2.072937435253301,0.0004272151115004065,2.0845555047738653,0.043647053144682736,0.12501327627928455,0.0001904723986829553,1585.0,7.493169059873082,3.673559405792501e-06,0,15894,0.13366974890232086,199,7.450580596923828e-09,3240,1.0,10.0,10.0,10.0,0.9090909090909091,0.9090909090909091,0.9090909090909091,3240,1.0,10.0,10.0,10.0,0.9090909090909091,0.9090909090909091,0.9090909090909091,4824,1.0,9.999999557949407,10.0,10.000000536441691,0.9090909054375983,0.9090909090909091,0.9090909135243113
321,5.35,True,valid,0.005473969698213533,0.005565802534864401,0.013970362123406731,1.8399690342338306,1.840128958076342,0.0003668082148440204,1.8521417380289742,0.03559242642931123,0.12114904066642916,0.00017347065953336605,1585.0,6.389406576597696,3.3684233473175674e-06,0,15846,0.13603654503822327,199,7.450580596923828e-09,3240,1.0,10.0,10.0,10.0,0.9090909090909091,0.9090909090909091,0.9090909090909091,3240,1.0,10.0,10.0,10.0,0.9090909090909091,0.9090909090909091,0.9090909090909091,4824,1.0,9.999999557949407,10.0,10.000000536441691,0.9090909054375983,0.9090909090909091,0.9090909135243113
322,5.366666666666666,True,valid,0.00538502503062934,0.005320018657107414,0.013729349268140406,1.6247487890803736,1.6248628391041808,0.0003089068531566588,1.6360683709600983,0.027345504206444455,0.11043718347155738,0.0001582746451233862,1585.0,5.211860767124139,3.096282977870049e-06,0,15782,0.1380070447921753,202,7.450580596923828e-09,3240,1.0,10.0,10.0,10.0,0.9090909090909091,0.9090909090909091,0.9090909090909091,3240,1.0,10.0,10.0,10.0,0.9090909090909091,0.9090909090909091,0.9090909090909091,4824,1.0,9.999999557949407,10.0,10.000000536441691,0.9090909054375983,0.9090909090909091,0.9090909135243113
323,5.383333333333334,True,valid,0.0053371130339254485,0.005095218776617669,0.013552724783849885,1.439552570014694,1.4396192946825126,0.0003120911913546265,1.4539890355444864,0.018948831837455184,0.12253302128343838,0.00014548845177219988,1585.0,3.987268056869249,2.8676402164468023e-06,0,15723,0.13956686854362488,202,7.450580596923828e-09,3240,1.0,10.0,10.0,10.0,0.9090909090909091,0.9090909090909091,0.9090909090909091,3240,1.0,10.0,10.0,10.0,0.9090909090909091,0.9090909090909091,0.9090909090909091,4824,1.0,9.999999557949407,10.0,10.000000536441691,0.9090909054375983,0.9090909090909091,0.9090909135243113
324,5.4,True,valid,0.005342964383362726,0.004872069192490016,0.013502957521227224,1.3097740626164447,1.3098145117975588,0.00021687008516831704,1.327006584354522,0.010498204773029953,0.1382970408051674,0.0001368417553921272,1585.0,2.8411039733475616,2.7163674285851833e-06,0,15595,0.14065343141555786,200,7.450580596923828e-09,3240,1.0,10.0,10.0,10.0,0.9090909090909091,0.9090909090909091,0.9090909090909091,3240,1.0,10.0,10.0,10.0,0.9090909090909091,0.9090909090909091,0.9090909090909091,4824,1.0,9.999999557949407,10.0,10.000000536441691,0.9090909054375983,0.9090909090909091,0.9090909135243113
325,5.416666666666667,True,valid,0.0053945319305760695,0.004644473895327025,0.013595478661976234,1.2574282807958717,1.2574515134640134,0.00018964104520667277,1.275791426117114,0.003211445694450422,0.13942752771339942,0.00013295334136218876,1585.0,2.7865948023361997,2.6539599246828253e-06,0,15504,0.1412949413061142,201,7.450580596923828e-09,3240,1.0,10.0,10.0,10.0,0.9090909090909091,0.9090909090909091,0.9090909090909091,3240,1.0,10.0,10.0,10.0,0.9090909090909091,0.9090909090909091,0.9090909090909091,4824,1.0,9.999999557949407,10.0,10.000000536441691,0.9090909054375983,0.9090909090909091,0.9090909135243113
326,5.433333333333334,True,valid,0.005463563966026217,0.0044334245210866175,0.01378573280056194,1.2929899081567167,1.2930212925678886,0.00018147707137836888,1.311625780143714,0.007969564824829268,0.14215034110416944,0.0001344167863224833,1585.0,3.0328475305614635,2.6886029693447026e-06,0,15628,0.1414714753627777,200,7.450580596923828e-09,3240,1.0,10.0,10.0,10.0,0.9090909090909091,0.9090909090909091,0.9090909090909091,3240,1.0,10.0,10.0,10.0,0.9090909090909091,0.9090909090909091,0.9090909090909091,4824,1.0,9.999999557949407,10.0,10.000000536441691,0.9090909054375983,0.9090909090909091,0.9090909135243113
327,5.45,True,valid,0.0055163891748179405,0.004240699189831947,0.014010533871765261,1.405235022622505,1.4052955680919401,0.0002167667637743503,1.4250030354456662,0.01671182300073106,0.15693368696343651,0.0001411152084464942,1585.0,4.262981595661066,2.8100530814664635e-06,0,15743,0.1412118375301361,196,7.450580596923828e-09,3240,1.0,10.0,10.0,10.0,0.9090909090909091,0.9090909090909091,0.9090909090909091,3240,1.0,10.0,10.0,10.0,0.9090909090909091,0.9090909090909091,0.9090909090909091,4824,1.0,9.999999557949407,10.0,10.000000536441691,0.9090909054375983,0.9090909090909091,0.9090909135243113
328,5.466666666666667,True,valid,0.005520160142968582,0.004076889611601436,0.014169309431752916,1.5769778769189315,1.577077449306451,0.00026928493144137385,1.5908145646407263,0.02485429110303713,0.11644051428695307,0.0001520669866348807,1585.0,5.5871244354664675,3.007239699281481e-06,0,15805,0.140517920255661,201,7.450580596923828e-09,3240,1.0,10.0,10.0,10.0,0.9090909090909091,0.9090909090909091,0.9090909090909091,3240,1.0,10.0,10.0,10.0,0.9090909090909091,0.9090909090909091,0.9090909090909091,4824,1.0,9.999999557949407,10.0,10.000000536441691,0.9090909054375983,0.9090909090909091,0.9090909135243113
329,5.483333333333333,True,valid,0.005455388929944631,0.003960253001711,0.014213580728385286,1.7774033359523602,1.7775477979837586,0.0003291841843878644,1.789870114425798,0.03323058406459568,0.11502122383982259,0.00016586280895899887,1585.0,6.924841520684719,3.248053023917155e-06,0,15870,0.1394374966621399,199,7.450580596923828e-09,3240,1.0,10.0,10.0,10.0,0.9090909090909091,0.9090909090909091,0.9090909090909091,3240,1.0,10.0,10.0,10.0,0.9090909090909091,0.9090909090909091,0.9090909090909091,4824,1.0,9.999999557949407,10.0,10.000000536441691,0.9090909054375983,0.9090909090909091,0.9090909135243113
330,5.5,True,valid,0.00534173870532044,0.003927792647005735,0.014178590141437993,1.9957177546361515,1.9959089590110717,0.00039107753830951506,2.006188732668379,0.04122331297515157,0.10728353340693453,0.0001814136344907451,1585.0,8.248170902153749,3.51994043771276e-06,0,15933,0.1367001086473465,196,7.450580596923828e-09,3240,1.0,10.0,10.0,10.0,0.9090909090909091,0.9090909090909091,0.9090909090909091,3240,1.0,10.0,10.0,10.0,0.9090909090909091,0.9090909090909091,0.9090909090909091,4824,1.0,9.999999557949407,10.0,10.000000536441691,0.9090909054375983,0.9090909090909091,0.9090909135243113
331,5.516666666666667,True,valid,0.005220207507309564,0.004020673006470724,0.0141528069567596,2.2232638755693763,2.2235023474779614,0.0004590468647335725,2.23993511731041,0.04894386988818847,0.19066096890115708,0.00019842636065240497,1585.0,9.519830702127932,3.817406145650742e-06,0,15969,0.1331280618906021,197,3.725290298461914e-09,3240,1.0,10.0,10.0,10.0,0.9090909090909091,0.9090909090909091,0.9090909090909091,3240,1.0,10.0,10.0,10.0,0.9090909090909091,0.9090909090909091,0.9090909090909091,4824,1.0,9.999999557949407,10.0,10.000000536441691,0.9090909054375983,0.9090909090909091,0.9090909135243113
332,5.533333333333333,True,valid,0.005144179519290991,0.004237774131841994,0.014196735977269092,2.4546286577771035,2.454909951619941,0.0005157633951069162,2.4625294257976607,0.05636450075024738,0.09421425905100977,0.000216053407542693,1585.0,10.751428328833466,4.1311726635000095e-06,0,15987,0.12881609797477722,196,3.725290298461914e-09,3240,1.0,10.0,10.0,10.0,0.9090909090909091,0.9090909090909091,0.9090909090909091,3240,1.0,10.0,10.0,10.0,0.9090909090909091,0.9090909090909091,0.9090909090909091,4824,1.0,9.999999557949407,10.0,10.000000536441691,0.9090909054375983,0.9090909090909091,0.9090909135243113
333,5.55,True,valid,0.005127657881024726,0.004539845888123898,0.014445744717412671,2.683588273245831,2.6839107535654096,0.000577906560750106,2.6969538535001756,0.0633131072759676,0.18375931130437806,0.00023349471890763215,1585.0,11.915505881169302,4.448018223168385e-06,0,16000,0.12404394894838333,196,3.725290298461914e-09,3240,1.0,10.0,10.0,10.0,0.9090909090909091,0.9090909090909091,0.9090909090909091,3240,1.0,10.0,10.0,10.0,0.9090909090909091,0.9090909090909091,0.9090909090909091,4824,1.0,9.999999557949407,10.0,10.000000536441691,0.9090909054375983,0.9090909090909091,0.9090909135243113
334,5.566666666666666,True,valid,0.005185219874227875,0.004907319965950326,0.014798379300666062,2.902292405755034,2.902644743199209,0.0008302719672488454,2.9120960717081648,0.0696935283641053,0.12220526733821416,0.00025048664582986096,1585.0,13.016375979466202,4.758344790209355e-06,0,16005,0.11882656067609787,196,7.450580596923828e-09,3240,1.0,10.0,10.0,10.0,0.9090909090909091,0.9090909090909091,0.9090909090909091,3240,1.0,10.0,10.0,10.0,0.9090909090909091,0.9090909090909091,0.9090909090909091,4824,1.0,9.999999557949407,10.0,10.000000536441691,0.9090909054375983,0.9090909090909091,0.9090909135243113
335,5.583333333333333,True,valid,0.005300276612760198,0.005311947014094025,0.01520714687281408,3.111669125106405,3.112062232591849,0.0007148977292266213,3.122144213196128,0.07560147269614297,0.1466086304665419,0.00026683725683503,1585.0,14.075872588659147,5.062498337024139e-06,0,16005,0.11330030858516693,196,3.725290298461914e-09,3240,1.0,10.0,10.0,10.0,0.9090909090909091,0.9090909090909091,0.9090909090909091,3240,1.0,10.0,10.0,10.0,0.9090909090909091,0.9090909090909091,0.9090909090909091,4824,1.0,9.999999557949407,10.0,10.000000536441691,0.9090909054375983,0.9090909090909091,0.9090909135243113
336,5.6,True,valid,0.005407941505051717,0.005711684454077627,0.015560753814186123,3.29935445301092,3.2997724882979886,0.0008616699836648974,3.3087409733979625,0.08087694037671864,0.11768697600973828,0.0002817425856345677,1585.0,15.084896194111252,5.337005401449349e-06,0,16031,0.10750739276409149,196,7.450580596923828e-09,3240,1.0,10.0,10.0,10.0,0.9090909090909091,0.9090909090909091,0.9090909090909091,3240,1.0,10.0,10.0,10.0,0.9090909090909091,0.9090909090909091,0.9090909090909091,4824,1.0,9.999999557949407,10.0,10.000000536441691,0.9090909054375983,0.9090909090909091,0.9090909135243113
337,5.616666666666666,True,valid,0.0054822835961491935,0.006074387864540734,0.01577439463424377,3.462314819966729,3.4627658725961354,0.0007659533854612457,3.4715736971027775,0.08553798605117725,0.11067400553535443,0.0002945130825424706,1585.0,15.937683392525237,5.572466281432778e-06,0,16050,0.10157877206802368,196,7.450580596923828e-09,3240,1.0,10.0,10.0,10.0,0.9090909090909091,0.9090909090909091,0.9090909090909091,3240,1.0,10.0,10.0,10.0,0.9090909090909091,0.9090909090909091,0.9090909090909091,4824,1.0,9.999999557949407,10.0,10.000000536441691,0.9090909054375983,0.9090909090909091,0.9090909135243113
338,5.633333333333334,True,valid,0.005518153096221712,0.0063979192364755355,0.015778731810437527,3.602601714464333,3.6030754582884046,0.0008009494780618688,3.6113255242228273,0.08953559114241025,0.10666169880644823,0.0003058811950097006,1585.0,16.640121229911458,5.7791661733170526e-06,0,16059,0.09547536075115204,197,5.587935447692871e-09,3240,1.0,10.0,10.0,10.0,0.9090909090909091,0.9090909090909091,0.9090909090909091,3240,1.0,10.0,10.0,10.0,0.9090909090909091,0.9090909090909091,0.9090909090909091,4824,1.0,9.999999557949407,10.0,10.000000536441691,0.9090909054375983,0.9090909090909091,0.9090909135243113
339,5.65,True,valid,0.005505983326126213,0.006676801333599811,0.015654840110022748,3.712419213198324,3.7129130001821147,0.0008291181284493975,3.7209482496326203,0.09280531524691825,0.10355238404580756,0.0003149515448423907,1585.0,17.212355557724774,5.941210627765936e-06,0,16073,0.08932699263095856,197,1.862645149230957e-09,3240,1.0,10.0,10.0,10.0,0.9090909090909091,0.9090909090909091,0.9090909090909091,3240,1.0,10.0,10.0,10.0,0.9090909090909091,0.9090909090909091,0.9090909090909091,4824,1.0,9.999999557949407,10.0,10.000000536441691,0.9090909054375983,0.9090909090909091,0.9090909135243113
340,5.666666666666667,True,valid,0.0054774639452931494,0.0069130117061723985,0.015512291723026225,3.798593289508752,3.7991014953397464,0.0008500258434944804,3.8069758535284643,0.09535597925381337,0.10114851314842294,0.000321974506035214,1585.0,17.66244429343354,6.064999476934906e-06,0,16077,0.08310036361217499,197,2.7939677238464355e-09,3240,1.0,10.0,10.0,10.0,0.9090909090909091,0.9090909090909091,0.9090909090909091,3240,1.0,10.0,10.0,10.0,0.9090909090909091,0.9090909090909091,0.9090909090909091,4824,1.0,9.999999557949407,10.0,10.000000536441691,0.9090909054375983,0.9090909090909091,0.9090909135243113
341,5.683333333333334,True,valid,0.005474515326234018,0.007100537375679427,0.015428577609589347,3.8575567844407246,3.8580765230952916,0.0008669996812410334,3.8659668216526635,0.09708881420477786,0.10245471784459703,0.0003268161715984086,1585.0,17.94741388467349,6.1527826892621685e-06,0,16106,0.07660380750894547,198,3.725290298461914e-09,3240,1.0,10.0,10.0,10.0,0.9090909090909091,0.9090909090909091,0.9090909090909091,3240,1.0,10.0,10.0,10.0,0.9090909090909091,0.9090909090909091,0.9090909090909091,4824,1.0,9.999999557949407,10.0,10.000000536441691,0.9090909054375983,0.9090909090909091,0.9090909135243113
342,5.7,True,valid,0.0055154556714448605,0.007251272277446382,0.0154875530792791,3.8929035869455206,3.893430608808157,0.000981332849088804,3.903832645198591,0.09814526092507221,0.17560502558820376,0.00032986406818496486,1585.0,18.080057414334085,6.206777084203196e-06,0,16140,0.07013992220163345,198,2.561137080192566e-09,3240,1.0,10.0,10.0,10.0,0.9090909090909091,0.9090909090909091,0.9090909090909091,3240,1.0,10.0,10.0,10.0,0.9090909090909091,0.9090909090909091,0.9090909090909091,4824,1.0,9.999999557949407,10.0,10.000000536441691,0.9090909054375983,0.9090909090909091,0.9090909135243113
343,5.716666666666667,True,valid,0.005594255621920801,0.007371998610016157,0.015677753219530712,3.9050399054229827,3.9055661600488785,0.0009107966406543858,3.915475751359038,0.09840792243608222,0.15533948604594933,0.00033100471669528475,1585.0,18.078674373765416,6.230619357465774e-06,0,16156,0.06366921216249466,198,2.7939677238464355e-09,3240,1.0,10.0,10.0,10.0,0.9090909090909091,0.9090909090909091,0.9090909090909091,3240,1.0,10.0,10.0,10.0,0.9090909090909091,0.9090909090909091,0.9090909090909091,4824,1.0,9.999999557949407,10.0,10.000000536441691,0.9090909054375983,0.9090909090909091,0.9090909135243113
344,5.733333333333333,True,valid,0.005690118537701419,0.007459730564889152,0.01593626298718952,3.889831713411521,3.890354319772306,0.000873907917585906,3.898827628758713,0.09779243915814584,0.11450931385879955,0.0003296702477268562,1585.0,17.935820766357836,6.210736805227365e-06,0,16170,0.057282399386167526,197,1.862645149230957e-09,3240,1.0,10.0,10.0,10.0,0.9090909090909091,0.9090909090909091,0.9090909090909091,3240,1.0,10.0,10.0,10.0,0.9090909090909091,0.9090909090909091,0.9090909090909091,4824,1.0,9.999999557949407,10.0,10.000000536441691,0.9090909054375983,0.9090909090909091,0.9090909135243113
345,5.75,True,valid,0.005789175632084229,0.007537911316854879,0.01612208899716965,3.847161617747572,3.847676471573574,0.0008637522974860667,3.856374744656225,0.09649445152292392,0.11731920991215954,0.0003264366925878986,1585.0,17.664854270303984,6.153774098322435e-06,0,16174,0.060618408024311066,197,3.725290298461914e-09,3240,1.0,10.0,10.0,10.0,0.9090909090909091,0.9090909090909091,0.9090909090909091,3240,1.0,10.0,10.0,10.0,0.9090909090909091,0.9090909090909091,0.9090909090909091,4824,1.0,9.999999557949407,10.0,10.000000536441691,0.9090909054375983,0.9090909090909091,0.9090909135243113
346,5.766666666666667,True,valid,0.005861634811530926,0.007615045399038219,0.01615715978133692,3.774632934294037,3.775135370158015,0.0008459122602779328,3.7849836208872962,0.09443871042570763,0.1321008918742709,0.00032099868030128543,1585.0,17.2514816406363,6.055459725815862e-06,0,16187,0.06691622734069824,197,3.725290298461914e-09,3240,1.0,10.0,10.0,10.0,0.9090909090909091,0.9090909090909091,0.9090909090909091,3240,1.0,10.0,10.0,10.0,0.9090909090909091,0.9090909090909091,0.9090909090909091,4824,1.0,9.999999557949407,10.0,10.000000536441691,0.9090909054375983,0.9090909090909091,0.9090909135243113
347,5.783333333333333,True,valid,0.005892939824833661,0.007685172168639349,0.0160018453971891,3.6747496795197083,3.6752131199311044,0.0013377921690889564,3.6868237152133494,0.09170081940631278,0.16368617927883078,0.0003133796448228918,1585.0,16.70632237119478,5.916414838211104e-06,0,16206,0.07310397177934647,197,5.587935447692871e-09,3240,1.0,10.0,10.0,10.0,0.9090909090909091,0.9090909090909091,0.9090909090909091,3240,1.0,10.0,10.0,10.0,0.9090909090909091,0.9090909090909091,0.9090909090909091,4824,1.0,9.999999557949407,10.0,10.000000536441691,0.9090909054375983,0.9090909090909091,0.9090909135243113
348,5.8,True,valid,0.0058922851250508635,0.007739626545769284,0.015679299786160925,3.5463694220353035,3.5468346653058562,0.0007906742119468593,3.555227577775595,0.08814387032908233,0.1135163703136493,0.0003035485486076884,1585.0,16.019807518879738,5.73202562506381e-06,0,16207,0.07911801338195801,197,7.450580596923828e-09,3240,1.0,10.0,10.0,10.0,0.9090909090909091,0.9090909090909091,0.9090909090909091,3240,1.0,10.0,10.0,10.0,0.9090909090909091,0.9090909090909091,0.9090909090909091,4824,1.0,9.999999557949407,10.0,10.000000536441691,0.9090909054375983,0.9090909090909091,0.9090909135243113
349,5.816666666666666,True,valid,0.005884417463393343,0.007773379447518434,0.01525988689947305,3.394593139675822,3.395015702507448,0.0012434139764111638,3.4071952110225876,0.0840139925114352,0.17329001081618903,0.0002922413657839149,1585.0,15.249789915363635,5.522998914796062e-06,0,16201,0.08485301584005356,197,3.725290298461914e-09,3240,1.0,10.0,10.0,10.0,0.9090909090909091,0.9090909090909091,0.9090909090909091,3240,1.0,10.0,10.0,10.0,0.9090909090909091,0.9090909090909091,0.9090909090909091,4824,1.0,9.999999557949407,10.0,10.000000536441691,0.9090909054375983,0.9090909090909091,0.9090909135243113
350,5.833333333333333,True,valid,0.0058777441493927975,0.00776289905176188,0.014905631053150088,3.2192098663003748,3.2196224742398787,0.0007275494043520611,3.227896496535753,0.07893133877785068,0.1087658438504542,0.0002787022465192747,1585.0,14.31769250137333,5.271271951202492e-06,0,16174,0.09022586792707443,198,3.725290298461914e-09,3240,1.0,10.0,10.0,10.0,0.9090909090909091,0.9090909090909091,0.9090909090909091,3240,1.0,10.0,10.0,10.0,0.9090909090909091,0.9090909090909091,0.9090909090909091,4824,1.0,9.999999557949407,10.0,10.000000536441691,0.9090909054375983,0.9090909090909091,0.9090909135243113
351,5.85,True,valid,0.005896269791108562,0.007693355444116876,0.014662532845910056,3.0303905710389216,3.030766915706867,0.0006916013167614723,3.0396737303416206,0.07337497960684297,0.11890714276046085,0.00026444833844630394,1585.0,13.258526462289666,5.009068373691493e-06,0,16147,0.09516739845275879,202,3.725290298461914e-09,3240,1.0,10.0,10.0,10.0,0.9090909090909091,0.9090909090909091,0.9090909090909091,3240,1.0,10.0,10.0,10.0,0.9090909090909091,0.9090909090909091,0.9090909090909091,4824,1.0,9.999999557949407,10.0,10.000000536441691,0.9090909054375983,0.9090909090909091,0.9090909135243113
352,5.866666666666666,True,valid,0.005918439093001619,0.007548170562003293,0.01456986343695183,2.8224290478098615,2.822769685567565,0.0006448505956807015,2.832520833902051,0.06725940537476703,0.12412259216682471,0.0002483921446667726,1585.0,12.059507294236347,4.718242819351104e-06,0,16111,0.09960557520389557,202,7.450580596923828e-09,3240,1.0,10.0,10.0,10.0,0.9090909090909091,0.9090909090909091,0.9090909090909091,3240,1.0,10.0,10.0,10.0,0.9090909090909091,0.9090909090909091,0.9090909090909091,4824,1.0,9.999999557949407,10.0,10.000000536441691,0.9090909054375983,0.9090909090909091,0.9090909135243113
353,5.883333333333334,True,valid,0.00593710572185312,0.007322570979489417,0.014614689171447303,2.6052991950645317,2.605602896904735,0.000570900536401592,2.615726154667712,0.06054207635229331,0.12037434895232059,0.00023175745129447534,1585.0,10.801399191662952,4.419312538571935e-06,0,16061,0.10348189622163773,200,3.725290298461914e-09,3240,1.0,10.0,10.0,10.0,0.9090909090909091,0.9090909090909091,0.9090909090909091,3240,1.0,10.0,10.0,10.0,0.9090909090909091,0.9090909090909091,0.9090909090909091,4824,1.0,9.999999557949407,10.0,10.000000536441691,0.9090909054375983,0.9090909090909091,0.9090909135243113
354,5.9,True,valid,0.0059388381179367395,0.007004922261804182,0.01467342799102213,2.3802081734099043,2.3804673536187098,0.0005107698863320992,2.391149503942579,0.05352160725024446,0.12787524018273663,0.0002145130190274193,1585.0,9.430253399064602,4.111949154909154e-06,0,15994,0.10680007189512253,200,3.725290298461914e-09,3240,1.0,10.0,10.0,10.0,0.9090909090909091,0.9090909090909091,0.9090909090909091,3240,1.0,10.0,10.0,10.0,0.9090909090909091,0.9090909090909091,0.9090909090909091,4824,1.0,9.999999557949407,10.0,10.000000536441691,0.9090909054375983,0.9090909090909091,0.9090909135243113
355,5.916666666666667,True,valid,0.005891081643901966,0.006615843989292224,0.014651496853785287,2.1454798765281033,2.1456551869418345,0.0013308398204681905,2.1621207789635286,0.04614539159790507,0.1651523535994046,0.0001966474187693609,1585.0,7.994371322717627,3.8005970478678637e-06,0,15898,0.10955118387937546,201,7.450580596923828e-09,3240,1.0,10.0,10.0,10.0,0.9090909090909091,0.9090909090909091,0.9090909090909091,3240,1.0,10.0,10.0,10.0,0.9090909090909091,0.9090909090909091,0.9090909090909091,4824,1.0,9.999999557949407,10.0,10.000000536441691,0.9090909054375983,0.9090909090909091,0.9090909135243113
356,5.933333333333334,True,valid,0.0057941390551605205,0.006181460047817713,0.014533347670173353,1.9122570171701347,1.9124273502999887,0.00039009783450247277,1.9268443546835838,0.038030624336257986,0.14300617778166635,0.00017956073496475878,1585.0,6.683631670131806,3.486387529883034e-06,0,15844,0.11167192459106445,203,7.450580596923828e-09,3240,1.0,10.0,10.0,10.0,0.9090909090909091,0.9090909090909091,0.9090909090909091,3240,1.0,10.0,10.0,10.0,0.9090909090909091,0.9090909090909091,0.9090909090909091,4824,1.0,9.999999557949407,10.0,10.000000536441691,0.9090909054375983,0.9090909090909091,0.9090909135243113
357,5.95,True,valid,0.005662820284200594,0.0057082089539256895,0.014256835865723886,1.6911566647607046,1.6912821412110242,0.0003164800608587471,1.7032240807284948,0.029793205415459975,0.10896266653707012,0.0001636485052980698,1585.0,5.325100423833531,3.201228410846876e-06,0,15780,0.11326057463884354,204,7.450580596923828e-09,3240,1.0,10.0,10.0,10.0,0.9090909090909091,0.9090909090909091,0.9090909090909091,3240,1.0,10.0,10.0,10.0,0.9090909090909091,0.9090909090909091,0.9090909090909091,4824,1.0,9.999999557949407,10.0,10.000000536441691,0.9090909054375983,0.9090909090909091,0.9090909135243113
358,5.966666666666667,True,valid,0.005505676839420935,0.005239365309522898,0.01386311092379726,1.483206837210246,1.4832874449473226,0.0002589931735293477,1.5058013650253526,0.021589715728031693,0.1704658419430838,0.0001492588966383707,1585.0,4.216824968178334,2.9403749715202364e-06,0,15743,0.11433281749486923,198,7.450580596923828e-09,3240,1.0,10.0,10.0,10.0,0.9090909090909091,0.9090909090909091,0.9090909090909091,3240,1.0,10.0,10.0,10.0,0.9090909090909091,0.9090909090909091,0.9090909090909091,4824,1.0,9.999999557949407,10.0,10.000000536441691,0.9090909054375983,0.9090909090909091,0.9090909135243113
359,5.983333333333333,True,valid,0.0053507981297545104,0.004816497627389,0.013532693317372318,1.3294890822401053,1.329533306195501,0.00027284188091132995,1.347990860854047,0.01299185013237287,0.14070456972853462,0.00013883780226142656,1585.0,3.1224988443738315,2.752086259819514e-06,0,15626,0.11480645835399628,197,7.450580596923828e-09,3240,1.0,10.0,10.0,10.0,0.9090909090909091,0.9090909090909091,0.9090909090909091,3240,1.0,10.0,10.0,10.0,0.9090909090909091,0.9090909090909091,0.9090909090909091,4824,1.0,9.999999557949407,10.0,10.000000536441691,0.9090909054375983,0.9090909090909091,0.9090909135243113
360,6.0,True,valid,0.005245072423567732,0.004431939302181263,0.013346873753744855,1.2449544232636465,1.2449763079751566,0.0002667566498498005,1.2645111343992406,0.004842095259329155,0.14374735502321806,0.0001328027717058022,1585.0,2.717152403083621,2.6438046623754907e-06,0,15504,0.11475812643766403,197,7.450580596923828e-09,3240,1.0,10.0,10.0,10.0,0.9090909090909091,0.9090909090909091,0.9090909090909091,3240,1.0,10.0,10.0,10.0,0.9090909090909091,0.9090909090909091,0.9090909090909091,4824,1.0,9.999999557949407,10.0,10.000000536441691,0.9090909054375983,0.9090909090909091,0.9090909135243113
