frame,time_s,valid,status,stretch_score,shear_score,bend_score,original_rms_N,alm_rms_N,constitutive_gap_rms_N,elastic_rms_N,damping_rms_N,contact_rms_N,inertia_rms_N,free_vertices,original_max_N,iterate_change_rms_m,self_contact_vt_candidates,self_contact_ee_candidates,body_max_abs_translation_m,soft_contact_count,pin_error_m,tri_stretch_active_rows,tri_stretch_floor_fraction,tri_stretch_rho_over_k_min,tri_stretch_rho_over_k_median,tri_stretch_rho_over_k_max,tri_stretch_effective_over_k_min,tri_stretch_effective_over_k_median,tri_stretch_effective_over_k_max,tri_area_active_rows,tri_area_floor_fraction,tri_area_rho_over_k_min,tri_area_rho_over_k_median,tri_area_rho_over_k_max,tri_area_effective_over_k_min,tri_area_effective_over_k_median,tri_area_effective_over_k_max,bend_active_rows,bend_floor_fraction,bend_rho_over_k_min,bend_rho_over_k_median,bend_rho_over_k_max,bend_effective_over_k_min,bend_effective_over_k_median,bend_effective_over_k_max
0,0.0,True,valid,0.0,0.0,0.0,,,,,,,,,,,0,0,0.1509999930858612,0,0.0,0,,,,,,,,0,,,,,,,,0,,,,,,,
1,0.016666666666666666,True,valid,0.002928976767908717,0.0015664717840836702,0.0008837942839085927,0.9174927490875816,0.9175321105508015,0.00020178595780531036,0.9175770116340435,0.008458556950286258,0.0,0.00012493330701835616,1585.0,1.8979983417476407,2.3146337769934146e-06,0,15504,0.14950264990329742,0,0.0,3240,1.0,9.0,9.0,9.0,0.9,0.9,0.9,3240,1.0,9.0,9.0,9.0,0.9,0.9,0.9,4824,1.0,8.999999508535026,8.999999932944775,9.000000368598684,0.89999999508535,0.8999999993294477,0.9000000036859866
2,0.03333333333333333,True,valid,0.005937442389938514,0.003412939941992709,0.0073305237004185,1.6554491513893197,1.6554848807339717,0.00023212545680634198,1.655784528447776,0.011575719837142874,0.0,0.00018417857504754372,1585.0,4.450037599422699,3.687497300885542e-06,0,15504,0.14528286457061768,0,0.0,3240,1.0,9.0,9.0,9.0,0.9,0.9,0.9,3240,1.0,9.0,9.0,9.0,0.9,0.9,0.9,4824,1.0,8.999999508535026,8.999999932944775,9.000000368598684,0.89999999508535,0.8999999993294477,0.9000000036859866
3,0.05,True,valid,0.006052649815477318,0.004144141257746046,0.016741896776865238,1.5856528573200994,1.585684720282336,0.00021129616728693523,1.585618999458864,0.010109450811636021,0.0,0.00014795293082294316,1585.0,5.459667528665168,3.118356159922571e-06,0,15512,0.13834063708782196,0,0.0,3240,1.0,9.0,9.0,9.0,0.9,0.9,0.9,3240,1.0,9.0,9.0,9.0,0.9,0.9,0.9,4824,1.0,8.999999508535026,8.999999932944775,9.000000368598684,0.89999999508535,0.8999999993294477,0.9000000036859866
4,0.06666666666666667,True,valid,0.006397258805853056,0.00562324043703682,0.02370778792433025,1.7639369466861985,1.7639657942700215,0.00019270763680873362,1.7633391410526449,0.008262019991021982,0.0,0.00012373304547080133,1585.0,10.339006358074863,3.019761258251587e-06,0,15548,0.12867596745491028,14,0.0,3240,1.0,9.0,9.0,9.0,0.9,0.9,0.9,3240,1.0,9.0,9.0,9.0,0.9,0.9,0.9,4824,1.0,8.999999508535026,8.999999932944775,9.000000368598684,0.89999999508535,0.8999999993294477,0.9000000036859866
5,0.08333333333333333,True,valid,0.006925675243788942,0.005600811191074692,0.02313514517695854,1.76628550295242,1.7663190010181593,0.000524843724770998,1.7765159078713735,0.013855405094486859,0.10114110607481919,0.00015069061266403052,1585.0,6.659369418855001,3.314727473520067e-06,0,15572,0.11628885567188263,77,0.0,3240,1.0,9.0,9.0,9.0,0.9,0.9,0.9,3240,1.0,9.0,9.0,9.0,0.9,0.9,0.9,4824,1.0,8.999999508535026,8.999999932944775,9.000000368598684,0.89999999508535,0.8999999993294477,0.9000000036859866
6,0.1,True,valid,0.006672618809067485,0.004897905664915492,0.01874102648828561,1.7762914520887998,1.776427876794685,0.0009288953282989917,1.7908673866217475,0.027185932498027712,0.33005242893364717,0.0001679508471143567,1585.0,11.823938085074586,3.5734864949105952e-06,0,15512,0.10117930173873901,134,0.0,3240,1.0,9.0,9.0,9.0,0.9,0.9,0.9,3240,1.0,9.0,9.0,9.0,0.9,0.9,0.9,4824,1.0,8.999999508535026,8.999999932944775,9.000000368598684,0.89999999508535,0.8999999993294477,0.9000000036859866
7,0.11666666666666667,True,valid,0.004930098025014656,0.0038575791881678575,0.014937633089008584,1.3683382647644653,1.3683603237128341,0.0007438615032526348,1.3799463037242463,0.012341907867447365,0.1101270069874386,0.00013639491107513628,1585.0,4.780377996333734,2.7604593438432248e-06,0,15512,0.10167092084884644,135,0.0,3240,1.0,9.0,9.0,9.0,0.9,0.9,0.9,3240,1.0,9.0,9.0,9.0,0.9,0.9,0.9,4824,1.0,8.999999508535026,8.999999932944775,9.000000368598684,0.89999999508535,0.8999999993294477,0.9000000036859866
8,0.13333333333333333,True,valid,0.0034551128056290754,0.0026356296188173277,0.011321657596814158,1.031935959508896,1.0321418766103048,0.004890353689201259,1.2876815603541303,0.009656231535197839,0.5869932066205611,0.00011109986797136972,1585.0,11.779933697660951,2.362220761001507e-06,0,15506,0.10238125920295715,133,0.0,3240,1.0,9.0,9.0,9.0,0.9,0.9,0.9,3240,1.0,9.0,9.0,9.0,0.9,0.9,0.9,4824,1.0,8.999999508535026,8.999999932944775,9.000000368598684,0.89999999508535,0.8999999993294477,0.9000000036859866
9,0.15,True,valid,0.003599838212045096,0.002327276798309309,0.00979300165826555,1.0350404713831962,1.0355454054782676,0.0051549421606674065,1.5068803203482604,0.018656273627661226,0.8518413661721917,0.00011887833318558209,1585.0,8.006195475996313,2.392692191150445e-06,0,15504,0.1003691554069519,134,0.0,3240,1.0,9.0,9.0,9.0,0.9,0.9,0.9,3240,1.0,9.0,9.0,9.0,0.9,0.9,0.9,4824,1.0,8.999999508535026,8.999999932944775,9.000000368598684,0.89999999508535,0.8999999993294477,0.9000000036859866
10,0.16666666666666666,True,valid,0.004756626791871067,0.002709940047648078,0.009898032249653478,1.3017054318752845,1.3017378280521854,0.00020672115285606286,1.304502385442242,0.005284363590267949,0.0586854479574323,0.00014436189756210068,1585.0,4.03441118574706,2.8301812746068657e-06,0,15504,0.09963572025299072,135,0.0,3240,1.0,9.0,9.0,9.0,0.9,0.9,0.9,3240,1.0,9.0,9.0,9.0,0.9,0.9,0.9,4824,1.0,8.999999508535026,8.999999932944775,9.000000368598684,0.89999999508535,0.8999999993294477,0.9000000036859866
11,0.18333333333333332,True,valid,0.0052244286653829915,0.0027594678548124962,0.011066378641390486,1.3348533659197017,1.3348865386616018,0.0003013895764734962,1.3426202742181625,0.006222625808287286,0.08838203412088681,0.00014845692636522825,1585.0,3.609871468812012,2.9342061134951435e-06,0,15504,0.09638114273548126,147,0.0,3240,1.0,9.0,9.0,9.0,0.9,0.9,0.9,3240,1.0,9.0,9.0,9.0,0.9,0.9,0.9,4824,1.0,8.999999508535026,8.999999932944775,9.000000368598684,0.89999999508535,0.8999999993294477,0.9000000036859866
12,0.2,True,valid,0.004920458913512231,0.0029019044062507855,0.014254873644230606,1.2369645511645526,1.2369950785816517,0.00020027472879786119,1.3086899854867329,0.010780241946895001,0.42039153116067274,0.0001293567616471977,1585.0,3.5326183064649213,2.587234687688028e-06,0,15505,0.09074122458696365,157,0.0,3240,1.0,9.0,9.0,9.0,0.9,0.9,0.9,3240,1.0,9.0,9.0,9.0,0.9,0.9,0.9,4824,1.0,8.999999508535026,8.999999932944775,9.000000368598684,0.89999999508535,0.8999999993294477,0.9000000036859866
13,0.21666666666666667,True,valid,0.00496299049425994,0.0034720430059266044,0.01684128527666831,1.2940437906106743,1.2940761192424364,0.00022482257418597222,1.3070328608761606,0.008623156246846257,0.11129539675303772,0.0001257868807505563,1585.0,4.785747759026036,2.5707418877633243e-06,0,15509,0.08569541573524475,161,0.0,3240,1.0,9.0,9.0,9.0,0.9,0.9,0.9,3240,1.0,9.0,9.0,9.0,0.9,0.9,0.9,4824,1.0,8.999999508535026,8.999999932944775,9.000000368598684,0.89999999508535,0.8999999993294477,0.9000000036859866
14,0.23333333333333334,True,valid,0.005465186940879459,0.004165875236410637,0.01712270445098344,1.4103860107389936,1.4104217121871119,0.0002693633380410971,1.4428600977506127,0.009361229197011869,0.22289809604423633,0.0001375163256256136,1585.0,4.1483745371845835,2.832138054374043e-06,0,15512,0.08118889480829239,163,0.0,3240,1.0,9.0,9.0,9.0,0.9,0.9,0.9,3240,1.0,9.0,9.0,9.0,0.9,0.9,0.9,4824,1.0,8.999999508535026,8.999999932944775,9.000000368598684,0.89999999508535,0.8999999993294477,0.9000000036859866
15,0.25,True,valid,0.005692493696372233,0.004740256199787898,0.01585828530933974,1.4797867222038235,1.4798155632271497,0.00022836862476525383,1.5102231333466296,0.005669871330013947,0.23085563788107835,0.0001493517930873941,1585.0,3.8756873063897217,3.056756901868081e-06,0,15512,0.07866515964269638,161,0.0,3240,1.0,9.0,9.0,9.0,0.9,0.9,0.9,3240,1.0,9.0,9.0,9.0,0.9,0.9,0.9,4824,1.0,8.999999508535026,8.999999932944775,9.000000368598684,0.89999999508535,0.8999999993294477,0.9000000036859866
16,0.26666666666666666,True,valid,0.005048224977761578,0.004621032917111112,0.014463886209866852,1.3713746000424913,1.3712917812321264,0.0024882565673837297,1.4159620512338933,0.011482585622497616,0.3018659273255231,0.00013983338112140783,1585.0,3.5577791805839465,2.8601776066851756e-06,0,15508,0.07697286456823349,154,0.0,3240,1.0,9.0,9.0,9.0,0.9,0.9,0.9,3240,1.0,9.0,9.0,9.0,0.9,0.9,0.9,4824,1.0,8.999999508535026,8.999999932944775,9.000000368598684,0.89999999508535,0.8999999993294477,0.9000000036859866
17,0.2833333333333333,True,valid,0.004277734097650295,0.0037858649510096273,0.012941931483969412,1.166980660286151,1.167010919775558,0.0002030920123233096,1.1803011730688622,0.0040617226112843186,0.12895026787267228,0.0001246383648969995,1585.0,2.6619439566984795,2.452894536066843e-06,0,15505,0.07638798654079437,150,0.0,3240,1.0,9.0,9.0,9.0,0.9,0.9,0.9,3240,1.0,9.0,9.0,9.0,0.9,0.9,0.9,4824,1.0,8.999999508535026,8.999999932944775,9.000000368598684,0.89999999508535,0.8999999993294477,0.9000000036859866
18,0.3,True,valid,0.004163874808859883,0.002873308285442518,0.011347733210419993,1.0914963052459834,1.0915397366531285,0.0005999689615146463,1.1077013651390826,0.003556695791632758,0.21686787213332384,0.00012373184702185394,1585.0,2.7495861708149993,2.4032792718484176e-06,0,15504,0.07540303468704224,146,0.0,3240,1.0,9.0,9.0,9.0,0.9,0.9,0.9,3240,1.0,9.0,9.0,9.0,0.9,0.9,0.9,4824,1.0,8.999999508535026,8.999999932944775,9.000000368598684,0.89999999508535,0.8999999993294477,0.9000000036859866
19,0.31666666666666665,True,valid,0.004575412510720775,0.0025612833746734873,0.010638781615430111,1.150971637535661,1.1509846943375437,0.0009777359485809009,1.1573789647640005,0.0034030254109026913,0.07793457855426622,0.00013301138925208967,1585.0,2.8591109946858833,2.5969037163998262e-06,0,15504,0.07350511103868484,150,0.0,3240,1.0,9.0,9.0,9.0,0.9,0.9,0.9,3240,1.0,9.0,9.0,9.0,0.9,0.9,0.9,4824,1.0,8.999999508535026,8.999999932944775,9.000000368598684,0.89999999508535,0.8999999993294477,0.9000000036859866
20,0.3333333333333333,True,valid,0.0048690855208537035,0.0026121800034814664,0.011649350116245233,1.1990680364221427,1.1990984296309948,0.00020301245015676467,1.2043554159462158,0.0031510981373750985,0.07069267551360392,0.000135018551568127,1585.0,2.747965270194952,2.659345713014493e-06,0,15504,0.07222220301628113,165,0.0,3240,1.0,9.0,9.0,9.0,0.9,0.9,0.9,3240,1.0,9.0,9.0,9.0,0.9,0.9,0.9,4824,1.0,8.999999508535026,8.999999932944775,9.000000368598684,0.89999999508535,0.8999999993294477,0.9000000036859866
21,0.35,True,valid,0.004932432233729311,0.0027327524083689513,0.013698123081902937,1.2045709881517777,1.204565051301998,0.0011212022820051536,1.232805914313734,0.010019648403533506,0.20426481931285534,0.00012905205609105294,1585.0,3.482255978019483,2.588005357929518e-06,0,15508,0.07331345975399017,179,0.0,3240,1.0,9.0,9.0,9.0,0.9,0.9,0.9,3240,1.0,9.0,9.0,9.0,0.9,0.9,0.9,4824,1.0,8.999999508535026,8.999999932944775,9.000000368598684,0.89999999508535,0.8999999993294477,0.9000000036859866
22,0.36666666666666664,True,valid,0.00513135068573391,0.003195863802714678,0.015487350170697653,1.288598619007143,1.2886286686414485,0.0014703797906011255,1.3465444874633044,0.018912486778568275,0.29039793308648876,0.00012994374071638098,1585.0,5.679377975925147,2.653900443657778e-06,0,15508,0.07232672721147537,182,0.0,3240,1.0,9.0,9.0,9.0,0.9,0.9,0.9,3240,1.0,9.0,9.0,9.0,0.9,0.9,0.9,4824,1.0,8.999999508535026,8.999999932944775,9.000000368598684,0.89999999508535,0.8999999993294477,0.9000000036859866
23,0.38333333333333336,True,valid,0.00543697162823225,0.003911791882134559,0.015897786159158593,1.3787960136816813,1.378823258597531,0.0002155041589384517,1.4346345982849353,0.0064481536702960095,0.3315315607602247,0.0001387540521676881,1585.0,3.6294701806701135,2.8254942136095384e-06,0,15512,0.0722181424498558,182,0.0,3240,1.0,9.0,9.0,9.0,0.9,0.9,0.9,3240,1.0,9.0,9.0,9.0,0.9,0.9,0.9,4824,1.0,8.999999508535026,8.999999932944775,9.000000368598684,0.89999999508535,0.8999999993294477,0.9000000036859866
24,0.4,True,valid,0.005382152184293824,0.004394275899615271,0.015140145285778724,1.4037455209308385,1.4037868204726303,0.0021324811797176534,1.4639019944796823,0.004644937194319225,0.4837274046514641,0.0001422397612731803,1585.0,3.6548558035433656,2.9172463239676972e-06,0,15512,0.0715525671839714,182,0.0,3240,1.0,9.0,9.0,9.0,0.9,0.9,0.9,3240,1.0,9.0,9.0,9.0,0.9,0.9,0.9,4824,1.0,8.999999508535026,8.999999932944775,9.000000368598684,0.89999999508535,0.8999999993294477,0.9000000036859866
25,0.4166666666666667,True,valid,0.004863728679228266,0.004379829513914048,0.013931991067484231,1.2933898861144877,1.2934201867615183,0.00024475567983496267,1.3314948839913634,0.0037735677990142547,0.28615972117024197,0.00013413967661826125,1585.0,3.0240717328011564,2.693362780031698e-06,0,15508,0.07089342921972275,182,0.0,3240,1.0,9.0,9.0,9.0,0.9,0.9,0.9,3240,1.0,9.0,9.0,9.0,0.9,0.9,0.9,4824,1.0,8.999999508535026,8.999999932944775,9.000000368598684,0.89999999508535,0.8999999993294477,0.9000000036859866
26,0.43333333333333335,True,valid,0.004363000343829913,0.0038919132928630054,0.01283030098319522,1.1750811723386254,1.1751192600075753,0.0005968953890463496,1.2099166544424316,0.004151285210357204,0.24133993490534514,0.0001266413211176408,1585.0,2.9999527071349696,2.496728315609927e-06,0,15504,0.07046202570199966,181,0.0,3240,1.0,9.0,9.0,9.0,0.9,0.9,0.9,3240,1.0,9.0,9.0,9.0,0.9,0.9,0.9,4824,1.0,8.999999508535026,8.999999932944775,9.000000368598684,0.89999999508535,0.8999999993294477,0.9000000036859866
27,0.45,True,valid,0.004287825625013416,0.0032555538917214875,0.011916931310746802,1.1373267678687964,1.1373707307658503,0.0012251973837468372,1.1611219054656212,0.005434917653201275,0.31048405944058743,0.00012540730289586864,1585.0,3.8449309738579056,2.468521243781221e-06,0,15504,0.07026834040880203,181,0.0,3240,1.0,9.0,9.0,9.0,0.9,0.9,0.9,3240,1.0,9.0,9.0,9.0,0.9,0.9,0.9,4824,1.0,8.999999508535026,8.999999932944775,9.000000368598684,0.89999999508535,0.8999999993294477,0.9000000036859866
28,0.4666666666666667,True,valid,0.004602162090472372,0.002872652953440952,0.011381521955604825,1.1712848774508509,1.1712985222581689,0.0006061142201206,1.1788216110935286,0.004310818911454662,0.09685248776653807,0.0001310370270887241,1585.0,2.6189681638442033,2.5789427559953397e-06,0,15504,0.07058089971542358,178,0.0,3240,1.0,9.0,9.0,9.0,0.9,0.9,0.9,3240,1.0,9.0,9.0,9.0,0.9,0.9,0.9,4824,1.0,8.999999508535026,8.999999932944775,9.000000368598684,0.89999999508535,0.8999999993294477,0.9000000036859866
29,0.48333333333333334,True,valid,0.004911059660506536,0.0028026300849781876,0.011868738002844945,1.2132987516245095,1.2132990636417054,0.0010591989883436978,1.2315328578419265,0.006785945743379637,0.15284370633563368,0.0001345252666186785,1585.0,2.858838407377681,2.673722898804617e-06,0,15504,0.07109854370355606,179,0.0,3240,1.0,9.0,9.0,9.0,0.9,0.9,0.9,3240,1.0,9.0,9.0,9.0,0.9,0.9,0.9,4824,1.0,8.999999508535026,8.999999932944775,9.000000368598684,0.89999999508535,0.8999999993294477,0.9000000036859866
30,0.5,True,valid,0.005036369616681052,0.002859672832121424,0.013203745056921254,1.2373621373730068,1.2374059008041138,0.0026820085639824567,1.3077616016761793,0.00877526450271153,0.5123079128871862,0.00013283269973077356,1585.0,3.499725976358528,2.6875400769028704e-06,0,15504,0.07172209024429321,180,0.0,3240,1.0,9.0,9.0,9.0,0.9,0.9,0.9,3240,1.0,9.0,9.0,9.0,0.9,0.9,0.9,4824,1.0,8.999999508535026,8.999999932944775,9.000000368598684,0.89999999508535,0.8999999993294477,0.9000000036859866
31,0.5166666666666667,True,valid,0.0050948400053524275,0.0029771853578978483,0.014340943792662026,1.251615936790442,1.2516422652926225,0.00022774153126759746,1.2864703259906092,0.0030284413237662024,0.25124658650226084,0.00013120287832970012,1585.0,3.128524371488242,2.6395389948184745e-06,0,15504,0.07231005281209946,181,0.0,3240,1.0,9.0,9.0,9.0,0.9,0.9,0.9,3240,1.0,9.0,9.0,9.0,0.9,0.9,0.9,4824,1.0,8.999999508535026,8.999999932944775,9.000000368598684,0.89999999508535,0.8999999993294477,0.9000000036859866
32,0.5333333333333333,True,valid,0.005133285604255965,0.003250692232232824,0.014654677768611384,1.2784931447738621,1.2785205219109246,0.00020107501192641718,1.3272106411690294,0.0034049173677182095,0.32799291756801907,0.00013334793226909422,1585.0,2.9596347545692816,2.689232022827262e-06,0,15505,0.07264827936887741,182,0.0,3240,1.0,9.0,9.0,9.0,0.9,0.9,0.9,3240,1.0,9.0,9.0,9.0,0.9,0.9,0.9,4824,1.0,8.999999508535026,8.999999932944775,9.000000368598684,0.89999999508535,0.8999999993294477,0.9000000036859866
33,0.55,True,valid,0.005031807576565899,0.0036741644027241246,0.014301654622814537,1.2847400847002854,1.2847690789255195,0.00020815352955262426,1.3101311365885193,0.001953415094159456,0.21672602388012857,0.0001351010902376474,1585.0,2.8550056092355534,2.710711493882636e-06,0,15508,0.0726359561085701,179,0.0,3240,1.0,9.0,9.0,9.0,0.9,0.9,0.9,3240,1.0,9.0,9.0,9.0,0.9,0.9,0.9,4824,1.0,8.999999508535026,8.999999932944775,9.000000368598684,0.89999999508535,0.8999999993294477,0.9000000036859866
34,0.5666666666666667,True,valid,0.004767345592471512,0.004007149773983707,0.013725865491354686,1.2487034902067322,1.248711788177303,0.0015452679816751653,1.289747068860322,0.004777537509086382,0.24577785305562277,0.00013251168386603965,1585.0,3.5884969054233253,2.6557121230648606e-06,0,15508,0.07235997915267944,180,0.0,3240,1.0,9.0,9.0,9.0,0.9,0.9,0.9,3240,1.0,9.0,9.0,9.0,0.9,0.9,0.9,4824,1.0,8.999999508535026,8.999999932944775,9.000000368598684,0.89999999508535,0.8999999993294477,0.9000000036859866
35,0.5833333333333334,True,valid,0.004562466557524093,0.004064122941450756,0.01327878416896842,1.2067065715064471,1.2067347808451112,0.00021740753460026358,1.2280674931760827,0.0035238353492089256,0.17603863980551626,0.00012954959803648393,1585.0,2.629777352366368,2.565075336670338e-06,0,15504,0.07194089889526367,179,0.0,3240,1.0,9.0,9.0,9.0,0.9,0.9,0.9,3240,1.0,9.0,9.0,9.0,0.9,0.9,0.9,4824,1.0,8.999999508535026,8.999999932944775,9.000000368598684,0.89999999508535,0.8999999993294477,0.9000000036859866
36,0.6,True,valid,0.00458872632004702,0.0038211160124677064,0.013064414117732603,1.2120450585522622,1.2120618941295405,0.0008582014505664347,1.226219583382642,0.0018323257921303115,0.12655778926929237,0.0001301907535377646,1585.0,2.7239290075975595,2.5838157168836523e-06,0,15504,0.07140986621379852,179,0.0,3240,1.0,9.0,9.0,9.0,0.9,0.9,0.9,3240,1.0,9.0,9.0,9.0,0.9,0.9,0.9,4824,1.0,8.999999508535026,8.999999932944775,9.000000368598684,0.89999999508535,0.8999999993294477,0.9000000036859866
37,0.6166666666666667,True,valid,0.0047840052302462474,0.0034037697710456124,0.012985872927980611,1.2301682498750832,1.2301668063831486,0.001376193819187561,1.2472959256341978,0.0032890785034684063,0.1282898562696899,0.00013270583792690063,1585.0,2.849681583888508,2.6439007572163037e-06,0,15504,0.07101209461688995,179,0.0,3240,1.0,9.0,9.0,9.0,0.9,0.9,0.9,3240,1.0,9.0,9.0,9.0,0.9,0.9,0.9,4824,1.0,8.999999508535026,8.999999932944775,9.000000368598684,0.89999999508535,0.8999999993294477,0.9000000036859866
38,0.6333333333333333,True,valid,0.004963105509503035,0.0030455067942935132,0.013065695312414718,1.2285834495881858,1.2286095701046256,0.00034472639738806506,1.2416992860967462,0.002362193456544031,0.12294382364942258,0.000133030306784598,1585.0,2.770613175422511,2.651866960265075e-06,0,15504,0.07085171341896057,178,0.0,3240,1.0,9.0,9.0,9.0,0.9,0.9,0.9,3240,1.0,9.0,9.0,9.0,0.9,0.9,0.9,4824,1.0,8.999999508535026,8.999999932944775,9.000000368598684,0.89999999508535,0.8999999993294477,0.9000000036859866
39,0.65,True,valid,0.005037862207264881,0.0028857351047891326,0.013271939644045102,1.2203432015699027,1.2203562958005125,0.0009918319608327876,1.237838371727631,0.002782840164925955,0.12862765293348374,0.00013215500060032357,1585.0,2.832465066804842,2.6459371781427186e-06,0,15504,0.07084006816148758,179,0.0,3240,1.0,9.0,9.0,9.0,0.9,0.9,0.9,3240,1.0,9.0,9.0,9.0,0.9,0.9,0.9,4824,1.0,8.999999508535026,8.999999932944775,9.000000368598684,0.89999999508535,0.8999999993294477,0.9000000036859866
40,0.6666666666666666,True,valid,0.005018446723296499,0.0028387142761593064,0.013463537741861386,1.2164744394449711,1.2165030961649874,0.00020506619476362152,1.2369702052686569,0.001457197564318628,0.16418845887442265,0.00013134789596270586,1585.0,2.7026890186212125,2.6237302753492243e-06,0,15504,0.07096011936664581,178,0.0,3240,1.0,9.0,9.0,9.0,0.9,0.9,0.9,3240,1.0,9.0,9.0,9.0,0.9,0.9,0.9,4824,1.0,8.999999508535026,8.999999932944775,9.000000368598684,0.89999999508535,0.8999999993294477,0.9000000036859866
41,0.6833333333333333,True,valid,0.004943502607918784,0.0029499977330675778,0.013358619681298351,1.2267763827228557,1.2268063967111333,0.00021406390557861482,1.2447094248105075,0.0014711452020012008,0.14725719494412937,0.00013215338724343012,1585.0,2.7861671941823567,2.6358249200113397e-06,0,15504,0.0711432546377182,178,0.0,3240,1.0,9.0,9.0,9.0,0.9,0.9,0.9,3240,1.0,9.0,9.0,9.0,0.9,0.9,0.9,4824,1.0,8.999999508535026,8.999999932944775,9.000000368598684,0.89999999508535,0.8999999993294477,0.9000000036859866
42,0.7,True,valid,0.0048073325332362105,0.003324738188685898,0.012974775491528605,1.2320947622348604,1.232125496045023,0.000248212599435364,1.2495367550888978,0.0013597495277038213,0.1412411873095261,0.0001327882282925128,1585.0,2.7663225871005057,2.6405162278802236e-06,0,15504,0.07132016867399216,178,0.0,3240,1.0,9.0,9.0,9.0,0.9,0.9,0.9,3240,1.0,9.0,9.0,9.0,0.9,0.9,0.9,4824,1.0,8.999999508535026,8.999999932944775,9.000000368598684,0.89999999508535,0.8999999993294477,0.9000000036859866
43,0.7166666666666667,True,valid,0.004640670145906627,0.0037734467472150543,0.012592501894208267,1.2237724272944193,1.223802517999234,0.00021303939173965581,1.2483093924549906,0.001630020185408577,0.19732540072664478,0.0001318880775352656,1585.0,2.702232725332565,2.615614421312798e-06,0,15504,0.07144547253847122,178,0.0,3240,1.0,9.0,9.0,9.0,0.9,0.9,0.9,3240,1.0,9.0,9.0,9.0,0.9,0.9,0.9,4824,1.0,8.999999508535026,8.999999932944775,9.000000368598684,0.89999999508535,0.8999999993294477,0.9000000036859866
44,0.7333333333333333,True,valid,0.00454660997284386,0.003985273087955335,0.012476785627605423,1.2137794891082037,1.2138182908535635,0.0005933364295689561,1.2415662910527954,0.0020697258721943,0.258736125276652,0.0001309757720403577,1585.0,2.669040047395322,2.5968818311395516e-06,0,15504,0.0714072585105896,178,0.0,3240,1.0,9.0,9.0,9.0,0.9,0.9,0.9,3240,1.0,9.0,9.0,9.0,0.9,0.9,0.9,4824,1.0,8.999999508535026,8.999999932944775,9.000000368598684,0.89999999508535,0.8999999993294477,0.9000000036859866
45,0.75,True,valid,0.004585219671936218,0.0038424381780257423,0.012771521151025433,1.208903153421254,1.2089213586000513,0.0006054192612161233,1.2377289056876581,0.003013690692537396,0.2245585988713372,0.0001305375632785816,1585.0,2.6752950624717378,2.588631474560531e-06,0,15504,0.07129249721765518,178,0.0,3240,1.0,9.0,9.0,9.0,0.9,0.9,0.9,3240,1.0,9.0,9.0,9.0,0.9,0.9,0.9,4824,1.0,8.999999508535026,8.999999932944775,9.000000368598684,0.89999999508535,0.8999999993294477,0.9000000036859866
46,0.7666666666666667,True,valid,0.00475495550004829,0.003500638916686848,0.013333204461372278,1.2101862583588254,1.210206833083922,0.00026995291695373495,1.235880187113351,0.002495432995860238,0.20853888411646174,0.0001313142839154474,1585.0,2.709138281883589,2.6038606526304116e-06,0,15504,0.07112286239862442,179,0.0,3240,1.0,9.0,9.0,9.0,0.9,0.9,0.9,3240,1.0,9.0,9.0,9.0,0.9,0.9,0.9,4824,1.0,8.999999508535026,8.999999932944775,9.000000368598684,0.89999999508535,0.8999999993294477,0.9000000036859866
47,0.7833333333333333,True,valid,0.004976605007295678,0.0032148910466727318,0.013963010714519202,1.2269452527215057,1.2269741075275846,0.00020164762214561904,1.2442799916249305,0.001106207197772457,0.14696574156557438,0.0001317143574850183,1585.0,2.754213230879502,2.6302095036140363e-06,0,15509,0.07097169756889343,178,0.0,3240,1.0,9.0,9.0,9.0,0.9,0.9,0.9,3240,1.0,9.0,9.0,9.0,0.9,0.9,0.9,4824,1.0,8.999999508535026,8.999999932944775,9.000000368598684,0.89999999508535,0.8999999993294477,0.9000000036859866
48,0.8,True,valid,0.005170721477663119,0.0031133487496580368,0.014340184064278344,1.2458819611980194,1.2459098986577664,0.00022717936513535748,1.2659976991180177,0.001078457265526771,0.15573136620218206,0.00013251020729776475,1585.0,2.904604903668394,2.6628191975640153e-06,0,15512,0.07097908109426498,177,0.0,3240,1.0,9.0,9.0,9.0,0.9,0.9,0.9,3240,1.0,9.0,9.0,9.0,0.9,0.9,0.9,4824,1.0,8.999999508535026,8.999999932944775,9.000000368598684,0.89999999508535,0.8999999993294477,0.9000000036859866
49,0.8166666666666667,True,valid,0.005237806726299817,0.003091387738296636,0.014294587546515669,1.2565194209498034,1.2565476834833997,0.00020125196272928128,1.2791824232621474,0.0013214344004021216,0.16754984818193833,0.00013342368090914195,1585.0,2.882263385464304,2.68621325533311e-06,0,15512,0.07116054743528366,177,0.0,3240,1.0,9.0,9.0,9.0,0.9,0.9,0.9,3240,1.0,9.0,9.0,9.0,0.9,0.9,0.9,4824,1.0,8.999999508535026,8.999999932944775,9.000000368598684,0.89999999508535,0.8999999993294477,0.9000000036859866
50,0.8333333333333334,True,valid,0.005117982985448552,0.0030788526033225312,0.01383228507179836,1.2481599898971294,1.2481817410397926,0.00028713727006245636,1.2704649061915776,0.002453990780507656,0.17228646817289467,0.00013324435573572373,1585.0,2.820730736200858,2.6738252766486954e-06,0,15512,0.07144966721534729,176,0.0,3240,1.0,9.0,9.0,9.0,0.9,0.9,0.9,3240,1.0,9.0,9.0,9.0,0.9,0.9,0.9,4824,1.0,8.999999508535026,8.999999932944775,9.000000368598684,0.89999999508535,0.8999999993294477,0.9000000036859866
51,0.85,True,valid,0.004858804530499229,0.003180730519361491,0.013071944998669377,1.2262358290600386,1.226220884475627,0.0013915218198449545,1.2464683288659397,0.002953939172209395,0.1636293668207214,0.00013197934916588284,1585.0,2.7198888608889424,2.6430082060164856e-06,0,15504,0.07172682881355286,177,0.0,3240,1.0,9.0,9.0,9.0,0.9,0.9,0.9,3240,1.0,9.0,9.0,9.0,0.9,0.9,0.9,4824,1.0,8.999999508535026,8.999999932944775,9.000000368598684,0.89999999508535,0.8999999993294477,0.9000000036859866
52,0.8666666666666667,True,valid,0.004591178070892719,0.0034326820293841156,0.012256082194691287,1.1987189942949106,1.1987211585318218,0.0010682948873165263,1.215461115435223,0.0022142386511504746,0.1370904380084676,0.0001306411928545903,1585.0,2.6701976525712077,2.589748821339046e-06,0,15504,0.07186797261238098,177,0.0,3240,1.0,9.0,9.0,9.0,0.9,0.9,0.9,3240,1.0,9.0,9.0,9.0,0.9,0.9,0.9,4824,1.0,8.999999508535026,8.999999932944775,9.000000368598684,0.89999999508535,0.8999999993294477,0.9000000036859866
53,0.8833333333333333,True,valid,0.004443995314169497,0.003667566483151892,0.011712228594913268,1.1817939326790237,1.1818217193741913,0.00022212569256246063,1.1998790196999494,0.0022375135898276936,0.164852476914131,0.0001298606593511343,1585.0,2.6350594863011443,2.556398601676534e-06,0,15504,0.07178744673728943,177,0.0,3240,1.0,9.0,9.0,9.0,0.9,0.9,0.9,3240,1.0,9.0,9.0,9.0,0.9,0.9,0.9,4824,1.0,8.999999508535026,8.999999932944775,9.000000368598684,0.89999999508535,0.8999999993294477,0.9000000036859866
54,0.9,True,valid,0.004453943843515927,0.0037043767378677327,0.01172361852588289,1.1841718950891407,1.1842005778822091,0.00022169003592165817,1.202963400252787,0.001397910305085464,0.18456589067504828,0.00013027954704094587,1585.0,2.652356601920301,2.5651745469549473e-06,0,15504,0.071513831615448,177,0.0,3240,1.0,9.0,9.0,9.0,0.9,0.9,0.9,3240,1.0,9.0,9.0,9.0,0.9,0.9,0.9,4824,1.0,8.999999508535026,8.999999932944775,9.000000368598684,0.89999999508535,0.8999999993294477,0.9000000036859866
55,0.9166666666666666,True,valid,0.004595587607477266,0.0035370378250276693,0.012339906475320217,1.194726454637053,1.194753745750053,0.0002326156419545697,1.2116060096550012,0.0017366465428185422,0.15743505643442948,0.00013031444177799675,1585.0,2.7109972356469756,2.577436831944243e-06,0,15504,0.07111898064613342,176,0.0,3240,1.0,9.0,9.0,9.0,0.9,0.9,0.9,3240,1.0,9.0,9.0,9.0,0.9,0.9,0.9,4824,1.0,8.999999508535026,8.999999932944775,9.000000368598684,0.89999999508535,0.8999999993294477,0.9000000036859866
56,0.9333333333333333,True,valid,0.0048453502270797005,0.003331736836369483,0.01326742812167382,1.2186604053343872,1.2186795713423284,0.00032438278983454435,1.2393485886372753,0.004852678471965252,0.18123217210117343,0.00013118716298789854,1585.0,2.7242039523473434,2.6156101417924013e-06,0,15504,0.0707167461514473,177,0.0,3240,1.0,9.0,9.0,9.0,0.9,0.9,0.9,3240,1.0,9.0,9.0,9.0,0.9,0.9,0.9,4824,1.0,8.999999508535026,8.999999932944775,9.000000368598684,0.89999999508535,0.8999999993294477,0.9000000036859866
57,0.95,True,valid,0.005105538685344332,0.0032237601215553075,0.01411036933580127,1.2550431872938643,1.2550709258011112,0.000199353081086987,1.2680895003134107,0.002644799467829638,0.11297986702025865,0.00013271765999915006,1585.0,2.898208860460073,2.6709007163555846e-06,0,15509,0.07050184160470963,177,0.0,3240,1.0,9.0,9.0,9.0,0.9,0.9,0.9,3240,1.0,9.0,9.0,9.0,0.9,0.9,0.9,4824,1.0,8.999999508535026,8.999999932944775,9.000000368598684,0.89999999508535,0.8999999993294477,0.9000000036859866
58,0.9666666666666667,True,valid,0.00525109600730351,0.0031902291747907302,0.014495012610723206,1.267731111289823,1.2677599292352917,0.00026971410382550164,1.289728329522559,0.001130290892026159,0.17181180074386593,0.000133661515632181,1585.0,2.879817717431665,2.6969058755771003e-06,0,15512,0.0704762414097786,177,0.0,3240,1.0,9.0,9.0,9.0,0.9,0.9,0.9,3240,1.0,9.0,9.0,9.0,0.9,0.9,0.9,4824,1.0,8.999999508535026,8.999999932944775,9.000000368598684,0.89999999508535,0.8999999993294477,0.9000000036859866
59,0.9833333333333333,True,valid,0.005195292398923123,0.0031462241269074624,0.014332264658921382,1.2569161565147031,1.2569457557910062,0.00022923026207605926,1.2770682175904304,0.001255259807298138,0.17075797880185878,0.0001334168119493913,1585.0,2.9048750399899785,2.683260011097878e-06,0,15512,0.0706382468342781,178,0.0,3240,1.0,9.0,9.0,9.0,0.9,0.9,0.9,3240,1.0,9.0,9.0,9.0,0.9,0.9,0.9,4824,1.0,8.999999508535026,8.999999932944775,9.000000368598684,0.89999999508535,0.8999999993294477,0.9000000036859866
60,1.0,True,valid,0.004980694546256298,0.003131471022043047,0.013740692303586976,1.2239795000508167,1.2240041629273413,0.00023112850808632127,1.2448077808975129,0.002412483741009112,0.18221459532886464,0.0001312895810900708,1585.0,2.7426517671016537,2.626623278021662e-06,0,15512,0.07089129090309143,178,0.0,3240,1.0,9.0,9.0,9.0,0.9,0.9,0.9,3240,1.0,9.0,9.0,9.0,0.9,0.9,0.9,4824,1.0,8.999999508535026,8.999999932944775,9.000000368598684,0.89999999508535,0.8999999993294477,0.9000000036859866
61,1.0166666666666666,True,valid,0.004741774840216569,0.0032608571093161033,0.012957592276138834,1.2054919359219907,1.205521561731364,0.00021233623739596772,1.2203734592558748,0.0044416815761057805,0.1412049419993715,0.00013066533309698852,1585.0,2.7151466238630326,2.5947221936028484e-06,0,15505,0.07115963846445084,177,3.448803909122944e-09,3240,1.0,9.0,9.0,9.0,0.9,0.9,0.9,3240,1.0,9.0,9.0,9.0,0.9,0.9,0.9,4824,1.0,8.999999508535026,8.999999932944775,9.000000368598684,0.89999999508535,0.8999999993294477,0.9000000036859866
62,1.0333333333333334,True,valid,0.004593699813168077,0.0035120780286374076,0.012370628676297539,1.2351416841394864,1.2351848905032559,0.000265242820392492,1.2568024556119488,0.01026361285005595,0.2014384041809375,0.00013272636714147654,1585.0,2.8300103180140597,2.6176999590915853e-06,0,15628,0.07137180119752884,176,1.7462298274040222e-09,3240,1.0,9.0,9.0,9.0,0.9,0.9,0.9,3240,1.0,9.0,9.0,9.0,0.9,0.9,0.9,4824,1.0,8.999999508535026,8.999999932944775,9.000000368598684,0.89999999508535,0.8999999993294477,0.9000000036859866
63,1.05,True,valid,0.004614260095099994,0.003741914579268726,0.012296205692445043,1.3114407590050452,1.3115011740662306,0.000500607072911001,1.3214807572437903,0.013968925883227493,0.10611410646054716,0.00013709850028334358,1585.0,3.6367819882261796,2.701060877618053e-06,0,15654,0.07138868421316147,176,3.026798367500305e-09,3240,1.0,9.0,9.0,9.0,0.9,0.9,0.9,3240,1.0,9.0,9.0,9.0,0.9,0.9,0.9,4824,1.0,8.999999508535026,8.999999932944775,9.000000368598684,0.89999999508535,0.8999999993294477,0.9000000036859866
64,1.0666666666666667,True,valid,0.004817401678467951,0.003851921712971662,0.012737745771055145,1.412941075873765,1.41301179391257,0.0015362351957281036,1.4422670384069478,0.01936377708521577,0.30394593203715536,0.00014317871342387433,1585.0,4.298599124172406,2.8269437641339446e-06,0,15688,0.07108067721128464,176,2.3283064365386963e-09,3240,1.0,9.0,9.0,9.0,0.9,0.9,0.9,3240,1.0,9.0,9.0,9.0,0.9,0.9,0.9,4824,1.0,8.999999508535026,8.999999932944775,9.000000368598684,0.89999999508535,0.8999999993294477,0.9000000036859866
65,1.0833333333333333,True,valid,0.005115611283214807,0.0038773705496456088,0.013538772747158357,1.5237758954893685,1.5238887361005318,0.0003551780301696411,1.5357788178650111,0.02536175944048999,0.1221943322575524,0.0001494480177912547,1585.0,5.082404948227165,2.945582919178273e-06,0,15761,0.07030686736106873,177,2.7939677238464355e-09,3240,1.0,9.0,9.0,9.0,0.9,0.9,0.9,3240,1.0,9.0,9.0,9.0,0.9,0.9,0.9,4824,1.0,8.999999508535026,8.999999932944775,9.000000368598684,0.89999999508535,0.8999999993294477,0.9000000036859866
66,1.1,True,valid,0.005418639989841689,0.0039054545434542196,0.014316059582533978,1.6406829534901795,1.6408254501002422,0.0003676302275219447,1.6551081590893102,0.02803141883040933,0.15360004338712846,0.0001567489139601088,1585.0,5.82471365430409,3.0870308931800703e-06,0,15809,0.06887640804052353,177,3.259629011154175e-09,3240,1.0,9.0,9.0,9.0,0.9,0.9,0.9,3240,1.0,9.0,9.0,9.0,0.9,0.9,0.9,4824,1.0,8.999999508535026,8.999999932944775,9.000000368598684,0.89999999508535,0.8999999993294477,0.9000000036859866
67,1.1166666666666667,True,valid,0.0056092241916198575,0.003917903212081269,0.014718470217968018,1.7472384796705214,1.7474051372975759,0.000421161990109482,1.7651678979149257,0.03189427274454744,0.18405141294490385,0.00016431581668329461,1585.0,6.523567358972698,3.2298497381954124e-06,0,15862,0.06684496253728867,176,2.7939677238464355e-09,3240,1.0,9.0,9.0,9.0,0.9,0.9,0.9,3240,1.0,9.0,9.0,9.0,0.9,0.9,0.9,4824,1.0,8.999999508535026,8.999999932944775,9.000000368598684,0.89999999508535,0.8999999993294477,0.9000000036859866
68,1.1333333333333333,True,valid,0.00558815135475123,0.0038498826576343105,0.014659637029571283,1.829484304281611,1.8296772496061253,0.0004261477759192716,1.8485776477874876,0.03521454619253786,0.19632426732709696,0.0001702366753385689,1585.0,7.044373127714675,3.332874466163314e-06,0,15890,0.06426901370286942,175,3.725290298461914e-09,3240,1.0,9.0,9.0,9.0,0.9,0.9,0.9,3240,1.0,9.0,9.0,9.0,0.9,0.9,0.9,4824,1.0,8.999999508535026,8.999999932944775,9.000000368598684,0.89999999508535,0.8999999993294477,0.9000000036859866
69,1.15,True,valid,0.005382987363246615,0.003732770867701601,0.014242086822320204,1.8954120826352747,1.895624902878483,0.0005561323117979854,1.9076183031183074,0.03812659493346759,0.1355894794706397,0.00017526787462237908,1585.0,7.439998460362136,3.4180317424899813e-06,0,15922,0.06116150692105293,176,2.7939677238464355e-09,3240,1.0,9.0,9.0,9.0,0.9,0.9,0.9,3240,1.0,9.0,9.0,9.0,0.9,0.9,0.9,4824,1.0,8.999999508535026,8.999999932944775,9.000000368598684,0.89999999508535,0.8999999993294477,0.9000000036859866
70,1.1666666666666667,True,valid,0.005089082930684735,0.003753749322103271,0.01370280775693463,1.9404608692315581,1.9407008220771031,0.0009426727503731168,1.9579300821137517,0.040450297886590166,0.23133970676077126,0.00017971640995811133,1585.0,7.587013814407758,3.4822926588195606e-06,0,15929,0.05981457978487015,175,6.51925802230835e-09,3240,1.0,9.0,9.0,9.0,0.9,0.9,0.9,3240,1.0,9.0,9.0,9.0,0.9,0.9,0.9,4824,1.0,8.999999508535026,8.999999932944775,9.000000368598684,0.89999999508535,0.8999999993294477,0.9000000036859866
71,1.1833333333333333,True,valid,0.004851845238843736,0.004087731139085486,0.01330222738376215,1.9828907159638693,1.9829973432416654,0.002587377476552296,1.9940571973308756,0.04213006935804161,0.19408101878607767,0.00018336336471005968,1585.0,7.780326168699964,3.5629410443277514e-06,0,15917,0.05968567728996277,174,5.587935447692871e-09,3240,1.0,9.0,9.0,9.0,0.9,0.9,0.9,3240,1.0,9.0,9.0,9.0,0.9,0.9,0.9,4824,1.0,8.999999508535026,8.999999932944775,9.000000368598684,0.89999999508535,0.8999999993294477,0.9000000036859866
72,1.2,True,valid,0.0048151070157359515,0.004652406401662504,0.013229718573318039,2.0044539698733654,2.0046988033242994,0.0015032919320959455,2.026810432051224,0.042965551333965964,0.31700190523349847,0.00018556494785914657,1585.0,7.826580917099608,3.5785064532210063e-06,0,15897,0.06389615684747696,174,5.587935447692871e-09,3240,1.0,9.0,9.0,9.0,0.9,0.9,0.9,3240,1.0,9.0,9.0,9.0,0.9,0.9,0.9,4824,1.0,8.999999508535026,8.999999932944775,9.000000368598684,0.89999999508535,0.8999999993294477,0.9000000036859866
73,1.2166666666666666,True,valid,0.005022766860370206,0.005254310923556666,0.013465056436467242,2.0130144576764795,2.0132594971514486,0.0005069006319082088,2.0291525752896145,0.04263520205876141,0.2121584358248086,0.00018668255463129095,1585.0,7.872237507818277,3.5933184684098306e-06,0,15901,0.06802159547805786,174,1.862645149230957e-09,3240,1.0,9.0,9.0,9.0,0.9,0.9,0.9,3240,1.0,9.0,9.0,9.0,0.9,0.9,0.9,4824,1.0,8.999999508535026,8.999999932944775,9.000000368598684,0.89999999508535,0.8999999993294477,0.9000000036859866
74,1.2333333333333334,True,valid,0.005364090985561391,0.0057573476891268,0.013894077865644694,2.0065693603543964,2.0068084565195154,0.0005142316347037419,2.0171483947993742,0.04184044792274857,0.1485168139648654,0.00018634574260813382,1585.0,7.832827467944509,3.600028691611234e-06,0,15889,0.07184641808271408,175,3.725290298461914e-09,3240,1.0,9.0,9.0,9.0,0.9,0.9,0.9,3240,1.0,9.0,9.0,9.0,0.9,0.9,0.9,4824,1.0,8.999999508535026,8.999999932944775,9.000000368598684,0.89999999508535,0.8999999993294477,0.9000000036859866
75,1.25,True,valid,0.005687599102337998,0.006085320633062585,0.014326794840588231,1.9809022251866262,1.981106052563241,0.0011934552328162424,1.9924929102482798,0.040390812293475936,0.13540862841316748,0.0001845832801414203,1585.0,7.52981616498874,3.5843602670490016e-06,0,15875,0.07517848908901215,175,5.587935447692871e-09,3240,1.0,9.0,9.0,9.0,0.9,0.9,0.9,3240,1.0,9.0,9.0,9.0,0.9,0.9,0.9,4824,1.0,8.999999508535026,8.999999932944775,9.000000368598684,0.89999999508535,0.8999999993294477,0.9000000036859866
76,1.2666666666666666,True,valid,0.005869995841839945,0.006177749714857053,0.01457604965595872,1.9221355596754517,1.922343332583904,0.0005192247592397529,1.9321363180243265,0.03814336257405226,0.1273153562882022,0.00018032603292272533,1585.0,6.987104886946572,3.510223223633223e-06,0,15848,0.07794953882694244,173,3.725290298461914e-09,3240,1.0,9.0,9.0,9.0,0.9,0.9,0.9,3240,1.0,9.0,9.0,9.0,0.9,0.9,0.9,4824,1.0,8.999999508535026,8.999999932944775,9.000000368598684,0.89999999508535,0.8999999993294477,0.9000000036859866
77,1.2833333333333334,True,valid,0.005865196608998866,0.0060225271101402985,0.014520710859893267,1.831518964222706,1.8317078282351682,0.00048296475962107953,1.8464639753884309,0.03506708079262205,0.1830214061965045,0.00017382975350958594,1585.0,6.263307681144943,3.3912926115741452e-06,0,15837,0.08012542128562927,173,7.450580596923828e-09,3240,1.0,9.0,9.0,9.0,0.9,0.9,0.9,3240,1.0,9.0,9.0,9.0,0.9,0.9,0.9,4824,1.0,8.999999508535026,8.999999932944775,9.000000368598684,0.89999999508535,0.8999999993294477,0.9000000036859866
78,1.3,True,valid,0.005692523584835193,0.005651634309719363,0.014146620626842119,1.7243673808616307,1.7244822638108663,0.001718388877848355,1.748533959780071,0.03185299972363958,0.29014440896491717,0.00016600008482967407,1585.0,5.57504830541111,3.2523446380999555e-06,0,15797,0.08171973377466202,173,3.725290298461914e-09,3240,1.0,9.0,9.0,9.0,0.9,0.9,0.9,3240,1.0,9.0,9.0,9.0,0.9,0.9,0.9,4824,1.0,8.999999508535026,8.999999932944775,9.000000368598684,0.89999999508535,0.8999999993294477,0.9000000036859866
79,1.3166666666666667,True,valid,0.00541464432235439,0.005141922357136271,0.013575728962147543,1.5932048205309124,1.5933379299987285,0.0006492379020084704,1.6089721609144927,0.026622100590066918,0.1703519033613594,0.00015747729834758673,1585.0,4.867391228974701,3.083179935914828e-06,0,15776,0.0827549621462822,173,7.450580596923828e-09,3240,1.0,9.0,9.0,9.0,0.9,0.9,0.9,3240,1.0,9.0,9.0,9.0,0.9,0.9,0.9,4824,1.0,8.999999508535026,8.999999932944775,9.000000368598684,0.89999999508535,0.8999999993294477,0.9000000036859866
80,1.3333333333333333,True,valid,0.005121073281894262,0.004600645575265934,0.013010176497481513,1.4601274926236631,1.4602071361813036,0.0015357809300885232,1.4860295936785033,0.02191095035065978,0.28947438276800735,0.00014826807506332425,1585.0,4.0878106263861245,2.9185188875733745e-06,0,15743,0.08328200876712799,173,7.450580596923828e-09,3240,1.0,9.0,9.0,9.0,0.9,0.9,0.9,3240,1.0,9.0,9.0,9.0,0.9,0.9,0.9,4824,1.0,8.999999508535026,8.999999932944775,9.000000368598684,0.89999999508535,0.8999999993294477,0.9000000036859866
81,1.35,True,valid,0.004887122069316114,0.004159966841234396,0.012687152751749631,1.3380941879656296,1.3381001006188293,0.0014456432121918961,1.361145345097423,0.015872757725077905,0.20617520024871358,0.00014004588830948323,1585.0,3.235898136493204,2.7736775677684226e-06,0,15640,0.08343065530061722,173,3.725290298461914e-09,3240,1.0,9.0,9.0,9.0,0.9,0.9,0.9,3240,1.0,9.0,9.0,9.0,0.9,0.9,0.9,4824,1.0,8.999999508535026,8.999999932944775,9.000000368598684,0.89999999508535,0.8999999993294477,0.9000000036859866
82,1.3666666666666667,True,valid,0.004778532642408727,0.0038675464922087884,0.012714904297451656,1.249236995687752,1.2492830042439063,0.00048514650264374763,1.2688230039386859,0.00917530266702182,0.19341357034610943,0.00013366763168317378,1585.0,2.6973973906838764,2.64529311407826e-06,0,15588,0.08330279588699341,172,3.725290298461914e-09,3240,1.0,9.0,9.0,9.0,0.9,0.9,0.9,3240,1.0,9.0,9.0,9.0,0.9,0.9,0.9,4824,1.0,8.999999508535026,8.999999932944775,9.000000368598684,0.89999999508535,0.8999999993294477,0.9000000036859866
83,1.3833333333333333,True,valid,0.0048093176022517715,0.0036775957526596664,0.013007770825204002,1.2245996816435285,1.224625600885818,0.00024643159549946406,1.2405920791953429,0.003059220411109745,0.153717195183923,0.00013174433256114308,1585.0,2.7429173716525224,2.6202248788305956e-06,0,15504,0.08296620100736618,171,3.725290298461914e-09,3240,1.0,9.0,9.0,9.0,0.9,0.9,0.9,3240,1.0,9.0,9.0,9.0,0.9,0.9,0.9,4824,1.0,8.999999508535026,8.999999932944775,9.000000368598684,0.89999999508535,0.8999999993294477,0.9000000036859866
84,1.4,True,valid,0.004907617189644256,0.0035285073991121072,0.013408028023348187,1.262910263740917,1.2629105071591111,0.0015904689220260647,1.2812779411450013,0.006724186896412042,0.1410887430134616,0.00013333135264897154,1585.0,2.828956903530933,2.6759174827459503e-06,0,15504,0.08245274424552917,172,7.450580596923828e-09,3240,1.0,9.0,9.0,9.0,0.9,0.9,0.9,3240,1.0,9.0,9.0,9.0,0.9,0.9,0.9,4824,1.0,8.999999508535026,8.999999932944775,9.000000368598684,0.89999999508535,0.8999999993294477,0.9000000036859866
85,1.4166666666666667,True,valid,0.005016222030008582,0.0034356275866599235,0.013756146409089447,1.3542539828398756,1.3543179474105567,0.00025651928773075353,1.3696414634058776,0.013833222370073358,0.1540711506480263,0.00013872041986471193,1585.0,3.694694672539128,2.761894754509433e-06,0,15660,0.0817379578948021,171,3.725290298461914e-09,3240,1.0,9.0,9.0,9.0,0.9,0.9,0.9,3240,1.0,9.0,9.0,9.0,0.9,0.9,0.9,4824,1.0,8.999999508535026,8.999999932944775,9.000000368598684,0.89999999508535,0.8999999993294477,0.9000000036859866
86,1.4333333333333333,True,valid,0.005110252382308638,0.0034363130382269206,0.013989586038911721,1.506423044150978,1.506378125856847,0.0035962353487250754,1.5469675723092082,0.022837691890534664,0.2930803525979598,0.0001477227318541125,1585.0,5.2384643872254415,2.982167566284723e-06,0,15731,0.08074826747179031,169,3.725290298461914e-09,3240,1.0,9.0,9.0,9.0,0.9,0.9,0.9,3240,1.0,9.0,9.0,9.0,0.9,0.9,0.9,4824,1.0,8.999999508535026,8.999999932944775,9.000000368598684,0.89999999508535,0.8999999993294477,0.9000000036859866
87,1.45,True,valid,0.0052194598074412095,0.0035616938800351965,0.014184818021599658,1.694276906404997,1.694434798658356,0.0004084951240315352,1.7108188210866888,0.03056885603145166,0.18640838541420582,0.0001607474998028879,1585.0,6.847357861607458,3.149123725299185e-06,0,15845,0.07943594455718994,169,7.450580596923828e-09,3240,1.0,9.0,9.0,9.0,0.9,0.9,0.9,3240,1.0,9.0,9.0,9.0,0.9,0.9,0.9,4824,1.0,8.999999508535026,8.999999932944775,9.000000368598684,0.89999999508535,0.8999999993294477,0.9000000036859866
88,1.4666666666666666,True,valid,0.005358289643514816,0.0037974091123520667,0.014382156348354574,1.9250760197010701,1.9252853445304392,0.0011328071487146873,1.9430673248291548,0.03878003393501292,0.23940446424623169,0.00017625275206631984,1585.0,8.56409957771914,3.4290475372034146e-06,0,15927,0.07766592502593994,167,3.725290298461914e-09,3240,1.0,9.0,9.0,9.0,0.9,0.9,0.9,3240,1.0,9.0,9.0,9.0,0.9,0.9,0.9,4824,1.0,8.999999508535026,8.999999932944775,9.000000368598684,0.89999999508535,0.8999999993294477,0.9000000036859866
89,1.4833333333333334,True,valid,0.005512544809808807,0.004124429416268046,0.01460451398177812,2.1818059380956307,2.18208070687823,0.0009571126294494754,2.19493980264225,0.04721414836064031,0.20654774042397728,0.00019457818826052348,1585.0,10.246666711562357,3.756573010078574e-06,0,15981,0.07535012811422348,163,7.450580596923828e-09,3240,1.0,9.0,9.0,9.0,0.9,0.9,0.9,3240,1.0,9.0,9.0,9.0,0.9,0.9,0.9,4824,1.0,8.999999508535026,8.999999932944775,9.000000368598684,0.89999999508535,0.8999999993294477,0.9000000036859866
90,1.5,True,valid,0.005655346426899569,0.00445120033054461,0.014862671400807484,2.4484141146415963,2.4487354082448802,0.0015610363725442008,2.4647528697281564,0.05532620585845537,0.255954247262807,0.0002138357153028882,1585.0,11.894289516360692,4.107590338170676e-06,0,16006,0.07230795919895172,163,3.725290298461914e-09,3240,1.0,9.0,9.0,9.0,0.9,0.9,0.9,3240,1.0,9.0,9.0,9.0,0.9,0.9,0.9,4824,1.0,8.999999508535026,8.999999932944775,9.000000368598684,0.89999999508535,0.8999999993294477,0.9000000036859866
91,1.5166666666666666,True,valid,0.005761111724284106,0.004693040906957129,0.015168620098922586,2.7105103703291644,2.7109095861850836,0.000748228258326898,2.719616163159666,0.06334780363580571,0.13464485324449077,0.0002332813101507598,1585.0,13.446321211173276,4.4574940593353664e-06,0,16046,0.06843982636928558,163,1.862645149230957e-09,3240,1.0,9.0,9.0,9.0,0.9,0.9,0.9,3240,1.0,9.0,9.0,9.0,0.9,0.9,0.9,4824,1.0,8.999999508535026,8.999999932944775,9.000000368598684,0.89999999508535,0.8999999993294477,0.9000000036859866
92,1.5333333333333334,True,valid,0.005821214120968593,0.004866177265495461,0.01545981717530532,2.975114634663508,2.975567483580491,0.0007848577533110172,2.986344210893447,0.07129243764327681,0.1708772788935971,0.00025364085849394793,1585.0,14.845438302123636,4.830052502412647e-06,0,16090,0.06374086439609528,164,3.725290298461914e-09,3240,1.0,9.0,9.0,9.0,0.9,0.9,0.9,3240,1.0,9.0,9.0,9.0,0.9,0.9,0.9,4824,1.0,8.999999508535026,8.999999932944775,9.000000368598684,0.89999999508535,0.8999999993294477,0.9000000036859866
93,1.55,True,valid,0.005811616050819007,0.005017973429315009,0.01568791457076999,3.2321852665279738,3.2326860534017343,0.0009847771636757668,3.2418712617377623,0.07873710644381117,0.13022321700024983,0.0002742904006573332,1585.0,16.20725606143867,5.207769618426627e-06,0,16108,0.05817263200879097,164,2.7939677238464355e-09,3240,1.0,9.0,9.0,9.0,0.9,0.9,0.9,3240,1.0,9.0,9.0,9.0,0.9,0.9,0.9,4824,1.0,8.999999508535026,8.999999932944775,9.000000368598684,0.89999999508535,0.8999999993294477,0.9000000036859866
94,1.5666666666666667,True,valid,0.00572869620435649,0.005228595689573451,0.015887733216802036,3.47048142835785,3.47103434405903,0.0010042192619315268,3.480024057415678,0.08579697721298886,0.1435433271016126,0.0002933308667078181,1585.0,17.446028976528947,5.555243586377016e-06,0,16115,0.06023618206381798,164,2.7939677238464355e-09,3240,1.0,9.0,9.0,9.0,0.9,0.9,0.9,3240,1.0,9.0,9.0,9.0,0.9,0.9,0.9,4824,1.0,8.999999508535026,8.999999932944775,9.000000368598684,0.89999999508535,0.8999999993294477,0.9000000036859866
95,1.5833333333333333,True,valid,0.005628355276556724,0.005634500200629919,0.016042736932022683,3.6928280221542122,3.6934231202028465,0.001397972050924649,3.7039404405569463,0.0920394819697814,0.17769054556227953,0.0003115773722924096,1585.0,18.45033539757204,5.886392565643224e-06,0,16136,0.06750182062387466,164,2.9103830456733704e-09,3240,1.0,9.0,9.0,9.0,0.9,0.9,0.9,3240,1.0,9.0,9.0,9.0,0.9,0.9,0.9,4824,1.0,8.999999508535026,8.999999932944775,9.000000368598684,0.89999999508535,0.8999999993294477,0.9000000036859866
96,1.6,True,valid,0.005588735189979864,0.006271057967894753,0.01615479427358851,3.8917242794406763,3.8923649793104946,0.00106933273710818,3.903679800332515,0.0978223755401268,0.20329428572948113,0.0003276744518408378,1585.0,19.261525496986316,6.1799672935225846e-06,0,16144,0.07525902986526489,165,3.259629011154175e-09,3240,1.0,9.0,9.0,9.0,0.9,0.9,0.9,3240,1.0,9.0,9.0,9.0,0.9,0.9,0.9,4824,1.0,8.999999508535026,8.999999932944775,9.000000368598684,0.89999999508535,0.8999999993294477,0.9000000036859866
97,1.6166666666666667,True,valid,0.005661850357035815,0.007105570402830018,0.015987830502926563,3.903019098016095,3.903649468965576,0.0018116569117240676,3.918144910641123,0.09790894535585269,0.2554998067729919,0.0003311284752833173,1585.0,18.49374329704498,6.239885727394037e-06,0,16110,0.08336373418569565,165,2.7939677238464355e-09,3240,1.0,9.0,9.0,9.0,0.9,0.9,0.9,3240,1.0,9.0,9.0,9.0,0.9,0.9,0.9,4824,1.0,8.999999508535026,8.999999932944775,9.000000368598684,0.89999999508535,0.8999999993294477,0.9000000036859866
98,1.6333333333333333,True,valid,0.0058711495171514675,0.00796010939520779,0.015898706210082412,3.8497442164132822,3.850373683403229,0.0010791902417184693,3.8657321657812576,0.09661318565533841,0.26790738226002936,0.00032729160662677123,1585.0,17.663327763846464,6.168271998299116e-06,0,16171,0.09161783009767532,166,5.587935447692871e-09,3240,1.0,9.0,9.0,9.0,0.9,0.9,0.9,3240,1.0,9.0,9.0,9.0,0.9,0.9,0.9,4824,1.0,8.999999508535026,8.999999932944775,9.000000368598684,0.89999999508535,0.8999999993294477,0.9000000036859866
99,1.65,True,valid,0.006230848874283483,0.008806448619017197,0.016026952117948474,3.7836356111989007,3.7842384600167858,0.002254594059438479,3.8057980069771196,0.09438812703873713,0.4414744397190119,0.00032215898334309935,1585.0,16.858660075819014,6.098021967428666e-06,0,16260,0.09981926530599594,168,1.862645149230957e-09,3240,1.0,9.0,9.0,9.0,0.9,0.9,0.9,3240,1.0,9.0,9.0,9.0,0.9,0.9,0.9,4824,1.0,8.999999508535026,8.999999932944775,9.000000368598684,0.89999999508535,0.8999999993294477,0.9000000036859866
100,1.6666666666666667,True,valid,0.006636993314250255,0.009585415076972276,0.016297196957320608,3.6971964477519066,3.6977456231459827,0.0030491562541199893,3.7387298843826944,0.09158854941026669,0.6068501428297298,0.00031604654034906703,1585.0,15.93836596086243,5.980452460859384e-06,0,16337,0.10752667486667633,169,5.587935447692871e-09,3240,1.0,9.0,9.0,9.0,0.9,0.9,0.9,3240,1.0,9.0,9.0,9.0,0.9,0.9,0.9,4824,1.0,8.999999508535026,8.999999932944775,9.000000368598684,0.89999999508535,0.8999999993294477,0.9000000036859866
101,1.6833333333333333,True,valid,0.0069658068714050815,0.010097178117582093,0.016505325505360272,3.5867736689483927,3.5873328387145116,0.0009789118814795047,3.6002585163806677,0.08761249195288229,0.23015445671806928,0.00030800490826796796,1585.0,14.936819046496622,5.825592998656942e-06,0,16387,0.1143597885966301,171,7.450580596923828e-09,3240,1.0,9.0,9.0,9.0,0.9,0.9,0.9,3240,1.0,9.0,9.0,9.0,0.9,0.9,0.9,4824,1.0,8.999999508535026,8.999999932944775,9.000000368598684,0.89999999508535,0.8999999993294477,0.9000000036859866
102,1.7,True,valid,0.007114376601012093,0.010164707137348877,0.016431006420791674,3.4386051364366774,3.4391228192859127,0.001587085013042786,3.4555678576661357,0.08331071000763697,0.26295224068054934,0.00029650199427125134,1585.0,14.200250728358876,5.62323277327528e-06,0,16429,0.12020260840654373,172,7.450580596923828e-09,3240,1.0,9.0,9.0,9.0,0.9,0.9,0.9,3240,1.0,9.0,9.0,9.0,0.9,0.9,0.9,4824,1.0,8.999999508535026,8.999999932944775,9.000000368598684,0.89999999508535,0.8999999993294477,0.9000000036859866
103,1.7166666666666666,True,valid,0.007009071735398921,0.0098107034755133,0.01606329619509432,3.258310519889858,3.2588028801230124,0.0008873626554765082,3.27596829916694,0.07839534147552928,0.2676395691474564,0.0002821578288174692,1585.0,13.34770248178408,5.357732146327363e-06,0,16423,0.12497157603502274,171,7.450580596923828e-09,3240,1.0,9.0,9.0,9.0,0.9,0.9,0.9,3240,1.0,9.0,9.0,9.0,0.9,0.9,0.9,4824,1.0,8.999999508535026,8.999999932944775,9.000000368598684,0.89999999508535,0.8999999993294477,0.9000000036859866
104,1.7333333333333334,True,valid,0.006688485711961774,0.009104790310061266,0.015431685436799689,3.0582859418810706,3.0587294615657314,0.001345345459788455,3.077019230271367,0.0728373020560767,0.267430787914263,0.00026696708468428975,1585.0,12.386991512826198,5.075261092310335e-06,0,16390,0.12867239117622375,169,3.725290298461914e-09,3240,1.0,9.0,9.0,9.0,0.9,0.9,0.9,3240,1.0,9.0,9.0,9.0,0.9,0.9,0.9,4824,1.0,8.999999508535026,8.999999932944775,9.000000368598684,0.89999999508535,0.8999999993294477,0.9000000036859866
105,1.75,True,valid,0.006237168029841297,0.008082426250812114,0.014738587636887818,2.835212775963296,2.835622692039942,0.0012262837428707511,2.850897111057478,0.06698362388956179,0.18150438319531365,0.0002498555447116959,1585.0,11.327092755373322,4.749340079601212e-06,0,16335,0.13148421049118042,170,3.725290298461914e-09,3240,1.0,9.0,9.0,9.0,0.9,0.9,0.9,3240,1.0,9.0,9.0,9.0,0.9,0.9,0.9,4824,1.0,8.999999508535026,8.999999932944775,9.000000368598684,0.89999999508535,0.8999999993294477,0.9000000036859866
106,1.7666666666666666,True,valid,0.005758581482417344,0.006889474436860046,0.014185481736258986,2.588689508571314,2.5890607706721847,0.0006790696849526963,2.607408313575229,0.059997519376297534,0.24962629225981878,0.00023064114572253117,1585.0,10.103876642681167,4.387905141449217e-06,0,16168,0.13368317484855652,170,7.450580596923828e-09,3240,1.0,9.0,9.0,9.0,0.9,0.9,0.9,3240,1.0,9.0,9.0,9.0,0.9,0.9,0.9,4824,1.0,8.999999508535026,8.999999932944775,9.000000368598684,0.89999999508535,0.8999999993294477,0.9000000036859866
107,1.7833333333333334,True,valid,0.005374051858221994,0.005762003978337226,0.01383306821802286,2.3341743506473924,2.3344970204461237,0.0006130191938015372,2.3537977570051827,0.05292107314442581,0.24719916275421555,0.00021060972590113662,1585.0,9.246030825476971,4.023202124743487e-06,0,15934,0.13530904054641724,171,7.450580596923828e-09,3240,1.0,9.0,9.0,9.0,0.9,0.9,0.9,3240,1.0,9.0,9.0,9.0,0.9,0.9,0.9,4824,1.0,8.999999508535026,8.999999932944775,9.000000368598684,0.89999999508535,0.8999999993294477,0.9000000036859866
108,1.8,True,valid,0.005156758425792561,0.004919186213944842,0.013698043524451593,2.091939852539594,2.0922089954986247,0.0005310543940419065,2.111737313870861,0.045475759852774876,0.24015152117495217,0.00019237034907566925,1585.0,8.066784786753972,3.6923403258617483e-06,0,15899,0.1366843581199646,172,7.450580596923828e-09,3240,1.0,9.0,9.0,9.0,0.9,0.9,0.9,3240,1.0,9.0,9.0,9.0,0.9,0.9,0.9,4824,1.0,8.999999508535026,8.999999932944775,9.000000368598684,0.89999999508535,0.8999999993294477,0.9000000036859866
109,1.8166666666666667,True,valid,0.005072108623701598,0.004394011593493866,0.013711106917873105,1.8647735120905187,1.8649861081965997,0.0004535349852175289,1.886036069034059,0.03750376765460579,0.24078445061074485,0.00017546914990371415,1585.0,6.631592914113247,3.3949490421958545e-06,0,15888,0.13805821537971497,172,7.450580596923828e-09,3240,1.0,9.0,9.0,9.0,0.9,0.9,0.9,3240,1.0,9.0,9.0,9.0,0.9,0.9,0.9,4824,1.0,8.999999508535026,8.999999932944775,9.000000368598684,0.89999999508535,0.8999999993294477,0.9000000036859866
110,1.8333333333333333,True,valid,0.0050311879506212765,0.004089845139576917,0.013759174804249838,1.652538315450176,1.6526921415839007,0.000658759622603256,1.6695769386179644,0.029417305196649184,0.17000883644550027,0.00015992001616630365,1585.0,5.14724925155772,3.1268137896774678e-06,0,15830,0.13951581716537476,172,7.450580596923828e-09,3240,1.0,9.0,9.0,9.0,0.9,0.9,0.9,3240,1.0,9.0,9.0,9.0,0.9,0.9,0.9,4824,1.0,8.999999508535026,8.999999932944775,9.000000368598684,0.89999999508535,0.8999999993294477,0.9000000036859866
111,1.85,True,valid,0.004992070311078265,0.003927136884752895,0.013728416874031028,1.4656553340778289,1.4657561835132429,0.0006948616441539305,1.4809236216394297,0.02116060346524883,0.13587288279983697,0.00014692451007914493,1585.0,4.122660158040949,2.9012597009790147e-06,0,15711,0.14108355343341827,174,7.450580596923828e-09,3240,1.0,9.0,9.0,9.0,0.9,0.9,0.9,3240,1.0,9.0,9.0,9.0,0.9,0.9,0.9,4824,1.0,8.999999508535026,8.999999932944775,9.000000368598684,0.89999999508535,0.8999999993294477,0.9000000036859866
112,1.8666666666666667,True,valid,0.004992535262761329,0.0038782730565210303,0.013578880370444035,1.3286291349629078,1.3286625857025882,0.002182530399186338,1.3710259192856489,0.014817972696446512,0.39348785397781116,0.00013763245693982918,1585.0,3.7211689697695625,2.760225763995952e-06,0,15629,0.14268247783184052,174,7.450580596923828e-09,3240,1.0,9.0,9.0,9.0,0.9,0.9,0.9,3240,1.0,9.0,9.0,9.0,0.9,0.9,0.9,4824,1.0,8.999999508535026,8.999999932944775,9.000000368598684,0.89999999508535,0.8999999993294477,0.9000000036859866
113,1.8833333333333333,True,valid,0.005091007233715826,0.00397420485788331,0.013442739635745651,1.250303425194323,1.2503345255366842,0.00023826334475759756,1.2640530316420215,0.004722547718973878,0.13415126262650742,0.00013314753669655576,1585.0,2.799677960140558,2.6566278381668995e-06,0,15505,0.14417266845703125,174,7.450580596923828e-09,3240,1.0,9.0,9.0,9.0,0.9,0.9,0.9,3240,1.0,9.0,9.0,9.0,0.9,0.9,0.9,4824,1.0,8.999999508535026,8.999999932944775,9.000000368598684,0.89999999508535,0.8999999993294477,0.9000000036859866
114,1.9,True,valid,0.005314488417317596,0.004233160049919156,0.01348561942544468,1.2642625059575263,1.2642969497680492,0.00021676933647645476,1.2854642426225842,0.006276216820730023,0.17062895284978116,0.00013362667500367166,1585.0,2.7175961941142943,2.6673083948698457e-06,0,15558,0.14529401063919067,174,7.450580596923828e-09,3240,1.0,9.0,9.0,9.0,0.9,0.9,0.9,3240,1.0,9.0,9.0,9.0,0.9,0.9,0.9,4824,1.0,8.999999508535026,8.999999932944775,9.000000368598684,0.89999999508535,0.8999999993294477,0.9000000036859866
115,1.9166666666666667,True,valid,0.005631047675271285,0.004613855174767828,0.013747213071582429,1.37033716459144,1.370401251383656,0.0002529495818622498,1.3901194795926346,0.014312688034698607,0.16984625590209426,0.0001390264948840749,1585.0,3.9234597969368448,2.770103943457905e-06,0,15711,0.14572744071483612,175,7.450580596923828e-09,3240,1.0,9.0,9.0,9.0,0.9,0.9,0.9,3240,1.0,9.0,9.0,9.0,0.9,0.9,0.9,4824,1.0,8.999999508535026,8.999999932944775,9.000000368598684,0.89999999508535,0.8999999993294477,0.9000000036859866
116,1.9333333333333333,True,valid,0.0059499583166469795,0.004975463182435408,0.014144251424009859,1.5377809798351179,1.5378895519393483,0.00031066808558046215,1.5575250239274459,0.02281537839409649,0.1709267951923666,0.00014932213105457829,1585.0,5.472180520836064,2.9598216962285265e-06,0,15811,0.14526690542697906,175,7.450580596923828e-09,3240,1.0,9.0,9.0,9.0,0.9,0.9,0.9,3240,1.0,9.0,9.0,9.0,0.9,0.9,0.9,4824,1.0,8.999999508535026,8.999999932944775,9.000000368598684,0.89999999508535,0.8999999993294477,0.9000000036859866
117,1.95,True,valid,0.006167748380093674,0.005159308127719169,0.01461694087891229,1.7430505117209918,1.7432137593389527,0.00040273637792293633,1.758963983411804,0.031092285571432187,0.15376192273195485,0.000162257153114237,1585.0,7.037008184913164,3.197824561580123e-06,0,15956,0.14377808570861816,177,7.450580596923828e-09,3240,1.0,9.0,9.0,9.0,0.9,0.9,0.9,3240,1.0,9.0,9.0,9.0,0.9,0.9,0.9,4824,1.0,8.999999508535026,8.999999932944775,9.000000368598684,0.89999999508535,0.8999999993294477,0.9000000036859866
118,1.9666666666666666,True,valid,0.006220066040688915,0.005099016895071332,0.015041966498189566,1.9670117387544825,1.9672303478360382,0.0004614146978138613,1.9828342091444349,0.039247561291810035,0.16609549206731475,0.00017770239064059104,1585.0,8.480203294914656,3.4772834879824715e-06,0,16006,0.14124174416065216,178,7.450580596923828e-09,3240,1.0,9.0,9.0,9.0,0.9,0.9,0.9,3240,1.0,9.0,9.0,9.0,0.9,0.9,0.9,4824,1.0,8.999999508535026,8.999999932944775,9.000000368598684,0.89999999508535,0.8999999993294477,0.9000000036859866
119,1.9833333333333334,True,valid,0.006089254742806456,0.004840278857946728,0.015279698221984273,2.194393766927683,2.194668898151874,0.0005394395791590373,2.2102735540037903,0.047119929546052396,0.1741441875495666,0.00019448161178691172,1585.0,9.742759582161291,3.774078559130336e-06,0,16038,0.1376446634531021,180,3.725290298461914e-09,3240,1.0,9.0,9.0,9.0,0.9,0.9,0.9,3240,1.0,9.0,9.0,9.0,0.9,0.9,0.9,4824,1.0,8.999999508535026,8.999999932944775,9.000000368598684,0.89999999508535,0.8999999993294477,0.9000000036859866
120,2.0,True,valid,0.005821164595471502,0.004533567181100803,0.015305041185332848,2.4178432548703634,2.418173423385519,0.0006214156432000819,2.4339394985311578,0.05459641548090085,0.18534925921377468,0.0002117824450051306,1585.0,10.84646895788887,4.0787541862888715e-06,0,16040,0.13305988907814026,179,3.725290298461914e-09,3240,1.0,9.0,9.0,9.0,0.9,0.9,0.9,3240,1.0,9.0,9.0,9.0,0.9,0.9,0.9,4824,1.0,8.999999508535026,8.999999932944775,9.000000368598684,0.89999999508535,0.8999999993294477,0.9000000036859866
121,2.0166666666666666,True,valid,0.0055176897161322005,0.004419733980134668,0.015214642430999546,2.6363721966965374,2.6367543233189994,0.0006877828900175446,2.654566728576015,0.06208237104216356,0.22448615886709578,0.0002291907071857507,1585.0,11.812548545452149,4.386909757953097e-06,0,16018,0.12762515246868134,181,3.725290298461914e-09,3240,1.0,9.0,9.0,9.0,0.9,0.9,0.9,3240,1.0,9.0,9.0,9.0,0.9,0.9,0.9,4824,1.0,8.999999508535026,8.999999932944775,9.000000368598684,0.89999999508535,0.8999999993294477,0.9000000036859866
122,2.033333333333333,True,valid,0.005305051355337977,0.0047172836528301615,0.015105062739986993,2.8514353028284045,2.8518622264734703,0.000767902163983907,2.866955779493051,0.06832138484487775,0.23974293115251474,0.00024658256136244954,1585.0,12.680965027069192,4.699618718684041e-06,0,16020,0.12145300954580307,181,7.450580596923828e-09,3240,1.0,9.0,9.0,9.0,0.9,0.9,0.9,3240,1.0,9.0,9.0,9.0,0.9,0.9,0.9,4824,1.0,8.999999508535026,8.999999932944775,9.000000368598684,0.89999999508535,0.8999999993294477,0.9000000036859866
123,2.05,True,valid,0.0052595690628622115,0.005388247156711909,0.015043372891612195,3.055668578570079,3.056140332878071,0.0008244101979892486,3.0661489543227294,0.07430153943612652,0.17208922165899146,0.0002634724995699552,1585.0,13.833855192044176,5.003493468458094e-06,0,16015,0.11481573432683945,182,3.725290298461914e-09,3240,1.0,9.0,9.0,9.0,0.9,0.9,0.9,3240,1.0,9.0,9.0,9.0,0.9,0.9,0.9,4824,1.0,8.999999508535026,8.999999932944775,9.000000368598684,0.89999999508535,0.8999999993294477,0.9000000036859866
124,2.066666666666667,True,valid,0.005364375005833246,0.00622641651625622,0.015077909582533895,3.2437912516236187,3.2442995869020197,0.0008906599864739737,3.2549426456894635,0.07979234072011983,0.18492189759756486,0.000279026284797141,1585.0,14.955777328189765,5.2869028862422606e-06,0,16010,0.10788975656032562,180,7.450580596923828e-09,3240,1.0,9.0,9.0,9.0,0.9,0.9,0.9,3240,1.0,9.0,9.0,9.0,0.9,0.9,0.9,4824,1.0,8.999999508535026,8.999999932944775,9.000000368598684,0.89999999508535,0.8999999993294477,0.9000000036859866
125,2.0833333333333335,True,valid,0.0055398474087471295,0.0070212661481957464,0.015203826690925216,3.4157736874809848,3.416276527236578,0.001669052510095102,3.427590584064859,0.08468280586837969,0.19333927585893607,0.00029302447000512864,1585.0,15.925092177511978,5.547407463437104e-06,0,16014,0.10108263045549393,182,3.725290298461914e-09,3240,1.0,9.0,9.0,9.0,0.9,0.9,0.9,3240,1.0,9.0,9.0,9.0,0.9,0.9,0.9,4824,1.0,8.999999508535026,8.999999932944775,9.000000368598684,0.89999999508535,0.8999999993294477,0.9000000036859866
126,2.1,True,valid,0.005700730798913217,0.007619286419238714,0.01537993821733932,3.5645902862730345,3.5651520068239355,0.0015171848776251071,3.5727229977812387,0.0885872825206474,0.11758203599014966,0.000305109536612807,1585.0,16.745091529238216,5.7668659044804665e-06,0,16108,0.09465615451335907,185,5.587935447692871e-09,3240,1.0,9.0,9.0,9.0,0.9,0.9,0.9,3240,1.0,9.0,9.0,9.0,0.9,0.9,0.9,4824,1.0,8.999999508535026,8.999999932944775,9.000000368598684,0.89999999508535,0.8999999993294477,0.9000000036859866
127,2.1166666666666667,True,valid,0.005809087904765116,0.007946399298184512,0.015552470226070465,3.68787520129399,3.6884692312706653,0.0011004361000236456,3.6971810074238816,0.09213288897329654,0.13679054547251054,0.0003150903525754202,1585.0,17.39051119118156,5.949710780973781e-06,0,16210,0.08852077275514603,187,5.587935447692871e-09,3240,1.0,9.0,9.0,9.0,0.9,0.9,0.9,3240,1.0,9.0,9.0,9.0,0.9,0.9,0.9,4824,1.0,8.999999508535026,8.999999932944775,9.000000368598684,0.89999999508535,0.8999999993294477,0.9000000036859866
128,2.1333333333333333,True,valid,0.005833578033557983,0.007977408221383899,0.01569813828739052,3.784875970728869,3.7854847844453396,0.001473837443803217,3.795485202774798,0.09466152190798542,0.138301861360447,0.0003228071844302537,1585.0,17.8547233253208,6.093777180845268e-06,0,16242,0.08282117545604706,188,3.725290298461914e-09,3240,1.0,9.0,9.0,9.0,0.9,0.9,0.9,3240,1.0,9.0,9.0,9.0,0.9,0.9,0.9,4824,1.0,8.999999508535026,8.999999932944775,9.000000368598684,0.89999999508535,0.8999999993294477,0.9000000036859866
129,2.15,True,valid,0.005765655891712341,0.00777263805341483,0.01585566180305093,3.8469307257745187,3.847559765452175,0.0010606840553324345,3.860720813013245,0.09654044588448109,0.18809639208800114,0.00032741793124830475,1585.0,18.112476334276103,6.17270413902014e-06,0,16238,0.07732413709163666,190,3.725290298461914e-09,3240,1.0,9.0,9.0,9.0,0.9,0.9,0.9,3240,1.0,9.0,9.0,9.0,0.9,0.9,0.9,4824,1.0,8.999999508535026,8.999999932944775,9.000000368598684,0.89999999508535,0.8999999993294477,0.9000000036859866
130,2.1666666666666665,True,valid,0.005673300481345207,0.007449634922287061,0.01597854545264789,3.8856385359291985,3.886304443371696,0.00178041088827851,3.9092529696974108,0.09777347688952433,0.46700296729321117,0.00033010907111224677,1585.0,18.196011772919785,6.227358893457069e-06,0,16212,0.07217217981815338,190,3.026798367500305e-09,3240,1.0,9.0,9.0,9.0,0.9,0.9,0.9,3240,1.0,9.0,9.0,9.0,0.9,0.9,0.9,4824,1.0,8.999999508535026,8.999999932944775,9.000000368598684,0.89999999508535,0.8999999993294477,0.9000000036859866
131,2.183333333333333,True,valid,0.005612942300225164,0.0070994140257947674,0.016034831566990284,3.891841625492279,3.892497259334954,0.0014890382657971185,3.9119246781717023,0.09830176081781637,0.34861264268406333,0.00033055703138573964,1585.0,18.181578280209045,6.228278280120664e-06,0,16182,0.06687081605195999,191,3.4924596548080444e-09,3240,1.0,9.0,9.0,9.0,0.9,0.9,0.9,3240,1.0,9.0,9.0,9.0,0.9,0.9,0.9,4824,1.0,8.999999508535026,8.999999932944775,9.000000368598684,0.89999999508535,0.8999999993294477,0.9000000036859866
132,2.2,True,valid,0.005594982428079233,0.006797877464677199,0.01603091551843598,3.8812300833707014,3.881855445595972,0.0014433938557971788,3.8938803911086413,0.09781962737869228,0.17062539236156543,0.0003290374740159122,1585.0,17.968373028306246,6.2090459773089675e-06,0,16128,0.06148790568113327,193,2.7939677238464355e-09,3240,1.0,9.0,9.0,9.0,0.9,0.9,0.9,3240,1.0,9.0,9.0,9.0,0.9,0.9,0.9,4824,1.0,8.999999508535026,8.999999932944775,9.000000368598684,0.89999999508535,0.8999999993294477,0.9000000036859866
133,2.216666666666667,True,valid,0.005582240326226872,0.006574960815867031,0.015938098342866677,3.834525112289409,3.8351581611962184,0.0010635701039055305,3.8496793823476656,0.09673352229832459,0.2093379299863262,0.0003254205052198866,1585.0,17.592185576714428,6.135031009492929e-06,0,16092,0.05772562697529793,193,1.862645149230957e-09,3240,1.0,9.0,9.0,9.0,0.9,0.9,0.9,3240,1.0,9.0,9.0,9.0,0.9,0.9,0.9,4824,1.0,8.999999508535026,8.999999932944775,9.000000368598684,0.89999999508535,0.8999999993294477,0.9000000036859866
134,2.2333333333333334,True,valid,0.00554794710194276,0.006450422255474124,0.01576216610404754,3.762257402400815,3.7628887775441036,0.0013816191007114018,3.780743930611992,0.09487106929306915,0.32366877684873513,0.0003197142012654912,1585.0,17.092391047677257,6.030970706318369e-06,0,16084,0.06366484612226486,193,1.862645149230957e-09,3240,1.0,9.0,9.0,9.0,0.9,0.9,0.9,3240,1.0,9.0,9.0,9.0,0.9,0.9,0.9,4824,1.0,8.999999508535026,8.999999932944775,9.000000368598684,0.89999999508535,0.8999999993294477,0.9000000036859866
135,2.25,True,valid,0.005506584627969187,0.00645323784670389,0.015513585405515357,3.6679677501437,3.6685739180697365,0.0013712302687534234,3.6801960335403305,0.09220946837048026,0.14315151691413133,0.0003126321421778672,1585.0,16.58608569173666,5.901307595163051e-06,0,16072,0.06987718492746353,193,7.450580596923828e-09,3240,1.0,9.0,9.0,9.0,0.9,0.9,0.9,3240,1.0,9.0,9.0,9.0,0.9,0.9,0.9,4824,1.0,8.999999508535026,8.999999932944775,9.000000368598684,0.89999999508535,0.8999999993294477,0.9000000036859866
136,2.2666666666666666,True,valid,0.005498847410117562,0.006608480535646785,0.015285992888907137,3.5452177217975724,3.5457957760213943,0.0009738221059331761,3.5625059369176095,0.08917922034850248,0.2531380996512215,0.0003036550065682823,1585.0,16.008350907952536,5.727679254358028e-06,0,16062,0.07630226761102676,193,7.450580596923828e-09,3240,1.0,9.0,9.0,9.0,0.9,0.9,0.9,3240,1.0,9.0,9.0,9.0,0.9,0.9,0.9,4824,1.0,8.999999508535026,8.999999932944775,9.000000368598684,0.89999999508535,0.8999999993294477,0.9000000036859866
137,2.283333333333333,True,valid,0.005586694204615939,0.006933996620121673,0.015140629957520123,3.4090696257277626,3.4096184069603392,0.000942916520203079,3.4176948828905505,0.08474734395110625,0.1313260521877443,0.00029340690908681376,1585.0,15.303149438059716,5.5421882238776805e-06,0,16018,0.08278319239616394,194,7.450580596923828e-09,3240,1.0,9.0,9.0,9.0,0.9,0.9,0.9,3240,1.0,9.0,9.0,9.0,0.9,0.9,0.9,4824,1.0,8.999999508535026,8.999999932944775,9.000000368598684,0.89999999508535,0.8999999993294477,0.9000000036859866
138,2.3,True,valid,0.005792278485594755,0.0073927066134213465,0.015099106112783903,3.253950932924254,3.25444740429568,0.0011887995285786359,3.2622108614330956,0.07998502512260491,0.11885106145239685,0.0002819708004215458,1585.0,14.420143852306962,5.337840007452156e-06,0,16064,0.08911116421222687,194,3.725290298461914e-09,3240,1.0,9.0,9.0,9.0,0.9,0.9,0.9,3240,1.0,9.0,9.0,9.0,0.9,0.9,0.9,4824,1.0,8.999999508535026,8.999999932944775,9.000000368598684,0.89999999508535,0.8999999993294477,0.9000000036859866
139,2.316666666666667,True,valid,0.006074215105873815,0.007896539436958203,0.015184785402560713,3.0779809227661388,3.078422903882348,0.0015858497527707048,3.0878628911919748,0.07469811448770376,0.13507860562550475,0.000268529025367505,1585.0,13.44195468316476,5.1000101106416934e-06,0,16127,0.09512881189584732,195,3.725290298461914e-09,3240,1.0,9.0,9.0,9.0,0.9,0.9,0.9,3240,1.0,9.0,9.0,9.0,0.9,0.9,0.9,4824,1.0,8.999999508535026,8.999999932944775,9.000000368598684,0.89999999508535,0.8999999993294477,0.9000000036859866
140,2.3333333333333335,True,valid,0.006383066566205366,0.008339234328939751,0.0153187641174728,2.8896969571543365,2.8900898539406397,0.0014328171307903118,2.9005885391395085,0.06864168788396668,0.14206413757859984,0.00025412895256614944,1585.0,12.358103930787005,4.84477118559158e-06,0,16178,0.10059332102537155,196,3.725290298461914e-09,3240,1.0,9.0,9.0,9.0,0.9,0.9,0.9,3240,1.0,9.0,9.0,9.0,0.9,0.9,0.9,4824,1.0,8.999999508535026,8.999999932944775,9.000000368598684,0.89999999508535,0.8999999993294477,0.9000000036859866
141,2.35,True,valid,0.0066326546564295435,0.008584215581244092,0.015389465888060987,2.682194976337314,2.6825724929899843,0.0007254241696250085,2.695530735049923,0.062114614840445316,0.1961311124516079,0.000238422572371563,1585.0,11.14530415490263,4.557367063236999e-06,0,16196,0.10531743615865707,196,7.450580596923828e-09,3240,1.0,9.0,9.0,9.0,0.9,0.9,0.9,3240,1.0,9.0,9.0,9.0,0.9,0.9,0.9,4824,1.0,8.999999508535026,8.999999932944775,9.000000368598684,0.89999999508535,0.8999999993294477,0.9000000036859866
142,2.3666666666666667,True,valid,0.006732777272791522,0.008541480475981337,0.015313793344782266,2.4628048649747853,2.463122505502868,0.0007125734612201553,2.477644610476761,0.055016826768497486,0.19928205432542995,0.00022171754650024723,1585.0,9.808985780392877,4.257335999563216e-06,0,16206,0.10917781293392181,196,3.725290298461914e-09,3240,1.0,9.0,9.0,9.0,0.9,0.9,0.9,3240,1.0,9.0,9.0,9.0,0.9,0.9,0.9,4824,1.0,8.999999508535026,8.999999932944775,9.000000368598684,0.89999999508535,0.8999999993294477,0.9000000036859866
143,2.3833333333333333,True,valid,0.006637149025878924,0.008182220497389103,0.015036499219593493,2.2286190701481807,2.2288339036382334,0.0014527982610016996,2.2380269830073716,0.047519542656741694,0.14265706765702957,0.0002035931294757166,1585.0,8.379029407554803,3.942710747546673e-06,0,16180,0.11213572323322296,196,7.450580596923828e-09,3240,1.0,9.0,9.0,9.0,0.9,0.9,0.9,3240,1.0,9.0,9.0,9.0,0.9,0.9,0.9,4824,1.0,8.999999508535026,8.999999932944775,9.000000368598684,0.89999999508535,0.8999999993294477,0.9000000036859866
144,2.4,True,valid,0.006379519678221471,0.0075342791520738375,0.014567979250653913,1.9861887170665444,1.9863439352738743,0.0017871619768256152,1.9969029514349357,0.039843195023530925,0.13872730583949683,0.00018567186175067645,1585.0,7.023456667635996,3.6132400328428435e-06,0,16078,0.11414383351802826,196,7.450580596923828e-09,3240,1.0,9.0,9.0,9.0,0.9,0.9,0.9,3240,1.0,9.0,9.0,9.0,0.9,0.9,0.9,4824,1.0,8.999999508535026,8.999999932944775,9.000000368598684,0.89999999508535,0.8999999993294477,0.9000000036859866
145,2.4166666666666665,True,valid,0.006020190416577776,0.006649092413164257,0.014028719440864264,1.7429095035693853,1.7430673490460666,0.0005003459048627492,1.7539837901276043,0.03169947264941349,0.11848447539363587,0.00016816579539611018,1585.0,5.705325761701077,3.2817931751735176e-06,0,15894,0.11527030915021896,195,7.450580596923828e-09,3240,1.0,9.0,9.0,9.0,0.9,0.9,0.9,3240,1.0,9.0,9.0,9.0,0.9,0.9,0.9,4824,1.0,8.999999508535026,8.999999932944775,9.000000368598684,0.89999999508535,0.8999999993294477,0.9000000036859866
146,2.433333333333333,True,valid,0.005633334088757801,0.005654557465066397,0.01359863504796502,1.5316176910131356,1.5315799176349374,0.002082598572614425,1.5458286088927315,0.023506482792398923,0.1692334433794929,0.0001529406632195493,1585.0,4.54364054288998,3.0312669257924322e-06,0,15751,0.11561755836009979,198,7.450580596923828e-09,3240,1.0,9.0,9.0,9.0,0.9,0.9,0.9,3240,1.0,9.0,9.0,9.0,0.9,0.9,0.9,4824,1.0,8.999999508535026,8.999999932944775,9.000000368598684,0.89999999508535,0.8999999993294477,0.9000000036859866
147,2.45,True,valid,0.005299372693084527,0.004699079489403608,0.013387356707103313,1.354374155144216,1.3544281524571555,0.0006184717254882719,1.3710317092876256,0.014925270415254543,0.13896874498110603,0.00014055834339980172,1585.0,3.354065761294894,2.7893786706496284e-06,0,15627,0.11530744284391403,200,7.450580596923828e-09,3240,1.0,9.0,9.0,9.0,0.9,0.9,0.9,3240,1.0,9.0,9.0,9.0,0.9,0.9,0.9,4824,1.0,8.999999508535026,8.999999932944775,9.000000368598684,0.89999999508535,0.8999999993294477,0.9000000036859866
148,2.466666666666667,True,valid,0.005086216389696342,0.0039506543147232055,0.013342531447069657,1.2542254877179821,1.254261480380329,0.0006230520314249561,1.2703432552963054,0.006845133414582201,0.12932758969338107,0.00013387561416698898,1585.0,2.8699692245408372,2.671655984669509e-06,0,15504,0.11448302865028381,200,7.450580596923828e-09,3240,1.0,9.0,9.0,9.0,0.9,0.9,0.9,3240,1.0,9.0,9.0,9.0,0.9,0.9,0.9,4824,1.0,8.999999508535026,8.999999932944775,9.000000368598684,0.89999999508535,0.8999999993294477,0.9000000036859866
149,2.4833333333333334,True,valid,0.004967744912075528,0.003528604014452375,0.013425772260122613,1.2419499752361352,1.2419823043024347,0.000274067254426558,1.2599375556764496,0.004261865613761464,0.14633764796053403,0.00013232557720987644,1585.0,2.771558735703413,2.641703481607698e-06,0,15504,0.11330454051494598,201,7.450580596923828e-09,3240,1.0,9.0,9.0,9.0,0.9,0.9,0.9,3240,1.0,9.0,9.0,9.0,0.9,0.9,0.9,4824,1.0,8.999999508535026,8.999999932944775,9.000000368598684,0.89999999508535,0.8999999993294477,0.9000000036859866
150,2.5,True,valid,0.004918315836117068,0.0034125232427228837,0.013529616245032799,1.3186002211999754,1.3186572767347546,0.0004799788851022323,1.333088634964567,0.011894145692678697,0.10750950178857853,0.0001364260022099566,1585.0,3.434425112173716,2.7199350378122067e-06,0,15654,0.111880823969841,200,7.450580596923828e-09,3240,1.0,9.0,9.0,9.0,0.9,0.9,0.9,3240,1.0,9.0,9.0,9.0,0.9,0.9,0.9,4824,1.0,8.999999508535026,8.999999932944775,9.000000368598684,0.89999999508535,0.8999999993294477,0.9000000036859866
151,2.5166666666666666,True,valid,0.004908198403144904,0.003465452923469262,0.013586860922061813,1.4581444032914788,1.4582403821008099,0.0002987005698685052,1.4764481860210452,0.020351111037886078,0.16475560192413025,0.00014534536681829407,1585.0,4.896326395632022,2.8709244258584246e-06,0,15726,0.11029589176177979,202,7.450580596923828e-09,3240,1.0,9.0,9.0,9.0,0.9,0.9,0.9,3240,1.0,9.0,9.0,9.0,0.9,0.9,0.9,4824,1.0,8.999999508535026,8.999999932944775,9.000000368598684,0.89999999508535,0.8999999993294477,0.9000000036859866
152,2.533333333333333,True,valid,0.00492317456013658,0.0035725170694684396,0.01359642465161805,1.6501373777724342,1.6502887312079597,0.0005032788941561121,1.6643828453038634,0.028735134639332343,0.13451118470865633,0.0001582453509818371,1585.0,6.4255829655729855,3.098343503162842e-06,0,15823,0.10855544358491898,202,7.450580596923828e-09,3240,1.0,9.0,9.0,9.0,0.9,0.9,0.9,3240,1.0,9.0,9.0,9.0,0.9,0.9,0.9,4824,1.0,8.999999508535026,8.999999932944775,9.000000368598684,0.89999999508535,0.8999999993294477,0.9000000036859866
153,2.55,True,valid,0.004966019911563516,0.0036907562180103558,0.013637383107946644,1.8656997942122049,1.8659067086172376,0.00044938115435567624,1.8797796602042403,0.037132336797728635,0.17591486060728523,0.00017322537972418498,1585.0,7.973418121176874,3.361598354105754e-06,0,15894,0.10660529136657715,202,7.450580596923828e-09,3240,1.0,9.0,9.0,9.0,0.9,0.9,0.9,3240,1.0,9.0,9.0,9.0,0.9,0.9,0.9,4824,1.0,8.999999508535026,8.999999932944775,9.000000368598684,0.89999999508535,0.8999999993294477,0.9000000036859866
154,2.566666666666667,True,valid,0.005060839010514618,0.003833152607822714,0.013803353023448654,2.0979121117585926,2.0981752988629667,0.0005173888851926517,2.1125391819005594,0.04489053462604937,0.1978900244837959,0.00018967803843925632,1585.0,9.491937213702265,3.655327472943732e-06,0,15927,0.10434210300445557,203,3.725290298461914e-09,3240,1.0,9.0,9.0,9.0,0.9,0.9,0.9,3240,1.0,9.0,9.0,9.0,0.9,0.9,0.9,4824,1.0,8.999999508535026,8.999999932944775,9.000000368598684,0.89999999508535,0.8999999993294477,0.9000000036859866
155,2.5833333333333335,True,valid,0.005219114170925656,0.0040190070268386535,0.014117495546836676,2.3356253553407877,2.335940951252374,0.0007133957030091067,2.345369704088258,0.05240385187603289,0.12063759680918364,0.00020659082115928324,1585.0,10.943035321875461,3.9641988144191435e-06,0,15971,0.1016315147280693,202,7.450580596923828e-09,3240,1.0,9.0,9.0,9.0,0.9,0.9,0.9,3240,1.0,9.0,9.0,9.0,0.9,0.9,0.9,4824,1.0,8.999999508535026,8.999999932944775,9.000000368598684,0.89999999508535,0.8999999993294477,0.9000000036859866
156,2.6,True,valid,0.005409452244699146,0.004252117018313138,0.014550789367881557,2.5730324723495,2.573395325205322,0.001196908551420653,2.593326786379926,0.059730892368436206,0.25428435960907353,0.00022398956247061225,1585.0,12.331566445104702,4.286269491685938e-06,0,16001,0.09838815033435822,203,3.725290298461914e-09,3240,1.0,9.0,9.0,9.0,0.9,0.9,0.9,3240,1.0,9.0,9.0,9.0,0.9,0.9,0.9,4824,1.0,8.999999508535026,8.999999932944775,9.000000368598684,0.89999999508535,0.8999999993294477,0.9000000036859866
157,2.6166666666666667,True,valid,0.0055783686925450805,0.00448885460044145,0.01500801053621911,2.799854692686589,2.8002671384781355,0.0008592656318187194,2.8128666043099995,0.06616092725628911,0.19945010170802394,0.00024122461303840786,1585.0,13.62545538159156,4.599021670505849e-06,0,16044,0.0944928228855133,204,3.725290298461914e-09,3240,1.0,9.0,9.0,9.0,0.9,0.9,0.9,3240,1.0,9.0,9.0,9.0,0.9,0.9,0.9,4824,1.0,8.999999508535026,8.999999932944775,9.000000368598684,0.89999999508535,0.8999999993294477,0.9000000036859866
158,2.6333333333333333,True,valid,0.0056677330577313825,0.004703671910782894,0.015398770104100287,3.0089696989279062,3.0094252601700897,0.0010168801058193359,3.0209762444805577,0.07231313616809476,0.17848922893613323,0.0002570490205939668,1585.0,14.819666720285431,4.892927271281983e-06,0,16052,0.08986523002386093,203,3.725290298461914e-09,3240,1.0,9.0,9.0,9.0,0.9,0.9,0.9,3240,1.0,9.0,9.0,9.0,0.9,0.9,0.9,4824,1.0,8.999999508535026,8.999999932944775,9.000000368598684,0.89999999508535,0.8999999993294477,0.9000000036859866
159,2.65,True,valid,0.005659965422379947,0.004925551765171702,0.01565702897580062,3.20772234598547,3.2082295421491938,0.0017796987306790166,3.220709100863659,0.07805992742559663,0.3552191711030757,0.0002724315957070308,1585.0,15.835966455220358,5.188952797615368e-06,0,16084,0.08450424671173096,203,7.450580596923828e-09,3240,1.0,9.0,9.0,9.0,0.9,0.9,0.9,3240,1.0,9.0,9.0,9.0,0.9,0.9,0.9,4824,1.0,8.999999508535026,8.999999932944775,9.000000368598684,0.89999999508535,0.8999999993294477,0.9000000036859866
160,2.6666666666666665,True,valid,0.005575129859885316,0.005193193454913944,0.01576923227662031,3.37320909999436,3.3737481894047865,0.0011724276770165188,3.386065920088558,0.08294194054467031,0.20843440229361232,0.0002860572829265117,1585.0,16.667347487148263,5.420004562557234e-06,0,16090,0.07845668494701385,206,3.725290298461914e-09,3240,1.0,9.0,9.0,9.0,0.9,0.9,0.9,3240,1.0,9.0,9.0,9.0,0.9,0.9,0.9,4824,1.0,8.999999508535026,8.999999932944775,9.000000368598684,0.89999999508535,0.8999999993294477,0.9000000036859866
161,2.683333333333333,True,valid,0.005481985720275394,0.005591189960306859,0.015770430954890204,3.527566051486864,3.528148903409253,0.0015339114782175387,3.543493078973865,0.08748257552011413,0.41238514195722925,0.00029852493587867414,1585.0,17.301057441435226,5.659417484442118e-06,0,16098,0.07182954251766205,205,7.450580596923828e-09,3240,1.0,9.0,9.0,9.0,0.9,0.9,0.9,3240,1.0,9.0,9.0,9.0,0.9,0.9,0.9,4824,1.0,8.999999508535026,8.999999932944775,9.000000368598684,0.89999999508535,0.8999999993294477,0.9000000036859866
162,2.7,True,valid,0.005447061439273903,0.006147452412091527,0.0157292921030083,3.6536686849877373,3.6542611539557313,0.0010024991063258062,3.664380576563909,0.09101183794939066,0.18555927455956586,0.0003092599285780774,1585.0,17.738943260459706,5.839684359252447e-06,0,16091,0.06476475298404694,204,3.725290298461914e-09,3240,1.0,9.0,9.0,9.0,0.9,0.9,0.9,3240,1.0,9.0,9.0,9.0,0.9,0.9,0.9,4824,1.0,8.999999508535026,8.999999932944775,9.000000368598684,0.89999999508535,0.8999999993294477,0.9000000036859866
163,2.716666666666667,True,valid,0.005512860873153082,0.006823875220808964,0.015725396823292187,3.7595512388169627,3.760164409159225,0.0011039457442215419,3.7694155440335253,0.09398980714543642,0.16481354793833083,0.00031842138007038775,1585.0,18.017471807731543,6.007781184435556e-06,0,16089,0.05743905529379845,204,7.450580596923828e-09,3240,1.0,9.0,9.0,9.0,0.9,0.9,0.9,3240,1.0,9.0,9.0,9.0,0.9,0.9,0.9,4824,1.0,8.999999508535026,8.999999932944775,9.000000368598684,0.89999999508535,0.8999999993294477,0.9000000036859866
164,2.7333333333333334,True,valid,0.0056788153719748375,0.007534312904025883,0.015765168531388134,3.8445505977824688,3.84518248961178,0.001793798384060723,3.861236451236271,0.0961977720995221,0.3797297492398849,0.00032600021132371114,1585.0,18.127147651027045,6.153345953232459e-06,0,16103,0.06258375942707062,203,3.725290298461914e-09,3240,1.0,9.0,9.0,9.0,0.9,0.9,0.9,3240,1.0,9.0,9.0,9.0,0.9,0.9,0.9,4824,1.0,8.999999508535026,8.999999932944775,9.000000368598684,0.89999999508535,0.8999999993294477,0.9000000036859866
165,2.75,True,valid,0.005887894306113272,0.008155922718089495,0.015866751245020135,3.8972941942696404,3.8979308961574985,0.0010658569287204061,3.906412325691166,0.09768608834304217,0.1682442763705187,0.0003304849304457508,1585.0,18.08042872424818,6.23092777042511e-06,0,16206,0.0699632316827774,204,2.7939677238464355e-09,3240,1.0,9.0,9.0,9.0,0.9,0.9,0.9,3240,1.0,9.0,9.0,9.0,0.9,0.9,0.9,4824,1.0,8.999999508535026,8.999999932944775,9.000000368598684,0.89999999508535,0.8999999993294477,0.9000000036859866
166,2.7666666666666666,True,valid,0.006081033662623048,0.008618247073813848,0.015967379617849622,3.9248066302606306,3.9254467712525973,0.0010907558785270676,3.9361156108000452,0.09830700544093782,0.2067652931481275,0.00033292067931168655,1585.0,17.93539460279404,6.279248486511502e-06,0,16266,0.07706587761640549,205,4.656612873077393e-10,3240,1.0,9.0,9.0,9.0,0.9,0.9,0.9,3240,1.0,9.0,9.0,9.0,0.9,0.9,0.9,4824,1.0,8.999999508535026,8.999999932944775,9.000000368598684,0.89999999508535,0.8999999993294477,0.9000000036859866
167,2.783333333333333,True,valid,0.006205378456376733,0.00886494413564477,0.015983779630287912,3.9267474003147442,3.9273883291654976,0.0016417832730402997,3.9444195214384616,0.09809750705490529,0.38029781543083274,0.00033357438555789193,1585.0,17.71684760269255,6.295316694560385e-06,0,16308,0.08377479016780853,206,3.725290298461914e-09,3240,1.0,9.0,9.0,9.0,0.9,0.9,0.9,3240,1.0,9.0,9.0,9.0,0.9,0.9,0.9,4824,1.0,8.999999508535026,8.999999932944775,9.000000368598684,0.89999999508535,0.8999999993294477,0.9000000036859866
168,2.8,True,valid,0.0062137607617784,0.008853440018033983,0.01592823246067438,3.8902312007219733,3.890863398428573,0.0012414215904407628,3.911866862134324,0.09707682359221052,0.3404397183177416,0.00033098679604034553,1585.0,17.450934864351225,6.242104583671339e-06,0,16333,0.08999235183000565,207,2.7939677238464355e-09,3240,1.0,9.0,9.0,9.0,0.9,0.9,0.9,3240,1.0,9.0,9.0,9.0,0.9,0.9,0.9,4824,1.0,8.999999508535026,8.999999932944775,9.000000368598684,0.89999999508535,0.8999999993294477,0.9000000036859866
169,2.816666666666667,True,valid,0.006124709519586648,0.008621879516706104,0.015842476949655647,3.826177403273543,3.8267951788085846,0.0017764567067667745,3.846385472050703,0.09549437525198771,0.38780337757314914,0.0003254580884398752,1585.0,17.08614517241012,6.146250570116695e-06,0,16324,0.09570445120334625,210,5.587935447692871e-09,3240,1.0,9.0,9.0,9.0,0.9,0.9,0.9,3240,1.0,9.0,9.0,9.0,0.9,0.9,0.9,4824,1.0,8.999999508535026,8.999999932944775,9.000000368598684,0.89999999508535,0.8999999993294477,0.9000000036859866
170,2.8333333333333335,True,valid,0.005996807497843828,0.00824415062204452,0.01568246143496778,3.734109355146356,3.7347160229898537,0.0010403532291917857,3.7478322612140174,0.09298065497813114,0.23686563447113637,0.00031844592070146596,1585.0,16.665247058304075,6.005211503211694e-06,0,16295,0.10101780295372009,210,5.587935447692871e-09,3240,1.0,9.0,9.0,9.0,0.9,0.9,0.9,3240,1.0,9.0,9.0,9.0,0.9,0.9,0.9,4824,1.0,8.999999508535026,8.999999932944775,9.000000368598684,0.89999999508535,0.8999999993294477,0.9000000036859866
171,2.85,True,valid,0.005853072179750625,0.00777196654905994,0.015504084062678978,3.6151336789862576,3.6157171896784606,0.000999208415335332,3.6355998432658923,0.09022754088275096,0.3166835384683402,0.0003092117851842604,1585.0,16.195635127613432,5.831829470989536e-06,0,16246,0.10601940006017685,209,3.725290298461914e-09,3240,1.0,9.0,9.0,9.0,0.9,0.9,0.9,3240,1.0,9.0,9.0,9.0,0.9,0.9,0.9,4824,1.0,8.999999508535026,8.999999932944775,9.000000368598684,0.89999999508535,0.8999999993294477,0.9000000036859866
172,2.8666666666666667,True,valid,0.005706575589997377,0.007267474545930246,0.015360220250093627,3.4717352387953744,3.4722933872163164,0.0009565900913328797,3.4900408779099075,0.0861307252683511,0.2847614298984511,0.00029750247866610827,1585.0,15.536861960206446,5.617518532067744e-06,0,16200,0.11074746400117874,209,3.725290298461914e-09,3240,1.0,9.0,9.0,9.0,0.9,0.9,0.9,3240,1.0,9.0,9.0,9.0,0.9,0.9,0.9,4824,1.0,8.999999508535026,8.999999932944775,9.000000368598684,0.89999999508535,0.8999999993294477,0.9000000036859866
173,2.8833333333333333,True,valid,0.005586912699950571,0.006814832873151177,0.015211265902745071,3.3062674874438365,3.3067936340469624,0.0009057148467511072,3.33468689889367,0.08163939283304665,0.37189688043643254,0.00028449643760421856,1585.0,14.70409544289135,5.376928359054977e-06,0,16082,0.11536149680614471,208,3.725290298461914e-09,3240,1.0,9.0,9.0,9.0,0.9,0.9,0.9,3240,1.0,9.0,9.0,9.0,0.9,0.9,0.9,4824,1.0,8.999999508535026,8.999999932944775,9.000000368598684,0.89999999508535,0.8999999993294477,0.9000000036859866
174,2.9,True,valid,0.0055075861824078545,0.006456763339124243,0.015013280998673948,3.124028341377071,3.124516820735074,0.0008656161767276065,3.1460926257561574,0.07628437432917136,0.2846293020181711,0.000270297720944524,1585.0,13.717220970520039,5.1160887557374404e-06,0,16010,0.11986106634140015,208,3.725290298461914e-09,3240,1.0,9.0,9.0,9.0,0.9,0.9,0.9,3240,1.0,9.0,9.0,9.0,0.9,0.9,0.9,4824,1.0,8.999999508535026,8.999999932944775,9.000000368598684,0.89999999508535,0.8999999993294477,0.9000000036859866
175,2.9166666666666665,True,valid,0.005454322867436948,0.0062006181179804385,0.014774155654788184,2.9244696296629664,2.924917811476489,0.0007960745928184223,2.941223978668408,0.07045282162182262,0.21113726987486378,0.0002549634972222944,1585.0,12.593515982260037,4.836452432826996e-06,0,15968,0.12430457770824432,208,7.450580596923828e-09,3240,1.0,9.0,9.0,9.0,0.9,0.9,0.9,3240,1.0,9.0,9.0,9.0,0.9,0.9,0.9,4824,1.0,8.999999508535026,8.999999932944775,9.000000368598684,0.89999999508535,0.8999999993294477,0.9000000036859866
176,2.933333333333333,True,valid,0.005423012581266644,0.0060568680700358035,0.014509744464625874,2.7096023191371517,2.7100035230534436,0.0007362605809623021,2.723948958910769,0.06409264590505878,0.17919075759599662,0.00023854426980674776,1585.0,11.321659255292214,4.536671027415415e-06,0,15948,0.1286337524652481,208,7.450580596923828e-09,3240,1.0,9.0,9.0,9.0,0.9,0.9,0.9,3240,1.0,9.0,9.0,9.0,0.9,0.9,0.9,4824,1.0,8.999999508535026,8.999999932944775,9.000000368598684,0.89999999508535,0.8999999993294477,0.9000000036859866
177,2.95,True,valid,0.005433414576263554,0.0060322418484712904,0.01426414519543022,2.4840233484184773,2.484372536168608,0.0006906200531178893,2.496140617687446,0.05719670845147209,0.14124254525649743,0.000221659112689857,1585.0,9.959684815046295,4.231053911877833e-06,0,15929,0.13278579711914062,207,3.725290298461914e-09,3240,1.0,9.0,9.0,9.0,0.9,0.9,0.9,3240,1.0,9.0,9.0,9.0,0.9,0.9,0.9,4824,1.0,8.999999508535026,8.999999932944775,9.000000368598684,0.89999999508535,0.8999999993294477,0.9000000036859866
178,2.966666666666667,True,valid,0.005512651707183128,0.006109702563202828,0.014070496973198579,2.2560412558808185,2.256338933618154,0.0006301911750966866,2.2676343008194135,0.04991496964896998,0.139174373367542,0.0002047840282760264,1585.0,8.49739360341298,3.928642831243271e-06,0,15906,0.1367698758840561,209,3.725290298461914e-09,3240,1.0,9.0,9.0,9.0,0.9,0.9,0.9,3240,1.0,9.0,9.0,9.0,0.9,0.9,0.9,4824,1.0,8.999999508535026,8.999999932944775,9.000000368598684,0.89999999508535,0.8999999993294477,0.9000000036859866
179,2.9833333333333334,True,valid,0.005657732366797095,0.0062422052622910715,0.01397643767066894,2.027206962734955,2.0274452774430034,0.000553126308484044,2.038973694965418,0.04216625794953091,0.12869061643280236,0.00018811303824182486,1585.0,7.19550755861193,3.6287580780412565e-06,0,15881,0.14049504697322845,209,7.450580596923828e-09,3240,1.0,9.0,9.0,9.0,0.9,0.9,0.9,3240,1.0,9.0,9.0,9.0,0.9,0.9,0.9,4824,1.0,8.999999508535026,8.999999932944775,9.000000368598684,0.89999999508535,0.8999999993294477,0.9000000036859866
180,3.0,True,valid,0.005837104812271009,0.006368833789096236,0.013998358803722927,1.8098810451367289,1.8100608923816504,0.00048752224739189354,1.823578087609917,0.034128033052410044,0.14483936299907213,0.00017228020875432944,1585.0,6.122202165707936,3.3508357881260677e-06,0,15836,0.14353060722351074,209,7.450580596923828e-09,3240,1.0,9.0,9.0,9.0,0.9,0.9,0.9,3240,1.0,9.0,9.0,9.0,0.9,0.9,0.9,4824,1.0,8.999999508535026,8.999999932944775,9.000000368598684,0.89999999508535,0.8999999993294477,0.9000000036859866
181,3.0166666666666666,True,valid,0.005999031954714262,0.006416952423968585,0.01409571682168178,1.614949029647781,1.6150714496667107,0.0003695221854157223,1.6293534939712093,0.025870639979350137,0.13568470293023185,0.00015806723224275185,1585.0,5.031620337834661,3.1046381688569723e-06,0,15760,0.14579495787620544,211,7.450580596923828e-09,3240,1.0,9.0,9.0,9.0,0.9,0.9,0.9,3240,1.0,9.0,9.0,9.0,0.9,0.9,0.9,4824,1.0,8.999999508535026,8.999999932944775,9.000000368598684,0.89999999508535,0.8999999993294477,0.9000000036859866
182,3.033333333333333,True,valid,0.006092141785224216,0.006315227722809062,0.014203063308894965,1.4541244498562507,1.4542009408894638,0.0003044909734127452,1.469421921910121,0.017389722569178073,0.12697400443513288,0.0001464748796724728,1585.0,3.914691134845987,2.9069878217171913e-06,0,15673,0.14722132682800293,210,7.450580596923828e-09,3240,1.0,9.0,9.0,9.0,0.9,0.9,0.9,3240,1.0,9.0,9.0,9.0,0.9,0.9,0.9,4824,1.0,8.999999508535026,8.999999932944775,9.000000368598684,0.89999999508535,0.8999999993294477,0.9000000036859866
183,3.05,True,valid,0.0060812101151541285,0.006018126125953176,0.014269223510548814,1.340544700332519,1.340580560634482,0.00034432240205089896,1.3640945857534792,0.009052792323606885,0.18867741310064312,0.00013825868508014842,1585.0,2.8855128489143977,2.7682537890305663e-06,0,15554,0.14776749908924103,210,7.450580596923828e-09,3240,1.0,9.0,9.0,9.0,0.9,0.9,0.9,3240,1.0,9.0,9.0,9.0,0.9,0.9,0.9,4824,1.0,8.999999508535026,8.999999932944775,9.000000368598684,0.89999999508535,0.8999999993294477,0.9000000036859866
184,3.066666666666667,True,valid,0.0059597226203925106,0.00553480732528615,0.014257180770682292,1.2950524629232616,1.2950743348234204,0.0002923026934711858,1.3165311604673637,0.003071164076158426,0.1657766182497793,0.00013441795250454197,1585.0,2.8166932848768407,2.7030838370203497e-06,0,15508,0.14735285937786102,210,7.450580596923828e-09,3240,1.0,9.0,9.0,9.0,0.9,0.9,0.9,3240,1.0,9.0,9.0,9.0,0.9,0.9,0.9,4824,1.0,8.999999508535026,8.999999932944775,9.000000368598684,0.89999999508535,0.8999999993294477,0.9000000036859866
185,3.0833333333333335,True,valid,0.005749886649729906,0.004929163020237706,0.014154665298710359,1.3255107975783278,1.3255495746388208,0.00027000424289930447,1.3468704644512706,0.009520487689215354,0.16248299854221288,0.0001360943547325119,1585.0,3.2801832341994444,2.728705150684157e-06,0,15683,0.14603276550769806,210,7.450580596923828e-09,3240,1.0,9.0,9.0,9.0,0.9,0.9,0.9,3240,1.0,9.0,9.0,9.0,0.9,0.9,0.9,4824,1.0,8.999999508535026,8.999999932944775,9.000000368598684,0.89999999508535,0.8999999993294477,0.9000000036859866
186,3.1,True,valid,0.005492814037847405,0.004313609150733334,0.014034073494934709,1.427737278361296,1.4278189231225065,0.00030987797858387725,1.4509036609227235,0.01796867321729313,0.18794326297982467,0.0001425422809944991,1585.0,4.546947369399639,2.8349422338044708e-06,0,15775,0.14392833411693573,209,7.450580596923828e-09,3240,1.0,9.0,9.0,9.0,0.9,0.9,0.9,3240,1.0,9.0,9.0,9.0,0.9,0.9,0.9,4824,1.0,8.999999508535026,8.999999932944775,9.000000368598684,0.89999999508535,0.8999999993294477,0.9000000036859866
187,3.1166666666666667,True,valid,0.005256615752024176,0.003854235597019931,0.013957514658180839,1.5898963124986356,1.590024367046215,0.00039198019652915693,1.6138842496909958,0.02649943870268683,0.21622700690195928,0.00015355731449519152,1585.0,5.828881439105919,3.02301691481843e-06,0,15815,0.1411411315202713,209,7.450580596923828e-09,3240,1.0,9.0,9.0,9.0,0.9,0.9,0.9,3240,1.0,9.0,9.0,9.0,0.9,0.9,0.9,4824,1.0,8.999999508535026,8.999999932944775,9.000000368598684,0.89999999508535,0.8999999993294477,0.9000000036859866
188,3.1333333333333333,True,valid,0.00509665407472431,0.0036994875901330197,0.013963315293402286,1.7952366477751562,1.7954260425683628,0.0004325116267206353,1.8195184565411304,0.0347214842053344,0.24023494389401406,0.0001681645772329958,1585.0,7.077893679470774,3.276663507979211e-06,0,15870,0.13779345154762268,208,7.450580596923828e-09,3240,1.0,9.0,9.0,9.0,0.9,0.9,0.9,3240,1.0,9.0,9.0,9.0,0.9,0.9,0.9,4824,1.0,8.999999508535026,8.999999932944775,9.000000368598684,0.89999999508535,0.8999999993294477,0.9000000036859866
189,3.15,True,valid,0.0050299248152349445,0.003864624161594669,0.014066189781943645,2.023481190473215,2.0237267832775516,0.0005066745582584235,2.047428221396512,0.0426877165034602,0.2535288204468742,0.00018486881734110466,1585.0,8.412936733101223,3.5744791575272856e-06,0,15929,0.13401195406913757,208,7.450580596923828e-09,3240,1.0,9.0,9.0,9.0,0.9,0.9,0.9,3240,1.0,9.0,9.0,9.0,0.9,0.9,0.9,4824,1.0,8.999999508535026,8.999999932944775,9.000000368598684,0.89999999508535,0.8999999993294477,0.9000000036859866
190,3.1666666666666665,True,valid,0.005035985552755928,0.004228954308399374,0.01423356869803734,2.2610208647208725,2.2613121745894342,0.000681220981802217,2.2828248203098847,0.050426640307544644,0.2677752295126706,0.00020264422516752398,1585.0,9.764163163021838,3.89732240879448e-06,0,15947,0.12993596494197845,207,7.450580596923828e-09,3240,1.0,9.0,9.0,9.0,0.9,0.9,0.9,3240,1.0,9.0,9.0,9.0,0.9,0.9,0.9,4824,1.0,8.999999508535026,8.999999932944775,9.000000368598684,0.89999999508535,0.8999999993294477,0.9000000036859866
191,3.183333333333333,True,valid,0.005074376807982163,0.0046364728087356834,0.014424544791294177,2.4965124833454473,2.4968638584732727,0.0006878694087765726,2.513028984141905,0.05769560732428474,0.22709604452931653,0.00022060063652546788,1585.0,11.07001140109587,4.219450806736118e-06,0,15972,0.12564365565776825,207,7.450580596923828e-09,3240,1.0,9.0,9.0,9.0,0.9,0.9,0.9,3240,1.0,9.0,9.0,9.0,0.9,0.9,0.9,4824,1.0,8.999999508535026,8.999999932944775,9.000000368598684,0.89999999508535,0.8999999993294477,0.9000000036859866
192,3.2,True,valid,0.005120600832220839,0.004983903935815121,0.01458485966192253,2.722708465890127,2.723115150435368,0.0012901594520087838,2.738868631231788,0.0644600354756179,0.26833164806414195,0.00023794071776074221,1585.0,12.297703951617503,4.536602582169668e-06,0,15973,0.12117212265729904,207,7.450580596923828e-09,3240,1.0,9.0,9.0,9.0,0.9,0.9,0.9,3240,1.0,9.0,9.0,9.0,0.9,0.9,0.9,4824,1.0,8.999999508535026,8.999999932944775,9.000000368598684,0.89999999508535,0.8999999993294477,0.9000000036859866
193,3.216666666666667,True,valid,0.005164415096900319,0.005236852977946372,0.014715740325275476,2.934221763588916,2.934668811741113,0.000793708274190882,2.944970857557316,0.07074382752350263,0.1478943686939705,0.00025427232585030783,1585.0,13.423994048808659,4.8303249500369055e-06,0,15983,0.11656636744737625,207,3.725290298461914e-09,3240,1.0,9.0,9.0,9.0,0.9,0.9,0.9,3240,1.0,9.0,9.0,9.0,0.9,0.9,0.9,4824,1.0,8.999999508535026,8.999999932944775,9.000000368598684,0.89999999508535,0.8999999993294477,0.9000000036859866
194,3.2333333333333334,True,valid,0.0052108664186763754,0.005416014569539376,0.014856685841184089,3.130401374061304,3.1308900892562512,0.0008407087001809944,3.1386238729423312,0.0765138405233354,0.10302486606268638,0.0002693071975954159,1585.0,14.413499612168632,5.1057359770372394e-06,0,16002,0.1119072288274765,208,3.725290298461914e-09,3240,1.0,9.0,9.0,9.0,0.9,0.9,0.9,3240,1.0,9.0,9.0,9.0,0.9,0.9,0.9,4824,1.0,8.999999508535026,8.999999932944775,9.000000368598684,0.89999999508535,0.8999999993294477,0.9000000036859866
195,3.25,True,valid,0.005272281807680721,0.005564321891590726,0.01501856127140455,3.309196264019072,3.3097219805535922,0.0008938024464218877,3.3177129283730307,0.08163027430658522,0.10333465065414829,0.0002833595633149132,1585.0,15.276393043085251,5.361660335015239e-06,0,16040,0.1070142462849617,209,7.450580596923828e-09,3240,1.0,9.0,9.0,9.0,0.9,0.9,0.9,3240,1.0,9.0,9.0,9.0,0.9,0.9,0.9,4824,1.0,8.999999508535026,8.999999932944775,9.000000368598684,0.89999999508535,0.8999999993294477,0.9000000036859866
196,3.2666666666666666,True,valid,0.005343594367997773,0.0056935308102625745,0.01523002135918107,3.465833477974857,3.4663915535455354,0.0009426591606223631,3.474179974147695,0.08617632487595751,0.10158050413115201,0.0002956700864746004,1585.0,16.00661602909667,5.586438491996968e-06,0,16057,0.1019035279750824,209,5.587935447692871e-09,3240,1.0,9.0,9.0,9.0,0.9,0.9,0.9,3240,1.0,9.0,9.0,9.0,0.9,0.9,0.9,4824,1.0,8.999999508535026,8.999999932944775,9.000000368598684,0.89999999508535,0.8999999993294477,0.9000000036859866
197,3.283333333333333,True,valid,0.005415508601166697,0.00582425113068913,0.015508447224443783,3.5997251562340833,3.600310339177054,0.0009828526596146303,3.608034830125437,0.0899699442080734,0.10531358303834962,0.0003058641011655146,1585.0,16.594426879889372,5.7758522398708135e-06,0,16070,0.09648263454437256,209,5.587935447692871e-09,3240,1.0,9.0,9.0,9.0,0.9,0.9,0.9,3240,1.0,9.0,9.0,9.0,0.9,0.9,0.9,4824,1.0,8.999999508535026,8.999999932944775,9.000000368598684,0.89999999508535,0.8999999993294477,0.9000000036859866
198,3.3,True,valid,0.005495004424182495,0.00599426479799968,0.01575629476321981,3.711857895937337,3.7124654875230036,0.001016902096575104,3.720168604850901,0.09312818502376911,0.10908273148569153,0.0003147060170686665,1585.0,17.06714479496616,5.939938375368817e-06,0,16086,0.09056034684181213,209,5.587935447692871e-09,3240,1.0,9.0,9.0,9.0,0.9,0.9,0.9,3240,1.0,9.0,9.0,9.0,0.9,0.9,0.9,4824,1.0,8.999999508535026,8.999999932944775,9.000000368598684,0.89999999508535,0.8999999993294477,0.9000000036859866
199,3.316666666666667,True,valid,0.005561293471056534,0.006213453414804489,0.015931996864914023,3.7983238722372152,3.798948584308863,0.0010443208583418772,3.8073059530956117,0.09551502381962733,0.11872024749963646,0.00032194274898612743,1585.0,17.45835912772244,6.073637145897898e-06,0,16091,0.0842231959104538,209,1.862645149230957e-09,3240,1.0,9.0,9.0,9.0,0.9,0.9,0.9,3240,1.0,9.0,9.0,9.0,0.9,0.9,0.9,4824,1.0,8.999999508535026,8.999999932944775,9.000000368598684,0.89999999508535,0.8999999993294477,0.9000000036859866
200,3.3333333333333335,True,valid,0.005593978452058418,0.0064834971393187306,0.016070625403878037,3.8568983141390523,3.857534323770327,0.0010602628811782406,3.8652732681588753,0.09719240054752991,0.10146809958131559,0.0003266982211766474,1585.0,17.760325434551454,6.161822358126822e-06,0,16094,0.07753422111272812,209,2.7939677238464355e-09,3240,1.0,9.0,9.0,9.0,0.9,0.9,0.9,3240,1.0,9.0,9.0,9.0,0.9,0.9,0.9,4824,1.0,8.999999508535026,8.999999932944775,9.000000368598684,0.89999999508535,0.8999999993294477,0.9000000036859866
201,3.35,True,valid,0.005628247234495969,0.00682529911284598,0.0161410346500143,3.8886147186507767,3.889266096592674,0.0015330177236382097,3.9027163264775875,0.09813170218531954,0.26942913587837486,0.0003296870516613908,1585.0,17.929971294756122,6.217349802423234e-06,0,16092,0.07048733532428741,209,2.3283064365386963e-10,3240,1.0,9.0,9.0,9.0,0.9,0.9,0.9,3240,1.0,9.0,9.0,9.0,0.9,0.9,0.9,4824,1.0,8.999999508535026,8.999999932944775,9.000000368598684,0.89999999508535,0.8999999993294477,0.9000000036859866
202,3.3666666666666667,True,valid,0.005696677048868403,0.007225034202481331,0.016104294028154317,3.896029125285255,3.896655141657504,0.0014110919417692665,3.905548271780497,0.09816740643638353,0.13127255279445327,0.00033075875902695257,1585.0,17.973177408055076,6.238288777888156e-06,0,16087,0.06322313845157623,208,3.725290298461914e-09,3240,1.0,9.0,9.0,9.0,0.9,0.9,0.9,3240,1.0,9.0,9.0,9.0,0.9,0.9,0.9,4824,1.0,8.999999508535026,8.999999932944775,9.000000368598684,0.89999999508535,0.8999999993294477,0.9000000036859866
203,3.3833333333333333,True,valid,0.005801011983873322,0.0076644593741046485,0.016023552869638878,3.874703309518725,3.875342010060143,0.001105400452497653,3.884867934845334,0.09755659266893213,0.1599494294490788,0.00032970985585706005,1585.0,17.874878120332525,6.216401193048835e-06,0,16138,0.056419093161821365,208,2.7939677238464355e-09,3240,1.0,9.0,9.0,9.0,0.9,0.9,0.9,3240,1.0,9.0,9.0,9.0,0.9,0.9,0.9,4824,1.0,8.999999508535026,8.999999932944775,9.000000368598684,0.89999999508535,0.8999999993294477,0.9000000036859866
204,3.4,True,valid,0.005931287659563996,0.00809175768291919,0.01591696063998148,3.8269677958148436,3.827592862988646,0.0010512559535116087,3.837392068936976,0.09610070761273147,0.1622435623917128,0.0003265299479820923,1585.0,17.644301430634684,6.156250782948572e-06,0,16203,0.06348243355751038,207,3.725290298461914e-09,3240,1.0,9.0,9.0,9.0,0.9,0.9,0.9,3240,1.0,9.0,9.0,9.0,0.9,0.9,0.9,4824,1.0,8.999999508535026,8.999999932944775,9.000000368598684,0.89999999508535,0.8999999993294477,0.9000000036859866
205,3.4166666666666665,True,valid,0.006073946565602616,0.008441768021316985,0.015776872642914195,3.7509695989783154,3.751578037473265,0.0010338488696452178,3.7589565913952487,0.09397263695185694,0.11146974885961132,0.0003209526160202609,1585.0,17.288245718255105,6.054758620203779e-06,0,16240,0.07028552144765854,207,3.725290298461914e-09,3240,1.0,9.0,9.0,9.0,0.9,0.9,0.9,3240,1.0,9.0,9.0,9.0,0.9,0.9,0.9,4824,1.0,8.999999508535026,8.999999932944775,9.000000368598684,0.89999999508535,0.8999999993294477,0.9000000036859866
206,3.433333333333333,True,valid,0.0061959179507524,0.008666704652304937,0.01563259047576514,3.6493776712858352,3.649964925431963,0.0010033215371637908,3.6594518032094254,0.0909270279269967,0.15683773712137275,0.00031343799918807794,1585.0,16.777457355859937,5.915958794181132e-06,0,16282,0.0766860768198967,207,5.587935447692871e-09,3240,1.0,9.0,9.0,9.0,0.9,0.9,0.9,3240,1.0,9.0,9.0,9.0,0.9,0.9,0.9,4824,1.0,8.999999508535026,8.999999932944775,9.000000368598684,0.89999999508535,0.8999999993294477,0.9000000036859866
207,3.45,True,valid,0.006257037727240486,0.008728493766239631,0.015528490775692176,3.521357554960972,3.521878170136954,0.0016486820234067748,3.5310258025217487,0.08728180953894542,0.1451974416577517,0.0003033903706195851,1585.0,16.081329740636605,5.733814621342659e-06,0,16306,0.08260565996170044,206,3.725290298461914e-09,3240,1.0,9.0,9.0,9.0,0.9,0.9,0.9,3240,1.0,9.0,9.0,9.0,0.9,0.9,0.9,4824,1.0,8.999999508535026,8.999999932944775,9.000000368598684,0.89999999508535,0.8999999993294477,0.9000000036859866
208,3.466666666666667,True,valid,0.006258729874887433,0.00860510572002471,0.015419600980664343,3.3660399202134528,3.366569531982906,0.0014630604301639665,3.3815753910306503,0.08308279061738649,0.2663386194075992,0.00029145522858649357,1585.0,15.255052122875435,5.51295205935709e-06,0,16307,0.08795294910669327,206,3.725290298461914e-09,3240,1.0,9.0,9.0,9.0,0.9,0.9,0.9,3240,1.0,9.0,9.0,9.0,0.9,0.9,0.9,4824,1.0,8.999999508535026,8.999999932944775,9.000000368598684,0.89999999508535,0.8999999993294477,0.9000000036859866
209,3.4833333333333334,True,valid,0.006194079193119461,0.008302130164688542,0.015262989759302,3.1936092483982765,3.194102265953973,0.0008603231585650056,3.203119536817493,0.07788287175593288,0.12362466375184968,0.00027802091104111557,1585.0,14.247262634118867,5.267772966392216e-06,0,16288,0.09274685382843018,206,7.450580596923828e-09,3240,1.0,9.0,9.0,9.0,0.9,0.9,0.9,3240,1.0,9.0,9.0,9.0,0.9,0.9,0.9,4824,1.0,8.999999508535026,8.999999932944775,9.000000368598684,0.89999999508535,0.8999999993294477,0.9000000036859866
210,3.5,True,valid,0.006053339114613416,0.007856682004239198,0.015080615321122412,2.9958249037269944,2.996277394744714,0.0007999626444436073,3.0063778264613115,0.07233529909622233,0.12864181967774493,0.0002622789587722069,1585.0,13.096960992117848,4.9803398425487874e-06,0,16238,0.09697062522172928,206,3.725290298461914e-09,3240,1.0,9.0,9.0,9.0,0.9,0.9,0.9,3240,1.0,9.0,9.0,9.0,0.9,0.9,0.9,4824,1.0,8.999999508535026,8.999999932944775,9.000000368598684,0.89999999508535,0.8999999993294477,0.9000000036859866
211,3.5166666666666666,True,valid,0.005871045333293065,0.007311242049697531,0.014849404647082178,2.7793271590240742,2.7797291290024457,0.00207917170143638,2.807014532726171,0.06635751481334892,0.3754775313833134,0.0002458405945831302,1585.0,11.898752488453457,4.67998004911258e-06,0,16168,0.10061610490083694,206,3.725290298461914e-09,3240,1.0,9.0,9.0,9.0,0.9,0.9,0.9,3240,1.0,9.0,9.0,9.0,0.9,0.9,0.9,4824,1.0,8.999999508535026,8.999999932944775,9.000000368598684,0.89999999508535,0.8999999993294477,0.9000000036859866
212,3.533333333333333,True,valid,0.005676361286311462,0.006697352651847076,0.01458185311541753,2.5511535026623755,2.5514801184353035,0.0014464167110680285,2.562318654432333,0.05932115068065914,0.14103114944697143,0.00022779611419586546,1585.0,10.58729858553131,4.3502344795082635e-06,0,16041,0.10379360616207123,206,3.725290298461914e-09,3240,1.0,9.0,9.0,9.0,0.9,0.9,0.9,3240,1.0,9.0,9.0,9.0,0.9,0.9,0.9,4824,1.0,8.999999508535026,8.999999932944775,9.000000368598684,0.89999999508535,0.8999999993294477,0.9000000036859866
213,3.55,True,valid,0.005499574410627535,0.006100619991943848,0.01428978161013375,2.3114693024324398,2.3117811408031157,0.0006073635573617066,2.3213791346098107,0.05218514436362749,0.10787690909106643,0.00020940479968008873,1585.0,9.206815469590696,4.014113697497835e-06,0,15913,0.10657414048910141,205,3.725290298461914e-09,3240,1.0,9.0,9.0,9.0,0.9,0.9,0.9,3240,1.0,9.0,9.0,9.0,0.9,0.9,0.9,4824,1.0,8.999999508535026,8.999999932944775,9.000000368598684,0.89999999508535,0.8999999993294477,0.9000000036859866
214,3.566666666666667,True,valid,0.005360244770421226,0.005580355036691449,0.013989367364158426,2.073274462484794,2.0735317090257355,0.0005269735649593868,2.0837430831828607,0.044592007467867005,0.10719913715709793,0.0001918430790686661,1585.0,7.760317352486171,3.694304514049769e-06,0,15892,0.10896643251180649,205,7.450580596923828e-09,3240,1.0,9.0,9.0,9.0,0.9,0.9,0.9,3240,1.0,9.0,9.0,9.0,0.9,0.9,0.9,4824,1.0,8.999999508535026,8.999999932944775,9.000000368598684,0.89999999508535,0.8999999993294477,0.9000000036859866
215,3.5833333333333335,True,valid,0.005255654692068944,0.005148185416962011,0.013727285515774677,1.8378138677332305,1.838015369092025,0.0004527299518320459,1.8487039508086613,0.03658612797273815,0.1046987229821817,0.00017466687832788446,1585.0,6.309905753383626,3.384042996642565e-06,0,15854,0.11101419478654861,205,7.450580596923828e-09,3240,1.0,9.0,9.0,9.0,0.9,0.9,0.9,3240,1.0,9.0,9.0,9.0,0.9,0.9,0.9,4824,1.0,8.999999508535026,8.999999932944775,9.000000368598684,0.89999999508535,0.8999999993294477,0.9000000036859866
216,3.6,True,valid,0.005195007521683615,0.004815611525560449,0.013528245805317139,1.6180646537566592,1.618182212782409,0.0009226651384175074,1.632072008248666,0.02835689072587738,0.12988485974932573,0.000158899605818592,1585.0,5.041584239868799,3.1056770151742706e-06,0,15787,0.11273838579654694,205,7.450580596923828e-09,3240,1.0,9.0,9.0,9.0,0.9,0.9,0.9,3240,1.0,9.0,9.0,9.0,0.9,0.9,0.9,4824,1.0,8.999999508535026,8.999999932944775,9.000000368598684,0.89999999508535,0.8999999993294477,0.9000000036859866
217,3.6166666666666667,True,valid,0.005191557655116829,0.004599013064600704,0.013421232362329456,1.432351960215686,1.4324393931216841,0.00040468364574578993,1.4485084487027708,0.019934404231562536,0.14557133911489553,0.00014619955655437544,1585.0,3.965755112096153,2.878519129090053e-06,0,15734,0.11410197615623474,203,7.450580596923828e-09,3240,1.0,9.0,9.0,9.0,0.9,0.9,0.9,3240,1.0,9.0,9.0,9.0,0.9,0.9,0.9,4824,1.0,8.999999508535026,8.999999932944775,9.000000368598684,0.89999999508535,0.8999999993294477,0.9000000036859866
218,3.6333333333333333,True,valid,0.005245564506563677,0.004482258753803328,0.013436449412786591,1.3069585136671342,1.3069995425465613,0.000356050610491449,1.3209281556676722,0.01180978192742977,0.12036799117226091,0.00013744769340717547,1585.0,2.922592884205126,2.7326369790617757e-06,0,15625,0.11504541337490082,203,7.450580596923828e-09,3240,1.0,9.0,9.0,9.0,0.9,0.9,0.9,3240,1.0,9.0,9.0,9.0,0.9,0.9,0.9,4824,1.0,8.999999508535026,8.999999932944775,9.000000368598684,0.89999999508535,0.8999999993294477,0.9000000036859866
219,3.65,True,valid,0.005337176022151035,0.004439140582803664,0.013563858366537406,1.2530182108321934,1.2530384733095854,0.0003266798112417898,1.2699027964027316,0.003864365195022441,0.13835032650004556,0.0001332506266806111,1585.0,2.70617220532861,2.6631323837767637e-06,0,15504,0.1155061423778534,203,7.450580596923828e-09,3240,1.0,9.0,9.0,9.0,0.9,0.9,0.9,3240,1.0,9.0,9.0,9.0,0.9,0.9,0.9,4824,1.0,8.999999508535026,8.999999932944775,9.000000368598684,0.89999999508535,0.8999999993294477,0.9000000036859866
220,3.6666666666666665,True,valid,0.0054407045167886095,0.004443177469213674,0.013768202345801303,1.2830889077353456,1.2831245845964128,0.0002739134602896339,1.3022741033287542,0.006956600679713126,0.14873912776657153,0.00013412952155358976,1585.0,2.84727041287008,2.6825002135980514e-06,0,15620,0.11541715264320374,203,7.450580596923828e-09,3240,1.0,9.0,9.0,9.0,0.9,0.9,0.9,3240,1.0,9.0,9.0,9.0,0.9,0.9,0.9,4824,1.0,8.999999508535026,8.999999932944775,9.000000368598684,0.89999999508535,0.8999999993294477,0.9000000036859866
221,3.683333333333333,True,valid,0.005535261493550174,0.004452422292576627,0.013978733522519177,1.3918756882815213,1.3919367386610237,0.0003806108671919637,1.4104867476709422,0.015393735793487554,0.15205601961069182,0.0001401506367399172,1585.0,4.287603820994936,2.792228808482082e-06,0,15725,0.11469288915395737,203,7.450580596923828e-09,3240,1.0,9.0,9.0,9.0,0.9,0.9,0.9,3240,1.0,9.0,9.0,9.0,0.9,0.9,0.9,4824,1.0,8.999999508535026,8.999999932944775,9.000000368598684,0.89999999508535,0.8999999993294477,0.9000000036859866
222,3.7,True,valid,0.005592963924044908,0.004422987728082593,0.01415328090238412,1.5552328386359853,1.5553517417009923,0.0003577764748132206,1.5750470842439082,0.02378702567246983,0.1721912586895963,0.00015049580676251527,1585.0,5.836617624402563,2.975698832476328e-06,0,15809,0.11327672749757767,202,7.450580596923828e-09,3240,1.0,9.0,9.0,9.0,0.9,0.9,0.9,3240,1.0,9.0,9.0,9.0,0.9,0.9,0.9,4824,1.0,8.999999508535026,8.999999932944775,9.000000368598684,0.89999999508535,0.8999999993294477,0.9000000036859866
223,3.716666666666667,True,valid,0.0055939903768814836,0.004337367875203867,0.014283224661379202,1.7554003665219684,1.7555727331056374,0.0004476771821069539,1.7742564394972813,0.032178520633001445,0.18023985465237302,0.00016394566294537893,1585.0,7.384350451444544,3.213742348022164e-06,0,15878,0.11111320555210114,202,7.450580596923828e-09,3240,1.0,9.0,9.0,9.0,0.9,0.9,0.9,3240,1.0,9.0,9.0,9.0,0.9,0.9,0.9,4824,1.0,8.999999508535026,8.999999932944775,9.000000368598684,0.89999999508535,0.8999999993294477,0.9000000036859866
224,3.7333333333333334,True,valid,0.005534792690122265,0.004222737583064517,0.014383434552600534,1.974489750343442,1.9747156323019326,0.0005189147267217882,1.9938243440057486,0.04034377370613242,0.2058994474370154,0.000179449481291948,1585.0,8.863329466928404,3.4858497068062515e-06,0,15944,0.1081838607788086,202,7.450580596923828e-09,3240,1.0,9.0,9.0,9.0,0.9,0.9,0.9,3240,1.0,9.0,9.0,9.0,0.9,0.9,0.9,4824,1.0,8.999999508535026,8.999999932944775,9.000000368598684,0.89999999508535,0.8999999993294477,0.9000000036859866
225,3.75,True,valid,0.005437642978597464,0.00414341006558694,0.014475832749522225,2.2054291953051237,2.20571092428392,0.0005857239103873747,2.2220580460812647,0.048159550221453525,0.19590429128521994,0.00019641231319713481,1585.0,10.263713002464772,3.7880845004510314e-06,0,15978,0.10453249514102936,202,7.450580596923828e-09,3240,1.0,9.0,9.0,9.0,0.9,0.9,0.9,3240,1.0,9.0,9.0,9.0,0.9,0.9,0.9,4824,1.0,8.999999508535026,8.999999932944775,9.000000368598684,0.89999999508535,0.8999999993294477,0.9000000036859866
226,3.7666666666666666,True,valid,0.005334284235507411,0.004186286890722181,0.014560790688022341,2.43619233489155,2.436528955079273,0.0006623941106732008,2.456235528557182,0.05551074024564887,0.24140463198596004,0.00021418278906296264,1585.0,11.564766819816942,4.1042876547563845e-06,0,16001,0.10022332519292831,202,3.725290298461914e-09,3240,1.0,9.0,9.0,9.0,0.9,0.9,0.9,3240,1.0,9.0,9.0,9.0,0.9,0.9,0.9,4824,1.0,8.999999508535026,8.999999932944775,9.000000368598684,0.89999999508535,0.8999999993294477,0.9000000036859866
227,3.783333333333333,True,valid,0.005253040932008001,0.004402756373009533,0.014677774145419835,2.663041763424154,2.6634308438573897,0.0006954753645074256,2.680798226490019,0.0624333793271354,0.21771491272302249,0.00023165747006353873,1585.0,12.745973664833823,4.419156913785611e-06,0,16004,0.09534534066915512,203,3.725290298461914e-09,3240,1.0,9.0,9.0,9.0,0.9,0.9,0.9,3240,1.0,9.0,9.0,9.0,0.9,0.9,0.9,4824,1.0,8.999999508535026,8.999999932944775,9.000000368598684,0.89999999508535,0.8999999993294477,0.9000000036859866
228,3.8,True,valid,0.00522242427771898,0.0047956877962821364,0.014826170289125402,2.8821425870893247,2.882577501176421,0.0007634640544204087,2.8978578362120473,0.0689597593041523,0.2051994591251401,0.00024894497797339223,1585.0,13.820049345220111,4.731245693243727e-06,0,16005,0.09001021832227707,203,7.450580596923828e-09,3240,1.0,9.0,9.0,9.0,0.9,0.9,0.9,3240,1.0,9.0,9.0,9.0,0.9,0.9,0.9,4824,1.0,8.999999508535026,8.999999932944775,9.000000368598684,0.89999999508535,0.8999999993294477,0.9000000036859866
229,3.816666666666667,True,valid,0.005248295948136579,0.005304931990534459,0.014996066247186421,3.088150746392386,3.0886271485441803,0.0008286779305355556,3.1020588371018083,0.07485859786448418,0.19877704407879407,0.00026518692985088405,1585.0,14.782185287638857,5.029080286189789e-06,0,16007,0.08433211594820023,202,3.725290298461914e-09,3240,1.0,9.0,9.0,9.0,0.9,0.9,0.9,3240,1.0,9.0,9.0,9.0,0.9,0.9,0.9,4824,1.0,8.999999508535026,8.999999932944775,9.000000368598684,0.89999999508535,0.8999999993294477,0.9000000036859866
230,3.8333333333333335,True,valid,0.005315619291579245,0.00584104238571678,0.015155262305741202,3.2749470580153788,3.275464242112024,0.0008803055183160048,3.2851896044043136,0.08022778450378774,0.12829263475657368,0.00027999460157464496,1585.0,15.624500656939478,5.3002367659018774e-06,0,16023,0.07843156158924103,202,7.450580596923828e-09,3240,1.0,9.0,9.0,9.0,0.9,0.9,0.9,3240,1.0,9.0,9.0,9.0,0.9,0.9,0.9,4824,1.0,8.999999508535026,8.999999932944775,9.000000368598684,0.89999999508535,0.8999999993294477,0.9000000036859866
231,3.85,True,valid,0.0054007274782764516,0.0063307123507253295,0.015291636252925456,3.441726212570571,3.442276983151884,0.0009373299498091143,3.452844056168022,0.08490109088599176,0.1406168520975423,0.00029348634064737226,1585.0,16.36995635555375,5.546149395532225e-06,0,16038,0.07240216434001923,202,3.725290298461914e-09,3240,1.0,9.0,9.0,9.0,0.9,0.9,0.9,3240,1.0,9.0,9.0,9.0,0.9,0.9,0.9,4824,1.0,8.999999508535026,8.999999932944775,9.000000368598684,0.89999999508535,0.8999999993294477,0.9000000036859866
232,3.8666666666666667,True,valid,0.005479204976368759,0.006723858329097303,0.015413682119255609,3.58304389674534,3.583621379650635,0.0009799238534890478,3.598322794437021,0.08913531612003435,0.22604008674390588,0.0003050610834704454,1585.0,17.0037712408913,5.754299955431327e-06,0,16047,0.06633628159761429,202,1.862645149230957e-09,3240,1.0,9.0,9.0,9.0,0.9,0.9,0.9,3240,1.0,9.0,9.0,9.0,0.9,0.9,0.9,4824,1.0,8.999999508535026,8.999999932944775,9.000000368598684,0.89999999508535,0.8999999993294477,0.9000000036859866
233,3.8833333333333333,True,valid,0.005544696821855326,0.006993983701797012,0.015540822594873088,3.703012114611117,3.7036138681250734,0.0010223333126532779,3.715473786891354,0.09231847345043188,0.1790373224015052,0.0003144182906305544,1585.0,17.52465705892772,5.926949771169906e-06,0,16051,0.0602467805147171,202,1.862645149230957e-09,3240,1.0,9.0,9.0,9.0,0.9,0.9,0.9,3240,1.0,9.0,9.0,9.0,0.9,0.9,0.9,4824,1.0,8.999999508535026,8.999999932944775,9.000000368598684,0.89999999508535,0.8999999993294477,0.9000000036859866
234,3.9,True,valid,0.005598341318713972,0.007151283054068745,0.01561897356401677,3.7943863923579606,3.795007386138179,0.0010402959075715976,3.8054133465479962,0.09487807478923445,0.1458047663953403,0.0003219159320036258,1585.0,17.956943595006667,6.0675353342293905e-06,0,16091,0.05548654496669769,202,2.7939677238464355e-09,3240,1.0,9.0,9.0,9.0,0.9,0.9,0.9,3240,1.0,9.0,9.0,9.0,0.9,0.9,0.9,4824,1.0,8.999999508535026,8.999999932944775,9.000000368598684,0.89999999508535,0.8999999993294477,0.9000000036859866
235,3.9166666666666665,True,valid,0.0056248532027100995,0.007213620173417343,0.015714930212819046,3.8595093269707124,3.860143392029249,0.0010587336344696292,3.8712978476958164,0.09684403739982703,0.18178578559397882,0.00032711330954368514,1585.0,18.2740398697494,6.159700321663557e-06,0,16130,0.06146281212568283,202,3.725290298461914e-09,3240,1.0,9.0,9.0,9.0,0.9,0.9,0.9,3240,1.0,9.0,9.0,9.0,0.9,0.9,0.9,4824,1.0,8.999999508535026,8.999999932944775,9.000000368598684,0.89999999508535,0.8999999993294477,0.9000000036859866
236,3.933333333333333,True,valid,0.005639556971915301,0.007206089480415397,0.015814720283695377,3.8956260771174667,3.8962664196840815,0.0011316616264310051,3.906763591929299,0.0978488495658695,0.15855360336902274,0.0003296037616069122,1585.0,18.42076260451264,6.208012365433618e-06,0,16143,0.06741920858621597,202,2.561137080192566e-09,3240,1.0,9.0,9.0,9.0,0.9,0.9,0.9,3240,1.0,9.0,9.0,9.0,0.9,0.9,0.9,4824,1.0,8.999999508535026,8.999999932944775,9.000000368598684,0.89999999508535,0.8999999993294477,0.9000000036859866
237,3.95,True,valid,0.0056617262658023625,0.0071886455316890726,0.015876580221131482,3.906195485880747,3.9068408708567723,0.0010740489228911424,3.9199301872833674,0.09818245668658356,0.20960357439880709,0.0003307533674373984,1585.0,18.449542267454515,6.229510175686384e-06,0,16144,0.07360013574361801,202,3.4924596548080444e-09,3240,1.0,9.0,9.0,9.0,0.9,0.9,0.9,3240,1.0,9.0,9.0,9.0,0.9,0.9,0.9,4824,1.0,8.999999508535026,8.999999932944775,9.000000368598684,0.89999999508535,0.8999999993294477,0.9000000036859866
238,3.966666666666667,True,valid,0.005673106278493899,0.0071823017238354025,0.015889008418014543,3.891363806694669,3.8920053780081707,0.001090969792588626,3.904541273759392,0.09781265146409386,0.18371211923139044,0.00032981472217368494,1585.0,18.325730374269668,6.210121751821457e-06,0,16140,0.07992292195558548,203,3.725290298461914e-09,3240,1.0,9.0,9.0,9.0,0.9,0.9,0.9,3240,1.0,9.0,9.0,9.0,0.9,0.9,0.9,4824,1.0,8.999999508535026,8.999999932944775,9.000000368598684,0.89999999508535,0.8999999993294477,0.9000000036859866
239,3.9833333333333334,True,valid,0.005662304035128633,0.007175929661234292,0.015871028065145145,3.84564445072881,3.8462783274037875,0.0010555591166613797,3.8553912678928186,0.09656792102021237,0.13065030573198858,0.00032604296804784454,1585.0,17.984102324853524,6.142629658159052e-06,0,16134,0.08620648831129074,203,5.587935447692871e-09,3240,1.0,9.0,9.0,9.0,0.9,0.9,0.9,3240,1.0,9.0,9.0,9.0,0.9,0.9,0.9,4824,1.0,8.999999508535026,8.999999932944775,9.000000368598684,0.89999999508535,0.8999999993294477,0.9000000036859866
240,4.0,True,valid,0.0056582755916113866,0.007207778245068468,0.015776461496907306,3.774180879414484,3.774801441824792,0.0010383932992968782,3.7852157728842566,0.0945446001406633,0.1412495735500899,0.00032043832023931855,1585.0,17.498925628752296,6.04112817858799e-06,0,16128,0.09248090535402298,203,7.450580596923828e-09,3240,1.0,9.0,9.0,9.0,0.9,0.9,0.9,3240,1.0,9.0,9.0,9.0,0.9,0.9,0.9,4824,1.0,8.999999508535026,8.999999932944775,9.000000368598684,0.89999999508535,0.8999999993294477,0.9000000036859866
241,4.016666666666667,True,valid,0.00567218280239294,0.0072984141433534,0.015605296946218112,3.6782657934077165,3.678864162774656,0.0010405208277435192,3.692598748818716,0.0918907339688254,0.21210807599378756,0.00031365414408026385,1585.0,16.855118625811606,5.91301126263319e-06,0,16134,0.09848878532648087,202,5.587935447692871e-09,3240,1.0,9.0,9.0,9.0,0.9,0.9,0.9,3240,1.0,9.0,9.0,9.0,0.9,0.9,0.9,4824,1.0,8.999999508535026,8.999999932944775,9.000000368598684,0.89999999508535,0.8999999993294477,0.9000000036859866
242,4.033333333333333,True,valid,0.005701936509461341,0.007420114650813196,0.01544455136007377,3.5582641501117527,3.55883800506658,0.0009716731944448198,3.5733432185656695,0.0884100018996238,0.22841788922688083,0.00030431142347298626,1585.0,16.039998964632105,5.740595449889486e-06,0,16149,0.1046203002333641,203,3.725290298461914e-09,3240,1.0,9.0,9.0,9.0,0.9,0.9,0.9,3240,1.0,9.0,9.0,9.0,0.9,0.9,0.9,4824,1.0,8.999999508535026,8.999999932944775,9.000000368598684,0.89999999508535,0.8999999993294477,0.9000000036859866
243,4.05,True,valid,0.005766937538206881,0.0075538365167387685,0.0152771363288891,3.412471514966665,3.4130145037343196,0.000977492912974829,3.423998858390088,0.08419862516669095,0.14623919204468194,0.00029300916760169,1585.0,15.059974998073296,5.5364504311072095e-06,0,16163,0.11073338240385056,204,3.725290298461914e-09,3240,1.0,9.0,9.0,9.0,0.9,0.9,0.9,3240,1.0,9.0,9.0,9.0,0.9,0.9,0.9,4824,1.0,8.999999508535026,8.999999932944775,9.000000368598684,0.89999999508535,0.8999999993294477,0.9000000036859866
244,4.066666666666666,True,valid,0.005864431466516863,0.00769082672656494,0.015137258009276188,3.2489115909124906,3.2494182909663922,0.0008741571703180984,3.2595159077255755,0.07946350504825495,0.13301734514203578,0.00028073783117091235,1585.0,14.006601253589508,5.311187613096911e-06,0,16171,0.11659014225006104,203,7.450580596923828e-09,3240,1.0,9.0,9.0,9.0,0.9,0.9,0.9,3240,1.0,9.0,9.0,9.0,0.9,0.9,0.9,4824,1.0,8.999999508535026,8.999999932944775,9.000000368598684,0.89999999508535,0.8999999993294477,0.9000000036859866
245,4.083333333333333,True,valid,0.0059694899819026015,0.007777926779665249,0.015030607065322213,3.065539551660078,3.0660057694146317,0.0008437856154295718,3.0767830309801902,0.07392234395583924,0.14118863134820067,0.0002666214685560945,1585.0,12.82198383500523,5.0549105086567335e-06,0,16184,0.12231649458408356,205,7.450580596923828e-09,3240,1.0,9.0,9.0,9.0,0.9,0.9,0.9,3240,1.0,9.0,9.0,9.0,0.9,0.9,0.9,4824,1.0,8.999999508535026,8.999999932944775,9.000000368598684,0.89999999508535,0.8999999993294477,0.9000000036859866
246,4.1,True,valid,0.006057291784102616,0.00777937922017072,0.014907495208223487,2.863469576824957,2.863893972432708,0.0007628543657182576,2.8741952426156603,0.06786579721605272,0.1291170531363108,0.00025123244243899505,1585.0,11.564497269684011,4.776432679203441e-06,0,16181,0.12764936685562134,206,7.450580596923828e-09,3240,1.0,9.0,9.0,9.0,0.9,0.9,0.9,3240,1.0,9.0,9.0,9.0,0.9,0.9,0.9,4824,1.0,8.999999508535026,8.999999932944775,9.000000368598684,0.89999999508535,0.8999999993294477,0.9000000036859866
247,4.116666666666666,True,valid,0.006100506603310451,0.007660974961632915,0.014753412393874557,2.6477346018096934,2.6481107611403125,0.0006956047068191472,2.658419794301208,0.06126357577720937,0.12551935305945985,0.00023468280743662407,1585.0,10.361561747286814,4.476295012793793e-06,0,16158,0.13259361684322357,206,3.725290298461914e-09,3240,1.0,9.0,9.0,9.0,0.9,0.9,0.9,3240,1.0,9.0,9.0,9.0,0.9,0.9,0.9,4824,1.0,8.999999508535026,8.999999932944775,9.000000368598684,0.89999999508535,0.8999999993294477,0.9000000036859866
248,4.133333333333334,True,valid,0.006074255165622624,0.007407947521191991,0.014561021627899353,2.415859873888759,2.416184377280349,0.0006237454340682647,2.427317609732598,0.05418871560080514,0.12969250385668574,0.00021716242534715823,1585.0,9.18229820339533,4.1590670256176995e-06,0,16093,0.1371770203113556,208,3.725290298461914e-09,3240,1.0,9.0,9.0,9.0,0.9,0.9,0.9,3240,1.0,9.0,9.0,9.0,0.9,0.9,0.9,4824,1.0,8.999999508535026,8.999999932944775,9.000000368598684,0.89999999508535,0.8999999993294477,0.9000000036859866
249,4.15,True,valid,0.005981233077267023,0.007023844912538455,0.014342652745786782,2.1785466484602933,2.17881733608337,0.0005600297059866366,2.1925025822780646,0.046764350056156055,0.15390298233218458,0.00019939576461007791,1585.0,7.960613616232426,3.836524143626448e-06,0,16000,0.14026837050914764,208,7.450580596923828e-09,3240,1.0,9.0,9.0,9.0,0.9,0.9,0.9,3240,1.0,9.0,9.0,9.0,0.9,0.9,0.9,4824,1.0,8.999999508535026,8.999999932944775,9.000000368598684,0.89999999508535,0.8999999993294477,0.9000000036859866
250,4.166666666666667,True,valid,0.005840784109687035,0.0065189563016722725,0.014122948384623734,1.9403479526913443,1.9405631784796358,0.0004622547312934989,1.9554617914754984,0.03896504612214264,0.15474748610792338,0.00018154053040222954,1585.0,6.791188058089133,3.515456803707362e-06,0,15849,0.1424192488193512,207,7.450580596923828e-09,3240,1.0,9.0,9.0,9.0,0.9,0.9,0.9,3240,1.0,9.0,9.0,9.0,0.9,0.9,0.9,4824,1.0,8.999999508535026,8.999999932944775,9.000000368598684,0.89999999508535,0.8999999993294477,0.9000000036859866
251,4.183333333333334,True,valid,0.005676949563881725,0.005939993232875159,0.013916076960740867,1.7145350025056179,1.714694780225661,0.0003871006952610192,1.7306978579058694,0.030754537036031884,0.14634515313553337,0.0001653696011160522,1585.0,5.633659047512548,3.225527335923971e-06,0,15797,0.1438388228416443,207,7.450580596923828e-09,3240,1.0,9.0,9.0,9.0,0.9,0.9,0.9,3240,1.0,9.0,9.0,9.0,0.9,0.9,0.9,4824,1.0,8.999999508535026,8.999999932944775,9.000000368598684,0.89999999508535,0.8999999993294477,0.9000000036859866
252,4.2,True,valid,0.005505571212698622,0.005332672469233538,0.013756363994671086,1.509884803893245,1.5099918720759227,0.00036918966635319156,1.5417078310512737,0.022914657759566165,0.25902397055961157,0.00015107128796433377,1585.0,4.462375347859406,2.969329745069067e-06,0,15750,0.14458370208740234,206,7.450580596923828e-09,3240,1.0,9.0,9.0,9.0,0.9,0.9,0.9,3240,1.0,9.0,9.0,9.0,0.9,0.9,0.9,4824,1.0,8.999999508535026,8.999999932944775,9.000000368598684,0.89999999508535,0.8999999993294477,0.9000000036859866
253,4.216666666666667,True,valid,0.00534928234612427,0.004761823913363659,0.013677605379943373,1.350202053365735,1.3502621248052533,0.0002689765917421287,1.3769147299664029,0.013904070831308441,0.20032947556227199,0.0001398988228550807,1585.0,3.3032271234866966,2.7746094656683026e-06,0,15627,0.14481672644615173,205,7.450580596923828e-09,3240,1.0,9.0,9.0,9.0,0.9,0.9,0.9,3240,1.0,9.0,9.0,9.0,0.9,0.9,0.9,4824,1.0,8.999999508535026,8.999999932944775,9.000000368598684,0.89999999508535,0.8999999993294477,0.9000000036859866
254,4.233333333333333,True,valid,0.005231312655822696,0.004288638607079489,0.01364647134303592,1.25907326549459,1.2591071704572998,0.0002324074719208329,1.287140225534519,0.005681033650945025,0.20006856469710008,0.0001333028892716028,1585.0,2.7756473046235097,2.6626836888851724e-06,0,15504,0.14452607929706573,205,7.450580596923828e-09,3240,1.0,9.0,9.0,9.0,0.9,0.9,0.9,3240,1.0,9.0,9.0,9.0,0.9,0.9,0.9,4824,1.0,8.999999508535026,8.999999932944775,9.000000368598684,0.89999999508535,0.8999999993294477,0.9000000036859866
255,4.25,True,valid,0.0051577099396466815,0.003943357288111423,0.01363200520447937,1.2536628847756615,1.2536940817265383,0.0002130002403355924,1.2806067997605777,0.00480537719195253,0.18902187499279047,0.0001327611548634695,1585.0,2.722233435114763,2.6527347251490758e-06,0,15508,0.14378388226032257,205,7.450580596923828e-09,3240,1.0,9.0,9.0,9.0,0.9,0.9,0.9,3240,1.0,9.0,9.0,9.0,0.9,0.9,0.9,4824,1.0,8.999999508535026,8.999999932944775,9.000000368598684,0.89999999508535,0.8999999993294477,0.9000000036859866
256,4.266666666666667,True,valid,0.005115457519994336,0.003733595388226293,0.01364182566891884,1.3313343970213225,1.331391891122808,0.00024631904845458886,1.3537127289678998,0.012927234487157985,0.16848814280954902,0.00013741038104746095,1585.0,3.618838662805969,2.7362426413890568e-06,0,15668,0.14263007044792175,205,7.450580596923828e-09,3240,1.0,9.0,9.0,9.0,0.9,0.9,0.9,3240,1.0,9.0,9.0,9.0,0.9,0.9,0.9,4824,1.0,8.999999508535026,8.999999932944775,9.000000368598684,0.89999999508535,0.8999999993294477,0.9000000036859866
257,4.283333333333333,True,valid,0.005089318492814391,0.0036554558035594175,0.01367107338868173,1.477774583387691,1.4778716686011466,0.0005714710884733188,1.4929329284301431,0.021366596360615685,0.11721340334203938,0.0001465156050493805,1585.0,4.939053771925707,2.895419461947914e-06,0,15747,0.14107032120227814,205,7.450580596923828e-09,3240,1.0,9.0,9.0,9.0,0.9,0.9,0.9,3240,1.0,9.0,9.0,9.0,0.9,0.9,0.9,4824,1.0,8.999999508535026,8.999999932944775,9.000000368598684,0.89999999508535,0.8999999993294477,0.9000000036859866
258,4.3,True,valid,0.0050891367843617155,0.003678137632645797,0.01370991804271885,1.667842381216177,1.667997521662082,0.00039292613476531516,1.6797857924930277,0.02969599622542315,0.10912750455681468,0.00015935962053988012,1585.0,6.298327463054137,3.1217510289122305e-06,0,15839,0.13912010192871094,205,7.450580596923828e-09,3240,1.0,9.0,9.0,9.0,0.9,0.9,0.9,3240,1.0,9.0,9.0,9.0,0.9,0.9,0.9,4824,1.0,8.999999508535026,8.999999932944775,9.000000368598684,0.89999999508535,0.8999999993294477,0.9000000036859866
259,4.316666666666666,True,valid,0.005115505875265482,0.0037725074806874348,0.013809318954238274,1.8867069597417963,1.8869188238411136,0.00045574932811852815,1.8974565303024251,0.03784857086298544,0.1031300896160059,0.00017467855942127203,1585.0,7.657925009834813,3.393337585209151e-06,0,15904,0.13676667213439941,205,7.450580596923828e-09,3240,1.0,9.0,9.0,9.0,0.9,0.9,0.9,3240,1.0,9.0,9.0,9.0,0.9,0.9,0.9,4824,1.0,8.999999508535026,8.999999932944775,9.000000368598684,0.89999999508535,0.8999999993294477,0.9000000036859866
260,4.333333333333333,True,valid,0.005164729940496594,0.003921340243239248,0.014001563111862129,2.119904690965597,2.1201731284457828,0.0005258454049208542,2.130018850523505,0.04573542233093624,0.10336233888362531,0.00019140424712777915,1585.0,8.981708712096081,3.693002548066537e-06,0,15955,0.1339346319437027,205,3.725290298461914e-09,3240,1.0,9.0,9.0,9.0,0.9,0.9,0.9,3240,1.0,9.0,9.0,9.0,0.9,0.9,0.9,4824,1.0,8.999999508535026,8.999999932944775,9.000000368598684,0.89999999508535,0.8999999993294477,0.9000000036859866
261,4.35,True,valid,0.005232069497380787,0.004102623321374988,0.01426951473269462,2.356646460975426,2.356968801548641,0.0006052864326544801,2.3663146628911336,0.05323649722387042,0.10339292927453926,0.00020884029972490604,1585.0,10.255548320689057,4.008739649353873e-06,0,15976,0.13061577081680298,204,3.725290298461914e-09,3240,1.0,9.0,9.0,9.0,0.9,0.9,0.9,3240,1.0,9.0,9.0,9.0,0.9,0.9,0.9,4824,1.0,8.999999508535026,8.999999932944775,9.000000368598684,0.89999999508535,0.8999999993294477,0.9000000036859866
262,4.366666666666666,True,valid,0.005302755763698245,0.004306582075440379,0.014590164607788081,2.5885868361790716,2.588959975569129,0.0006746005097414759,2.5980226710970293,0.06032414342337049,0.10383672633264653,0.00022623904660785366,1585.0,11.45031231228564,4.325785427918534e-06,0,16004,0.12673355638980865,203,3.725290298461914e-09,3240,1.0,9.0,9.0,9.0,0.9,0.9,0.9,3240,1.0,9.0,9.0,9.0,0.9,0.9,0.9,4824,1.0,8.999999508535026,8.999999932944775,9.000000368598684,0.89999999508535,0.8999999993294477,0.9000000036859866
263,4.383333333333334,True,valid,0.005361237609058245,0.004538597443259929,0.014917872265989842,2.8113407767476892,2.8117607554478345,0.0007445532134534941,2.820643204975192,0.06697066675628557,0.10463171217286744,0.00024329025064800906,1585.0,12.576312395158723,4.637467140586127e-06,0,16014,0.12225234508514404,203,3.725290298461914e-09,3240,1.0,9.0,9.0,9.0,0.9,0.9,0.9,3240,1.0,9.0,9.0,9.0,0.9,0.9,0.9,4824,1.0,8.999999508535026,8.999999932944775,9.000000368598684,0.89999999508535,0.8999999993294477,0.9000000036859866
264,4.4,True,valid,0.005399375996504692,0.004805129262594106,0.015204169641099791,3.0196181436034486,3.020082531717828,0.0008054378787594295,3.029032942277874,0.07305356046796724,0.10662433706937528,0.00025945010619237113,1585.0,13.623291176450484,4.932607591317399e-06,0,16020,0.11724288016557693,204,7.450580596923828e-09,3240,1.0,9.0,9.0,9.0,0.9,0.9,0.9,3240,1.0,9.0,9.0,9.0,0.9,0.9,0.9,4824,1.0,8.999999508535026,8.999999932944775,9.000000368598684,0.89999999508535,0.8999999993294477,0.9000000036859866
265,4.416666666666667,True,valid,0.005419283495624569,0.005121223355092295,0.01540696637871562,3.2090635417279816,3.2095658355949186,0.0008707468374377536,3.2183976094126123,0.07864603112231694,0.11123034311551126,0.0002745728251225644,1585.0,14.591237779679046,5.207970558222568e-06,0,16034,0.11162346601486206,205,7.450580596923828e-09,3240,1.0,9.0,9.0,9.0,0.9,0.9,0.9,3240,1.0,9.0,9.0,9.0,0.9,0.9,0.9,4824,1.0,8.999999508535026,8.999999932944775,9.000000368598684,0.89999999508535,0.8999999993294477,0.9000000036859866
266,4.433333333333334,True,valid,0.005427246864556063,0.005494999083890676,0.01554803021330475,3.3806894376680767,3.3812281449129467,0.0009161168555902596,3.3900312908817205,0.0835470656666023,0.11066741351115314,0.00028833723170499883,1585.0,15.461136107292875,5.4601901748929785e-06,0,16050,0.10562978684902191,206,7.450580596923828e-09,3240,1.0,9.0,9.0,9.0,0.9,0.9,0.9,3240,1.0,9.0,9.0,9.0,0.9,0.9,0.9,4824,1.0,8.999999508535026,8.999999932944775,9.000000368598684,0.89999999508535,0.8999999993294477,0.9000000036859866
267,4.45,True,valid,0.00543924612005654,0.005925212452025752,0.015636587170422094,3.528729013445829,3.5292753288555483,0.0015195935473903666,3.5389705730945966,0.0878483271340563,0.1394471721271249,0.0003003556690691096,1585.0,16.229649615092068,5.681717600604311e-06,0,16061,0.09923047572374344,206,3.725290298461914e-09,3240,1.0,9.0,9.0,9.0,0.9,0.9,0.9,3240,1.0,9.0,9.0,9.0,0.9,0.9,0.9,4824,1.0,8.999999508535026,8.999999932944775,9.000000368598684,0.89999999508535,0.8999999993294477,0.9000000036859866
268,4.466666666666667,True,valid,0.005478187186140213,0.006397489608683329,0.015687296076979357,3.6552428052255066,3.6558243016979777,0.0012962456485640203,3.6642043326649874,0.09142274379554832,0.11795705781418822,0.00031085695310579837,1585.0,16.884594005428294,5.871053179813725e-06,0,16075,0.0924864411354065,206,3.725290298461914e-09,3240,1.0,9.0,9.0,9.0,0.9,0.9,0.9,3240,1.0,9.0,9.0,9.0,0.9,0.9,0.9,4824,1.0,8.999999508535026,8.999999932944775,9.000000368598684,0.89999999508535,0.8999999993294477,0.9000000036859866
269,4.483333333333333,True,valid,0.005546705465001095,0.006874286488598168,0.01573090634170799,3.7579375008879663,3.7585425048556336,0.0011836002124891798,3.767296900697297,0.09420490996715045,0.14122637306895802,0.00031954921559245705,1585.0,17.425435552308592,6.02824732215422e-06,0,16083,0.085613913834095,205,1.862645149230957e-09,3240,1.0,9.0,9.0,9.0,0.9,0.9,0.9,3240,1.0,9.0,9.0,9.0,0.9,0.9,0.9,4824,1.0,8.999999508535026,8.999999932944775,9.000000368598684,0.89999999508535,0.8999999993294477,0.9000000036859866
270,4.5,True,valid,0.005637138671836755,0.007306646489771878,0.015762587131922728,3.8331920873453136,3.833820025004647,0.0010519131405051167,3.8411796540545353,0.09632025232650533,0.09790817420254634,0.00032593822779517726,1585.0,17.8458619526224,6.145192771125084e-06,0,16088,0.0784941241145134,206,3.725290298461914e-09,3240,1.0,9.0,9.0,9.0,0.9,0.9,0.9,3240,1.0,9.0,9.0,9.0,0.9,0.9,0.9,4824,1.0,8.999999508535026,8.999999932944775,9.000000368598684,0.89999999508535,0.8999999993294477,0.9000000036859866
271,4.516666666666667,True,valid,0.005731059793401736,0.007667005108533176,0.01579385499626194,3.882136996987157,3.8827571031833434,0.0013905443643521848,3.8914431048862568,0.0977364972147433,0.1346384557921715,0.0003302202822132373,1585.0,18.10668068289113,6.224929088510262e-06,0,16168,0.0712965652346611,207,3.259629011154175e-09,3240,1.0,9.0,9.0,9.0,0.9,0.9,0.9,3240,1.0,9.0,9.0,9.0,0.9,0.9,0.9,4824,1.0,8.999999508535026,8.999999932944775,9.000000368598684,0.89999999508535,0.8999999993294477,0.9000000036859866
272,4.533333333333333,True,valid,0.005807034276693717,0.007928143061265425,0.01582801753850638,3.9017677624119047,3.902407738891278,0.001075427747730522,3.910118531412548,0.09828330128895485,0.11193598212721102,0.0003321239584202572,1585.0,18.253443729768048,6.258707035153894e-06,0,16202,0.06448270380496979,207,3.14321368932724e-09,3240,1.0,9.0,9.0,9.0,0.9,0.9,0.9,3240,1.0,9.0,9.0,9.0,0.9,0.9,0.9,4824,1.0,8.999999508535026,8.999999932944775,9.000000368598684,0.89999999508535,0.8999999993294477,0.9000000036859866
273,4.55,True,valid,0.005860173847760827,0.008075121483338978,0.01583889520327667,3.895649826916995,3.8962888777829594,0.0010724092137324598,3.903915516278893,0.09805335148084729,0.10779390512710076,0.0003318110379832515,1585.0,18.20776519562475,6.2521900032263826e-06,0,16224,0.05754046142101288,205,2.3283064365386963e-09,3240,1.0,9.0,9.0,9.0,0.9,0.9,0.9,3240,1.0,9.0,9.0,9.0,0.9,0.9,0.9,4824,1.0,8.999999508535026,8.999999932944775,9.000000368598684,0.89999999508535,0.8999999993294477,0.9000000036859866
274,4.566666666666666,True,valid,0.005883981921037224,0.008110835165709424,0.015831189791946188,3.8586377363718265,3.8592696010203267,0.0010630589018664413,3.8667936226026143,0.09703634389788114,0.10640565562980153,0.0003289836993149443,1585.0,17.975680348240296,6.201607382836193e-06,0,16242,0.059718143194913864,204,2.7939677238464355e-09,3240,1.0,9.0,9.0,9.0,0.9,0.9,0.9,3240,1.0,9.0,9.0,9.0,0.9,0.9,0.9,4824,1.0,8.999999508535026,8.999999932944775,9.000000368598684,0.89999999508535,0.8999999993294477,0.9000000036859866
275,4.583333333333333,True,valid,0.005884130493297081,0.008044959868704541,0.015771146147279997,3.7983687050889685,3.798987753836816,0.0010460505154641227,3.8065483154014834,0.09527442405691057,0.10722191573059585,0.0003244393519104392,1585.0,17.598071289335532,6.116912834042932e-06,0,16254,0.06575217843055725,204,3.725290298461914e-09,3240,1.0,9.0,9.0,9.0,0.9,0.9,0.9,3240,1.0,9.0,9.0,9.0,0.9,0.9,0.9,4824,1.0,8.999999508535026,8.999999932944775,9.000000368598684,0.89999999508535,0.8999999993294477,0.9000000036859866
276,4.6,True,valid,0.005844219976803171,0.007891479460212647,0.015690940250138227,3.70369979779449,3.7043021189283145,0.0010168327993979097,3.7117688851610624,0.09273370258930316,0.10559712008838938,0.000316732700937778,1585.0,17.03131149447548,5.976465533494162e-06,0,16238,0.07159407436847687,204,7.450580596923828e-09,3240,1.0,9.0,9.0,9.0,0.9,0.9,0.9,3240,1.0,9.0,9.0,9.0,0.9,0.9,0.9,4824,1.0,8.999999508535026,8.999999932944775,9.000000368598684,0.89999999508535,0.8999999993294477,0.9000000036859866
277,4.616666666666666,True,valid,0.005791994497651602,0.007694262308136783,0.015551259829598058,3.589081678001273,3.5896609908166286,0.0009845936291600407,3.5971618608586122,0.08949743803428632,0.10618509643058048,0.0003078675875229213,1585.0,16.397785621231854,5.811853076272842e-06,0,16218,0.07715322822332382,204,3.725290298461914e-09,3240,1.0,9.0,9.0,9.0,0.9,0.9,0.9,3240,1.0,9.0,9.0,9.0,0.9,0.9,0.9,4824,1.0,8.999999508535026,8.999999932944775,9.000000368598684,0.89999999508535,0.8999999993294477,0.9000000036859866
278,4.633333333333334,True,valid,0.005732669467828195,0.007464568541108717,0.015366988638462318,3.444784019743983,3.445335474571567,0.0009394785450186118,3.4525311736797186,0.08542496019533712,0.0957099374031342,0.0002964672875628202,1585.0,15.619112679798057,5.601962077861409e-06,0,16199,0.0824761763215065,203,3.725290298461914e-09,3240,1.0,9.0,9.0,9.0,0.9,0.9,0.9,3240,1.0,9.0,9.0,9.0,0.9,0.9,0.9,4824,1.0,8.999999508535026,8.999999932944775,9.000000368598684,0.89999999508535,0.8999999993294477,0.9000000036859866
279,4.65,True,valid,0.005685073978274631,0.0072376829258125105,0.015168089163658227,3.2837719627498236,3.284266676204181,0.001443543364197578,3.2928205141282993,0.08093136001999586,0.12297099936128786,0.00028390891597481713,1585.0,14.726102156725432,5.372897895688669e-06,0,16153,0.08756564557552338,203,3.725290298461914e-09,3240,1.0,9.0,9.0,9.0,0.9,0.9,0.9,3240,1.0,9.0,9.0,9.0,0.9,0.9,0.9,4824,1.0,8.999999508535026,8.999999932944775,9.000000368598684,0.89999999508535,0.8999999993294477,0.9000000036859866
280,4.666666666666667,True,valid,0.005649064891312494,0.00701914874665429,0.014941848908345046,3.0968668172215996,3.097347099142065,0.0008361440403080321,3.1046286301109585,0.07559191761524979,0.09658875420010557,0.0002693982527905332,1585.0,13.654590872104857,5.105953588114301e-06,0,16094,0.09241283684968948,203,3.725290298461914e-09,3240,1.0,9.0,9.0,9.0,0.9,0.9,0.9,3240,1.0,9.0,9.0,9.0,0.9,0.9,0.9,4824,1.0,8.999999508535026,8.999999932944775,9.000000368598684,0.89999999508535,0.8999999993294477,0.9000000036859866
281,4.683333333333334,True,valid,0.00562274582624981,0.00684761738205902,0.014718827527627367,2.893462218855124,2.8939062294237927,0.0016620494265243283,2.9136835943095636,0.06995543956253743,0.3105840280392206,0.00025405210192955605,1585.0,12.52473654392714,4.825911395216159e-06,0,16045,0.09696764498949051,204,7.450580596923828e-09,3240,1.0,9.0,9.0,9.0,0.9,0.9,0.9,3240,1.0,9.0,9.0,9.0,0.9,0.9,0.9,4824,1.0,8.999999508535026,8.999999932944775,9.000000368598684,0.89999999508535,0.8999999993294477,0.9000000036859866
282,4.7,True,valid,0.005620710899675577,0.006702579024090529,0.014520985682148995,2.6809966025314953,2.6813879436355506,0.0007138829854247055,2.689590897353354,0.06331514189460122,0.11151007855928305,0.00023766050634692551,1585.0,11.289062515748506,4.524996312895231e-06,0,15988,0.10121582448482513,204,3.725290298461914e-09,3240,1.0,9.0,9.0,9.0,0.9,0.9,0.9,3240,1.0,9.0,9.0,9.0,0.9,0.9,0.9,4824,1.0,8.999999508535026,8.999999932944775,9.000000368598684,0.89999999508535,0.8999999993294477,0.9000000036859866
283,4.716666666666667,True,valid,0.005648975162298711,0.006576418198688107,0.014364786131759393,2.4535391292465873,2.4538558850203693,0.0010791197340028781,2.4648300575584585,0.05643359241899842,0.15744108321259825,0.0002204333156968899,1585.0,9.955332418015288,4.212180985544856e-06,0,15927,0.10508052259683609,204,3.725290298461914e-09,3240,1.0,9.0,9.0,9.0,0.9,0.9,0.9,3240,1.0,9.0,9.0,9.0,0.9,0.9,0.9,4824,1.0,8.999999508535026,8.999999932944775,9.000000368598684,0.89999999508535,0.8999999993294477,0.9000000036859866
284,4.733333333333333,True,valid,0.005699226093131443,0.006456793537331171,0.014243747629827486,2.2218277569063494,2.22212126060527,0.0010258310581892328,2.238489232646575,0.04903628012380469,0.2225737692828616,0.00020327090134770483,1585.0,8.565003228365015,3.903492737011476e-06,0,15909,0.1084965318441391,206,7.450580596923828e-09,3240,1.0,9.0,9.0,9.0,0.9,0.9,0.9,3240,1.0,9.0,9.0,9.0,0.9,0.9,0.9,4824,1.0,8.999999508535026,8.999999932944775,9.000000368598684,0.89999999508535,0.8999999993294477,0.9000000036859866
285,4.75,True,valid,0.005744534692377725,0.006327212633794619,0.014153409525485699,1.993282381340804,1.9935171478510292,0.0005305714759677187,2.00621813755465,0.04122125055032664,0.154432475733253,0.00018630734686190717,1585.0,7.163383416525658,3.6008013102894724e-06,0,15868,0.11138781905174255,206,7.450580596923828e-09,3240,1.0,9.0,9.0,9.0,0.9,0.9,0.9,3240,1.0,9.0,9.0,9.0,0.9,0.9,0.9,4824,1.0,8.999999508535026,8.999999932944775,9.000000368598684,0.89999999508535,0.8999999993294477,0.9000000036859866
286,4.766666666666667,True,valid,0.0057709758608931305,0.006156424172501835,0.014075613419957889,1.7683368357136695,1.768508739680345,0.0013734268473493563,1.7939261047286252,0.03355845724738404,0.28546019263740396,0.00017007003352312138,1585.0,5.8565266609541435,3.314794134930236e-06,0,15813,0.11368318647146225,204,7.450580596923828e-09,3240,1.0,9.0,9.0,9.0,0.9,0.9,0.9,3240,1.0,9.0,9.0,9.0,0.9,0.9,0.9,4824,1.0,8.999999508535026,8.999999932944775,9.000000368598684,0.89999999508535,0.8999999993294477,0.9000000036859866
287,4.783333333333333,True,valid,0.005771398588297702,0.005920001904208171,0.013999919134114613,1.569515459304647,1.5696354081949473,0.00039872671511921365,1.5831201515815565,0.02489872932580656,0.13245103544748063,0.0001555557533452573,1585.0,4.72953128315832,3.0569093356865943e-06,0,15764,0.11533204466104507,204,7.450580596923828e-09,3240,1.0,9.0,9.0,9.0,0.9,0.9,0.9,3240,1.0,9.0,9.0,9.0,0.9,0.9,0.9,4824,1.0,8.999999508535026,8.999999932944775,9.000000368598684,0.89999999508535,0.8999999993294477,0.9000000036859866
288,4.8,True,valid,0.005737967243650698,0.0056119785272910104,0.013926051177297222,1.4066289852365386,1.406682685350832,0.0006123233554963465,1.420510421760757,0.016545277759453914,0.11776866211775884,0.0001439268754169351,1585.0,3.639117391984667,2.8552693885690727e-06,0,15664,0.11629780381917953,205,7.450580596923828e-09,3240,1.0,9.0,9.0,9.0,0.9,0.9,0.9,3240,1.0,9.0,9.0,9.0,0.9,0.9,0.9,4824,1.0,8.999999508535026,8.999999932944775,9.000000368598684,0.89999999508535,0.8999999993294477,0.9000000036859866
289,4.816666666666666,True,valid,0.005667656879608721,0.0052339184720931456,0.01385527168737929,1.2981103357320278,1.298147051535236,0.0005371476144616791,1.316244451712064,0.008202791480886307,0.16622447240667404,0.00013630224587053212,1585.0,2.695462188492225,2.7220999272814686e-06,0,15516,0.11654539406299591,205,7.450580596923828e-09,3240,1.0,9.0,9.0,9.0,0.9,0.9,0.9,3240,1.0,9.0,9.0,9.0,0.9,0.9,0.9,4824,1.0,8.999999508535026,8.999999932944775,9.000000368598684,0.89999999508535,0.8999999993294477,0.9000000036859866
290,4.833333333333333,True,valid,0.005561298753511062,0.004807502400631942,0.013809195217583474,1.2658402116971048,1.2658532423315672,0.0005026764039234163,1.2825512993156662,0.003376360303861036,0.13285711687713508,0.00013335223839199236,1585.0,2.7427564250838787,2.6692198767331467e-06,0,15505,0.11607657372951508,204,7.450580596923828e-09,3240,1.0,9.0,9.0,9.0,0.9,0.9,0.9,3240,1.0,9.0,9.0,9.0,0.9,0.9,0.9,4824,1.0,8.999999508535026,8.999999932944775,9.000000368598684,0.89999999508535,0.8999999993294477,0.9000000036859866
291,4.85,True,valid,0.005434583541835565,0.004385470130246417,0.013800841286780439,1.3148863917413172,1.3149356924503306,0.0002846600795865102,1.3337855928472242,0.010477613337279269,0.15527158659870965,0.0001358530475643916,1585.0,3.4050377392498317,2.7122409178462606e-06,0,15669,0.11492661386728287,204,7.450580596923828e-09,3240,1.0,9.0,9.0,9.0,0.9,0.9,0.9,3240,1.0,9.0,9.0,9.0,0.9,0.9,0.9,4824,1.0,8.999999508535026,8.999999932944775,9.000000368598684,0.89999999508535,0.8999999993294477,0.9000000036859866
292,4.866666666666666,True,valid,0.0053141310567070615,0.004029523986563665,0.013822565194607542,1.440512356678188,1.440596325708418,0.00046872304856149634,1.4562387003379706,0.018934525992674936,0.13828834979603427,0.00014345266227047785,1585.0,4.832559582467802,2.8437498319092725e-06,0,15773,0.11314353346824646,204,7.450580596923828e-09,3240,1.0,9.0,9.0,9.0,0.9,0.9,0.9,3240,1.0,9.0,9.0,9.0,0.9,0.9,0.9,4824,1.0,8.999999508535026,8.999999932944775,9.000000368598684,0.89999999508535,0.8999999993294477,0.9000000036859866
293,4.883333333333334,True,valid,0.005218003403141768,0.0037966801007841243,0.013862239717413464,1.6196398355405033,1.6197788737333634,0.00037554376585408636,1.6365256028324218,0.027374364117558794,0.16216231906818426,0.00015556339443728654,1585.0,6.331664342539782,3.0553269742513223e-06,0,15815,0.11077117174863815,204,7.450580596923828e-09,3240,1.0,9.0,9.0,9.0,0.9,0.9,0.9,3240,1.0,9.0,9.0,9.0,0.9,0.9,0.9,4824,1.0,8.999999508535026,8.999999932944775,9.000000368598684,0.89999999508535,0.8999999993294477,0.9000000036859866
294,4.9,True,valid,0.0051418538576206456,0.003731907870736318,0.013936250103241657,1.8311508132991905,1.8313439999049188,0.0005922843321698682,1.8458782200187938,0.03557140837524381,0.15285178327530186,0.0001700918328563023,1585.0,7.808168033490938,3.3126887584378916e-06,0,15868,0.10789179056882858,203,7.450580596923828e-09,3240,1.0,9.0,9.0,9.0,0.9,0.9,0.9,3240,1.0,9.0,9.0,9.0,0.9,0.9,0.9,4824,1.0,8.999999508535026,8.999999932944775,9.000000368598684,0.89999999508535,0.8999999993294477,0.9000000036859866
295,4.916666666666667,True,valid,0.005098452185236669,0.003836850118659812,0.014023240785787105,2.05930338142379,2.059557202389592,0.0005217202318244578,2.0753011148148524,0.043567203347500305,0.1824614081265344,0.0001867902226844716,1585.0,9.228867289544128,3.6084218655975284e-06,0,15945,0.10456454008817673,203,3.725290298461914e-09,3240,1.0,9.0,9.0,9.0,0.9,0.9,0.9,3240,1.0,9.0,9.0,9.0,0.9,0.9,0.9,4824,1.0,8.999999508535026,8.999999932944775,9.000000368598684,0.89999999508535,0.8999999993294477,0.9000000036859866
296,4.933333333333334,True,valid,0.005087180967535821,0.004060884561521427,0.014138924574096006,2.2949085131321,2.2952167054133317,0.0006103088378085837,2.308998445128515,0.05115157508708016,0.17586703180461155,0.00020422979479057843,1585.0,10.594784142978147,3.921331905291114e-06,0,15971,0.10083145648241043,204,7.450580596923828e-09,3240,1.0,9.0,9.0,9.0,0.9,0.9,0.9,3240,1.0,9.0,9.0,9.0,0.9,0.9,0.9,4824,1.0,8.999999508535026,8.999999932944775,9.000000368598684,0.89999999508535,0.8999999993294477,0.9000000036859866
297,4.95,True,valid,0.0051069799863354476,0.004353070748774998,0.014289301341819733,2.528198112346316,2.5285577926840053,0.0006810774153204206,2.5421992408395355,0.058344204817433715,0.18297985888762544,0.0002219908666840011,1585.0,11.888115648163879,4.23982509237437e-06,0,15981,0.09674214571714401,204,3.725290298461914e-09,3240,1.0,9.0,9.0,9.0,0.9,0.9,0.9,3240,1.0,9.0,9.0,9.0,0.9,0.9,0.9,4824,1.0,8.999999508535026,8.999999932944775,9.000000368598684,0.89999999508535,0.8999999993294477,0.9000000036859866
298,4.966666666666667,True,valid,0.005150085840473534,0.004670940323588739,0.014486191071497241,2.753382436892068,2.7537865864871,0.000820814072480968,2.7679817163058638,0.06513414287779626,0.1950579130350698,0.0002392126067527509,1585.0,13.111220933115348,4.552385548582821e-06,0,15985,0.09232433885335922,204,3.725290298461914e-09,3240,1.0,9.0,9.0,9.0,0.9,0.9,0.9,3240,1.0,9.0,9.0,9.0,0.9,0.9,0.9,4824,1.0,8.999999508535026,8.999999932944775,9.000000368598684,0.89999999508535,0.8999999993294477,0.9000000036859866
299,4.983333333333333,True,valid,0.005210325023649231,0.004982586509812584,0.014735205603341519,2.9654610133207107,2.965914365283303,0.0007909477438750183,2.9807045304232305,0.07145348352196627,0.20611824769730128,0.00025553346180958407,1585.0,14.231241466409106,4.849099114040231e-06,0,16005,0.08757639676332474,204,7.450580596923828e-09,3240,1.0,9.0,9.0,9.0,0.9,0.9,0.9,3240,1.0,9.0,9.0,9.0,0.9,0.9,0.9,4824,1.0,8.999999508535026,8.999999932944775,9.000000368598684,0.89999999508535,0.8999999993294477,0.9000000036859866
300,5.0,True,valid,0.0052828005548326475,0.005276185209779063,0.015015830728445673,3.162301350351236,3.1627934766708647,0.0009138715774276514,3.1795804141369373,0.07713902510269985,0.2510439602693919,0.0002708902156010824,1585.0,15.261411329916928,5.1309701991629984e-06,0,16012,0.0825234204530716,204,7.450580596923828e-09,3240,1.0,9.0,9.0,9.0,0.9,0.9,0.9,3240,1.0,9.0,9.0,9.0,0.9,0.9,0.9,4824,1.0,8.999999508535026,8.999999932944775,9.000000368598684,0.89999999508535,0.8999999993294477,0.9000000036859866
301,5.016666666666667,True,valid,0.0053565796365197885,0.005552807041411896,0.015274001015316428,3.341420306512766,3.3419499374194017,0.0009043506109131633,3.357072369837218,0.0821974871679736,0.21803508300775742,0.00028503981329552284,1585.0,16.16499762246303,5.389750181591507e-06,0,16037,0.07716795802116394,202,7.450580596923828e-09,3240,1.0,9.0,9.0,9.0,0.9,0.9,0.9,3240,1.0,9.0,9.0,9.0,0.9,0.9,0.9,4824,1.0,8.999999508535026,8.999999932944775,9.000000368598684,0.89999999508535,0.8999999993294477,0.9000000036859866
302,5.033333333333333,True,valid,0.005413534412148519,0.005811655657631006,0.015504839954750256,3.497604602479973,3.498167849159705,0.00095751818479147,3.513069764175748,0.08660408796772379,0.2265514584478634,0.00029725657212757896,1585.0,16.929049212154176,5.614717856209649e-06,0,16066,0.07150360196828842,202,7.450580596923828e-09,3240,1.0,9.0,9.0,9.0,0.9,0.9,0.9,3240,1.0,9.0,9.0,9.0,0.9,0.9,0.9,4824,1.0,8.999999508535026,8.999999932944775,9.000000368598684,0.89999999508535,0.8999999993294477,0.9000000036859866
303,5.05,True,valid,0.005458059095062577,0.00606844127121418,0.015698272031519835,3.628669546395704,3.629213705231132,0.0023084931645572975,3.6448233311658567,0.0904074844127427,0.19851557472040698,0.00030736712749370994,1585.0,17.56454548521756,5.811753643614464e-06,0,16087,0.065543994307518,202,5.587935447692871e-09,3240,1.0,9.0,9.0,9.0,0.9,0.9,0.9,3240,1.0,9.0,9.0,9.0,0.9,0.9,0.9,4824,1.0,8.999999508535026,8.999999932944775,9.000000368598684,0.89999999508535,0.8999999993294477,0.9000000036859866
304,5.066666666666666,True,valid,0.005511261237310026,0.006349917312729455,0.015979686193153007,3.7469500015514936,3.747305528003156,0.005131093864124458,3.7745725078770804,0.09348615846363746,0.33093358230379133,0.000315918215941035,1585.0,18.05326664682971,6.015038763862234e-06,0,16103,0.05934247002005577,202,3.725290298461914e-09,3240,1.0,9.0,9.0,9.0,0.9,0.9,0.9,3240,1.0,9.0,9.0,9.0,0.9,0.9,0.9,4824,1.0,8.999999508535026,8.999999932944775,9.000000368598684,0.89999999508535,0.8999999993294477,0.9000000036859866
305,5.083333333333333,True,valid,0.005608966588013478,0.006661281193190535,0.01649557080244902,3.8604175143429282,3.860185475656363,0.009892667200664994,3.929854944084241,0.09601021479543184,0.6078512237208129,0.00032258967846371395,1585.0,18.37405305206812,6.280940943816785e-06,0,16097,0.0527975969016552,199,2.7939677238464355e-09,3240,1.0,9.0,9.0,9.0,0.9,0.9,0.9,3240,1.0,9.0,9.0,9.0,0.9,0.9,0.9,4824,1.0,8.999999508535026,8.999999932944775,9.000000368598684,0.89999999508535,0.8999999993294477,0.9000000036859866
306,5.1,True,valid,0.005780797159093664,0.006987771424408249,0.016940823615515365,3.8951118311227098,3.8957546965786185,0.0015535697941512377,3.9097028310578965,0.09743342569319405,0.19993667560725437,0.00032811138037617795,1585.0,18.543539487363272,6.203802429628579e-06,0,16100,0.05842970684170723,199,1.862645149230957e-09,3240,1.0,9.0,9.0,9.0,0.9,0.9,0.9,3240,1.0,9.0,9.0,9.0,0.9,0.9,0.9,4824,1.0,8.999999508535026,8.999999932944775,9.000000368598684,0.89999999508535,0.8999999993294477,0.9000000036859866
307,5.116666666666666,True,valid,0.005895551018560162,0.007296119867014272,0.016807560474725283,3.9324514395095163,3.9330910795346097,0.0010824075334941174,3.9596609058192884,0.09836164521185121,0.3801138853468682,0.00033410265459442025,1585.0,18.616482756163425,6.30154072697382e-06,0,16103,0.06582087278366089,199,1.0477378964424133e-09,3240,1.0,9.0,9.0,9.0,0.9,0.9,0.9,3240,1.0,9.0,9.0,9.0,0.9,0.9,0.9,4824,1.0,8.999999508535026,8.999999932944775,9.000000368598684,0.89999999508535,0.8999999993294477,0.9000000036859866
308,5.133333333333334,True,valid,0.0057961627307659335,0.007434444085143522,0.01646404832793636,3.919691603059318,3.920332831979053,0.0010904617143611317,3.9356636817387884,0.0982405628283111,0.2427295685354761,0.00033166663351890746,1585.0,18.30152039483205,6.249950179721026e-06,0,16148,0.0729539543390274,200,3.725290298461914e-09,3240,1.0,9.0,9.0,9.0,0.9,0.9,0.9,3240,1.0,9.0,9.0,9.0,0.9,0.9,0.9,4824,1.0,8.999999508535026,8.999999932944775,9.000000368598684,0.89999999508535,0.8999999993294477,0.9000000036859866
309,5.15,True,valid,0.005670095761240109,0.0075876179927980136,0.015868321297584635,3.865299498059456,3.8659390034226395,0.0010723138942248733,3.8791319041856887,0.09743300672082694,0.21085487038414547,0.00032705460073368124,1585.0,17.879869980989408,6.163089716161297e-06,0,16170,0.08005231618881226,201,2.7939677238464355e-09,3240,1.0,9.0,9.0,9.0,0.9,0.9,0.9,3240,1.0,9.0,9.0,9.0,0.9,0.9,0.9,4824,1.0,8.999999508535026,8.999999932944775,9.000000368598684,0.89999999508535,0.8999999993294477,0.9000000036859866
310,5.166666666666667,True,valid,0.005679597805620295,0.007876466826103665,0.01520793267798981,3.817060326772999,3.817683177489051,0.0013016059264429457,3.8297226170248715,0.09593735011623207,0.17035520502577856,0.0003248197685246285,1585.0,17.543843711513315,6.1131384550347786e-06,0,16206,0.08695019781589508,201,5.587935447692871e-09,3240,1.0,9.0,9.0,9.0,0.9,0.9,0.9,3240,1.0,9.0,9.0,9.0,0.9,0.9,0.9,4824,1.0,8.999999508535026,8.999999932944775,9.000000368598684,0.89999999508535,0.8999999993294477,0.9000000036859866
311,5.183333333333334,True,valid,0.005762661334836502,0.00812943544130225,0.014831417162394707,3.7392406177133397,3.7398279540962265,0.0019354909985372375,3.7549838394773043,0.09369651321700549,0.19774844217140863,0.00031980227931747773,1585.0,16.947201856364725,6.018070033219935e-06,0,16238,0.09339601546525955,200,1.862645149230957e-09,3240,1.0,9.0,9.0,9.0,0.9,0.9,0.9,3240,1.0,9.0,9.0,9.0,0.9,0.9,0.9,4824,1.0,8.999999508535026,8.999999932944775,9.000000368598684,0.89999999508535,0.8999999993294477,0.9000000036859866
312,5.2,True,valid,0.005871160711011302,0.008218910781456838,0.01493607446228755,3.632180963661476,3.632768316133551,0.0010136299515359532,3.64521858286344,0.09084446430936385,0.16484373577818234,0.0003107604674478242,1585.0,16.26571160624512,5.854953072597745e-06,0,16262,0.09943713992834091,199,7.450580596923828e-09,3240,1.0,9.0,9.0,9.0,0.9,0.9,0.9,3240,1.0,9.0,9.0,9.0,0.9,0.9,0.9,4824,1.0,8.999999508535026,8.999999932944775,9.000000368598684,0.89999999508535,0.8999999993294477,0.9000000036859866
313,5.216666666666667,True,valid,0.005997187794845263,0.008182184099349628,0.015259999224116206,3.5083691697697357,3.508924134811709,0.00102607031449896,3.51954182167833,0.08681760948240881,0.15866137765061977,0.0003009379657934981,1585.0,15.410111110906003,5.685311409259916e-06,0,16266,0.10530909150838852,199,3.725290298461914e-09,3240,1.0,9.0,9.0,9.0,0.9,0.9,0.9,3240,1.0,9.0,9.0,9.0,0.9,0.9,0.9,4824,1.0,8.999999508535026,8.999999932944775,9.000000368598684,0.89999999508535,0.8999999993294477,0.9000000036859866
314,5.233333333333333,True,valid,0.006082910826482922,0.008057831479776139,0.01563083204371792,3.3631047510741388,3.3636312774526287,0.0009048644819233399,3.3737880292455142,0.08237069126208868,0.13763254090683572,0.00028950495099797633,1585.0,14.402644137599813,5.4809746080840315e-06,0,16237,0.11062566936016083,199,7.450580596923828e-09,3240,1.0,9.0,9.0,9.0,0.9,0.9,0.9,3240,1.0,9.0,9.0,9.0,0.9,0.9,0.9,4824,1.0,8.999999508535026,8.999999932944775,9.000000368598684,0.89999999508535,0.8999999993294477,0.9000000036859866
315,5.25,True,valid,0.006089724830882256,0.007846997953838395,0.015798439577151324,3.1895475522275154,3.19003613465562,0.0008657685887805306,3.200955183129326,0.07722886583355996,0.1435205474787791,0.00027549751896591477,1585.0,13.307285273515465,5.226826644165037e-06,0,16213,0.11547591537237167,198,7.450580596923828e-09,3240,1.0,9.0,9.0,9.0,0.9,0.9,0.9,3240,1.0,9.0,9.0,9.0,0.9,0.9,0.9,4824,1.0,8.999999508535026,8.999999932944775,9.000000368598684,0.89999999508535,0.8999999993294477,0.9000000036859866
316,5.266666666666667,True,valid,0.006026308011448227,0.007578949031814594,0.01558633550466729,2.989217460084597,2.9896653864654104,0.0009272847839903402,3.0075198739143425,0.07144255501883016,0.24769727295064614,0.00026043901823472146,1585.0,12.296007937283402,4.9489286680400075e-06,0,16174,0.11992824077606201,200,7.450580596923828e-09,3240,1.0,9.0,9.0,9.0,0.9,0.9,0.9,3240,1.0,9.0,9.0,9.0,0.9,0.9,0.9,4824,1.0,8.999999508535026,8.999999932944775,9.000000368598684,0.89999999508535,0.8999999993294477,0.9000000036859866
317,5.283333333333333,True,valid,0.005896670960026463,0.007256693108137634,0.015093748491105806,2.775940509119825,2.7763452977813463,0.0007406087010662377,2.7869556701822105,0.0651603223100731,0.1333898851104787,0.00024416912685843204,1585.0,11.239809837396262,4.651025745822883e-06,0,16098,0.12412607669830322,200,7.450580596923828e-09,3240,1.0,9.0,9.0,9.0,0.9,0.9,0.9,3240,1.0,9.0,9.0,9.0,0.9,0.9,0.9,4824,1.0,8.999999508535026,8.999999932944775,9.000000368598684,0.89999999508535,0.8999999993294477,0.9000000036859866
318,5.3,True,valid,0.00571438319478786,0.0068427880161185456,0.014460565282438127,2.5393807278686613,2.539737869829594,0.000664505107970782,2.550663574708142,0.058460308138021305,0.1293209996305175,0.00022631732530750722,1585.0,9.994946798627648,4.316366318669084e-06,0,16025,0.12786570191383362,201,3.725290298461914e-09,3240,1.0,9.0,9.0,9.0,0.9,0.9,0.9,3240,1.0,9.0,9.0,9.0,0.9,0.9,0.9,4824,1.0,8.999999508535026,8.999999932944775,9.000000368598684,0.89999999508535,0.8999999993294477,0.9000000036859866
319,5.316666666666666,True,valid,0.005538765893245815,0.006357935713870856,0.013866794053495165,2.2912782019843263,2.2915857045815686,0.0005951310426324727,2.3029825261736407,0.05124520692927964,0.1327545450003597,0.00020755630174948699,1585.0,8.643781496722388,3.968888609624505e-06,0,15911,0.1310194730758667,201,3.725290298461914e-09,3240,1.0,9.0,9.0,9.0,0.9,0.9,0.9,3240,1.0,9.0,9.0,9.0,0.9,0.9,0.9,4824,1.0,8.999999508535026,8.999999932944775,9.000000368598684,0.89999999508535,0.8999999993294477,0.9000000036859866
320,5.333333333333333,True,valid,0.00543319824071125,0.0058842378558137745,0.013439825127383473,2.0462674706251085,2.046519431173492,0.0005292937134753652,2.0575409080087548,0.043691184537258156,0.1245757027380856,0.00018944801415620948,1585.0,7.322736589633788,3.642671297538248e-06,0,15893,0.13361692428588867,200,7.450580596923828e-09,3240,1.0,9.0,9.0,9.0,0.9,0.9,0.9,3240,1.0,9.0,9.0,9.0,0.9,0.9,0.9,4824,1.0,8.999999508535026,8.999999932944775,9.000000368598684,0.89999999508535,0.8999999993294477,0.9000000036859866
321,5.35,True,valid,0.005385695612135758,0.005488161730212201,0.013277581768284174,1.8143426864185213,1.8145393513614085,0.0008615949670078728,1.8335878764684908,0.0356939843016839,0.21798774089825929,0.00017299096664909598,1585.0,6.170139080735033,3.3468973841266424e-06,0,15846,0.1357075572013855,199,7.450580596923828e-09,3240,1.0,9.0,9.0,9.0,0.9,0.9,0.9,3240,1.0,9.0,9.0,9.0,0.9,0.9,0.9,4824,1.0,8.999999508535026,8.999999932944775,9.000000368598684,0.89999999508535,0.8999999993294477,0.9000000036859866
322,5.366666666666666,True,valid,0.005369531410164661,0.005178776864497369,0.013419075547106998,1.6069162932541048,1.6070551828402886,0.00035670042714443657,1.6211410842198486,0.027363482466897706,0.12574601151424444,0.00015791713914424833,1585.0,5.113344656845582,3.0839582987056332e-06,0,15782,0.13743413984775543,198,7.450580596923828e-09,3240,1.0,9.0,9.0,9.0,0.9,0.9,0.9,3240,1.0,9.0,9.0,9.0,0.9,0.9,0.9,4824,1.0,8.999999508535026,8.999999932944775,9.000000368598684,0.89999999508535,0.8999999993294477,0.9000000036859866
323,5.383333333333334,True,valid,0.005392321859451528,0.00493822689405191,0.013718731854166033,1.4385672776819554,1.4386546031507572,0.00028852207724742573,1.453812427792004,0.018870844981925854,0.12539295618124344,0.00014571866887051543,1585.0,4.031942069368365,2.8789019065604038e-06,0,15723,0.1387030929327011,200,7.450580596923828e-09,3240,1.0,9.0,9.0,9.0,0.9,0.9,0.9,3240,1.0,9.0,9.0,9.0,0.9,0.9,0.9,4824,1.0,8.999999508535026,8.999999932944775,9.000000368598684,0.89999999508535,0.8999999993294477,0.9000000036859866
324,5.4,True,valid,0.005433253641545192,0.004733681520879003,0.013971736808361059,1.3235602267255724,1.3236052741430393,0.000253806475211,1.3438993235923076,0.010466202940474767,0.1585487214135182,0.000137610165185768,1585.0,2.9571710459351728,2.7470578449701927e-06,0,15615,0.139425590634346,200,7.450580596923828e-09,3240,1.0,9.0,9.0,9.0,0.9,0.9,0.9,3240,1.0,9.0,9.0,9.0,0.9,0.9,0.9,4824,1.0,8.999999508535026,8.999999932944775,9.000000368598684,0.89999999508535,0.8999999993294477,0.9000000036859866
325,5.416666666666667,True,valid,0.005449935527338906,0.004549242708471513,0.014083486477770926,1.2778216838161707,1.2778525672709324,0.00034272042025164655,1.2959957029626712,0.0037629599121518182,0.13895296983127695,0.00013383394579996653,1585.0,2.8361126578742195,2.688718381077017e-06,0,15505,0.13963639736175537,199,7.450580596923828e-09,3240,1.0,9.0,9.0,9.0,0.9,0.9,0.9,3240,1.0,9.0,9.0,9.0,0.9,0.9,0.9,4824,1.0,8.999999508535026,8.999999932944775,9.000000368598684,0.89999999508535,0.8999999993294477,0.9000000036859866
326,5.433333333333334,True,valid,0.0054280089102257826,0.004387669713090312,0.013995886411992202,1.3057043222609488,1.3057425173306028,0.0002321205069542575,1.3211249867344492,0.008156857549490717,0.11720743925449383,0.0001351504369505752,1585.0,3.0790919059474406,2.710193427625119e-06,0,15628,0.13936831057071686,199,7.450580596923828e-09,3240,1.0,9.0,9.0,9.0,0.9,0.9,0.9,3240,1.0,9.0,9.0,9.0,0.9,0.9,0.9,4824,1.0,8.999999508535026,8.999999932944775,9.000000368598684,0.89999999508535,0.8999999993294477,0.9000000036859866
327,5.45,True,valid,0.005367553090689097,0.004236076171769872,0.01380926980199057,1.3975393675195094,1.3976075665841776,0.0006036595103075057,1.413933238579831,0.016576384567086665,0.15743899499740246,0.00014083602337732764,1585.0,4.390181327460224,2.8032240549646785e-06,0,15723,0.13863646984100342,199,7.450580596923828e-09,3240,1.0,9.0,9.0,9.0,0.9,0.9,0.9,3240,1.0,9.0,9.0,9.0,0.9,0.9,0.9,4824,1.0,8.999999508535026,8.999999932944775,9.000000368598684,0.89999999508535,0.8999999993294477,0.9000000036859866
328,5.466666666666667,True,valid,0.0053103732663444215,0.004086770518232408,0.013638643657569394,1.5537696195661752,1.5538932437295059,0.00032802521719905515,1.5656383111750185,0.024818585348971415,0.10465795084189519,0.00015112344637385622,1585.0,5.697099637951416,2.9744687783956365e-06,0,15797,0.13743126392364502,200,7.450580596923828e-09,3240,1.0,9.0,9.0,9.0,0.9,0.9,0.9,3240,1.0,9.0,9.0,9.0,0.9,0.9,0.9,4824,1.0,8.999999508535026,8.999999932944775,9.000000368598684,0.89999999508535,0.8999999993294477,0.9000000036859866
329,5.483333333333333,True,valid,0.005278861808359051,0.0039662994413963764,0.013615741015355173,1.7542002690001934,1.7543787336258454,0.0004027880684179911,1.7646054734589853,0.0331047220157818,0.10128880381724376,0.00016495514591613572,1585.0,6.998534168734235,3.217514585777655e-06,0,15870,0.13577942550182343,202,7.450580596923828e-09,3240,1.0,9.0,9.0,9.0,0.9,0.9,0.9,3240,1.0,9.0,9.0,9.0,0.9,0.9,0.9,4824,1.0,8.999999508535026,8.999999932944775,9.000000368598684,0.89999999508535,0.8999999993294477,0.9000000036859866
330,5.5,True,valid,0.005271702479477988,0.0039014224673629837,0.01378164317760312,1.979411703725496,1.9796474175994023,0.00047969012690177144,1.9887977823834715,0.04115989622927492,0.09915559536725875,0.00018112199495591411,1585.0,8.267554087118725,3.507270609640768e-06,0,15943,0.1336538940668106,201,7.450580596923828e-09,3240,1.0,9.0,9.0,9.0,0.9,0.9,0.9,3240,1.0,9.0,9.0,9.0,0.9,0.9,0.9,4824,1.0,8.999999508535026,8.999999932944775,9.000000368598684,0.89999999508535,0.8999999993294477,0.9000000036859866
331,5.516666666666667,True,valid,0.005275071852562075,0.003941968431431799,0.014125940557807947,2.2161933486790084,2.21648518427695,0.0005564981749674355,2.2253907866443465,0.04889568338747195,0.1003968491840546,0.00019841698496918668,1585.0,9.51506411480098,3.8209577916821015e-06,0,15969,0.13109706342220306,199,3.725290298461914e-09,3240,1.0,9.0,9.0,9.0,0.9,0.9,0.9,3240,1.0,9.0,9.0,9.0,0.9,0.9,0.9,4824,1.0,8.999999508535026,8.999999932944775,9.000000368598684,0.89999999508535,0.8999999993294477,0.9000000036859866
332,5.533333333333333,True,valid,0.005283438751294753,0.004128778379231408,0.014541701063568762,2.4548503753222457,2.4551942455541065,0.0006302139392349568,2.4643372701657333,0.05630447646553207,0.10445438508647362,0.00021634668272421878,1585.0,10.80405484663252,4.1472262070026255e-06,0,15997,0.1281711906194687,200,3.725290298461914e-09,3240,1.0,9.0,9.0,9.0,0.9,0.9,0.9,3240,1.0,9.0,9.0,9.0,0.9,0.9,0.9,4824,1.0,8.999999508535026,8.999999932944775,9.000000368598684,0.89999999508535,0.8999999993294477,0.9000000036859866
333,5.55,True,valid,0.0052905119478941515,0.004442330580244148,0.014889405385081175,2.6861810016180456,2.686573460645307,0.0007017674759926806,2.6956304226422825,0.06325152997109383,0.1095428892890215,0.00023406658850644277,1585.0,12.029989433882195,4.471223800988529e-06,0,16004,0.1241074949502945,200,3.725290298461914e-09,3240,1.0,9.0,9.0,9.0,0.9,0.9,0.9,3240,1.0,9.0,9.0,9.0,0.9,0.9,0.9,4824,1.0,8.999999508535026,8.999999932944775,9.000000368598684,0.89999999508535,0.8999999993294477,0.9000000036859866
334,5.566666666666666,True,valid,0.00528906045662413,0.004838540279461242,0.015117102243467314,2.898207171168416,2.8986459229055557,0.0008017311563368323,2.91146031106201,0.06977093729361439,0.1890367553405087,0.00025076865484789895,1585.0,13.133178815279898,4.7726515791164305e-06,0,16015,0.11901979148387909,200,7.450580596923828e-09,3240,1.0,9.0,9.0,9.0,0.9,0.9,0.9,3240,1.0,9.0,9.0,9.0,0.9,0.9,0.9,4824,1.0,8.999999508535026,8.999999932944775,9.000000368598684,0.89999999508535,0.8999999993294477,0.9000000036859866
335,5.583333333333333,True,valid,0.005287548207185836,0.005275547263089281,0.015218159086728616,3.1027360846381487,3.1032175543564913,0.0008482481951519542,3.1113695403340302,0.07552892185266424,0.10314224053974025,0.00026698713205357554,1585.0,14.143516371845804,5.067262808558332e-06,0,16015,0.11337858438491821,200,3.725290298461914e-09,3240,1.0,9.0,9.0,9.0,0.9,0.9,0.9,3240,1.0,9.0,9.0,9.0,0.9,0.9,0.9,4824,1.0,8.999999508535026,8.999999932944775,9.000000368598684,0.89999999508535,0.8999999993294477,0.9000000036859866
336,5.6,True,valid,0.005285762306024454,0.005693384000014291,0.015254097405440889,3.2829842491428125,3.28350287310378,0.0008866864639608391,3.2913308404097843,0.08062639391406395,0.1074450603395998,0.0002810239087535894,1585.0,15.059410455419183,5.32313198131892e-06,0,16036,0.10748520493507385,202,7.450580596923828e-09,3240,1.0,9.0,9.0,9.0,0.9,0.9,0.9,3240,1.0,9.0,9.0,9.0,0.9,0.9,0.9,4824,1.0,8.999999508535026,8.999999932944775,9.000000368598684,0.89999999508535,0.8999999993294477,0.9000000036859866
337,5.616666666666666,True,valid,0.0053205247402050475,0.0060907356763989385,0.01525106002535495,3.4436050829642326,3.4441574256943506,0.0009352675787828604,3.4516302287285225,0.08536748691941319,0.10343171838476543,0.00029428865039422597,1585.0,15.861757178882668,5.561689657954603e-06,0,16051,0.10135047137737274,202,7.450580596923828e-09,3240,1.0,9.0,9.0,9.0,0.9,0.9,0.9,3240,1.0,9.0,9.0,9.0,0.9,0.9,0.9,4824,1.0,8.999999508535026,8.999999932944775,9.000000368598684,0.89999999508535,0.8999999993294477,0.9000000036859866
338,5.633333333333334,True,valid,0.0053816839440865355,0.006440599166063259,0.015284838523642154,3.5847053483585922,3.5852856515302203,0.000978076665519123,3.592666402625357,0.08939847212862911,0.10242435984468154,0.0003059056051218952,1585.0,16.586581761001877,5.771818885706118e-06,0,16059,0.09512042254209518,201,5.587935447692871e-09,3240,1.0,9.0,9.0,9.0,0.9,0.9,0.9,3240,1.0,9.0,9.0,9.0,0.9,0.9,0.9,4824,1.0,8.999999508535026,8.999999932944775,9.000000368598684,0.89999999508535,0.8999999993294477,0.9000000036859866
339,5.65,True,valid,0.0054432924530476825,0.0067114668923249346,0.015418173818997901,3.696943514190865,3.697546704368985,0.001011698136859888,3.705145568167635,0.09268018388707606,0.10557554065029463,0.00031488394234706297,1585.0,17.215221770996642,5.937058081855439e-06,0,16073,0.08876130729913712,201,1.862645149230957e-09,3240,1.0,9.0,9.0,9.0,0.9,0.9,0.9,3240,1.0,9.0,9.0,9.0,0.9,0.9,0.9,4824,1.0,8.999999508535026,8.999999932944775,9.000000368598684,0.89999999508535,0.8999999993294477,0.9000000036859866
340,5.666666666666667,True,valid,0.0055193785485695935,0.006929990356121855,0.015610943870937283,3.7881498658759796,3.7887718035028635,0.0010400020398322804,3.7963974056702465,0.09524862457582103,0.10712384400569322,0.0003220060029530932,1585.0,17.653385137083472,6.070791129397913e-06,0,16095,0.08220960199832916,200,2.7939677238464355e-09,3240,1.0,9.0,9.0,9.0,0.9,0.9,0.9,3240,1.0,9.0,9.0,9.0,0.9,0.9,0.9,4824,1.0,8.999999508535026,8.999999932944775,9.000000368598684,0.89999999508535,0.8999999993294477,0.9000000036859866
341,5.683333333333334,True,valid,0.005602262987922718,0.007118664888914886,0.015773517285160448,3.8548771211720427,3.8555102407750668,0.0010594383881214154,3.8631515983204245,0.09701662910673857,0.1079362557734433,0.0003275635522061333,1585.0,17.927664563813114,6.174937165950669e-06,0,16120,0.07545484602451324,200,3.725290298461914e-09,3240,1.0,9.0,9.0,9.0,0.9,0.9,0.9,3240,1.0,9.0,9.0,9.0,0.9,0.9,0.9,4824,1.0,8.999999508535026,8.999999932944775,9.000000368598684,0.89999999508535,0.8999999993294477,0.9000000036859866
342,5.7,True,valid,0.005656763041031135,0.007263979589168805,0.015899625820647273,3.891167064996803,3.891807476534022,0.001070007393780373,3.8994644202451703,0.09800892560691685,0.10701960044210361,0.00033062740254031814,1585.0,18.11382692402315,6.232797527810931e-06,0,16156,0.06881703436374664,199,2.561137080192566e-09,3240,1.0,9.0,9.0,9.0,0.9,0.9,0.9,3240,1.0,9.0,9.0,9.0,0.9,0.9,0.9,4824,1.0,8.999999508535026,8.999999932944775,9.000000368598684,0.89999999508535,0.8999999993294477,0.9000000036859866
343,5.716666666666667,True,valid,0.005676026824206864,0.007374255601258576,0.015956683163203096,3.898226190620492,3.8988680360623715,0.001074843593932283,3.9065709165553675,0.09824842301082201,0.10838317147096485,0.00033117696548992117,1585.0,18.15941706893598,6.242902333999534e-06,0,16170,0.062171369791030884,199,2.7939677238464355e-09,3240,1.0,9.0,9.0,9.0,0.9,0.9,0.9,3240,1.0,9.0,9.0,9.0,0.9,0.9,0.9,4824,1.0,8.999999508535026,8.999999932944775,9.000000368598684,0.89999999508535,0.8999999993294477,0.9000000036859866
344,5.733333333333333,True,valid,0.0056838971847153925,0.007466569108435511,0.015932551332192416,3.8753434499687187,3.875981388489695,0.0010651616919252818,3.8836215382081147,0.09771127343482966,0.10704935900316496,0.00032940386730337195,1585.0,18.043834828445203,6.209849706918068e-06,0,16174,0.055842455476522446,199,1.862645149230957e-09,3240,1.0,9.0,9.0,9.0,0.9,0.9,0.9,3240,1.0,9.0,9.0,9.0,0.9,0.9,0.9,4824,1.0,8.999999508535026,8.999999932944775,9.000000368598684,0.89999999508535,0.8999999993294477,0.9000000036859866
345,5.75,True,valid,0.005704360702868573,0.0075536369777785325,0.01581340216417377,3.831434953052602,3.8320639120500934,0.0010541450217465235,3.8396732868709913,0.09640298952265877,0.10687892637111897,0.00032644629696108656,1585.0,17.769917924403106,6.153579347551751e-06,0,16182,0.06099885702133179,199,3.725290298461914e-09,3240,1.0,9.0,9.0,9.0,0.9,0.9,0.9,3240,1.0,9.0,9.0,9.0,0.9,0.9,0.9,4824,1.0,8.999999508535026,8.999999932944775,9.000000368598684,0.89999999508535,0.8999999993294477,0.9000000036859866
346,5.766666666666667,True,valid,0.005721376504045582,0.007613867863257138,0.01568363787075086,3.7553647308171483,3.755977959122805,0.0010319080822526604,3.76351291798931,0.09431883709749043,0.10543429511059349,0.00032058990661039166,1585.0,17.294051100935395,6.0454512519278054e-06,0,16186,0.06726573407649994,199,3.725290298461914e-09,3240,1.0,9.0,9.0,9.0,0.9,0.9,0.9,3240,1.0,9.0,9.0,9.0,0.9,0.9,0.9,4824,1.0,8.999999508535026,8.999999932944775,9.000000368598684,0.89999999508535,0.8999999993294477,0.9000000036859866
347,5.783333333333333,True,valid,0.005750653208149484,0.007655415897353896,0.015558630606413089,3.657549284934069,3.658115937850195,0.001685979421804877,3.667237796678061,0.09160427254065087,0.13476182762595398,0.0003130543440889709,1585.0,16.71042830925392,5.908505210123715e-06,0,16186,0.07335367053747177,199,5.587935447692871e-09,3240,1.0,9.0,9.0,9.0,0.9,0.9,0.9,3240,1.0,9.0,9.0,9.0,0.9,0.9,0.9,4824,1.0,8.999999508535026,8.999999932944775,9.000000368598684,0.89999999508535,0.8999999993294477,0.9000000036859866
348,5.8,True,valid,0.0057970806217539994,0.007677006112082295,0.015451611529897352,3.5305514315385342,3.5311198934711907,0.0009651649770930312,3.538596956105558,0.08795823898986609,0.10521216619123329,0.0003032013996983033,1585.0,15.989869802873596,5.7255245273336406e-06,0,16195,0.07931432873010635,201,7.450580596923828e-09,3240,1.0,9.0,9.0,9.0,0.9,0.9,0.9,3240,1.0,9.0,9.0,9.0,0.9,0.9,0.9,4824,1.0,8.999999508535026,8.999999932944775,9.000000368598684,0.89999999508535,0.8999999993294477,0.9000000036859866
349,5.816666666666666,True,valid,0.0058635353469377064,0.007684548282508698,0.015356901626492852,3.3842626049364433,3.3848014246059983,0.001393548258884828,3.399182316001742,0.0837931275655592,0.2488107616284524,0.0002922281717790153,1585.0,15.18811828084023,5.523507771602229e-06,0,16192,0.08499804139137268,201,3.725290298461914e-09,3240,1.0,9.0,9.0,9.0,0.9,0.9,0.9,3240,1.0,9.0,9.0,9.0,0.9,0.9,0.9,4824,1.0,8.999999508535026,8.999999932944775,9.000000368598684,0.89999999508535,0.8999999993294477,0.9000000036859866
350,5.833333333333333,True,valid,0.0059261119932659334,0.007658156249489387,0.015229968178918514,3.216927276796099,3.217429166959798,0.000868955408429415,3.225090244047862,0.0788189188603987,0.10856015308669907,0.000279211555936142,1585.0,14.261150379417227,5.287418955246102e-06,0,16177,0.0903686061501503,201,3.725290298461914e-09,3240,1.0,9.0,9.0,9.0,0.9,0.9,0.9,3240,1.0,9.0,9.0,9.0,0.9,0.9,0.9,4824,1.0,8.999999508535026,8.999999932944775,9.000000368598684,0.89999999508535,0.8999999993294477,0.9000000036859866
351,5.85,True,valid,0.005960595733545454,0.007587557437122941,0.01505643322508228,3.028651138108932,3.0291129560951493,0.0008933329081444593,3.03844887705755,0.07330075542683875,0.12280415987142111,0.00026479394466836197,1585.0,13.252208562503784,5.0250735562592105e-06,0,16159,0.09531216323375702,201,3.725290298461914e-09,3240,1.0,9.0,9.0,9.0,0.9,0.9,0.9,3240,1.0,9.0,9.0,9.0,0.9,0.9,0.9,4824,1.0,8.999999508535026,8.999999932944775,9.000000368598684,0.89999999508535,0.8999999993294477,0.9000000036859866
352,5.866666666666666,True,valid,0.005956849132933928,0.007454979349176148,0.014857575955627055,2.8173350745520502,2.81775349075322,0.0018996322455587975,2.840897632678171,0.06747816125430732,0.3506788051428333,0.00024863055051548645,1585.0,12.107786340464846,4.732825547673179e-06,0,16126,0.09979590773582458,202,7.450580596923828e-09,3240,1.0,9.0,9.0,9.0,0.9,0.9,0.9,3240,1.0,9.0,9.0,9.0,0.9,0.9,0.9,4824,1.0,8.999999508535026,8.999999932944775,9.000000368598684,0.89999999508535,0.8999999993294477,0.9000000036859866
353,5.883333333333334,True,valid,0.005926984580469703,0.0072602492956812216,0.014604033622301307,2.599057030728139,2.5993928120978733,0.0014240057226786722,2.610011571529789,0.06058293116683883,0.1395487352248356,0.00023162415858282918,1585.0,10.836747779334829,4.423964063119608e-06,0,16065,0.10376835614442825,201,3.725290298461914e-09,3240,1.0,9.0,9.0,9.0,0.9,0.9,0.9,3240,1.0,9.0,9.0,9.0,0.9,0.9,0.9,4824,1.0,8.999999508535026,8.999999932944775,9.000000368598684,0.89999999508535,0.8999999993294477,0.9000000036859866
354,5.9,True,valid,0.005874906251556606,0.007010516408207261,0.01444131075007353,2.3755885835174135,2.3756406686337126,0.004184946142995407,2.420461068880141,0.053669147771226534,0.37034118963237417,0.00021384282717867975,1585.0,9.461417125378617,4.14660698080086e-06,0,15990,0.10719528049230576,200,3.725290298461914e-09,3240,1.0,9.0,9.0,9.0,0.9,0.9,0.9,3240,1.0,9.0,9.0,9.0,0.9,0.9,0.9,4824,1.0,8.999999508535026,8.999999932944775,9.000000368598684,0.89999999508535,0.8999999993294477,0.9000000036859866
355,5.916666666666667,True,valid,0.005844276026397948,0.006694219607430937,0.014489854736835598,2.133797124747985,2.1340604859098176,0.0005416505466144129,2.1427306778137725,0.04595225491610274,0.10758347282364045,0.0001960209553932305,1585.0,8.00086251953112,3.7806436564467614e-06,0,15898,0.10997297614812851,200,7.450580596923828e-09,3240,1.0,9.0,9.0,9.0,0.9,0.9,0.9,3240,1.0,9.0,9.0,9.0,0.9,0.9,0.9,4824,1.0,8.999999508535026,8.999999932944775,9.000000368598684,0.89999999508535,0.8999999993294477,0.9000000036859866
356,5.933333333333334,True,valid,0.005833978173404215,0.006295023773562285,0.01442099397902106,1.9123530548934433,1.9125659408957347,0.0009090228349349817,1.9316114409016925,0.03817358392412527,0.22113759308448214,0.00018050523879239378,1585.0,6.650277170217145,3.502823459645745e-06,0,15843,0.11218239367008209,201,7.450580596923828e-09,3240,1.0,9.0,9.0,9.0,0.9,0.9,0.9,3240,1.0,9.0,9.0,9.0,0.9,0.9,0.9,4824,1.0,8.999999508535026,8.999999932944775,9.000000368598684,0.89999999508535,0.8999999993294477,0.9000000036859866
357,5.95,True,valid,0.005716063706718025,0.005859997237072976,0.014275395611766002,1.685236562380896,1.685387260889852,0.0008649504659852074,1.7045555638658778,0.029782967996388614,0.21149785082348785,0.00016348868501586683,1585.0,5.311824472337937,3.206167889498708e-06,0,15780,0.11385079473257065,205,7.450580596923828e-09,3240,1.0,9.0,9.0,9.0,0.9,0.9,0.9,3240,1.0,9.0,9.0,9.0,0.9,0.9,0.9,4824,1.0,8.999999508535026,8.999999932944775,9.000000368598684,0.89999999508535,0.8999999993294477,0.9000000036859866
358,5.966666666666667,True,valid,0.005554772503461123,0.005390755542706427,0.014037899057155356,1.4952686564069368,1.4952952928922059,0.0014370007205138228,1.5134810838190838,0.021596479408407844,0.15513448319803458,0.00015006407497115457,1585.0,4.175826948658264,2.9688245936191667e-06,0,15741,0.11483549326658249,205,7.450580596923828e-09,3240,1.0,9.0,9.0,9.0,0.9,0.9,0.9,3240,1.0,9.0,9.0,9.0,0.9,0.9,0.9,4824,1.0,8.999999508535026,8.999999932944775,9.000000368598684,0.89999999508535,0.8999999993294477,0.9000000036859866
359,5.983333333333333,True,valid,0.005406098689116144,0.004864741365653504,0.013780015910273337,1.3298175127955731,1.3298772848639915,0.0005747586626149686,1.3490243622064437,0.013131688218032475,0.17344836179701228,0.00013883520362341307,1585.0,3.1281753171384823,2.7549460238810556e-06,0,15626,0.11521236598491669,203,7.450580596923828e-09,3240,1.0,9.0,9.0,9.0,0.9,0.9,0.9,3240,1.0,9.0,9.0,9.0,0.9,0.9,0.9,4824,1.0,8.999999508535026,8.999999932944775,9.000000368598684,0.89999999508535,0.8999999993294477,0.9000000036859866
360,6.0,True,valid,0.005301898150621808,0.004391117288440779,0.013556633078701617,1.2480859256969064,1.248105069657687,0.0003388448968828586,1.2694521735455113,0.005564318726927605,0.17552993883120405,0.00013289858623546086,1585.0,2.6130552182930438,2.6517277051724525e-06,0,15504,0.11510566622018814,200,7.450580596923828e-09,3240,1.0,9.0,9.0,9.0,0.9,0.9,0.9,3240,1.0,9.0,9.0,9.0,0.9,0.9,0.9,4824,1.0,8.999999508535026,8.999999932944775,9.000000368598684,0.89999999508535,0.8999999993294477,0.9000000036859866
