frame,time_s,valid,status,stretch_score,shear_score,bend_score,original_rms_N,alm_rms_N,constitutive_gap_rms_N,elastic_rms_N,damping_rms_N,contact_rms_N,inertia_rms_N,free_vertices,original_max_N,iterate_change_rms_m,self_contact_vt_candidates,self_contact_ee_candidates,body_max_abs_translation_m,soft_contact_count,pin_error_m,tri_stretch_active_rows,tri_stretch_floor_fraction,tri_stretch_rho_over_k_min,tri_stretch_rho_over_k_median,tri_stretch_rho_over_k_max,tri_stretch_effective_over_k_min,tri_stretch_effective_over_k_median,tri_stretch_effective_over_k_max,tri_area_active_rows,tri_area_floor_fraction,tri_area_rho_over_k_min,tri_area_rho_over_k_median,tri_area_rho_over_k_max,tri_area_effective_over_k_min,tri_area_effective_over_k_median,tri_area_effective_over_k_max,bend_active_rows,bend_floor_fraction,bend_rho_over_k_min,bend_rho_over_k_median,bend_rho_over_k_max,bend_effective_over_k_min,bend_effective_over_k_median,bend_effective_over_k_max
0,0.0,True,valid,0.0,0.0,0.0,,,,,,,,,,,0,0,0.1509999930858612,0,0.0,0,,,,,,,,0,,,,,,,,0,,,,,,,
1,0.016666666666666666,True,valid,0.0031209522036689057,0.001466858770981657,6.257420073119728e-05,0.012787131056633847,0.010755436853849153,0.004134152865802389,0.01264161823628,0.0003599089066283503,0.0,0.00010409777417372268,1585.0,0.05994781672831822,1.9023004008043297e-06,0,15504,0.14950264990329742,0,0.0,3240,1.0,0.1,0.1,0.1,0.09090909090909091,0.09090909090909091,0.09090909090909091,3240,1.0,0.1,0.1,0.1,0.09090909090909091,0.09090909090909091,0.09090909090909091,4824,1.0,0.09999999794283958,0.10000000121918592,0.10000000617148178,0.09090908920895832,0.09090909191668257,0.09090909600948903
2,0.03333333333333333,True,valid,0.009954489852260372,0.0047459147065833625,0.000728828259871,0.037762120734607614,0.03570554381469913,0.005360674941684947,0.037577445203584914,0.00042273019617009467,0.0,0.00010049511165051707,1585.0,0.1648720246262988,1.987117407870094e-06,0,15504,0.14528286457061768,0,0.0,3240,1.0,0.1,0.1,0.1,0.09090909090909091,0.09090909090909091,0.09090909090909091,3240,1.0,0.1,0.1,0.1,0.09090909090909091,0.09090909090909091,0.09090909090909091,4824,1.0,0.09999999794283958,0.10000000121918592,0.10000000617148178,0.09090908920895832,0.09090909191668257,0.09090909600948903
3,0.05,True,valid,0.018548734100425457,0.009278845531103334,0.0016514295860776608,0.07054849648655236,0.06837130316761938,0.005693752583255466,0.07032267733247857,0.0005395978613661737,0.0,0.0001372321777101954,1585.0,0.3252321057354816,2.7631290545096377e-06,0,15504,0.13834063708782196,0,0.0,3240,1.0,0.1,0.1,0.1,0.09090909090909091,0.09090909090909091,0.09090909090909091,3240,1.0,0.1,0.1,0.1,0.09090909090909091,0.09090909090909091,0.09090909090909091,4824,1.0,0.09999999794283958,0.10000000121918592,0.10000000617148178,0.09090908920895832,0.09090909191668257,0.09090909600948903
4,0.06666666666666667,True,valid,0.0264102231992183,0.013696939284491288,0.002484021128922748,0.09886650871675953,0.0975567228892148,0.004984621798922224,0.0987329068508304,0.000461408589090305,0.0,0.00017311448475839996,1585.0,0.41024710838200323,3.6714922251358535e-06,0,15504,0.12867596745491028,0,0.0,3240,1.0,0.1,0.1,0.1,0.09090909090909091,0.09090909090909091,0.09090909090909091,3240,1.0,0.1,0.1,0.1,0.09090909090909091,0.09090909090909091,0.09090909090909091,4824,1.0,0.09999999794283958,0.10000000121918592,0.10000000617148178,0.09090908920895832,0.09090909191668257,0.09090909600948903
5,0.08333333333333333,True,valid,0.031238098405666208,0.01665643775711308,0.002794798265745231,0.11434142772908322,0.1141508836283638,0.0031336684847382604,0.11433288149854773,0.00027935321343828666,0.0,0.00020091339896174243,1585.0,0.47648735312938084,4.282248633325849e-06,0,15504,0.11628885567188263,68,0.0,3240,1.0,0.1,0.1,0.1,0.09090909090909091,0.09090909090909091,0.09090909090909091,3240,1.0,0.1,0.1,0.1,0.09090909090909091,0.09090909090909091,0.09090909090909091,4824,1.0,0.09999999794283958,0.10000000121918592,0.10000000617148178,0.09090908920895832,0.09090909191668257,0.09090909600948903
6,0.1,True,valid,0.03208280867678624,0.017319282580635816,0.0034260664745248037,0.13584762324974992,0.12862150106519676,0.0474022367268957,0.21914050491109086,0.005561714005509252,0.16549742191178332,0.00017729314941653342,1585.0,1.0607075646868755,4.320530964438285e-06,0,15504,0.10117930173873901,122,0.0,3240,1.0,0.1,0.1,0.1,0.09090909090909091,0.09090909090909091,0.09090909090909091,3240,1.0,0.1,0.1,0.1,0.09090909090909091,0.09090909090909091,0.09090909090909091,4824,1.0,0.09999999794283958,0.10000000121918592,0.10000000617148178,0.09090908920895832,0.09090909191668257,0.09090909600948903
7,0.11666666666666667,True,valid,0.032825255852226475,0.018418050888892566,0.005873288291310057,1.3213026604092806,1.1594760114883276,0.3525583424438165,0.5489918550950804,0.02855852968976615,1.187791597021654,0.0004079778165208554,1585.0,41.68245684411002,1.0220774710841382e-05,0,15656,0.09039794653654099,131,0.0,3240,1.0,0.1,0.1,0.1,0.09090909090909091,0.09090909090909091,0.09090909090909091,3240,1.0,0.1,0.1,0.1,0.09090909090909091,0.09090909090909091,0.09090909090909091,4824,1.0,0.09999999794283958,0.10000000121918592,0.10000000617148178,0.09090908920895832,0.09090909191668257,0.09090909600948903
8,0.13333333333333333,True,valid,0.03487004890677533,0.01952619134506415,0.003563410236182926,0.21068495220875255,0.20906016321333892,0.054416563339321246,0.21485403452540866,0.006981299092299644,0.10215666518031226,0.00047754057905851304,1585.0,2.436290104628391,9.58610438829686e-06,0,15758,0.09171836823225021,131,0.0,3240,1.0,0.1,0.1,0.1,0.09090909090909091,0.09090909090909091,0.09090909090909091,3240,1.0,0.1,0.1,0.1,0.09090909090909091,0.09090909090909091,0.09090909090909091,4824,1.0,0.09999999794283958,0.10000000121918592,0.10000000617148178,0.09090908920895832,0.09090909191668257,0.09090909600948903
9,0.15,True,valid,0.03156626297097307,0.01668965115838631,0.0030598142837507435,0.6732442633366217,0.5094429753747518,0.2604503284264388,0.3511688401519605,0.02223180082520976,0.5043271762370393,0.00023033227806881326,1585.0,18.780882951956947,7.284793429992415e-06,0,15732,0.09420670568943024,131,0.0,3240,1.0,0.1,0.1,0.1,0.09090909090909091,0.09090909090909091,0.09090909090909091,3240,1.0,0.1,0.1,0.1,0.09090909090909091,0.09090909090909091,0.09090909090909091,4824,1.0,0.09999999794283958,0.10000000121918592,0.10000000617148178,0.09090908920895832,0.09090909191668257,0.09090909600948903
10,0.16666666666666666,True,valid,0.023768996992995665,0.013162354615908688,0.0022970148789772642,0.12636774975831477,0.1210224687630896,0.032412948963655444,0.12239300463470765,0.0037818196071477865,0.029650864753805278,0.00029314673317141777,1585.0,1.1223738794611364,5.920672000884373e-06,0,15504,0.09918902069330215,132,0.0,3240,1.0,0.1,0.1,0.1,0.09090909090909091,0.09090909090909091,0.09090909090909091,3240,1.0,0.1,0.1,0.1,0.09090909090909091,0.09090909090909091,0.09090909090909091,4824,1.0,0.09999999794283958,0.10000000121918592,0.10000000617148178,0.09090908920895832,0.09090909191668257,0.09090909600948903
11,0.18333333333333332,True,valid,0.014693672842687647,0.008589423260443924,0.0026533003780010917,0.19942372974564468,0.1464080999340146,0.14516163442217772,0.22245603639159797,0.030660760371173088,0.17399387989247125,0.0001663351530661222,1585.0,2.869002344358304,3.847050988578555e-06,0,15504,0.10302529484033585,131,0.0,3240,1.0,0.1,0.1,0.1,0.09090909090909091,0.09090909090909091,0.09090909090909091,3240,1.0,0.1,0.1,0.1,0.09090909090909091,0.09090909090909091,0.09090909090909091,4824,1.0,0.09999999794283958,0.10000000121918592,0.10000000617148178,0.09090908920895832,0.09090909191668257,0.09090909600948903
12,0.2,True,valid,0.008901023932389404,0.005770077802747526,0.0009696303356828147,0.10158279847270421,0.06601276209765765,0.06834060835652585,0.1140643279693083,0.006942041503393869,0.05445190406657556,0.00016399910187933162,1585.0,1.4459547980219778,4.069724716729558e-06,0,15504,0.10695143043994904,131,0.0,3240,1.0,0.1,0.1,0.1,0.09090909090909091,0.09090909090909091,0.09090909090909091,3240,1.0,0.1,0.1,0.1,0.09090909090909091,0.09090909090909091,0.09090909090909091,4824,1.0,0.09999999794283958,0.10000000121918592,0.10000000617148178,0.09090908920895832,0.09090909191668257,0.09090909600948903
13,0.21666666666666667,True,valid,0.006411993518844466,0.005530613633400854,0.0013369437293538474,0.06931444731531289,0.06806366307614525,0.012882325314215475,0.07122722938893594,0.0014874611827319821,0.01662726275019257,0.00014877306845044103,1585.0,0.35365721206464734,3.0743170860704307e-06,0,15657,0.10934753715991974,131,0.0,3240,1.0,0.1,0.1,0.1,0.09090909090909091,0.09090909090909091,0.09090909090909091,3240,1.0,0.1,0.1,0.1,0.09090909090909091,0.09090909090909091,0.09090909090909091,4824,1.0,0.09999999794283958,0.10000000121918592,0.10000000617148178,0.09090908920895832,0.09090909191668257,0.09090909600948903
14,0.23333333333333334,True,valid,0.0053339583245695914,0.004396956682757446,0.0009700488466973894,0.050137769822484184,0.04822427719673016,0.014263511004008978,0.05210068480894857,0.0016404768832287211,0.020936681671868674,0.00014295272098679697,1585.0,0.26466168125660383,2.8901999415460393e-06,0,15711,0.10902120172977448,129,0.0,3240,1.0,0.1,0.1,0.1,0.09090909090909091,0.09090909090909091,0.09090909090909091,3240,1.0,0.1,0.1,0.1,0.09090909090909091,0.09090909090909091,0.09090909090909091,4824,1.0,0.09999999794283958,0.10000000121918592,0.10000000617148178,0.09090908920895832,0.09090909191668257,0.09090909600948903
15,0.25,True,valid,0.007898118692082914,0.0045588374505940886,0.0014485847979226242,0.05385755863359731,0.05293050428256718,0.009924892780783049,0.05376611189847177,0.0011284355173806907,0.0,8.660628307051487e-05,1585.0,0.29066580411407567,1.8694996577110098e-06,0,15505,0.10597242414951324,133,0.0,3240,1.0,0.1,0.1,0.1,0.09090909090909091,0.09090909090909091,0.09090909090909091,3240,1.0,0.1,0.1,0.1,0.09090909090909091,0.09090909090909091,0.09090909090909091,4824,1.0,0.09999999794283958,0.10000000121918592,0.10000000617148178,0.09090908920895832,0.09090909191668257,0.09090909600948903
16,0.26666666666666666,True,valid,0.014914480985102903,0.008069012859965646,0.001128345718778767,0.13361616324489306,0.1065530480870355,0.0463276928598168,0.08282587211955161,0.003717364660434587,0.08738142194533373,0.00016885849342096354,1585.0,3.11359717025706,3.485285716347701e-06,0,15504,0.10020120441913605,142,0.0,3240,1.0,0.1,0.1,0.1,0.09090909090909091,0.09090909090909091,0.09090909090909091,3240,1.0,0.1,0.1,0.1,0.09090909090909091,0.09090909090909091,0.09090909090909091,4824,1.0,0.09999999794283958,0.10000000121918592,0.10000000617148178,0.09090908920895832,0.09090909191668257,0.09090909600948903
17,0.2833333333333333,True,valid,0.0213876378148098,0.011163488711988178,0.0020862968340836334,1.6205058241159165,1.1778825740004282,0.5654845314484848,0.5906474768762827,0.03628111686715036,1.1853431050232202,0.00014812771974568535,1585.0,58.36541266654892,4.214168932217941e-06,0,15504,0.09170754253864288,147,0.0,3240,1.0,0.1,0.1,0.1,0.09090909090909091,0.09090909090909091,0.09090909090909091,3240,1.0,0.1,0.1,0.1,0.09090909090909091,0.09090909090909091,0.09090909090909091,4824,1.0,0.09999999794283958,0.10000000121918592,0.10000000617148178,0.09090908920895832,0.09090909191668257,0.09090909600948903
18,0.3,True,valid,0.027177508249204552,0.014516540329588667,0.0034194491168455577,0.284025655536276,0.14292659021394966,0.22777152358239364,0.29885540421426665,0.03341021789563428,0.2927806711829264,0.00017117135105561605,1585.0,5.326618699395178,4.213912737663659e-06,0,15504,0.08298557251691818,153,0.0,3240,1.0,0.1,0.1,0.1,0.09090909090909091,0.09090909090909091,0.09090909090909091,3240,1.0,0.1,0.1,0.1,0.09090909090909091,0.09090909090909091,0.09090909090909091,4824,1.0,0.09999999794283958,0.10000000121918592,0.10000000617148178,0.09090908920895832,0.09090909191668257,0.09090909600948903
19,0.31666666666666665,True,valid,0.032007143211775134,0.017169176769603146,0.003690321014440652,0.11719675980240654,0.10780480632622447,0.04748837861982775,0.32719235839940564,0.004685131608082496,0.29636300332844734,0.00020735219984399983,1585.0,1.27805972524101,4.170605381269036e-06,0,15598,0.0784265547990799,153,0.0,3240,1.0,0.1,0.1,0.1,0.09090909090909091,0.09090909090909091,0.09090909090909091,3240,1.0,0.1,0.1,0.1,0.09090909090909091,0.09090909090909091,0.09090909090909091,4824,1.0,0.09999999794283958,0.10000000121918592,0.10000000617148178,0.09090908920895832,0.09090909191668257,0.09090909600948903
20,0.3333333333333333,True,valid,0.03391623164265509,0.017898240647345968,0.003740633292449638,1.5137263406565866,0.9891569281851462,0.6841013434457286,0.8188134080203553,0.051882708562541124,0.9694554255874056,0.00023514091725896974,1585.0,54.38551206549701,6.063824395413907e-06,0,15512,0.07791363447904587,154,0.0,3240,1.0,0.1,0.1,0.1,0.09090909090909091,0.09090909090909091,0.09090909090909091,3240,1.0,0.1,0.1,0.1,0.09090909090909091,0.09090909090909091,0.09090909090909091,4824,1.0,0.09999999794283958,0.10000000121918592,0.10000000617148178,0.09090908920895832,0.09090909191668257,0.09090909600948903
21,0.35,True,valid,0.03217786901739692,0.01662268142726364,0.0032758193585155013,1.1961942228400166,0.21936818088214363,1.0499492303217937,1.2875733408534715,0.07445202954851182,0.248940881693532,0.00023372796449904298,1585.0,26.43198646580845,6.40557659508991e-06,0,15504,0.0797593742609024,152,0.0,3240,1.0,0.1,0.1,0.1,0.09090909090909091,0.09090909090909091,0.09090909090909091,3240,1.0,0.1,0.1,0.1,0.09090909090909091,0.09090909090909091,0.09090909090909091,4824,1.0,0.09999999794283958,0.10000000121918592,0.10000000617148178,0.09090908920895832,0.09090909191668257,0.09090909600948903
22,0.36666666666666664,True,valid,0.026754843449589744,0.014173610214061513,0.003204288333938423,0.1380832153970532,0.0950277347557044,0.0955882755001727,0.2999869689152555,0.00907009559298233,0.2682531106338136,0.00015649803829610297,1585.0,2.947717369964424,3.571488219483358e-06,0,15504,0.08290505409240723,155,0.0,3240,1.0,0.1,0.1,0.1,0.09090909090909091,0.09090909090909091,0.09090909090909091,3240,1.0,0.1,0.1,0.1,0.09090909090909091,0.09090909090909091,0.09090909090909091,4824,1.0,0.09999999794283958,0.10000000121918592,0.10000000617148178,0.09090908920895832,0.09090909191668257,0.09090909600948903
23,0.38333333333333336,True,valid,0.01999920776166448,0.011394591544138672,0.0025924896737225074,0.8335784623829992,0.5466640572977891,0.39933739694083126,0.44762632633308186,0.023029730217775542,0.5712772209362993,0.00015955048604615406,1585.0,28.24167070618435,3.8005356418052042e-06,0,15504,0.08636438101530075,154,0.0,3240,1.0,0.1,0.1,0.1,0.09090909090909091,0.09090909090909091,0.09090909090909091,3240,1.0,0.1,0.1,0.1,0.09090909090909091,0.09090909090909091,0.09090909090909091,4824,1.0,0.09999999794283958,0.10000000121918592,0.10000000617148178,0.09090908920895832,0.09090909191668257,0.09090909600948903
24,0.4,True,valid,0.014290332778167636,0.009283055252194028,0.0015438757556054735,1.253067603560042,0.8541844706819233,0.5575541599087053,0.6252502734749774,0.04296412043249078,0.8495402738731185,0.00013657042233214465,1585.0,44.76300844765356,3.6430931419944526e-06,0,15512,0.09010718762874603,151,0.0,3240,1.0,0.1,0.1,0.1,0.09090909090909091,0.09090909090909091,0.09090909090909091,3240,1.0,0.1,0.1,0.1,0.09090909090909091,0.09090909090909091,0.09090909090909091,4824,1.0,0.09999999794283958,0.10000000121918592,0.10000000617148178,0.09090908920895832,0.09090909191668257,0.09090909600948903
25,0.4166666666666667,True,valid,0.009922514388969952,0.009056141245514246,0.0012209954788626894,0.11148369024400744,0.0647119107522506,0.078753365582698,0.1080478761551183,0.007354070665942633,0.04281090482729879,0.00016041773978965273,1585.0,1.4142194091842089,3.820563473379189e-06,0,15702,0.09275051951408386,145,0.0,3240,1.0,0.1,0.1,0.1,0.09090909090909091,0.09090909090909091,0.09090909090909091,3240,1.0,0.1,0.1,0.1,0.09090909090909091,0.09090909090909091,0.09090909090909091,4824,1.0,0.09999999794283958,0.10000000121918592,0.10000000617148178,0.09090908920895832,0.09090909191668257,0.09090909600948903
26,0.43333333333333335,True,valid,0.008171368949786269,0.00858262503048681,0.0009703989322103847,1.000784479751532,0.19433073278131016,0.8807252014902631,1.074544600886453,0.06363729830558726,0.24933436951698146,9.586787216861552e-05,1585.0,21.31386715016865,3.6714969933620544e-06,0,16240,0.09388503432273865,146,0.0,3240,1.0,0.1,0.1,0.1,0.09090909090909091,0.09090909090909091,0.09090909090909091,3240,1.0,0.1,0.1,0.1,0.09090909090909091,0.09090909090909091,0.09090909090909091,4824,1.0,0.09999999794283958,0.10000000121918592,0.10000000617148178,0.09090908920895832,0.09090909191668257,0.09090909600948903
27,0.45,True,valid,0.009708777534829923,0.008906674006297969,0.0009794221009151616,0.36969531374471215,0.07472434149549582,0.3277068887583999,0.41189008953114586,0.023414963072262453,0.09515798578119465,9.329704466321083e-05,1585.0,9.240677644949553,3.623475378810769e-06,0,16059,0.09391804784536362,146,0.0,3240,1.0,0.1,0.1,0.1,0.09090909090909091,0.09090909090909091,0.09090909090909091,3240,1.0,0.1,0.1,0.1,0.09090909090909091,0.09090909090909091,0.09090909090909091,4824,1.0,0.09999999794283958,0.10000000121918592,0.10000000617148178,0.09090908920895832,0.09090909191668257,0.09090909600948903
28,0.4666666666666667,True,valid,0.01300377478135964,0.009557491379268724,0.0011680757568626897,0.05289923133247796,0.051137546070840666,0.010735538154259499,0.06145238910273318,0.0009596869363066782,0.02824437507962256,0.00012641990120820348,1585.0,0.4286888246714904,2.5323451195678426e-06,0,15781,0.09195523709058762,147,0.0,3240,1.0,0.1,0.1,0.1,0.09090909090909091,0.09090909090909091,0.09090909090909091,3240,1.0,0.1,0.1,0.1,0.09090909090909091,0.09090909090909091,0.09090909090909091,4824,1.0,0.09999999794283958,0.10000000121918592,0.10000000617148178,0.09090908920895832,0.09090909191668257,0.09090909600948903
29,0.48333333333333334,True,valid,0.017757126032808473,0.011057514932014224,0.001960556130053436,0.09012636857698275,0.06617222885822868,0.053889755042752244,0.1800052092037781,0.048274412830051024,0.19758499260965642,0.00012956896398843534,1585.0,0.8111149070109499,2.567307958443849e-06,0,15629,0.08855181187391281,153,0.0,3240,1.0,0.1,0.1,0.1,0.09090909090909091,0.09090909090909091,0.09090909090909091,3240,1.0,0.1,0.1,0.1,0.09090909090909091,0.09090909090909091,0.09090909090909091,4824,1.0,0.09999999794283958,0.10000000121918592,0.10000000617148178,0.09090908920895832,0.09090909191668257,0.09090909600948903
30,0.5,True,valid,0.023689317308771288,0.013658502481843738,0.0029035026190510444,0.21592129921969325,0.12080866142710074,0.14919605335360756,0.1819012820082452,0.012186957958109767,0.19545927135820212,0.00014845873999022735,1585.0,5.2655759042928425,3.828943972816275e-06,0,15508,0.08498882502317429,157,0.0,3240,1.0,0.1,0.1,0.1,0.09090909090909091,0.09090909090909091,0.09090909090909091,3240,1.0,0.1,0.1,0.1,0.09090909090909091,0.09090909090909091,0.09090909090909091,4824,1.0,0.09999999794283958,0.10000000121918592,0.10000000617148178,0.09090908920895832,0.09090909191668257,0.09090909600948903
31,0.5166666666666667,True,valid,0.028881776852630367,0.01615628641046279,0.003564704547190433,0.499527935798344,0.13224514205191437,0.42928928747665873,0.7051396017441397,0.11498091836058898,0.3843220566736991,0.00016917783481602033,1585.0,9.972584599412446,4.364405545523948e-06,0,15504,0.08168110251426697,156,0.0,3240,1.0,0.1,0.1,0.1,0.09090909090909091,0.09090909090909091,0.09090909090909091,3240,1.0,0.1,0.1,0.1,0.09090909090909091,0.09090909090909091,0.09090909090909091,4824,1.0,0.09999999794283958,0.10000000121918592,0.10000000617148178,0.09090908920895832,0.09090909191668257,0.09090909600948903
32,0.5333333333333333,True,valid,0.03264937112980287,0.01775107871084131,0.0036429287265091572,0.4938518317460536,0.2582256338355036,0.3088926073651196,0.4857490854385499,0.020613493311748884,0.34861830643239833,0.0001912554909628319,1585.0,13.373491688182789,4.261474946763034e-06,0,15504,0.07947570085525513,156,0.0,3240,1.0,0.1,0.1,0.1,0.09090909090909091,0.09090909090909091,0.09090909090909091,3240,1.0,0.1,0.1,0.1,0.09090909090909091,0.09090909090909091,0.09090909090909091,4824,1.0,0.09999999794283958,0.10000000121918592,0.10000000617148178,0.09090908920895832,0.09090909191668257,0.09090909600948903
33,0.55,True,valid,0.0335413326722028,0.017980913250437085,0.003605859402924913,0.1635531577879059,0.1158500767101973,0.10875549167409342,0.3325068440385354,0.03821622566630497,0.23448240165267908,0.0001958847525602158,1585.0,2.2470708980177347,4.098842382163494e-06,0,15504,0.07842535525560379,157,0.0,3240,1.0,0.1,0.1,0.1,0.09090909090909091,0.09090909090909091,0.09090909090909091,3240,1.0,0.1,0.1,0.1,0.09090909090909091,0.09090909090909091,0.09090909090909091,4824,1.0,0.09999999794283958,0.10000000121918592,0.10000000617148178,0.09090908920895832,0.09090909191668257,0.09090909600948903
34,0.5666666666666667,True,valid,0.030825512457607035,0.01670554591263666,0.003371356278115955,0.1035469260021325,0.10146217157883328,0.02008968443356,0.23760498318877948,0.0029710932040089063,0.21743501981076957,0.0001795897228811354,1585.0,1.4949483014820806,3.7173023392184617e-06,0,15504,0.07895607501268387,156,0.0,3240,1.0,0.1,0.1,0.1,0.09090909090909091,0.09090909090909091,0.09090909090909091,3240,1.0,0.1,0.1,0.1,0.09090909090909091,0.09090909090909091,0.09090909090909091,4824,1.0,0.09999999794283958,0.10000000121918592,0.10000000617148178,0.09090908920895832,0.09090909191668257,0.09090909600948903
35,0.5833333333333334,True,valid,0.025344908492856325,0.013914267498489686,0.002871757020836027,0.41269176565811244,0.11618052671530057,0.3482745869443376,0.4718850541223792,0.045929404652668905,0.24141719259176966,0.00015418528135500127,1585.0,9.460798241945987,3.490300324240504e-06,0,15504,0.08110595494508743,156,0.0,3240,1.0,0.1,0.1,0.1,0.09090909090909091,0.09090909090909091,0.09090909090909091,3240,1.0,0.1,0.1,0.1,0.09090909090909091,0.09090909090909091,0.09090909090909091,4824,1.0,0.09999999794283958,0.10000000121918592,0.10000000617148178,0.09090908920895832,0.09090909191668257,0.09090909600948903
36,0.6,True,valid,0.018494221188843186,0.010340134476116002,0.002074464027086787,0.2605277500556106,0.13216217370467384,0.15920619304085037,0.27886730154272976,0.020669454810048973,0.22650991347007474,0.00014015299622666675,1585.0,8.14794793664011,3.138817645861821e-06,0,15504,0.08482157438993454,157,0.0,3240,1.0,0.1,0.1,0.1,0.09090909090909091,0.09090909090909091,0.09090909090909091,3240,1.0,0.1,0.1,0.1,0.09090909090909091,0.09090909090909091,0.09090909090909091,4824,1.0,0.09999999794283958,0.10000000121918592,0.10000000617148178,0.09090908920895832,0.09090909191668257,0.09090909600948903
37,0.6166666666666667,True,valid,0.01214632514099862,0.006661133865509464,0.0011590368707659656,0.13722645131920397,0.10713981152326153,0.04492931873236423,0.09495856588354742,0.0032812520400210513,0.12382474951832041,0.0001353488539881567,1585.0,4.825833125623559,2.6453135998509367e-06,0,15504,0.08856888860464096,156,0.0,3240,1.0,0.1,0.1,0.1,0.09090909090909091,0.09090909090909091,0.09090909090909091,3240,1.0,0.1,0.1,0.1,0.09090909090909091,0.09090909090909091,0.09090909090909091,4824,1.0,0.09999999794283958,0.10000000121918592,0.10000000617148178,0.09090908920895832,0.09090909191668257,0.09090909600948903
38,0.6333333333333333,True,valid,0.007780407733131091,0.004537280282034175,0.0007071054929316483,0.27700859480624634,0.1825594302252478,0.12719432730520097,0.1481528997051215,0.007281947672323986,0.17901982887036827,0.00010321852129555975,1585.0,8.880952173652899,2.195139789254922e-06,0,15504,0.09098532050848007,154,0.0,3240,1.0,0.1,0.1,0.1,0.09090909090909091,0.09090909090909091,0.09090909090909091,3240,1.0,0.1,0.1,0.1,0.09090909090909091,0.09090909090909091,0.09090909090909091,4824,1.0,0.09999999794283958,0.10000000121918592,0.10000000617148178,0.09090908920895832,0.09090909191668257,0.09090909600948903
39,0.65,True,valid,0.0061103822957597346,0.004404816455340248,0.000708807165920414,0.031303103795395006,0.03106832094757636,0.008189285474697022,0.03758340036285764,0.009647654829761937,0.025585728184037294,0.00010116825403336481,1585.0,0.3178068553504488,1.9084741439318607e-06,0,15504,0.09130869805812836,152,0.0,3240,1.0,0.1,0.1,0.1,0.09090909090909091,0.09090909090909091,0.09090909090909091,3240,1.0,0.1,0.1,0.1,0.09090909090909091,0.09090909090909091,0.09090909090909091,4824,1.0,0.09999999794283958,0.10000000121918592,0.10000000617148178,0.09090908920895832,0.09090909191668257,0.09090909600948903
40,0.6666666666666666,True,valid,0.007477747814443404,0.004797706488158859,0.0007810480861281814,0.03795106708004691,0.03616408155679451,0.010912740444756734,0.0448479509560068,0.0009444668839587568,0.03628466354747111,8.733358901735401e-05,1585.0,0.7729735985569662,1.6350887894142873e-06,0,15504,0.08934170752763748,150,0.0,3240,1.0,0.1,0.1,0.1,0.09090909090909091,0.09090909090909091,0.09090909090909091,3240,1.0,0.1,0.1,0.1,0.09090909090909091,0.09090909090909091,0.09090909090909091,4824,1.0,0.09999999794283958,0.10000000121918592,0.10000000617148178,0.09090908920895832,0.09090909191668257,0.09090909600948903
41,0.6833333333333333,True,valid,0.012310647591960613,0.007003225940611362,0.001119205440801435,0.6283344103421992,0.12294452026017529,0.5684334916134177,0.7067277624120868,0.03966785234993555,0.18656326912486873,0.00014187186232699522,1585.0,15.89763568597463,1.0565966107136333e-05,0,15504,0.08565142005681992,152,0.0,3240,1.0,0.1,0.1,0.1,0.09090909090909091,0.09090909090909091,0.09090909090909091,3240,1.0,0.1,0.1,0.1,0.09090909090909091,0.09090909090909091,0.09090909090909091,4824,1.0,0.09999999794283958,0.10000000121918592,0.10000000617148178,0.09090908920895832,0.09090909191668257,0.09090909600948903
42,0.7,True,valid,0.018584476154987428,0.009885432590801158,0.0019828171304783295,0.1574485341500971,0.08431970698061052,0.12372678812775278,0.24483739321613876,0.09632581866471614,0.1680967529232417,0.00014017542370016816,1585.0,2.3172822475177077,2.8571954090548286e-06,0,15504,0.08224768191576004,156,0.0,3240,1.0,0.1,0.1,0.1,0.09090909090909091,0.09090909090909091,0.09090909090909091,3240,1.0,0.1,0.1,0.1,0.09090909090909091,0.09090909090909091,0.09090909090909091,4824,1.0,0.09999999794283958,0.10000000121918592,0.10000000617148178,0.09090908920895832,0.09090909191668257,0.09090909600948903
43,0.7166666666666667,True,valid,0.02518230575946545,0.013134150326556635,0.0026955369736493587,1.7290192805146245,1.0041700840817194,0.8170151085129489,0.9531488421200509,0.009000484876784282,0.9441509243629588,0.00016553082369639806,1585.0,58.23393517793806,3.847370711197537e-06,0,15504,0.07703931629657745,159,0.0,3240,1.0,0.1,0.1,0.1,0.09090909090909091,0.09090909090909091,0.09090909090909091,3240,1.0,0.1,0.1,0.1,0.09090909090909091,0.09090909090909091,0.09090909090909091,4824,1.0,0.09999999794283958,0.10000000121918592,0.10000000617148178,0.09090908920895832,0.09090909191668257,0.09090909600948903
44,0.7333333333333333,True,valid,0.030048715712943937,0.015664850477929163,0.0031604542513832515,0.1623848959873516,0.10555203187761708,0.11271950505279274,0.30383873040209075,0.008138157456231877,0.2916185676832904,0.00018043016062252107,1585.0,2.804558899780084,3.8141000748972735e-06,0,15504,0.07143513858318329,161,0.0,3240,1.0,0.1,0.1,0.1,0.09090909090909091,0.09090909090909091,0.09090909090909091,3240,1.0,0.1,0.1,0.1,0.09090909090909091,0.09090909090909091,0.09090909090909091,4824,1.0,0.09999999794283958,0.10000000121918592,0.10000000617148178,0.09090908920895832,0.09090909191668257,0.09090909600948903
45,0.75,True,valid,0.03217295723157582,0.01712867567855335,0.00360559183382692,0.18517077745857033,0.12405076715833398,0.11702405599572413,0.2362522413751846,0.008737816635732396,0.2479312949918971,0.0002081418972432069,1585.0,3.073005260542146,4.480852234392727e-06,0,15504,0.06924821436405182,161,0.0,3240,1.0,0.1,0.1,0.1,0.09090909090909091,0.09090909090909091,0.09090909090909091,3240,1.0,0.1,0.1,0.1,0.09090909090909091,0.09090909090909091,0.09090909090909091,4824,1.0,0.09999999794283958,0.10000000121918592,0.10000000617148178,0.09090908920895832,0.09090909191668257,0.09090909600948903
46,0.7666666666666667,True,valid,0.031297094472874494,0.016945620144671488,0.0039064852266707745,0.19818030472643045,0.10696087429344932,0.14995470430400049,0.32160887980971725,0.13459863571590333,0.3476880680486205,0.00016280764543019166,1585.0,3.9021564049578923,3.4721095526420502e-06,0,15504,0.07041668891906738,158,0.0,3240,1.0,0.1,0.1,0.1,0.09090909090909091,0.09090909090909091,0.09090909090909091,3240,1.0,0.1,0.1,0.1,0.09090909090909091,0.09090909090909091,0.09090909090909091,4824,1.0,0.09999999794283958,0.10000000121918592,0.10000000617148178,0.09090908920895832,0.09090909191668257,0.09090909600948903
47,0.7833333333333333,True,valid,0.028627559910176403,0.015458219585816608,0.003454187150372116,0.09584763763849061,0.09369491857149588,0.024746967708038123,0.2483983143924442,0.00329512501301371,0.23152003681030223,0.00015231505384996586,1585.0,0.9159376358223993,3.209136660226095e-06,0,15504,0.07220195978879929,157,0.0,3240,1.0,0.1,0.1,0.1,0.09090909090909091,0.09090909090909091,0.09090909090909091,3240,1.0,0.1,0.1,0.1,0.09090909090909091,0.09090909090909091,0.09090909090909091,4824,1.0,0.09999999794283958,0.10000000121918592,0.10000000617148178,0.09090908920895832,0.09090909191668257,0.09090909600948903
48,0.8,True,valid,0.02431967933071339,0.012797960440566067,0.0023288413069941505,0.26162078968983266,0.1369063244147202,0.17163364480806337,0.20363263863706793,0.032020296057052144,0.1736029696333538,0.00017817513163435541,1585.0,5.7867529580012755,3.954888038643811e-06,0,15504,0.0737585797905922,158,0.0,3240,1.0,0.1,0.1,0.1,0.09090909090909091,0.09090909090909091,0.09090909090909091,3240,1.0,0.1,0.1,0.1,0.09090909090909091,0.09090909090909091,0.09090909090909091,4824,1.0,0.09999999794283958,0.10000000121918592,0.10000000617148178,0.09090908920895832,0.09090909191668257,0.09090909600948903
49,0.8166666666666667,True,valid,0.018309296599936114,0.010212199328890888,0.0017449646272263424,0.17614242560955615,0.13913834230316435,0.061208445729445456,0.13875174723403494,0.005621928792688775,0.1658049083250501,0.00014827518712073808,1585.0,6.010555215941384,3.0740529341355575e-06,0,15504,0.0766877755522728,158,0.0,3240,1.0,0.1,0.1,0.1,0.09090909090909091,0.09090909090909091,0.09090909090909091,3240,1.0,0.1,0.1,0.1,0.09090909090909091,0.09090909090909091,0.09090909090909091,4824,1.0,0.09999999794283958,0.10000000121918592,0.10000000617148178,0.09090908920895832,0.09090909191668257,0.09090909600948903
50,0.8333333333333334,True,valid,0.012456336005688901,0.008310212811399832,0.0014853056509761629,0.7121888079370852,0.4130638363079862,0.35358766016688925,0.41643350074605423,0.009305033269685098,0.3894744842138202,0.0001015552990960888,1585.0,25.44105154512012,2.456016421049904e-06,0,15504,0.07988633215427399,157,0.0,3240,1.0,0.1,0.1,0.1,0.09090909090909091,0.09090909090909091,0.09090909090909091,3240,1.0,0.1,0.1,0.1,0.09090909090909091,0.09090909090909091,0.09090909090909091,4824,1.0,0.09999999794283958,0.10000000121918592,0.10000000617148178,0.09090908920895832,0.09090909191668257,0.09090909600948903
51,0.85,True,valid,0.009091577532320691,0.007962080593591788,0.001179012658143904,0.5208601705835464,0.115044894368371,0.4356338132507278,0.47925431140027364,0.03423011444953696,0.09191630152667717,0.00011322556641701384,1585.0,14.334771381669041,4.062770464142649e-06,0,15580,0.08160655200481415,156,0.0,3240,1.0,0.1,0.1,0.1,0.09090909090909091,0.09090909090909091,0.09090909090909091,3240,1.0,0.1,0.1,0.1,0.09090909090909091,0.09090909090909091,0.09090909090909091,4824,1.0,0.09999999794283958,0.10000000121918592,0.10000000617148178,0.09090908920895832,0.09090909191668257,0.09090909600948903
52,0.8666666666666667,True,valid,0.009239680430024981,0.008400259735637154,0.0008933823853619887,0.05368418558119284,0.04230471048225854,0.02594811561207983,0.07260559527252934,0.015591840695036899,0.06713834751723044,0.00012889843024215214,1585.0,0.7600636914155077,2.401931360832924e-06,0,15968,0.08171213418245316,157,0.0,3240,1.0,0.1,0.1,0.1,0.09090909090909091,0.09090909090909091,0.09090909090909091,3240,1.0,0.1,0.1,0.1,0.09090909090909091,0.09090909090909091,0.09090909090909091,4824,1.0,0.09999999794283958,0.10000000121918592,0.10000000617148178,0.09090908920895832,0.09090909191668257,0.09090909600948903
53,0.8833333333333333,True,valid,0.011495814083583142,0.009032404036160818,0.0010922353982113805,0.3426188362271669,0.07875486337955902,0.29521789465119963,0.37440507075062357,0.020812558846664813,0.09971050295341514,0.00010532213780200514,1585.0,5.516101508905073,3.0161482510681027e-06,0,15942,0.08065755665302277,160,0.0,3240,1.0,0.1,0.1,0.1,0.09090909090909091,0.09090909090909091,0.09090909090909091,3240,1.0,0.1,0.1,0.1,0.09090909090909091,0.09090909090909091,0.09090909090909091,4824,1.0,0.09999999794283958,0.10000000121918592,0.10000000617148178,0.09090908920895832,0.09090909191668257,0.09090909600948903
54,0.9,True,valid,0.015571807477756695,0.01008982915250742,0.0016879719733698816,0.30231110407459344,0.11331685286063604,0.24420358626975705,0.2668492519221133,0.03259946122714933,0.20624589904456825,0.00013325218710094887,1585.0,5.458463284438993,3.786137582369214e-06,0,15568,0.08053763955831528,159,0.0,3240,1.0,0.1,0.1,0.1,0.09090909090909091,0.09090909090909091,0.09090909090909091,3240,1.0,0.1,0.1,0.1,0.09090909090909091,0.09090909090909091,0.09090909090909091,4824,1.0,0.09999999794283958,0.10000000121918592,0.10000000617148178,0.09090908920895832,0.09090909191668257,0.09090909600948903
55,0.9166666666666666,True,valid,0.020984605515939087,0.01224053297829918,0.002424584517432239,0.18994037116327692,0.1175068045101104,0.11637265386411756,0.19633917685719343,0.017834747561168443,0.17094041523804593,0.00011159981416847278,1585.0,4.7022909661051875,2.4949841430220834e-06,0,15514,0.08018100261688232,157,0.0,3240,1.0,0.1,0.1,0.1,0.09090909090909091,0.09090909090909091,0.09090909090909091,3240,1.0,0.1,0.1,0.1,0.09090909090909091,0.09090909090909091,0.09090909090909091,4824,1.0,0.09999999794283958,0.10000000121918592,0.10000000617148178,0.09090908920895832,0.09090909191668257,0.09090909600948903
56,0.9333333333333333,True,valid,0.026627101508827737,0.015085126551231228,0.002623006478155906,0.22789772502113176,0.10242956335521979,0.17183708428744374,0.26627384282595157,0.010363018555246909,0.15310382417241883,0.00018049492275207468,1585.0,3.8432316081397366,3.6758833194344173e-06,0,15508,0.07951092720031738,155,0.0,3240,1.0,0.1,0.1,0.1,0.09090909090909091,0.09090909090909091,0.09090909090909091,3240,1.0,0.1,0.1,0.1,0.09090909090909091,0.09090909090909091,0.09090909090909091,4824,1.0,0.09999999794283958,0.10000000121918592,0.10000000617148178,0.09090908920895832,0.09090909191668257,0.09090909600948903
57,0.95,True,valid,0.030232675363668866,0.017146816097350807,0.003035969266577256,0.1924004022846581,0.1596675312719172,0.0799891535621896,0.22423869866952537,0.021067703473901567,0.19534355752583885,0.0001845400167966391,1585.0,3.9159516290337066,3.9808974392336e-06,0,15504,0.07835020124912262,156,0.0,3240,1.0,0.1,0.1,0.1,0.09090909090909091,0.09090909090909091,0.09090909090909091,3240,1.0,0.1,0.1,0.1,0.09090909090909091,0.09090909090909091,0.09090909090909091,4824,1.0,0.09999999794283958,0.10000000121918592,0.10000000617148178,0.09090908920895832,0.09090909191668257,0.09090909600948903
58,0.9666666666666667,True,valid,0.030846808359011803,0.01779346561117132,0.0034758878490833813,0.1421810828721594,0.09985146912090888,0.09986052722354173,0.2459596118961409,0.05221571155205869,0.16534469651866046,0.00018006304695647227,1585.0,2.0141746833906287,3.6971432200723563e-06,0,15504,0.07696989923715591,156,0.0,3240,1.0,0.1,0.1,0.1,0.09090909090909091,0.09090909090909091,0.09090909090909091,3240,1.0,0.1,0.1,0.1,0.09090909090909091,0.09090909090909091,0.09090909090909091,4824,1.0,0.09999999794283958,0.10000000121918592,0.10000000617148178,0.09090908920895832,0.09090909191668257,0.09090909600948903
59,0.9833333333333333,True,valid,0.028888795909049855,0.01665446275714877,0.0031660845123776885,0.10730891257458472,0.09151806921465175,0.06183816588344168,0.22607380749058123,0.004897802202216503,0.16777335175568708,0.00017262259866132767,1585.0,1.463416229074733,3.6136854243283628e-06,0,15504,0.07584650814533234,157,0.0,3240,1.0,0.1,0.1,0.1,0.09090909090909091,0.09090909090909091,0.09090909090909091,3240,1.0,0.1,0.1,0.1,0.09090909090909091,0.09090909090909091,0.09090909090909091,4824,1.0,0.09999999794283958,0.10000000121918592,0.10000000617148178,0.09090908920895832,0.09090909191668257,0.09090909600948903
60,1.0,True,valid,0.024678812218319038,0.01390093626853664,0.002650392857324339,0.6630830977115104,0.4366131869828931,0.3114362289697082,0.4072787937469576,0.06532679952306485,0.4387640660255968,0.00013379713962099934,1585.0,22.898090844517434,3.315718812934526e-06,0,15504,0.07500212639570236,164,0.0,3240,1.0,0.1,0.1,0.1,0.09090909090909091,0.09090909090909091,0.09090909090909091,3240,1.0,0.1,0.1,0.1,0.09090909090909091,0.09090909090909091,0.09090909090909091,4824,1.0,0.09999999794283958,0.10000000121918592,0.10000000617148178,0.09090908920895832,0.09090909191668257,0.09090909600948903
61,1.0166666666666666,True,valid,0.019410213197211573,0.010519794797200666,0.00201832510043812,0.194958276521868,0.1474962543906088,0.07690043030017939,0.1610212296662135,0.005659433001184212,0.16294455173461003,0.00016418540726481734,1585.0,6.60213617873837,3.294380906761766e-06,0,15504,0.07471084594726562,171,3.448803909122944e-09,3240,1.0,0.1,0.1,0.1,0.09090909090909091,0.09090909090909091,0.09090909090909091,3240,1.0,0.1,0.1,0.1,0.09090909090909091,0.09090909090909091,0.09090909090909091,4824,1.0,0.09999999794283958,0.10000000121918592,0.10000000617148178,0.09090908920895832,0.09090909191668257,0.09090909600948903
62,1.0333333333333334,True,valid,0.014198628264317645,0.007278406300170736,0.0014730763333042885,0.364227833730446,0.10270737392669782,0.31643914892940295,0.4709227710713889,0.016192258233501258,0.19387316445424557,0.0001237746839095132,1585.0,5.960870630312645,3.6326289029141957e-06,0,15624,0.0735488310456276,177,1.7462298274040222e-09,3240,1.0,0.1,0.1,0.1,0.09090909090909091,0.09090909090909091,0.09090909090909091,3240,1.0,0.1,0.1,0.1,0.09090909090909091,0.09090909090909091,0.09090909090909091,4824,1.0,0.09999999794283958,0.10000000121918592,0.10000000617148178,0.09090908920895832,0.09090909191668257,0.09090909600948903
63,1.05,True,valid,0.010558002141197323,0.005424866249432241,0.0011595562742344066,0.29961620312233206,0.13285137030181027,0.2452339683145584,0.3572516172406905,0.031972734384240115,0.17974884023476217,0.00018979221605537855,1585.0,3.8028112358849038,5.6904759814323985e-06,0,15628,0.07158932089805603,178,3.026798367500305e-09,3240,1.0,0.1,0.1,0.1,0.09090909090909091,0.09090909090909091,0.09090909090909091,3240,1.0,0.1,0.1,0.1,0.09090909090909091,0.09090909090909091,0.09090909090909091,4824,1.0,0.09999999794283958,0.10000000121918592,0.10000000617148178,0.09090908920895832,0.09090909191668257,0.09090909600948903
64,1.0666666666666667,True,valid,0.00899977249711829,0.0050814959859630665,0.0014122880187451585,0.1575756741544353,0.1475738390029059,0.10582608631202631,0.1536800237246795,0.01258946543837031,0.023648972242843305,0.0001994420616728741,1585.0,0.7542650555865277,4.90182256811918e-06,0,15696,0.06940848380327225,176,2.3283064365386963e-09,3240,1.0,0.1,0.1,0.1,0.09090909090909091,0.09090909090909091,0.09090909090909091,3240,1.0,0.1,0.1,0.1,0.09090909090909091,0.09090909090909091,0.09090909090909091,4824,1.0,0.09999999794283958,0.10000000121918592,0.10000000617148178,0.09090908920895832,0.09090909191668257,0.09090909600948903
65,1.0833333333333333,True,valid,0.010236583050499612,0.0061411449527733995,0.001633815761722138,0.4730846480845858,0.19153908444822568,0.40616324679328364,0.605274577356889,0.03623042113841125,0.26722253783907685,0.00023088747867036288,1585.0,7.055877565710827,7.003922094995555e-06,0,15792,0.06782019883394241,175,2.7939677238464355e-09,3240,1.0,0.1,0.1,0.1,0.09090909090909091,0.09090909090909091,0.09090909090909091,3240,1.0,0.1,0.1,0.1,0.09090909090909091,0.09090909090909091,0.09090909090909091,4824,1.0,0.09999999794283958,0.10000000121918592,0.10000000617148178,0.09090908920895832,0.09090909191668257,0.09090909600948903
66,1.1,True,valid,0.013796803427569823,0.007845467485378685,0.0019523827337048594,0.26246176944259,0.2194472409611993,0.18671251483396073,0.2676457800165954,0.020198184350485336,0.07355061918992153,0.0002615720990139316,1585.0,3.6017265683704194,6.865976928012612e-06,0,15876,0.06559466570615768,170,3.259629011154175e-09,3240,1.0,0.1,0.1,0.1,0.09090909090909091,0.09090909090909091,0.09090909090909091,3240,1.0,0.1,0.1,0.1,0.09090909090909091,0.09090909090909091,0.09090909090909091,4824,1.0,0.09999999794283958,0.10000000121918592,0.10000000617148178,0.09090908920895832,0.09090909191668257,0.09090909600948903
67,1.1166666666666667,True,valid,0.018731331356534358,0.009964429302011805,0.002455989052259152,0.4923380550186838,0.33459228099455757,0.3301033738618676,0.44602720041540944,0.03402236979398146,0.2744418937539933,0.00030547763945927694,1585.0,11.616390648091912,8.451412446980451e-06,0,15961,0.06422311067581177,167,2.7939677238464355e-09,3240,1.0,0.1,0.1,0.1,0.09090909090909091,0.09090909090909091,0.09090909090909091,3240,1.0,0.1,0.1,0.1,0.09090909090909091,0.09090909090909091,0.09090909090909091,4824,1.0,0.09999999794283958,0.10000000121918592,0.10000000617148178,0.09090908920895832,0.09090909191668257,0.09090909600948903
68,1.1333333333333333,True,valid,0.02384875096520806,0.01216574302532158,0.002784810205873336,1.0053726536628205,0.675465821496449,0.48914756175792706,0.5657138311073766,0.03745357697278972,0.6147724613599859,0.0003411909459638834,1585.0,31.549319220765064,1.0275897308877484e-05,0,15883,0.06257127225399017,169,3.725290298461914e-09,3240,1.0,0.1,0.1,0.1,0.09090909090909091,0.09090909090909091,0.09090909090909091,3240,1.0,0.1,0.1,0.1,0.09090909090909091,0.09090909090909091,0.09090909090909091,4824,1.0,0.09999999794283958,0.10000000121918592,0.10000000617148178,0.09090908920895832,0.09090909191668257,0.09090909600948903
69,1.15,True,valid,0.027177205338420014,0.014161966758662088,0.0034684192500077215,1.1258332501467718,0.827361764368425,0.4499007062963469,0.6294253907458744,0.03852991415218005,0.832413368477726,0.000353871515416202,1585.0,39.309603438419565,9.432663947674296e-06,0,15829,0.06097394600510597,168,2.7939677238464355e-09,3240,1.0,0.1,0.1,0.1,0.09090909090909091,0.09090909090909091,0.09090909090909091,3240,1.0,0.1,0.1,0.1,0.09090909090909091,0.09090909090909091,0.09090909090909091,4824,1.0,0.09999999794283958,0.10000000121918592,0.10000000617148178,0.09090908920895832,0.09090909191668257,0.09090909600948903
70,1.1666666666666667,True,valid,0.02842966167042152,0.015223974501386262,0.003577903279365847,0.34839151186010836,0.32727836109311015,0.24251547955315267,0.387581129740893,0.03578481580198878,0.14828920196022552,0.00039581364676191346,1585.0,4.033363559118707,9.789078517813581e-06,0,15832,0.05879129469394684,166,6.51925802230835e-09,3240,1.0,0.1,0.1,0.1,0.09090909090909091,0.09090909090909091,0.09090909090909091,3240,1.0,0.1,0.1,0.1,0.09090909090909091,0.09090909090909091,0.09090909090909091,4824,1.0,0.09999999794283958,0.10000000121918592,0.10000000617148178,0.09090908920895832,0.09090909191668257,0.09090909600948903
71,1.1833333333333333,True,valid,0.027169356456953522,0.015135829003421914,0.0035872200805027975,0.3570210864798594,0.33302258230952547,0.23362873533804174,0.46980221878605233,0.03237445806234304,0.27715229249824885,0.0003932213224173755,1585.0,2.246045747936072,9.749946489786357e-06,0,15909,0.056741829961538315,166,5.587935447692871e-09,3240,1.0,0.1,0.1,0.1,0.09090909090909091,0.09090909090909091,0.09090909090909091,3240,1.0,0.1,0.1,0.1,0.09090909090909091,0.09090909090909091,0.09090909090909091,4824,1.0,0.09999999794283958,0.10000000121918592,0.10000000617148178,0.09090908920895832,0.09090909191668257,0.09090909600948903
72,1.2,True,valid,0.023641864217756128,0.01338287141999383,0.003242876906249867,0.7970002704898278,0.35495240466278066,0.6765238876978196,0.8702719631247169,0.05485171114412324,0.22609665702239726,0.0003986667134354863,1585.0,12.26787908577174,1.4739752589356664e-05,0,16021,0.05386237055063248,176,5.587935447692871e-09,3240,1.0,0.1,0.1,0.1,0.09090909090909091,0.09090909090909091,0.09090909090909091,3240,1.0,0.1,0.1,0.1,0.09090909090909091,0.09090909090909091,0.09090909090909091,4824,1.0,0.09999999794283958,0.10000000121918592,0.10000000617148178,0.09090908920895832,0.09090909191668257,0.09090909600948903
73,1.2166666666666666,True,valid,0.019397078474967043,0.010897745740877665,0.0030474904707056202,0.6262954097704738,0.406441958761302,0.4502943599369006,0.5930911199155697,0.05208477796413585,0.4078267565945009,0.00039938338665446236,1585.0,8.291596198393584,1.2148861307009812e-05,0,16046,0.053580328822135925,187,1.862645149230957e-09,3240,1.0,0.1,0.1,0.1,0.09090909090909091,0.09090909090909091,0.09090909090909091,3240,1.0,0.1,0.1,0.1,0.09090909090909091,0.09090909090909091,0.09090909090909091,4824,1.0,0.09999999794283958,0.10000000121918592,0.10000000617148178,0.09090908920895832,0.09090909191668257,0.09090909600948903
74,1.2333333333333334,True,valid,0.015934807532698627,0.008955722282212817,0.002666176216125254,0.3671548766615619,0.3301182930272827,0.2567324663192233,0.44847939345718296,0.04902694619109094,0.2605542205188712,0.00040333432465219476,1585.0,4.04659498821054,1.039098226075171e-05,0,16082,0.056755587458610535,187,3.725290298461914e-09,3240,1.0,0.1,0.1,0.1,0.09090909090909091,0.09090909090909091,0.09090909090909091,3240,1.0,0.1,0.1,0.1,0.09090909090909091,0.09090909090909091,0.09090909090909091,4824,1.0,0.09999999794283958,0.10000000121918592,0.10000000617148178,0.09090908920895832,0.09090909191668257,0.09090909600948903
75,1.25,True,valid,0.013812329164348443,0.007666636489129736,0.00251161173377357,0.6671458980297449,0.566231069818861,0.3150545873859594,0.4438896171081244,0.0355927553102283,0.515453898543417,0.0003857266135308969,1585.0,18.726592801190602,1.001385773852951e-05,0,16084,0.06451880186796188,187,5.587935447692871e-09,3240,1.0,0.1,0.1,0.1,0.09090909090909091,0.09090909090909091,0.09090909090909091,3240,1.0,0.1,0.1,0.1,0.09090909090909091,0.09090909090909091,0.09090909090909091,4824,1.0,0.09999999794283958,0.10000000121918592,0.10000000617148178,0.09090908920895832,0.09090909191668257,0.09090909600948903
76,1.2666666666666666,True,valid,0.012618189148829527,0.006773233672722836,0.002242141670380767,0.3242171336303934,0.30067103202335654,0.2404970462959763,0.3555822340692122,0.028970284881064075,0.10497281372600147,0.0004104041388545755,1585.0,4.465326420729415,1.0826931566838776e-05,0,16033,0.07158959656953812,196,3.725290298461914e-09,3240,1.0,0.1,0.1,0.1,0.09090909090909091,0.09090909090909091,0.09090909090909091,3240,1.0,0.1,0.1,0.1,0.09090909090909091,0.09090909090909091,0.09090909090909091,4824,1.0,0.09999999794283958,0.10000000121918592,0.10000000617148178,0.09090908920895832,0.09090909191668257,0.09090909600948903
77,1.2833333333333334,True,valid,0.012572147624267286,0.006850723653779274,0.0023081046849524884,0.56380221139623,0.30548287871293134,0.484996553006367,0.6170919957967932,0.04464008811122614,0.13778058433078932,0.00037040700870269135,1585.0,12.985487864610059,1.0638636557879083e-05,0,16016,0.07583177834749222,200,7.450580596923828e-09,3240,1.0,0.1,0.1,0.1,0.09090909090909091,0.09090909090909091,0.09090909090909091,3240,1.0,0.1,0.1,0.1,0.09090909090909091,0.09090909090909091,0.09090909090909091,4824,1.0,0.09999999794283958,0.10000000121918592,0.10000000617148178,0.09090908920895832,0.09090909191668257,0.09090909600948903
78,1.3,True,valid,0.014696454070191557,0.008299957001503926,0.002068444507331021,0.3324279263743999,0.296164329358305,0.18863097495463826,0.2961847529256284,0.02202284870552853,0.19014570547068166,0.0003356493091378376,1585.0,7.919405079135294,8.615056724521718e-06,0,15889,0.07847139984369278,201,3.725290298461914e-09,3240,1.0,0.1,0.1,0.1,0.09090909090909091,0.09090909090909091,0.09090909090909091,3240,1.0,0.1,0.1,0.1,0.09090909090909091,0.09090909090909091,0.09090909090909091,4824,1.0,0.09999999794283958,0.10000000121918592,0.10000000617148178,0.09090908920895832,0.09090909191668257,0.09090909600948903
79,1.3166666666666667,True,valid,0.01853923657561433,0.010804572271088813,0.0022092258322773425,0.2812928638015817,0.27958936171241805,0.1482070827881825,0.24314909607135224,0.017622567144701014,0.1677047060697947,0.00030297370271611577,1585.0,4.79321528088782,7.584531443421584e-06,0,15778,0.08117466419935226,204,7.450580596923828e-09,3240,1.0,0.1,0.1,0.1,0.09090909090909091,0.09090909090909091,0.09090909090909091,3240,1.0,0.1,0.1,0.1,0.09090909090909091,0.09090909090909091,0.09090909090909091,4824,1.0,0.09999999794283958,0.10000000121918592,0.10000000617148178,0.09090908920895832,0.09090909191668257,0.09090909600948903
80,1.3333333333333333,True,valid,0.0220409694751212,0.01294842468666062,0.002583276747014041,0.46777788357924555,0.3155916312315165,0.3002962846543622,0.38236712081625707,0.02343393494920114,0.26096100049365945,0.00028736120802160285,1585.0,11.576460433429267,7.491331491819276e-06,0,15688,0.08427900075912476,206,7.450580596923828e-09,3240,1.0,0.1,0.1,0.1,0.09090909090909091,0.09090909090909091,0.09090909090909091,3240,1.0,0.1,0.1,0.1,0.09090909090909091,0.09090909090909091,0.09090909090909091,4824,1.0,0.09999999794283958,0.10000000121918592,0.10000000617148178,0.09090908920895832,0.09090909191668257,0.09090909600948903
81,1.35,True,valid,0.02494719665991648,0.014372698545577711,0.002920433598785808,0.2637596918165118,0.21237080132416736,0.14700700515743972,0.26050806270962,0.011682211158622124,0.13405986518241725,0.00023670561679415414,1585.0,6.178146683032991,5.61253646306963e-06,0,15619,0.08833146840333939,203,3.725290298461914e-09,3240,1.0,0.1,0.1,0.1,0.09090909090909091,0.09090909090909091,0.09090909090909091,3240,1.0,0.1,0.1,0.1,0.09090909090909091,0.09090909090909091,0.09090909090909091,4824,1.0,0.09999999794283958,0.10000000121918592,0.10000000617148178,0.09090908920895832,0.09090909191668257,0.09090909600948903
82,1.3666666666666667,True,valid,0.027080842632424253,0.015672797363336356,0.0026421159804236117,0.2170578581006148,0.18884063414090327,0.10432724141678722,0.22445711143358643,0.010372147049677972,0.16471725805485893,0.000225775943293508,1585.0,3.931944253076352,5.336741242186523e-06,0,15520,0.09231758117675781,203,3.725290298461914e-09,3240,1.0,0.1,0.1,0.1,0.09090909090909091,0.09090909090909091,0.09090909090909091,3240,1.0,0.1,0.1,0.1,0.09090909090909091,0.09090909090909091,0.09090909090909091,4824,1.0,0.09999999794283958,0.10000000121918592,0.10000000617148178,0.09090908920895832,0.09090909191668257,0.09090909600948903
83,1.3833333333333333,True,valid,0.027229141713169917,0.01643119551143727,0.0025347712576833264,0.14268022551201617,0.1438207980176811,0.026994530992002608,0.1578955676244848,0.006679478926386095,0.11197676307949274,0.00020168377065286596,1585.0,2.354383018806909,4.398867262361524e-06,0,15508,0.09595314413309097,204,3.725290298461914e-09,3240,1.0,0.1,0.1,0.1,0.09090909090909091,0.09090909090909091,0.09090909090909091,3240,1.0,0.1,0.1,0.1,0.09090909090909091,0.09090909090909091,0.09090909090909091,4824,1.0,0.09999999794283958,0.10000000121918592,0.10000000617148178,0.09090908920895832,0.09090909191668257,0.09090909600948903
84,1.4,True,valid,0.025278577320104665,0.01684511243073966,0.0025084818017442104,0.154005885359711,0.14549377175155914,0.052912971769306795,0.18317355468300622,0.01064604039465974,0.14059041456057925,0.00016123138197859715,1585.0,2.407088922012464,3.496306452744939e-06,0,15665,0.0984169989824295,204,7.450580596923828e-09,3240,1.0,0.1,0.1,0.1,0.09090909090909091,0.09090909090909091,0.09090909090909091,3240,1.0,0.1,0.1,0.1,0.09090909090909091,0.09090909090909091,0.09090909090909091,4824,1.0,0.09999999794283958,0.10000000121918592,0.10000000617148178,0.09090908920895832,0.09090909191668257,0.09090909600948903
85,1.4166666666666667,True,valid,0.022658537435725837,0.01730338647757559,0.0023939758662994254,0.1762596434928615,0.1425631596101779,0.1106504420070127,0.2019318623327541,0.07029093281042553,0.16253076748382975,0.0001871478406757046,1585.0,2.3742612093259843,4.246755795331643e-06,0,16820,0.09950698912143707,204,3.725290298461914e-09,3240,1.0,0.1,0.1,0.1,0.09090909090909091,0.09090909090909091,0.09090909090909091,3240,1.0,0.1,0.1,0.1,0.09090909090909091,0.09090909090909091,0.09090909090909091,4824,1.0,0.09999999794283958,0.10000000121918592,0.10000000617148178,0.09090908920895832,0.09090909191668257,0.09090909600948903
86,1.4333333333333333,True,valid,0.02056597962359029,0.017545594113961855,0.002181851147935553,0.19193656921554808,0.17662767739996552,0.12573419239954997,0.20423955664390778,0.014981892744874048,0.08580129490017178,0.00021249083469164525,1585.0,1.5354179672394463,5.283967057367664e-06,0,17051,0.09990495443344116,202,3.725290298461914e-09,3240,1.0,0.1,0.1,0.1,0.09090909090909091,0.09090909090909091,0.09090909090909091,3240,1.0,0.1,0.1,0.1,0.09090909090909091,0.09090909090909091,0.09090909090909091,4824,1.0,0.09999999794283958,0.10000000121918592,0.10000000617148178,0.09090908920895832,0.09090909191668257,0.09090909600948903
87,1.45,True,valid,0.01906367775458323,0.01770708382070184,0.002097746635776706,0.261775453333908,0.24217655295799873,0.1695501959833995,0.2541605641213185,0.022589139572126826,0.10840141404282479,0.0002665656340584194,1585.0,2.9775780550167346,6.8139618197386695e-06,0,17235,0.1003412976861,203,7.450580596923828e-09,3240,1.0,0.1,0.1,0.1,0.09090909090909091,0.09090909090909091,0.09090909090909091,3240,1.0,0.1,0.1,0.1,0.09090909090909091,0.09090909090909091,0.09090909090909091,4824,1.0,0.09999999794283958,0.10000000121918592,0.10000000617148178,0.09090908920895832,0.09090909191668257,0.09090909600948903
88,1.4666666666666666,True,valid,0.018532312599613986,0.017720376756270168,0.0025050436016592686,0.5117963555626348,0.3003352432023514,0.41542930753806007,0.5232347354741723,0.03664918331509478,0.12712335017304321,0.00034359102686733694,1585.0,8.688401377389125,1.311526864382404e-05,0,17420,0.09936356544494629,200,3.725290298461914e-09,3240,1.0,0.1,0.1,0.1,0.09090909090909091,0.09090909090909091,0.09090909090909091,3240,1.0,0.1,0.1,0.1,0.09090909090909091,0.09090909090909091,0.09090909090909091,4824,1.0,0.09999999794283958,0.10000000121918592,0.10000000617148178,0.09090908920895832,0.09090909191668257,0.09090909600948903
89,1.4833333333333334,True,valid,0.018964922933426276,0.017519704224889875,0.0028920111721615314,0.42799549644715346,0.39159053194335314,0.29131335551466964,0.36154086572229166,0.040676938744575855,0.2008712883685413,0.00042897334775378315,1585.0,5.550684910692773,1.1628995531785205e-05,0,17376,0.09673628211021423,200,7.450580596923828e-09,3240,1.0,0.1,0.1,0.1,0.09090909090909091,0.09090909090909091,0.09090909090909091,3240,1.0,0.1,0.1,0.1,0.09090909090909091,0.09090909090909091,0.09090909090909091,4824,1.0,0.09999999794283958,0.10000000121918592,0.10000000617148178,0.09090908920895832,0.09090909191668257,0.09090909600948903
90,1.5,True,valid,0.020303068998435436,0.016890303731130908,0.003022400597696959,0.4962034336189815,0.43142465171654,0.3706679396655456,0.45493273628426045,0.05113649844675486,0.16147932902824663,0.0005233203158423887,1585.0,5.8551646831744755,1.4506104325515059e-05,0,17212,0.09312856197357178,183,3.725290298461914e-09,3240,1.0,0.1,0.1,0.1,0.09090909090909091,0.09090909090909091,0.09090909090909091,3240,1.0,0.1,0.1,0.1,0.09090909090909091,0.09090909090909091,0.09090909090909091,4824,1.0,0.09999999794283958,0.10000000121918592,0.10000000617148178,0.09090908920895832,0.09090909191668257,0.09090909600948903
91,1.5166666666666666,True,valid,0.02147880412409421,0.016530227062099882,0.0035701228791593185,0.5038839702045538,0.4845142097557927,0.3536746893544838,0.510262122313447,0.04356931604142829,0.11777300752033319,0.0005970448551703682,1585.0,2.851366068718441,1.5876017536393095e-05,0,17178,0.08824311196804047,182,1.862645149230957e-09,3240,1.0,0.1,0.1,0.1,0.09090909090909091,0.09090909090909091,0.09090909090909091,3240,1.0,0.1,0.1,0.1,0.09090909090909091,0.09090909090909091,0.09090909090909091,4824,1.0,0.09999999794283958,0.10000000121918592,0.10000000617148178,0.09090908920895832,0.09090909191668257,0.09090909600948903
92,1.5333333333333334,True,valid,0.022830428320945607,0.016456132732635,0.004133859082606545,0.7509981791535181,0.5565115106433892,0.5712374998332655,0.6988086339642555,0.05457164296033082,0.05699433070138243,0.0006787320356999158,1585.0,12.920408465369938,1.779324051767677e-05,0,17172,0.08383583277463913,177,3.725290298461914e-09,3240,1.0,0.1,0.1,0.1,0.09090909090909091,0.09090909090909091,0.09090909090909091,3240,1.0,0.1,0.1,0.1,0.09090909090909091,0.09090909090909091,0.09090909090909091,4824,1.0,0.09999999794283958,0.10000000121918592,0.10000000617148178,0.09090908920895832,0.09090909191668257,0.09090909600948903
93,1.55,True,valid,0.024483418084442946,0.016185814099105723,0.0047259454428492005,1.5274980399001714,1.1272572007295,0.7531272006504036,0.9086859953027117,0.09730555689254625,0.9685716470075574,0.0008200240223767966,1585.0,51.09036773497639,2.2814678208656883e-05,0,17198,0.0757855549454689,180,2.7939677238464355e-09,3240,1.0,0.1,0.1,0.1,0.09090909090909091,0.09090909090909091,0.09090909090909091,3240,1.0,0.1,0.1,0.1,0.09090909090909091,0.09090909090909091,0.09090909090909091,4824,1.0,0.09999999794283958,0.10000000121918592,0.10000000617148178,0.09090908920895832,0.09090909191668257,0.09090909600948903
94,1.5666666666666667,True,valid,0.02674519313800395,0.01672686376914571,0.004920138703734507,0.7015938860179515,0.6816439430053081,0.4948031426236547,0.6914930368897326,0.06331375049567789,0.29284488752425436,0.0008744677777467681,1585.0,6.147564330193098,2.270812572391272e-05,0,17148,0.06685217469930649,177,2.7939677238464355e-09,3240,1.0,0.1,0.1,0.1,0.09090909090909091,0.09090909090909091,0.09090909090909091,3240,1.0,0.1,0.1,0.1,0.09090909090909091,0.09090909090909091,0.09090909090909091,4824,1.0,0.09999999794283958,0.10000000121918592,0.10000000617148178,0.09090908920895832,0.09090909191668257,0.09090909600948903
95,1.5833333333333333,True,valid,0.028003117946239005,0.016355205877932173,0.005535383498164621,1.3562021245655185,1.0423187940524306,0.8090144345892585,1.4323978547829566,0.35239924528913247,0.9955160139206314,0.0010541812944071488,1585.0,35.63344322236568,3.2470135405557405e-05,0,16861,0.057015713304281235,182,2.9103830456733704e-09,3240,1.0,0.1,0.1,0.1,0.09090909090909091,0.09090909090909091,0.09090909090909091,3240,1.0,0.1,0.1,0.1,0.09090909090909091,0.09090909090909091,0.09090909090909091,4824,1.0,0.09999999794283958,0.10000000121918592,0.10000000617148178,0.09090908920895832,0.09090909191668257,0.09090909600948903
96,1.6,True,valid,0.026998893762266073,0.015165857089477116,0.0052001225580801174,0.8103715752075586,0.7756988503525881,0.5407096636101231,0.7858642649886769,0.06391672085591876,0.04580669239352149,0.0009349676654089588,1585.0,4.493531065969951,2.51403913141491e-05,0,16650,0.05682350695133209,180,3.259629011154175e-09,3240,1.0,0.1,0.1,0.1,0.09090909090909091,0.09090909090909091,0.09090909090909091,3240,1.0,0.1,0.1,0.1,0.09090909090909091,0.09090909090909091,0.09090909090909091,4824,1.0,0.09999999794283958,0.10000000121918592,0.10000000617148178,0.09090908920895832,0.09090909191668257,0.09090909600948903
97,1.6166666666666667,True,valid,0.023149913335599435,0.013737797406127433,0.0051721359598908955,0.8210326874881128,0.7797603998903839,0.5326811179482202,0.8022604272960576,0.07020092738576347,0.13090641458378524,0.0009530212775673459,1585.0,4.598446284187392,2.485207632970267e-05,0,16365,0.070351742208004,185,2.7939677238464355e-09,3240,1.0,0.1,0.1,0.1,0.09090909090909091,0.09090909090909091,0.09090909090909091,3240,1.0,0.1,0.1,0.1,0.09090909090909091,0.09090909090909091,0.09090909090909091,4824,1.0,0.09999999794283958,0.10000000121918592,0.10000000617148178,0.09090908920895832,0.09090909191668257,0.09090909600948903
98,1.6333333333333333,True,valid,0.018613504685402276,0.013614708742814896,0.005108948331918107,2.57947175327902,0.8761917762947549,2.1540768104679775,2.675739876443958,0.13188722813479714,0.3668313416208997,0.0009735316869444868,1585.0,67.8188260764073,2.7370796165455775e-05,0,16328,0.0843445435166359,191,5.587935447692871e-09,3240,1.0,0.1,0.1,0.1,0.09090909090909091,0.09090909090909091,0.09090909090909091,3240,1.0,0.1,0.1,0.1,0.09090909090909091,0.09090909090909091,0.09090909090909091,4824,1.0,0.09999999794283958,0.10000000121918592,0.10000000617148178,0.09090908920895832,0.09090909191668257,0.09090909600948903
99,1.65,True,valid,0.015861053178332637,0.014822743198260954,0.004699385714788056,0.7638133838087737,0.755678433363098,0.5304715424685894,0.739430033125959,0.06453768646411209,0.0,0.000988654869056133,1585.0,4.4544909773020045,2.5539614181901593e-05,0,16431,0.0978194922208786,197,1.862645149230957e-09,3240,1.0,0.1,0.1,0.1,0.09090909090909091,0.09090909090909091,0.09090909090909091,3240,1.0,0.1,0.1,0.1,0.09090909090909091,0.09090909090909091,0.09090909090909091,4824,1.0,0.09999999794283958,0.10000000121918592,0.10000000617148178,0.09090908920895832,0.09090909191668257,0.09090909600948903
100,1.6666666666666667,True,valid,0.01463016975917893,0.016755593195610177,0.004613827722941468,0.7467032768380824,0.7253241860382371,0.5366642870031552,0.7204680953752574,0.06489029252677772,0.0,0.0009557561413328481,1585.0,4.4685815916266245,2.5288878726118012e-05,0,16986,0.11006510257720947,188,5.587935447692871e-09,3240,1.0,0.1,0.1,0.1,0.09090909090909091,0.09090909090909091,0.09090909090909091,3240,1.0,0.1,0.1,0.1,0.09090909090909091,0.09090909090909091,0.09090909090909091,4824,1.0,0.09999999794283958,0.10000000121918592,0.10000000617148178,0.09090908920895832,0.09090909191668257,0.09090909600948903
101,1.6833333333333333,True,valid,0.014782685364503691,0.018986655365505114,0.0044151438903868205,0.7211984127496867,0.708154687150081,0.5145577130499912,0.7194042116491263,0.06284396964880551,0.1393771645314716,0.0009373029767776598,1585.0,4.3979866870266875,2.4308253094319433e-05,0,17244,0.11883299052715302,184,7.450580596923828e-09,3240,1.0,0.1,0.1,0.1,0.09090909090909091,0.09090909090909091,0.09090909090909091,3240,1.0,0.1,0.1,0.1,0.09090909090909091,0.09090909090909091,0.09090909090909091,4824,1.0,0.09999999794283958,0.10000000121918592,0.10000000617148178,0.09090908920895832,0.09090909191668257,0.09090909600948903
102,1.7,True,valid,0.016749453261579776,0.021040307646144098,0.004296085185179088,0.7745626542970842,0.7259764473441074,0.5501924254974854,0.6950571496020478,0.06337763093477422,0.28183466300553406,0.0009102154599355786,1585.0,11.15297206328943,2.3203304958609676e-05,0,17356,0.1274694949388504,184,7.450580596923828e-09,3240,1.0,0.1,0.1,0.1,0.09090909090909091,0.09090909090909091,0.09090909090909091,3240,1.0,0.1,0.1,0.1,0.09090909090909091,0.09090909090909091,0.09090909090909091,4824,1.0,0.09999999794283958,0.10000000121918592,0.10000000617148178,0.09090908920895832,0.09090909191668257,0.09090909600948903
103,1.7166666666666666,True,valid,0.02114889969196871,0.02288858693705838,0.004137085551106072,0.8001008711529091,0.7489686058992374,0.48535635219560497,0.6716001989943593,0.058840044388184,0.3799973112899042,0.000850327651255801,1585.0,15.631107577278591,2.201836501601516e-05,0,17448,0.13833582401275635,176,7.450580596923828e-09,3240,1.0,0.1,0.1,0.1,0.09090909090909091,0.09090909090909091,0.09090909090909091,3240,1.0,0.1,0.1,0.1,0.09090909090909091,0.09090909090909091,0.09090909090909091,4824,1.0,0.09999999794283958,0.10000000121918592,0.10000000617148178,0.09090908920895832,0.09090909191668257,0.09090909600948903
104,1.7333333333333334,True,valid,0.025728010139481013,0.025762410907057425,0.004116799318779901,0.6232786986786084,0.6309131120038666,0.4100323587301762,0.5975106124571491,0.049593368470046556,0.11191578900100252,0.0008009196640144668,1585.0,4.400604284325853,2.098230215653656e-05,0,17428,0.14495760202407837,167,3.725290298461914e-09,3240,1.0,0.1,0.1,0.1,0.09090909090909091,0.09090909090909091,0.09090909090909091,3240,1.0,0.1,0.1,0.1,0.09090909090909091,0.09090909090909091,0.09090909090909091,4824,1.0,0.09999999794283958,0.10000000121918592,0.10000000617148178,0.09090908920895832,0.09090909191668257,0.09090909600948903
105,1.75,True,valid,0.029064692367533656,0.02716437609780431,0.00394783810917556,0.6734445304265037,0.5793738911845064,0.4702290150191773,0.6500684787487484,0.050094379648522584,0.0,0.0007334565637862511,1585.0,12.491329922908994,2.128291367434253e-05,0,17392,0.1515793800354004,172,3.725290298461914e-09,3240,1.0,0.1,0.1,0.1,0.09090909090909091,0.09090909090909091,0.09090909090909091,3240,1.0,0.1,0.1,0.1,0.09090909090909091,0.09090909090909091,0.09090909090909091,4824,1.0,0.09999999794283958,0.10000000121918592,0.10000000617148178,0.09090908920895832,0.09090909191668257,0.09090909600948903
106,1.7666666666666666,True,valid,0.030546804356026903,0.028481599881493617,0.004070998443902244,0.53140091432042,0.5035667945737208,0.37525922969391245,0.5419556550627347,0.046450318670959084,0.1345653488073155,0.0006535323909439496,1585.0,3.652417871193214,1.6138244305515573e-05,0,17475,0.15573255717754364,184,7.450580596923828e-09,3240,1.0,0.1,0.1,0.1,0.09090909090909091,0.09090909090909091,0.09090909090909091,3240,1.0,0.1,0.1,0.1,0.09090909090909091,0.09090909090909091,0.09090909090909091,4824,1.0,0.09999999794283958,0.10000000121918592,0.10000000617148178,0.09090908920895832,0.09090909191668257,0.09090909600948903
107,1.7833333333333334,True,valid,0.030756025375219542,0.029212663759505205,0.004047587415603771,2.779307867259364,2.0641299919606917,0.9972590054772195,1.0878418561297283,0.06100997678332012,2.03263042464366,0.0005693221646363064,1585.0,85.2383803466521,2.0471422570366503e-05,0,17472,0.15478835999965668,176,7.450580596923828e-09,3240,1.0,0.1,0.1,0.1,0.09090909090909091,0.09090909090909091,0.09090909090909091,3240,1.0,0.1,0.1,0.1,0.09090909090909091,0.09090909090909091,0.09090909090909091,4824,1.0,0.09999999794283958,0.10000000121918592,0.10000000617148178,0.09090908920895832,0.09090909191668257,0.09090909600948903
108,1.8,True,valid,0.029399174076969285,0.02907033206491951,0.003760274135585946,0.6666274998264126,0.5291241300821582,0.39203052778276154,0.5666880839881601,0.04702321442244794,0.3720508537860618,0.0005183011524541979,1585.0,12.853757321721897,1.6404433387218285e-05,0,17481,0.15537092089653015,179,7.450580596923828e-09,3240,1.0,0.1,0.1,0.1,0.09090909090909091,0.09090909090909091,0.09090909090909091,3240,1.0,0.1,0.1,0.1,0.09090909090909091,0.09090909090909091,0.09090909090909091,4824,1.0,0.09999999794283958,0.10000000121918592,0.10000000617148178,0.09090908920895832,0.09090909191668257,0.09090909600948903
109,1.8166666666666667,True,valid,0.027120588269619578,0.026397467985363493,0.003203827629698967,0.35336061705377564,0.3565972182678641,0.2192402225880707,0.3895892000307797,0.0246575005526084,0.15126397875795694,0.00045230864471726667,1585.0,2.3461195663420873,1.1106199174254951e-05,0,17446,0.15703600645065308,172,7.450580596923828e-09,3240,1.0,0.1,0.1,0.1,0.09090909090909091,0.09090909090909091,0.09090909090909091,3240,1.0,0.1,0.1,0.1,0.09090909090909091,0.09090909090909091,0.09090909090909091,4824,1.0,0.09999999794283958,0.10000000121918592,0.10000000617148178,0.09090908920895832,0.09090909191668257,0.09090909600948903
110,1.8333333333333333,True,valid,0.023290941168967714,0.02251868515352366,0.0027196979071407554,0.27184311616536144,0.2845486631596337,0.15457622570906493,0.2967632723925483,0.0186625019410171,0.12341870163929583,0.0003563537793254761,1585.0,1.935395938411305,8.73642920632652e-06,0,17218,0.15763528645038605,174,7.450580596923828e-09,3240,1.0,0.1,0.1,0.1,0.09090909090909091,0.09090909090909091,0.09090909090909091,3240,1.0,0.1,0.1,0.1,0.09090909090909091,0.09090909090909091,0.09090909090909091,4824,1.0,0.09999999794283958,0.10000000121918592,0.10000000617148178,0.09090908920895832,0.09090909191668257,0.09090909600948903
111,1.85,True,valid,0.019443774399764427,0.017470543319233107,0.00218928042205905,0.36660381397518654,0.2971273645168938,0.1996803078748042,0.2739436917238356,0.01866544849478722,0.22493779986904186,0.0002775246476680589,1585.0,7.433929532886461,7.088149634380981e-06,0,16738,0.1570795178413391,185,7.450580596923828e-09,3240,1.0,0.1,0.1,0.1,0.09090909090909091,0.09090909090909091,0.09090909090909091,3240,1.0,0.1,0.1,0.1,0.09090909090909091,0.09090909090909091,0.09090909090909091,4824,1.0,0.09999999794283958,0.10000000121918592,0.10000000617148178,0.09090908920895832,0.09090909191668257,0.09090909600948903
112,1.8666666666666667,True,valid,0.016492522105413798,0.013031019903486799,0.0018549259946351168,0.4910453717913933,0.1975874014215997,0.4135707291453884,0.4740891762885012,0.032559734246223875,0.0587544509042223,0.0004354469114834171,1585.0,7.595153100238532,8.853823010838069e-06,0,16350,0.15437136590480804,190,7.450580596923828e-09,3240,1.0,0.1,0.1,0.1,0.09090909090909091,0.09090909090909091,0.09090909090909091,3240,1.0,0.1,0.1,0.1,0.09090909090909091,0.09090909090909091,0.09090909090909091,4824,1.0,0.09999999794283958,0.10000000121918592,0.10000000617148178,0.09090908920895832,0.09090909191668257,0.09090909600948903
113,1.8833333333333333,True,valid,0.01470134448290591,0.009658323255724341,0.0016862431948986517,0.6735040257272338,0.3409809048636924,0.4952581675000554,0.6002972202636462,0.05072938441869289,0.3297398216300489,0.0001832843984464835,1585.0,13.10077644404916,6.536417074634073e-06,0,16055,0.15074758231639862,190,7.450580596923828e-09,3240,1.0,0.1,0.1,0.1,0.09090909090909091,0.09090909090909091,0.09090909090909091,3240,1.0,0.1,0.1,0.1,0.09090909090909091,0.09090909090909091,0.09090909090909091,4824,1.0,0.09999999794283958,0.10000000121918592,0.10000000617148178,0.09090908920895832,0.09090909191668257,0.09090909600948903
114,1.9,True,valid,0.014441714175857651,0.008829407299434752,0.0013686814802028758,0.11492476917111455,0.1033456237611647,0.05592211152940692,0.12194963411617683,0.03636511676915742,0.04695302045759207,0.00017324203036228725,1585.0,0.8291708643503117,3.3820428002106366e-06,0,15628,0.14638696610927582,191,7.450580596923828e-09,3240,1.0,0.1,0.1,0.1,0.09090909090909091,0.09090909090909091,0.09090909090909091,3240,1.0,0.1,0.1,0.1,0.09090909090909091,0.09090909090909091,0.09090909090909091,4824,1.0,0.09999999794283958,0.10000000121918592,0.10000000617148178,0.09090908920895832,0.09090909191668257,0.09090909600948903
115,1.9166666666666667,True,valid,0.016201009260131842,0.009123942496181528,0.001880110498676367,0.26994065108376675,0.18666022853470898,0.15306427035602793,0.21884386217610163,0.012997897394659536,0.13969706189462225,0.00019224154562265944,1585.0,5.22773553136619,4.76438262401615e-06,0,15677,0.14171791076660156,184,7.450580596923828e-09,3240,1.0,0.1,0.1,0.1,0.09090909090909091,0.09090909090909091,0.09090909090909091,3240,1.0,0.1,0.1,0.1,0.09090909090909091,0.09090909090909091,0.09090909090909091,4824,1.0,0.09999999794283958,0.10000000121918592,0.10000000617148178,0.09090908920895832,0.09090909191668257,0.09090909600948903
116,1.9333333333333333,True,valid,0.019026792356227652,0.010759061114490485,0.0022721282693556116,0.3579507030760442,0.33590591427247846,0.12971145340228257,0.21385312677163082,0.015046906936713525,0.29017201994564684,0.0002355211744575021,1585.0,10.688124297839169,6.445271649676719e-06,0,15664,0.1361965835094452,185,7.450580596923828e-09,3240,1.0,0.1,0.1,0.1,0.09090909090909091,0.09090909090909091,0.09090909090909091,3240,1.0,0.1,0.1,0.1,0.09090909090909091,0.09090909090909091,0.09090909090909091,4824,1.0,0.09999999794283958,0.10000000121918592,0.10000000617148178,0.09090908920895832,0.09090909191668257,0.09090909600948903
117,1.95,True,valid,0.02205357620074168,0.011914248993086953,0.0027045370491141623,0.26950028269834,0.2520216429037144,0.17411808863819236,0.30033618133901185,0.050855526260072906,0.1310091032970848,0.00028865388653224474,1585.0,1.8628396987130378,7.609390144176525e-06,0,15772,0.131456196308136,184,7.450580596923828e-09,3240,1.0,0.1,0.1,0.1,0.09090909090909091,0.09090909090909091,0.09090909090909091,3240,1.0,0.1,0.1,0.1,0.09090909090909091,0.09090909090909091,0.09090909090909091,4824,1.0,0.09999999794283958,0.10000000121918592,0.10000000617148178,0.09090908920895832,0.09090909191668257,0.09090909600948903
118,1.9666666666666666,True,valid,0.024105726741064877,0.012972333439620988,0.0030011827517022827,2.1239281265497443,0.7402794648904631,1.5331284209466625,1.7453836271988674,0.10500443551769247,0.5709085182216836,0.0003628633063254629,1585.0,58.217607825421254,1.0916542789935704e-05,0,15847,0.1271982491016388,185,7.450580596923828e-09,3240,1.0,0.1,0.1,0.1,0.09090909090909091,0.09090909090909091,0.09090909090909091,3240,1.0,0.1,0.1,0.1,0.09090909090909091,0.09090909090909091,0.09090909090909091,4824,1.0,0.09999999794283958,0.10000000121918592,0.10000000617148178,0.09090908920895832,0.09090909191668257,0.09090909600948903
119,1.9833333333333334,True,valid,0.024360583695638437,0.013607184101124261,0.0032868035762736907,0.6275130376804109,0.4429999294100231,0.39789591573020877,0.5306095238999876,0.039253112640082785,0.2796162069090144,0.00041785245874598025,1585.0,13.14596342971447,1.1903854556789102e-05,0,15891,0.12253938615322113,186,3.725290298461914e-09,3240,1.0,0.1,0.1,0.1,0.09090909090909091,0.09090909090909091,0.09090909090909091,3240,1.0,0.1,0.1,0.1,0.09090909090909091,0.09090909090909091,0.09090909090909091,4824,1.0,0.09999999794283958,0.10000000121918592,0.10000000617148178,0.09090908920895832,0.09090909191668257,0.09090909600948903
120,2.0,True,valid,0.023035475397574872,0.013803256772861407,0.0034129812344903124,0.45462079014088685,0.4258980276900389,0.3083071810733249,0.44180083602865594,0.040120329792491354,0.12915031804675203,0.0004965271181313907,1585.0,4.246698875578072,1.3106510307071745e-05,0,15978,0.12251890450716019,189,3.725290298461914e-09,3240,1.0,0.1,0.1,0.1,0.09090909090909091,0.09090909090909091,0.09090909090909091,3240,1.0,0.1,0.1,0.1,0.09090909090909091,0.09090909090909091,0.09090909090909091,4824,1.0,0.09999999794283958,0.10000000121918592,0.10000000617148178,0.09090908920895832,0.09090909191668257,0.09090909600948903
121,2.0166666666666666,True,valid,0.02073501586507926,0.013214633475050213,0.0035484850717970606,0.4875842393535253,0.4841540322778065,0.32557978351759737,0.48317264019117223,0.039571291011095355,0.0881864734288082,0.0005787137063911161,1585.0,2.4408958666905325,1.5402170098342637e-05,0,16074,0.11960942298173904,195,3.725290298461914e-09,3240,1.0,0.1,0.1,0.1,0.09090909090909091,0.09090909090909091,0.09090909090909091,3240,1.0,0.1,0.1,0.1,0.09090909090909091,0.09090909090909091,0.09090909090909091,4824,1.0,0.09999999794283958,0.10000000121918592,0.10000000617148178,0.09090908920895832,0.09090909191668257,0.09090909600948903
122,2.033333333333333,True,valid,0.017543564853300744,0.012382091018259152,0.004027948233417954,4.688366360925266,3.3554318536426484,1.8665633129822656,2.1709485694340622,0.133433676007565,3.2045893035689095,0.0006860463160337077,1585.0,156.1505128064532,2.9664146952746845e-05,0,16177,0.11547079682350159,201,7.450580596923828e-09,3240,1.0,0.1,0.1,0.1,0.09090909090909091,0.09090909090909091,0.09090909090909091,3240,1.0,0.1,0.1,0.1,0.09090909090909091,0.09090909090909091,0.09090909090909091,4824,1.0,0.09999999794283958,0.10000000121918592,0.10000000617148178,0.09090908920895832,0.09090909191668257,0.09090909600948903
123,2.05,True,valid,0.014714397950440664,0.00990050965550859,0.0037949185044152123,0.7120287019167826,0.6689046529098632,0.42700310789676704,0.5851485738759711,0.05103382950880952,0.36530263756939746,0.0007077010567937803,1585.0,15.400022353838093,1.8702342486628885e-05,0,16235,0.11163683980703354,209,3.725290298461914e-09,3240,1.0,0.1,0.1,0.1,0.09090909090909091,0.09090909090909091,0.09090909090909091,3240,1.0,0.1,0.1,0.1,0.09090909090909091,0.09090909090909091,0.09090909090909091,4824,1.0,0.09999999794283958,0.10000000121918592,0.10000000617148178,0.09090908920895832,0.09090909191668257,0.09090909600948903
124,2.066666666666667,True,valid,0.013673710229820103,0.008541183316594704,0.00386740951931048,0.6204281705138099,0.6121903422240941,0.4455579871593424,0.5997427807012294,0.05393226995603779,0.017676094785614854,0.0007808041653117891,1585.0,3.3703858812340566,2.0535835272756572e-05,0,16274,0.10764214396476746,206,7.450580596923828e-09,3240,1.0,0.1,0.1,0.1,0.09090909090909091,0.09090909090909091,0.09090909090909091,3240,1.0,0.1,0.1,0.1,0.09090909090909091,0.09090909090909091,0.09090909090909091,4824,1.0,0.09999999794283958,0.10000000121918592,0.10000000617148178,0.09090908920895832,0.09090909191668257,0.09090909600948903
125,2.0833333333333335,True,valid,0.014084654648076723,0.009061557648719448,0.0043048213447830315,0.684595944124989,0.6602734295902766,0.4831058431713755,0.6603295024392317,0.05887828458749225,0.0,0.000846139065049739,1585.0,4.311477672860556,2.6376388383500192e-05,0,16382,0.10437491536140442,201,3.725290298461914e-09,3240,1.0,0.1,0.1,0.1,0.09090909090909091,0.09090909090909091,0.09090909090909091,3240,1.0,0.1,0.1,0.1,0.09090909090909091,0.09090909090909091,0.09090909090909091,4824,1.0,0.09999999794283958,0.10000000121918592,0.10000000617148178,0.09090908920895832,0.09090909191668257,0.09090909600948903
126,2.1,True,valid,0.01585668210015685,0.010295210343453478,0.004283697275004774,0.76521135978762,0.7202488432052435,0.5248622172968114,0.7050053584859425,0.06141198591831322,0.18148052118570585,0.0009171562851757289,1585.0,9.328392228974137,2.4573376593395903e-05,0,16690,0.10137087851762772,198,5.587935447692871e-09,3240,1.0,0.1,0.1,0.1,0.09090909090909091,0.09090909090909091,0.09090909090909091,3240,1.0,0.1,0.1,0.1,0.09090909090909091,0.09090909090909091,0.09090909090909091,4824,1.0,0.09999999794283958,0.10000000121918592,0.10000000617148178,0.09090908920895832,0.09090909191668257,0.09090909600948903
127,2.1166666666666667,True,valid,0.018131349921796783,0.011644343825285031,0.0049702438293035825,1.0691300157898054,0.9304373444726535,0.5848869875159411,0.85004420967729,0.06475463235184549,0.6163554398405633,0.0009653188028793156,1585.0,27.826259411242287,2.4805954759792362e-05,0,17016,0.09805270284414291,200,5.587935447692871e-09,3240,1.0,0.1,0.1,0.1,0.09090909090909091,0.09090909090909091,0.09090909090909091,3240,1.0,0.1,0.1,0.1,0.09090909090909091,0.09090909090909091,0.09090909090909091,4824,1.0,0.09999999794283958,0.10000000121918592,0.10000000617148178,0.09090908920895832,0.09090909191668257,0.09090909600948903
128,2.1333333333333333,True,valid,0.021677035965755636,0.013987309916445038,0.004995966605232226,0.7722334524888403,0.7578013690319205,0.5272458625336405,0.7478018256451806,0.06420761961895394,0.0,0.0009877418297462046,1585.0,4.226259623766152,2.562986233389061e-05,0,17023,0.09414675086736679,200,3.725290298461914e-09,3240,1.0,0.1,0.1,0.1,0.09090909090909091,0.09090909090909091,0.09090909090909091,3240,1.0,0.1,0.1,0.1,0.09090909090909091,0.09090909090909091,0.09090909090909091,4824,1.0,0.09999999794283958,0.10000000121918592,0.10000000617148178,0.09090908920895832,0.09090909191668257,0.09090909600948903
129,2.15,True,valid,0.024329424358992064,0.014844849480318174,0.005354426464625592,0.8148684954777715,0.7839898597371917,0.5449172834027772,0.7879941907808371,0.06556718538141015,0.02854299415171628,0.001010777801471162,1585.0,4.546034848841036,2.6860839609648005e-05,0,17150,0.08898452669382095,206,3.725290298461914e-09,3240,1.0,0.1,0.1,0.1,0.09090909090909091,0.09090909090909091,0.09090909090909091,3240,1.0,0.1,0.1,0.1,0.09090909090909091,0.09090909090909091,0.09090909090909091,4824,1.0,0.09999999794283958,0.10000000121918592,0.10000000617148178,0.09090908920895832,0.09090909191668257,0.09090909600948903
130,2.1666666666666665,True,valid,0.025233693639798657,0.015473986147638253,0.00569253180313187,1.8714981024298005,0.8348338912091173,1.5780766650669282,1.9567616227900306,0.1283868007945584,0.31922176926376683,0.0010327736564859046,1585.0,47.54279116127698,2.943978009232632e-05,0,16855,0.08284252882003784,205,3.026798367500305e-09,3240,1.0,0.1,0.1,0.1,0.09090909090909091,0.09090909090909091,0.09090909090909091,3240,1.0,0.1,0.1,0.1,0.09090909090909091,0.09090909090909091,0.09090909090909091,4824,1.0,0.09999999794283958,0.10000000121918592,0.10000000617148178,0.09090908920895832,0.09090909191668257,0.09090909600948903
131,2.183333333333333,True,valid,0.025402446822159502,0.01511375206437161,0.005594133458571529,0.8139168626914853,0.7963246310062335,0.5356256394724608,0.8196189660784083,0.06528384592992555,0.1866469254198202,0.0010107916385033654,1585.0,4.6468219328170814,2.515182411000709e-05,0,16761,0.0763229951262474,204,3.4924596548080444e-09,3240,1.0,0.1,0.1,0.1,0.09090909090909091,0.09090909090909091,0.09090909090909091,3240,1.0,0.1,0.1,0.1,0.09090909090909091,0.09090909090909091,0.09090909090909091,4824,1.0,0.09999999794283958,0.10000000121918592,0.10000000617148178,0.09090908920895832,0.09090909191668257,0.09090909600948903
132,2.2,True,valid,0.023543342937236734,0.014120226345793232,0.005318811370160256,0.9260838733871684,0.8763035574578938,0.5373936509367351,0.8158639780863182,0.06449186399752747,0.32135685800112224,0.0009970018835933456,1585.0,15.94082278819641,2.7657448401584018e-05,0,16613,0.069781593978405,202,2.7939677238464355e-09,3240,1.0,0.1,0.1,0.1,0.09090909090909091,0.09090909090909091,0.09090909090909091,3240,1.0,0.1,0.1,0.1,0.09090909090909091,0.09090909090909091,0.09090909090909091,4824,1.0,0.09999999794283958,0.10000000121918592,0.10000000617148178,0.09090908920895832,0.09090909191668257,0.09090909600948903
133,2.216666666666667,True,valid,0.019510918326318082,0.012049963537853068,0.00534288438531909,0.8717856262560079,0.8134903745015998,0.5472351863895135,0.8088999249886518,0.06493996852315018,0.24210295122655018,0.0009793827308258675,1585.0,12.074680616263207,2.5060032559223344e-05,0,16729,0.06220240890979767,198,1.862645149230957e-09,3240,1.0,0.1,0.1,0.1,0.09090909090909091,0.09090909090909091,0.09090909090909091,3240,1.0,0.1,0.1,0.1,0.09090909090909091,0.09090909090909091,0.09090909090909091,4824,1.0,0.09999999794283958,0.10000000121918592,0.10000000617148178,0.09090908920895832,0.09090909191668257,0.09090909600948903
134,2.2333333333333334,True,valid,0.01681682943893732,0.011087315155950636,0.004970361158698002,0.7792098641296678,0.7685100734859033,0.5467044645442661,0.7848903520698601,0.0665934785395492,0.1786585410205966,0.0009850759745138175,1585.0,4.666353692351981,2.516398622090564e-05,0,16851,0.05170924589037895,198,1.862645149230957e-09,3240,1.0,0.1,0.1,0.1,0.09090909090909091,0.09090909090909091,0.09090909090909091,3240,1.0,0.1,0.1,0.1,0.09090909090909091,0.09090909090909091,0.09090909090909091,4824,1.0,0.09999999794283958,0.10000000121918592,0.10000000617148178,0.09090908920895832,0.09090909191668257,0.09090909600948903
135,2.25,True,valid,0.014545123426730243,0.010403149337094108,0.004918223384290372,0.9122129374531184,0.7624374527794711,0.6849483867207589,0.8875695536594732,0.0722075973524264,0.0,0.0009789461204341135,1585.0,11.40513135907669,2.537314470644783e-05,0,16779,0.043912213295698166,204,7.450580596923828e-09,3240,1.0,0.1,0.1,0.1,0.09090909090909091,0.09090909090909091,0.09090909090909091,3240,1.0,0.1,0.1,0.1,0.09090909090909091,0.09090909090909091,0.09090909090909091,4824,1.0,0.09999999794283958,0.10000000121918592,0.10000000617148178,0.09090908920895832,0.09090909191668257,0.09090909600948903
136,2.2666666666666666,True,valid,0.014027972195712167,0.012064974642779929,0.005422309008879934,4.17692269957699,1.3114669998969244,4.119443647674579,5.0763505506334425,0.25259517029832357,1.7307281029581418,0.0009515094722787063,1585.0,115.46393605973205,3.839641952469197e-05,0,16605,0.0477161705493927,205,7.450580596923828e-09,3240,1.0,0.1,0.1,0.1,0.09090909090909091,0.09090909090909091,0.09090909090909091,3240,1.0,0.1,0.1,0.1,0.09090909090909091,0.09090909090909091,0.09090909090909091,4824,1.0,0.09999999794283958,0.10000000121918592,0.10000000617148178,0.09090908920895832,0.09090909191668257,0.09090909600948903
137,2.283333333333333,True,valid,0.015773504210102707,0.014745995279641677,0.004695324714033491,0.6941258065129371,0.7074781763604487,0.48457154530284297,0.6745871386107103,0.05892632890028407,0.0,0.0009433269092023888,1585.0,4.088173707065029,2.390770598674769e-05,0,16453,0.063731350004673,193,7.450580596923828e-09,3240,1.0,0.1,0.1,0.1,0.09090909090909091,0.09090909090909091,0.09090909090909091,3240,1.0,0.1,0.1,0.1,0.09090909090909091,0.09090909090909091,0.09090909090909091,4824,1.0,0.09999999794283958,0.10000000121918592,0.10000000617148178,0.09090908920895832,0.09090909191668257,0.09090909600948903
138,2.3,True,valid,0.018806034887162214,0.01836372007848037,0.004349200795396116,0.7693006734264796,0.6652547907131597,0.5545928085328008,0.7604503187800136,0.058956813572223536,0.060717417337641195,0.0008775113121746498,1585.0,9.691382524702979,2.409843901705457e-05,0,16626,0.07975298911333084,202,3.725290298461914e-09,3240,1.0,0.1,0.1,0.1,0.09090909090909091,0.09090909090909091,0.09090909090909091,3240,1.0,0.1,0.1,0.1,0.09090909090909091,0.09090909090909091,0.09090909090909091,4824,1.0,0.09999999794283958,0.10000000121918592,0.10000000617148178,0.09090908920895832,0.09090909191668257,0.09090909600948903
139,2.316666666666667,True,valid,0.02255322235113454,0.02111141079994002,0.004107089161292767,0.6192599040140875,0.6160847717774164,0.41552806623388977,0.6271398832191232,0.05339900478904654,0.15743859277097913,0.0007709375219145067,1585.0,3.581806131787317,1.9754161542082788e-05,0,16728,0.09015994518995285,196,3.725290298461914e-09,3240,1.0,0.1,0.1,0.1,0.09090909090909091,0.09090909090909091,0.09090909090909091,3240,1.0,0.1,0.1,0.1,0.09090909090909091,0.09090909090909091,0.09090909090909091,4824,1.0,0.09999999794283958,0.10000000121918592,0.10000000617148178,0.09090908920895832,0.09090909191668257,0.09090909600948903
140,2.3333333333333335,True,valid,0.02510005810266716,0.023376202637508846,0.0041560555715015,0.5918040973763987,0.5762285836940517,0.39829543318039,0.6720104182326435,0.15167710428006156,0.23715383452776073,0.0007220487871815892,1585.0,4.286001311071308,1.8551313167363744e-05,0,17046,0.09774210304021835,194,3.725290298461914e-09,3240,1.0,0.1,0.1,0.1,0.09090909090909091,0.09090909090909091,0.09090909090909091,3240,1.0,0.1,0.1,0.1,0.09090909090909091,0.09090909090909091,0.09090909090909091,4824,1.0,0.09999999794283958,0.10000000121918592,0.10000000617148178,0.09090908920895832,0.09090909191668257,0.09090909600948903
141,2.35,True,valid,0.026659440582214686,0.024821512390120856,0.004195620505272077,0.5999486147778018,0.6039528259138116,0.334396074523566,0.5056144109533859,0.04056650653685626,0.32782324742358604,0.0006487256043105639,1585.0,11.729624963218418,1.6460414390780315e-05,0,17246,0.10286471247673035,197,7.450580596923828e-09,3240,1.0,0.1,0.1,0.1,0.09090909090909091,0.09090909090909091,0.09090909090909091,3240,1.0,0.1,0.1,0.1,0.09090909090909091,0.09090909090909091,0.09090909090909091,4824,1.0,0.09999999794283958,0.10000000121918592,0.10000000617148178,0.09090908920895832,0.09090909191668257,0.09090909600948903
142,2.3666666666666667,True,valid,0.028313600463788828,0.025637966070563747,0.0034064763855509066,0.49236134519553204,0.47279374217153536,0.3478665985390872,0.5283042013491048,0.039636476662787794,0.1261898004628905,0.0005936927402728895,1585.0,7.6592090711797765,1.5074992878154468e-05,0,17386,0.10741573572158813,186,3.725290298461914e-09,3240,1.0,0.1,0.1,0.1,0.09090909090909091,0.09090909090909091,0.09090909090909091,3240,1.0,0.1,0.1,0.1,0.09090909090909091,0.09090909090909091,0.09090909090909091,4824,1.0,0.09999999794283958,0.10000000121918592,0.10000000617148178,0.09090908920895832,0.09090909191668257,0.09090909600948903
143,2.3833333333333333,True,valid,0.027736582497768697,0.025829345953239848,0.0031960555756284778,1.6658439665379217,0.5852938778382131,1.4743656589273424,1.8409826996947047,0.11240927126051767,0.5686796753109536,0.000521208919115973,1585.0,32.71662149155062,3.564312893148637e-05,0,17476,0.10873984545469284,177,7.450580596923828e-09,3240,1.0,0.1,0.1,0.1,0.09090909090909091,0.09090909090909091,0.09090909090909091,3240,1.0,0.1,0.1,0.1,0.09090909090909091,0.09090909090909091,0.09090909090909091,4824,1.0,0.09999999794283958,0.10000000121918592,0.10000000617148178,0.09090908920895832,0.09090909191668257,0.09090909600948903
144,2.4,True,valid,0.025403270117929436,0.025071768695695162,0.003098572390817649,0.47955616227678316,0.40844957322944037,0.27716216368105445,0.3826990610352673,0.028832738953264596,0.21059467317208252,0.0004452170649482997,1585.0,11.274024280893375,1.3474735399247136e-05,0,17410,0.10837844014167786,181,7.450580596923828e-09,3240,1.0,0.1,0.1,0.1,0.09090909090909091,0.09090909090909091,0.09090909090909091,3240,1.0,0.1,0.1,0.1,0.09090909090909091,0.09090909090909091,0.09090909090909091,4824,1.0,0.09999999794283958,0.10000000121918592,0.10000000617148178,0.09090908920895832,0.09090909191668257,0.09090909600948903
145,2.4166666666666665,True,valid,0.023328372372185577,0.02432444203781357,0.002586026892585739,0.3381103594697509,0.31082945778136106,0.20033588934862348,0.3302225442732868,0.023512843143543575,0.18090508857449547,0.0003811578264795153,1585.0,7.285448250581596,9.233295778591431e-06,0,17426,0.10671213269233704,182,7.450580596923828e-09,3240,1.0,0.1,0.1,0.1,0.09090909090909091,0.09090909090909091,0.09090909090909091,3240,1.0,0.1,0.1,0.1,0.09090909090909091,0.09090909090909091,0.09090909090909091,4824,1.0,0.09999999794283958,0.10000000121918592,0.10000000617148178,0.09090908920895832,0.09090909191668257,0.09090909600948903
146,2.433333333333333,True,valid,0.021875938776077915,0.023609787491265445,0.002368143615491371,0.2948559064352876,0.29681272899268013,0.14687815835117812,0.27789137643839,0.023401596729841982,0.19245360661435143,0.00036271861527938375,1585.0,4.3807107503783245,8.522778237667649e-06,0,17364,0.10772101581096649,182,7.450580596923828e-09,3240,1.0,0.1,0.1,0.1,0.09090909090909091,0.09090909090909091,0.09090909090909091,3240,1.0,0.1,0.1,0.1,0.09090909090909091,0.09090909090909091,0.09090909090909091,4824,1.0,0.09999999794283958,0.10000000121918592,0.10000000617148178,0.09090908920895832,0.09090909191668257,0.09090909600948903
147,2.45,True,valid,0.020735161792963645,0.02257491126301118,0.0022247681108447485,0.21054046813209204,0.19744337199035852,0.13296419245119778,0.20307655639250913,0.018221605174607514,0.0,0.00031042400265607383,1585.0,1.3240378204214915,7.074100160544795e-06,0,17496,0.10719243437051773,177,7.450580596923828e-09,3240,1.0,0.1,0.1,0.1,0.09090909090909091,0.09090909090909091,0.09090909090909091,3240,1.0,0.1,0.1,0.1,0.09090909090909091,0.09090909090909091,0.09090909090909091,4824,1.0,0.09999999794283958,0.10000000121918592,0.10000000617148178,0.09090908920895832,0.09090909191668257,0.09090909600948903
148,2.466666666666667,True,valid,0.02091568289758406,0.019814798278671105,0.0020518187582067473,0.3846732702358034,0.2715446871636028,0.17098112771372584,0.2351223783368543,0.012460018096053597,0.22223429614514487,0.00022127550849364048,1585.0,11.963793887607414,5.300536433273873e-06,0,17452,0.10471435636281967,180,7.450580596923828e-09,3240,1.0,0.1,0.1,0.1,0.09090909090909091,0.09090909090909091,0.09090909090909091,3240,1.0,0.1,0.1,0.1,0.09090909090909091,0.09090909090909091,0.09090909090909091,4824,1.0,0.09999999794283958,0.10000000121918592,0.10000000617148178,0.09090908920895832,0.09090909191668257,0.09090909600948903
149,2.4833333333333334,True,valid,0.020944930623962372,0.017353057917935073,0.0020381793351279993,0.12253212415194194,0.11862623281193169,0.035800210404986786,0.12504738977043134,0.004455164233076186,0.01965476767608996,0.000182044431951843,1585.0,0.9581970226534491,3.950486300630913e-06,0,17160,0.09998206049203873,185,7.450580596923828e-09,3240,1.0,0.1,0.1,0.1,0.09090909090909091,0.09090909090909091,0.09090909090909091,3240,1.0,0.1,0.1,0.1,0.09090909090909091,0.09090909090909091,0.09090909090909091,4824,1.0,0.09999999794283958,0.10000000121918592,0.10000000617148178,0.09090908920895832,0.09090909191668257,0.09090909600948903
150,2.5,True,valid,0.021154003916459593,0.01515343325485364,0.0023369951392238665,0.15961054390072008,0.14573172625776368,0.08286775752545428,0.18863711230708172,0.012763034893467676,0.09872137008611452,0.00019430120477157477,1585.0,1.452824408410585,4.575590079106676e-06,0,16732,0.0951906219124794,190,7.450580596923828e-09,3240,1.0,0.1,0.1,0.1,0.09090909090909091,0.09090909090909091,0.09090909090909091,3240,1.0,0.1,0.1,0.1,0.09090909090909091,0.09090909090909091,0.09090909090909091,4824,1.0,0.09999999794283958,0.10000000121918592,0.10000000617148178,0.09090908920895832,0.09090909191668257,0.09090909600948903
151,2.5166666666666666,True,valid,0.021940213012760248,0.013880851733860467,0.0023858799851732997,0.19560001671173716,0.1763821709013079,0.11775085475685894,0.21866470630852083,0.04262192133185493,0.10090021589853537,0.00024314313298474604,1585.0,1.3478236531574626,6.125766902763979e-06,0,15998,0.09039176255464554,188,7.450580596923828e-09,3240,1.0,0.1,0.1,0.1,0.09090909090909091,0.09090909090909091,0.09090909090909091,3240,1.0,0.1,0.1,0.1,0.09090909090909091,0.09090909090909091,0.09090909090909091,4824,1.0,0.09999999794283958,0.10000000121918592,0.10000000617148178,0.09090908920895832,0.09090909191668257,0.09090909600948903
152,2.533333333333333,True,valid,0.022088128354695837,0.013331794513771866,0.00273529786290881,0.2360796580864288,0.22703758288899048,0.1515533605848544,0.24796424901376177,0.01836957002383996,0.08195906353397678,0.0002553953590716418,1585.0,1.2395024811267357,6.5317259552075086e-06,0,15795,0.0849529281258583,191,7.450580596923828e-09,3240,1.0,0.1,0.1,0.1,0.09090909090909091,0.09090909090909091,0.09090909090909091,3240,1.0,0.1,0.1,0.1,0.09090909090909091,0.09090909090909091,0.09090909090909091,4824,1.0,0.09999999794283958,0.10000000121918592,0.10000000617148178,0.09090908920895832,0.09090909191668257,0.09090909600948903
153,2.55,True,valid,0.022267388904442523,0.012913655083796856,0.0028553889493605628,0.3226885081934025,0.2941474970386052,0.20744611102908894,0.30482608337540507,0.02387445176149907,0.07038248648466826,0.0003296989184226459,1585.0,4.013702826303625,8.63363521687888e-06,0,15857,0.07891419529914856,191,7.450580596923828e-09,3240,1.0,0.1,0.1,0.1,0.09090909090909091,0.09090909090909091,0.09090909090909091,3240,1.0,0.1,0.1,0.1,0.09090909090909091,0.09090909090909091,0.09090909090909091,4824,1.0,0.09999999794283958,0.10000000121918592,0.10000000617148178,0.09090908920895832,0.09090909191668257,0.09090909600948903
154,2.566666666666667,True,valid,0.02134508951680089,0.012361753166304217,0.0030245888922074884,0.3528037869704053,0.3450774079230607,0.23851618237117092,0.3571343229084126,0.02870881524363453,0.08769967816073618,0.0004021185887100799,1585.0,1.7486295695128726,1.0853558220156888e-05,0,15932,0.07267381995916367,188,3.725290298461914e-09,3240,1.0,0.1,0.1,0.1,0.09090909090909091,0.09090909090909091,0.09090909090909091,3240,1.0,0.1,0.1,0.1,0.09090909090909091,0.09090909090909091,0.09090909090909091,4824,1.0,0.09999999794283958,0.10000000121918592,0.10000000617148178,0.09090908920895832,0.09090909191668257,0.09090909600948903
155,2.5833333333333335,True,valid,0.019760435412216976,0.011922600791702254,0.003031618137049912,0.4526383285560825,0.40088898240486465,0.3177953469449693,0.43565760361898964,0.03806493147363266,0.04455562800228616,0.000468159459888166,1585.0,6.5617553924009115,1.405576282824692e-05,0,16024,0.0647529661655426,189,7.450580596923828e-09,3240,1.0,0.1,0.1,0.1,0.09090909090909091,0.09090909090909091,0.09090909090909091,3240,1.0,0.1,0.1,0.1,0.09090909090909091,0.09090909090909091,0.09090909090909091,4824,1.0,0.09999999794283958,0.10000000121918592,0.10000000617148178,0.09090908920895832,0.09090909191668257,0.09090909600948903
156,2.6,True,valid,0.01785272299987081,0.011763630962486591,0.0032337995946845363,0.47806034654382973,0.4612016991175787,0.334765668200532,0.45654505642583443,0.03825091607392134,0.045074605971146466,0.0005486181232287637,1585.0,4.040364298772939,1.4899185541693608e-05,0,16069,0.059943705797195435,183,3.725290298461914e-09,3240,1.0,0.1,0.1,0.1,0.09090909090909091,0.09090909090909091,0.09090909090909091,3240,1.0,0.1,0.1,0.1,0.09090909090909091,0.09090909090909091,0.09090909090909091,4824,1.0,0.09999999794283958,0.10000000121918592,0.10000000617148178,0.09090908920895832,0.09090909191668257,0.09090909600948903
157,2.6166666666666667,True,valid,0.016142027434288594,0.011360566952686372,0.003458929946612324,0.5326888238079486,0.5055694488870995,0.3756442026006098,0.5128388073121704,0.0441475106205668,0.015865177223403304,0.0006179926615161884,1585.0,2.769009204196934,1.6849322839110223e-05,0,16199,0.05601754039525986,175,3.725290298461914e-09,3240,1.0,0.1,0.1,0.1,0.09090909090909091,0.09090909090909091,0.09090909090909091,3240,1.0,0.1,0.1,0.1,0.09090909090909091,0.09090909090909091,0.09090909090909091,4824,1.0,0.09999999794283958,0.10000000121918592,0.10000000617148178,0.09090908920895832,0.09090909191668257,0.09090909600948903
158,2.6333333333333333,True,valid,0.015416648628920707,0.011478716661829279,0.0034946233086530164,0.5780391356982989,0.5539930133690312,0.4089761021236411,0.5653328106079177,0.04880706468187686,0.05419207695411915,0.0006951137819566037,1585.0,3.1566823043143226,1.8708625490346896e-05,0,16234,0.05028635635972023,180,3.725290298461914e-09,3240,1.0,0.1,0.1,0.1,0.09090909090909091,0.09090909090909091,0.09090909090909091,3240,1.0,0.1,0.1,0.1,0.09090909090909091,0.09090909090909091,0.09090909090909091,4824,1.0,0.09999999794283958,0.10000000121918592,0.10000000617148178,0.09090908920895832,0.09090909191668257,0.09090909600948903
159,2.65,True,valid,0.015189006246964608,0.011838506350606195,0.004092544066605122,0.6497358522004923,0.6113414885082391,0.47598549963596226,0.6122775425469952,0.06342928717700362,0.052494384382835046,0.0008010204162945685,1585.0,7.238060882139809,2.138168157799398e-05,0,16242,0.04907394200563431,170,7.450580596923828e-09,3240,1.0,0.1,0.1,0.1,0.09090909090909091,0.09090909090909091,0.09090909090909091,3240,1.0,0.1,0.1,0.1,0.09090909090909091,0.09090909090909091,0.09090909090909091,4824,1.0,0.09999999794283958,0.10000000121918592,0.10000000617148178,0.09090908920895832,0.09090909191668257,0.09090909600948903
160,2.6666666666666665,True,valid,0.015923375892458326,0.011921630941509585,0.004232189521912585,3.3013597458888224,1.9751287965100717,1.8219862010477457,2.016352160460721,0.12834874755443654,1.7869804370070566,0.000865480514416324,1585.0,86.43592631901544,3.7989514410102424e-05,0,16274,0.044268831610679626,182,3.725290298461914e-09,3240,1.0,0.1,0.1,0.1,0.09090909090909091,0.09090909090909091,0.09090909090909091,3240,1.0,0.1,0.1,0.1,0.09090909090909091,0.09090909090909091,0.09090909090909091,4824,1.0,0.09999999794283958,0.10000000121918592,0.10000000617148178,0.09090908920895832,0.09090909191668257,0.09090909600948903
161,2.683333333333333,True,valid,0.01730840337154569,0.012268301222246444,0.0044995442431989205,0.6975942858563071,0.6986701636710011,0.48801529171116725,0.676138710125281,0.05921641368793593,0.0,0.0009036029642139887,1585.0,3.945567469501197,2.3731008790560108e-05,0,16325,0.042739223688840866,196,7.450580596923828e-09,3240,1.0,0.1,0.1,0.1,0.09090909090909091,0.09090909090909091,0.09090909090909091,3240,1.0,0.1,0.1,0.1,0.09090909090909091,0.09090909090909091,0.09090909090909091,4824,1.0,0.09999999794283958,0.10000000121918592,0.10000000617148178,0.09090908920895832,0.09090909191668257,0.09090909600948903
162,2.7,True,valid,0.018690811125762454,0.012658472532184455,0.004656079640025779,0.7553192193230983,0.7135827164488246,0.5143537973123098,0.7281443709787336,0.0635783921371332,0.0,0.0009054678365068191,1585.0,4.114330701989101,2.372865201016268e-05,0,16425,0.048257723450660706,196,3.725290298461914e-09,3240,1.0,0.1,0.1,0.1,0.09090909090909091,0.09090909090909091,0.09090909090909091,3240,1.0,0.1,0.1,0.1,0.09090909090909091,0.09090909090909091,0.09090909090909091,4824,1.0,0.09999999794283958,0.10000000121918592,0.10000000617148178,0.09090908920895832,0.09090909191668257,0.09090909600948903
163,2.716666666666667,True,valid,0.02004202846277208,0.01273270875303913,0.004947182926765569,0.8933436369067742,0.8089203491128236,0.5845974277000445,0.7809663089661879,0.11993880371123644,0.35765281267861093,0.0009784405300776726,1585.0,15.157613508350344,2.5469532373288055e-05,0,16510,0.04983426630496979,194,7.450580596923828e-09,3240,1.0,0.1,0.1,0.1,0.09090909090909091,0.09090909090909091,0.09090909090909091,3240,1.0,0.1,0.1,0.1,0.09090909090909091,0.09090909090909091,0.09090909090909091,4824,1.0,0.09999999794283958,0.10000000121918592,0.10000000617148178,0.09090908920895832,0.09090909191668257,0.09090909600948903
164,2.7333333333333334,True,valid,0.020989464435568084,0.013544031733420303,0.005174388039802019,0.7984567359921343,0.7828480403231736,0.536383344440427,0.7718074275878705,0.06531308634668752,0.0588897074588839,0.0009966008319573308,1585.0,4.442217950642112,2.5358681239895655e-05,0,16490,0.05202426388859749,193,3.725290298461914e-09,3240,1.0,0.1,0.1,0.1,0.09090909090909091,0.09090909090909091,0.09090909090909091,3240,1.0,0.1,0.1,0.1,0.09090909090909091,0.09090909090909091,0.09090909090909091,4824,1.0,0.09999999794283958,0.10000000121918592,0.10000000617148178,0.09090908920895832,0.09090909191668257,0.09090909600948903
165,2.75,True,valid,0.021916604068267745,0.013463903966361282,0.005262569151349296,0.790161502794294,0.7843909596476184,0.5547410663259088,0.7649642807193487,0.06727114571705105,0.0563860653237922,0.000998416831509378,1585.0,4.578906178455528,2.4197235914073828e-05,0,16594,0.05353251099586487,180,2.7939677238464355e-09,3240,1.0,0.1,0.1,0.1,0.09090909090909091,0.09090909090909091,0.09090909090909091,3240,1.0,0.1,0.1,0.1,0.09090909090909091,0.09090909090909091,0.09090909090909091,4824,1.0,0.09999999794283958,0.10000000121918592,0.10000000617148178,0.09090908920895832,0.09090909191668257,0.09090909600948903
166,2.7666666666666666,True,valid,0.021963976985606194,0.013649157413617451,0.005258674933409913,0.8292771340161711,0.7979883163520958,0.5715335443662296,0.8137339466139832,0.06825395895990474,0.0708620891672673,0.0009897139408186195,1585.0,4.952803326758774,3.099633530167494e-05,0,16612,0.05471309274435043,181,4.656612873077393e-10,3240,1.0,0.1,0.1,0.1,0.09090909090909091,0.09090909090909091,0.09090909090909091,3240,1.0,0.1,0.1,0.1,0.09090909090909091,0.09090909090909091,0.09090909090909091,4824,1.0,0.09999999794283958,0.10000000121918592,0.10000000617148178,0.09090908920895832,0.09090909191668257,0.09090909600948903
167,2.783333333333333,True,valid,0.02145518300904802,0.012736970353151007,0.005540152487950507,0.83474355706019,0.8036044241569529,0.5470814179381882,0.8534042883023689,0.0819077808319091,0.2547211710645017,0.0010114633474540477,1585.0,4.997006857518159,2.581301366851587e-05,0,16710,0.05704721808433533,180,3.725290298461914e-09,3240,1.0,0.1,0.1,0.1,0.09090909090909091,0.09090909090909091,0.09090909090909091,3240,1.0,0.1,0.1,0.1,0.09090909090909091,0.09090909090909091,0.09090909090909091,4824,1.0,0.09999999794283958,0.10000000121918592,0.10000000617148178,0.09090908920895832,0.09090909191668257,0.09090909600948903
168,2.8,True,valid,0.020352832450250623,0.01252787319125034,0.0050347854553435215,0.8988832011541201,0.8681242814996722,0.5729075627813132,0.7840682311144305,0.06840912116400268,0.3956265245790593,0.000999650267208964,1585.0,11.460234593814167,2.5737329727900644e-05,0,16628,0.059969715774059296,188,2.7939677238464355e-09,3240,1.0,0.1,0.1,0.1,0.09090909090909091,0.09090909090909091,0.09090909090909091,3240,1.0,0.1,0.1,0.1,0.09090909090909091,0.09090909090909091,0.09090909090909091,4824,1.0,0.09999999794283958,0.10000000121918592,0.10000000617148178,0.09090908920895832,0.09090909191668257,0.09090909600948903
169,2.816666666666667,True,valid,0.019029550474025048,0.011761118478620896,0.005152578079810821,0.7822120646018934,0.7819777072663929,0.532261810407628,0.7594602628991209,0.06756687450652901,0.0,0.0010155657447738326,1585.0,4.9378692748147905,2.554986863648607e-05,0,16686,0.06335630267858505,173,5.587935447692871e-09,3240,1.0,0.1,0.1,0.1,0.09090909090909091,0.09090909090909091,0.09090909090909091,3240,1.0,0.1,0.1,0.1,0.09090909090909091,0.09090909090909091,0.09090909090909091,4824,1.0,0.09999999794283958,0.10000000121918592,0.10000000617148178,0.09090908920895832,0.09090909191668257,0.09090909600948903
170,2.8333333333333335,True,valid,0.01742270654544368,0.011428183569837616,0.005262702781718771,1.5662319338228101,1.0455338519406514,0.9830562387903048,1.1828306292302724,0.45693616333940373,0.6733612582809955,0.0010979102775989552,1585.0,43.71781096793331,2.786475039426113e-05,0,16675,0.06749064475297928,175,5.587935447692871e-09,3240,1.0,0.1,0.1,0.1,0.09090909090909091,0.09090909090909091,0.09090909090909091,3240,1.0,0.1,0.1,0.1,0.09090909090909091,0.09090909090909091,0.09090909090909091,4824,1.0,0.09999999794283958,0.10000000121918592,0.10000000617148178,0.09090908920895832,0.09090909191668257,0.09090909600948903
171,2.85,True,valid,0.017341651965141206,0.011270569795091466,0.004503466451621928,0.7338234966309197,0.711405928722457,0.5498742167766978,0.7095412826120275,0.06292875990644224,0.0,0.0009495470689893498,1585.0,6.287003992096267,2.6521828874276933e-05,0,16723,0.07707514613866806,162,3.725290298461914e-09,3240,1.0,0.1,0.1,0.1,0.09090909090909091,0.09090909090909091,0.09090909090909091,3240,1.0,0.1,0.1,0.1,0.09090909090909091,0.09090909090909091,0.09090909090909091,4824,1.0,0.09999999794283958,0.10000000121918592,0.10000000617148178,0.09090908920895832,0.09090909191668257,0.09090909600948903
172,2.8666666666666667,True,valid,0.018176871018816588,0.01215962258994433,0.004929548108200184,0.7495488012382646,0.7307017814972909,0.49865087121755625,0.7553717489361644,0.05948192663278815,0.21457851136197983,0.0009080280769766699,1585.0,4.447599431262573,2.3763360145800253e-05,0,16468,0.08669191598892212,160,3.725290298461914e-09,3240,1.0,0.1,0.1,0.1,0.09090909090909091,0.09090909090909091,0.09090909090909091,3240,1.0,0.1,0.1,0.1,0.09090909090909091,0.09090909090909091,0.09090909090909091,4824,1.0,0.09999999794283958,0.10000000121918592,0.10000000617148178,0.09090908920895832,0.09090909191668257,0.09090909600948903
173,2.8833333333333333,True,valid,0.018860054516517125,0.012695635014856934,0.004290107621177063,0.6563925113876203,0.6595486080227301,0.44439897451894755,0.6378500960909023,0.05395363986524043,0.0,0.0008386665069026463,1585.0,4.103659090439311,2.1903819946170633e-05,0,16402,0.09578703343868256,159,3.725290298461914e-09,3240,1.0,0.1,0.1,0.1,0.09090909090909091,0.09090909090909091,0.09090909090909091,3240,1.0,0.1,0.1,0.1,0.09090909090909091,0.09090909090909091,0.09090909090909091,4824,1.0,0.09999999794283958,0.10000000121918592,0.10000000617148178,0.09090908920895832,0.09090909191668257,0.09090909600948903
174,2.9,True,valid,0.02001079387630881,0.014122113792150549,0.004338395748500299,0.8401275411241248,0.648539980330432,0.6719424598657506,0.9084224290500504,0.06752171941859038,0.20925528271040603,0.0007946438638945192,1585.0,14.933539762119086,2.5261449096607156e-05,0,16267,0.10446172952651978,165,3.725290298461914e-09,3240,1.0,0.1,0.1,0.1,0.09090909090909091,0.09090909090909091,0.09090909090909091,3240,1.0,0.1,0.1,0.1,0.09090909090909091,0.09090909090909091,0.09090909090909091,4824,1.0,0.09999999794283958,0.10000000121918592,0.10000000617148178,0.09090908920895832,0.09090909191668257,0.09090909600948903
175,2.9166666666666665,True,valid,0.020626424284872366,0.01580569269245737,0.004136829697230626,0.5863181512453446,0.5903740416214716,0.3849550410438019,0.5807899222404882,0.04701167480505299,0.08431861518178634,0.0007442114155520085,1585.0,3.5239785588708945,1.9048944040629247e-05,0,16250,0.11306487023830414,175,7.450580596923828e-09,3240,1.0,0.1,0.1,0.1,0.09090909090909091,0.09090909090909091,0.09090909090909091,3240,1.0,0.1,0.1,0.1,0.09090909090909091,0.09090909090909091,0.09090909090909091,4824,1.0,0.09999999794283958,0.10000000121918592,0.10000000617148178,0.09090908920895832,0.09090909191668257,0.09090909600948903
176,2.933333333333333,True,valid,0.021658965949405275,0.018044453814794977,0.003928204260755248,0.5518161261795793,0.5434740733749254,0.35214896275845686,0.5426290894964169,0.04281426113872156,0.06872319123555695,0.0006687003335758287,1585.0,3.282485172545162,1.7674012844180953e-05,0,16460,0.12194859236478806,176,7.450580596923828e-09,3240,1.0,0.1,0.1,0.1,0.09090909090909091,0.09090909090909091,0.09090909090909091,3240,1.0,0.1,0.1,0.1,0.09090909090909091,0.09090909090909091,0.09090909090909091,4824,1.0,0.09999999794283958,0.10000000121918592,0.10000000617148178,0.09090908920895832,0.09090909191668257,0.09090909600948903
177,2.95,True,valid,0.0217802163567078,0.019310904005959827,0.0034044229505501384,0.4731684763416977,0.48322770938466625,0.3104079363356936,0.4618338389569787,0.03786951347826652,0.0,0.0005921332744569979,1585.0,2.8014659200086567,1.4904919170285803e-05,0,16638,0.13095375895500183,176,3.725290298461914e-09,3240,1.0,0.1,0.1,0.1,0.09090909090909091,0.09090909090909091,0.09090909090909091,3240,1.0,0.1,0.1,0.1,0.09090909090909091,0.09090909090909091,0.09090909090909091,4824,1.0,0.09999999794283958,0.10000000121918592,0.10000000617148178,0.09090908920895832,0.09090909191668257,0.09090909600948903
178,2.966666666666667,True,valid,0.021311237059831123,0.021081724481235947,0.0033825718878252946,0.43786858734079553,0.43411846998937326,0.2802829454723713,0.428887485596461,0.037210252613770554,0.07105629521349853,0.0005272048938642533,1585.0,2.620631545851981,1.3158767822805484e-05,0,16940,0.13941815495491028,173,3.725290298461914e-09,3240,1.0,0.1,0.1,0.1,0.09090909090909091,0.09090909090909091,0.09090909090909091,3240,1.0,0.1,0.1,0.1,0.09090909090909091,0.09090909090909091,0.09090909090909091,4824,1.0,0.09999999794283958,0.10000000121918592,0.10000000617148178,0.09090908920895832,0.09090909191668257,0.09090909600948903
179,2.9833333333333334,True,valid,0.022152640011663356,0.02262059681779584,0.0031395692987070626,0.3813290066259233,0.37887486293851275,0.25132263876496475,0.36553555544631733,0.029303345704914652,0.03626682075561411,0.00047928418239479053,1585.0,4.62260572547914,1.2080118376228441e-05,0,17372,0.14736363291740417,185,7.450580596923828e-09,3240,1.0,0.1,0.1,0.1,0.09090909090909091,0.09090909090909091,0.09090909090909091,3240,1.0,0.1,0.1,0.1,0.09090909090909091,0.09090909090909091,0.09090909090909091,4824,1.0,0.09999999794283958,0.10000000121918592,0.10000000617148178,0.09090908920895832,0.09090909191668257,0.09090909600948903
180,3.0,True,valid,0.023377607334196762,0.02245935836501685,0.0024644460451726047,0.31360502020843384,0.3185439268773918,0.18995070331474137,0.3079732244210575,0.023455822891059287,0.043180117331883,0.00041127604105949356,1585.0,2.023524886833223,1.0193226662156428e-05,0,17428,0.15503866970539093,192,7.450580596923828e-09,3240,1.0,0.1,0.1,0.1,0.09090909090909091,0.09090909090909091,0.09090909090909091,3240,1.0,0.1,0.1,0.1,0.09090909090909091,0.09090909090909091,0.09090909090909091,4824,1.0,0.09999999794283958,0.10000000121918592,0.10000000617148178,0.09090908920895832,0.09090909191668257,0.09090909600948903
181,3.0166666666666666,True,valid,0.023909823175042467,0.02281160517529856,0.002335551678573414,0.297556392171314,0.27958823591488274,0.17661452344205444,0.2910898946682992,0.021953864265415946,0.06482856643592601,0.000342087217745079,1585.0,4.686899080937185,1.878786196246568e-05,0,17325,0.16226427257061005,201,7.450580596923828e-09,3240,1.0,0.1,0.1,0.1,0.09090909090909091,0.09090909090909091,0.09090909090909091,3240,1.0,0.1,0.1,0.1,0.09090909090909091,0.09090909090909091,0.09090909090909091,4824,1.0,0.09999999794283958,0.10000000121918592,0.10000000617148178,0.09090908920895832,0.09090909191668257,0.09090909600948903
182,3.033333333333333,True,valid,0.023958226887944196,0.022680247170300673,0.0024005757580117027,0.8277749392583487,0.28760334070288057,0.6875127931685848,0.8186132135836603,0.04946588907805227,0.23560240751506398,0.0002926961109987606,1585.0,15.960174333623506,8.008459169663279e-06,0,17232,0.1652831733226776,206,7.450580596923828e-09,3240,1.0,0.1,0.1,0.1,0.09090909090909091,0.09090909090909091,0.09090909090909091,3240,1.0,0.1,0.1,0.1,0.09090909090909091,0.09090909090909091,0.09090909090909091,4824,1.0,0.09999999794283958,0.10000000121918592,0.10000000617148178,0.09090908920895832,0.09090909191668257,0.09090909600948903
183,3.05,True,valid,0.02387396484283494,0.0224951801872206,0.0022783130553136258,0.16493606930995128,0.17156294264113908,0.053109114110408535,0.1581977951488417,0.006610409688733569,0.046549387798913336,0.00025928448608824884,1585.0,1.428906858778669,5.646572325271761e-06,0,17271,0.1658218801021576,204,7.450580596923828e-09,3240,1.0,0.1,0.1,0.1,0.09090909090909091,0.09090909090909091,0.09090909090909091,3240,1.0,0.1,0.1,0.1,0.09090909090909091,0.09090909090909091,0.09090909090909091,4824,1.0,0.09999999794283958,0.10000000121918592,0.10000000617148178,0.09090908920895832,0.09090909191668257,0.09090909600948903
184,3.066666666666667,True,valid,0.023431401189523304,0.022327463362401694,0.0021480124315351513,0.1377888818446759,0.134500608854118,0.035511440573198945,0.16499868653769165,0.006062333729304166,0.08546209663491347,0.000166103065044306,1585.0,0.6512563523202807,3.697112132818971e-06,0,17332,0.16472379863262177,205,7.450580596923828e-09,3240,1.0,0.1,0.1,0.1,0.09090909090909091,0.09090909090909091,0.09090909090909091,3240,1.0,0.1,0.1,0.1,0.09090909090909091,0.09090909090909091,0.09090909090909091,4824,1.0,0.09999999794283958,0.10000000121918592,0.10000000617148178,0.09090908920895832,0.09090909191668257,0.09090909600948903
185,3.0833333333333335,True,valid,0.022929899439780233,0.0211865506583481,0.0020623436653112214,0.42789697149523875,0.27081843223555446,0.20757949012943408,0.27906861308089825,0.017536664218537966,0.22606750949932425,0.0002031758485250913,1585.0,14.249857290866718,4.417212080205383e-06,0,17332,0.1624181568622589,205,7.450580596923828e-09,3240,1.0,0.1,0.1,0.1,0.09090909090909091,0.09090909090909091,0.09090909090909091,3240,1.0,0.1,0.1,0.1,0.09090909090909091,0.09090909090909091,0.09090909090909091,4824,1.0,0.09999999794283958,0.10000000121918592,0.10000000617148178,0.09090908920895832,0.09090909191668257,0.09090909600948903
186,3.1,True,valid,0.02178843267196482,0.018983798735519426,0.0024969119880776203,0.2558794168097611,0.18221015784272607,0.16590040968020914,0.21311611077867892,0.015656699183592047,0.10876509219156333,0.00019397604253477431,1585.0,5.2863465049936185,4.776227000356283e-06,0,17287,0.1579863727092743,207,7.450580596923828e-09,3240,1.0,0.1,0.1,0.1,0.09090909090909091,0.09090909090909091,0.09090909090909091,3240,1.0,0.1,0.1,0.1,0.09090909090909091,0.09090909090909091,0.09090909090909091,4824,1.0,0.09999999794283958,0.10000000121918592,0.10000000617148178,0.09090908920895832,0.09090909191668257,0.09090909600948903
187,3.1166666666666667,True,valid,0.021533143948315934,0.016667203766885505,0.002441144804252685,0.26946806684198066,0.2463407023599716,0.14894960387656697,0.23740397113778983,0.016904844468415923,0.13762157258763585,0.0002436397576319015,1585.0,5.486283816472967,6.561527819871769e-06,0,17070,0.15309275686740875,205,7.450580596923828e-09,3240,1.0,0.1,0.1,0.1,0.09090909090909091,0.09090909090909091,0.09090909090909091,3240,1.0,0.1,0.1,0.1,0.09090909090909091,0.09090909090909091,0.09090909090909091,4824,1.0,0.09999999794283958,0.10000000121918592,0.10000000617148178,0.09090908920895832,0.09090909191668257,0.09090909600948903
188,3.1333333333333333,True,valid,0.021310456763368884,0.014606837458614174,0.0024154055214748588,0.2808410794588508,0.2718261950819843,0.18475176066494975,0.27057940265882685,0.021831502832068944,0.07332466985131816,0.0003193131184911874,1585.0,1.8741058490956886,8.484065663475132e-06,0,16810,0.1475958526134491,206,7.450580596923828e-09,3240,1.0,0.1,0.1,0.1,0.09090909090909091,0.09090909090909091,0.09090909090909091,3240,1.0,0.1,0.1,0.1,0.09090909090909091,0.09090909090909091,0.09090909090909091,4824,1.0,0.09999999794283958,0.10000000121918592,0.10000000617148178,0.09090908920895832,0.09090909191668257,0.09090909600948903
189,3.15,True,valid,0.020542366443934975,0.012843250668383783,0.0029045054256052333,0.3512127038470476,0.34134375741153605,0.21958544107362737,0.3393941061772785,0.026385606171568685,0.07135164456905815,0.00037977787105947247,1585.0,2.4737684501811463,1.0107540871450036e-05,0,16522,0.14174336194992065,209,7.450580596923828e-09,3240,1.0,0.1,0.1,0.1,0.09090909090909091,0.09090909090909091,0.09090909090909091,3240,1.0,0.1,0.1,0.1,0.09090909090909091,0.09090909090909091,0.09090909090909091,4824,1.0,0.09999999794283958,0.10000000121918592,0.10000000617148178,0.09090908920895832,0.09090909191668257,0.09090909600948903
190,3.1666666666666665,True,valid,0.019648495206816923,0.011893364034614645,0.0031968226405818217,0.4136525582555792,0.3815995436471266,0.28722350416583764,0.39515918783218346,0.04552092442760732,0.07806119154361545,0.0004522278860608527,1585.0,3.9194805176878766,1.236715244086454e-05,0,16273,0.13550832867622375,203,7.450580596923828e-09,3240,1.0,0.1,0.1,0.1,0.09090909090909091,0.09090909090909091,0.09090909090909091,3240,1.0,0.1,0.1,0.1,0.09090909090909091,0.09090909090909091,0.09090909090909091,4824,1.0,0.09999999794283958,0.10000000121918592,0.10000000617148178,0.09090908920895832,0.09090909191668257,0.09090909600948903
191,3.183333333333333,True,valid,0.01919130294771717,0.011042667570907015,0.0033031605899007063,0.7430513607185572,0.572246764154362,0.4225898118886157,0.5291702981627888,0.04083248631156723,0.36731259019193563,0.0005300894851494085,1585.0,20.83846282677235,1.4971481070778717e-05,0,16195,0.12890590727329254,199,7.450580596923828e-09,3240,1.0,0.1,0.1,0.1,0.09090909090909091,0.09090909090909091,0.09090909090909091,3240,1.0,0.1,0.1,0.1,0.09090909090909091,0.09090909090909091,0.09090909090909091,4824,1.0,0.09999999794283958,0.10000000121918592,0.10000000617148178,0.09090908920895832,0.09090909191668257,0.09090909600948903
192,3.2,True,valid,0.0181669836814714,0.010909100053628093,0.0034029041110335426,0.651823730349417,0.5620023680184325,0.4431590104108757,0.5639578450946019,0.045250425729353394,0.29753642212296516,0.0005956083360929704,1585.0,10.691806498287315,1.567811709955577e-05,0,16127,0.12059443444013596,202,7.450580596923828e-09,3240,1.0,0.1,0.1,0.1,0.09090909090909091,0.09090909090909091,0.09090909090909091,3240,1.0,0.1,0.1,0.1,0.09090909090909091,0.09090909090909091,0.09090909090909091,4824,1.0,0.09999999794283958,0.10000000121918592,0.10000000617148178,0.09090908920895832,0.09090909191668257,0.09090909600948903
193,3.216666666666667,True,valid,0.01771785514358255,0.01236948015226195,0.0038489199988670014,0.5612185239135647,0.5420455620312319,0.38724770352420806,0.5432086844692753,0.04708571019428457,0.14749280513537336,0.0006624532903089281,1585.0,3.108129564627055,1.7526894048664005e-05,0,16184,0.11188887059688568,205,3.725290298461914e-09,3240,1.0,0.1,0.1,0.1,0.09090909090909091,0.09090909090909091,0.09090909090909091,3240,1.0,0.1,0.1,0.1,0.09090909090909091,0.09090909090909091,0.09090909090909091,4824,1.0,0.09999999794283958,0.10000000121918592,0.10000000617148178,0.09090908920895832,0.09090909191668257,0.09090909600948903
194,3.2333333333333334,True,valid,0.018337942119813554,0.013128696891147738,0.003995154110278635,0.600728677008721,0.6045337323274327,0.41332251050033675,0.5832279033844618,0.05007516979811862,0.0,0.0007480751736054636,1585.0,3.172780524020671,1.9803538706136252e-05,0,16300,0.1036963015794754,197,3.725290298461914e-09,3240,1.0,0.1,0.1,0.1,0.09090909090909091,0.09090909090909091,0.09090909090909091,3240,1.0,0.1,0.1,0.1,0.09090909090909091,0.09090909090909091,0.09090909090909091,4824,1.0,0.09999999794283958,0.10000000121918592,0.10000000617148178,0.09090908920895832,0.09090909191668257,0.09090909600948903
195,3.25,True,valid,0.018942835518029985,0.013602180260722699,0.004094743577885797,1.0394720645223299,0.6699651749002816,0.7596730862842047,1.0477512248329763,0.07371297894454149,0.20818599676128166,0.0007981876367043526,1585.0,25.06505049432521,2.2147629475421945e-05,0,16284,0.09542310237884521,187,7.450580596923828e-09,3240,1.0,0.1,0.1,0.1,0.09090909090909091,0.09090909090909091,0.09090909090909091,3240,1.0,0.1,0.1,0.1,0.09090909090909091,0.09090909090909091,0.09090909090909091,4824,1.0,0.09999999794283958,0.10000000121918592,0.10000000617148178,0.09090908920895832,0.09090909191668257,0.09090909600948903
196,3.2666666666666666,True,valid,0.018707750910852115,0.014134337630088976,0.00451739175278186,0.7069840901282811,0.669084523501848,0.4911830653309025,0.6808104398633262,0.0602714709253069,0.0,0.0008505084067798417,1585.0,5.609943900499716,2.2130840517691898e-05,0,16362,0.08816379308700562,178,5.587935447692871e-09,3240,1.0,0.1,0.1,0.1,0.09090909090909091,0.09090909090909091,0.09090909090909091,3240,1.0,0.1,0.1,0.1,0.09090909090909091,0.09090909090909091,0.09090909090909091,4824,1.0,0.09999999794283958,0.10000000121918592,0.10000000617148178,0.09090908920895832,0.09090909191668257,0.09090909600948903
197,3.283333333333333,True,valid,0.01872188034467461,0.014354031693841598,0.004733247690065049,1.108478588193956,0.9221451803113403,0.6048679901628843,0.780362977274153,0.0648651187210442,0.6020190264594995,0.0009040498469582393,1585.0,31.217143731767717,2.3469306242310612e-05,0,16366,0.08128651976585388,181,5.587935447692871e-09,3240,1.0,0.1,0.1,0.1,0.09090909090909091,0.09090909090909091,0.09090909090909091,3240,1.0,0.1,0.1,0.1,0.09090909090909091,0.09090909090909091,0.09090909090909091,4824,1.0,0.09999999794283958,0.10000000121918592,0.10000000617148178,0.09090908920895832,0.09090909191668257,0.09090909600948903
198,3.3,True,valid,0.018415953962211202,0.014583268050227851,0.004737336004379812,1.1808669589158687,0.847207907652738,0.8197183346688574,0.9973492899174234,0.0751035050289998,0.3455893758749205,0.0009679902190267718,1585.0,25.269925523357205,2.6521397106519995e-05,0,16352,0.07465748488903046,188,5.587935447692871e-09,3240,1.0,0.1,0.1,0.1,0.09090909090909091,0.09090909090909091,0.09090909090909091,3240,1.0,0.1,0.1,0.1,0.09090909090909091,0.09090909090909091,0.09090909090909091,4824,1.0,0.09999999794283958,0.10000000121918592,0.10000000617148178,0.09090908920895832,0.09090909191668257,0.09090909600948903
199,3.316666666666667,True,valid,0.018462585082643215,0.014950035381792052,0.004740018250893139,0.7919161648910772,0.7535010810849939,0.574707537866994,0.7494567514693142,0.0663409216820377,0.10300656734766334,0.0010135553510347596,1585.0,7.573606870014907,2.598525516545462e-05,0,16444,0.06782936304807663,181,1.862645149230957e-09,3240,1.0,0.1,0.1,0.1,0.09090909090909091,0.09090909090909091,0.09090909090909091,3240,1.0,0.1,0.1,0.1,0.09090909090909091,0.09090909090909091,0.09090909090909091,4824,1.0,0.09999999794283958,0.10000000121918592,0.10000000617148178,0.09090908920895832,0.09090909191668257,0.09090909600948903
200,3.3333333333333335,True,valid,0.019344088475637553,0.014678961643789542,0.005161227305297044,0.8807254334758671,0.7853086137162135,0.6424099729290472,0.8528278993740261,0.06898216802873866,0.0,0.0010374931503669043,1585.0,9.27095079007645,2.760044072727209e-05,0,16451,0.061183907091617584,171,2.7939677238464355e-09,3240,1.0,0.1,0.1,0.1,0.09090909090909091,0.09090909090909091,0.09090909090909091,3240,1.0,0.1,0.1,0.1,0.09090909090909091,0.09090909090909091,0.09090909090909091,4824,1.0,0.09999999794283958,0.10000000121918592,0.10000000617148178,0.09090908920895832,0.09090909191668257,0.09090909600948903
201,3.35,True,valid,0.020146255878265882,0.013950785813956838,0.0048024344562835886,0.8318858487036432,0.7815191084148382,0.5986263575047621,0.8270485615556339,0.06967436873713238,0.0878317242224829,0.0010183722832446864,1585.0,8.757833827511833,2.9695875810789356e-05,0,16375,0.055365655571222305,172,2.3283064365386963e-10,3240,1.0,0.1,0.1,0.1,0.09090909090909091,0.09090909090909091,0.09090909090909091,3240,1.0,0.1,0.1,0.1,0.09090909090909091,0.09090909090909091,0.09090909090909091,4824,1.0,0.09999999794283958,0.10000000121918592,0.10000000617148178,0.09090908920895832,0.09090909191668257,0.09090909600948903
202,3.3666666666666667,True,valid,0.019716929064215623,0.01397874759144864,0.005346909813999466,1.1522203839924614,0.8869885939786483,0.7285374246914176,0.9639143843983919,0.07501519402436645,0.41298019873696457,0.0010010866622901023,1585.0,29.66704793064871,2.609518852399077e-05,0,16427,0.049086131155490875,175,3.725290298461914e-09,3240,1.0,0.1,0.1,0.1,0.09090909090909091,0.09090909090909091,0.09090909090909091,3240,1.0,0.1,0.1,0.1,0.09090909090909091,0.09090909090909091,0.09090909090909091,4824,1.0,0.09999999794283958,0.10000000121918592,0.10000000617148178,0.09090908920895832,0.09090909191668257,0.09090909600948903
203,3.3833333333333333,True,valid,0.018712265033179926,0.01299380428585657,0.005405658784653707,0.8186465457353501,0.788098437684985,0.5605257229881818,0.7846976662086833,0.08001643886776313,0.0986853333421371,0.0010201906029245014,1585.0,5.061660544133194,2.557671186097359e-05,0,16545,0.04524635151028633,178,2.7939677238464355e-09,3240,1.0,0.1,0.1,0.1,0.09090909090909091,0.09090909090909091,0.09090909090909091,3240,1.0,0.1,0.1,0.1,0.09090909090909091,0.09090909090909091,0.09090909090909091,4824,1.0,0.09999999794283958,0.10000000121918592,0.10000000617148178,0.09090908920895832,0.09090909191668257,0.09090909600948903
204,3.4,True,valid,0.019020651411216796,0.013000931176267487,0.0050180918862181975,3.96155794028288,3.9029652450309698,0.673407419683198,0.9084631277375793,0.07276874756679752,3.8309224847026093,0.0010125353585023,1585.0,146.5803097004956,3.5871709526077034e-05,0,16533,0.047811899334192276,175,3.725290298461914e-09,3240,1.0,0.1,0.1,0.1,0.09090909090909091,0.09090909090909091,0.09090909090909091,3240,1.0,0.1,0.1,0.1,0.09090909090909091,0.09090909090909091,0.09090909090909091,4824,1.0,0.09999999794283958,0.10000000121918592,0.10000000617148178,0.09090908920895832,0.09090909191668257,0.09090909600948903
205,3.4166666666666665,True,valid,0.019457422938314334,0.012538555297435272,0.004729141565695868,0.8255730825463273,0.8108483822693496,0.5230699870916755,0.7543086826360301,0.06414848994078368,0.2885759459672866,0.0009772684911058315,1585.0,11.02230868167356,2.532644439538995e-05,0,16458,0.04449034854769707,175,3.725290298461914e-09,3240,1.0,0.1,0.1,0.1,0.09090909090909091,0.09090909090909091,0.09090909090909091,3240,1.0,0.1,0.1,0.1,0.09090909090909091,0.09090909090909091,0.09090909090909091,4824,1.0,0.09999999794283958,0.10000000121918592,0.10000000617148178,0.09090908920895832,0.09090909191668257,0.09090909600948903
206,3.433333333333333,True,valid,0.018675121715598417,0.01274732359244629,0.004969631618530194,0.7439066668494168,0.7425386957039929,0.5004989016216743,0.7224124659446335,0.06101773987454703,0.0,0.0009594446632225607,1585.0,4.422099052660097,2.455559598183103e-05,0,16438,0.04600149020552635,172,5.587935447692871e-09,3240,1.0,0.1,0.1,0.1,0.09090909090909091,0.09090909090909091,0.09090909090909091,3240,1.0,0.1,0.1,0.1,0.09090909090909091,0.09090909090909091,0.09090909090909091,4824,1.0,0.09999999794283958,0.10000000121918592,0.10000000617148178,0.09090908920895832,0.09090909191668257,0.09090909600948903
207,3.45,True,valid,0.017834012230046867,0.012367905934771928,0.004702539079106033,1.2546390570517256,0.7645029435101768,1.0213115809952762,1.2903634062153049,0.09974816288154822,0.3941750866751633,0.0009229043052097864,1585.0,22.58404697591664,2.7429931005327686e-05,0,16460,0.0459086038172245,172,3.725290298461914e-09,3240,1.0,0.1,0.1,0.1,0.09090909090909091,0.09090909090909091,0.09090909090909091,3240,1.0,0.1,0.1,0.1,0.09090909090909091,0.09090909090909091,0.09090909090909091,4824,1.0,0.09999999794283958,0.10000000121918592,0.10000000617148178,0.09090908920895832,0.09090909191668257,0.09090909600948903
208,3.466666666666667,True,valid,0.017463401151745998,0.012092966416193247,0.004699361184216401,2.5295310562028743,0.8118817883390358,2.2890170208291796,2.798848744079176,0.17302267887885384,0.6681801912211819,0.0008692217466755472,1585.0,62.094497336924164,3.188996116918348e-05,0,16514,0.04974222183227539,180,3.725290298461914e-09,3240,1.0,0.1,0.1,0.1,0.09090909090909091,0.09090909090909091,0.09090909090909091,3240,1.0,0.1,0.1,0.1,0.09090909090909091,0.09090909090909091,0.09090909090909091,4824,1.0,0.09999999794283958,0.10000000121918592,0.10000000617148178,0.09090908920895832,0.09090909191668257,0.09090909600948903
209,3.4833333333333334,True,valid,0.01701895928922111,0.011902050197990198,0.004202954122995831,0.8969523760863244,0.858376494864091,0.4909743269962829,0.6501149143550712,0.05572668191207244,0.5771856218831272,0.0008427516855861941,1585.0,23.470704605884197,2.2397919471981222e-05,0,16382,0.052769966423511505,183,7.450580596923828e-09,3240,1.0,0.1,0.1,0.1,0.09090909090909091,0.09090909090909091,0.09090909090909091,3240,1.0,0.1,0.1,0.1,0.09090909090909091,0.09090909090909091,0.09090909090909091,4824,1.0,0.09999999794283958,0.10000000121918592,0.10000000617148178,0.09090908920895832,0.09090909191668257,0.09090909600948903
210,3.5,True,valid,0.016998091757376665,0.012122225223057037,0.004152831125963268,1.194238449973261,0.637270262081404,0.9614600150509685,1.1422134897723706,0.09220290546776053,0.22718368200853792,0.000765068122792607,1585.0,18.509209521027454,2.1325133812861724e-05,0,16324,0.05856066197156906,183,3.725290298461914e-09,3240,1.0,0.1,0.1,0.1,0.09090909090909091,0.09090909090909091,0.09090909090909091,3240,1.0,0.1,0.1,0.1,0.09090909090909091,0.09090909090909091,0.09090909090909091,4824,1.0,0.09999999794283958,0.10000000121918592,0.10000000617148178,0.09090908920895832,0.09090909191668257,0.09090909600948903
211,3.5166666666666666,True,valid,0.017533174771663267,0.012291356899024964,0.003546901239815971,0.6455089375224906,0.5560073008075737,0.46420421438426823,0.6120019906696901,0.05035334890117483,0.16332685140913555,0.0006858325644541979,1585.0,8.089281953442715,1.862238960050047e-05,0,16249,0.0642542690038681,183,3.725290298461914e-09,3240,1.0,0.1,0.1,0.1,0.09090909090909091,0.09090909090909091,0.09090909090909091,3240,1.0,0.1,0.1,0.1,0.09090909090909091,0.09090909090909091,0.09090909090909091,4824,1.0,0.09999999794283958,0.10000000121918592,0.10000000617148178,0.09090908920895832,0.09090909191668257,0.09090909600948903
212,3.533333333333333,True,valid,0.01900309472979154,0.013930144703584476,0.003411188314569413,0.4957375562640432,0.5046032582301276,0.34019348736003696,0.5271591080509963,0.0399115917623893,0.14158565570137494,0.0006406536065246241,1585.0,4.065955031429119,1.6324769796115403e-05,0,16086,0.0755651444196701,184,3.725290298461914e-09,3240,1.0,0.1,0.1,0.1,0.09090909090909091,0.09090909090909091,0.09090909090909091,3240,1.0,0.1,0.1,0.1,0.09090909090909091,0.09090909090909091,0.09090909090909091,4824,1.0,0.09999999794283958,0.10000000121918592,0.10000000617148178,0.09090908920895832,0.09090909191668257,0.09090909600948903
213,3.55,True,valid,0.02005764319445384,0.014977407655344242,0.0033791058255422464,0.43633112560494547,0.44864994657595164,0.28454017679720084,0.4639634833838948,0.03445535888006379,0.13549403483986994,0.0005542121252022526,1585.0,2.7074452598552754,1.4165332292494431e-05,0,16184,0.08124296367168427,181,3.725290298461914e-09,3240,1.0,0.1,0.1,0.1,0.09090909090909091,0.09090909090909091,0.09090909090909091,3240,1.0,0.1,0.1,0.1,0.09090909090909091,0.09090909090909091,0.09090909090909091,4824,1.0,0.09999999794283958,0.10000000121918592,0.10000000617148178,0.09090908920895832,0.09090909191668257,0.09090909600948903
214,3.566666666666667,True,valid,0.02116173621886631,0.01625851086581101,0.0032792839119774866,0.41787009998257685,0.4192300127807511,0.262532662223556,0.3985026226097636,0.03231761452522329,0.15625394400744488,0.0005205268774309554,1585.0,5.556104124087146,1.2807582439629153e-05,0,16150,0.08535783737897873,187,7.450580596923828e-09,3240,1.0,0.1,0.1,0.1,0.09090909090909091,0.09090909090909091,0.09090909090909091,3240,1.0,0.1,0.1,0.1,0.09090909090909091,0.09090909090909091,0.09090909090909091,4824,1.0,0.09999999794283958,0.10000000121918592,0.10000000617148178,0.09090908920895832,0.09090909191668257,0.09090909600948903
215,3.5833333333333335,True,valid,0.023000874252139713,0.01784230935875869,0.0029140081791314216,1.7347123669831508,1.7158045940410274,0.269804406384688,0.3911628948650706,0.036921510333989126,1.6851057139229655,0.0004207674797861473,1585.0,67.31232637709108,1.2462930376846269e-05,0,16436,0.08656364679336548,186,7.450580596923828e-09,3240,1.0,0.1,0.1,0.1,0.09090909090909091,0.09090909090909091,0.09090909090909091,3240,1.0,0.1,0.1,0.1,0.09090909090909091,0.09090909090909091,0.09090909090909091,4824,1.0,0.09999999794283958,0.10000000121918592,0.10000000617148178,0.09090908920895832,0.09090909191668257,0.09090909600948903
216,3.6,True,valid,0.024582796159258933,0.019639461605633672,0.002515893919701474,0.27453750637028707,0.27637939764034697,0.1636969094642937,0.2931687397542564,0.019728058216627136,0.1075203650230659,0.0003846883911647407,1585.0,2.2120204767449025,9.22038296873998e-06,0,16632,0.09089174121618271,186,7.450580596923828e-09,3240,1.0,0.1,0.1,0.1,0.09090909090909091,0.09090909090909091,0.09090909090909091,3240,1.0,0.1,0.1,0.1,0.09090909090909091,0.09090909090909091,0.09090909090909091,4824,1.0,0.09999999794283958,0.10000000121918592,0.10000000617148178,0.09090908920895832,0.09090909191668257,0.09090909600948903
217,3.6166666666666667,True,valid,0.024573331765520248,0.02028559701702987,0.002507399112520661,0.5132608227932,0.26327192501863705,0.3716180513244458,0.5068197808246666,0.03082593992159859,0.18357983635056396,0.00028213733777292233,1585.0,14.340155997572385,8.805184377771002e-06,0,16920,0.09704690426588058,186,7.450580596923828e-09,3240,1.0,0.1,0.1,0.1,0.09090909090909091,0.09090909090909091,0.09090909090909091,3240,1.0,0.1,0.1,0.1,0.09090909090909091,0.09090909090909091,0.09090909090909091,4824,1.0,0.09999999794283958,0.10000000121918592,0.10000000617148178,0.09090908920895832,0.09090909191668257,0.09090909600948903
218,3.6333333333333333,True,valid,0.024089089605133215,0.02074405001964721,0.002579587227252039,0.7978771716548538,0.23729694092543946,0.7142238890657964,0.8731983284702296,0.052977906770446656,0.2302863919441688,0.0002788508846101639,1585.0,20.66991136000188,1.380519358808163e-05,0,17134,0.09795000404119492,182,7.450580596923828e-09,3240,1.0,0.1,0.1,0.1,0.09090909090909091,0.09090909090909091,0.09090909090909091,3240,1.0,0.1,0.1,0.1,0.09090909090909091,0.09090909090909091,0.09090909090909091,4824,1.0,0.09999999794283958,0.10000000121918592,0.10000000617148178,0.09090908920895832,0.09090909191668257,0.09090909600948903
219,3.65,True,valid,0.023633338351666467,0.02103473866338673,0.0020827914324541715,0.14800699346556234,0.1324592020611664,0.06327921643447874,0.2138739625478608,0.006674505734230088,0.1533261213631181,0.00018534179886575222,1585.0,1.8788714819036583,6.027813227422777e-06,0,17144,0.09921184182167053,178,7.450580596923828e-09,3240,1.0,0.1,0.1,0.1,0.09090909090909091,0.09090909090909091,0.09090909090909091,3240,1.0,0.1,0.1,0.1,0.09090909090909091,0.09090909090909091,0.09090909090909091,4824,1.0,0.09999999794283958,0.10000000121918592,0.10000000617148178,0.09090908920895832,0.09090909191668257,0.09090909600948903
220,3.6666666666666665,True,valid,0.02294104360098381,0.02075392515641499,0.0019401954137773657,0.12566373341808781,0.11408689752834074,0.044641668047171575,0.14259776413834413,0.005392330314006675,0.07105428924926536,0.000167232524731005,1585.0,0.6852826772286909,3.5403646159919803e-06,0,17068,0.10000031441450119,181,7.450580596923828e-09,3240,1.0,0.1,0.1,0.1,0.09090909090909091,0.09090909090909091,0.09090909090909091,3240,1.0,0.1,0.1,0.1,0.09090909090909091,0.09090909090909091,0.09090909090909091,4824,1.0,0.09999999794283958,0.10000000121918592,0.10000000617148178,0.09090908920895832,0.09090909191668257,0.09090909600948903
221,3.683333333333333,True,valid,0.0221165486949486,0.020189649677066542,0.002243724805923969,0.1855653005093293,0.14845876914090572,0.12572864760849556,0.2174786162195434,0.012767210344687363,0.1461115853460705,0.0001799266431949274,1585.0,2.247785587512975,4.688744219612814e-06,0,17282,0.09886300563812256,179,7.450580596923828e-09,3240,1.0,0.1,0.1,0.1,0.09090909090909091,0.09090909090909091,0.09090909090909091,3240,1.0,0.1,0.1,0.1,0.09090909090909091,0.09090909090909091,0.09090909090909091,4824,1.0,0.09999999794283958,0.10000000121918592,0.10000000617148178,0.09090908920895832,0.09090909191668257,0.09090909600948903
222,3.7,True,valid,0.021707976170155064,0.019297539837143506,0.002401214174669187,0.20157296025014337,0.19515245471805118,0.1279011126504937,0.20759465000485305,0.015889139889523483,0.06633952591334197,0.00022523094228756106,1585.0,1.0989764561894029,5.552189637798351e-06,0,17358,0.09720463305711746,178,7.450580596923828e-09,3240,1.0,0.1,0.1,0.1,0.09090909090909091,0.09090909090909091,0.09090909090909091,3240,1.0,0.1,0.1,0.1,0.09090909090909091,0.09090909090909091,0.09090909090909091,4824,1.0,0.09999999794283958,0.10000000121918592,0.10000000617148178,0.09090908920895832,0.09090909191668257,0.09090909600948903
223,3.716666666666667,True,valid,0.02158561837938133,0.01781919348775026,0.002430264179267629,0.27598598935614255,0.2529109633941291,0.19214365432623137,0.26937866872128274,0.02327421961775462,0.09765183092994317,0.00028671037883725077,1585.0,2.4449988647030936,7.0026344979302715e-06,0,17280,0.09346446394920349,177,7.450580596923828e-09,3240,1.0,0.1,0.1,0.1,0.09090909090909091,0.09090909090909091,0.09090909090909091,3240,1.0,0.1,0.1,0.1,0.09090909090909091,0.09090909090909091,0.09090909090909091,4824,1.0,0.09999999794283958,0.10000000121918592,0.10000000617148178,0.09090908920895832,0.09090909191668257,0.09090909600948903
224,3.7333333333333334,True,valid,0.021597021536650836,0.016194520335653835,0.002688739634721792,0.3120880108263814,0.3031438176678923,0.2179099384756156,0.301566300003572,0.02706720386727366,0.017068493980826164,0.00034944014223909926,1585.0,1.6596421038264872,9.150869073084758e-06,0,17054,0.08882047981023788,178,7.450580596923828e-09,3240,1.0,0.1,0.1,0.1,0.09090909090909091,0.09090909090909091,0.09090909090909091,3240,1.0,0.1,0.1,0.1,0.09090909090909091,0.09090909090909091,0.09090909090909091,4824,1.0,0.09999999794283958,0.10000000121918592,0.10000000617148178,0.09090908920895832,0.09090909191668257,0.09090909600948903
225,3.75,True,valid,0.021448788590776053,0.014601429445969857,0.003088947892090607,0.37288423356379097,0.3693363540992154,0.2551133859163885,0.3615489425640407,0.030616786992853983,0.028514346309434356,0.0004236635168424102,1585.0,1.9524166701310102,1.1498133285557911e-05,0,16910,0.08641006052494049,174,7.450580596923828e-09,3240,1.0,0.1,0.1,0.1,0.09090909090909091,0.09090909090909091,0.09090909090909091,3240,1.0,0.1,0.1,0.1,0.09090909090909091,0.09090909090909091,0.09090909090909091,4824,1.0,0.09999999794283958,0.10000000121918592,0.10000000617148178,0.09090908920895832,0.09090909191668257,0.09090909600948903
226,3.7666666666666666,True,valid,0.021320410121164778,0.01328736145503398,0.003317628047751348,0.4398772640620843,0.428898504139501,0.2926382711324317,0.43320966599581484,0.03631481532971985,0.10231418271387012,0.0004979228085160686,1585.0,2.3913034001568687,1.3206612677087732e-05,0,16733,0.0839272141456604,178,3.725290298461914e-09,3240,1.0,0.1,0.1,0.1,0.09090909090909091,0.09090909090909091,0.09090909090909091,3240,1.0,0.1,0.1,0.1,0.09090909090909091,0.09090909090909091,0.09090909090909091,4824,1.0,0.09999999794283958,0.10000000121918592,0.10000000617148178,0.09090908920895832,0.09090909191668257,0.09090909600948903
227,3.783333333333333,True,valid,0.020998830316812114,0.012638366401815548,0.0035480889547732596,0.48896202959259805,0.47086284284357943,0.34215743863063447,0.47414045571289265,0.04077745441992894,0.09459376321172812,0.0005627141868119677,1585.0,2.661433455587213,1.4762894144758951e-05,0,16524,0.07680165767669678,174,3.725290298461914e-09,3240,1.0,0.1,0.1,0.1,0.09090909090909091,0.09090909090909091,0.09090909090909091,3240,1.0,0.1,0.1,0.1,0.09090909090909091,0.09090909090909091,0.09090909090909091,4824,1.0,0.09999999794283958,0.10000000121918592,0.10000000617148178,0.09090908920895832,0.09090909191668257,0.09090909600948903
228,3.8,True,valid,0.02046211853077266,0.012087390653483484,0.003933480579085564,0.7412617347680077,0.538373612156485,0.5700216480547253,0.7240074069942599,0.05731406091899213,0.13832568516161817,0.0006415797296809228,1585.0,6.999682211386771,1.754802395331594e-05,0,16395,0.0685788169503212,173,7.450580596923828e-09,3240,1.0,0.1,0.1,0.1,0.09090909090909091,0.09090909090909091,0.09090909090909091,3240,1.0,0.1,0.1,0.1,0.09090909090909091,0.09090909090909091,0.09090909090909091,4824,1.0,0.09999999794283958,0.10000000121918592,0.10000000617148178,0.09090908920895832,0.09090909191668257,0.09090909600948903
229,3.816666666666667,True,valid,0.02019068794274033,0.012255881238400018,0.00439033489196063,0.9738231450857644,0.6044659194820766,0.8013347511980378,1.0336757518589723,0.07103494715610335,0.20050542918505943,0.0007231858012157038,1585.0,19.81931478341364,2.6367641984463223e-05,0,16312,0.05877746641635895,183,3.725290298461914e-09,3240,1.0,0.1,0.1,0.1,0.09090909090909091,0.09090909090909091,0.09090909090909091,3240,1.0,0.1,0.1,0.1,0.09090909090909091,0.09090909090909091,0.09090909090909091,4824,1.0,0.09999999794283958,0.10000000121918592,0.10000000617148178,0.09090908920895832,0.09090909191668257,0.09090909600948903
230,3.8333333333333335,True,valid,0.020707156118994336,0.013094759180724558,0.00438796455796267,0.6360583656192579,0.6278286626956235,0.43075392946266355,0.6368970254240806,0.052423382065950624,0.19823459977946348,0.0007711368465889847,1585.0,3.3806663244001394,2.005062361667535e-05,0,16288,0.05428139865398407,189,7.450580596923828e-09,3240,1.0,0.1,0.1,0.1,0.09090909090909091,0.09090909090909091,0.09090909090909091,3240,1.0,0.1,0.1,0.1,0.09090909090909091,0.09090909090909091,0.09090909090909091,4824,1.0,0.09999999794283958,0.10000000121918592,0.10000000617148178,0.09090908920895832,0.09090909191668257,0.09090909600948903
231,3.85,True,valid,0.020900353129466417,0.013439881948984293,0.004299600595800852,0.9746309743995085,0.6812213764968276,0.7730045333303018,0.9297374740321668,0.069083695237568,0.03336279742670453,0.0008687389421694003,1585.0,7.7841878045593536,2.347940118083144e-05,0,16268,0.05188032239675522,190,3.725290298461914e-09,3240,1.0,0.1,0.1,0.1,0.09090909090909091,0.09090909090909091,0.09090909090909091,3240,1.0,0.1,0.1,0.1,0.09090909090909091,0.09090909090909091,0.09090909090909091,4824,1.0,0.09999999794283958,0.10000000121918592,0.10000000617148178,0.09090908920895832,0.09090909191668257,0.09090909600948903
232,3.8666666666666667,True,valid,0.019958279489765335,0.01411875756943721,0.004795195233873906,0.7162371499262006,0.7101799695647749,0.48921493600537735,0.696638558295936,0.0618161093626348,0.09975460270812658,0.0008849187242250569,1585.0,3.9646810805346915,2.308177389263688e-05,0,16378,0.04460998252034187,192,1.862645149230957e-09,3240,1.0,0.1,0.1,0.1,0.09090909090909091,0.09090909090909091,0.09090909090909091,3240,1.0,0.1,0.1,0.1,0.09090909090909091,0.09090909090909091,0.09090909090909091,4824,1.0,0.09999999794283958,0.10000000121918592,0.10000000617148178,0.09090908920895832,0.09090909191668257,0.09090909600948903
233,3.8833333333333333,True,valid,0.019249940120155518,0.014904247247184733,0.00486069627889732,0.8387050226672653,0.7834323113422892,0.5496313995462154,0.819228538348666,0.06809495687579092,0.33047501170602334,0.00095238077683485,1585.0,9.720319326167868,3.4061912000816065e-05,0,16374,0.04027267172932625,188,1.862645149230957e-09,3240,1.0,0.1,0.1,0.1,0.09090909090909091,0.09090909090909091,0.09090909090909091,3240,1.0,0.1,0.1,0.1,0.09090909090909091,0.09090909090909091,0.09090909090909091,4824,1.0,0.09999999794283958,0.10000000121918592,0.10000000617148178,0.09090908920895832,0.09090909191668257,0.09090909600948903
234,3.9,True,valid,0.018172983579487392,0.014790424427559264,0.004694498133900761,0.8426706185757047,0.7724683889135093,0.5897641012581925,0.788522649894306,0.0791361588910857,0.18168312981172452,0.0009832062687675416,1585.0,8.095053530844046,2.5734029021240453e-05,0,16378,0.04029802978038788,189,2.7939677238464355e-09,3240,1.0,0.1,0.1,0.1,0.09090909090909091,0.09090909090909091,0.09090909090909091,3240,1.0,0.1,0.1,0.1,0.09090909090909091,0.09090909090909091,0.09090909090909091,4824,1.0,0.09999999794283958,0.10000000121918592,0.10000000617148178,0.09090908920895832,0.09090909191668257,0.09090909600948903
235,3.9166666666666665,True,valid,0.017785112041504604,0.015602188064048606,0.0050112612943424804,1.4533184423510486,1.2471561530756705,0.6797679584365728,0.8909755598040918,0.08119021223220002,1.0112943391122717,0.0009998593347468189,1585.0,43.74976129355053,2.568823907839939e-05,0,16424,0.043548885732889175,176,3.725290298461914e-09,3240,1.0,0.1,0.1,0.1,0.09090909090909091,0.09090909090909091,0.09090909090909091,3240,1.0,0.1,0.1,0.1,0.09090909090909091,0.09090909090909091,0.09090909090909091,4824,1.0,0.09999999794283958,0.10000000121918592,0.10000000617148178,0.09090908920895832,0.09090909191668257,0.09090909600948903
236,3.933333333333333,True,valid,0.018102825782665675,0.016008097334515328,0.00469535670112118,0.7909805701494723,0.7807722935962511,0.5507765054922649,0.7654530749795339,0.06702796561198868,0.0,0.0010239784460434505,1585.0,4.372364596807108,2.683310504497318e-05,0,16580,0.05546031519770622,182,2.561137080192566e-09,3240,1.0,0.1,0.1,0.1,0.09090909090909091,0.09090909090909091,0.09090909090909091,3240,1.0,0.1,0.1,0.1,0.09090909090909091,0.09090909090909091,0.09090909090909091,4824,1.0,0.09999999794283958,0.10000000121918592,0.10000000617148178,0.09090908920895832,0.09090909191668257,0.09090909600948903
237,3.95,True,valid,0.017767911052525082,0.01590030888082946,0.005403787382505051,3.2065565474145528,0.9400525368478962,2.840834751313727,3.479279032697006,0.21651609521189508,0.6744956668954867,0.0010443478744176042,1585.0,74.22745662971732,3.081193899759814e-05,0,16706,0.0655352845788002,192,3.4924596548080444e-09,3240,1.0,0.1,0.1,0.1,0.09090909090909091,0.09090909090909091,0.09090909090909091,3240,1.0,0.1,0.1,0.1,0.09090909090909091,0.09090909090909091,0.09090909090909091,4824,1.0,0.09999999794283958,0.10000000121918592,0.10000000617148178,0.09090908920895832,0.09090909191668257,0.09090909600948903
238,3.966666666666667,True,valid,0.01801051204102103,0.016225559391253877,0.005166529831481725,0.8605128054384644,0.8033457498258186,0.601560214125357,0.8478905127495474,0.09212447712113447,0.0,0.0010633361517872592,1585.0,5.779611137415627,2.8411621053840875e-05,0,16626,0.07447855174541473,195,3.725290298461914e-09,3240,1.0,0.1,0.1,0.1,0.09090909090909091,0.09090909090909091,0.09090909090909091,3240,1.0,0.1,0.1,0.1,0.09090909090909091,0.09090909090909091,0.09090909090909091,4824,1.0,0.09999999794283958,0.10000000121918592,0.10000000617148178,0.09090908920895832,0.09090909191668257,0.09090909600948903
239,3.9833333333333334,True,valid,0.018367430251323848,0.01592319708629132,0.004991542544141512,0.8168443748790291,0.7974347879195174,0.5651243086771618,0.7917757138233824,0.07172081791506354,0.07513937076885695,0.001054918284348347,1585.0,4.5229111774460415,2.7059094079262738e-05,0,16628,0.08344117552042007,193,5.587935447692871e-09,3240,1.0,0.1,0.1,0.1,0.09090909090909091,0.09090909090909091,0.09090909090909091,3240,1.0,0.1,0.1,0.1,0.09090909090909091,0.09090909090909091,0.09090909090909091,4824,1.0,0.09999999794283958,0.10000000121918592,0.10000000617148178,0.09090908920895832,0.09090909191668257,0.09090909600948903
240,4.0,True,valid,0.018778223870048235,0.01568030701653461,0.004975409128424655,0.7848227773223371,0.7834243736231447,0.5313856072723835,0.7624753460539005,0.06488435771731263,0.09465803214203983,0.0010213688148395768,1585.0,4.39268204341375,2.65407194006712e-05,0,16610,0.09287670254707336,199,7.450580596923828e-09,3240,1.0,0.1,0.1,0.1,0.09090909090909091,0.09090909090909091,0.09090909090909091,3240,1.0,0.1,0.1,0.1,0.09090909090909091,0.09090909090909091,0.09090909090909091,4824,1.0,0.09999999794283958,0.10000000121918592,0.10000000617148178,0.09090908920895832,0.09090909191668257,0.09090909600948903
241,4.016666666666667,True,valid,0.019523138363873,0.015340675650393628,0.004969567909616124,2.0768998245620556,1.650611479400757,0.924681329402896,1.1150666360158925,0.08012249988964935,1.4602796857645786,0.0009867221498737686,1585.0,52.35412452446048,3.7035395807643395e-05,0,16422,0.10198628157377243,204,5.587935447692871e-09,3240,1.0,0.1,0.1,0.1,0.09090909090909091,0.09090909090909091,0.09090909090909091,3240,1.0,0.1,0.1,0.1,0.09090909090909091,0.09090909090909091,0.09090909090909091,4824,1.0,0.09999999794283958,0.10000000121918592,0.10000000617148178,0.09090908920895832,0.09090909191668257,0.09090909600948903
242,4.033333333333333,True,valid,0.020561187438251007,0.014622391036242173,0.00465887201969082,0.7636103507599503,0.7452470860367533,0.49442769442340817,0.7407740826869115,0.06143173609332695,0.0,0.0009000588319835727,1585.0,4.2323555962717005,2.3149356218204176e-05,0,16304,0.10895874351263046,208,3.725290298461914e-09,3240,1.0,0.1,0.1,0.1,0.09090909090909091,0.09090909090909091,0.09090909090909091,3240,1.0,0.1,0.1,0.1,0.09090909090909091,0.09090909090909091,0.09090909090909091,4824,1.0,0.09999999794283958,0.10000000121918592,0.10000000617148178,0.09090908920895832,0.09090909191668257,0.09090909600948903
243,4.05,True,valid,0.020491325180169183,0.014110417619552822,0.004760280166469612,0.7473109448572197,0.7477585197611655,0.4708784640394061,0.7431098789147755,0.05582700825068268,0.3273075250145921,0.000878816279909401,1585.0,9.339001525081297,2.2623759525843203e-05,0,16306,0.1107880100607872,194,3.725290298461914e-09,3240,1.0,0.1,0.1,0.1,0.09090909090909091,0.09090909090909091,0.09090909090909091,3240,1.0,0.1,0.1,0.1,0.09090909090909091,0.09090909090909091,0.09090909090909091,4824,1.0,0.09999999794283958,0.10000000121918592,0.10000000617148178,0.09090908920895832,0.09090909191668257,0.09090909600948903
244,4.066666666666666,True,valid,0.019873779853123868,0.01383419865787901,0.004562251772383356,0.7652095167152373,0.7654185934624159,0.435337449795699,0.6508546614887039,0.05340422354047574,0.4011954709084872,0.0008258538146270085,1585.0,15.109421124876741,2.1259010523743587e-05,0,16258,0.11305274814367294,174,7.450580596923828e-09,3240,1.0,0.1,0.1,0.1,0.09090909090909091,0.09090909090909091,0.09090909090909091,3240,1.0,0.1,0.1,0.1,0.09090909090909091,0.09090909090909091,0.09090909090909091,4824,1.0,0.09999999794283958,0.10000000121918592,0.10000000617148178,0.09090908920895832,0.09090909191668257,0.09090909600948903
245,4.083333333333333,True,valid,0.019026326697494305,0.012837451551622017,0.0040797520049091285,0.6050814280703122,0.6212612587998603,0.4028520805591117,0.5902189472250682,0.048812601597261966,0.0,0.0007699151647154543,1585.0,3.6263833681746305,1.9765323282053706e-05,0,16302,0.11656639724969864,147,7.450580596923828e-09,3240,1.0,0.1,0.1,0.1,0.09090909090909091,0.09090909090909091,0.09090909090909091,3240,1.0,0.1,0.1,0.1,0.09090909090909091,0.09090909090909091,0.09090909090909091,4824,1.0,0.09999999794283958,0.10000000121918592,0.10000000617148178,0.09090908920895832,0.09090909191668257,0.09090909600948903
246,4.1,True,valid,0.018440513183945455,0.013719779445290044,0.004141974969101282,0.6054406421633975,0.5752604872823563,0.4158176675687447,0.7337697492973412,0.050958973172891615,0.3178839320422452,0.000777456817527961,1585.0,5.636520242970443,1.91349226329077e-05,0,16266,0.11988399177789688,145,7.450580596923828e-09,3240,1.0,0.1,0.1,0.1,0.09090909090909091,0.09090909090909091,0.09090909090909091,3240,1.0,0.1,0.1,0.1,0.09090909090909091,0.09090909090909091,0.09090909090909091,4824,1.0,0.09999999794283958,0.10000000121918592,0.10000000617148178,0.09090908920895832,0.09090909191668257,0.09090909600948903
247,4.116666666666666,True,valid,0.016912059922709492,0.012707224915414046,0.0036034966471369867,0.5175139638409921,0.5227825164966072,0.33803941922650593,0.512900671176679,0.04123825458117546,0.17964224200731024,0.0006850285744530055,1585.0,3.6552055472761964,1.9628781664910546e-05,0,16118,0.12329602241516113,142,3.725290298461914e-09,3240,1.0,0.1,0.1,0.1,0.09090909090909091,0.09090909090909091,0.09090909090909091,3240,1.0,0.1,0.1,0.1,0.09090909090909091,0.09090909090909091,0.09090909090909091,4824,1.0,0.09999999794283958,0.10000000121918592,0.10000000617148178,0.09090908920895832,0.09090909191668257,0.09090909600948903
248,4.133333333333334,True,valid,0.01569725643369086,0.013086783444590331,0.003572582912232323,0.45169584070294627,0.47066012283047703,0.30044744828231734,0.4427401005153814,0.04063183734993454,0.04344479940576757,0.000613726540168739,1585.0,2.834963222325953,1.4960907483338596e-05,0,16063,0.12670931220054626,150,3.725290298461914e-09,3240,1.0,0.1,0.1,0.1,0.09090909090909091,0.09090909090909091,0.09090909090909091,3240,1.0,0.1,0.1,0.1,0.09090909090909091,0.09090909090909091,0.09090909090909091,4824,1.0,0.09999999794283958,0.10000000121918592,0.10000000617148178,0.09090908920895832,0.09090909191668257,0.09090909600948903
249,4.15,True,valid,0.016809299037834177,0.014358295680316954,0.003257700036394762,0.4958316951176647,0.4396881118882819,0.36253707646625105,0.4643842266977684,0.09733121695283274,0.2714400442126322,0.0005982778545233536,1585.0,8.26851829665542,1.4930451620165755e-05,0,16158,0.12986280024051666,159,7.450580596923828e-09,3240,1.0,0.1,0.1,0.1,0.09090909090909091,0.09090909090909091,0.09090909090909091,3240,1.0,0.1,0.1,0.1,0.09090909090909091,0.09090909090909091,0.09090909090909091,4824,1.0,0.09999999794283958,0.10000000121918592,0.10000000617148178,0.09090908920895832,0.09090909191668257,0.09090909600948903
250,4.166666666666667,True,valid,0.017786699093628386,0.014220260886616135,0.0030017580634834214,0.4736580141091574,0.4363486166335063,0.2508028860716928,0.4257056776344646,0.03434373648352403,0.30549319526557456,0.0004565552855909491,1585.0,12.28249913322876,1.107004484173096e-05,0,16014,0.1331312507390976,159,7.450580596923828e-09,3240,1.0,0.1,0.1,0.1,0.09090909090909091,0.09090909090909091,0.09090909090909091,3240,1.0,0.1,0.1,0.1,0.09090909090909091,0.09090909090909091,0.09090909090909091,4824,1.0,0.09999999794283958,0.10000000121918592,0.10000000617148178,0.09090908920895832,0.09090909191668257,0.09090909600948903
251,4.183333333333334,True,valid,0.02081738869291186,0.014536388540471519,0.0026841513608022805,0.3292088074098823,0.3171027010657434,0.2018602005136762,0.33132618261030744,0.02829523071611837,0.14837217805493294,0.00041626920918735015,1585.0,2.4861814119547687,1.001107884517443e-05,0,16080,0.13634678721427917,154,7.450580596923828e-09,3240,1.0,0.1,0.1,0.1,0.09090909090909091,0.09090909090909091,0.09090909090909091,3240,1.0,0.1,0.1,0.1,0.09090909090909091,0.09090909090909091,0.09090909090909091,4824,1.0,0.09999999794283958,0.10000000121918592,0.10000000617148178,0.09090908920895832,0.09090909191668257,0.09090909600948903
252,4.2,True,valid,0.022538383315270197,0.016209258217944195,0.002630004148848666,1.3085802536959483,0.9691337511006551,0.8504565257765948,0.9600364590243925,0.05828305482027714,0.9325121058891945,0.00034952867502468046,1585.0,37.85379526369608,1.1576186231625965e-05,0,15694,0.1396442949771881,156,7.450580596923828e-09,3240,1.0,0.1,0.1,0.1,0.09090909090909091,0.09090909090909091,0.09090909090909091,3240,1.0,0.1,0.1,0.1,0.09090909090909091,0.09090909090909091,0.09090909090909091,4824,1.0,0.09999999794283958,0.10000000121918592,0.10000000617148178,0.09090908920895832,0.09090909191668257,0.09090909600948903
253,4.216666666666667,True,valid,0.02328585946182749,0.016688469556919626,0.0026606492889831145,0.2977636249598655,0.29006087047291906,0.08581530370561698,0.2224643933676001,0.011363383738464091,0.2497369272425116,0.00027566686688608693,1585.0,9.187858833287398,6.455388432178713e-06,0,15693,0.14218878746032715,159,7.450580596923828e-09,3240,1.0,0.1,0.1,0.1,0.09090909090909091,0.09090909090909091,0.09090909090909091,3240,1.0,0.1,0.1,0.1,0.09090909090909091,0.09090909090909091,0.09090909090909091,4824,1.0,0.09999999794283958,0.10000000121918592,0.10000000617148178,0.09090908920895832,0.09090909191668257,0.09090909600948903
254,4.233333333333333,True,valid,0.023483058254599187,0.018158376743439113,0.0025573110192253458,0.1527983240371867,0.15564562479231417,0.03780662052090378,0.15613609821296415,0.005431199678299704,0.043071260871218965,0.0002198561038971374,1585.0,0.7922574224212813,4.7950691088898126e-06,0,16341,0.14413166046142578,155,7.450580596923828e-09,3240,1.0,0.1,0.1,0.1,0.09090909090909091,0.09090909090909091,0.09090909090909091,3240,1.0,0.1,0.1,0.1,0.09090909090909091,0.09090909090909091,0.09090909090909091,4824,1.0,0.09999999794283958,0.10000000121918592,0.10000000617148178,0.09090908920895832,0.09090909191668257,0.09090909600948903
255,4.25,True,valid,0.023189485020641092,0.01860413319036903,0.0023319146451649844,0.24760021396729537,0.23846000640780057,0.044099367085538896,0.18061599937110465,0.005565165230820389,0.22600652215834116,0.00018382456526465571,1585.0,8.143290927698983,3.990092187473861e-06,0,16411,0.14554369449615479,156,7.450580596923828e-09,3240,1.0,0.1,0.1,0.1,0.09090909090909091,0.09090909090909091,0.09090909090909091,3240,1.0,0.1,0.1,0.1,0.09090909090909091,0.09090909090909091,0.09090909090909091,4824,1.0,0.09999999794283958,0.10000000121918592,0.10000000617148178,0.09090908920895832,0.09090909191668257,0.09090909600948903
256,4.266666666666667,True,valid,0.022394863476368446,0.017973237242569773,0.002078369720946683,0.15252188277258139,0.14227081966003122,0.07225530881178399,0.17390301848999082,0.009442267916271457,0.08354777513692009,0.00022476329056920276,1585.0,0.7462334810438797,5.002283616806693e-06,0,16400,0.1465776562690735,156,7.450580596923828e-09,3240,1.0,0.1,0.1,0.1,0.09090909090909091,0.09090909090909091,0.09090909090909091,3240,1.0,0.1,0.1,0.1,0.09090909090909091,0.09090909090909091,0.09090909090909091,4824,1.0,0.09999999794283958,0.10000000121918592,0.10000000617148178,0.09090908920895832,0.09090909191668257,0.09090909600948903
257,4.283333333333333,True,valid,0.020724570071745933,0.017664132373486456,0.002559576275376302,0.1976796892696138,0.18603878206140417,0.11417139336562367,0.21698120033366583,0.013815735031139843,0.09648662858735574,0.00021686310539398095,1585.0,1.3137761393782843,5.464620544116579e-06,0,16978,0.14751139283180237,162,7.450580596923828e-09,3240,1.0,0.1,0.1,0.1,0.09090909090909091,0.09090909090909091,0.09090909090909091,3240,1.0,0.1,0.1,0.1,0.09090909090909091,0.09090909090909091,0.09090909090909091,4824,1.0,0.09999999794283958,0.10000000121918592,0.10000000617148178,0.09090908920895832,0.09090909191668257,0.09090909600948903
258,4.3,True,valid,0.019869507419997694,0.017371482052417616,0.002499813595735099,0.24832909312017745,0.23159733779629602,0.1600219164142375,0.25183993473549954,0.01941779378196144,0.10110817921550727,0.0002618530914004222,1585.0,1.6696094596729425,6.756629055318219e-06,0,17132,0.14855018258094788,168,7.450580596923828e-09,3240,1.0,0.1,0.1,0.1,0.09090909090909091,0.09090909090909091,0.09090909090909091,3240,1.0,0.1,0.1,0.1,0.09090909090909091,0.09090909090909091,0.09090909090909091,4824,1.0,0.09999999794283958,0.10000000121918592,0.10000000617148178,0.09090908920895832,0.09090909191668257,0.09090909600948903
259,4.316666666666666,True,valid,0.019937707204780743,0.015957712230214482,0.0025997647523512343,0.30114005908171837,0.294274919648495,0.20121683601376905,0.3022749023689658,0.02437410495599497,0.05812283237581742,0.00034684660471617486,1585.0,1.6287552317693947,9.018004751574142e-06,0,17228,0.14883911609649658,175,7.450580596923828e-09,3240,1.0,0.1,0.1,0.1,0.09090909090909091,0.09090909090909091,0.09090909090909091,3240,1.0,0.1,0.1,0.1,0.09090909090909091,0.09090909090909091,0.09090909090909091,4824,1.0,0.09999999794283958,0.10000000121918592,0.10000000617148178,0.09090908920895832,0.09090909191668257,0.09090909600948903
260,4.333333333333333,True,valid,0.01996461106506311,0.01489971831557056,0.002931754271634394,0.4019459480152759,0.34784230792817866,0.2809592828809302,0.521368728848578,0.036536104808253866,0.26982258037792156,0.00040923594755627767,1585.0,5.375812058341367,1.0915165360754828e-05,0,17178,0.14826010167598724,172,3.725290298461914e-09,3240,1.0,0.1,0.1,0.1,0.09090909090909091,0.09090909090909091,0.09090909090909091,3240,1.0,0.1,0.1,0.1,0.09090909090909091,0.09090909090909091,0.09090909090909091,4824,1.0,0.09999999794283958,0.10000000121918592,0.10000000617148178,0.09090908920895832,0.09090909191668257,0.09090909600948903
261,4.35,True,valid,0.02014692773131269,0.014138961879667114,0.0032184466811819275,0.4215043365829507,0.3893075368459002,0.29829213623119377,0.4029478628746865,0.03801390179383989,0.05403149176052755,0.00048720794084463676,1585.0,2.2748765770283317,1.2900524498758422e-05,0,16991,0.14289861917495728,165,3.725290298461914e-09,3240,1.0,0.1,0.1,0.1,0.09090909090909091,0.09090909090909091,0.09090909090909091,3240,1.0,0.1,0.1,0.1,0.09090909090909091,0.09090909090909091,0.09090909090909091,4824,1.0,0.09999999794283958,0.10000000121918592,0.10000000617148178,0.09090908920895832,0.09090909191668257,0.09090909600948903
262,4.366666666666666,True,valid,0.02036039386761509,0.013759073786879069,0.003524527653769808,0.4839973934909707,0.4677448704585709,0.3334714437048258,0.46909769274345015,0.04014168578610238,0.044463378218659706,0.0005678072492668002,1585.0,2.414640552951463,1.5213982881786175e-05,0,16768,0.13738246262073517,168,3.725290298461914e-09,3240,1.0,0.1,0.1,0.1,0.09090909090909091,0.09090909090909091,0.09090909090909091,3240,1.0,0.1,0.1,0.1,0.09090909090909091,0.09090909090909091,0.09090909090909091,4824,1.0,0.09999999794283958,0.10000000121918592,0.10000000617148178,0.09090908920895832,0.09090909191668257,0.09090909600948903
263,4.383333333333334,True,valid,0.020280376829224428,0.01393721338505132,0.0036824123608405293,0.5375471387122436,0.5297628627161666,0.3632745140046486,0.5130145342675773,0.043832189616002666,0.0926450971632532,0.0006159183748479305,1585.0,3.683023457382218,1.6312903882601273e-05,0,16814,0.13163012266159058,166,3.725290298461914e-09,3240,1.0,0.1,0.1,0.1,0.09090909090909091,0.09090909090909091,0.09090909090909091,3240,1.0,0.1,0.1,0.1,0.09090909090909091,0.09090909090909091,0.09090909090909091,4824,1.0,0.09999999794283958,0.10000000121918592,0.10000000617148178,0.09090908920895832,0.09090909191668257,0.09090909600948903
264,4.4,True,valid,0.020318578198392015,0.01296175940406976,0.004090886747193066,0.5924267230663904,0.5695074857928732,0.39872665443490396,0.5758492199979511,0.0484925040605571,0.06035928745041316,0.0006948826591169088,1585.0,3.0058586459243504,1.8337059641016688e-05,0,17160,0.12377309799194336,169,7.450580596923828e-09,3240,1.0,0.1,0.1,0.1,0.09090909090909091,0.09090909090909091,0.09090909090909091,3240,1.0,0.1,0.1,0.1,0.09090909090909091,0.09090909090909091,0.09090909090909091,4824,1.0,0.09999999794283958,0.10000000121918592,0.10000000617148178,0.09090908920895832,0.09090909191668257,0.09090909600948903
265,4.416666666666667,True,valid,0.0203336653441776,0.012667658889496166,0.004260205579017297,2.399501366306193,1.4057877266222718,1.3445455467102836,1.5323934345856118,0.09976719962859813,1.1766337588597284,0.0008051846510392725,1585.0,78.40072488087836,2.8089457122719843e-05,0,16895,0.11580710113048553,174,7.450580596923828e-09,3240,1.0,0.1,0.1,0.1,0.09090909090909091,0.09090909090909091,0.09090909090909091,3240,1.0,0.1,0.1,0.1,0.09090909090909091,0.09090909090909091,0.09090909090909091,4824,1.0,0.09999999794283958,0.10000000121918592,0.10000000617148178,0.09090908920895832,0.09090909191668257,0.09090909600948903
266,4.433333333333334,True,valid,0.02030248307684533,0.012151682382456133,0.0044981614153597116,0.6750616132630728,0.6675374310635498,0.46163914762446345,0.6544660128927425,0.055239664784704025,0.00891671279094502,0.0008417688526838937,1585.0,3.5679937345725827,2.2148004726184398e-05,0,16698,0.10738576203584671,173,7.450580596923828e-09,3240,1.0,0.1,0.1,0.1,0.09090909090909091,0.09090909090909091,0.09090909090909091,3240,1.0,0.1,0.1,0.1,0.09090909090909091,0.09090909090909091,0.09090909090909091,4824,1.0,0.09999999794283958,0.10000000121918592,0.10000000617148178,0.09090908920895832,0.09090909191668257,0.09090909600948903
267,4.45,True,valid,0.019534659224361657,0.012541980340531424,0.004408504551634815,0.7119662039927588,0.6890321596958839,0.4759627200818832,0.6889404233545102,0.05801825266772679,0.0,0.0008619832433357723,1585.0,3.7352518724041577,2.2617379146433633e-05,0,16533,0.09874725341796875,166,3.725290298461914e-09,3240,1.0,0.1,0.1,0.1,0.09090909090909091,0.09090909090909091,0.09090909090909091,3240,1.0,0.1,0.1,0.1,0.09090909090909091,0.09090909090909091,0.09090909090909091,4824,1.0,0.09999999794283958,0.10000000121918592,0.10000000617148178,0.09090908920895832,0.09090909191668257,0.09090909600948903
268,4.466666666666667,True,valid,0.018136041195024075,0.013302364221413447,0.0048123035073806535,0.7424800246989658,0.7284699721127341,0.5039103178510426,0.7187024088055481,0.06290231149247154,0.00016412661600822192,0.0009286275792441478,1585.0,3.9471916723375133,2.3589077012382163e-05,0,16468,0.08979927003383636,171,3.725290298461914e-09,3240,1.0,0.1,0.1,0.1,0.09090909090909091,0.09090909090909091,0.09090909090909091,3240,1.0,0.1,0.1,0.1,0.09090909090909091,0.09090909090909091,0.09090909090909091,4824,1.0,0.09999999794283958,0.10000000121918592,0.10000000617148178,0.09090908920895832,0.09090909191668257,0.09090909600948903
269,4.483333333333333,True,valid,0.017659319198648306,0.013922343375028824,0.004863093343710039,0.7632530790292309,0.7523571205724757,0.528025014020777,0.7387776598002572,0.06424554844379639,0.0,0.0009656163357177282,1585.0,4.143035182522956,2.5111489928823643e-05,0,16532,0.08032793551683426,163,1.862645149230957e-09,3240,1.0,0.1,0.1,0.1,0.09090909090909091,0.09090909090909091,0.09090909090909091,3240,1.0,0.1,0.1,0.1,0.09090909090909091,0.09090909090909091,0.09090909090909091,4824,1.0,0.09999999794283958,0.10000000121918592,0.10000000617148178,0.09090908920895832,0.09090909191668257,0.09090909600948903
270,4.5,True,valid,0.01759677188462693,0.014099971254812304,0.004935988870881808,0.8000941728889671,0.7706342692125452,0.5420427735101542,0.7742778978261499,0.0675331700220452,0.005245957598985488,0.0009745117581356237,1585.0,4.42616848242733,2.542730745001038e-05,0,16507,0.07419049739837646,170,3.725290298461914e-09,3240,1.0,0.1,0.1,0.1,0.09090909090909091,0.09090909090909091,0.09090909090909091,3240,1.0,0.1,0.1,0.1,0.09090909090909091,0.09090909090909091,0.09090909090909091,4824,1.0,0.09999999794283958,0.10000000121918592,0.10000000617148178,0.09090908920895832,0.09090909191668257,0.09090909600948903
271,4.516666666666667,True,valid,0.01757514792142263,0.014628886507593603,0.0048921378872848155,0.7995637394532346,0.780693209051927,0.5576493685819521,0.7720710927217825,0.07079884679906419,0.0,0.001021824170806605,1585.0,4.378864286514912,2.62802815386452e-05,0,16442,0.06836839020252228,174,3.259629011154175e-09,3240,1.0,0.1,0.1,0.1,0.09090909090909091,0.09090909090909091,0.09090909090909091,3240,1.0,0.1,0.1,0.1,0.09090909090909091,0.09090909090909091,0.09090909090909091,4824,1.0,0.09999999794283958,0.10000000121918592,0.10000000617148178,0.09090908920895832,0.09090909191668257,0.09090909600948903
272,4.533333333333333,True,valid,0.017871958484732647,0.015402167187331903,0.005113816444663506,1.2912482247821608,0.9178097891511,0.8465775569750272,1.0297028457444648,0.10446035627290993,0.42199045070733393,0.00107153869247339,1585.0,33.896053983720165,2.827073617626302e-05,0,16414,0.058485642075538635,171,3.14321368932724e-09,3240,1.0,0.1,0.1,0.1,0.09090909090909091,0.09090909090909091,0.09090909090909091,3240,1.0,0.1,0.1,0.1,0.09090909090909091,0.09090909090909091,0.09090909090909091,4824,1.0,0.09999999794283958,0.10000000121918592,0.10000000617148178,0.09090908920895832,0.09090909191668257,0.09090909600948903
273,4.55,True,valid,0.018411089831442726,0.016226632530483637,0.005028459879275642,0.9031811678110824,0.8237483478656967,0.6371254036789404,0.8966878540139568,0.07078245341782842,0.3192911952660065,0.0010452005973628554,1585.0,8.938217247099931,2.872190562327167e-05,0,16504,0.04862324893474579,178,2.3283064365386963e-09,3240,1.0,0.1,0.1,0.1,0.09090909090909091,0.09090909090909091,0.09090909090909091,3240,1.0,0.1,0.1,0.1,0.09090909090909091,0.09090909090909091,0.09090909090909091,4824,1.0,0.09999999794283958,0.10000000121918592,0.10000000617148178,0.09090908920895832,0.09090909191668257,0.09090909600948903
274,4.566666666666666,True,valid,0.019426333324779693,0.017115789461595844,0.005076202956285756,0.8478492838600918,0.80709792100949,0.5845225630785766,0.8212015047773842,0.06735535144948186,0.0,0.0010227051608585034,1585.0,8.02363842019379,2.6603047774141372e-05,0,16598,0.04072881489992142,169,2.7939677238464355e-09,3240,1.0,0.1,0.1,0.1,0.09090909090909091,0.09090909090909091,0.09090909090909091,3240,1.0,0.1,0.1,0.1,0.09090909090909091,0.09090909090909091,0.09090909090909091,4824,1.0,0.09999999794283958,0.10000000121918592,0.10000000617148178,0.09090908920895832,0.09090909191668257,0.09090909600948903
275,4.583333333333333,True,valid,0.020673373436668318,0.017580295013630634,0.004941358975867829,0.788427421716319,0.770630023372383,0.5456068980935291,0.7850388499610041,0.06570277745306592,0.12911090315547474,0.0010069005462580156,1585.0,4.346596365934582,2.566367639909834e-05,0,16668,0.040484290570020676,145,3.725290298461914e-09,3240,1.0,0.1,0.1,0.1,0.09090909090909091,0.09090909090909091,0.09090909090909091,3240,1.0,0.1,0.1,0.1,0.09090909090909091,0.09090909090909091,0.09090909090909091,4824,1.0,0.09999999794283958,0.10000000121918592,0.10000000617148178,0.09090908920895832,0.09090909191668257,0.09090909600948903
276,4.6,True,valid,0.021430748530151263,0.017783344017440462,0.004858791626052133,0.7619287104257189,0.7551599597414307,0.5115365287464579,0.7393366406539135,0.062298347781625275,0.0,0.000965085975010754,1585.0,4.3255751929040525,2.4733992500131514e-05,0,16614,0.04290516674518585,145,7.450580596923828e-09,3240,1.0,0.1,0.1,0.1,0.09090909090909091,0.09090909090909091,0.09090909090909091,3240,1.0,0.1,0.1,0.1,0.09090909090909091,0.09090909090909091,0.09090909090909091,4824,1.0,0.09999999794283958,0.10000000121918592,0.10000000617148178,0.09090908920895832,0.09090909191668257,0.09090909600948903
277,4.616666666666666,True,valid,0.020958940105434334,0.018272151424223546,0.004885409956184753,0.8729750545629448,0.7393492268732407,0.6174345894478037,0.8410687726056012,0.06608735218067523,0.0,0.0009278910187611843,1585.0,14.99899152925073,2.586381001184119e-05,0,16568,0.043979793787002563,159,3.725290298461914e-09,3240,1.0,0.1,0.1,0.1,0.09090909090909091,0.09090909090909091,0.09090909090909091,3240,1.0,0.1,0.1,0.1,0.09090909090909091,0.09090909090909091,0.09090909090909091,4824,1.0,0.09999999794283958,0.10000000121918592,0.10000000617148178,0.09090908920895832,0.09090909191668257,0.09090909600948903
278,4.633333333333334,True,valid,0.020115658496653244,0.017998920462450548,0.004813393057312437,2.648515898111578,0.8249767279161375,2.293304442932812,2.813545206042526,0.1741721294151799,0.5326312995483018,0.0008880355965478863,1585.0,58.20857733117016,3.0941591154757016e-05,0,16546,0.044836271554231644,158,3.725290298461914e-09,3240,1.0,0.1,0.1,0.1,0.09090909090909091,0.09090909090909091,0.09090909090909091,3240,1.0,0.1,0.1,0.1,0.09090909090909091,0.09090909090909091,0.09090909090909091,4824,1.0,0.09999999794283958,0.10000000121918592,0.10000000617148178,0.09090908920895832,0.09090909191668257,0.09090909600948903
279,4.65,True,valid,0.01894575300412499,0.016784582918654863,0.004627175473024084,0.81151070464829,0.6836753296308535,0.5970054889106174,0.7253628722894421,0.26570311664024593,0.2772555689175536,0.0008964560017028386,1585.0,15.114236241435291,2.1948865653139574e-05,0,16498,0.0501413531601429,159,3.725290298461914e-09,3240,1.0,0.1,0.1,0.1,0.09090909090909091,0.09090909090909091,0.09090909090909091,3240,1.0,0.1,0.1,0.1,0.09090909090909091,0.09090909090909091,0.09090909090909091,4824,1.0,0.09999999794283958,0.10000000121918592,0.10000000617148178,0.09090908920895832,0.09090909191668257,0.09090909600948903
280,4.666666666666667,True,valid,0.018852243453796737,0.015679739242931052,0.0042184047124045705,0.6541743167044228,0.6368077197066616,0.431523895412391,0.6338277242060391,0.053085612816184444,0.0,0.0008221857694931411,1585.0,3.7493659898884175,2.121181000548611e-05,0,16482,0.053894899785518646,161,3.725290298461914e-09,3240,1.0,0.1,0.1,0.1,0.09090909090909091,0.09090909090909091,0.09090909090909091,3240,1.0,0.1,0.1,0.1,0.09090909090909091,0.09090909090909091,0.09090909090909091,4824,1.0,0.09999999794283958,0.10000000121918592,0.10000000617148178,0.09090908920895832,0.09090909191668257,0.09090909600948903
281,4.683333333333334,True,valid,0.018767487371018816,0.014509606870244787,0.003836591835732271,0.6831397499881553,0.5856462133978263,0.4985591207643588,0.7183511532723348,0.05460427721933162,0.17090928669900654,0.0007312733518932981,1585.0,9.287955263900791,1.9422459637951498e-05,0,16420,0.06114230304956436,164,7.450580596923828e-09,3240,1.0,0.1,0.1,0.1,0.09090909090909091,0.09090909090909091,0.09090909090909091,3240,1.0,0.1,0.1,0.1,0.09090909090909091,0.09090909090909091,0.09090909090909091,4824,1.0,0.09999999794283958,0.10000000121918592,0.10000000617148178,0.09090908920895832,0.09090909191668257,0.09090909600948903
282,4.7,True,valid,0.018126050315370176,0.013610284379464595,0.0036054033472341165,0.5266120399171295,0.5282179706355269,0.3481536171215866,0.512558923261547,0.04225235174091342,0.0,0.0006487818184264272,1585.0,3.046810592765634,1.6518506479750995e-05,0,16340,0.06852111220359802,173,3.725290298461914e-09,3240,1.0,0.1,0.1,0.1,0.09090909090909091,0.09090909090909091,0.09090909090909091,3240,1.0,0.1,0.1,0.1,0.09090909090909091,0.09090909090909091,0.09090909090909091,4824,1.0,0.09999999794283958,0.10000000121918592,0.10000000617148178,0.09090908920895832,0.09090909191668257,0.09090909600948903
283,4.716666666666667,True,valid,0.01802094387986038,0.013610035705541165,0.0035910259630402776,0.473031449997879,0.4943692446174621,0.3053182701913973,0.46343268020194456,0.037020060411166705,0.0,0.0006216007232880446,1585.0,2.9271942338341757,1.5508057698530423e-05,0,16238,0.07284272462129593,176,3.725290298461914e-09,3240,1.0,0.1,0.1,0.1,0.09090909090909091,0.09090909090909091,0.09090909090909091,3240,1.0,0.1,0.1,0.1,0.09090909090909091,0.09090909090909091,0.09090909090909091,4824,1.0,0.09999999794283958,0.10000000121918592,0.10000000617148178,0.09090908920895832,0.09090909191668257,0.09090909600948903
284,4.733333333333333,True,valid,0.01887832443142547,0.013088969392085011,0.0032172604168922356,0.4662763161607388,0.4371477301866694,0.322725042480497,0.4738045557945094,0.03505301989983951,0.0678718422325846,0.000537911016832851,1585.0,4.84387857451018,1.4162081132507712e-05,0,16186,0.0727696493268013,174,7.450580596923828e-09,3240,1.0,0.1,0.1,0.1,0.09090909090909091,0.09090909090909091,0.09090909090909091,3240,1.0,0.1,0.1,0.1,0.09090909090909091,0.09090909090909091,0.09090909090909091,4824,1.0,0.09999999794283958,0.10000000121918592,0.10000000617148178,0.09090908920895832,0.09090909191668257,0.09090909600948903
285,4.75,True,valid,0.02029350828391014,0.012967243262655883,0.0027744062468379265,0.3687760254641647,0.38089221049673494,0.22615461881403695,0.35492978220951177,0.027658730191096936,0.06948758460349275,0.0004796890101663395,1585.0,2.681404385960077,1.1741934765183344e-05,0,15990,0.07067679613828659,171,7.450580596923828e-09,3240,1.0,0.1,0.1,0.1,0.09090909090909091,0.09090909090909091,0.09090909090909091,3240,1.0,0.1,0.1,0.1,0.09090909090909091,0.09090909090909091,0.09090909090909091,4824,1.0,0.09999999794283958,0.10000000121918592,0.10000000617148178,0.09090908920895832,0.09090909191668257,0.09090909600948903
286,4.766666666666667,True,valid,0.02017910292235008,0.0132244998165047,0.0026713686611228027,1.2275781076874481,0.4594738767393744,0.9573788267602981,1.0688670658458028,0.06507652206228749,0.27967328753657134,0.0004046565210217462,1585.0,25.385034306471542,1.093015850723925e-05,0,15878,0.06945132464170456,174,7.450580596923828e-09,3240,1.0,0.1,0.1,0.1,0.09090909090909091,0.09090909090909091,0.09090909090909091,3240,1.0,0.1,0.1,0.1,0.09090909090909091,0.09090909090909091,0.09090909090909091,4824,1.0,0.09999999794283958,0.10000000121918592,0.10000000617148178,0.09090908920895832,0.09090909191668257,0.09090909600948903
287,4.783333333333333,True,valid,0.01956490424557523,0.014060367623623981,0.002720886026266117,0.25200516828862757,0.2613824075946584,0.1367960797657642,0.2502588789286242,0.017717959763336514,0.08435404112438959,0.00033889933046966827,1585.0,1.687330424406286,8.087971462980427e-06,0,15862,0.07140105217695236,176,7.450580596923828e-09,3240,1.0,0.1,0.1,0.1,0.09090909090909091,0.09090909090909091,0.09090909090909091,3240,1.0,0.1,0.1,0.1,0.09090909090909091,0.09090909090909091,0.09090909090909091,4824,1.0,0.09999999794283958,0.10000000121918592,0.10000000617148178,0.09090908920895832,0.09090909191668257,0.09090909600948903
288,4.8,True,valid,0.019439724079572736,0.015006647052496271,0.002303567083204286,0.20124242275882626,0.20763219931488797,0.10983969346490276,0.22441628325158314,0.012504617322596527,0.11555197300679866,0.00026973827181937175,1585.0,1.2231674882883021,6.333741129115643e-06,0,15743,0.07664608210325241,179,7.450580596923828e-09,3240,1.0,0.1,0.1,0.1,0.09090909090909091,0.09090909090909091,0.09090909090909091,3240,1.0,0.1,0.1,0.1,0.09090909090909091,0.09090909090909091,0.09090909090909091,4824,1.0,0.09999999794283958,0.10000000121918592,0.10000000617148178,0.09090908920895832,0.09090909191668257,0.09090909600948903
289,4.816666666666666,True,valid,0.019677090470123747,0.014739771520525583,0.001974535920648452,0.15200298237653653,0.1530766646643756,0.06095236840962111,0.16238591690340937,0.008179322944698763,0.045011095399982756,0.0002349809449469033,1585.0,1.7615235206421216,5.218741122048514e-06,0,15746,0.07831007242202759,178,7.450580596923828e-09,3240,1.0,0.1,0.1,0.1,0.09090909090909091,0.09090909090909091,0.09090909090909091,3240,1.0,0.1,0.1,0.1,0.09090909090909091,0.09090909090909091,0.09090909090909091,4824,1.0,0.09999999794283958,0.10000000121918592,0.10000000617148178,0.09090908920895832,0.09090909191668257,0.09090909600948903
290,4.833333333333333,True,valid,0.01996336444879156,0.01383158523806576,0.0019203944916972866,0.13216152060656125,0.13156146364078622,0.02822718438772308,0.13872259854002547,0.00807250706159843,0.07121976535056612,0.00021706745023350032,1585.0,1.6540509577532183,4.148813401248977e-06,0,15518,0.0784391313791275,175,7.450580596923828e-09,3240,1.0,0.1,0.1,0.1,0.09090909090909091,0.09090909090909091,0.09090909090909091,3240,1.0,0.1,0.1,0.1,0.09090909090909091,0.09090909090909091,0.09090909090909091,4824,1.0,0.09999999794283958,0.10000000121918592,0.10000000617148178,0.09090908920895832,0.09090909191668257,0.09090909600948903
291,4.85,True,valid,0.02026066537953497,0.013344288868756994,0.0021876163079945273,0.19640162846838521,0.1577220998798408,0.08627135737903906,0.1832582960647613,0.008703177433076768,0.11961201331539185,0.00016392727687092041,1585.0,4.845655399581681,3.6171710467625622e-06,0,15682,0.07883941382169724,169,7.450580596923828e-09,3240,1.0,0.1,0.1,0.1,0.09090909090909091,0.09090909090909091,0.09090909090909091,3240,1.0,0.1,0.1,0.1,0.09090909090909091,0.09090909090909091,0.09090909090909091,4824,1.0,0.09999999794283958,0.10000000121918592,0.10000000617148178,0.09090908920895832,0.09090909191668257,0.09090909600948903
292,4.866666666666666,True,valid,0.02064324379473783,0.013800351149046573,0.0023216468464842465,0.18188067612249345,0.1611310708949436,0.1097908598689979,0.19432690251785537,0.014696685738445615,0.0785061351762998,0.00020243177501331336,1585.0,1.3638113291339031,4.8991915159583e-06,0,15874,0.07805202901363373,164,7.450580596923828e-09,3240,1.0,0.1,0.1,0.1,0.09090909090909091,0.09090909090909091,0.09090909090909091,3240,1.0,0.1,0.1,0.1,0.09090909090909091,0.09090909090909091,0.09090909090909091,4824,1.0,0.09999999794283958,0.10000000121918592,0.10000000617148178,0.09090908920895832,0.09090909191668257,0.09090909600948903
293,4.883333333333334,True,valid,0.021002066234612135,0.01461873504112774,0.0024437766491500366,0.2848104331409832,0.2327268464155322,0.1885727687029514,0.2876647703744107,0.06152888098649557,0.11353792854176675,0.00026964045149893435,1585.0,3.8790587390642957,7.1586214250200735e-06,0,16019,0.07813582569360733,158,7.450580596923828e-09,3240,1.0,0.1,0.1,0.1,0.09090909090909091,0.09090909090909091,0.09090909090909091,3240,1.0,0.1,0.1,0.1,0.09090909090909091,0.09090909090909091,0.09090909090909091,4824,1.0,0.09999999794283958,0.10000000121918592,0.10000000617148178,0.09090908920895832,0.09090909191668257,0.09090909600948903
294,4.9,True,valid,0.021324107881882912,0.01504033045850241,0.002667007049396974,0.7082073212792722,0.5013499710539648,0.3487870288423717,0.4251549964280092,0.03272229860094752,0.4130605656229133,0.00032926029550739996,1585.0,23.887806217642527,9.146501243362467e-06,0,16401,0.07706069201231003,159,7.450580596923828e-09,3240,1.0,0.1,0.1,0.1,0.09090909090909091,0.09090909090909091,0.09090909090909091,3240,1.0,0.1,0.1,0.1,0.09090909090909091,0.09090909090909091,0.09090909090909091,4824,1.0,0.09999999794283958,0.10000000121918592,0.10000000617148178,0.09090908920895832,0.09090909191668257,0.09090909600948903
295,4.916666666666667,True,valid,0.021741313155122562,0.015599386428924857,0.0029234589203962734,0.3452158910468814,0.32596084990490654,0.2386408151924867,0.3358532693458322,0.0284889614749866,0.12371200743085589,0.00040738293492023706,1585.0,1.705349783095255,1.110171765605812e-05,0,16716,0.07517925649881363,158,3.725290298461914e-09,3240,1.0,0.1,0.1,0.1,0.09090909090909091,0.09090909090909091,0.09090909090909091,3240,1.0,0.1,0.1,0.1,0.09090909090909091,0.09090909090909091,0.09090909090909091,4824,1.0,0.09999999794283958,0.10000000121918592,0.10000000617148178,0.09090908920895832,0.09090909191668257,0.09090909600948903
296,4.933333333333334,True,valid,0.02179752429933548,0.01565729171494145,0.0031179014343004604,0.44032122318724104,0.388417803666722,0.33268926580777114,0.4116203610376722,0.11341957978448838,0.13894614061603955,0.000490024765081041,1585.0,6.12800352195352,1.3390966824089826e-05,0,16836,0.07322315126657486,154,7.450580596923828e-09,3240,1.0,0.1,0.1,0.1,0.09090909090909091,0.09090909090909091,0.09090909090909091,3240,1.0,0.1,0.1,0.1,0.09090909090909091,0.09090909090909091,0.09090909090909091,4824,1.0,0.09999999794283958,0.10000000121918592,0.10000000617148178,0.09090908920895832,0.09090909191668257,0.09090909600948903
297,4.95,True,valid,0.021151441447362668,0.01501651862199055,0.0034446285584082232,0.4532453413141294,0.44723092095519157,0.3162640669034841,0.43642733231297937,0.03809116778114306,0.05810587550227022,0.0005352232303961151,1585.0,2.469876941235687,1.4250278145878465e-05,0,17019,0.07156739383935928,156,3.725290298461914e-09,3240,1.0,0.1,0.1,0.1,0.09090909090909091,0.09090909090909091,0.09090909090909091,3240,1.0,0.1,0.1,0.1,0.09090909090909091,0.09090909090909091,0.09090909090909091,4824,1.0,0.09999999794283958,0.10000000121918592,0.10000000617148178,0.09090908920895832,0.09090909191668257,0.09090909600948903
298,4.966666666666667,True,valid,0.020775480375188043,0.014012352389585753,0.003953044017188038,3.310900289350918,0.7373310396816198,2.8457325427449276,3.4505037074800504,0.20384543668371397,0.4835371062508534,0.0006050799329881257,1585.0,93.67445041025347,2.262826912281026e-05,0,17055,0.0692182332277298,163,3.725290298461914e-09,3240,1.0,0.1,0.1,0.1,0.09090909090909091,0.09090909090909091,0.09090909090909091,3240,1.0,0.1,0.1,0.1,0.09090909090909091,0.09090909090909091,0.09090909090909091,4824,1.0,0.09999999794283958,0.10000000121918592,0.10000000617148178,0.09090908920895832,0.09090909191668257,0.09090909600948903
299,4.983333333333333,True,valid,0.020447326001450047,0.012615078153216755,0.003899949717834893,0.5969660328934091,0.5589405613762632,0.41519557967731113,0.5763292287873113,0.048446838977079174,0.0,0.0006992402767483013,1585.0,7.178061579053138,2.056749216230977e-05,0,16902,0.06379455327987671,158,7.450580596923828e-09,3240,1.0,0.1,0.1,0.1,0.09090909090909091,0.09090909090909091,0.09090909090909091,3240,1.0,0.1,0.1,0.1,0.09090909090909091,0.09090909090909091,0.09090909090909091,4824,1.0,0.09999999794283958,0.10000000121918592,0.10000000617148178,0.09090908920895832,0.09090909191668257,0.09090909600948903
300,5.0,True,valid,0.019586361276731634,0.011619851192461284,0.0040865304597579,1.086210375680779,0.7875825229069043,0.6735898925949025,0.8416023340895131,0.06248319967795957,0.5006181571149496,0.0008131884218827804,1585.0,24.69633857067027,2.9098714831075688e-05,0,16696,0.058565400540828705,157,7.450580596923828e-09,3240,1.0,0.1,0.1,0.1,0.09090909090909091,0.09090909090909091,0.09090909090909091,3240,1.0,0.1,0.1,0.1,0.09090909090909091,0.09090909090909091,0.09090909090909091,4824,1.0,0.09999999794283958,0.10000000121918592,0.10000000617148178,0.09090908920895832,0.09090909191668257,0.09090909600948903
301,5.016666666666667,True,valid,0.018682301254013385,0.011376569346619054,0.0043648136030791825,1.0538074099509218,0.6813125111033987,0.8073100742378659,1.0153834217123376,0.07920980202790459,0.23646688929330562,0.000835599065288606,1585.0,15.621244577634329,2.4369389036701735e-05,0,16678,0.05528755858540535,155,7.450580596923828e-09,3240,1.0,0.1,0.1,0.1,0.09090909090909091,0.09090909090909091,0.09090909090909091,3240,1.0,0.1,0.1,0.1,0.09090909090909091,0.09090909090909091,0.09090909090909091,4824,1.0,0.09999999794283958,0.10000000121918592,0.10000000617148178,0.09090908920895832,0.09090909191668257,0.09090909600948903
302,5.033333333333333,True,valid,0.018206463260009177,0.011960105720759093,0.00472097019051198,0.7114816048859514,0.6802148808221722,0.49391226724360315,0.6847103014647485,0.06936637489474215,0.04518856558978683,0.0009239261929616994,1585.0,4.148128198395337,2.3272115553892335e-05,0,16769,0.0471515953540802,151,7.450580596923828e-09,3240,1.0,0.1,0.1,0.1,0.09090909090909091,0.09090909090909091,0.09090909090909091,3240,1.0,0.1,0.1,0.1,0.09090909090909091,0.09090909090909091,0.09090909090909091,4824,1.0,0.09999999794283958,0.10000000121918592,0.10000000617148178,0.09090908920895832,0.09090909191668257,0.09090909600948903
303,5.05,True,valid,0.019559909376181385,0.012074194519353983,0.004758878351213782,0.7279230204152932,0.7274361358015655,0.5092919816713094,0.7076397696971536,0.07844842290958139,0.007986308156032065,0.0009518906823988185,1585.0,4.330288324305102,2.447570309381558e-05,0,16870,0.04104001075029373,140,5.587935447692871e-09,3240,1.0,0.1,0.1,0.1,0.09090909090909091,0.09090909090909091,0.09090909090909091,3240,1.0,0.1,0.1,0.1,0.09090909090909091,0.09090909090909091,0.09090909090909091,4824,1.0,0.09999999794283958,0.10000000121918592,0.10000000617148178,0.09090908920895832,0.09090909191668257,0.09090909600948903
304,5.066666666666666,True,valid,0.019526445995300585,0.011996461132373364,0.004738786060964197,1.5897499764863046,0.7847577208272225,1.3958525323093895,1.747690059321756,0.11410887952192124,0.4077788795376764,0.0009766773203497485,1585.0,37.232709898164124,3.093281068034614e-05,0,16724,0.03866707533597946,148,3.725290298461914e-09,3240,1.0,0.1,0.1,0.1,0.09090909090909091,0.09090909090909091,0.09090909090909091,3240,1.0,0.1,0.1,0.1,0.09090909090909091,0.09090909090909091,0.09090909090909091,4824,1.0,0.09999999794283958,0.10000000121918592,0.10000000617148178,0.09090908920895832,0.09090909191668257,0.09090909600948903
305,5.083333333333333,True,valid,0.01946702856922977,0.01220788744699526,0.004956368645254806,0.7755965163209606,0.7604454326138785,0.5292114213174401,0.7527351604465916,0.06410359705990495,0.03849901392255889,0.000992518803479566,1585.0,4.3100803683202615,2.597373779072155e-05,0,16490,0.04683282598853111,147,2.7939677238464355e-09,3240,1.0,0.1,0.1,0.1,0.09090909090909091,0.09090909090909091,0.09090909090909091,3240,1.0,0.1,0.1,0.1,0.09090909090909091,0.09090909090909091,0.09090909090909091,4824,1.0,0.09999999794283958,0.10000000121918592,0.10000000617148178,0.09090908920895832,0.09090909191668257,0.09090909600948903
306,5.1,True,valid,0.01932527947775597,0.013565811386837472,0.005109519913805525,0.7892462746550866,0.7833787346337647,0.5500748961476337,0.7603076301394496,0.06666326921685091,0.10919648266178784,0.0010461448880618844,1585.0,4.341349203781235,2.6065457752488216e-05,0,16456,0.059824422001838684,157,1.862645149230957e-09,3240,1.0,0.1,0.1,0.1,0.09090909090909091,0.09090909090909091,0.09090909090909091,3240,1.0,0.1,0.1,0.1,0.09090909090909091,0.09090909090909091,0.09090909090909091,4824,1.0,0.09999999794283958,0.10000000121918592,0.10000000617148178,0.09090908920895832,0.09090909191668257,0.09090909600948903
307,5.116666666666666,True,valid,0.019137869116752637,0.014860852191993052,0.005250283874484075,0.8801281647804153,0.8290873617623733,0.5950747735751499,0.8405671689779557,0.07039160580000656,0.1182812634114439,0.0010510537915938403,1585.0,7.518453153275774,2.7122123255252408e-05,0,16439,0.07244152575731277,170,1.0477378964424133e-09,3240,1.0,0.1,0.1,0.1,0.09090909090909091,0.09090909090909091,0.09090909090909091,3240,1.0,0.1,0.1,0.1,0.09090909090909091,0.09090909090909091,0.09090909090909091,4824,1.0,0.09999999794283958,0.10000000121918592,0.10000000617148178,0.09090908920895832,0.09090909191668257,0.09090909600948903
308,5.133333333333334,True,valid,0.01947518967867706,0.016250824569262013,0.005166383052831415,0.9471238426117597,0.7961756591515138,0.6979296896057522,0.9134995847561675,0.07737310975366253,0.09288909931279077,0.0010297577197556662,1585.0,9.809781900159917,2.7058677002920657e-05,0,16414,0.08355970680713654,169,3.725290298461914e-09,3240,1.0,0.1,0.1,0.1,0.09090909090909091,0.09090909090909091,0.09090909090909091,3240,1.0,0.1,0.1,0.1,0.09090909090909091,0.09090909090909091,0.09090909090909091,4824,1.0,0.09999999794283958,0.10000000121918592,0.10000000617148178,0.09090908920895832,0.09090909191668257,0.09090909600948903
309,5.15,True,valid,0.019411513582599686,0.01710402876139711,0.004973357300012933,0.888469372342755,0.850683384904367,0.5588801604661251,0.8528299489377521,0.07101482422977579,0.4538766010319458,0.0010247633277619091,1585.0,14.387482587539738,2.6383926239842384e-05,0,16474,0.09050305187702179,162,2.7939677238464355e-09,3240,1.0,0.1,0.1,0.1,0.09090909090909091,0.09090909090909091,0.09090909090909091,3240,1.0,0.1,0.1,0.1,0.09090909090909091,0.09090909090909091,0.09090909090909091,4824,1.0,0.09999999794283958,0.10000000121918592,0.10000000617148178,0.09090908920895832,0.09090909191668257,0.09090909600948903
310,5.166666666666667,True,valid,0.019113532277250194,0.0176295448034977,0.005212239823780525,0.7928659012883512,0.7908719568655285,0.5399543079954922,0.8005055844270604,0.06573943383684812,0.19098922996610992,0.0010374775856616856,1585.0,4.904003316373446,2.5908891747018696e-05,0,16584,0.0975346639752388,166,5.587935447692871e-09,3240,1.0,0.1,0.1,0.1,0.09090909090909091,0.09090909090909091,0.09090909090909091,3240,1.0,0.1,0.1,0.1,0.09090909090909091,0.09090909090909091,0.09090909090909091,4824,1.0,0.09999999794283958,0.10000000121918592,0.10000000617148178,0.09090908920895832,0.09090909191668257,0.09090909600948903
311,5.183333333333334,True,valid,0.01921250898221649,0.01824881567053058,0.00466719176835012,0.7646191951599806,0.763212872679945,0.5242058894553189,0.7418537212741669,0.06366059435195365,0.0,0.0009995727501770537,1585.0,4.300872508935387,2.5519342027277246e-05,0,16798,0.10462718456983566,163,1.862645149230957e-09,3240,1.0,0.1,0.1,0.1,0.09090909090909091,0.09090909090909091,0.09090909090909091,3240,1.0,0.1,0.1,0.1,0.09090909090909091,0.09090909090909091,0.09090909090909091,4824,1.0,0.09999999794283958,0.10000000121918592,0.10000000617148178,0.09090908920895832,0.09090909191668257,0.09090909600948903
312,5.2,True,valid,0.018804478278449367,0.018265720258773956,0.004743930022765564,0.7575056132399731,0.7518798290962857,0.5099780416787918,0.7393483601414043,0.06320648945495652,0.0969392848725329,0.0009621261759953971,1585.0,4.303614578261198,2.477665372324517e-05,0,17006,0.10993111878633499,163,7.450580596923828e-09,3240,1.0,0.1,0.1,0.1,0.09090909090909091,0.09090909090909091,0.09090909090909091,3240,1.0,0.1,0.1,0.1,0.09090909090909091,0.09090909090909091,0.09090909090909091,4824,1.0,0.09999999794283958,0.10000000121918592,0.10000000617148178,0.09090908920895832,0.09090909191668257,0.09090909600948903
313,5.216666666666667,True,valid,0.018604618913697028,0.018573185473248863,0.0047322983034542125,0.7708802315453006,0.7694995491015061,0.5138980167019228,0.7312570222150699,0.06169979502357515,0.30681161865763074,0.0009457773590512196,1585.0,8.524726499674196,2.4447251917527967e-05,0,17170,0.11534634977579117,169,3.725290298461914e-09,3240,1.0,0.1,0.1,0.1,0.09090909090909091,0.09090909090909091,0.09090909090909091,3240,1.0,0.1,0.1,0.1,0.09090909090909091,0.09090909090909091,0.09090909090909091,4824,1.0,0.09999999794283958,0.10000000121918592,0.10000000617148178,0.09090908920895832,0.09090909191668257,0.09090909600948903
314,5.233333333333333,True,valid,0.019913007471981038,0.01933770950605773,0.004546437651651953,0.6967471047086071,0.6985661798467544,0.46402026647586386,0.6776476006881983,0.05619716985852521,0.0,0.0009001058507017672,1585.0,4.118980743448172,2.3031123067098206e-05,0,16894,0.12033386528491974,165,7.450580596923828e-09,3240,1.0,0.1,0.1,0.1,0.09090909090909091,0.09090909090909091,0.09090909090909091,3240,1.0,0.1,0.1,0.1,0.09090909090909091,0.09090909090909091,0.09090909090909091,4824,1.0,0.09999999794283958,0.10000000121918592,0.10000000617148178,0.09090908920895832,0.09090909191668257,0.09090909600948903
315,5.25,True,valid,0.020727463635286592,0.019219608279131852,0.004165038501295913,0.6438350151407602,0.6463455619902525,0.43536068167383213,0.6245017335613223,0.05292919230288136,0.0477171304575644,0.0008248258540155341,1585.0,3.7445284397689043,2.1257297811212987e-05,0,16786,0.1254325807094574,169,7.450580596923828e-09,3240,1.0,0.1,0.1,0.1,0.09090909090909091,0.09090909090909091,0.09090909090909091,3240,1.0,0.1,0.1,0.1,0.09090909090909091,0.09090909090909091,0.09090909090909091,4824,1.0,0.09999999794283958,0.10000000121918592,0.10000000617148178,0.09090908920895832,0.09090909191668257,0.09090909600948903
316,5.266666666666667,True,valid,0.02061704505808976,0.019527837547782593,0.004004389849739596,0.6209859567712773,0.6072516035361715,0.41014285044225607,0.6055572656603883,0.04870767400261741,0.1375554374419234,0.0007624366839332362,1585.0,4.522176662104076,1.985111372457424e-05,0,16768,0.13039635121822357,179,7.450580596923828e-09,3240,1.0,0.1,0.1,0.1,0.09090909090909091,0.09090909090909091,0.09090909090909091,3240,1.0,0.1,0.1,0.1,0.09090909090909091,0.09090909090909091,0.09090909090909091,4824,1.0,0.09999999794283958,0.10000000121918592,0.10000000617148178,0.09090908920895832,0.09090909191668257,0.09090909600948903
317,5.283333333333333,True,valid,0.02027301772311298,0.01894632711393253,0.004034478012138669,0.5567683239873985,0.5621565584391122,0.37379985258168286,0.5663830518410189,0.07474280320640661,0.06725076175329003,0.000706914680998949,1585.0,4.3760581819393485,1.7836853928522287e-05,0,16864,0.13521386682987213,183,7.450580596923828e-09,3240,1.0,0.1,0.1,0.1,0.09090909090909091,0.09090909090909091,0.09090909090909091,3240,1.0,0.1,0.1,0.1,0.09090909090909091,0.09090909090909091,0.09090909090909091,4824,1.0,0.09999999794283958,0.10000000121918592,0.10000000617148178,0.09090908920895832,0.09090909191668257,0.09090909600948903
318,5.3,True,valid,0.02082882412742192,0.018117911573106056,0.0037544438002833596,0.519825367632392,0.5387168994226372,0.31691299320452454,0.49009303959880035,0.04063681472077265,0.1628206595659644,0.0006733201709802374,1585.0,5.691087668274989,1.600288468376442e-05,0,16956,0.13957983255386353,183,3.725290298461914e-09,3240,1.0,0.1,0.1,0.1,0.09090909090909091,0.09090909090909091,0.09090909090909091,3240,1.0,0.1,0.1,0.1,0.09090909090909091,0.09090909090909091,0.09090909090909091,4824,1.0,0.09999999794283958,0.10000000121918592,0.10000000617148178,0.09090908920895832,0.09090909191668257,0.09090909600948903
319,5.316666666666666,True,valid,0.02172404415490072,0.016704146332114558,0.003044901777762426,0.4352960097805464,0.4488997651104876,0.2824559246440784,0.43988365419089687,0.03491647125982481,0.07464299910539662,0.0005672574831346883,1585.0,2.7688124614444987,1.3836997105847316e-05,0,16616,0.14359460771083832,177,3.725290298461914e-09,3240,1.0,0.1,0.1,0.1,0.09090909090909091,0.09090909090909091,0.09090909090909091,3240,1.0,0.1,0.1,0.1,0.09090909090909091,0.09090909090909091,0.09090909090909091,4824,1.0,0.09999999794283958,0.10000000121918592,0.10000000617148178,0.09090908920895832,0.09090909191668257,0.09090909600948903
320,5.333333333333333,True,valid,0.0209505527579972,0.015183716711141581,0.0028968415451322686,0.3905882797328758,0.4019679018573278,0.23517811101648614,0.379273152817199,0.029031294393811444,0.06551254955263894,0.0004852823694363761,1585.0,2.615848114544078,1.2020377855138583e-05,0,16386,0.14585135877132416,184,7.450580596923828e-09,3240,1.0,0.1,0.1,0.1,0.09090909090909091,0.09090909090909091,0.09090909090909091,3240,1.0,0.1,0.1,0.1,0.09090909090909091,0.09090909090909091,0.09090909090909091,4824,1.0,0.09999999794283958,0.10000000121918592,0.10000000617148178,0.09090908920895832,0.09090909191668257,0.09090909600948903
321,5.35,True,valid,0.019305302925048718,0.014054571843847709,0.002978213450477654,0.9757875043569146,0.7763432113373574,0.5039587787548885,0.6479647790092656,0.0402123347409205,0.7322626294906511,0.0004214994792277926,1585.0,31.478505646750442,1.0848825879190162e-05,0,16099,0.14686602354049683,189,7.450580596923828e-09,3240,1.0,0.1,0.1,0.1,0.09090909090909091,0.09090909090909091,0.09090909090909091,3240,1.0,0.1,0.1,0.1,0.09090909090909091,0.09090909090909091,0.09090909090909091,4824,1.0,0.09999999794283958,0.10000000121918592,0.10000000617148178,0.09090908920895832,0.09090909191668257,0.09090909600948903
322,5.366666666666666,True,valid,0.018574819940331323,0.01353678937747331,0.0022512039529910357,0.379122032615667,0.31413409475453374,0.210957710350108,0.31561545826229753,0.023864521159705936,0.16682001732518603,0.00037581830662454285,1585.0,9.93165957080158,9.274196703841483e-06,0,15980,0.1475810706615448,190,7.450580596923828e-09,3240,1.0,0.1,0.1,0.1,0.09090909090909091,0.09090909090909091,0.09090909090909091,3240,1.0,0.1,0.1,0.1,0.09090909090909091,0.09090909090909091,0.09090909090909091,4824,1.0,0.09999999794283958,0.10000000121918592,0.10000000617148178,0.09090908920895832,0.09090909191668257,0.09090909600948903
323,5.383333333333334,True,valid,0.01780993273422218,0.01289748292214981,0.0020150154086197207,0.2035859072354328,0.2173877997785988,0.10101019413864888,0.22381278880974007,0.01210669727851466,0.07922800104394441,0.0002881249449883405,1585.0,1.3452471765067604,6.5465866118472514e-06,0,15740,0.14780360460281372,194,7.450580596923828e-09,3240,1.0,0.1,0.1,0.1,0.09090909090909091,0.09090909090909091,0.09090909090909091,3240,1.0,0.1,0.1,0.1,0.09090909090909091,0.09090909090909091,0.09090909090909091,4824,1.0,0.09999999794283958,0.10000000121918592,0.10000000617148178,0.09090908920895832,0.09090909191668257,0.09090909600948903
324,5.4,True,valid,0.017179220201319966,0.012341000702340881,0.001843549337147418,0.2772068936847608,0.23195189621780749,0.1286890292912643,0.2237236475972815,0.011304022516959472,0.19933578169456162,0.0002262173322251355,1585.0,6.8181163974763805,4.9656821252408665e-06,0,15704,0.1476786881685257,195,7.450580596923828e-09,3240,1.0,0.1,0.1,0.1,0.09090909090909091,0.09090909090909091,0.09090909090909091,3240,1.0,0.1,0.1,0.1,0.09090909090909091,0.09090909090909091,0.09090909090909091,4824,1.0,0.09999999794283958,0.10000000121918592,0.10000000617148178,0.09090908920895832,0.09090909191668257,0.09090909600948903
325,5.416666666666667,True,valid,0.017172035434015097,0.012106308722637358,0.001996303973260564,0.15878185203271097,0.15891933124577873,0.0365049312602706,0.14536377184689311,0.0039380114516859134,0.11370744692359089,0.00019743309932955422,1585.0,3.0918219399202242,4.284887214165807e-06,0,15511,0.1473124921321869,196,7.450580596923828e-09,3240,1.0,0.1,0.1,0.1,0.09090909090909091,0.09090909090909091,0.09090909090909091,3240,1.0,0.1,0.1,0.1,0.09090909090909091,0.09090909090909091,0.09090909090909091,4824,1.0,0.09999999794283958,0.10000000121918592,0.10000000617148178,0.09090908920895832,0.09090909191668257,0.09090909600948903
326,5.433333333333334,True,valid,0.017957378762133172,0.012510681910017748,0.0017962113956450558,0.23902792801141023,0.1991799285416932,0.09004639880848707,0.17339941429757014,0.00906220688940351,0.1798234667528478,0.0001682038855556114,1585.0,4.79268203066698,4.008195946497453e-06,0,15662,0.14616021513938904,196,7.450580596923828e-09,3240,1.0,0.1,0.1,0.1,0.09090909090909091,0.09090909090909091,0.09090909090909091,3240,1.0,0.1,0.1,0.1,0.09090909090909091,0.09090909090909091,0.09090909090909091,4824,1.0,0.09999999794283958,0.10000000121918592,0.10000000617148178,0.09090908920895832,0.09090909191668257,0.09090909600948903
327,5.45,True,valid,0.01903500030085388,0.012621784745522918,0.0018742309095256392,0.16594922695175118,0.15346960654403236,0.0859505581817279,0.1809556365337468,0.010398657383062972,0.08087042818916859,0.00020806325875208557,1585.0,0.8733311152583858,4.940497903783639e-06,0,15862,0.1447560340166092,191,7.450580596923828e-09,3240,1.0,0.1,0.1,0.1,0.09090909090909091,0.09090909090909091,0.09090909090909091,3240,1.0,0.1,0.1,0.1,0.09090909090909091,0.09090909090909091,0.09090909090909091,4824,1.0,0.09999999794283958,0.10000000121918592,0.10000000617148178,0.09090908920895832,0.09090909191668257,0.09090909600948903
328,5.466666666666667,True,valid,0.019582110085579613,0.012463037933209192,0.002398977070891805,0.2149300966646996,0.2052490863704721,0.12923075942802864,0.21774466239375603,0.01576182516106552,0.08259503247076162,0.00023989701683184826,1585.0,1.1932114924765866,6.407289324486439e-06,0,15884,0.1428413987159729,191,7.450580596923828e-09,3240,1.0,0.1,0.1,0.1,0.09090909090909091,0.09090909090909091,0.09090909090909091,3240,1.0,0.1,0.1,0.1,0.09090909090909091,0.09090909090909091,0.09090909090909091,4824,1.0,0.09999999794283958,0.10000000121918592,0.10000000617148178,0.09090908920895832,0.09090909191668257,0.09090909600948903
329,5.483333333333333,True,valid,0.020551171882024436,0.012395579189592432,0.0026958554491657133,0.2784280263857409,0.26507121525633165,0.17553368476742512,0.2879986789783041,0.02175028739385162,0.09529273405301203,0.00030721546891656547,1585.0,1.540122935330581,8.081492870534608e-06,0,15930,0.14039286971092224,189,7.450580596923828e-09,3240,1.0,0.1,0.1,0.1,0.09090909090909091,0.09090909090909091,0.09090909090909091,3240,1.0,0.1,0.1,0.1,0.09090909090909091,0.09090909090909091,0.09090909090909091,4824,1.0,0.09999999794283958,0.10000000121918592,0.10000000617148178,0.09090908920895832,0.09090909191668257,0.09090909600948903
330,5.5,True,valid,0.021165232277974653,0.012505323595647017,0.0025309328423727614,0.32179887135267315,0.312157065501687,0.21417429357335074,0.3143143105407487,0.02589391436553749,0.05332580292674013,0.000375112434996165,1585.0,1.5679712392362881,1.0071862187702573e-05,0,16015,0.1377577781677246,189,7.450580596923828e-09,3240,1.0,0.1,0.1,0.1,0.09090909090909091,0.09090909090909091,0.09090909090909091,3240,1.0,0.1,0.1,0.1,0.09090909090909091,0.09090909090909091,0.09090909090909091,4824,1.0,0.09999999794283958,0.10000000121918592,0.10000000617148178,0.09090908920895832,0.09090909191668257,0.09090909600948903
331,5.516666666666667,True,valid,0.02027161005966497,0.012492061589611683,0.0030403111232817693,0.385730574439361,0.37714046278941804,0.255594260596449,0.3769351681383826,0.030794175221865432,0.046853865116899075,0.00043319400000534997,1585.0,1.9260076447306222,1.15367977722409e-05,0,16146,0.1348596215248108,188,3.725290298461914e-09,3240,1.0,0.1,0.1,0.1,0.09090909090909091,0.09090909090909091,0.09090909090909091,3240,1.0,0.1,0.1,0.1,0.09090909090909091,0.09090909090909091,0.09090909090909091,4824,1.0,0.09999999794283958,0.10000000121918592,0.10000000617148178,0.09090908920895832,0.09090909191668257,0.09090909600948903
332,5.533333333333333,True,valid,0.019087526807596778,0.012305934084195362,0.003240851490724993,1.0092132248132604,0.700852908266555,0.5610838110191061,0.6691858070778645,0.047414480467833024,0.5476088183320953,0.0005168766527728262,1585.0,29.608420355207304,1.4133371649158582e-05,0,16449,0.13157279789447784,188,3.725290298461914e-09,3240,1.0,0.1,0.1,0.1,0.09090909090909091,0.09090909090909091,0.09090909090909091,3240,1.0,0.1,0.1,0.1,0.09090909090909091,0.09090909090909091,0.09090909090909091,4824,1.0,0.09999999794283958,0.10000000121918592,0.10000000617148178,0.09090908920895832,0.09090909191668257,0.09090909600948903
333,5.55,True,valid,0.01831550579984009,0.011909097889109627,0.0034620303524420947,0.5504932279352743,0.498147630353958,0.3797573713967863,0.5128672845366496,0.043168304199292074,0.11624615397553924,0.0005859511171667571,1585.0,7.998295158183335,1.6426135605372185e-05,0,16698,0.12792403995990753,187,3.725290298461914e-09,3240,1.0,0.1,0.1,0.1,0.09090909090909091,0.09090909090909091,0.09090909090909091,3240,1.0,0.1,0.1,0.1,0.09090909090909091,0.09090909090909091,0.09090909090909091,4824,1.0,0.09999999794283958,0.10000000121918592,0.10000000617148178,0.09090908920895832,0.09090909191668257,0.09090909600948903
334,5.566666666666666,True,valid,0.01777986273566113,0.011531001635012137,0.0035333863636981054,0.5426080198740326,0.5365649305747131,0.3814391523419746,0.5283182196097825,0.045841266338109775,0.1036348306070123,0.0006668879276137139,1585.0,2.9273367349993724,1.7971272009601083e-05,0,16819,0.12409092485904694,190,7.450580596923828e-09,3240,1.0,0.1,0.1,0.1,0.09090909090909091,0.09090909090909091,0.09090909090909091,3240,1.0,0.1,0.1,0.1,0.09090909090909091,0.09090909090909091,0.09090909090909091,4824,1.0,0.09999999794283958,0.10000000121918592,0.10000000617148178,0.09090908920895832,0.09090909191668257,0.09090909600948903
335,5.583333333333333,True,valid,0.017487469749917307,0.01116293697108199,0.003912909960426052,0.8126451936551176,0.599114102127756,0.6348105991357486,0.8294031934719411,0.06249960279422446,0.1459699323351396,0.000734032755114538,1585.0,14.900398023711663,2.0127517749408202e-05,0,16743,0.11989820003509521,191,3.725290298461914e-09,3240,1.0,0.1,0.1,0.1,0.09090909090909091,0.09090909090909091,0.09090909090909091,3240,1.0,0.1,0.1,0.1,0.09090909090909091,0.09090909090909091,0.09090909090909091,4824,1.0,0.09999999794283958,0.10000000121918592,0.10000000617148178,0.09090908920895832,0.09090909191668257,0.09090909600948903
336,5.6,True,valid,0.017636481824929218,0.011566084358277013,0.004269368952423361,0.6623655335201293,0.6418504185507762,0.4624259929182423,0.639738953737477,0.056221574894921224,0.0,0.0008091285134635959,1585.0,3.5102837516383048,2.0851946037957124e-05,0,16774,0.11509335041046143,193,7.450580596923828e-09,3240,1.0,0.1,0.1,0.1,0.09090909090909091,0.09090909090909091,0.09090909090909091,3240,1.0,0.1,0.1,0.1,0.09090909090909091,0.09090909090909091,0.09090909090909091,4824,1.0,0.09999999794283958,0.10000000121918592,0.10000000617148178,0.09090908920895832,0.09090909191668257,0.09090909600948903
337,5.616666666666666,True,valid,0.01878897464313569,0.011499639153923895,0.004529405021715772,0.6784584548071776,0.6641262179539957,0.4755789581487252,0.6655884528490075,0.05764574292843982,0.20933599503181782,0.0008590938711833011,1585.0,3.704885731280657,2.1747950877951875e-05,0,16834,0.109969362616539,200,7.450580596923828e-09,3240,1.0,0.1,0.1,0.1,0.09090909090909091,0.09090909090909091,0.09090909090909091,3240,1.0,0.1,0.1,0.1,0.09090909090909091,0.09090909090909091,0.09090909090909091,4824,1.0,0.09999999794283958,0.10000000121918592,0.10000000617148178,0.09090908920895832,0.09090909191668257,0.09090909600948903
338,5.633333333333334,True,valid,0.020823152638018066,0.012384947254890403,0.004412122383531551,0.7127302974989269,0.7154254966446413,0.4891182156135915,0.6917745798956496,0.05929965680738699,0.0,0.0008972816929822585,1585.0,3.976833611395497,2.311708571773468e-05,0,16715,0.10431565344333649,197,5.587935447692871e-09,3240,1.0,0.1,0.1,0.1,0.09090909090909091,0.09090909090909091,0.09090909090909091,3240,1.0,0.1,0.1,0.1,0.09090909090909091,0.09090909090909091,0.09090909090909091,4824,1.0,0.09999999794283958,0.10000000121918592,0.10000000617148178,0.09090908920895832,0.09090909191668257,0.09090909600948903
339,5.65,True,valid,0.021349437382962834,0.01348531873279394,0.005229802490921903,1.0025949501138365,0.8066156639181019,0.7148328677012441,0.9633329036879746,0.07359362694167763,0.37287331703080473,0.0009234405335097037,1585.0,13.587707306936833,3.416652851635013e-05,0,16669,0.09608065336942673,191,1.862645149230957e-09,3240,1.0,0.1,0.1,0.1,0.09090909090909091,0.09090909090909091,0.09090909090909091,3240,1.0,0.1,0.1,0.1,0.09090909090909091,0.09090909090909091,0.09090909090909091,4824,1.0,0.09999999794283958,0.10000000121918592,0.10000000617148178,0.09090908920895832,0.09090909191668257,0.09090909600948903
340,5.666666666666667,True,valid,0.021736415147927513,0.013443169379543488,0.005040159157588584,0.8790615994327587,0.8624596739274221,0.5258096137018018,0.7452223497852103,0.08632944473026892,0.4609802197910038,0.0009711272387718553,1585.0,14.459492466214488,2.575816204494818e-05,0,16716,0.08740469813346863,186,2.7939677238464355e-09,3240,1.0,0.1,0.1,0.1,0.09090909090909091,0.09090909090909091,0.09090909090909091,3240,1.0,0.1,0.1,0.1,0.09090909090909091,0.09090909090909091,0.09090909090909091,4824,1.0,0.09999999794283958,0.10000000121918592,0.10000000617148178,0.09090908920895832,0.09090909191668257,0.09090909600948903
341,5.683333333333334,True,valid,0.02153297206643926,0.013040368203081578,0.004944972173581498,0.8059569142910272,0.7967916161708388,0.5384019190421351,0.7696867486431026,0.06577085156675248,0.1821436714285885,0.0009745521212514396,1585.0,5.281345786516057,2.525474935696842e-05,0,16622,0.07896889746189117,188,3.725290298461914e-09,3240,1.0,0.1,0.1,0.1,0.09090909090909091,0.09090909090909091,0.09090909090909091,3240,1.0,0.1,0.1,0.1,0.09090909090909091,0.09090909090909091,0.09090909090909091,4824,1.0,0.09999999794283958,0.10000000121918592,0.10000000617148178,0.09090908920895832,0.09090909191668257,0.09090909600948903
342,5.7,True,valid,0.020470072442729983,0.013190709127590029,0.005022823099810278,1.0245735259399753,0.9778162310378846,0.5518022267552285,0.7915195593250303,0.06842655478978915,0.5777366062327902,0.0009825781345321578,1585.0,18.214147059387727,2.5497475138149765e-05,0,16510,0.07056151330471039,185,2.561137080192566e-09,3240,1.0,0.1,0.1,0.1,0.09090909090909091,0.09090909090909091,0.09090909090909091,3240,1.0,0.1,0.1,0.1,0.09090909090909091,0.09090909090909091,0.09090909090909091,4824,1.0,0.09999999794283958,0.10000000121918592,0.10000000617148178,0.09090908920895832,0.09090909191668257,0.09090909600948903
343,5.716666666666667,True,valid,0.0186133371522151,0.01332396768615776,0.005010303987524526,0.8034834812357393,0.7860553246011458,0.545819484568232,0.7778467574936455,0.06666347847791325,0.0,0.0010061486744104304,1585.0,4.333833899116732,2.618687177452566e-05,0,16544,0.06252364069223404,179,2.7939677238464355e-09,3240,1.0,0.1,0.1,0.1,0.09090909090909091,0.09090909090909091,0.09090909090909091,3240,1.0,0.1,0.1,0.1,0.09090909090909091,0.09090909090909091,0.09090909090909091,4824,1.0,0.09999999794283958,0.10000000121918592,0.10000000617148178,0.09090908920895832,0.09090909191668257,0.09090909600948903
344,5.733333333333333,True,valid,0.01635248129244084,0.012490612374022245,0.005331833461659362,2.0110205836965056,1.1946469554465922,1.292725044180121,1.6054525895469434,0.38464151598684854,0.8603368878902083,0.0010918104183769517,1585.0,43.586566957806305,3.140630210708053e-05,0,16575,0.06399551779031754,182,1.862645149230957e-09,3240,1.0,0.1,0.1,0.1,0.09090909090909091,0.09090909090909091,0.09090909090909091,3240,1.0,0.1,0.1,0.1,0.09090909090909091,0.09090909090909091,0.09090909090909091,4824,1.0,0.09999999794283958,0.10000000121918592,0.10000000617148178,0.09090908920895832,0.09090909191668257,0.09090909600948903
345,5.75,True,valid,0.01682188417910728,0.014620697371904655,0.004845310994414802,0.7811291379653968,0.7848585682861285,0.5511300880730432,0.757003964716901,0.06703410219085404,0.0,0.0010299296281784378,1585.0,4.568366247956679,2.6123349968035407e-05,0,16500,0.06736471503973007,183,3.725290298461914e-09,3240,1.0,0.1,0.1,0.1,0.09090909090909091,0.09090909090909091,0.09090909090909091,3240,1.0,0.1,0.1,0.1,0.09090909090909091,0.09090909090909091,0.09090909090909091,4824,1.0,0.09999999794283958,0.10000000121918592,0.10000000617148178,0.09090908920895832,0.09090909191668257,0.09090909600948903
346,5.766666666666667,True,valid,0.017333468018755026,0.016461247108638638,0.0050495930209416935,0.987599797186943,0.7954570288322406,0.7196628173468592,0.9678082188838028,0.07699775564578548,0.05594189687955877,0.0009988620832430241,1585.0,12.795149326554375,3.067649146037873e-05,0,16530,0.06765761971473694,175,3.725290298461914e-09,3240,1.0,0.1,0.1,0.1,0.09090909090909091,0.09090909090909091,0.09090909090909091,3240,1.0,0.1,0.1,0.1,0.09090909090909091,0.09090909090909091,0.09090909090909091,4824,1.0,0.09999999794283958,0.10000000121918592,0.10000000617148178,0.09090908920895832,0.09090909191668257,0.09090909600948903
347,5.783333333333333,True,valid,0.017980433185781606,0.017681332321471344,0.004765420762773359,0.7431719908153943,0.7373347576835044,0.5153435084085404,0.7277524411119299,0.06288480589619432,0.12175710089800616,0.0009666923097546933,1585.0,4.33160070183865,2.4758688568009803e-05,0,16578,0.06879541277885437,180,5.587935447692871e-09,3240,1.0,0.1,0.1,0.1,0.09090909090909091,0.09090909090909091,0.09090909090909091,3240,1.0,0.1,0.1,0.1,0.09090909090909091,0.09090909090909091,0.09090909090909091,4824,1.0,0.09999999794283958,0.10000000121918592,0.10000000617148178,0.09090908920895832,0.09090909191668257,0.09090909600948903
348,5.8,True,valid,0.01937982552579144,0.017954883761701856,0.0047480061813292675,0.7215523494410557,0.7249623832955485,0.49346215696338624,0.7007571155710572,0.06008539819734423,0.0,0.0009228923237488101,1585.0,4.200971522531349,2.332094116626059e-05,0,16656,0.07088499516248703,174,7.450580596923828e-09,3240,1.0,0.1,0.1,0.1,0.09090909090909091,0.09090909090909091,0.09090909090909091,3240,1.0,0.1,0.1,0.1,0.09090909090909091,0.09090909090909091,0.09090909090909091,4824,1.0,0.09999999794283958,0.10000000121918592,0.10000000617148178,0.09090908920895832,0.09090909191668257,0.09090909600948903
349,5.816666666666666,True,valid,0.020935581354667353,0.018116005061489263,0.004488522007836433,0.6912320956324611,0.6787038065684413,0.47405136488116395,0.6946672409311377,0.05792443017139155,0.14853696192740948,0.0008681224905900527,1585.0,4.083157728192793,2.2172775181041946e-05,0,16542,0.07246248424053192,188,3.725290298461914e-09,3240,1.0,0.1,0.1,0.1,0.09090909090909091,0.09090909090909091,0.09090909090909091,3240,1.0,0.1,0.1,0.1,0.09090909090909091,0.09090909090909091,0.09090909090909091,4824,1.0,0.09999999794283958,0.10000000121918592,0.10000000617148178,0.09090908920895832,0.09090909191668257,0.09090909600948903
350,5.833333333333333,True,valid,0.022299519602516558,0.018147611867883044,0.004276610840487716,0.66374683742816,0.6427103948254762,0.46190940573181294,0.6419151707489109,0.055899882325052275,0.0,0.0008155649998945601,1585.0,3.968960495492766,2.152423129057733e-05,0,16494,0.07455336302518845,184,3.725290298461914e-09,3240,1.0,0.1,0.1,0.1,0.09090909090909091,0.09090909090909091,0.09090909090909091,3240,1.0,0.1,0.1,0.1,0.09090909090909091,0.09090909090909091,0.09090909090909091,4824,1.0,0.09999999794283958,0.10000000121918592,0.10000000617148178,0.09090908920895832,0.09090909191668257,0.09090909600948903
351,5.85,True,valid,0.023392438991898794,0.018703345720917055,0.0041393890058458805,0.605656869573038,0.6140082932821872,0.401328081063986,0.5924286656664065,0.05026759175277193,0.03332754070065372,0.0007527010093955543,1585.0,3.6792411382197314,1.9631684308673307e-05,0,16856,0.08186966925859451,169,3.725290298461914e-09,3240,1.0,0.1,0.1,0.1,0.09090909090909091,0.09090909090909091,0.09090909090909091,3240,1.0,0.1,0.1,0.1,0.09090909090909091,0.09090909090909091,0.09090909090909091,4824,1.0,0.09999999794283958,0.10000000121918592,0.10000000617148178,0.09090908920895832,0.09090909191668257,0.09090909600948903
352,5.866666666666666,True,valid,0.023917659937264843,0.01938850149815797,0.0037742518348020658,1.9570241167505926,1.950900008070544,0.7187816170545408,0.8666375378450425,0.06001391447283442,1.8698056546055417,0.0006919942856051306,1585.0,69.9380434306158,2.1894619265153043e-05,0,16931,0.08850899338722229,159,7.450580596923828e-09,3240,1.0,0.1,0.1,0.1,0.09090909090909091,0.09090909090909091,0.09090909090909091,3240,1.0,0.1,0.1,0.1,0.09090909090909091,0.09090909090909091,0.09090909090909091,4824,1.0,0.09999999794283958,0.10000000121918592,0.10000000617148178,0.09090908920895832,0.09090909191668257,0.09090909600948903
353,5.883333333333334,True,valid,0.022606821444842235,0.019248089011350323,0.003772388620754591,0.5177886943995004,0.5046768787553869,0.343959981575188,0.5684587202632467,0.0418402916685017,0.22570995128573954,0.0006271080247416582,1585.0,3.553316222173548,1.599831810120707e-05,0,16776,0.09456010162830353,157,3.725290298461914e-09,3240,1.0,0.1,0.1,0.1,0.09090909090909091,0.09090909090909091,0.09090909090909091,3240,1.0,0.1,0.1,0.1,0.09090909090909091,0.09090909090909091,0.09090909090909091,4824,1.0,0.09999999794283958,0.10000000121918592,0.10000000617148178,0.09090908920895832,0.09090909191668257,0.09090909600948903
354,5.9,True,valid,0.022246252891111633,0.020198943104839454,0.004876069598993803,0.516740129899029,0.5091979835494053,0.3596872009047837,0.501172977979237,0.04504396376445379,0.16174314614230942,0.0006949020610783547,1585.0,3.464133074049687,1.6363290347445433e-05,0,16920,0.09855398535728455,159,3.725290298461914e-09,3240,1.0,0.1,0.1,0.1,0.09090909090909091,0.09090909090909091,0.09090909090909091,3240,1.0,0.1,0.1,0.1,0.09090909090909091,0.09090909090909091,0.09090909090909091,4824,1.0,0.09999999794283958,0.10000000121918592,0.10000000617148178,0.09090908920895832,0.09090909191668257,0.09090909600948903
355,5.916666666666667,True,valid,0.024614367973894512,0.021308693650871003,0.0035672528298748315,1.8789502622491359,1.2971444984088945,0.880732507787741,1.0002202326984233,0.062334010297513676,1.2020973608889642,0.0005977993781241952,1585.0,64.32110102192185,1.557930879219669e-05,0,16921,0.10058988630771637,161,7.450580596923828e-09,3240,1.0,0.1,0.1,0.1,0.09090909090909091,0.09090909090909091,0.09090909090909091,3240,1.0,0.1,0.1,0.1,0.09090909090909091,0.09090909090909091,0.09090909090909091,4824,1.0,0.09999999794283958,0.10000000121918592,0.10000000617148178,0.09090908920895832,0.09090909191668257,0.09090909600948903
356,5.933333333333334,True,valid,0.025482293739771414,0.02042464127370343,0.0029843464187895353,0.4071999930233014,0.3504030451703111,0.2764574094104773,0.4674294916498251,0.027447181079447002,0.16525923806410864,0.00043016730983049635,1585.0,5.385464065543969,1.0670681151919671e-05,0,16823,0.10367389023303986,167,7.450580596923828e-09,3240,1.0,0.1,0.1,0.1,0.09090909090909091,0.09090909090909091,0.09090909090909091,3240,1.0,0.1,0.1,0.1,0.09090909090909091,0.09090909090909091,0.09090909090909091,4824,1.0,0.09999999794283958,0.10000000121918592,0.10000000617148178,0.09090908920895832,0.09090909191668257,0.09090909600948903
357,5.95,True,valid,0.023291850118038873,0.01862645036204605,0.002901405555684558,0.29036442277965235,0.2850235197525497,0.16622139341157557,0.2929341676925488,0.023086314809167518,0.0873420066300618,0.00041803004908887495,1585.0,2.213806521058362,9.207705764137545e-06,0,16690,0.10409984737634659,168,7.450580596923828e-09,3240,1.0,0.1,0.1,0.1,0.09090909090909091,0.09090909090909091,0.09090909090909091,3240,1.0,0.1,0.1,0.1,0.09090909090909091,0.09090909090909091,0.09090909090909091,4824,1.0,0.09999999794283958,0.10000000121918592,0.10000000617148178,0.09090908920895832,0.09090909191668257,0.09090909600948903
358,5.966666666666667,True,valid,0.02125943060203928,0.015803726019565884,0.0031766129948021444,0.3395436967699314,0.3436694345313991,0.13224827564759725,0.2665325556842835,0.015708720153078545,0.28170803026053864,0.0002841146702367623,1585.0,9.820254771922412,7.315658160660792e-06,0,16695,0.10281357169151306,168,7.450580596923828e-09,3240,1.0,0.1,0.1,0.1,0.09090909090909091,0.09090909090909091,0.09090909090909091,3240,1.0,0.1,0.1,0.1,0.09090909090909091,0.09090909090909091,0.09090909090909091,4824,1.0,0.09999999794283958,0.10000000121918592,0.10000000617148178,0.09090908920895832,0.09090909191668257,0.09090909600948903
359,5.983333333333333,True,valid,0.020228145664903077,0.014106474466470596,0.0018879578578714594,0.1744642888780238,0.17923376658436493,0.08328879474450268,0.19993703610208363,0.012783252545218397,0.10754010731541665,0.00027117748075487146,1585.0,1.1519152973911608,6.052971828054376e-06,0,16489,0.10159046202898026,170,7.450580596923828e-09,3240,1.0,0.1,0.1,0.1,0.09090909090909091,0.09090909090909091,0.09090909090909091,3240,1.0,0.1,0.1,0.1,0.09090909090909091,0.09090909090909091,0.09090909090909091,4824,1.0,0.09999999794283958,0.10000000121918592,0.10000000617148178,0.09090908920895832,0.09090909191668257,0.09090909600948903
360,6.0,True,valid,0.0188325663288204,0.012445058400051936,0.0016613926916641815,0.13578713623903854,0.13749075679587724,0.036871858429135915,0.15980260826604037,0.004073491764521347,0.06717004819601366,0.00020644556999253506,1585.0,1.069871490883756,4.680998589432347e-06,0,16185,0.10017643123865128,168,7.450580596923828e-09,3240,1.0,0.1,0.1,0.1,0.09090909090909091,0.09090909090909091,0.09090909090909091,3240,1.0,0.1,0.1,0.1,0.09090909090909091,0.09090909090909091,0.09090909090909091,4824,1.0,0.09999999794283958,0.10000000121918592,0.10000000617148178,0.09090908920895832,0.09090909191668257,0.09090909600948903
