frame,time_s,valid,status,stretch_score,shear_score,bend_score,original_rms_N,alm_rms_N,constitutive_gap_rms_N,elastic_rms_N,damping_rms_N,contact_rms_N,inertia_rms_N,free_vertices,original_max_N,iterate_change_rms_m,self_contact_vt_candidates,self_contact_ee_candidates,body_max_abs_translation_m,soft_contact_count,pin_error_m,tri_stretch_active_rows,tri_stretch_floor_fraction,tri_stretch_rho_over_k_min,tri_stretch_rho_over_k_median,tri_stretch_rho_over_k_max,tri_stretch_effective_over_k_min,tri_stretch_effective_over_k_median,tri_stretch_effective_over_k_max,tri_area_active_rows,tri_area_floor_fraction,tri_area_rho_over_k_min,tri_area_rho_over_k_median,tri_area_rho_over_k_max,tri_area_effective_over_k_min,tri_area_effective_over_k_median,tri_area_effective_over_k_max,bend_active_rows,bend_floor_fraction,bend_rho_over_k_min,bend_rho_over_k_median,bend_rho_over_k_max,bend_effective_over_k_min,bend_effective_over_k_median,bend_effective_over_k_max
0,0.0,True,valid,0.0,0.0,0.0,,,,,,,,,,,0,0,0.1509999930858612,0,0.0,0,,,,,,,,0,,,,,,,,0,,,,,,,
1,0.016666666666666666,True,valid,0.002944217369971042,0.001579705889808471,0.0008686555355201626,0.9279228309136303,0.9279267658647582,2.0565728348863535e-05,0.9279995590657768,0.00844623072720853,0.0,0.00012410316792783394,1585.0,1.9265598494478597,2.295483540976753e-06,0,15504,0.14950264990329742,0,0.0,3240,1.0,30.0,30.0,30.0,0.967741935483871,0.967741935483871,0.967741935483871,3240,1.0,30.0,30.0,30.0,0.967741935483871,0.967741935483871,0.967741935483871,4824,1.0,29.999998673849394,30.000000402331512,30.000001560557838,0.9677419341039015,0.9677419359025302,0.9677419371077605
2,0.03333333333333333,True,valid,0.006025353701395672,0.003481907499950961,0.007308744752832805,1.6892265944787632,1.6892300330378023,2.3316504008293652e-05,1.6895426596762901,0.011764492881443753,0.0,0.00018396725918008177,1585.0,4.578549916185628,3.6809369704843494e-06,0,15504,0.14528286457061768,0,0.0,3240,1.0,30.0,30.0,30.0,0.967741935483871,0.967741935483871,0.967741935483871,3240,1.0,30.0,30.0,30.0,0.967741935483871,0.967741935483871,0.967741935483871,4824,1.0,29.999998673849394,30.000000402331512,30.000001560557838,0.9677419341039015,0.9677419359025302,0.9677419371077605
3,0.05,True,valid,0.0061964958975073625,0.004270828259827012,0.01679668223186305,1.634260758950823,1.6342639456846226,2.1191740996569603e-05,1.6342664033729664,0.010273974879220785,0.0,0.0001496334023045472,1585.0,5.624295236889732,3.1456848559649213e-06,0,15512,0.13834063708782196,0,0.0,3240,1.0,30.0,30.0,30.0,0.967741935483871,0.967741935483871,0.967741935483871,3240,1.0,30.0,30.0,30.0,0.967741935483871,0.967741935483871,0.967741935483871,4824,1.0,29.999998673849394,30.000000402331512,30.000001560557838,0.9677419341039015,0.9677419359025302,0.9677419371077605
4,0.06666666666666667,True,valid,0.006527551868280755,0.005799124900359091,0.024026709073888274,1.809123408996649,1.8091261306251556,2.007122001859944e-05,1.808457622763323,0.008514361717531347,0.0,0.00012365757789677844,1585.0,10.674108092065586,3.0145065638310442e-06,0,15548,0.12867596745491028,14,0.0,3240,1.0,30.0,30.0,30.0,0.967741935483871,0.967741935483871,0.967741935483871,3240,1.0,30.0,30.0,30.0,0.967741935483871,0.967741935483871,0.967741935483871,4824,1.0,29.999998673849394,30.000000402331512,30.000001560557838,0.9677419341039015,0.9677419359025302,0.9677419371077605
5,0.08333333333333333,True,valid,0.007070110209203268,0.00586393980240717,0.023744228235989293,1.8267921144205022,1.8267949645850516,2.6472084133833696e-05,1.8367074325951545,0.015756715935544865,0.2391235838287238,0.00014994965752362612,1585.0,7.1056011499598934,3.3106370270408726e-06,0,15572,0.11628885567188263,77,0.0,3240,1.0,30.0,30.0,30.0,0.967741935483871,0.967741935483871,0.967741935483871,3240,1.0,30.0,30.0,30.0,0.967741935483871,0.967741935483871,0.967741935483871,4824,1.0,29.999998673849394,30.000000402331512,30.000001560557838,0.9677419341039015,0.9677419359025302,0.9677419371077605
6,0.1,True,valid,0.006847323202583345,0.005151876217045929,0.01928364163503728,1.8925644755816822,1.892632017429038,0.0009062505012940852,1.9626725860018626,0.03908260491609233,0.5916180914654722,0.00016794804685300527,1585.0,14.190064611095712,4.100329807117421e-06,0,15548,0.10117930173873901,133,0.0,3240,1.0,30.0,30.0,30.0,0.967741935483871,0.967741935483871,0.967741935483871,3240,1.0,30.0,30.0,30.0,0.967741935483871,0.967741935483871,0.967741935483871,4824,1.0,29.999998673849394,30.000000402331512,30.000001560557838,0.9677419341039015,0.9677419359025302,0.9677419371077605
7,0.11666666666666667,True,valid,0.005122001484384598,0.004127806793331464,0.015363324085356391,1.439064205079636,1.4390138781010142,0.00042938125957633493,1.4557507078391647,0.016386663962954857,0.32411376314176354,0.0001401146644279116,1585.0,5.839328285527565,2.9005786565987594e-06,0,15512,0.10171964764595032,134,0.0,3240,1.0,30.0,30.0,30.0,0.967741935483871,0.967741935483871,0.967741935483871,3240,1.0,30.0,30.0,30.0,0.967741935483871,0.967741935483871,0.967741935483871,4824,1.0,29.999998673849394,30.000000402331512,30.000001560557838,0.9677419341039015,0.9677419359025302,0.9677419371077605
8,0.13333333333333333,True,valid,0.003532875145334601,0.0027787052824017775,0.011567801316097514,1.005979846273478,1.0059833322599159,2.0217765066887467e-05,1.012215965821849,0.008116835496988689,0.058955436483303224,0.00011023191557888282,1585.0,3.2738837877479616,2.1093264687033335e-06,0,15512,0.104111447930336,135,0.0,3240,1.0,30.0,30.0,30.0,0.967741935483871,0.967741935483871,0.967741935483871,3240,1.0,30.0,30.0,30.0,0.967741935483871,0.967741935483871,0.967741935483871,4824,1.0,29.999998673849394,30.000000402331512,30.000001560557838,0.9677419341039015,0.9677419359025302,0.9677419371077605
9,0.15,True,valid,0.003581842011021418,0.0023337032386211614,0.008611884514170314,1.0228775487117066,1.0228807853804245,1.9777353639980056e-05,1.0248568674141552,0.005336328198909444,0.034927110322195726,0.00012115210770023566,1585.0,2.664610233373047,2.2810704885138764e-06,0,15504,0.10463030636310577,132,0.0,3240,1.0,30.0,30.0,30.0,0.967741935483871,0.967741935483871,0.967741935483871,3240,1.0,30.0,30.0,30.0,0.967741935483871,0.967741935483871,0.967741935483871,4824,1.0,29.999998673849394,30.000000402331512,30.000001560557838,0.9677419341039015,0.9677419359025302,0.9677419371077605
10,0.16666666666666666,True,valid,0.004436848283838569,0.0025478508949201197,0.00795913515667521,1.2534622080539022,1.2534653630399488,2.0942460406817496e-05,1.2555189325303788,0.004598991129670639,0.041358904849303386,0.00014096522185639413,1585.0,3.3712962535897324,2.7151834603075403e-06,0,15504,0.10242672264575958,144,0.0,3240,1.0,30.0,30.0,30.0,0.967741935483871,0.967741935483871,0.967741935483871,3240,1.0,30.0,30.0,30.0,0.967741935483871,0.967741935483871,0.967741935483871,4824,1.0,29.999998673849394,30.000000402331512,30.000001560557838,0.9677419341039015,0.9677419359025302,0.9677419371077605
11,0.18333333333333332,True,valid,0.004847178518820049,0.0025368080332932833,0.009000424197499723,1.2890735121024937,1.289076591194379,2.0859553760155997e-05,1.2937761722688037,0.004814143161631789,0.06355093019090219,0.00014379129224097805,1585.0,3.37473069859988,2.8094349287814207e-06,0,15504,0.09750069677829742,154,0.0,3240,1.0,30.0,30.0,30.0,0.967741935483871,0.967741935483871,0.967741935483871,3240,1.0,30.0,30.0,30.0,0.967741935483871,0.967741935483871,0.967741935483871,4824,1.0,29.999998673849394,30.000000402331512,30.000001560557838,0.9677419341039015,0.9677419359025302,0.9677419371077605
12,0.2,True,valid,0.004689923861346498,0.002581210543135567,0.012341618561470256,1.198406533139929,1.1984094877007476,2.026749631890034e-05,1.2027302076931048,0.005776200038599481,0.0695675095117549,0.0001293402312652351,1585.0,2.7926287407009607,2.544197085575681e-06,0,15504,0.09190728515386581,154,0.0,3240,1.0,30.0,30.0,30.0,0.967741935483871,0.967741935483871,0.967741935483871,3240,1.0,30.0,30.0,30.0,0.967741935483871,0.967741935483871,0.967741935483871,4824,1.0,29.999998673849394,30.000000402331512,30.000001560557838,0.9677419341039015,0.9677419359025302,0.9677419371077605
13,0.21666666666666667,True,valid,0.0049515883120373316,0.003379448292279886,0.016320529913744226,1.3619033917189847,1.361709945498062,0.0009208980029131998,1.4340140150431495,0.019758310905301075,0.7874052643134111,0.00012452187647381266,1585.0,15.232394952666603,2.8931555827041433e-06,0,15508,0.08466785401105881,159,0.0,3240,1.0,30.0,30.0,30.0,0.967741935483871,0.967741935483871,0.967741935483871,3240,1.0,30.0,30.0,30.0,0.967741935483871,0.967741935483871,0.967741935483871,4824,1.0,29.999998673849394,30.000000402331512,30.000001560557838,0.9677419341039015,0.9677419359025302,0.9677419371077605
14,0.23333333333333334,True,valid,0.00577579223378473,0.004410978157898101,0.018551763598057193,1.4792162284750374,1.4792193816774408,2.1937565770668034e-05,1.5818457800397148,0.019511484182736478,0.4595040981735077,0.00013733417540346215,1585.0,5.386282975732424,2.8491067478410126e-06,0,15512,0.07671834528446198,159,0.0,3240,1.0,30.0,30.0,30.0,0.967741935483871,0.967741935483871,0.967741935483871,3240,1.0,30.0,30.0,30.0,0.967741935483871,0.967741935483871,0.967741935483871,4824,1.0,29.999998673849394,30.000000402331512,30.000001560557838,0.9677419341039015,0.9677419359025302,0.9677419371077605
15,0.25,True,valid,0.00628614941394533,0.005184101486264929,0.018334938100067356,1.6104897298240777,1.6104925536041592,2.628624203718916e-05,1.6467204223322753,0.0074101894355013765,0.2952046303475979,0.00015193912863179762,1585.0,4.757771536816145,3.176055956455452e-06,0,15512,0.07375398278236389,150,0.0,3240,1.0,30.0,30.0,30.0,0.967741935483871,0.967741935483871,0.967741935483871,3240,1.0,30.0,30.0,30.0,0.967741935483871,0.967741935483871,0.967741935483871,4824,1.0,29.999998673849394,30.000000402331512,30.000001560557838,0.9677419341039015,0.9677419359025302,0.9677419371077605
16,0.26666666666666666,True,valid,0.0057035483283544635,0.0051813549795759525,0.01685127335491736,1.5125482351558075,1.5125507392339432,2.309438352170586e-05,1.5307840034339841,0.005794988931732807,0.16477223700415894,0.00014473891574931302,1585.0,3.831845649567754,2.967447184324827e-06,0,15512,0.07417911291122437,149,0.0,3240,1.0,30.0,30.0,30.0,0.967741935483871,0.967741935483871,0.967741935483871,3240,1.0,30.0,30.0,30.0,0.967741935483871,0.967741935483871,0.967741935483871,4824,1.0,29.999998673849394,30.000000402331512,30.000001560557838,0.9677419341039015,0.9677419359025302,0.9677419371077605
17,0.2833333333333333,True,valid,0.004669179662831534,0.004366082170115179,0.01460674393386744,1.2745574608028976,1.2745593832777287,3.0023819113585096e-05,1.2941937098171488,0.00841431662129806,0.15996164933004686,0.00012847392022301255,1585.0,3.1866698455263487,2.5574159774460112e-06,0,15512,0.07533435523509979,145,0.0,3240,1.0,30.0,30.0,30.0,0.967741935483871,0.967741935483871,0.967741935483871,3240,1.0,30.0,30.0,30.0,0.967741935483871,0.967741935483871,0.967741935483871,4824,1.0,29.999998673849394,30.000000402331512,30.000001560557838,0.9677419341039015,0.9677419359025302,0.9677419371077605
18,0.3,True,valid,0.00412511900465638,0.003215924109077424,0.01198107047609348,1.1100827307698968,1.1100862877791011,8.410809619365481e-05,1.1199401999726393,0.005577069903907698,0.09350545213586771,0.00012203604635373682,1585.0,2.475717255662168,2.3688531773058147e-06,0,15504,0.07646598666906357,142,0.0,3240,1.0,30.0,30.0,30.0,0.967741935483871,0.967741935483871,0.967741935483871,3240,1.0,30.0,30.0,30.0,0.967741935483871,0.967741935483871,0.967741935483871,4824,1.0,29.999998673849394,30.000000402331512,30.000001560557838,0.9677419341039015,0.9677419359025302,0.9677419371077605
19,0.31666666666666665,True,valid,0.004301597337136217,0.0025511412675919116,0.010081307419572472,1.122323026834428,1.1223253796668673,0.00020360806628654638,1.1335864625526606,0.003539795263728507,0.09494016844763067,0.0001287908716898038,1585.0,2.8798334915496886,2.501940494062276e-06,0,15504,0.07645372301340103,137,0.0,3240,1.0,30.0,30.0,30.0,0.967741935483871,0.967741935483871,0.967741935483871,3240,1.0,30.0,30.0,30.0,0.967741935483871,0.967741935483871,0.967741935483871,4824,1.0,29.999998673849394,30.000000402331512,30.000001560557838,0.9677419341039015,0.9677419359025302,0.9677419371077605
20,0.3333333333333333,True,valid,0.004654405750855725,0.002474782339905214,0.010214903012670088,1.1820844792141405,1.1820876135853104,3.1811241782604975e-05,1.18570181562772,0.004201090314418911,0.09982415958339942,0.00013403006812432762,1585.0,2.8109009233428686,2.611176937065987e-06,0,15504,0.07519742846488953,142,0.0,3240,1.0,30.0,30.0,30.0,0.967741935483871,0.967741935483871,0.967741935483871,3240,1.0,30.0,30.0,30.0,0.967741935483871,0.967741935483871,0.967741935483871,4824,1.0,29.999998673849394,30.000000402331512,30.000001560557838,0.9677419341039015,0.9677419359025302,0.9677419371077605
21,0.35,True,valid,0.004818798639859068,0.002529672482923794,0.012203537712861241,1.1995926143145261,1.1995962779003841,0.00010759960044754834,1.2161654408442744,0.004652420078480708,0.13553836379114664,0.00013037759217410214,1585.0,2.869825431885602,2.5741306473873727e-06,0,15504,0.07292290031909943,152,0.0,3240,1.0,30.0,30.0,30.0,0.967741935483871,0.967741935483871,0.967741935483871,3240,1.0,30.0,30.0,30.0,0.967741935483871,0.967741935483871,0.967741935483871,4824,1.0,29.999998673849394,30.000000402331512,30.000001560557838,0.9677419341039015,0.9677419359025302,0.9677419371077605
22,0.36666666666666664,True,valid,0.005046624090144327,0.002903774115915295,0.014795832928903073,1.2710173750642375,1.2710527675842098,0.0004908909731393693,1.53730635582433,0.014071858529884554,0.7369552918675014,0.00012872509851561857,1585.0,7.601170235552819,2.698009797657922e-06,0,15504,0.07324263453483582,163,0.0,3240,1.0,30.0,30.0,30.0,0.967741935483871,0.967741935483871,0.967741935483871,3240,1.0,30.0,30.0,30.0,0.967741935483871,0.967741935483871,0.967741935483871,4824,1.0,29.999998673849394,30.000000402331512,30.000001560557838,0.9677419341039015,0.9677419359025302,0.9677419371077605
23,0.38333333333333336,True,valid,0.005465706398657263,0.003675078309727157,0.01640546427573628,1.3827203281628606,1.3827230104999833,2.1197558920480313e-05,1.4158492120565291,0.0045801045558842,0.2445912153028841,0.00013492169179121392,1585.0,4.047437216416999,2.7540316376423433e-06,0,15509,0.07292759418487549,164,0.0,3240,1.0,30.0,30.0,30.0,0.967741935483871,0.967741935483871,0.967741935483871,3240,1.0,30.0,30.0,30.0,0.967741935483871,0.967741935483871,0.967741935483871,4824,1.0,29.999998673849394,30.000000402331512,30.000001560557838,0.9677419341039015,0.9677419359025302,0.9677419371077605
24,0.4,True,valid,0.0056946748287659945,0.004422765521530629,0.01648165507177921,1.462258433959696,1.4622615537413903,2.4809730346325168e-05,1.4924783569059357,0.005670615967826491,0.25690126024722726,0.0001419918498520972,1585.0,3.765144279672456,2.918519470994995e-06,0,15512,0.07235369086265564,165,0.0,3240,1.0,30.0,30.0,30.0,0.967741935483871,0.967741935483871,0.967741935483871,3240,1.0,30.0,30.0,30.0,0.967741935483871,0.967741935483871,0.967741935483871,4824,1.0,29.999998673849394,30.000000402331512,30.000001560557838,0.9677419341039015,0.9677419359025302,0.9677419371077605
25,0.4166666666666667,True,valid,0.0054054927879524355,0.00478462648736586,0.015632134864092612,1.4260063937434875,1.426008016610624,0.00010193032456094971,1.4425935613457388,0.004637306290459183,0.13940711431614886,0.0001404184901253504,1585.0,4.203837325068995,2.8650364024665e-06,0,15512,0.07114697992801666,164,0.0,3240,1.0,30.0,30.0,30.0,0.967741935483871,0.967741935483871,0.967741935483871,3240,1.0,30.0,30.0,30.0,0.967741935483871,0.967741935483871,0.967741935483871,4824,1.0,29.999998673849394,30.000000402331512,30.000001560557838,0.9677419341039015,0.9677419359025302,0.9677419371077605
26,0.43333333333333335,True,valid,0.00479207852306734,0.00457042741837448,0.014569337379968211,1.2977631487590966,1.2977658097300766,2.0263697914669198e-05,1.3083815459888253,0.005630809901791159,0.09440511168370247,0.0001308241919869096,1585.0,3.059342003129602,2.618744533320555e-06,0,15509,0.07016178220510483,167,0.0,3240,1.0,30.0,30.0,30.0,0.967741935483871,0.967741935483871,0.967741935483871,3240,1.0,30.0,30.0,30.0,0.967741935483871,0.967741935483871,0.967741935483871,4824,1.0,29.999998673849394,30.000000402331512,30.000001560557838,0.9677419341039015,0.9677419359025302,0.9677419371077605
27,0.45,True,valid,0.004393351639261965,0.003937581231177459,0.013328164387146024,1.2068333129020385,1.2068289364636113,0.00024663392510041864,1.2650735981679115,0.0102018717666341,0.2871768571793258,0.00012678794554517593,1585.0,4.089852717540239,2.507544138331748e-06,0,15504,0.06925086677074432,173,0.0,3240,1.0,30.0,30.0,30.0,0.967741935483871,0.967741935483871,0.967741935483871,3240,1.0,30.0,30.0,30.0,0.967741935483871,0.967741935483871,0.967741935483871,4824,1.0,29.999998673849394,30.000000402331512,30.000001560557838,0.9677419341039015,0.9677419359025302,0.9677419371077605
28,0.4666666666666667,True,valid,0.004490302458851126,0.003283426888536242,0.0119817714103684,1.1930415059001478,1.1930458934922596,0.00013875869657408373,1.234268491881968,0.003442106817015949,0.37415652783137465,0.00012900245688453205,1585.0,2.774670474423424,2.5415124573563505e-06,0,15504,0.06835376471281052,174,0.0,3240,1.0,30.0,30.0,30.0,0.967741935483871,0.967741935483871,0.967741935483871,3240,1.0,30.0,30.0,30.0,0.967741935483871,0.967741935483871,0.967741935483871,4824,1.0,29.999998673849394,30.000000402331512,30.000001560557838,0.9677419341039015,0.9677419359025302,0.9677419371077605
29,0.48333333333333334,True,valid,0.004796118487601729,0.002898090956242798,0.0114262276474915,1.2405784173285184,1.2405865647999408,0.000304279081406701,1.3804296411359787,0.008771455742010667,0.8151464138092094,0.00013390138137740052,1585.0,7.657417813500853,2.6847612821200797e-06,0,15504,0.06889145821332932,174,0.0,3240,1.0,30.0,30.0,30.0,0.967741935483871,0.967741935483871,0.967741935483871,3240,1.0,30.0,30.0,30.0,0.967741935483871,0.967741935483871,0.967741935483871,4824,1.0,29.999998673849394,30.000000402331512,30.000001560557838,0.9677419341039015,0.9677419359025302,0.9677419371077605
30,0.5,True,valid,0.005014593253483849,0.002809149733494107,0.012231917672829109,1.2370324186397887,1.2370355516741491,4.40253972826611e-05,1.2515924590565066,0.004085671842926138,0.14591347741650412,0.00013380316128011664,1585.0,2.866015178093315,2.64524981667806e-06,0,15504,0.07006602734327316,177,0.0,3240,1.0,30.0,30.0,30.0,0.967741935483871,0.967741935483871,0.967741935483871,3240,1.0,30.0,30.0,30.0,0.967741935483871,0.967741935483871,0.967741935483871,4824,1.0,29.999998673849394,30.000000402331512,30.000001560557838,0.9677419341039015,0.9677419359025302,0.9677419371077605
31,0.5166666666666667,True,valid,0.005120529106642343,0.002836418672123169,0.013836739527983123,1.2583222935193406,1.258325097917122,2.0668899374729634e-05,1.2684810532715294,0.003498151156359153,0.08904561666438582,0.00013103981777227858,1585.0,2.882257650034721,2.6227619607535495e-06,0,15504,0.07152776420116425,177,0.0,3240,1.0,30.0,30.0,30.0,0.967741935483871,0.967741935483871,0.967741935483871,3240,1.0,30.0,30.0,30.0,0.967741935483871,0.967741935483871,0.967741935483871,4824,1.0,29.999998673849394,30.000000402331512,30.000001560557838,0.9677419341039015,0.9677419359025302,0.9677419371077605
32,0.5333333333333333,True,valid,0.005222649430815831,0.0030181465756329486,0.015061027411482311,1.2934552798820373,1.2934579934268653,2.0707918520622755e-05,1.3302737695116391,0.002981538955826303,0.24308053078932904,0.00013135071011035915,1585.0,3.1776519122285456,2.645300880867122e-06,0,15508,0.07211599498987198,175,0.0,3240,1.0,30.0,30.0,30.0,0.967741935483871,0.967741935483871,0.967741935483871,3240,1.0,30.0,30.0,30.0,0.967741935483871,0.967741935483871,0.967741935483871,4824,1.0,29.999998673849394,30.000000402331512,30.000001560557838,0.9677419341039015,0.9677419359025302,0.9677419371077605
33,0.55,True,valid,0.005294913003516404,0.0034820461093523526,0.015273427183977607,1.3358100834020759,1.3358129425917498,3.674263409803909e-05,1.3815297528696668,0.0021731818409467907,0.3218558929142315,0.00013544204746586386,1585.0,3.082137034797935,2.7296263807004256e-06,0,15509,0.07216023653745651,175,0.0,3240,1.0,30.0,30.0,30.0,0.967741935483871,0.967741935483871,0.967741935483871,3240,1.0,30.0,30.0,30.0,0.967741935483871,0.967741935483871,0.967741935483871,4824,1.0,29.999998673849394,30.000000402331512,30.000001560557838,0.9677419341039015,0.9677419359025302,0.9677419371077605
34,0.5666666666666667,True,valid,0.005136593636186667,0.004069583770491738,0.014832367590013508,1.3274966731779154,1.3274991761815822,2.178775859883344e-05,1.3925149118122764,0.004161666745716664,0.4014270463213273,0.00013491894186999832,1585.0,3.1119430604968583,2.7165730196145495e-06,0,15512,0.0718824565410614,176,0.0,3240,1.0,30.0,30.0,30.0,0.967741935483871,0.967741935483871,0.967741935483871,3240,1.0,30.0,30.0,30.0,0.967741935483871,0.967741935483871,0.967741935483871,4824,1.0,29.999998673849394,30.000000402331512,30.000001560557838,0.9677419341039015,0.9677419359025302,0.9677419371077605
35,0.5833333333333334,True,valid,0.004857729710369045,0.004473736113623789,0.014180071854211614,1.2914141657644844,1.2914169255886612,2.1568544400340062e-05,1.334874482753296,0.004170689996705257,0.30831182947177116,0.00013226731778389787,1585.0,2.9473220205739765,2.6419361199682166e-06,0,15506,0.07138706743717194,176,0.0,3240,1.0,30.0,30.0,30.0,0.967741935483871,0.967741935483871,0.967741935483871,3240,1.0,30.0,30.0,30.0,0.967741935483871,0.967741935483871,0.967741935483871,4824,1.0,29.999998673849394,30.000000402331512,30.000001560557838,0.9677419341039015,0.9677419359025302,0.9677419371077605
36,0.6,True,valid,0.004677439370669021,0.004451404295650777,0.013729037783048854,1.2674702620667875,1.2674730866984616,2.0917939649809764e-05,1.2798177011203073,0.002933193854423924,0.13072289607382506,0.00013110631076600654,1585.0,2.7385171594304967,2.602351555560156e-06,0,15504,0.07074479758739471,177,0.0,3240,1.0,30.0,30.0,30.0,0.967741935483871,0.967741935483871,0.967741935483871,3240,1.0,30.0,30.0,30.0,0.967741935483871,0.967741935483871,0.967741935483871,4824,1.0,29.999998673849394,30.000000402331512,30.000001560557838,0.9677419341039015,0.9677419359025302,0.9677419371077605
37,0.6166666666666667,True,valid,0.004685417352954741,0.004008617373291843,0.013440316476331763,1.2579555974904224,1.2579585739363601,4.853006048929681e-05,1.2689164116038312,0.005180324323187703,0.10265018478418063,0.00013084087754372062,1585.0,2.7683866702913056,2.594532753343436e-06,0,15504,0.07022063434123993,175,0.0,3240,1.0,30.0,30.0,30.0,0.967741935483871,0.967741935483871,0.967741935483871,3240,1.0,30.0,30.0,30.0,0.967741935483871,0.967741935483871,0.967741935483871,4824,1.0,29.999998673849394,30.000000402331512,30.000001560557838,0.9677419341039015,0.9677419359025302,0.9677419371077605
38,0.6333333333333333,True,valid,0.004853899617643169,0.0034039824228972006,0.013134645033381095,1.2541705054192098,1.2541711582531812,0.0001993495214228361,1.3050211898562611,0.00342024871120528,0.4050320206390026,0.00013221482458259916,1585.0,2.862001972102453,2.6414200832545172e-06,0,15504,0.07004636526107788,174,0.0,3240,1.0,30.0,30.0,30.0,0.967741935483871,0.967741935483871,0.967741935483871,3240,1.0,30.0,30.0,30.0,0.967741935483871,0.967741935483871,0.967741935483871,4824,1.0,29.999998673849394,30.000000402331512,30.000001560557838,0.9677419341039015,0.9677419359025302,0.9677419371077605
39,0.65,True,valid,0.005033758583603567,0.002997087936510231,0.013030574406355135,1.242119206543796,1.2421218361728534,2.454803839499333e-05,1.2589001146965597,0.003083193881157374,0.16242956204048406,0.0001324953123778564,1585.0,2.8761313095845127,2.633123060906117e-06,0,15504,0.07017266005277634,174,0.0,3240,1.0,30.0,30.0,30.0,0.967741935483871,0.967741935483871,0.967741935483871,3240,1.0,30.0,30.0,30.0,0.967741935483871,0.967741935483871,0.967741935483871,4824,1.0,29.999998673849394,30.000000402331512,30.000001560557838,0.9677419341039015,0.9677419359025302,0.9677419371077605
40,0.6666666666666666,True,valid,0.005122882276738642,0.0028683481176806193,0.013345710039906769,1.2404273804519093,1.2404297969956446,0.00013994507492777315,1.2751517229517755,0.0038029390997542352,0.3119182738431387,0.00013181471865182374,1585.0,2.797508820129312,2.639741998768175e-06,0,15504,0.07051586359739304,173,0.0,3240,1.0,30.0,30.0,30.0,0.967741935483871,0.967741935483871,0.967741935483871,3240,1.0,30.0,30.0,30.0,0.967741935483871,0.967741935483871,0.967741935483871,4824,1.0,29.999998673849394,30.000000402331512,30.000001560557838,0.9677419341039015,0.9677419359025302,0.9677419371077605
41,0.6833333333333333,True,valid,0.005124042949025921,0.0028589338072521385,0.013772012046060914,1.2548564602344,1.2548563142887186,0.00014350551887641264,1.278665161448841,0.004921854646562454,0.17203914006942908,0.0001318112247497182,1585.0,3.3418964577848738,2.6472976957960876e-06,0,15504,0.0709332525730133,173,0.0,3240,1.0,30.0,30.0,30.0,0.967741935483871,0.967741935483871,0.967741935483871,3240,1.0,30.0,30.0,30.0,0.967741935483871,0.967741935483871,0.967741935483871,4824,1.0,29.999998673849394,30.000000402331512,30.000001560557838,0.9677419341039015,0.9677419359025302,0.9677419371077605
42,0.7,True,valid,0.0050632529205355626,0.0030517494323187774,0.01383276643236206,1.2742253989580348,1.2742282265737608,2.090084114004811e-05,1.2962741055404492,0.0013182023461840173,0.18200853572371153,0.00013273692599732485,1585.0,2.9276619349584827,2.6513856436886914e-06,0,15504,0.07126302272081375,172,0.0,3240,1.0,30.0,30.0,30.0,0.967741935483871,0.967741935483871,0.967741935483871,3240,1.0,30.0,30.0,30.0,0.967741935483871,0.967741935483871,0.967741935483871,4824,1.0,29.999998673849394,30.000000402331512,30.000001560557838,0.9677419341039015,0.9677419359025302,0.9677419371077605
43,0.7166666666666667,True,valid,0.004934599285009317,0.0035456709314314583,0.013408775999635676,1.2844580413998947,1.2844607913243453,2.091236940478119e-05,1.3092394820164137,0.0014710669637913875,0.20994720740132,0.0001337111476566803,1585.0,2.860474603035024,2.6664385612701718e-06,0,15504,0.0714406967163086,173,0.0,3240,1.0,30.0,30.0,30.0,0.967741935483871,0.967741935483871,0.967741935483871,3240,1.0,30.0,30.0,30.0,0.967741935483871,0.967741935483871,0.967741935483871,4824,1.0,29.999998673849394,30.000000402331512,30.000001560557838,0.9677419341039015,0.9677419359025302,0.9677419371077605
44,0.7333333333333333,True,valid,0.004747819124364298,0.004057513258757763,0.012921584182965221,1.2679674903950373,1.267970399558049,2.1805213391722016e-05,1.3011443373551974,0.0020921187208709233,0.26730940989793917,0.00013255409006981465,1585.0,2.8113190359054436,2.6310531472961156e-06,0,15504,0.07142014056444168,174,0.0,3240,1.0,30.0,30.0,30.0,0.967741935483871,0.967741935483871,0.967741935483871,3240,1.0,30.0,30.0,30.0,0.967741935483871,0.967741935483871,0.967741935483871,4824,1.0,29.999998673849394,30.000000402331512,30.000001560557838,0.9677419341039015,0.9677419359025302,0.9677419371077605
45,0.75,True,valid,0.004614654623678455,0.004268915726052652,0.012866353101864932,1.2444250460032686,1.2444290069333965,0.00011935969305603181,1.310438832073865,0.0034240968773355087,0.4462258149945064,0.000130711035766649,1585.0,2.7464906033491654,2.592014060418372e-06,0,15504,0.07120510935783386,172,0.0,3240,1.0,30.0,30.0,30.0,0.967741935483871,0.967741935483871,0.967741935483871,3240,1.0,30.0,30.0,30.0,0.967741935483871,0.967741935483871,0.967741935483871,4824,1.0,29.999998673849394,30.000000402331512,30.000001560557838,0.9677419341039015,0.9677419359025302,0.9677419371077605
46,0.7666666666666667,True,valid,0.004649007667356465,0.0041015676543994855,0.013313292253915707,1.239246841872328,1.239245983836159,0.00013801000851026296,1.2953725499895778,0.003762217334492821,0.35651231894340085,0.00013003346957786107,1585.0,2.74470020020531,2.5823528942137814e-06,0,15504,0.07088073343038559,173,0.0,3240,1.0,30.0,30.0,30.0,0.967741935483871,0.967741935483871,0.967741935483871,3240,1.0,30.0,30.0,30.0,0.967741935483871,0.967741935483871,0.967741935483871,4824,1.0,29.999998673849394,30.000000402331512,30.000001560557838,0.9677419341039015,0.9677419359025302,0.9677419371077605
47,0.7833333333333333,True,valid,0.004861988609217998,0.0037169576159316107,0.013943278338669473,1.2510733077931693,1.2510760756879915,2.1293687969201814e-05,1.275434574414687,0.0019331351710265353,0.21601592332165429,0.0001313614921936961,1585.0,2.8041253623612485,2.6073432014723364e-06,0,15505,0.07050995528697968,173,0.0,3240,1.0,30.0,30.0,30.0,0.967741935483871,0.967741935483871,0.967741935483871,3240,1.0,30.0,30.0,30.0,0.967741935483871,0.967741935483871,0.967741935483871,4824,1.0,29.999998673849394,30.000000402331512,30.000001560557838,0.9677419341039015,0.9677419359025302,0.9677419371077605
48,0.8,True,valid,0.005139411075203856,0.003379194524982782,0.014491620523508957,1.2772238847840882,1.2772264586050819,5.741439200093953e-05,1.2903605668863714,0.0018973143406651896,0.11098170264513658,0.00013276769096055865,1585.0,2.8826539465827565,2.659010441410366e-06,0,15512,0.07030459493398666,174,0.0,3240,1.0,30.0,30.0,30.0,0.967741935483871,0.967741935483871,0.967741935483871,3240,1.0,30.0,30.0,30.0,0.967741935483871,0.967741935483871,0.967741935483871,4824,1.0,29.999998673849394,30.000000402331512,30.000001560557838,0.9677419341039015,0.9677419359025302,0.9677419371077605
49,0.8166666666666667,True,valid,0.005347973369299465,0.0032298992156513683,0.014774116444275367,1.290995571257516,1.290998177946398,2.1225026815711775e-05,1.3105939950421723,0.0015874216748841994,0.14762380765440278,0.0001332777569843856,1585.0,2.9963010207352547,2.685823081972903e-06,0,15512,0.07035993784666061,175,0.0,3240,1.0,30.0,30.0,30.0,0.967741935483871,0.967741935483871,0.967741935483871,3240,1.0,30.0,30.0,30.0,0.967741935483871,0.967741935483871,0.967741935483871,4824,1.0,29.999998673849394,30.000000402331512,30.000001560557838,0.9677419341039015,0.9677419359025302,0.9677419371077605
50,0.8333333333333334,True,valid,0.0053908808913006746,0.0031543302586821975,0.014614806410229615,1.2938624399857064,1.2938652201294802,2.1198346000049967e-05,1.3253669988426213,0.00254597172752285,0.22377943830157374,0.000133653632838244,1585.0,2.988372573944649,2.694421595667712e-06,0,15512,0.07058662176132202,175,0.0,3240,1.0,30.0,30.0,30.0,0.967741935483871,0.967741935483871,0.967741935483871,3240,1.0,30.0,30.0,30.0,0.967741935483871,0.967741935483871,0.967741935483871,4824,1.0,29.999998673849394,30.000000402331512,30.000001560557838,0.9677419341039015,0.9677419359025302,0.9677419371077605
51,0.85,True,valid,0.005225135226596224,0.003075192861660637,0.013973210480295425,1.279927067199012,1.2799300184727185,3.3532837847531294e-05,1.3009910568337573,0.0035560211024736653,0.17508000891520764,0.0001336939204234901,1585.0,2.9182214171390406,2.6787547186965846e-06,0,15512,0.070870041847229,173,0.0,3240,1.0,30.0,30.0,30.0,0.967741935483871,0.967741935483871,0.967741935483871,3240,1.0,30.0,30.0,30.0,0.967741935483871,0.967741935483871,0.967741935483871,4824,1.0,29.999998673849394,30.000000402331512,30.000001560557838,0.9677419341039015,0.9677419359025302,0.9677419371077605
52,0.8666666666666667,True,valid,0.004903707764997141,0.003155507342505637,0.013051825989165468,1.2442389790201933,1.2442415104641502,2.9585489233741506e-05,1.2656814987302958,0.0023066534819080253,0.19140508280859156,0.00013169313182997332,1585.0,2.833136177167654,2.618174716228893e-06,0,15504,0.07116324454545975,172,0.0,3240,1.0,30.0,30.0,30.0,0.967741935483871,0.967741935483871,0.967741935483871,3240,1.0,30.0,30.0,30.0,0.967741935483871,0.967741935483871,0.967741935483871,4824,1.0,29.999998673849394,30.000000402331512,30.000001560557838,0.9677419341039015,0.9677419359025302,0.9677419371077605
53,0.8833333333333333,True,valid,0.004595159638353124,0.003497641003502963,0.012137516918007777,1.2156694557521317,1.21566956628196,0.00011569205634408755,1.2313155028613831,0.002037920095438896,0.14222376062243916,0.00013001945624367068,1585.0,2.7547414086152,2.568166988988528e-06,0,15504,0.07134075462818146,171,0.0,3240,1.0,30.0,30.0,30.0,0.967741935483871,0.967741935483871,0.967741935483871,3240,1.0,30.0,30.0,30.0,0.967741935483871,0.967741935483871,0.967741935483871,4824,1.0,29.999998673849394,30.000000402331512,30.000001560557838,0.9677419341039015,0.9677419359025302,0.9677419371077605
54,0.9,True,valid,0.004450352183177446,0.0038753605071114874,0.011590584061056664,1.2077062573145643,1.2077081373498306,3.635376185646075e-05,1.2181257473023526,0.0018988691918623859,0.11074553389660574,0.00012964978988144654,1585.0,2.7169258550039572,2.546322539948387e-06,0,15504,0.07129139453172684,171,0.0,3240,1.0,30.0,30.0,30.0,0.967741935483871,0.967741935483871,0.967741935483871,3240,1.0,30.0,30.0,30.0,0.967741935483871,0.967741935483871,0.967741935483871,4824,1.0,29.999998673849394,30.000000402331512,30.000001560557838,0.9677419341039015,0.9677419359025302,0.9677419371077605
55,0.9166666666666666,True,valid,0.004494622462500579,0.0040100452658871945,0.011769264352960133,1.2189235278518844,1.218923795786831,0.00011542816977282054,1.2441788242295806,0.0030186270119216996,0.2188407084280644,0.00013012431689778348,1585.0,2.731897488453628,2.569402145095182e-06,0,15504,0.07111378014087677,170,0.0,3240,1.0,30.0,30.0,30.0,0.967741935483871,0.967741935483871,0.967741935483871,3240,1.0,30.0,30.0,30.0,0.967741935483871,0.967741935483871,0.967741935483871,4824,1.0,29.999998673849394,30.000000402331512,30.000001560557838,0.9677419341039015,0.9677419359025302,0.9677419371077605
56,0.9333333333333333,True,valid,0.004693356953515364,0.0038533172432027338,0.012654142126499231,1.2374753337075042,1.2374781437856552,2.0767429269862854e-05,1.2729902902557564,0.002107225962378467,0.2772035758153232,0.00013086695453219232,1585.0,2.779875381474607,2.5908197554065525e-06,0,15504,0.07080749422311783,171,0.0,3240,1.0,30.0,30.0,30.0,0.967741935483871,0.967741935483871,0.967741935483871,3240,1.0,30.0,30.0,30.0,0.967741935483871,0.967741935483871,0.967741935483871,4824,1.0,29.999998673849394,30.000000402331512,30.000001560557838,0.9677419341039015,0.9677419359025302,0.9677419371077605
57,0.95,True,valid,0.0049845017862239415,0.0035798912902360305,0.013856470180232451,1.2656928122771534,1.265695608424597,2.099186040695834e-05,1.3004818989998241,0.0022410612556955506,0.2706593646131648,0.00013172687103308852,1585.0,2.8481313922187312,2.631923763850925e-06,0,15504,0.07053527235984802,171,0.0,3240,1.0,30.0,30.0,30.0,0.967741935483871,0.967741935483871,0.967741935483871,3240,1.0,30.0,30.0,30.0,0.967741935483871,0.967741935483871,0.967741935483871,4824,1.0,29.999998673849394,30.000000402331512,30.000001560557838,0.9677419341039015,0.9677419359025302,0.9677419371077605
58,0.9666666666666667,True,valid,0.005277490113208163,0.0033963325748038306,0.014843079998508263,1.2927924524465042,1.2927947695104391,4.02873016132713e-05,1.3238074637387445,0.004276505836094066,0.24135993555653673,0.00013297122617631944,1585.0,3.134131323966044,2.6801636048283655e-06,0,15512,0.0704026073217392,171,0.0,3240,1.0,30.0,30.0,30.0,0.967741935483871,0.967741935483871,0.967741935483871,3240,1.0,30.0,30.0,30.0,0.967741935483871,0.967741935483871,0.967741935483871,4824,1.0,29.999998673849394,30.000000402331512,30.000001560557838,0.9677419341039015,0.9677419359025302,0.9677419371077605
59,0.9833333333333333,True,valid,0.005442547532156858,0.0033079043125155134,0.015219275008670942,1.3147554576017584,1.3147581554438985,5.745010922005322e-05,1.3325619947019824,0.0029581140732781817,0.13689973434825767,0.00013409328558645556,1585.0,3.1990826053346844,2.718934138167838e-06,0,15512,0.07041456550359726,172,0.0,3240,1.0,30.0,30.0,30.0,0.967741935483871,0.967741935483871,0.967741935483871,3240,1.0,30.0,30.0,30.0,0.967741935483871,0.967741935483871,0.967741935483871,4824,1.0,29.999998673849394,30.000000402331512,30.000001560557838,0.9677419341039015,0.9677419359025302,0.9677419371077605
60,1.0,True,valid,0.005385178752486886,0.003214202375146255,0.014848019478638584,1.2981085723779147,1.2981115417743314,3.152646144207111e-05,1.3250830734255263,0.0013927870152733314,0.20951755173334932,0.0001338554709975283,1585.0,3.0445061328401923,2.701031094958892e-06,0,15512,0.07060839235782623,171,0.0,3240,1.0,30.0,30.0,30.0,0.967741935483871,0.967741935483871,0.967741935483871,3240,1.0,30.0,30.0,30.0,0.967741935483871,0.967741935483871,0.967741935483871,4824,1.0,29.999998673849394,30.000000402331512,30.000001560557838,0.9677419341039015,0.9677419359025302,0.9677419371077605
61,1.0166666666666666,True,valid,0.005120563092944419,0.0031471068923575526,0.013963857090896216,1.2628998419062714,1.2629029716527669,3.702090338069076e-05,1.2862170108923605,0.004506664077424789,0.19928700484621353,0.00013237917832424934,1585.0,2.850465094091688,2.6463310706193054e-06,0,15512,0.07088593393564224,171,3.448803909122944e-09,3240,1.0,30.0,30.0,30.0,0.967741935483871,0.967741935483871,0.967741935483871,3240,1.0,30.0,30.0,30.0,0.967741935483871,0.967741935483871,0.967741935483871,4824,1.0,29.999998673849394,30.000000402331512,30.000001560557838,0.9677419341039015,0.9677419359025302,0.9677419371077605
62,1.0333333333333334,True,valid,0.004809129788965067,0.0032956873470611895,0.013014000129032052,1.268063646764691,1.268068742387728,0.00016410518016254697,1.30571253714215,0.009260773805003541,0.33723213501249,0.00013210940209200256,1585.0,2.8523654941564502,2.6344266374226844e-06,0,15633,0.07112859189510345,171,1.7462298274040222e-09,3240,1.0,30.0,30.0,30.0,0.967741935483871,0.967741935483871,0.967741935483871,3240,1.0,30.0,30.0,30.0,0.967741935483871,0.967741935483871,0.967741935483871,4824,1.0,29.999998673849394,30.000000402331512,30.000001560557838,0.9677419341039015,0.9677419359025302,0.9677419371077605
63,1.05,True,valid,0.00467023754985217,0.003682670561959896,0.012340911639338948,1.3296024124759336,1.329608367019665,2.896966860889573e-05,1.3475860870131988,0.013986768112998078,0.17745815213260407,0.00013630980249178904,1585.0,3.6939414670183806,2.6775201462784034e-06,0,15654,0.0711871087551117,171,3.026798367500305e-09,3240,1.0,30.0,30.0,30.0,0.967741935483871,0.967741935483871,0.967741935483871,3240,1.0,30.0,30.0,30.0,0.967741935483871,0.967741935483871,0.967741935483871,4824,1.0,29.999998673849394,30.000000402331512,30.000001560557838,0.9677419341039015,0.9677419359025302,0.9677419371077605
64,1.0666666666666667,True,valid,0.004744292788472841,0.00406585635789163,0.012248972786244825,1.4338803886876685,1.4338888140829515,3.103399725353774e-05,1.4473987270475785,0.01915504829408384,0.14449338587007904,0.00014300609253771357,1585.0,4.357055934688921,2.7982782747433207e-06,0,15676,0.07089207321405411,171,2.3283064365386963e-09,3240,1.0,30.0,30.0,30.0,0.967741935483871,0.967741935483871,0.967741935483871,3240,1.0,30.0,30.0,30.0,0.967741935483871,0.967741935483871,0.967741935483871,4824,1.0,29.999998673849394,30.000000402331512,30.000001560557838,0.9677419341039015,0.9677419359025302,0.9677419371077605
65,1.0833333333333333,True,valid,0.004948830923648171,0.004240189855100959,0.012837344814975742,1.5437248973951925,1.5437362902125469,3.176304073001692e-05,1.5569152757239468,0.023883322516943837,0.13851220863623956,0.00014892766717842354,1585.0,4.94848383847818,2.9130416425079347e-06,0,15745,0.0700615867972374,171,2.7939677238464355e-09,3240,1.0,30.0,30.0,30.0,0.967741935483871,0.967741935483871,0.967741935483871,3240,1.0,30.0,30.0,30.0,0.967741935483871,0.967741935483871,0.967741935483871,4824,1.0,29.999998673849394,30.000000402331512,30.000001560557838,0.9677419341039015,0.9677419359025302,0.9677419371077605
66,1.1,True,valid,0.005237981084504213,0.004224646331181058,0.013815155333486191,1.6629952949833486,1.6630093460322846,3.57516259780872e-05,1.6763328683903433,0.028242148436476988,0.14346637868786472,0.00015562969258278825,1585.0,5.690915865146443,3.0470742568101788e-06,0,15797,0.06862077116966248,172,3.259629011154175e-09,3240,1.0,30.0,30.0,30.0,0.967741935483871,0.967741935483871,0.967741935483871,3240,1.0,30.0,30.0,30.0,0.967741935483871,0.967741935483871,0.967741935483871,4824,1.0,29.999998673849394,30.000000402331512,30.000001560557838,0.9677419341039015,0.9677419359025302,0.9677419371077605
67,1.1166666666666667,True,valid,0.005542407725422177,0.004132626641686897,0.01471663939511953,1.784456343842711,1.784472282088495,4.2856325893123235e-05,1.7990238797613667,0.03211271506928165,0.1620240121590784,0.000163515786120896,1585.0,6.3343749924767545,3.2048174076190938e-06,0,15832,0.0665711984038353,171,2.7939677238464355e-09,3240,1.0,30.0,30.0,30.0,0.967741935483871,0.967741935483871,0.967741935483871,3240,1.0,30.0,30.0,30.0,0.967741935483871,0.967741935483871,0.967741935483871,4824,1.0,29.999998673849394,30.000000402331512,30.000001560557838,0.9677419341039015,0.9677419359025302,0.9677419371077605
68,1.1333333333333333,True,valid,0.005725937568618882,0.004017036402680078,0.015221255247486055,1.8888232638530205,1.8888421410441756,4.468889870083987e-05,1.9049030191393967,0.03552106348458366,0.17088468803493567,0.00017080829327436778,1585.0,6.878909540430503,3.348475608628083e-06,0,15866,0.06392510235309601,171,3.725290298461914e-09,3240,1.0,30.0,30.0,30.0,0.967741935483871,0.967741935483871,0.967741935483871,3240,1.0,30.0,30.0,30.0,0.967741935483871,0.967741935483871,0.967741935483871,4824,1.0,29.999998673849394,30.000000402331512,30.000001560557838,0.9677419341039015,0.9677419359025302,0.9677419371077605
69,1.15,True,valid,0.005690131494014508,0.0038684804357764615,0.015208554633874218,1.9640226270936973,1.9640434408482195,4.49234136544567e-05,1.9802032838580506,0.03842430981231535,0.1705906797239495,0.00017630812469684724,1585.0,7.299533414944971,3.448950784585019e-06,0,15894,0.06080097705125809,170,2.7939677238464355e-09,3240,1.0,30.0,30.0,30.0,0.967741935483871,0.967741935483871,0.967741935483871,3240,1.0,30.0,30.0,30.0,0.967741935483871,0.967741935483871,0.967741935483871,4824,1.0,29.999998673849394,30.000000402331512,30.000001560557838,0.9677419341039015,0.9677419359025302,0.9677419371077605
70,1.1666666666666667,True,valid,0.005452159111342986,0.003777983693952628,0.014749240335213278,2.0120915575936302,2.012112029260518,0.00010779069862444188,2.024792261528646,0.0408403142529249,0.12506712833251526,0.00018049252976407246,1585.0,7.437996785688227,3.5160998385993175e-06,0,15916,0.057319797575473785,169,6.51925802230835e-09,3240,1.0,30.0,30.0,30.0,0.967741935483871,0.967741935483871,0.967741935483871,3240,1.0,30.0,30.0,30.0,0.967741935483871,0.967741935483871,0.967741935483871,4824,1.0,29.999998673849394,30.000000402331512,30.000001560557838,0.9677419341039015,0.9677419359025302,0.9677419371077605
71,1.1833333333333333,True,valid,0.0051426550439726115,0.003966163234339304,0.014094139154831912,2.0357766759215403,2.0358003556549775,5.2814653392159286e-05,2.0515427630537633,0.04242500375655735,0.20746887217484522,0.00018325645467331142,1585.0,7.640983318270841,3.5378276324237423e-06,0,15911,0.05848100781440735,169,5.587935447692871e-09,3240,1.0,30.0,30.0,30.0,0.967741935483871,0.967741935483871,0.967741935483871,3240,1.0,30.0,30.0,30.0,0.967741935483871,0.967741935483871,0.967741935483871,4824,1.0,29.999998673849394,30.000000402331512,30.000001560557838,0.9677419341039015,0.9677419359025302,0.9677419371077605
72,1.2,True,valid,0.004953341758743731,0.004492930681240205,0.013522190612474345,2.0497409444953423,2.049764937720656,5.004430349406201e-05,2.063342662242418,0.04302373486087276,0.18481068633556785,0.00018517756137395792,1585.0,7.771205414027219,3.5579084315045424e-06,0,15893,0.06272650510072708,169,5.587935447692871e-09,3240,1.0,30.0,30.0,30.0,0.967741935483871,0.967741935483871,0.967741935483871,3240,1.0,30.0,30.0,30.0,0.967741935483871,0.967741935483871,0.967741935483871,4824,1.0,29.999998673849394,30.000000402331512,30.000001560557838,0.9677419341039015,0.9677419359025302,0.9677419371077605
73,1.2166666666666666,True,valid,0.004993988184208711,0.005193829698427877,0.013261883763230543,2.0522609348627174,2.052285084836052,4.963450543875685e-05,2.0644233876751077,0.04303664602841923,0.1746908316825647,0.00018583022377928525,1585.0,7.845533231814081,3.5668544618700206e-06,0,15892,0.06691528111696243,168,1.862645149230957e-09,3240,1.0,30.0,30.0,30.0,0.967741935483871,0.967741935483871,0.967741935483871,3240,1.0,30.0,30.0,30.0,0.967741935483871,0.967741935483871,0.967741935483871,4824,1.0,29.999998673849394,30.000000402331512,30.000001560557838,0.9677419341039015,0.9677419359025302,0.9677419371077605
74,1.2333333333333334,True,valid,0.0052267976255955615,0.005827286553457507,0.013392815499288177,2.0413402340531577,2.0413637020881703,4.870726706274734e-05,2.0513083920252844,0.042245786980902214,0.14696136311847782,0.00018547267798949387,1585.0,7.7909445406334354,3.5659419759380805e-06,0,15880,0.07079167664051056,170,3.725290298461914e-09,3240,1.0,30.0,30.0,30.0,0.967741935483871,0.967741935483871,0.967741935483871,3240,1.0,30.0,30.0,30.0,0.967741935483871,0.967741935483871,0.967741935483871,4824,1.0,29.999998673849394,30.000000402331512,30.000001560557838,0.9677419341039015,0.9677419359025302,0.9677419371077605
75,1.25,True,valid,0.005527066827502665,0.006230568170133305,0.013874362882032032,2.0092551674984267,2.0092771815730543,4.713760750757838e-05,2.0208416945568244,0.04064118951208293,0.1541271614710049,0.0001831103917479697,1585.0,7.528803144750817,3.533326129264806e-06,0,15855,0.07418303191661835,169,5.587935447692871e-09,3240,1.0,30.0,30.0,30.0,0.967741935483871,0.967741935483871,0.967741935483871,3240,1.0,30.0,30.0,30.0,0.967741935483871,0.967741935483871,0.967741935483871,4824,1.0,29.999998673849394,30.000000402331512,30.000001560557838,0.9677419341039015,0.9677419359025302,0.9677419371077605
76,1.2666666666666666,True,valid,0.005799861069816217,0.006356929012015458,0.014500098432830908,1.9582180369417275,1.9582384365350023,4.588590064809002e-05,1.9698502135049507,0.03832426990066499,0.14409590889150933,0.00017909121281367598,1585.0,7.00952838609452,3.4767895723649215e-06,0,15833,0.07701081037521362,168,3.725290298461914e-09,3240,1.0,30.0,30.0,30.0,0.967741935483871,0.967741935483871,0.967741935483871,3240,1.0,30.0,30.0,30.0,0.967741935483871,0.967741935483871,0.967741935483871,4824,1.0,29.999998673849394,30.000000402331512,30.000001560557838,0.9677419341039015,0.9677419359025302,0.9677419371077605
77,1.2833333333333334,True,valid,0.005974337951108177,0.0062362218313010715,0.014971667917470614,1.885773571768173,1.885791759270561,4.386562021961643e-05,1.8987299284855135,0.03526714503799234,0.14610774557863113,0.00017368554835901556,1585.0,6.497104364294557,3.393206052782599e-06,0,15811,0.07926849275827408,168,7.450580596923828e-09,3240,1.0,30.0,30.0,30.0,0.967741935483871,0.967741935483871,0.967741935483871,3240,1.0,30.0,30.0,30.0,0.967741935483871,0.967741935483871,0.967741935483871,4824,1.0,29.999998673849394,30.000000402331512,30.000001560557838,0.9677419341039015,0.9677419359025302,0.9677419371077605
78,1.3,True,valid,0.005985672651829525,0.005908271956412071,0.015054044968431442,1.7887920182771302,1.7888075726189898,3.880880863063885e-05,1.8046294190322638,0.03135623061333934,0.17099407537111627,0.0001672125072841739,1585.0,5.860938723167334,3.28193104027253e-06,0,15788,0.08094290643930435,168,3.725290298461914e-09,3240,1.0,30.0,30.0,30.0,0.967741935483871,0.967741935483871,0.967741935483871,3240,1.0,30.0,30.0,30.0,0.967741935483871,0.967741935483871,0.967741935483871,4824,1.0,29.999998673849394,30.000000402331512,30.000001560557838,0.9677419341039015,0.9677419359025302,0.9677419371077605
79,1.3166666666666667,True,valid,0.005801028202879752,0.005398645612021222,0.014701139453837777,1.661233556102644,1.6612457847119444,4.2179179411647645e-05,1.6774781338287852,0.026741636046052397,0.1735823291724975,0.00015861917403544568,1585.0,5.112191122028208,3.122175778347572e-06,0,15772,0.08206640183925629,168,7.450580596923828e-09,3240,1.0,30.0,30.0,30.0,0.967741935483871,0.967741935483871,0.967741935483871,3240,1.0,30.0,30.0,30.0,0.967741935483871,0.967741935483871,0.967741935483871,4824,1.0,29.999998673849394,30.000000402331512,30.000001560557838,0.9677419341039015,0.9677419359025302,0.9677419371077605
80,1.3333333333333333,True,valid,0.0054816797101853556,0.004796647680043341,0.014009751151867516,1.5127966769579655,1.5128065929579126,3.344985205970271e-05,1.531001861861588,0.021510989094002272,0.19163043742462574,0.00014886786880580877,1585.0,4.319874634289826,2.9333561759392068e-06,0,15743,0.08269190043210983,168,7.450580596923828e-09,3240,1.0,30.0,30.0,30.0,0.967741935483871,0.967741935483871,0.967741935483871,3240,1.0,30.0,30.0,30.0,0.967741935483871,0.967741935483871,0.967741935483871,4824,1.0,29.999998673849394,30.000000402331512,30.000001560557838,0.9677419341039015,0.9677419359025302,0.9677419371077605
81,1.35,True,valid,0.005148303581333745,0.004269830740054679,0.013224792502133365,1.3751211239106844,1.3751267697955956,8.741917968863962e-05,1.3859604061849984,0.015532906458009029,0.1180097775240296,0.00013989129738568106,1585.0,3.3842280414604193,2.763696084797435e-06,0,15640,0.08291789889335632,170,3.725290298461914e-09,3240,1.0,30.0,30.0,30.0,0.967741935483871,0.967741935483871,0.967741935483871,3240,1.0,30.0,30.0,30.0,0.967741935483871,0.967741935483871,0.967741935483871,4824,1.0,29.999998673849394,30.000000402331512,30.000001560557838,0.9677419341039015,0.9677419359025302,0.9677419371077605
82,1.3666666666666667,True,valid,0.00490906101179486,0.003966367800805625,0.012662167099667372,1.272897543230414,1.2729019748228683,2.4860859049705868e-05,1.2864950637801158,0.009229998263867088,0.15093398079211007,0.0001336907004950987,1585.0,2.7021323307866045,2.6403183016752065e-06,0,15568,0.08282038569450378,170,3.725290298461914e-09,3240,1.0,30.0,30.0,30.0,0.967741935483871,0.967741935483871,0.967741935483871,3240,1.0,30.0,30.0,30.0,0.967741935483871,0.967741935483871,0.967741935483871,4824,1.0,29.999998673849394,30.000000402331512,30.000001560557838,0.9677419341039015,0.9677419359025302,0.9677419371077605
83,1.3833333333333333,True,valid,0.0048036151802702135,0.0038715760778568827,0.012567307411978089,1.2464166207516407,1.2464178786962452,0.00020123610450566452,1.3000108707161393,0.006114417848270781,0.425944748619708,0.00013138639667646855,1585.0,3.2393627916009886,2.6400151411958792e-06,0,15504,0.08244139701128006,172,3.725290298461914e-09,3240,1.0,30.0,30.0,30.0,0.967741935483871,0.967741935483871,0.967741935483871,3240,1.0,30.0,30.0,30.0,0.967741935483871,0.967741935483871,0.967741935483871,4824,1.0,29.999998673849394,30.000000402331512,30.000001560557838,0.9677419341039015,0.9677419359025302,0.9677419371077605
84,1.4,True,valid,0.0048229453413170574,0.0038380257725799836,0.012943707544568842,1.2707498878848655,1.2707534795548752,2.190797946417105e-05,1.285843998749865,0.0064243021077291075,0.12299153744144962,0.00013217378215925316,1585.0,2.8895247833092146,2.620520262795992e-06,0,15504,0.08180449903011322,175,7.450580596923828e-09,3240,1.0,30.0,30.0,30.0,0.967741935483871,0.967741935483871,0.967741935483871,3240,1.0,30.0,30.0,30.0,0.967741935483871,0.967741935483871,0.967741935483871,4824,1.0,29.999998673849394,30.000000402331512,30.000001560557838,0.9677419341039015,0.9677419359025302,0.9677419371077605
85,1.4166666666666667,True,valid,0.004955001468111278,0.003780151061935583,0.013573250643436754,1.3751832125204413,1.375188959020513,2.7894904911244388e-05,1.396049629040707,0.014054141386742687,0.16255782817824874,0.00013774270315923087,1585.0,3.6921700748120476,2.733361852709027e-06,0,15660,0.08091595023870468,176,3.725290298461914e-09,3240,1.0,30.0,30.0,30.0,0.967741935483871,0.967741935483871,0.967741935483871,3240,1.0,30.0,30.0,30.0,0.967741935483871,0.967741935483871,0.967741935483871,4824,1.0,29.999998673849394,30.000000402331512,30.000001560557838,0.9677419341039015,0.9677419359025302,0.9677419371077605
86,1.4333333333333333,True,valid,0.005148336231843935,0.0037297090898222047,0.014232907939714826,1.5413854845647181,1.5413958638762852,3.098427987286209e-05,1.5609878383366076,0.02225994244563356,0.17305393623554108,0.00014786892343257696,1585.0,5.156731757425593,2.9193646277840993e-06,0,15726,0.07976152747869492,175,3.725290298461914e-09,3240,1.0,30.0,30.0,30.0,0.967741935483871,0.967741935483871,0.967741935483871,3240,1.0,30.0,30.0,30.0,0.967741935483871,0.967741935483871,0.967741935483871,4824,1.0,29.999998673849394,30.000000402331512,30.000001560557838,0.9677419341039015,0.9677419359025302,0.9677419371077605
87,1.45,True,valid,0.005356819247024912,0.00375606519885709,0.014771613392470084,1.7510548103684447,1.7510703821750153,3.894332983022094e-05,1.7685316288487214,0.03056835933992744,0.1841468557835569,0.00016129220426052971,1585.0,6.76134363956842,3.1683448429254483e-06,0,15831,0.07829746603965759,176,7.450580596923828e-09,3240,1.0,30.0,30.0,30.0,0.967741935483871,0.967741935483871,0.967741935483871,3240,1.0,30.0,30.0,30.0,0.967741935483871,0.967741935483871,0.967741935483871,4824,1.0,29.999998673849394,30.000000402331512,30.000001560557838,0.9677419341039015,0.9677419359025302,0.9677419371077605
88,1.4666666666666666,True,valid,0.005532734922879533,0.003891945714606842,0.01512062922980178,1.9867519144586143,1.9867732227926804,4.7199173280579515e-05,2.0121108981395777,0.03926817568241005,0.2706009374878462,0.0001771563611945133,1585.0,8.473566496844397,3.4475468879845656e-06,0,15896,0.07643041759729385,176,3.725290298461914e-09,3240,1.0,30.0,30.0,30.0,0.967741935483871,0.967741935483871,0.967741935483871,3240,1.0,30.0,30.0,30.0,0.967741935483871,0.967741935483871,0.967741935483871,4824,1.0,29.999998673849394,30.000000402331512,30.000001560557838,0.9677419341039015,0.9677419359025302,0.9677419371077605
89,1.4833333333333334,True,valid,0.0056675721203631,0.0041182361326755085,0.015293570171713875,2.2438754088906356,2.2439025045679,5.884440054687545e-05,2.2651888550532524,0.04753361459784504,0.249116129639896,0.0001950083425661437,1585.0,10.232190235112036,3.763176430691795e-06,0,15967,0.07406745851039886,176,7.450580596923828e-09,3240,1.0,30.0,30.0,30.0,0.967741935483871,0.967741935483871,0.967741935483871,3240,1.0,30.0,30.0,30.0,0.967741935483871,0.967741935483871,0.967741935483871,4824,1.0,29.999998673849394,30.000000402331512,30.000001560557838,0.9677419341039015,0.9677419359025302,0.9677419371077605
90,1.5,True,valid,0.0057635759948347085,0.0043869035934614165,0.015346778779589428,2.508263153719543,2.5082957820422678,6.420434691849947e-05,2.528477095537752,0.05577572759954009,0.25539454407447815,0.00021376754702212932,1585.0,11.965851074318682,4.09394661876911e-06,0,16002,0.07107502222061157,175,3.725290298461914e-09,3240,1.0,30.0,30.0,30.0,0.967741935483871,0.967741935483871,0.967741935483871,3240,1.0,30.0,30.0,30.0,0.967741935483871,0.967741935483871,0.967741935483871,4824,1.0,29.999998673849394,30.000000402331512,30.000001560557838,0.9677419341039015,0.9677419359025302,0.9677419371077605
91,1.5166666666666666,True,valid,0.005833202191458485,0.004662276909273084,0.015356545856819141,2.7764368106781605,2.7764754638039024,7.114677873350985e-05,2.794773148274717,0.06393826239762106,0.24839600884968396,0.0002330992424353941,1585.0,13.576962308825658,4.441821922813891e-06,0,16056,0.06734680384397507,175,1.862645149230957e-09,3240,1.0,30.0,30.0,30.0,0.967741935483871,0.967741935483871,0.967741935483871,3240,1.0,30.0,30.0,30.0,0.967741935483871,0.967741935483871,0.967741935483871,4824,1.0,29.999998673849394,30.000000402331512,30.000001560557838,0.9677419341039015,0.9677419359025302,0.9677419371077605
92,1.5333333333333334,True,valid,0.0058688961600488415,0.004932698126506931,0.015401691102745932,3.0486154083401678,3.0486599050321503,7.710018567036762e-05,3.0591573805966688,0.07178962343171144,0.16551222350399603,0.0002534976254729899,1585.0,15.007550994536796,4.814951197040068e-06,0,16090,0.06278444081544876,175,3.725290298461914e-09,3240,1.0,30.0,30.0,30.0,0.967741935483871,0.967741935483871,0.967741935483871,3240,1.0,30.0,30.0,30.0,0.967741935483871,0.967741935483871,0.967741935483871,4824,1.0,29.999998673849394,30.000000402331512,30.000001560557838,0.9677419341039015,0.9677419359025302,0.9677419371077605
93,1.55,True,valid,0.005841333358365368,0.005177956274961399,0.0155718042778901,3.3099321738890355,3.309981791259103,8.488546848146963e-05,3.3186520790561613,0.07935747908767146,0.13370055710337858,0.00027377863157947033,1585.0,16.29092845781985,5.179432528267682e-06,0,16102,0.057363636791706085,175,2.7939677238464355e-09,3240,1.0,30.0,30.0,30.0,0.967741935483871,0.967741935483871,0.967741935483871,3240,1.0,30.0,30.0,30.0,0.967741935483871,0.967741935483871,0.967741935483871,4824,1.0,29.999998673849394,30.000000402331512,30.000001560557838,0.9677419341039015,0.9677419359025302,0.9677419371077605
94,1.5666666666666667,True,valid,0.0057689219023163854,0.005437584258335107,0.01584135338740694,3.5554603943886867,3.5555145999144555,9.219151781355737e-05,3.571107437756969,0.0863133514437457,0.23469266209733877,0.0002929251569262736,1585.0,17.39687599369764,5.526085198182985e-06,0,16107,0.060325611382722855,179,2.7939677238464355e-09,3240,1.0,30.0,30.0,30.0,0.967741935483871,0.967741935483871,0.967741935483871,3240,1.0,30.0,30.0,30.0,0.967741935483871,0.967741935483871,0.967741935483871,4824,1.0,29.999998673849394,30.000000402331512,30.000001560557838,0.9677419341039015,0.9677419359025302,0.9677419371077605
95,1.5833333333333333,True,valid,0.0057056244343431485,0.005784878768590249,0.0161756711572731,3.785265507854271,3.7853242580015065,0.00010098858253928428,3.795376798058182,0.09294799131203163,0.144657676990157,0.0003108807510997485,1585.0,18.369771385620428,5.858648992122321e-06,0,16117,0.0675002783536911,182,2.9103830456733704e-09,3240,1.0,30.0,30.0,30.0,0.967741935483871,0.967741935483871,0.967741935483871,3240,1.0,30.0,30.0,30.0,0.967741935483871,0.967741935483871,0.967741935483871,4824,1.0,29.999998673849394,30.000000402331512,30.000001560557838,0.9677419341039015,0.9677419359025302,0.9677419371077605
96,1.6,True,valid,0.005714613952443329,0.006305001659132881,0.016449241369754404,3.9922224211890165,3.992284681797777,0.00010541742964181342,4.0053301666517775,0.09833495722363413,0.2130045457570932,0.00032755638984054906,1585.0,19.249503363856245,6.164619336865514e-06,0,16127,0.07552284747362137,187,3.259629011154175e-09,3240,1.0,30.0,30.0,30.0,0.967741935483871,0.967741935483871,0.967741935483871,3240,1.0,30.0,30.0,30.0,0.967741935483871,0.967741935483871,0.967741935483871,4824,1.0,29.999998673849394,30.000000402331512,30.000001560557838,0.9677419341039015,0.9677419359025302,0.9677419371077605
97,1.6166666666666667,True,valid,0.005782707526647117,0.007029537954496973,0.016428462638955983,4.000910847264605,4.000973591677115,0.00011078707559190958,4.026710118940616,0.09890445493309903,0.36350719596213066,0.0003304915584621022,1585.0,18.529991622291547,6.2101145042629785e-06,0,16095,0.08381301164627075,190,2.7939677238464355e-09,3240,1.0,30.0,30.0,30.0,0.967741935483871,0.967741935483871,0.967741935483871,3240,1.0,30.0,30.0,30.0,0.967741935483871,0.967741935483871,0.967741935483871,4824,1.0,29.999998673849394,30.000000402331512,30.000001560557838,0.9677419341039015,0.9677419359025302,0.9677419371077605
98,1.6333333333333333,True,valid,0.005962837157305386,0.007827628622344375,0.016382656689339352,3.9515238946133877,3.951585407683844,0.00010543276396514614,3.9655752826169084,0.09719421740283411,0.22997744277668278,0.00032684272169577143,1585.0,17.695335137092986,6.150681644251734e-06,0,16119,0.09195952862501144,190,5.587935447692871e-09,3240,1.0,30.0,30.0,30.0,0.967741935483871,0.967741935483871,0.967741935483871,3240,1.0,30.0,30.0,30.0,0.967741935483871,0.967741935483871,0.967741935483871,4824,1.0,29.999998673849394,30.000000402331512,30.000001560557838,0.9677419341039015,0.9677419359025302,0.9677419371077605
99,1.65,True,valid,0.006310149797415932,0.00868390566572994,0.016416951710135807,3.8734462635272604,3.873506195474481,0.0002104729240757392,3.8854314451205245,0.09502548801181229,0.16508614632818366,0.0003208857306064901,1585.0,16.86248760233546,6.066383036395878e-06,0,16224,0.09991602599620819,190,1.862645149230957e-09,3240,1.0,30.0,30.0,30.0,0.967741935483871,0.967741935483871,0.967741935483871,3240,1.0,30.0,30.0,30.0,0.967741935483871,0.967741935483871,0.967741935483871,4824,1.0,29.999998673849394,30.000000402331512,30.000001560557838,0.9677419341039015,0.9677419359025302,0.9677419371077605
100,1.6666666666666667,True,valid,0.006728426859091008,0.009550136016544732,0.01651781402830924,3.7883636588684824,3.788421020339937,0.0001015037222487477,3.797387186731916,0.09237850568632343,0.11469576983548048,0.000315255513477672,1585.0,16.122489931086033,5.9483945545471825e-06,0,16324,0.10763363540172577,192,5.587935447692871e-09,3240,1.0,30.0,30.0,30.0,0.967741935483871,0.967741935483871,0.967741935483871,3240,1.0,30.0,30.0,30.0,0.967741935483871,0.967741935483871,0.967741935483871,4824,1.0,29.999998673849394,30.000000402331512,30.000001560557838,0.9677419341039015,0.9677419359025302,0.9677419371077605
101,1.6833333333333333,True,valid,0.00707029461997606,0.010165697281703794,0.016596998367131906,3.6731716591924464,3.673226449984706,9.484417491339497e-05,3.6832819298784263,0.08842904662808561,0.14003692545403268,0.00030753701817355937,1585.0,15.626747620974005,5.803832319310824e-06,0,16387,0.11464792490005493,196,7.450580596923828e-09,3240,1.0,30.0,30.0,30.0,0.967741935483871,0.967741935483871,0.967741935483871,3240,1.0,30.0,30.0,30.0,0.967741935483871,0.967741935483871,0.967741935483871,4824,1.0,29.999998673849394,30.000000402331512,30.000001560557838,0.9677419341039015,0.9677419359025302,0.9677419371077605
102,1.7,True,valid,0.007245144415416205,0.010373951599634163,0.016516790513620577,3.51951388990456,3.5195655629370655,0.00010224925496247571,3.5319250997716223,0.08393852848613562,0.24514869784712257,0.0002954290024532546,1585.0,14.888301207179286,5.590320562524744e-06,0,16440,0.12076550722122192,197,7.450580596923828e-09,3240,1.0,30.0,30.0,30.0,0.967741935483871,0.967741935483871,0.967741935483871,3240,1.0,30.0,30.0,30.0,0.967741935483871,0.967741935483871,0.967741935483871,4824,1.0,29.999998673849394,30.000000402331512,30.000001560557838,0.9677419341039015,0.9677419359025302,0.9677419371077605
103,1.7166666666666666,True,valid,0.007207722522685536,0.010199967590731796,0.016196563952180332,3.3393638220271944,3.3394119307077865,8.521298857948223e-05,3.352681787988454,0.07916305425120543,0.21054311806077927,0.00028123197183660967,1585.0,13.966268415525425,5.335645465200952e-06,0,16447,0.12579621374607086,198,7.450580596923828e-09,3240,1.0,30.0,30.0,30.0,0.967741935483871,0.967741935483871,0.967741935483871,3240,1.0,30.0,30.0,30.0,0.967741935483871,0.967741935483871,0.967741935483871,4824,1.0,29.999998673849394,30.000000402331512,30.000001560557838,0.9677419341039015,0.9677419359025302,0.9677419371077605
104,1.7333333333333334,True,valid,0.006964909920268028,0.009650005267767886,0.015705527209308557,3.143231278153934,3.1432761716232247,0.00010797085382532701,3.169835060245351,0.07347466986905378,0.41103815996930565,0.00026703686917677597,1585.0,13.005424920582943,5.07105662212929e-06,0,16397,0.12984372675418854,197,3.725290298461914e-09,3240,1.0,30.0,30.0,30.0,0.967741935483871,0.967741935483871,0.967741935483871,3240,1.0,30.0,30.0,30.0,0.967741935483871,0.967741935483871,0.967741935483871,4824,1.0,29.999998673849394,30.000000402331512,30.000001560557838,0.9677419341039015,0.9677419359025302,0.9677419371077605
105,1.75,True,valid,0.006564160965806987,0.008700898033695663,0.015198467297609437,2.92027561301983,2.9203157117699945,7.321553763240227e-05,2.940882392932947,0.06714329365770469,0.2762390673141946,0.0002504589003546551,1585.0,11.906376353821415,4.760499246235701e-06,0,16344,0.13282865285873413,197,3.725290298461914e-09,3240,1.0,30.0,30.0,30.0,0.967741935483871,0.967741935483871,0.967741935483871,3240,1.0,30.0,30.0,30.0,0.967741935483871,0.967741935483871,0.967741935483871,4824,1.0,29.999998673849394,30.000000402331512,30.000001560557838,0.9677419341039015,0.9677419359025302,0.9677419371077605
106,1.7666666666666666,True,valid,0.006084025615779539,0.007471806239838309,0.014741918278030461,2.672154126377123,2.6721900274453225,6.695769838244442e-05,2.687566754531826,0.060370541812371996,0.2061245319317624,0.00023126570075117386,1585.0,10.630154712300012,4.408612243845323e-06,0,16199,0.1349629908800125,197,7.450580596923828e-09,3240,1.0,30.0,30.0,30.0,0.967741935483871,0.967741935483871,0.967741935483871,3240,1.0,30.0,30.0,30.0,0.967741935483871,0.967741935483871,0.967741935483871,4824,1.0,29.999998673849394,30.000000402331512,30.000001560557838,0.9677419341039015,0.9677419359025302,0.9677419371077605
107,1.7833333333333334,True,valid,0.005638276769205948,0.006223300814024691,0.014321671874457395,2.4095838504447125,2.409615102855464,6.012964134886631e-05,2.428312096660047,0.053236258718438116,0.24539861791714562,0.00021127156719526403,1585.0,9.266427304131039,4.0411110036762825e-06,0,15990,0.1364794820547104,195,7.450580596923828e-09,3240,1.0,30.0,30.0,30.0,0.967741935483871,0.967741935483871,0.967741935483871,3240,1.0,30.0,30.0,30.0,0.967741935483871,0.967741935483871,0.967741935483871,4824,1.0,29.999998673849394,30.000000402331512,30.000001560557838,0.9677419341039015,0.9677419359025302,0.9677419371077605
108,1.8,True,valid,0.005338410731830526,0.005191173934805583,0.013978187134034774,2.153082126259629,2.1531084267325635,5.29198650627926e-05,2.1724969694849663,0.04567187130401796,0.2406065961028151,0.00019269503674110495,1585.0,7.887950692646734,3.7005566120522873e-06,0,15895,0.1376434713602066,195,7.450580596923828e-09,3240,1.0,30.0,30.0,30.0,0.967741935483871,0.967741935483871,0.967741935483871,3240,1.0,30.0,30.0,30.0,0.967741935483871,0.967741935483871,0.967741935483871,4824,1.0,29.999998673849394,30.000000402331512,30.000001560557838,0.9677419341039015,0.9677419359025302,0.9677419371077605
109,1.8166666666666667,True,valid,0.005183546700438471,0.004477831115979686,0.013794085831606233,1.9078384495589618,1.9078593951425074,4.5085246771713645e-05,1.9325256407174067,0.03778503292734305,0.2652001275668006,0.0001752601540069468,1585.0,6.568948563269265,3.386848770575365e-06,0,15866,0.13871724903583527,196,7.450580596923828e-09,3240,1.0,30.0,30.0,30.0,0.967741935483871,0.967741935483871,0.967741935483871,3240,1.0,30.0,30.0,30.0,0.967741935483871,0.967741935483871,0.967741935483871,4824,1.0,29.999998673849394,30.000000402331512,30.000001560557838,0.9677419341039015,0.9677419359025302,0.9677419371077605
110,1.8333333333333333,True,valid,0.0051007869328596805,0.004074186153205652,0.013754056756664482,1.6825798390697901,1.6825950749710417,3.879898768487997e-05,1.707679867347164,0.02955793134944229,0.2567041146336489,0.000159306198286135,1585.0,5.228631705342367,3.1065419668892014e-06,0,15817,0.13982464373111725,196,7.450580596923828e-09,3240,1.0,30.0,30.0,30.0,0.967741935483871,0.967741935483871,0.967741935483871,3240,1.0,30.0,30.0,30.0,0.967741935483871,0.967741935483871,0.967741935483871,4824,1.0,29.999998673849394,30.000000402331512,30.000001560557838,0.9677419341039015,0.9677419359025302,0.9677419371077605
111,1.85,True,valid,0.005049580739037005,0.003898630245776444,0.01373823547593881,1.4898723596146863,1.489881756876386,3.498603706634781e-05,1.5097657259340784,0.021070966238136344,0.19199722034852695,0.00014619245942270234,1585.0,4.027954970166748,2.8796957395881276e-06,0,15714,0.14102080464363098,196,7.450580596923828e-09,3240,1.0,30.0,30.0,30.0,0.967741935483871,0.967741935483871,0.967741935483871,3240,1.0,30.0,30.0,30.0,0.967741935483871,0.967741935483871,0.967741935483871,4824,1.0,29.999998673849394,30.000000402331512,30.000001560557838,0.9677419341039015,0.9677419359025302,0.9677419371077605
112,1.8666666666666667,True,valid,0.005034739907155101,0.003866495634367125,0.013699766779674268,1.3506877537054593,1.350695567330806,0.00010666596155542893,1.3869178896618797,0.012662540626835783,0.35783546376947983,0.00013731479193159423,1585.0,3.0799898281500027,2.735692487905916e-06,0,15632,0.1423180252313614,196,7.450580596923828e-09,3240,1.0,30.0,30.0,30.0,0.967741935483871,0.967741935483871,0.967741935483871,3240,1.0,30.0,30.0,30.0,0.967741935483871,0.967741935483871,0.967741935483871,4824,1.0,29.999998673849394,30.000000402331512,30.000001560557838,0.9677419341039015,0.9677419359025302,0.9677419371077605
113,1.8833333333333333,True,valid,0.005098495187876103,0.003948579626411213,0.013718042597613028,1.2831880846538513,1.2831908359818616,5.271546182536829e-05,1.2982140577589953,0.005210468526379902,0.11701114545871912,0.00013275707804805137,1585.0,2.917481690389305,2.655118347039289e-06,0,15505,0.1436077207326889,198,7.450580596923828e-09,3240,1.0,30.0,30.0,30.0,0.967741935483871,0.967741935483871,0.967741935483871,3240,1.0,30.0,30.0,30.0,0.967741935483871,0.967741935483871,0.967741935483871,4824,1.0,29.999998673849394,30.000000402331512,30.000001560557838,0.9677419341039015,0.9677419359025302,0.9677419371077605
114,1.9,True,valid,0.005290844269074006,0.004180201921211654,0.013851536537471634,1.305357643203538,1.3053608363693496,5.622870082845934e-05,1.320281142237371,0.006531553105359204,0.10388179646452475,0.00013361952885697413,1585.0,3.1757870272246724,2.674445016631271e-06,0,15508,0.14464180171489716,198,7.450580596923828e-09,3240,1.0,30.0,30.0,30.0,0.967741935483871,0.967741935483871,0.967741935483871,3240,1.0,30.0,30.0,30.0,0.967741935483871,0.967741935483871,0.967741935483871,4824,1.0,29.999998673849394,30.000000402331512,30.000001560557838,0.9677419341039015,0.9677419359025302,0.9677419371077605
115,1.9166666666666667,True,valid,0.00559286944312507,0.004532740958172945,0.014144208811344278,1.410068869591483,1.4100750730726712,2.647121819170627e-05,1.43080155273894,0.014597855048934856,0.1742759211374347,0.00013941094894192295,1585.0,3.79382748623546,2.779077495247559e-06,0,15683,0.14515654742717743,199,7.450580596923828e-09,3240,1.0,30.0,30.0,30.0,0.967741935483871,0.967741935483871,0.967741935483871,3240,1.0,30.0,30.0,30.0,0.967741935483871,0.967741935483871,0.967741935483871,4824,1.0,29.999998673849394,30.000000402331512,30.000001560557838,0.9677419341039015,0.9677419359025302,0.9677419371077605
116,1.9333333333333333,True,valid,0.005933297757491389,0.004913460531505037,0.014482249827311916,1.5787098323291473,1.5787208905337617,5.649665247384853e-05,1.5965865314443608,0.022953184561738112,0.1796010680034704,0.00014928188711402663,1585.0,5.193434007869639,2.9596948765328103e-06,0,15787,0.14485323429107666,200,7.450580596923828e-09,3240,1.0,30.0,30.0,30.0,0.967741935483871,0.967741935483871,0.967741935483871,3240,1.0,30.0,30.0,30.0,0.967741935483871,0.967741935483871,0.967741935483871,4824,1.0,29.999998673849394,30.000000402331512,30.000001560557838,0.9677419341039015,0.9677419359025302,0.9677419371077605
117,1.95,True,valid,0.006216311468374145,0.005182155531813453,0.01481200689310557,1.7859743460582242,1.785990481855408,4.0430976055141364e-05,1.8068845757940912,0.0314043744711719,0.19736917149727887,0.0001625218746937718,1585.0,6.806809371609572,3.1960604575858175e-06,0,15932,0.14358779788017273,200,7.450580596923828e-09,3240,1.0,30.0,30.0,30.0,0.967741935483871,0.967741935483871,0.967741935483871,3240,1.0,30.0,30.0,30.0,0.967741935483871,0.967741935483871,0.967741935483871,4824,1.0,29.999998673849394,30.000000402331512,30.000001560557838,0.9677419341039015,0.9677419359025302,0.9677419371077605
118,1.9666666666666666,True,valid,0.006351831261757167,0.005238773614295862,0.015101077823350842,2.0113149182626393,2.0113362526233147,4.548251390950448e-05,2.028041632997659,0.03961007325237412,0.16787894294464453,0.0001776778394919079,1585.0,8.332214815267257,3.4657199108744155e-06,0,15998,0.1412658542394638,201,7.450580596923828e-09,3240,1.0,30.0,30.0,30.0,0.967741935483871,0.967741935483871,0.967741935483871,3240,1.0,30.0,30.0,30.0,0.967741935483871,0.967741935483871,0.967741935483871,4824,1.0,29.999998673849394,30.000000402331512,30.000001560557838,0.9677419341039015,0.9677419359025302,0.9677419371077605
119,1.9833333333333334,True,valid,0.006294381555069601,0.00507995569548284,0.015319257638507848,2.2443950743305736,2.24442417686584,0.000114352355866446,2.2705175232330874,0.047615640480377565,0.36011853131818566,0.00019411081367293727,1585.0,9.682719912997053,3.7641107847504274e-06,0,16043,0.1378907710313797,202,3.725290298461914e-09,3240,1.0,30.0,30.0,30.0,0.967741935483871,0.967741935483871,0.967741935483871,3240,1.0,30.0,30.0,30.0,0.967741935483871,0.967741935483871,0.967741935483871,4824,1.0,29.999998673849394,30.000000402331512,30.000001560557838,0.9677419341039015,0.9677419359025302,0.9677419371077605
120,2.0,True,valid,0.006074275297656807,0.004797681994800004,0.015426865912307757,2.473834167212621,2.4738663059082446,6.0103408758929486e-05,2.4939107845861805,0.05505934394199354,0.20814224082727265,0.00021105886607590112,1585.0,10.781331459869843,4.055449205409344e-06,0,16077,0.13346093893051147,203,3.725290298461914e-09,3240,1.0,30.0,30.0,30.0,0.967741935483871,0.967741935483871,0.967741935483871,3240,1.0,30.0,30.0,30.0,0.967741935483871,0.967741935483871,0.967741935483871,4824,1.0,29.999998673849394,30.000000402331512,30.000001560557838,0.9677419341039015,0.9677419359025302,0.9677419371077605
121,2.0166666666666666,True,valid,0.005786805213434453,0.004610747819287868,0.015430338824613147,2.7052820090098333,2.7053211062966236,0.00012447736906039895,2.729787702675667,0.06227402991235261,0.3718482976044741,0.0002288811757551189,1585.0,11.738303401730345,4.378834341886884e-06,0,16046,0.12810830771923065,204,3.725290298461914e-09,3240,1.0,30.0,30.0,30.0,0.967741935483871,0.967741935483871,0.967741935483871,3240,1.0,30.0,30.0,30.0,0.967741935483871,0.967741935483871,0.967741935483871,4824,1.0,29.999998673849394,30.000000402331512,30.000001560557838,0.9677419341039015,0.9677419359025302,0.9677419371077605
122,2.033333333333333,True,valid,0.0055284845858377205,0.004744939971631762,0.01540012747811745,2.924203780580494,2.9242456476879037,7.423359911862117e-05,2.9420998994959877,0.06880125613838385,0.2207050523678561,0.00024622739469317307,1585.0,12.530266059319452,4.683187030100316e-06,0,16026,0.121943399310112,203,7.450580596923828e-09,3240,1.0,30.0,30.0,30.0,0.967741935483871,0.967741935483871,0.967741935483871,3240,1.0,30.0,30.0,30.0,0.967741935483871,0.967741935483871,0.967741935483871,4824,1.0,29.999998673849394,30.000000402331512,30.000001560557838,0.9677419341039015,0.9677419359025302,0.9677419371077605
123,2.05,True,valid,0.005399892225805084,0.005284626202114681,0.015418386478056217,3.13316432914674,3.133210503748972,0.00011614834869430356,3.1485495536062778,0.0748511315719084,0.1886346721461097,0.0002627729738337503,1585.0,13.593093701183557,4.986231728146266e-06,0,16015,0.11528768390417099,204,3.725290298461914e-09,3240,1.0,30.0,30.0,30.0,0.967741935483871,0.967741935483871,0.967741935483871,3240,1.0,30.0,30.0,30.0,0.967741935483871,0.967741935483871,0.967741935483871,4824,1.0,29.999998673849394,30.000000402331512,30.000001560557838,0.9677419341039015,0.9677419359025302,0.9677419371077605
124,2.066666666666667,True,valid,0.005448225336409176,0.006111186879675239,0.015499994323796106,3.327735795910828,3.3277854622497447,8.688422808178507e-05,3.339551053542927,0.0803264003638996,0.14283786203055157,0.000278416602748645,1585.0,14.771686284290576,5.267991353660194e-06,0,16017,0.1083216443657875,203,7.450580596923828e-09,3240,1.0,30.0,30.0,30.0,0.967741935483871,0.967741935483871,0.967741935483871,3240,1.0,30.0,30.0,30.0,0.967741935483871,0.967741935483871,0.967741935483871,4824,1.0,29.999998673849394,30.000000402331512,30.000001560557838,0.9677419341039015,0.9677419359025302,0.9677419371077605
125,2.0833333333333335,True,valid,0.005620514991980731,0.006996871704788599,0.01561055661505827,3.505289225686869,3.5053400786044504,0.00013978652661142727,3.514732604973677,0.08521036785880534,0.12917081750316187,0.0002926450757423557,1585.0,15.776444176197302,5.531211566763008e-06,0,16014,0.10127916187047958,203,3.725290298461914e-09,3240,1.0,30.0,30.0,30.0,0.967741935483871,0.967741935483871,0.967741935483871,3240,1.0,30.0,30.0,30.0,0.967741935483871,0.967741935483871,0.967741935483871,4824,1.0,29.999998673849394,30.000000402331512,30.000001560557838,0.9677419341039015,0.9677419359025302,0.9677419371077605
126,2.1,True,valid,0.005817028941245366,0.007737873222304147,0.01569274896587655,3.6554937531162146,3.655551000175765,0.00018568123863133175,3.6724102916723016,0.08956323499041545,0.35609395437394586,0.0003049513048712975,1585.0,16.616308352158967,5.757016047047851e-06,0,16068,0.09441948682069778,203,5.587935447692871e-09,3240,1.0,30.0,30.0,30.0,0.967741935483871,0.967741935483871,0.967741935483871,3240,1.0,30.0,30.0,30.0,0.967741935483871,0.967741935483871,0.967741935483871,4824,1.0,29.999998673849394,30.000000402331512,30.000001560557838,0.9677419341039015,0.9677419359025302,0.9677419371077605
127,2.1166666666666667,True,valid,0.005957611643856199,0.008222738696652196,0.015756185354574414,3.779334975413027,3.779393012342895,9.866900878622506e-05,3.7983538502713388,0.09283712502081351,0.26700731836185887,0.0003148228022873221,1585.0,17.256184524373346,5.929765355007401e-06,0,16199,0.08783929795026779,203,5.587935447692871e-09,3240,1.0,30.0,30.0,30.0,0.967741935483871,0.967741935483871,0.967741935483871,3240,1.0,30.0,30.0,30.0,0.967741935483871,0.967741935483871,0.967741935483871,4824,1.0,29.999998673849394,30.000000402331512,30.000001560557838,0.9677419341039015,0.9677419359025302,0.9677419371077605
128,2.1333333333333333,True,valid,0.006015755243904448,0.008401491938185783,0.015777123563701697,3.8787752433676492,3.878834729162249,0.00015890069926347843,3.890221961103978,0.09560735119747789,0.15696161914207282,0.00032279938184023567,1585.0,17.7327940682166,6.083416567121383e-06,0,16256,0.08157604187726974,205,3.725290298461914e-09,3240,1.0,30.0,30.0,30.0,0.967741935483871,0.967741935483871,0.967741935483871,3240,1.0,30.0,30.0,30.0,0.967741935483871,0.967741935483871,0.967741935483871,4824,1.0,29.999998673849394,30.000000402331512,30.000001560557838,0.9677419341039015,0.9677419359025302,0.9677419371077605
129,2.15,True,valid,0.005971082465993216,0.008289663859953528,0.015839750473051563,3.9462709493634502,3.9463325790983563,0.00016232825969317408,3.959854199756494,0.09739035716834159,0.16195283205886948,0.00032773928279417606,1585.0,18.041921765806304,6.174043394846345e-06,0,16284,0.07578984647989273,208,3.725290298461914e-09,3240,1.0,30.0,30.0,30.0,0.967741935483871,0.967741935483871,0.967741935483871,3240,1.0,30.0,30.0,30.0,0.967741935483871,0.967741935483871,0.967741935483871,4824,1.0,29.999998673849394,30.000000402331512,30.000001560557838,0.9677419341039015,0.9677419359025302,0.9677419371077605
130,2.1666666666666665,True,valid,0.005874815363283777,0.00798666841957747,0.015967041168039615,3.9850574106252106,3.9851192496770422,0.00012752391776519426,3.995906125129819,0.09864545396766039,0.13060452525820568,0.0003304387016021952,1585.0,18.17106900815017,6.21923147434847e-06,0,16278,0.07027013599872589,208,3.026798367500305e-09,3240,1.0,30.0,30.0,30.0,0.967741935483871,0.967741935483871,0.967741935483871,3240,1.0,30.0,30.0,30.0,0.967741935483871,0.967741935483871,0.967741935483871,4824,1.0,29.999998673849394,30.000000402331512,30.000001560557838,0.9677419341039015,0.9677419359025302,0.9677419371077605
131,2.183333333333333,True,valid,0.005781597760813435,0.007587672864538477,0.016139975719173756,3.9934253383396863,3.99348791946123,0.00010500616206475725,4.0135745324455625,0.09922584397387423,0.28634728824076566,0.0003306734612045838,1585.0,18.087070158457365,6.2168504552706585e-06,0,16228,0.0650131031870842,207,3.4924596548080444e-09,3240,1.0,30.0,30.0,30.0,0.967741935483871,0.967741935483871,0.967741935483871,3240,1.0,30.0,30.0,30.0,0.967741935483871,0.967741935483871,0.967741935483871,4824,1.0,29.999998673849394,30.000000402331512,30.000001560557838,0.9677419341039015,0.9677419359025302,0.9677419371077605
132,2.2,True,valid,0.005732844451651215,0.0071960580171293465,0.016294036922525006,3.9776316877602014,3.9776920481634366,0.00017160203055871105,3.9900833445942037,0.09865218945281479,0.1676643062236785,0.00032892805688581293,1585.0,17.84514212898075,6.19360162899271e-06,0,16186,0.05984903499484062,207,2.7939677238464355e-09,3240,1.0,30.0,30.0,30.0,0.967741935483871,0.967741935483871,0.967741935483871,3240,1.0,30.0,30.0,30.0,0.967741935483871,0.967741935483871,0.967741935483871,4824,1.0,29.999998673849394,30.000000402331512,30.000001560557838,0.9677419341039015,0.9677419359025302,0.9677419371077605
133,2.216666666666667,True,valid,0.005727169183330628,0.006895676556939796,0.016362454780548014,3.9392283218844764,3.939289835972641,0.00011517167028259787,3.9503993423723456,0.09759297120497085,0.12753831789713566,0.0003257104622547551,1585.0,17.45283369793743,6.13161563761034e-06,0,16123,0.05703294649720192,208,1.862645149230957e-09,3240,1.0,30.0,30.0,30.0,0.967741935483871,0.967741935483871,0.967741935483871,3240,1.0,30.0,30.0,30.0,0.967741935483871,0.967741935483871,0.967741935483871,4824,1.0,29.999998673849394,30.000000402331512,30.000001560557838,0.9677419341039015,0.9677419359025302,0.9677419371077605
134,2.2333333333333334,True,valid,0.005706190108980194,0.006673868280358896,0.016248289687718222,3.866350516755321,3.866410525039433,0.00014163766623422012,3.8770751900448217,0.09553741669837672,0.1277711606193486,0.00032002770255064127,1585.0,16.931374763177544,6.028806171260337e-06,0,16069,0.06264268606901169,206,1.862645149230957e-09,3240,1.0,30.0,30.0,30.0,0.967741935483871,0.967741935483871,0.967741935483871,3240,1.0,30.0,30.0,30.0,0.967741935483871,0.967741935483871,0.967741935483871,4824,1.0,29.999998673849394,30.000000402331512,30.000001560557838,0.9677419341039015,0.9677419359025302,0.9677419371077605
135,2.25,True,valid,0.005644823093130544,0.0065467368526149075,0.015987124579832434,3.7638983190797726,3.7639569598162788,9.905852300643735e-05,3.778338203225977,0.09288337387622907,0.18272466223728243,0.00031232760522030133,1585.0,16.385907912106443,5.882386746233402e-06,0,16055,0.06852151453495026,206,7.450580596923828e-09,3240,1.0,30.0,30.0,30.0,0.967741935483871,0.967741935483871,0.967741935483871,3240,1.0,30.0,30.0,30.0,0.967741935483871,0.967741935483871,0.967741935483871,4824,1.0,29.999998673849394,30.000000402331512,30.000001560557838,0.9677419341039015,0.9677419359025302,0.9677419371077605
136,2.2666666666666666,True,valid,0.00557338934939487,0.006541400886415391,0.015620257055092863,3.6374312998158884,3.637487893770097,9.588138712012918e-05,3.6501541466636156,0.0894454703172648,0.15947492503946717,0.00030305870621818174,1585.0,15.746170404309767,5.707845818132859e-06,0,16045,0.07463904470205307,206,7.450580596923828e-09,3240,1.0,30.0,30.0,30.0,0.967741935483871,0.967741935483871,0.967741935483871,3240,1.0,30.0,30.0,30.0,0.967741935483871,0.967741935483871,0.967741935483871,4824,1.0,29.999998673849394,30.000000402331512,30.000001560557838,0.9677419341039015,0.9677419359025302,0.9677419371077605
137,2.283333333333333,True,valid,0.00556203148988491,0.006683446418075595,0.015250693548548301,3.4900655820872033,3.490117563722984,0.00013769442288529698,3.5018197774926594,0.08537929141853283,0.14957350139944098,0.0002924154804330155,1585.0,15.043901390196039,5.517033675089378e-06,0,16025,0.08090744912624359,208,7.450580596923828e-09,3240,1.0,30.0,30.0,30.0,0.967741935483871,0.967741935483871,0.967741935483871,3240,1.0,30.0,30.0,30.0,0.967741935483871,0.967741935483871,0.967741935483871,4824,1.0,29.999998673849394,30.000000402331512,30.000001560557838,0.9677419341039015,0.9677419359025302,0.9677419371077605
138,2.3,True,valid,0.005665869647647506,0.0069930871647024525,0.015028564156158835,3.320982404057892,3.32103264755829,8.683270479278115e-05,3.3359557478160538,0.08064395355873318,0.18826548741969307,0.0002801506471109463,1585.0,14.23209445584235,5.28718115909495e-06,0,16000,0.08716528862714767,207,3.725290298461914e-09,3240,1.0,30.0,30.0,30.0,0.967741935483871,0.967741935483871,0.967741935483871,3240,1.0,30.0,30.0,30.0,0.967741935483871,0.967741935483871,0.967741935483871,4824,1.0,29.999998673849394,30.000000402331512,30.000001560557838,0.9677419341039015,0.9677419359025302,0.9677419371077605
139,2.316666666666667,True,valid,0.005902659064041056,0.007452379956361366,0.015026128891149392,3.141144986464069,3.1411914674345383,8.673203469738353e-05,3.151920090875303,0.0751891285162335,0.1432684969723673,0.00026708577787567747,1585.0,13.32931984509082,5.05382096730308e-06,0,16048,0.09320902079343796,207,3.725290298461914e-09,3240,1.0,30.0,30.0,30.0,0.967741935483871,0.967741935483871,0.967741935483871,3240,1.0,30.0,30.0,30.0,0.967741935483871,0.967741935483871,0.967741935483871,4824,1.0,29.999998673849394,30.000000402331512,30.000001560557838,0.9677419341039015,0.9677419359025302,0.9677419371077605
140,2.3333333333333335,True,valid,0.0062315253033681985,0.007970672546527231,0.015226645507228138,2.94596584781215,2.946007043985475,8.00578450671389e-05,2.960894014084891,0.06920778569318341,0.19590961929476608,0.0002526559068848541,1585.0,12.378697661469914,4.797819462965882e-06,0,16112,0.09886496514081955,207,3.725290298461914e-09,3240,1.0,30.0,30.0,30.0,0.967741935483871,0.967741935483871,0.967741935483871,3240,1.0,30.0,30.0,30.0,0.967741935483871,0.967741935483871,0.967741935483871,4824,1.0,29.999998673849394,30.000000402331512,30.000001560557838,0.9677419341039015,0.9677419359025302,0.9677419371077605
141,2.35,True,valid,0.006577826251465682,0.008401427866177596,0.015503906618595667,2.7409097789867074,2.740946200530109,0.00011168208543048765,2.7588280856667,0.06252443070539308,0.17312541685907915,0.00023738702632348862,1585.0,11.303568421484478,4.533881249501291e-06,0,16160,0.10389399528503418,204,7.450580596923828e-09,3240,1.0,30.0,30.0,30.0,0.967741935483871,0.967741935483871,0.967741935483871,3240,1.0,30.0,30.0,30.0,0.967741935483871,0.967741935483871,0.967741935483871,4824,1.0,29.999998673849394,30.000000402331512,30.000001560557838,0.9677419341039015,0.9677419359025302,0.9677419371077605
142,2.3666666666666667,True,valid,0.006838760993537075,0.008614105373698422,0.01569787019085844,2.5228684109323725,2.5228997088815697,6.37083203310762e-05,2.5408804921838732,0.055484468089133404,0.21698994423970264,0.0002211819845772276,1585.0,10.100624014533366,4.244866559803138e-06,0,16185,0.10811270773410797,204,3.725290298461914e-09,3240,1.0,30.0,30.0,30.0,0.967741935483871,0.967741935483871,0.967741935483871,3240,1.0,30.0,30.0,30.0,0.967741935483871,0.967741935483871,0.967741935483871,4824,1.0,29.999998673849394,30.000000402331512,30.000001560557838,0.9677419341039015,0.9677419359025302,0.9677419371077605
143,2.3833333333333333,True,valid,0.006920186802884359,0.008521007190631964,0.01567354448614623,2.293548654657374,2.293574841049253,5.894354109410184e-05,2.3098117096666098,0.04793572479900631,0.1937396477381451,0.00020428569688844077,1585.0,8.800868095219661,3.945611079609329e-06,0,16184,0.1114073172211647,204,7.450580596923828e-09,3240,1.0,30.0,30.0,30.0,0.967741935483871,0.967741935483871,0.967741935483871,3240,1.0,30.0,30.0,30.0,0.967741935483871,0.967741935483871,0.967741935483871,4824,1.0,29.999998673849394,30.000000402331512,30.000001560557838,0.9677419341039015,0.9677419359025302,0.9677419371077605
144,2.4,True,valid,0.006780526015923939,0.008107696327861777,0.015380714162510842,2.0486211588765353,2.0486422953232784,5.6031062440809094e-05,2.0655669213735197,0.04000611116275228,0.1883759981823655,0.00018626000380009877,1585.0,7.405172606468446,3.619683233724559e-06,0,16112,0.11375783383846283,204,7.450580596923828e-09,3240,1.0,30.0,30.0,30.0,0.967741935483871,0.967741935483871,0.967741935483871,3240,1.0,30.0,30.0,30.0,0.967741935483871,0.967741935483871,0.967741935483871,4824,1.0,29.999998673849394,30.000000402331512,30.000001560557838,0.9677419341039015,0.9677419359025302,0.9677419371077605
145,2.4166666666666665,True,valid,0.006473443525071092,0.007401344432467025,0.014853050023254119,1.8061789636543744,1.8061950759501222,4.7346551965884556e-05,1.8254834322643565,0.031944522997477194,0.19226613451269034,0.00016884552256833123,1585.0,5.963458750777516,3.3007583540648257e-06,0,15979,0.11517591029405594,205,7.450580596923828e-09,3240,1.0,30.0,30.0,30.0,0.967741935483871,0.967741935483871,0.967741935483871,3240,1.0,30.0,30.0,30.0,0.967741935483871,0.967741935483871,0.967741935483871,4824,1.0,29.999998673849394,30.000000402331512,30.000001560557838,0.9677419341039015,0.9677419359025302,0.9677419371077605
146,2.433333333333333,True,valid,0.006086216227229432,0.006462113528627633,0.014196583259514449,1.5838159626638262,1.5838265273720373,3.661143447648937e-05,1.60272237418429,0.023563767904370345,0.17403744568515309,0.00015407060717607103,1585.0,4.7420322231828225,3.0301284251863274e-06,0,15758,0.1156836673617363,205,7.450580596923828e-09,3240,1.0,30.0,30.0,30.0,0.967741935483871,0.967741935483871,0.967741935483871,3240,1.0,30.0,30.0,30.0,0.967741935483871,0.967741935483871,0.967741935483871,4824,1.0,29.999998673849394,30.000000402331512,30.000001560557838,0.9677419341039015,0.9677419359025302,0.9677419371077605
147,2.45,True,valid,0.005675383774389879,0.00541950726398794,0.013658933202477259,1.3996295151540499,1.3996352570728887,4.499862183557881e-05,1.4169159458330771,0.015091669335675411,0.14971230383640846,0.0001419089229794666,1585.0,3.5443449405731577,2.809196318107847e-06,0,15644,0.11539298295974731,207,7.450580596923828e-09,3240,1.0,30.0,30.0,30.0,0.967741935483871,0.967741935483871,0.967741935483871,3240,1.0,30.0,30.0,30.0,0.967741935483871,0.967741935483871,0.967741935483871,4824,1.0,29.999998673849394,30.000000402331512,30.000001560557838,0.9677419341039015,0.9677419359025302,0.9677419371077605
148,2.466666666666667,True,valid,0.005317182393133002,0.004459517464435801,0.013416538713899783,1.2808327484119997,1.280835783338161,3.654651054309963e-05,1.302587287866414,0.0068060732271533735,0.17614788641897897,0.00013374469686210392,1585.0,2.8033808676828817,2.6606141702464874e-06,0,15504,0.11443760246038437,208,7.450580596923828e-09,3240,1.0,30.0,30.0,30.0,0.967741935483871,0.967741935483871,0.967741935483871,3240,1.0,30.0,30.0,30.0,0.967741935483871,0.967741935483871,0.967741935483871,4824,1.0,29.999998673849394,30.000000402331512,30.000001560557838,0.9677419341039015,0.9677419359025302,0.9677419371077605
149,2.4833333333333334,True,valid,0.005101749951235231,0.0037757089052259875,0.013442204272479647,1.2612171463561674,1.2612197213490433,3.3448878008503605e-05,1.2850462872418,0.004598572746329625,0.18947555732386773,0.00013157924432849902,1585.0,2.853728407665868,2.6248204424573704e-06,0,15505,0.11298481374979019,208,7.450580596923828e-09,3240,1.0,30.0,30.0,30.0,0.967741935483871,0.967741935483871,0.967741935483871,3240,1.0,30.0,30.0,30.0,0.967741935483871,0.967741935483871,0.967741935483871,4824,1.0,29.999998673849394,30.000000402331512,30.000001560557838,0.9677419341039015,0.9677419359025302,0.9677419371077605
150,2.5,True,valid,0.0050373978576343644,0.0034953282871365747,0.013631841237495768,1.3429332035161896,1.3429383674557467,2.982017317281255e-05,1.3671573556216094,0.012184758562583298,0.1893610351080678,0.00013645649036373009,1585.0,3.518251257117671,2.7112530467215335e-06,0,15660,0.11117522418498993,209,7.450580596923828e-09,3240,1.0,30.0,30.0,30.0,0.967741935483871,0.967741935483871,0.967741935483871,3240,1.0,30.0,30.0,30.0,0.967741935483871,0.967741935483871,0.967741935483871,4824,1.0,29.999998673849394,30.000000402331512,30.000001560557838,0.9677419341039015,0.9677419359025302,0.9677419371077605
151,2.5166666666666666,True,valid,0.005045109759237183,0.003546980873606136,0.013887683904535281,1.4978667679761015,1.4978762427908832,3.4408959749692575e-05,1.5198940405173242,0.020705370853680377,0.18544326834337715,0.00014576482918253228,1585.0,4.922424898735264,2.88045311085917e-06,0,15722,0.10915982723236084,210,7.450580596923828e-09,3240,1.0,30.0,30.0,30.0,0.967741935483871,0.967741935483871,0.967741935483871,3240,1.0,30.0,30.0,30.0,0.967741935483871,0.967741935483871,0.967741935483871,4824,1.0,29.999998673849394,30.000000402331512,30.000001560557838,0.9677419341039015,0.9677419359025302,0.9677419371077605
152,2.533333333333333,True,valid,0.005058258453745085,0.003741064290238298,0.01407925974826419,1.6959253390978066,1.6959401030468457,4.054394180351573e-05,1.7148440743002376,0.02914444603066444,0.16861626125599566,0.0001583386421415009,1585.0,6.383040821330164,3.1021240977521966e-06,0,15813,0.10701119899749756,209,7.450580596923828e-09,3240,1.0,30.0,30.0,30.0,0.967741935483871,0.967741935483871,0.967741935483871,3240,1.0,30.0,30.0,30.0,0.967741935483871,0.967741935483871,0.967741935483871,4824,1.0,29.999998673849394,30.000000402331512,30.000001560557838,0.9677419341039015,0.9677419359025302,0.9677419371077605
153,2.55,True,valid,0.005066338183586976,0.003932015809080778,0.014147222215193852,1.9183406965519028,1.9183606211950517,4.680757685438743e-05,1.9356451945580764,0.03726301342418601,0.1665748567617044,0.00017362117064480097,1585.0,7.867225746199029,3.3687049395830177e-06,0,15878,0.10473893582820892,209,7.450580596923828e-09,3240,1.0,30.0,30.0,30.0,0.967741935483871,0.967741935483871,0.967741935483871,3240,1.0,30.0,30.0,30.0,0.967741935483871,0.967741935483871,0.967741935483871,4824,1.0,29.999998673849394,30.000000402331512,30.000001560557838,0.9677419341039015,0.9677419359025302,0.9677419371077605
154,2.566666666666667,True,valid,0.005089839255105009,0.0040859361871474174,0.014179599343655543,2.153099673766224,2.1531251398407716,5.6927388259623425e-05,2.17185227602695,0.045311416641972746,0.21480844596968407,0.00018995172175869158,1585.0,9.357720370954336,3.65907609797412e-06,0,15923,0.10230672359466553,209,3.725290298461914e-09,3240,1.0,30.0,30.0,30.0,0.967741935483871,0.967741935483871,0.967741935483871,3240,1.0,30.0,30.0,30.0,0.967741935483871,0.967741935483871,0.967741935483871,4824,1.0,29.999998673849394,30.000000402331512,30.000001560557838,0.9677419341039015,0.9677419359025302,0.9677419371077605
155,2.5833333333333335,True,valid,0.005169706384165408,0.004231588605601898,0.01427901695423977,2.3937779849808662,2.3938089200885537,6.045768338015583e-05,2.4155159641878594,0.05300551683675593,0.27432567484852866,0.00020712031902249482,1585.0,10.828380153207535,3.9638098765506255e-06,0,15934,0.09960317611694336,208,7.450580596923828e-09,3240,1.0,30.0,30.0,30.0,0.967741935483871,0.967741935483871,0.967741935483871,3240,1.0,30.0,30.0,30.0,0.967741935483871,0.967741935483871,0.967741935483871,4824,1.0,29.999998673849394,30.000000402331512,30.000001560557838,0.9677419341039015,0.9677419359025302,0.9677419371077605
156,2.6,True,valid,0.005319174118971089,0.004391773132111617,0.01453211147455543,2.6304365767824787,2.630472403649221,6.89687330103879e-05,2.6530165192859907,0.060152737751234794,0.29784465210027317,0.00022413914701032258,1585.0,12.23364933055679,4.272761643823678e-06,0,15972,0.09648381918668747,208,3.725290298461914e-09,3240,1.0,30.0,30.0,30.0,0.967741935483871,0.967741935483871,0.967741935483871,3240,1.0,30.0,30.0,30.0,0.967741935483871,0.967741935483871,0.967741935483871,4824,1.0,29.999998673849394,30.000000402331512,30.000001560557838,0.9677419341039015,0.9677419359025302,0.9677419371077605
157,2.6166666666666667,True,valid,0.005509283983030702,0.004585524039514859,0.014947007721401999,2.861605510915166,2.8616461978455563,7.275389908698952e-05,2.8830885116154996,0.06692231648856536,0.29484017629314824,0.0002409111453384989,1585.0,13.54682233691083,4.578285871499968e-06,0,16002,0.0928415060043335,207,3.725290298461914e-09,3240,1.0,30.0,30.0,30.0,0.967741935483871,0.967741935483871,0.967741935483871,3240,1.0,30.0,30.0,30.0,0.967741935483871,0.967741935483871,0.967741935483871,4824,1.0,29.999998673849394,30.000000402331512,30.000001560557838,0.9677419341039015,0.9677419359025302,0.9677419371077605
158,2.6333333333333333,True,valid,0.005688346444378061,0.004799818574473834,0.015437787948688414,3.078817925658447,3.0788629325776906,7.983899304517215e-05,3.0933171173540983,0.07304690716902676,0.19126238012906854,0.00025679320670576156,1585.0,14.738131433939106,4.869626066524975e-06,0,16052,0.08857282251119614,204,3.725290298461914e-09,3240,1.0,30.0,30.0,30.0,0.967741935483871,0.967741935483871,0.967741935483871,3240,1.0,30.0,30.0,30.0,0.967741935483871,0.967741935483871,0.967741935483871,4824,1.0,29.999998673849394,30.000000402331512,30.000001560557838,0.9677419341039015,0.9677419359025302,0.9677419371077605
159,2.65,True,valid,0.005804315041888985,0.005018556794994114,0.015879291518104313,3.2791511153206208,3.2791999462021515,8.421253916671448e-05,3.2938832566559935,0.07875390884291841,0.1964447307139284,0.00027196671487584266,1585.0,15.819918559345606,5.147916762771096e-06,0,16080,0.08361023664474487,205,7.450580596923828e-09,3240,1.0,30.0,30.0,30.0,0.967741935483871,0.967741935483871,0.967741935483871,3240,1.0,30.0,30.0,30.0,0.967741935483871,0.967741935483871,0.967741935483871,4824,1.0,29.999998673849394,30.000000402331512,30.000001560557838,0.9677419341039015,0.9677419359025302,0.9677419371077605
160,2.6666666666666665,True,valid,0.005821194166762787,0.00524667858323898,0.01619343357225015,3.4572521173320387,3.4573047005594595,8.982178027516236e-05,3.4734703510859304,0.08382535245928481,0.2210842479879921,0.0002856222960390696,1585.0,16.722824617149815,5.397452462919685e-06,0,16096,0.07796811312437057,206,3.725290298461914e-09,3240,1.0,30.0,30.0,30.0,0.967741935483871,0.967741935483871,0.967741935483871,3240,1.0,30.0,30.0,30.0,0.967741935483871,0.967741935483871,0.967741935483871,4824,1.0,29.999998673849394,30.000000402331512,30.000001560557838,0.9677419341039015,0.9677419359025302,0.9677419371077605
161,2.683333333333333,True,valid,0.005753732405946894,0.005536259932140064,0.016325225852820844,3.613090759615133,3.6131460116042695,9.423640959771132e-05,3.6286655162682426,0.0882874753485684,0.22224219842885104,0.0002979737526271938,1585.0,17.42570827225701,5.621292267216433e-06,0,16106,0.07165977358818054,206,7.450580596923828e-09,3240,1.0,30.0,30.0,30.0,0.967741935483871,0.967741935483871,0.967741935483871,3240,1.0,30.0,30.0,30.0,0.967741935483871,0.967741935483871,0.967741935483871,4824,1.0,29.999998673849394,30.000000402331512,30.000001560557838,0.9677419341039015,0.9677419359025302,0.9677419371077605
162,2.7,True,valid,0.005657022644791554,0.005946632984236888,0.01630029194725176,3.7431876347283097,3.7432455914368625,9.882104976621255e-05,3.7615009882652926,0.09185108736498745,0.2646088262020035,0.00030866890557112184,1585.0,17.91580897023378,5.8128365030897826e-06,0,16108,0.0647796094417572,206,3.725290298461914e-09,3240,1.0,30.0,30.0,30.0,0.967741935483871,0.967741935483871,0.967741935483871,3240,1.0,30.0,30.0,30.0,0.967741935483871,0.967741935483871,0.967741935483871,4824,1.0,29.999998673849394,30.000000402331512,30.000001560557838,0.9677419341039015,0.9677419359025302,0.9677419371077605
163,2.716666666666667,True,valid,0.005606769701487316,0.006512583309765184,0.01619485446586304,3.849282877936618,3.849343044886451,0.00010900918571094357,3.8643116162150304,0.09488106858160686,0.2011488617445194,0.00031727463670978324,1585.0,18.208184530992693,5.97082493925412e-06,0,16098,0.057499274611473083,208,7.450580596923828e-09,3240,1.0,30.0,30.0,30.0,0.967741935483871,0.967741935483871,0.967741935483871,3240,1.0,30.0,30.0,30.0,0.967741935483871,0.967741935483871,0.967741935483871,4824,1.0,29.999998673849394,30.000000402331512,30.000001560557838,0.9677419341039015,0.9677419359025302,0.9677419371077605
164,2.7333333333333334,True,valid,0.005668748479612096,0.007195118449248864,0.016088960078193635,3.9337070027562926,3.9337684112294746,0.00010508586230542552,3.947146959551815,0.09699764258334062,0.1897949213581114,0.00032481382202567536,1585.0,18.29303335197945,6.103689746719023e-06,0,16061,0.06052815169095993,209,3.725290298461914e-09,3240,1.0,30.0,30.0,30.0,0.967741935483871,0.967741935483871,0.967741935483871,3240,1.0,30.0,30.0,30.0,0.967741935483871,0.967741935483871,0.967741935483871,4824,1.0,29.999998673849394,30.000000402331512,30.000001560557838,0.9677419341039015,0.9677419359025302,0.9677419371077605
165,2.75,True,valid,0.005835264557167644,0.007895038088271944,0.01605038058921679,3.98999946360025,3.9900616437440353,0.00010620964966921236,4.001387667219816,0.09843548840625131,0.14904595675163346,0.0003297018894931048,1585.0,18.169180009523807,6.196924896586005e-06,0,16136,0.06816048920154572,209,2.7939677238464355e-09,3240,1.0,30.0,30.0,30.0,0.967741935483871,0.967741935483871,0.967741935483871,3240,1.0,30.0,30.0,30.0,0.967741935483871,0.967741935483871,0.967741935483871,4824,1.0,29.999998673849394,30.000000402331512,30.000001560557838,0.9677419341039015,0.9677419359025302,0.9677419371077605
166,2.7666666666666666,True,valid,0.006055601803251964,0.008517919785103606,0.01608498805916154,4.020881692764842,4.020944226030835,0.00010546422905448845,4.031669313080467,0.09904452655029836,0.1427855048381387,0.0003325200269805041,1585.0,17.911781402974338,6.251375496607056e-06,0,16206,0.07569742947816849,208,4.656612873077393e-10,3240,1.0,30.0,30.0,30.0,0.967741935483871,0.967741935483871,0.967741935483871,3240,1.0,30.0,30.0,30.0,0.967741935483871,0.967741935483871,0.967741935483871,4824,1.0,29.999998673849394,30.000000402331512,30.000001560557838,0.9677419341039015,0.9677419359025302,0.9677419371077605
167,2.783333333333333,True,valid,0.006262400296327799,0.00897111228055042,0.016133790388200252,4.020037093609635,4.020099692825563,0.00010558690339419531,4.030666351870879,0.09888414818600329,0.14460532737289813,0.0003328266980580941,1585.0,17.571394692935716,6.260839772030437e-06,0,16288,0.08296984434127808,207,3.725290298461914e-09,3240,1.0,30.0,30.0,30.0,0.967741935483871,0.967741935483871,0.967741935483871,3240,1.0,30.0,30.0,30.0,0.967741935483871,0.967741935483871,0.967741935483871,4824,1.0,29.999998673849394,30.000000402331512,30.000001560557838,0.9677419341039015,0.9677419359025302,0.9677419371077605
168,2.8,True,valid,0.006393688489867611,0.009198828642012167,0.016161044981094747,3.9894717004605456,3.989533491579755,0.0001046156622457445,4.000239239865168,0.09796097723882857,0.14779698653560905,0.00033070090979857064,1585.0,17.181524019159237,6.222424712916186e-06,0,16332,0.08995787054300308,208,2.7939677238464355e-09,3240,1.0,30.0,30.0,30.0,0.967741935483871,0.967741935483871,0.967741935483871,3240,1.0,30.0,30.0,30.0,0.967741935483871,0.967741935483871,0.967741935483871,4824,1.0,29.999998673849394,30.000000402331512,30.000001560557838,0.9677419341039015,0.9677419359025302,0.9677419371077605
169,2.816666666666667,True,valid,0.006422160299210973,0.009182419869051366,0.016105525023588124,3.9279159274380424,3.927976588951264,0.00010273555157222498,3.9416701149355555,0.09636226194507061,0.21999014837432573,0.0003261914870408524,1585.0,16.80728154388062,6.140378858409461e-06,0,16344,0.09663940966129303,210,5.587935447692871e-09,3240,1.0,30.0,30.0,30.0,0.967741935483871,0.967741935483871,0.967741935483871,3240,1.0,30.0,30.0,30.0,0.967741935483871,0.967741935483871,0.967741935483871,4824,1.0,29.999998673849394,30.000000402331512,30.000001560557838,0.9677419341039015,0.9677419359025302,0.9677419371077605
170,2.8333333333333335,True,valid,0.006344325093342337,0.00893618209751376,0.015987167272119435,3.8355360698771297,3.8355947057769115,0.00015678030259645004,3.852258742436932,0.09392027257081133,0.24024591174037724,0.0003189383072104441,1585.0,16.36033774524573,6.009860817876149e-06,0,16345,0.10230225324630737,209,5.587935447692871e-09,3240,1.0,30.0,30.0,30.0,0.967741935483871,0.967741935483871,0.967741935483871,3240,1.0,30.0,30.0,30.0,0.967741935483871,0.967741935483871,0.967741935483871,4824,1.0,29.999998673849394,30.000000402331512,30.000001560557838,0.9677419341039015,0.9677419359025302,0.9677419371077605
171,2.85,True,valid,0.00618647104205485,0.008504632619823066,0.015847151230107145,3.7160861362663966,3.7161427869048937,9.620364471264801e-05,3.729023843472043,0.0906076094816763,0.21461680797797325,0.00030951475995154466,1585.0,15.758441125481944,5.832141758843884e-06,0,16320,0.10743676871061325,209,3.725290298461914e-09,3240,1.0,30.0,30.0,30.0,0.967741935483871,0.967741935483871,0.967741935483871,3240,1.0,30.0,30.0,30.0,0.967741935483871,0.967741935483871,0.967741935483871,4824,1.0,29.999998673849394,30.000000402331512,30.000001560557838,0.9677419341039015,0.9677419359025302,0.9677419371077605
172,2.8666666666666667,True,valid,0.0060033537487615115,0.007961432643578308,0.015694634810281504,3.5682506173753934,3.568304763537774,9.685233550193385e-05,3.584499592257455,0.08673241394937932,0.2581593315925981,0.0002980562187314789,1585.0,15.108747298497173,5.61864571231766e-06,0,16261,0.11210678517818451,209,3.725290298461914e-09,3240,1.0,30.0,30.0,30.0,0.967741935483871,0.967741935483871,0.967741935483871,3240,1.0,30.0,30.0,30.0,0.967741935483871,0.967741935483871,0.967741935483871,4824,1.0,29.999998673849394,30.000000402331512,30.000001560557838,0.9677419341039015,0.9677419359025302,0.9677419371077605
173,2.8833333333333333,True,valid,0.005829917294146897,0.007398953203147695,0.015531243115317688,3.399507972927978,3.3995590325061706,8.95525912459272e-05,3.412972101878631,0.08208661212131499,0.18932811551870435,0.000284911636800181,1585.0,14.377624605505382,5.378928745863587e-06,0,16187,0.11639374494552612,210,3.725290298461914e-09,3240,1.0,30.0,30.0,30.0,0.967741935483871,0.967741935483871,0.967741935483871,3240,1.0,30.0,30.0,30.0,0.967741935483871,0.967741935483871,0.967741935483871,4824,1.0,29.999998673849394,30.000000402331512,30.000001560557838,0.9677419341039015,0.9677419359025302,0.9677419371077605
174,2.9,True,valid,0.005693494768061008,0.006865922570047191,0.015317930720565458,3.211587562231686,3.211634925771949,8.816428468466326e-05,3.2223999663439176,0.07682856098784215,0.14052625330176638,0.0002705808396717513,1585.0,13.499755909958642,5.116593078678819e-06,0,16070,0.12038605660200119,210,3.725290298461914e-09,3240,1.0,30.0,30.0,30.0,0.967741935483871,0.967741935483871,0.967741935483871,3240,1.0,30.0,30.0,30.0,0.967741935483871,0.967741935483871,0.967741935483871,4824,1.0,29.999998673849394,30.000000402331512,30.000001560557838,0.9677419341039015,0.9677419359025302,0.9677419371077605
175,2.9166666666666665,True,valid,0.005578009071459804,0.006406211457731951,0.015033996184198772,3.002798358460926,3.0028419689277692,7.669747593926143e-05,3.013527353690334,0.07094773711756923,0.12999526021621916,0.00025475933745091353,1585.0,12.40593323166905,4.827764274436213e-06,0,15957,0.12418965995311737,209,7.450580596923828e-09,3240,1.0,30.0,30.0,30.0,0.967741935483871,0.967741935483871,0.967741935483871,3240,1.0,30.0,30.0,30.0,0.967741935483871,0.967741935483871,0.967741935483871,4824,1.0,29.999998673849394,30.000000402331512,30.000001560557838,0.9677419341039015,0.9677419359025302,0.9677419371077605
176,2.933333333333333,True,valid,0.005476213467650039,0.006052527877629847,0.014724948582273491,2.776094871765614,2.776134450515564,8.442138248254116e-05,2.7896472686915805,0.06452754291367349,0.18750151553527158,0.00023779819338803172,1585.0,11.222374886759194,4.517168896570593e-06,0,15947,0.12781192362308502,209,7.450580596923828e-09,3240,1.0,30.0,30.0,30.0,0.967741935483871,0.967741935483871,0.967741935483871,3240,1.0,30.0,30.0,30.0,0.967741935483871,0.967741935483871,0.967741935483871,4824,1.0,29.999998673849394,30.000000402331512,30.000001560557838,0.9677419341039015,0.9677419359025302,0.9677419371077605
177,2.95,True,valid,0.005419262154669219,0.005820721163294912,0.014418552451804817,2.540547424990263,2.540581655075528,7.546123966777335e-05,2.5532499260081987,0.057661228488197436,0.14095636336094194,0.00022052604244257536,1585.0,9.892580907363627,4.202433365650506e-06,0,15922,0.13130982220172882,209,3.725290298461914e-09,3240,1.0,30.0,30.0,30.0,0.967741935483871,0.967741935483871,0.967741935483871,3240,1.0,30.0,30.0,30.0,0.967741935483871,0.967741935483871,0.967741935483871,4824,1.0,29.999998673849394,30.000000402331512,30.000001560557838,0.9677419341039015,0.9677419359025302,0.9677419371077605
178,2.966666666666667,True,valid,0.005430722570548522,0.005723339378972108,0.014160559827768237,2.2997660531958948,2.2997949894549,5.797859000008355e-05,2.3190744068903286,0.05044161413380424,0.21982305478293254,0.00020342555237034656,1585.0,8.690366938545951,3.892554498151928e-06,0,15911,0.13474313914775848,209,3.725290298461914e-09,3240,1.0,30.0,30.0,30.0,0.967741935483871,0.967741935483871,0.967741935483871,3240,1.0,30.0,30.0,30.0,0.967741935483871,0.967741935483871,0.967741935483871,4824,1.0,29.999998673849394,30.000000402331512,30.000001560557838,0.9677419341039015,0.9677419359025302,0.9677419371077605
179,2.9833333333333334,True,valid,0.005512558559919105,0.005752733113117104,0.014004198053997378,2.0679950275623575,2.0680186641407294,4.9241066219354e-05,2.0806904524193546,0.042546447731814215,0.13082625918238516,0.00018692831875514437,1585.0,7.434918842813414,3.600715693315488e-06,0,15888,0.13817405700683594,209,7.450580596923828e-09,3240,1.0,30.0,30.0,30.0,0.967741935483871,0.967741935483871,0.967741935483871,3240,1.0,30.0,30.0,30.0,0.967741935483871,0.967741935483871,0.967741935483871,4824,1.0,29.999998673849394,30.000000402331512,30.000001560557838,0.9677419341039015,0.9677419359025302,0.9677419371077605
180,3.0,True,valid,0.005652804760207594,0.005862824257105591,0.013993372366609746,1.8413268541282184,1.8413444415621478,4.671283597586274e-05,1.8547303166647118,0.03437562062936883,0.12976758992701776,0.00017105915477719441,1585.0,6.2604105669568515,3.323404269607674e-06,0,15829,0.14125826954841614,209,7.450580596923828e-09,3240,1.0,30.0,30.0,30.0,0.967741935483871,0.967741935483871,0.967741935483871,3240,1.0,30.0,30.0,30.0,0.967741935483871,0.967741935483871,0.967741935483871,4824,1.0,29.999998673849394,30.000000402331512,30.000001560557838,0.9677419341039015,0.9677419359025302,0.9677419371077605
181,3.0166666666666666,True,valid,0.0058346607914696695,0.006003832911801424,0.014114964924940309,1.6392106161262825,1.6392225310142288,3.9073957006500884e-05,1.653060448519233,0.026035090036862437,0.12475633767021332,0.00015676675068248815,1585.0,5.115284660286263,3.0754557834343757e-06,0,15766,0.14400506019592285,209,7.450580596923828e-09,3240,1.0,30.0,30.0,30.0,0.967741935483871,0.967741935483871,0.967741935483871,3240,1.0,30.0,30.0,30.0,0.967741935483871,0.967741935483871,0.967741935483871,4824,1.0,29.999998673849394,30.000000402331512,30.000001560557838,0.9677419341039015,0.9677419359025302,0.9677419371077605
182,3.033333333333333,True,valid,0.006022766950180155,0.006109272835997494,0.014291114709657615,1.4781091465512048,1.4781167477359696,3.410392998856762e-05,1.4930837526809848,0.01746878695569444,0.11969223724626785,0.00014559269351981197,1585.0,3.9745634067335778,2.8876991959984406e-06,0,15672,0.14640076458454132,210,7.450580596923828e-09,3240,1.0,30.0,30.0,30.0,0.967741935483871,0.967741935483871,0.967741935483871,3240,1.0,30.0,30.0,30.0,0.967741935483871,0.967741935483871,0.967741935483871,4824,1.0,29.999998673849394,30.000000402331512,30.000001560557838,0.9677419341039015,0.9677419359025302,0.9677419371077605
183,3.05,True,valid,0.006154058242142093,0.006097249543988783,0.014459819093199293,1.3744502913824164,1.3744541840598083,2.7194526261205597e-05,1.3908334323433744,0.009016214054126823,0.12112463241822648,0.00013820644104961129,1585.0,2.9376113020394166,2.7666095751891577e-06,0,15530,0.14772436022758484,209,7.450580596923828e-09,3240,1.0,30.0,30.0,30.0,0.967741935483871,0.967741935483871,0.967741935483871,3240,1.0,30.0,30.0,30.0,0.967741935483871,0.967741935483871,0.967741935483871,4824,1.0,29.999998673849394,30.000000402331512,30.000001560557838,0.9677419341039015,0.9677419359025302,0.9677419371077605
184,3.066666666666667,True,valid,0.00618223997339382,0.005894089990132263,0.01458415792735205,1.334582331845698,1.3345848954056032,2.189825038338219e-05,1.3629495164429977,0.004709641855187228,0.20845526766252867,0.00013490548635654862,1585.0,2.899372073291835,2.7114614802279686e-06,0,15508,0.14784938097000122,208,7.450580596923828e-09,3240,1.0,30.0,30.0,30.0,0.967741935483871,0.967741935483871,0.967741935483871,3240,1.0,30.0,30.0,30.0,0.967741935483871,0.967741935483871,0.967741935483871,4824,1.0,29.999998673849394,30.000000402331512,30.000001560557838,0.9677419341039015,0.9677419359025302,0.9677419371077605
185,3.0833333333333335,True,valid,0.006093193887829225,0.005504719011755854,0.014631955880428532,1.3757155665225649,1.3757195519193344,2.8711589123159307e-05,1.3917908118996265,0.009570111041892258,0.12438503325514737,0.0001365013601802498,1585.0,3.36322628292693,2.7425784501779876e-06,0,15687,0.14699363708496094,207,7.450580596923828e-09,3240,1.0,30.0,30.0,30.0,0.967741935483871,0.967741935483871,0.967741935483871,3240,1.0,30.0,30.0,30.0,0.967741935483871,0.967741935483871,0.967741935483871,4824,1.0,29.999998673849394,30.000000402331512,30.000001560557838,0.9677419341039015,0.9677419359025302,0.9677419371077605
186,3.1,True,valid,0.005907784972280593,0.004983284410514859,0.01459353545466956,1.4811098736566484,1.4811168369305523,7.400569537262827e-05,1.502141593357596,0.01817995026114526,0.16092064323254224,0.00014301546925059481,1585.0,4.611015299462978,2.8515618146280064e-06,0,15779,0.14521647989749908,207,7.450580596923828e-09,3240,1.0,30.0,30.0,30.0,0.967741935483871,0.967741935483871,0.967741935483871,3240,1.0,30.0,30.0,30.0,0.967741935483871,0.967741935483871,0.967741935483871,4824,1.0,29.999998673849394,30.000000402331512,30.000001560557838,0.9677419341039015,0.9677419359025302,0.9677419371077605
187,3.1166666666666667,True,valid,0.005670090733181018,0.004434281054920735,0.014491472164722371,1.6456351393775699,1.6456480493340122,8.515559203691838e-05,1.6666763827044984,0.02673947329664991,0.22063143851423125,0.0001539769620914283,1585.0,5.867451276659779,3.0372716113256373e-06,0,15817,0.1425720602273941,209,7.450580596923828e-09,3240,1.0,30.0,30.0,30.0,0.967741935483871,0.967741935483871,0.967741935483871,3240,1.0,30.0,30.0,30.0,0.967741935483871,0.967741935483871,0.967741935483871,4824,1.0,29.999998673849394,30.000000402331512,30.000001560557838,0.9677419341039015,0.9677419359025302,0.9677419371077605
188,3.1333333333333333,True,valid,0.005435283771198692,0.004024744037592938,0.014405083105052926,1.848269991961719,1.848288044150447,4.16874071997188e-05,1.8695769794721955,0.03502578231569232,0.21388767007986306,0.00016810651467339733,1585.0,7.080473279813261,3.2796991925805176e-06,0,15886,0.13918864727020264,209,7.450580596923828e-09,3240,1.0,30.0,30.0,30.0,0.967741935483871,0.967741935483871,0.967741935483871,3240,1.0,30.0,30.0,30.0,0.967741935483871,0.967741935483871,0.967741935483871,4824,1.0,29.999998673849394,30.000000402331512,30.000001560557838,0.9677419341039015,0.9677419359025302,0.9677419371077605
189,3.15,True,valid,0.005254677967454442,0.00392931171933013,0.014388249895085152,2.0750790082568367,2.075102924949476,4.967710123045602e-05,2.0969277409619353,0.043139391525914464,0.23581480009108785,0.00018457400308199387,1585.0,8.33256792176909,3.5655161064339627e-06,0,15913,0.1352262943983078,209,7.450580596923828e-09,3240,1.0,30.0,30.0,30.0,0.967741935483871,0.967741935483871,0.967741935483871,3240,1.0,30.0,30.0,30.0,0.967741935483871,0.967741935483871,0.967741935483871,4824,1.0,29.999998673849394,30.000000402331512,30.000001560557838,0.9677419341039015,0.9677419359025302,0.9677419371077605
190,3.1666666666666665,True,valid,0.0051630868220265,0.004175298819985917,0.01445654824311325,2.3132801881054625,2.313309430698087,5.616674349603288e-05,2.334660518935236,0.05091930240542013,0.25096985518779913,0.0002020166452718309,1585.0,9.665782816640775,3.87704249165575e-06,0,15943,0.130794957280159,210,7.450580596923828e-09,3240,1.0,30.0,30.0,30.0,0.967741935483871,0.967741935483871,0.967741935483871,3240,1.0,30.0,30.0,30.0,0.967741935483871,0.967741935483871,0.967741935483871,4824,1.0,29.999998673849394,30.000000402331512,30.000001560557838,0.9677419341039015,0.9677419359025302,0.9677419371077605
191,3.183333333333333,True,valid,0.005162912588473941,0.004634828019770074,0.01458395405774352,2.557353678793168,2.557389802262116,0.00016407772878903644,2.5785074741368708,0.05822249452076101,0.3567354369985661,0.0002201134463619043,1585.0,10.964787035441068,4.210272541820112e-06,0,15951,0.12602488696575165,210,7.450580596923828e-09,3240,1.0,30.0,30.0,30.0,0.967741935483871,0.967741935483871,0.967741935483871,3240,1.0,30.0,30.0,30.0,0.967741935483871,0.967741935483871,0.967741935483871,4824,1.0,29.999998673849394,30.000000402331512,30.000001560557838,0.9677419341039015,0.9677419359025302,0.9677419371077605
192,3.2,True,valid,0.005217094030430506,0.005143487522542175,0.014713764532297027,2.7908937332367603,2.790932705901063,7.042831573513714e-05,2.800327164631124,0.06505158416862361,0.11408988838055842,0.0002378792858569038,1585.0,12.147751636677752,4.526014910346005e-06,0,15961,0.12086842954158783,209,7.450580596923828e-09,3240,1.0,30.0,30.0,30.0,0.967741935483871,0.967741935483871,0.967741935483871,3240,1.0,30.0,30.0,30.0,0.967741935483871,0.967741935483871,0.967741935483871,4824,1.0,29.999998673849394,30.000000402331512,30.000001560557838,0.9677419341039015,0.9677419359025302,0.9677419371077605
193,3.216666666666667,True,valid,0.005269665696515766,0.005575681309747458,0.014866299034685532,3.010443988208949,3.010487537211338,7.654277038942608e-05,3.0204934463770847,0.07132260086773083,0.11453479677691714,0.0002544722445616183,1585.0,13.252865733576014,4.826431310032637e-06,0,15973,0.11559939384460449,209,3.725290298461914e-09,3240,1.0,30.0,30.0,30.0,0.967741935483871,0.967741935483871,0.967741935483871,3240,1.0,30.0,30.0,30.0,0.967741935483871,0.967741935483871,0.967741935483871,4824,1.0,29.999998673849394,30.000000402331512,30.000001560557838,0.9677419341039015,0.9677419359025302,0.9677419371077605
194,3.2333333333333334,True,valid,0.005315868814221284,0.005890879258088943,0.015033063073366852,3.2104218130383826,3.210469343849343,8.238092455500017e-05,3.220364684197711,0.07717712781454351,0.11530469117719537,0.0002696805255462368,1585.0,14.297716366095733,5.101594733330624e-06,0,15998,0.1101788654923439,207,3.725290298461914e-09,3240,1.0,30.0,30.0,30.0,0.967741935483871,0.967741935483871,0.967741935483871,3240,1.0,30.0,30.0,30.0,0.967741935483871,0.967741935483871,0.967741935483871,4824,1.0,29.999998673849394,30.000000402331512,30.000001560557838,0.9677419341039015,0.9677419359025302,0.9677419371077605
195,3.25,True,valid,0.005368824241049338,0.006097692617254755,0.015224311419354375,3.395094031772846,3.3951451550863645,8.762410882177475e-05,3.4046088204222977,0.08239406388168742,0.10819315889823558,0.0002837131915594411,1585.0,15.205140701395363,5.356012814642292e-06,0,16010,0.10483750700950623,209,7.450580596923828e-09,3240,1.0,30.0,30.0,30.0,0.967741935483871,0.967741935483871,0.967741935483871,3240,1.0,30.0,30.0,30.0,0.967741935483871,0.967741935483871,0.967741935483871,4824,1.0,29.999998673849394,30.000000402331512,30.000001560557838,0.9677419341039015,0.9677419359025302,0.9677419371077605
196,3.2666666666666666,True,valid,0.0054345831777526075,0.006210642322807156,0.0154365864758193,3.556155873958457,3.556210212381288,9.217962547134132e-05,3.5665049618495996,0.08691113932126185,0.12775353258671016,0.00029606919320998717,1585.0,15.964536582272759,5.582904134722377e-06,0,16030,0.09930448979139328,209,5.587935447692871e-09,3240,1.0,30.0,30.0,30.0,0.967741935483871,0.967741935483871,0.967741935483871,3240,1.0,30.0,30.0,30.0,0.967741935483871,0.967741935483871,0.967741935483871,4824,1.0,29.999998673849394,30.000000402331512,30.000001560557838,0.9677419341039015,0.9677419359025302,0.9677419371077605
197,3.283333333333333,True,valid,0.005501312138696484,0.006269669742763818,0.015710436018064097,3.6928636225792686,3.6929210664180143,0.00013815042608091425,3.7075301964429452,0.09083362645305405,0.23971692016132382,0.0003063541110549107,1585.0,16.524186821050275,5.772564555051099e-06,0,16051,0.09350411593914032,209,5.587935447692871e-09,3240,1.0,30.0,30.0,30.0,0.967741935483871,0.967741935483871,0.967741935483871,3240,1.0,30.0,30.0,30.0,0.967741935483871,0.967741935483871,0.967741935483871,4824,1.0,29.999998673849394,30.000000402331512,30.000001560557838,0.9677419341039015,0.9677419359025302,0.9677419371077605
198,3.3,True,valid,0.005573236281700997,0.0063322140862194865,0.01599379913914351,3.808009438670518,3.8080686294656223,9.961013125492662e-05,3.817458929372835,0.09395683704131208,0.11270082620766554,0.0003149669653386662,1585.0,16.964532627333703,5.931400429707193e-06,0,16059,0.08797158300876617,209,5.587935447692871e-09,3240,1.0,30.0,30.0,30.0,0.967741935483871,0.967741935483871,0.967741935483871,3240,1.0,30.0,30.0,30.0,0.967741935483871,0.967741935483871,0.967741935483871,4824,1.0,29.999998673849394,30.000000402331512,30.000001560557838,0.9677419341039015,0.9677419359025302,0.9677419371077605
199,3.316666666666667,True,valid,0.005645655315218072,0.006415250172123737,0.01618894434201178,3.8945128390529233,3.8945738050054755,0.00010190803958367278,3.9047688160034895,0.09636286965821525,0.11933571314111603,0.0003216946061502064,1585.0,17.34547772849698,6.055319979164216e-06,0,16075,0.0820668563246727,209,1.862645149230957e-09,3240,1.0,30.0,30.0,30.0,0.967741935483871,0.967741935483871,0.967741935483871,3240,1.0,30.0,30.0,30.0,0.967741935483871,0.967741935483871,0.967741935483871,4824,1.0,29.999998673849394,30.000000402331512,30.000001560557838,0.9677419341039015,0.9677419359025302,0.9677419371077605
200,3.3333333333333335,True,valid,0.005690592978146013,0.006535413888457113,0.016303285912957783,3.9520511025996936,3.9521130039025967,0.0001071742835731867,3.9619201480767106,0.09800292618084515,0.12761530920115416,0.0003262212779367114,1585.0,17.611586705206136,6.140482398694873e-06,0,16088,0.07608067244291306,209,2.7939677238464355e-09,3240,1.0,30.0,30.0,30.0,0.967741935483871,0.967741935483871,0.967741935483871,3240,1.0,30.0,30.0,30.0,0.967741935483871,0.967741935483871,0.967741935483871,4824,1.0,29.999998673849394,30.000000402331512,30.000001560557838,0.9677419341039015,0.9677419359025302,0.9677419371077605
201,3.35,True,valid,0.005705574910133917,0.006719739692322179,0.01630456446638793,3.9857945796630303,3.9858571615931893,0.00010577842698635589,3.9959841435199626,0.0989220689195325,0.1313318736340879,0.0003291537270465886,1585.0,17.723110073197386,6.1936427423019974e-06,0,16088,0.06981905549764633,208,2.3283064365386963e-10,3240,1.0,30.0,30.0,30.0,0.967741935483871,0.967741935483871,0.967741935483871,3240,1.0,30.0,30.0,30.0,0.967741935483871,0.967741935483871,0.967741935483871,4824,1.0,29.999998673849394,30.000000402331512,30.000001560557838,0.9677419341039015,0.9677419359025302,0.9677419371077605
202,3.3666666666666667,True,valid,0.005703610144659514,0.006959959145930575,0.016210872283681132,3.988140597468253,3.9882034159772637,0.00010499011737361005,3.9976118657728574,0.09900351357422055,0.10810880866852185,0.000329571082641233,1585.0,17.672881730217284,6.198942008533023e-06,0,16083,0.06329008936882019,207,3.725290298461914e-09,3240,1.0,30.0,30.0,30.0,0.967741935483871,0.967741935483871,0.967741935483871,3240,1.0,30.0,30.0,30.0,0.967741935483871,0.967741935483871,0.967741935483871,4824,1.0,29.999998673849394,30.000000402331512,30.000001560557838,0.9677419341039015,0.9677419359025302,0.9677419371077605
203,3.3833333333333333,True,valid,0.005731347152879382,0.007272799739000997,0.016086033969411266,3.9634211581125296,3.9634831531499577,0.00010659331034518096,3.9729652869653034,0.09837525632095817,0.11629458118182273,0.00032818989475679047,1585.0,17.55882009359876,6.1735696982982035e-06,0,16073,0.05664293095469475,209,2.7939677238464355e-09,3240,1.0,30.0,30.0,30.0,0.967741935483871,0.967741935483871,0.967741935483871,3240,1.0,30.0,30.0,30.0,0.967741935483871,0.967741935483871,0.967741935483871,4824,1.0,29.999998673849394,30.000000402331512,30.000001560557838,0.9677419341039015,0.9677419359025302,0.9677419371077605
204,3.4,True,valid,0.005818236017655421,0.007648333793251345,0.01597371382797521,3.9144589312047957,3.914520078203904,0.00010277164451442482,3.9242246052545218,0.09691782559139447,0.11345472205976669,0.0003249641681093412,1585.0,17.34049751819534,6.113393125017499e-06,0,16120,0.061258524656295776,209,3.725290298461914e-09,3240,1.0,30.0,30.0,30.0,0.967741935483871,0.967741935483871,0.967741935483871,3240,1.0,30.0,30.0,30.0,0.967741935483871,0.967741935483871,0.967741935483871,4824,1.0,29.999998673849394,30.000000402331512,30.000001560557838,0.9677419341039015,0.9677419359025302,0.9677419371077605
205,3.4166666666666665,True,valid,0.005959732821889178,0.008046965558416575,0.01593393143179761,3.8370240324015517,3.837083455798457,0.00011018465898134997,3.8473132092620927,0.09464030865196621,0.12821381098816861,0.0003194487926931849,1585.0,16.982805667024902,6.016279831553611e-06,0,16182,0.06821299344301224,209,3.725290298461914e-09,3240,1.0,30.0,30.0,30.0,0.967741935483871,0.967741935483871,0.967741935483871,3240,1.0,30.0,30.0,30.0,0.967741935483871,0.967741935483871,0.967741935483871,4824,1.0,29.999998673849394,30.000000402331512,30.000001560557838,0.9677419341039015,0.9677419359025302,0.9677419371077605
206,3.433333333333333,True,valid,0.0061498568225567575,0.008420877975705805,0.01591884077631062,3.7376102315341857,3.737666351770579,0.00013945893596735068,3.7482450386616155,0.09168313484262727,0.14568066702338367,0.00031243221138032705,1585.0,16.503199463405604,5.8879676662259905e-06,0,16219,0.07490546256303787,209,5.587935447692871e-09,3240,1.0,30.0,30.0,30.0,0.967741935483871,0.967741935483871,0.967741935483871,3240,1.0,30.0,30.0,30.0,0.967741935483871,0.967741935483871,0.967741935483871,4824,1.0,29.999998673849394,30.000000402331512,30.000001560557838,0.9677419341039015,0.9677419359025302,0.9677419371077605
207,3.45,True,valid,0.006329795806473398,0.008691453100855244,0.015888554195303686,3.6106182969956504,3.6106731105421264,9.378859932043438e-05,3.6211903947125808,0.08790673750863977,0.1452849573777572,0.00030299027633503114,1585.0,15.869325077872116,5.716470850762374e-06,0,16257,0.08122264593839645,208,3.725290298461914e-09,3240,1.0,30.0,30.0,30.0,0.967741935483871,0.967741935483871,0.967741935483871,3240,1.0,30.0,30.0,30.0,0.967741935483871,0.967741935483871,0.967741935483871,4824,1.0,29.999998673849394,30.000000402331512,30.000001560557838,0.9677419341039015,0.9677419359025302,0.9677419371077605
208,3.466666666666667,True,valid,0.00644625219334741,0.00881258446447811,0.015805267589765283,3.4566537481215214,3.4567052660354305,9.228527404557558e-05,3.4678020557263376,0.08353966585623923,0.14426070204208555,0.0002913656125258389,1585.0,15.10090993366426,5.5071114797496834e-06,0,16288,0.08703882992267609,209,3.725290298461914e-09,3240,1.0,30.0,30.0,30.0,0.967741935483871,0.967741935483871,0.967741935483871,3240,1.0,30.0,30.0,30.0,0.967741935483871,0.967741935483871,0.967741935483871,4824,1.0,29.999998673849394,30.000000402331512,30.000001560557838,0.9677419341039015,0.9677419359025302,0.9677419371077605
209,3.4833333333333334,True,valid,0.006474957221679093,0.008760123041099717,0.015647254819196033,3.2790163460018777,3.2790646096004186,8.688456923845206e-05,3.2919666393481446,0.07846050663871723,0.188241393154997,0.0002780208656561197,1585.0,14.149740414720037,5.258783402491367e-06,0,16305,0.09224046021699905,207,7.450580596923828e-09,3240,1.0,30.0,30.0,30.0,0.967741935483871,0.967741935483871,0.967741935483871,3240,1.0,30.0,30.0,30.0,0.967741935483871,0.967741935483871,0.967741935483871,4824,1.0,29.999998673849394,30.000000402331512,30.000001560557838,0.9677419341039015,0.9677419359025302,0.9677419371077605
210,3.5,True,valid,0.006416650670468314,0.008507049707063414,0.015411192466776346,3.0791530152172784,3.079197408028475,8.059328234990243e-05,3.090498137221474,0.07273041023588955,0.16185120436282835,0.0002630406689099857,1585.0,13.100769418822784,4.986474728778725e-06,0,16289,0.0967845544219017,207,3.725290298461914e-09,3240,1.0,30.0,30.0,30.0,0.967741935483871,0.967741935483871,0.967741935483871,3240,1.0,30.0,30.0,30.0,0.967741935483871,0.967741935483871,0.967741935483871,4824,1.0,29.999998673849394,30.000000402331512,30.000001560557838,0.9677419341039015,0.9677419359025302,0.9677419371077605
211,3.5166666666666666,True,valid,0.0062766005884831895,0.008060526092546903,0.015129522046205754,2.8606568095694205,2.8606939789158607,0.00013239782515437538,2.8708946705138163,0.06648421329822844,0.14119406192737713,0.0002463177586341757,1585.0,11.916835857501075,4.684869231469772e-06,0,16212,0.10067812353372574,207,3.725290298461914e-09,3240,1.0,30.0,30.0,30.0,0.967741935483871,0.967741935483871,0.967741935483871,3240,1.0,30.0,30.0,30.0,0.967741935483871,0.967741935483871,0.967741935483871,4824,1.0,29.999998673849394,30.000000402331512,30.000001560557838,0.9677419341039015,0.9677419359025302,0.9677419371077605
212,3.533333333333333,True,valid,0.006071390556560049,0.007482915857875592,0.014821962412377057,2.6242220200109867,2.6242572633504233,6.558416818977397e-05,2.6341358503965187,0.05971475365687559,0.1208109826959972,0.00022853591540648041,1585.0,10.733179560351886,4.358767053936841e-06,0,16151,0.10393204540014267,207,3.725290298461914e-09,3240,1.0,30.0,30.0,30.0,0.967741935483871,0.967741935483871,0.967741935483871,3240,1.0,30.0,30.0,30.0,0.967741935483871,0.967741935483871,0.967741935483871,4824,1.0,29.999998673849394,30.000000402331512,30.000001560557838,0.9677419341039015,0.9677419359025302,0.9677419371077605
213,3.55,True,valid,0.005842901044636636,0.006834173118075378,0.014541169490936074,2.3811155229207106,2.3811457499895354,5.999183728061406e-05,2.3904764913216865,0.052493457193130554,0.10957181591151047,0.00021054256252701608,1585.0,9.418884676389041,4.0301646730948804e-06,0,16006,0.10658559948205948,207,3.725290298461914e-09,3240,1.0,30.0,30.0,30.0,0.967741935483871,0.967741935483871,0.967741935483871,3240,1.0,30.0,30.0,30.0,0.967741935483871,0.967741935483871,0.967741935483871,4824,1.0,29.999998673849394,30.000000402331512,30.000001560557838,0.9677419341039015,0.9677419359025302,0.9677419371077605
214,3.566666666666667,True,valid,0.005636812781210987,0.006154227188928269,0.014316508031043873,2.132962938779537,2.1329861211943237,9.608270141921743e-05,2.1435406502953223,0.04476168569743381,0.12136184471009973,0.00019230693252589526,1585.0,8.037539333962442,3.701654030621903e-06,0,15874,0.10871085524559021,206,7.450580596923828e-09,3240,1.0,30.0,30.0,30.0,0.967741935483871,0.967741935483871,0.967741935483871,3240,1.0,30.0,30.0,30.0,0.967741935483871,0.967741935483871,0.967741935483871,4824,1.0,29.999998673849394,30.000000402331512,30.000001560557838,0.9677419341039015,0.9677419359025302,0.9677419371077605
215,3.5833333333333335,True,valid,0.005474563039387664,0.0055094806531754015,0.014136086187091487,1.8877250525824405,1.8877454393333832,9.415910763051795e-05,1.9043205509893055,0.03680519679932388,0.20225371680555404,0.00017485689501295392,1585.0,6.636183704721451,3.3898910041908614e-06,0,15830,0.11038617044687271,206,7.450580596923828e-09,3240,1.0,30.0,30.0,30.0,0.967741935483871,0.967741935483871,0.967741935483871,3240,1.0,30.0,30.0,30.0,0.967741935483871,0.967741935483871,0.967741935483871,4824,1.0,29.999998673849394,30.000000402331512,30.000001560557838,0.9677419341039015,0.9677419359025302,0.9677419371077605
216,3.6,True,valid,0.005352579296091384,0.004970933508410082,0.013990408400740178,1.6669256096879002,1.666939534578931,3.8741900327938735e-05,1.6783402372788105,0.028589836745963108,0.11417451176243741,0.00015916497379664298,1585.0,5.222951315093572,3.1127376263433035e-06,0,15783,0.11167862266302109,207,7.450580596923828e-09,3240,1.0,30.0,30.0,30.0,0.967741935483871,0.967741935483871,0.967741935483871,3240,1.0,30.0,30.0,30.0,0.967741935483871,0.967741935483871,0.967741935483871,4824,1.0,29.999998673849394,30.000000402331512,30.000001560557838,0.9677419341039015,0.9677419359025302,0.9677419371077605
217,3.6166666666666667,True,valid,0.005272445056101395,0.0045663428336424,0.013855110429542215,1.4730329957949395,1.4730426560314884,9.85637127486289e-05,1.49374530952629,0.020147150189683567,0.21810612607619048,0.00014623803657915646,1585.0,4.044958529612332,2.887269167535307e-06,0,15730,0.1126256138086319,207,7.450580596923828e-09,3240,1.0,30.0,30.0,30.0,0.967741935483871,0.967741935483871,0.967741935483871,3240,1.0,30.0,30.0,30.0,0.967741935483871,0.967741935483871,0.967741935483871,4824,1.0,29.999998673849394,30.000000402331512,30.000001560557838,0.9677419341039015,0.9677419359025302,0.9677419371077605
218,3.6333333333333333,True,valid,0.0052325224086511935,0.004290967582347272,0.013722084432581425,1.3382159515252448,1.3382196501802168,4.958012949217566e-05,1.3513095521843976,0.01149720628451634,0.11426016583623577,0.00013703092926925669,1585.0,2.9410204846222965,2.7254844269644737e-06,0,15626,0.11323659867048264,208,7.450580596923828e-09,3240,1.0,30.0,30.0,30.0,0.967741935483871,0.967741935483871,0.967741935483871,3240,1.0,30.0,30.0,30.0,0.967741935483871,0.967741935483871,0.967741935483871,4824,1.0,29.999998673849394,30.000000402331512,30.000001560557838,0.9677419341039015,0.9677419359025302,0.9677419371077605
219,3.65,True,valid,0.005227747839513236,0.004138210293736099,0.013637513214150295,1.272079902697147,1.272082736845238,2.4635737014998534e-05,1.2898670259615788,0.0038767585054580492,0.1442451386418132,0.00013258837881339848,1585.0,2.8567364111894085,2.6468393074500538e-06,0,15504,0.11349033564329147,207,7.450580596923828e-09,3240,1.0,30.0,30.0,30.0,0.967741935483871,0.967741935483871,0.967741935483871,3240,1.0,30.0,30.0,30.0,0.967741935483871,0.967741935483871,0.967741935483871,4824,1.0,29.999998673849394,30.000000402331512,30.000001560557838,0.9677419341039015,0.9677419359025302,0.9677419371077605
220,3.6666666666666665,True,valid,0.005263778424973731,0.004089567644904194,0.013639615433650349,1.2980133061680914,1.2980172103137424,2.4921769468060514e-05,1.3146327244524205,0.007075880525617308,0.13681736517335297,0.00013343790575967798,1585.0,2.912968378978453,2.6610316801575568e-06,0,15620,0.11332070827484131,207,7.450580596923828e-09,3240,1.0,30.0,30.0,30.0,0.967741935483871,0.967741935483871,0.967741935483871,3240,1.0,30.0,30.0,30.0,0.967741935483871,0.967741935483871,0.967741935483871,4824,1.0,29.999998673849394,30.000000402331512,30.000001560557838,0.9677419341039015,0.9677419359025302,0.9677419371077605
221,3.683333333333333,True,valid,0.005342453041896565,0.004116180969277913,0.013743304165477125,1.4095266247753517,1.4095334041259266,2.620419963036809e-05,1.4218646239672321,0.015497946759821234,0.10749105067280061,0.00013961840291912045,1585.0,4.289038859553166,2.771818367927349e-06,0,15699,0.1126648560166359,206,7.450580596923828e-09,3240,1.0,30.0,30.0,30.0,0.967741935483871,0.967741935483871,0.967741935483871,3240,1.0,30.0,30.0,30.0,0.967741935483871,0.967741935483871,0.967741935483871,4824,1.0,29.999998673849394,30.000000402331512,30.000001560557838,0.9677419341039015,0.9677419359025302,0.9677419371077605
222,3.7,True,valid,0.005444825911687782,0.004186028028672468,0.013961002129365562,1.579573952026754,1.5795853289992416,3.195074555990719e-05,1.5949709343458751,0.024041173697774528,0.1449712843282141,0.00015004427356759517,1585.0,5.829604975161751,2.9550816830539094e-06,0,15797,0.11145532876253128,206,7.450580596923828e-09,3240,1.0,30.0,30.0,30.0,0.967741935483871,0.967741935483871,0.967741935483871,3240,1.0,30.0,30.0,30.0,0.967741935483871,0.967741935483871,0.967741935483871,4824,1.0,29.999998673849394,30.000000402331512,30.000001560557838,0.9677419341039015,0.9677419359025302,0.9677419371077605
223,3.716666666666667,True,valid,0.005547608896186449,0.004265154423483079,0.014273910746951711,1.792042802217075,1.7920594963415462,4.0105469071928736e-05,1.8064609786088164,0.03243707060000062,0.152332524176317,0.0001635553591750772,1585.0,7.366773920562899,3.195840665689656e-06,0,15830,0.1096147671341896,205,7.450580596923828e-09,3240,1.0,30.0,30.0,30.0,0.967741935483871,0.967741935483871,0.967741935483871,3240,1.0,30.0,30.0,30.0,0.967741935483871,0.967741935483871,0.967741935483871,4824,1.0,29.999998673849394,30.000000402331512,30.000001560557838,0.9677419341039015,0.9677419359025302,0.9677419371077605
224,3.7333333333333334,True,valid,0.0056309355551440845,0.004325508944818438,0.014606000953699743,2.0248572819383703,2.024879432406279,4.6685517488123605e-05,2.0412030501479443,0.04064024485061617,0.1894426727269406,0.0001793245471089061,1585.0,8.874581639361763,3.4803550658262575e-06,0,15936,0.1070878878235817,205,7.450580596923828e-09,3240,1.0,30.0,30.0,30.0,0.967741935483871,0.967741935483871,0.967741935483871,3240,1.0,30.0,30.0,30.0,0.967741935483871,0.967741935483871,0.967741935483871,4824,1.0,29.999998673849394,30.000000402331512,30.000001560557838,0.9677419341039015,0.9677419359025302,0.9677419371077605
225,3.75,True,valid,0.005665506060361212,0.004367093936455547,0.01490360906276467,2.2673139067556773,2.267341575005743,5.363391428909099e-05,2.2845779255401832,0.04846173084536629,0.21545578213755454,0.00019650764193038378,1585.0,10.33361603179962,3.7881535496083496e-06,0,15976,0.10384824872016907,206,7.450580596923828e-09,3240,1.0,30.0,30.0,30.0,0.967741935483871,0.967741935483871,0.967741935483871,3240,1.0,30.0,30.0,30.0,0.967741935483871,0.967741935483871,0.967741935483871,4824,1.0,29.999998673849394,30.000000402331512,30.000001560557838,0.9677419341039015,0.9677419359025302,0.9677419371077605
226,3.7666666666666666,True,valid,0.0056381958651781725,0.004415381909301384,0.015121584354912355,2.505672269177678,2.505705334447667,6.093758776026498e-05,2.5244944963727414,0.05593407997270561,0.24334351799994994,0.00021394675746222748,1585.0,11.67565382909488,4.100346120098794e-06,0,15994,0.09989668428897858,206,3.725290298461914e-09,3240,1.0,30.0,30.0,30.0,0.967741935483871,0.967741935483871,0.967741935483871,3240,1.0,30.0,30.0,30.0,0.967741935483871,0.967741935483871,0.967741935483871,4824,1.0,29.999998673849394,30.000000402331512,30.000001560557838,0.9677419341039015,0.9677419359025302,0.9677419371077605
227,3.783333333333333,True,valid,0.005561603628934815,0.004526650420955464,0.015246219849664623,2.7377491109436933,2.73778703323337,6.943858471428656e-05,2.7540026865758085,0.06293114583832354,0.2209112256010621,0.00023139261649048501,1585.0,12.893822657572704,4.41075234455057e-06,0,15998,0.09527451545000076,206,3.725290298461914e-09,3240,1.0,30.0,30.0,30.0,0.967741935483871,0.967741935483871,0.967741935483871,3240,1.0,30.0,30.0,30.0,0.967741935483871,0.967741935483871,0.967741935483871,4824,1.0,29.999998673849394,30.000000402331512,30.000001560557838,0.9677419341039015,0.9677419359025302,0.9677419371077605
228,3.8,True,valid,0.005469302297335681,0.004759790152618621,0.015294527684305058,2.9578123293679455,2.9578545691765004,8.288097449790526e-05,2.9745203172419648,0.06950021926479873,0.238557099510823,0.0002482724722324583,1585.0,13.98414797821531,4.714386439202034e-06,0,16012,0.0900510847568512,206,7.450580596923828e-09,3240,1.0,30.0,30.0,30.0,0.967741935483871,0.967741935483871,0.967741935483871,3240,1.0,30.0,30.0,30.0,0.967741935483871,0.967741935483871,0.967741935483871,4824,1.0,29.999998673849394,30.000000402331512,30.000001560557838,0.9677419341039015,0.9677419359025302,0.9677419371077605
229,3.816666666666667,True,valid,0.005403069483048634,0.005139997655525163,0.015319386969578871,3.1641278957851235,3.164174393283539,9.398040740956335e-05,3.1815239910533903,0.07552162460948707,0.25259050752534257,0.00026433330190112184,1585.0,14.938680052912853,5.003467910196885e-06,0,16020,0.08432462811470032,206,3.725290298461914e-09,3240,1.0,30.0,30.0,30.0,0.967741935483871,0.967741935483871,0.967741935483871,3240,1.0,30.0,30.0,30.0,0.967741935483871,0.967741935483871,0.967741935483871,4824,1.0,29.999998673849394,30.000000402331512,30.000001560557838,0.9677419341039015,0.9677419359025302,0.9677419371077605
230,3.8333333333333335,True,valid,0.005392541316586054,0.005645671021621348,0.015369555039130872,3.3549387182780337,3.3549891043473643,8.615064687065424e-05,3.3689640048995027,0.08088631962162751,0.2137925764721424,0.0002792195945197478,1585.0,15.752171697956136,5.273647677718274e-06,0,16034,0.07822112739086151,206,7.450580596923828e-09,3240,1.0,30.0,30.0,30.0,0.967741935483871,0.967741935483871,0.967741935483871,3240,1.0,30.0,30.0,30.0,0.967741935483871,0.967741935483871,0.967741935483871,4824,1.0,29.999998673849394,30.000000402331512,30.000001560557838,0.9677419341039015,0.9677419359025302,0.9677419371077605
231,3.85,True,valid,0.005443823879404299,0.006208695378878472,0.01545833033209002,3.526272797803272,3.5263265610314374,9.106236162734411e-05,3.5363063380597226,0.08562635537838025,0.13944789907389318,0.00029269808368505876,1585.0,16.42786811656205,5.520191264700562e-06,0,16041,0.0718645453453064,206,3.725290298461914e-09,3240,1.0,30.0,30.0,30.0,0.967741935483871,0.967741935483871,0.967741935483871,3240,1.0,30.0,30.0,30.0,0.967741935483871,0.967741935483871,0.967741935483871,4824,1.0,29.999998673849394,30.000000402331512,30.000001560557838,0.9677419341039015,0.9677419359025302,0.9677419371077605
232,3.8666666666666667,True,valid,0.00553942383317632,0.006752262688607463,0.015587135579618867,3.6734766130187113,3.673533189022421,9.543699865028872e-05,3.6842460160655324,0.09001206388504726,0.14214422644618652,0.00030433278170067786,1585.0,16.983489276722516,5.732550555665408e-06,0,16044,0.06537036597728729,206,1.862645149230957e-09,3240,1.0,30.0,30.0,30.0,0.967741935483871,0.967741935483871,0.967741935483871,3240,1.0,30.0,30.0,30.0,0.967741935483871,0.967741935483871,0.967741935483871,4824,1.0,29.999998673849394,30.000000402331512,30.000001560557838,0.9677419341039015,0.9677419359025302,0.9677419371077605
233,3.8833333333333333,True,valid,0.005654402314778493,0.007218427560093478,0.015737883351453836,3.798935242842257,3.7989940004563914,9.872279709847927e-05,3.8096033141889434,0.09307011531029345,0.1475867909714913,0.00031437284677492545,1585.0,17.427164046558524,5.916809494331691e-06,0,16044,0.05884583666920662,206,1.862645149230957e-09,3240,1.0,30.0,30.0,30.0,0.967741935483871,0.967741935483871,0.967741935483871,3240,1.0,30.0,30.0,30.0,0.967741935483871,0.967741935483871,0.967741935483871,4824,1.0,29.999998673849394,30.000000402331512,30.000001560557838,0.9677419341039015,0.9677419359025302,0.9677419371077605
234,3.9,True,valid,0.0057589666244360115,0.007563954033946444,0.015873365871621407,3.8953044052462724,3.89536497250999,0.00010169006832008205,3.9078423046424993,0.09578140643746415,0.20854216607624773,0.00032210215397001724,1585.0,17.751259387284062,6.058649020417933e-06,0,16133,0.0556253045797348,206,2.7939677238464355e-09,3240,1.0,30.0,30.0,30.0,0.967741935483871,0.967741935483871,0.967741935483871,3240,1.0,30.0,30.0,30.0,0.967741935483871,0.967741935483871,0.967741935483871,4824,1.0,29.999998673849394,30.000000402331512,30.000001560557838,0.9677419341039015,0.9677419359025302,0.9677419371077605
235,3.9166666666666665,True,valid,0.005829139098256959,0.007771073358286094,0.015978247003710692,3.9644073864328475,3.9644692143198146,0.00010343768559733065,3.974518721474971,0.09756405084509638,0.1362875374296479,0.00032733738721028546,1585.0,17.98053834167885,6.156165059745697e-06,0,16179,0.06211117282509804,206,3.725290298461914e-09,3240,1.0,30.0,30.0,30.0,0.967741935483871,0.967741935483871,0.967741935483871,3240,1.0,30.0,30.0,30.0,0.967741935483871,0.967741935483871,0.967741935483871,4824,1.0,29.999998673849394,30.000000402331512,30.000001560557838,0.9677419341039015,0.9677419359025302,0.9677419371077605
236,3.933333333333333,True,valid,0.005860965970185408,0.007844861787943884,0.016028334161593473,4.002490215446418,4.002552597735191,0.00010434601934481073,4.01317198591015,0.09880311673095571,0.14176214102511134,0.0003306120391337782,1585.0,18.114899864810134,6.214438030060136e-06,0,16207,0.06832773983478546,205,2.561137080192566e-09,3240,1.0,30.0,30.0,30.0,0.967741935483871,0.967741935483871,0.967741935483871,3240,1.0,30.0,30.0,30.0,0.967741935483871,0.967741935483871,0.967741935483871,4824,1.0,29.999998673849394,30.000000402331512,30.000001560557838,0.9677419341039015,0.9677419359025302,0.9677419371077605
237,3.95,True,valid,0.005857323588813752,0.007809056715018356,0.016061146131724092,4.013097841979204,4.0131607931822275,0.0001048915611437907,4.023368222872082,0.09900163990874418,0.13903650122668906,0.00033128488126710676,1585.0,18.114919233849236,6.227313808730922e-06,0,16207,0.0744866132736206,206,3.4924596548080444e-09,3240,1.0,30.0,30.0,30.0,0.967741935483871,0.967741935483871,0.967741935483871,3240,1.0,30.0,30.0,30.0,0.967741935483871,0.967741935483871,0.967741935483871,4824,1.0,29.999998673849394,30.000000402331512,30.000001560557838,0.9677419341039015,0.9677419359025302,0.9677419371077605
238,3.966666666666667,True,valid,0.005839558861632944,0.00770831363050652,0.016039936439881757,3.9923599617536016,3.9924227792266387,0.0001224395094904636,4.004922202152489,0.0985702385885651,0.2182353335195865,0.00032982356243391593,1585.0,17.980551090722862,6.200528652007508e-06,0,16207,0.08034109324216843,207,3.725290298461914e-09,3240,1.0,30.0,30.0,30.0,0.967741935483871,0.967741935483871,0.967741935483871,3240,1.0,30.0,30.0,30.0,0.967741935483871,0.967741935483871,0.967741935483871,4824,1.0,29.999998673849394,30.000000402331512,30.000001560557838,0.9677419341039015,0.9677419359025302,0.9677419371077605
239,3.9833333333333334,True,valid,0.005814419394671048,0.007579102937843959,0.016003399620005885,3.94501933796502,3.9450811257924214,0.00010377628391063466,3.9597733491853058,0.09746536271990926,0.22015588910915504,0.00032620139466071045,1585.0,17.727793533701846,6.129702400767269e-06,0,16190,0.08618457615375519,206,5.587935447692871e-09,3240,1.0,30.0,30.0,30.0,0.967741935483871,0.967741935483871,0.967741935483871,3240,1.0,30.0,30.0,30.0,0.967741935483871,0.967741935483871,0.967741935483871,4824,1.0,29.999998673849394,30.000000402331512,30.000001560557838,0.9677419341039015,0.9677419359025302,0.9677419371077605
240,4.0,True,valid,0.005789852812724721,0.007448108179065219,0.015953157375536764,3.8716264526255584,3.871686933242062,0.00010129888058007329,3.8852849099089566,0.09541910496616968,0.23044026522964478,0.0003205164894120859,1585.0,17.297270735171402,6.027718774990292e-06,0,16173,0.09217394888401031,206,7.450580596923828e-09,3240,1.0,30.0,30.0,30.0,0.967741935483871,0.967741935483871,0.967741935483871,3240,1.0,30.0,30.0,30.0,0.967741935483871,0.967741935483871,0.967741935483871,4824,1.0,29.999998673849394,30.000000402331512,30.000001560557838,0.9677419341039015,0.9677419359025302,0.9677419371077605
241,4.016666666666667,True,valid,0.005769793234956489,0.0073449322122974055,0.01585495954039042,3.771606800438665,3.771665479105428,9.887061208706703e-05,3.781841316908359,0.09254267960576584,0.13587576235559312,0.0003127460598786523,1585.0,16.724597749234682,5.888026893749095e-06,0,16147,0.09817024320363998,207,5.587935447692871e-09,3240,1.0,30.0,30.0,30.0,0.967741935483871,0.967741935483871,0.967741935483871,3240,1.0,30.0,30.0,30.0,0.967741935483871,0.967741935483871,0.967741935483871,4824,1.0,29.999998673849394,30.000000402331512,30.000001560557838,0.9677419341039015,0.9677419359025302,0.9677419371077605
242,4.033333333333333,True,valid,0.005754163006177478,0.0072796075016385315,0.015699599368783557,3.6458273926233193,3.6458827865884627,0.00012797628960646413,3.6580905673078243,0.08907720426352464,0.17140821342168777,0.00030351647543414543,1585.0,15.98584215302582,5.7170727333892565e-06,0,16112,0.10387436300516129,206,3.725290298461914e-09,3240,1.0,30.0,30.0,30.0,0.967741935483871,0.967741935483871,0.967741935483871,3240,1.0,30.0,30.0,30.0,0.967741935483871,0.967741935483871,0.967741935483871,4824,1.0,29.999998673849394,30.000000402331512,30.000001560557838,0.9677419341039015,0.9677419359025302,0.9677419371077605
243,4.05,True,valid,0.0057515635112033075,0.007249854692879208,0.01552494143131344,3.4953691971592824,3.4954224449917857,9.071046409873647e-05,3.5056635508396017,0.08488119118749662,0.13339498287584958,0.0002920013812530557,1585.0,15.070964854869608,5.506437612705481e-06,0,16096,0.10951799154281616,205,3.725290298461914e-09,3240,1.0,30.0,30.0,30.0,0.967741935483871,0.967741935483871,0.967741935483871,3240,1.0,30.0,30.0,30.0,0.967741935483871,0.967741935483871,0.967741935483871,4824,1.0,29.999998673849394,30.000000402331512,30.000001560557838,0.9677419341039015,0.9677419359025302,0.9677419371077605
244,4.066666666666666,True,valid,0.005781284458746932,0.007276447830479101,0.015321281729100978,3.323893595527489,3.3239433003475276,8.580094335693165e-05,3.33732172486484,0.07996182826361725,0.1915205017571257,0.0002793569917700953,1585.0,14.033270652159576,5.276128023112036e-06,0,16082,0.11504549533128738,206,7.450580596923828e-09,3240,1.0,30.0,30.0,30.0,0.967741935483871,0.967741935483871,0.967741935483871,3240,1.0,30.0,30.0,30.0,0.967741935483871,0.967741935483871,0.967741935483871,4824,1.0,29.999998673849394,30.000000402331512,30.000001560557838,0.9677419341039015,0.9677419359025302,0.9677419371077605
245,4.083333333333333,True,valid,0.005841742923600069,0.00734561076347658,0.015110724995723381,3.135205789597326,3.135251589437545,8.349216948744111e-05,3.1464168998562716,0.07450523998651065,0.14250910402474296,0.0002653990129079979,1585.0,12.875162499646358,5.022887819591569e-06,0,16070,0.12025801092386246,205,7.450580596923828e-09,3240,1.0,30.0,30.0,30.0,0.967741935483871,0.967741935483871,0.967741935483871,3240,1.0,30.0,30.0,30.0,0.967741935483871,0.967741935483871,0.967741935483871,4824,1.0,29.999998673849394,30.000000402331512,30.000001560557838,0.9677419341039015,0.9677419359025302,0.9677419371077605
246,4.1,True,valid,0.005923523019542155,0.007410792121652441,0.01496001353725433,2.9261424208904887,2.926180059052335,0.0002044741917879739,2.941387504313913,0.06844076378795215,0.17453998128104053,0.0002496914549041199,1585.0,11.887620000150646,4.741882146409245e-06,0,16062,0.1250659078359604,205,7.450580596923828e-09,3240,1.0,30.0,30.0,30.0,0.967741935483871,0.967741935483871,0.967741935483871,3240,1.0,30.0,30.0,30.0,0.967741935483871,0.967741935483871,0.967741935483871,4824,1.0,29.999998673849394,30.000000402331512,30.000001560557838,0.9677419341039015,0.9677419359025302,0.9677419371077605
247,4.116666666666666,True,valid,0.006023120892658493,0.007447740137867629,0.014909511549867097,2.7062471897322915,2.7062762629109094,0.00026703284684337575,2.72458425368985,0.06178694384011953,0.19176662720312776,0.0002330188487259006,1585.0,10.800401700246962,4.447141757637836e-06,0,16056,0.1294354945421219,205,3.725290298461914e-09,3240,1.0,30.0,30.0,30.0,0.967741935483871,0.967741935483871,0.967741935483871,3240,1.0,30.0,30.0,30.0,0.967741935483871,0.967741935483871,0.967741935483871,4824,1.0,29.999998673849394,30.000000402331512,30.000001560557838,0.9677419341039015,0.9677419359025302,0.9677419371077605
248,4.133333333333334,True,valid,0.00612371106887508,0.007427751158577105,0.014919336864204507,2.4789648927182184,2.4789849130019204,0.0003102135408753578,2.5035083633744803,0.054773367093014995,0.2213111895759641,0.00021638917343427152,1585.0,9.602949205262744,4.155197593163514e-06,0,16034,0.13332626223564148,205,3.725290298461914e-09,3240,1.0,30.0,30.0,30.0,0.967741935483871,0.967741935483871,0.967741935483871,3240,1.0,30.0,30.0,30.0,0.967741935483871,0.967741935483871,0.967741935483871,4824,1.0,29.999998673849394,30.000000402331512,30.000001560557838,0.9677419341039015,0.9677419359025302,0.9677419371077605
249,4.15,True,valid,0.006184953163557475,0.007287531308970881,0.014969028276557007,2.2488320183728234,2.2488447875944084,0.0003181924656704737,2.2751511990510376,0.04718180541459675,0.22094705285590968,0.0001993991915347714,1585.0,8.350433569785565,3.857746217813897e-06,0,15981,0.13671962916851044,208,7.450580596923828e-09,3240,1.0,30.0,30.0,30.0,0.967741935483871,0.967741935483871,0.967741935483871,3240,1.0,30.0,30.0,30.0,0.967741935483871,0.967741935483871,0.967741935483871,4824,1.0,29.999998673849394,30.000000402331512,30.000001560557838,0.9677419341039015,0.9677419359025302,0.9677419371077605
250,4.166666666666667,True,valid,0.0061788870637469245,0.006995330001033172,0.014983595884479341,2.0117254662323356,2.0117460577712816,5.581020668798161e-05,2.0284183815305723,0.03965622611605016,0.15174334283699192,0.00018228519549961072,1585.0,7.0726991272588915,3.54008830010843e-06,0,15869,0.13973155617713928,209,7.450580596923828e-09,3240,1.0,30.0,30.0,30.0,0.967741935483871,0.967741935483871,0.967741935483871,3240,1.0,30.0,30.0,30.0,0.967741935483871,0.967741935483871,0.967741935483871,4824,1.0,29.999998673849394,30.000000402331512,30.000001560557838,0.9677419341039015,0.9677419359025302,0.9677419371077605
251,4.183333333333334,True,valid,0.00609171663900097,0.006559571848315393,0.0148019218959383,1.7868314143053585,1.7868465699702667,3.8266353398313674e-05,1.7994679510126843,0.03091040644910069,0.12465918198293764,0.00016663034182590498,1585.0,5.901465005537045,3.264426142878648e-06,0,15787,0.1426917016506195,207,7.450580596923828e-09,3240,1.0,30.0,30.0,30.0,0.967741935483871,0.967741935483871,0.967741935483871,3240,1.0,30.0,30.0,30.0,0.967741935483871,0.967741935483871,0.967741935483871,4824,1.0,29.999998673849394,30.000000402331512,30.000001560557838,0.9677419341039015,0.9677419359025302,0.9677419371077605
252,4.2,True,valid,0.005912817901410019,0.006006614501513568,0.014454833868021374,1.5723783428387506,1.5723885251231238,3.134244064843056e-05,1.5882974511818841,0.022576310572385287,0.1291486176491752,0.00015204415995234577,1585.0,4.688780753172059,2.9993102708552195e-06,0,15741,0.1452408879995346,206,7.450580596923828e-09,3240,1.0,30.0,30.0,30.0,0.967741935483871,0.967741935483871,0.967741935483871,3240,1.0,30.0,30.0,30.0,0.967741935483871,0.967741935483871,0.967741935483871,4824,1.0,29.999998673849394,30.000000402331512,30.000001560557838,0.9677419341039015,0.9677419359025302,0.9677419371077605
253,4.216666666666667,True,valid,0.0056927253157308035,0.0053890025202077635,0.014033677935725184,1.3973425823530892,1.3973485777076087,3.13554365850024e-05,1.4237112722766438,0.014153517252336873,0.22487028624141134,0.00014046701218411455,1585.0,3.4600919248449844,2.7869747917801193e-06,0,15626,0.14602001011371613,206,7.450580596923828e-09,3240,1.0,30.0,30.0,30.0,0.967741935483871,0.967741935483871,0.967741935483871,3240,1.0,30.0,30.0,30.0,0.967741935483871,0.967741935483871,0.967741935483871,4824,1.0,29.999998673849394,30.000000402331512,30.000001560557838,0.9677419341039015,0.9677419359025302,0.9677419371077605
254,4.233333333333333,True,valid,0.005478106332267379,0.004790594029479527,0.013701458896294373,1.290323057933045,1.2903262755811316,2.3770685723435958e-05,1.312704308873542,0.005849995620576559,0.18344292052959751,0.00013340084373298912,1585.0,2.9122316134156754,2.6599977252201155e-06,0,15504,0.14565910398960114,206,7.450580596923828e-09,3240,1.0,30.0,30.0,30.0,0.967741935483871,0.967741935483871,0.967741935483871,3240,1.0,30.0,30.0,30.0,0.967741935483871,0.967741935483871,0.967741935483871,4824,1.0,29.999998673849394,30.000000402331512,30.000001560557838,0.9677419341039015,0.9677419359025302,0.9677419371077605
255,4.25,True,valid,0.005313879875095295,0.004282570410886412,0.01352832776135788,1.275633622415196,1.275636800821531,2.1829775834600398e-05,1.2984881693095165,0.004977524481199999,0.17268074402429065,0.0001325265348063695,1585.0,2.7792383010865174,2.6420467093002823e-06,0,15520,0.14464537799358368,206,7.450580596923828e-09,3240,1.0,30.0,30.0,30.0,0.967741935483871,0.967741935483871,0.967741935483871,3240,1.0,30.0,30.0,30.0,0.967741935483871,0.967741935483871,0.967741935483871,4824,1.0,29.999998673849394,30.000000402331512,30.000001560557838,0.9677419341039015,0.9677419359025302,0.9677419371077605
256,4.266666666666667,True,valid,0.005214867753489117,0.003917639654745886,0.013564310330371997,1.3539376778223478,1.3539429062653654,2.9782719098684594e-05,1.3757681896804645,0.013014337329313307,0.1813299630442524,0.00013685202935503449,1585.0,3.6048464735686423,2.719983260551383e-06,0,15675,0.14313654601573944,206,7.450580596923828e-09,3240,1.0,30.0,30.0,30.0,0.967741935483871,0.967741935483871,0.967741935483871,3240,1.0,30.0,30.0,30.0,0.967741935483871,0.967741935483871,0.967741935483871,4824,1.0,29.999998673849394,30.000000402331512,30.000001560557838,0.9677419341039015,0.9677419359025302,0.9677419371077605
257,4.283333333333333,True,valid,0.005171619884789878,0.0037419887658531065,0.013778748169385728,1.5097997897815887,1.50980932143169,3.4826033900527135e-05,1.5266381365317356,0.02164982375714726,0.15463530805910208,0.00014657188496772276,1585.0,4.890835636105151,2.8916753165292906e-06,0,15755,0.14114661514759064,206,7.450580596923828e-09,3240,1.0,30.0,30.0,30.0,0.967741935483871,0.967741935483871,0.967741935483871,3240,1.0,30.0,30.0,30.0,0.967741935483871,0.967741935483871,0.967741935483871,4824,1.0,29.999998673849394,30.000000402331512,30.000001560557838,0.9677419341039015,0.9677419359025302,0.9677419371077605
258,4.3,True,valid,0.005166495308106548,0.003755033288712198,0.01405682179897139,1.7120093429456535,1.7120244060483776,4.2370559780958446e-05,1.7268167049037881,0.030002160019130933,0.13775510768513802,0.00015960628257111496,1585.0,6.225282366524151,3.1235163056519926e-06,0,15825,0.13875128328800201,206,7.450580596923828e-09,3240,1.0,30.0,30.0,30.0,0.967741935483871,0.967741935483871,0.967741935483871,3240,1.0,30.0,30.0,30.0,0.967741935483871,0.967741935483871,0.967741935483871,4824,1.0,29.999998673849394,30.000000402331512,30.000001560557838,0.9677419341039015,0.9677419359025302,0.9677419371077605
259,4.316666666666666,True,valid,0.005183408689976107,0.003882868646043523,0.014312157643699714,1.9390702549754177,1.939090443081103,5.180270483610248e-05,1.9506638920238173,0.03822354235966179,0.1131430373580137,0.00017490076637534426,1585.0,7.625224149145656,3.3988099139431625e-06,0,15869,0.1360107660293579,206,7.450580596923828e-09,3240,1.0,30.0,30.0,30.0,0.967741935483871,0.967741935483871,0.967741935483871,3240,1.0,30.0,30.0,30.0,0.967741935483871,0.967741935483871,0.967741935483871,4824,1.0,29.999998673849394,30.000000402331512,30.000001560557838,0.9677419341039015,0.9677419359025302,0.9677419371077605
260,4.333333333333333,True,valid,0.0052113225767109845,0.004082478915152647,0.01449088014661794,2.179766176440299,2.1797906412757624,9.732453977919806e-05,2.191875091462213,0.04618477497176332,0.13892619844613682,0.00019193711172946977,1585.0,8.944128244762293,3.7033860369800634e-06,0,15929,0.1329263150691986,206,3.725290298461914e-09,3240,1.0,30.0,30.0,30.0,0.967741935483871,0.967741935483871,0.967741935483871,3240,1.0,30.0,30.0,30.0,0.967741935483871,0.967741935483871,0.967741935483871,4824,1.0,29.999998673849394,30.000000402331512,30.000001560557838,0.9677419341039015,0.9677419359025302,0.9677419371077605
261,4.35,True,valid,0.005239606825585778,0.004302268599355695,0.014591635795611015,2.420245989918229,2.4202773424079354,6.237478369077354e-05,2.4298400541990586,0.053752186070947464,0.10673328950608965,0.00020943165858180218,1585.0,10.157322350710384,4.014870268616813e-06,0,15946,0.12944842875003815,205,3.725290298461914e-09,3240,1.0,30.0,30.0,30.0,0.967741935483871,0.967741935483871,0.967741935483871,3240,1.0,30.0,30.0,30.0,0.967741935483871,0.967741935483871,0.967741935483871,4824,1.0,29.999998673849394,30.000000402331512,30.000001560557838,0.9677419341039015,0.9677419359025302,0.9677419371077605
262,4.366666666666666,True,valid,0.0052684409456021306,0.004511885385994525,0.014674914892587673,2.651453514240206,2.651489860573831,6.987609767435079e-05,2.6622026271047563,0.06090940436022223,0.14047551883778617,0.00022646034490971252,1585.0,11.34013536091937,4.319892138939734e-06,0,15969,0.12568186223506927,206,3.725290298461914e-09,3240,1.0,30.0,30.0,30.0,0.967741935483871,0.967741935483871,0.967741935483871,3240,1.0,30.0,30.0,30.0,0.967741935483871,0.967741935483871,0.967741935483871,4824,1.0,29.999998673849394,30.000000402331512,30.000001560557838,0.9677419341039015,0.9677419359025302,0.9677419371077605
263,4.383333333333334,True,valid,0.00531288249662567,0.004725773598889851,0.014819184675612135,2.8762134610228594,2.876254594282198,7.345982339845379e-05,2.8847360162484774,0.06759718323255974,0.09849706644607323,0.00024306784411581172,1585.0,12.46278719057009,4.618828039379162e-06,0,15986,0.12151358276605606,206,3.725290298461914e-09,3240,1.0,30.0,30.0,30.0,0.967741935483871,0.967741935483871,0.967741935483871,3240,1.0,30.0,30.0,30.0,0.967741935483871,0.967741935483871,0.967741935483871,4824,1.0,29.999998673849394,30.000000402331512,30.000001560557838,0.9677419341039015,0.9677419359025302,0.9677419371077605
264,4.4,True,valid,0.005380773797480537,0.0049629120219701435,0.015028862121894583,3.0904093541105717,3.0904547691014836,8.020738635139067e-05,3.098867668296584,0.07375160479868598,0.10327269877863773,0.00025940645887378446,1585.0,13.488797081877296,4.915454171926621e-06,0,16009,0.1168881431221962,206,7.450580596923828e-09,3240,1.0,30.0,30.0,30.0,0.967741935483871,0.967741935483871,0.967741935483871,3240,1.0,30.0,30.0,30.0,0.967741935483871,0.967741935483871,0.967741935483871,4824,1.0,29.999998673849394,30.000000402331512,30.000001560557838,0.9677419341039015,0.9677419359025302,0.9677419371077605
265,4.416666666666667,True,valid,0.00545081068356419,0.005213426831631338,0.015301702676662716,3.2857448703661514,3.2857940921555095,8.557717267361889e-05,3.294278124308363,0.07933118376664179,0.10465667685889714,0.00027432542737682497,1585.0,14.426478442806797,5.188417760657105e-06,0,16035,0.11165384948253632,206,7.450580596923828e-09,3240,1.0,30.0,30.0,30.0,0.967741935483871,0.967741935483871,0.967741935483871,3240,1.0,30.0,30.0,30.0,0.967741935483871,0.967741935483871,0.967741935483871,4824,1.0,29.999998673849394,30.000000402331512,30.000001560557838,0.9677419341039015,0.9677419359025302,0.9677419371077605
266,4.433333333333334,True,valid,0.0055064840806495876,0.005491716912699145,0.0156293264049787,3.4621791478664052,3.4622310112872454,0.00011460262822614386,3.4712052227999153,0.08426714980067376,0.10931157834335721,0.0002876927083161986,1585.0,15.266531763140787,5.434883770593967e-06,0,16051,0.10605689138174057,206,7.450580596923828e-09,3240,1.0,30.0,30.0,30.0,0.967741935483871,0.967741935483871,0.967741935483871,3240,1.0,30.0,30.0,30.0,0.967741935483871,0.967741935483871,0.967741935483871,4824,1.0,29.999998673849394,30.000000402331512,30.000001560557838,0.9677419341039015,0.9677419359025302,0.9677419371077605
267,4.45,True,valid,0.005555688911103498,0.0058188895602940835,0.015928533646881505,3.615500567087958,3.615556134799908,9.41475938465069e-05,3.62443006486157,0.0885808132777716,0.10505382137342069,0.0002995322127457731,1585.0,16.02554961545112,5.653234646879721e-06,0,16061,0.09997447580099106,205,3.725290298461914e-09,3240,1.0,30.0,30.0,30.0,0.967741935483871,0.967741935483871,0.967741935483871,3240,1.0,30.0,30.0,30.0,0.967741935483871,0.967741935483871,0.967741935483871,4824,1.0,29.999998673849394,30.000000402331512,30.000001560557838,0.9677419341039015,0.9677419359025302,0.9677419371077605
268,4.466666666666667,True,valid,0.005605380596586454,0.0062074152576965256,0.016139234787783247,3.748348810207943,3.748406843997237,9.783325969479924e-05,3.7572512067936596,0.09214550788421626,0.10934564729928924,0.00031017052528479165,1585.0,16.67393054849918,5.848297218072882e-06,0,16070,0.09345072507858276,205,3.725290298461914e-09,3240,1.0,30.0,30.0,30.0,0.967741935483871,0.967741935483871,0.967741935483871,3240,1.0,30.0,30.0,30.0,0.967741935483871,0.967741935483871,0.967741935483871,4824,1.0,29.999998673849394,30.000000402331512,30.000001560557838,0.9677419341039015,0.9677419359025302,0.9677419371077605
269,4.483333333333333,True,valid,0.00565276531420249,0.00662780665384668,0.016246280471842938,3.8510576182597243,3.8511178521067246,0.00010458616675728771,3.8618413103620273,0.09493804237526965,0.15582857922786375,0.00031848600680685357,1585.0,17.1920394723984,6.0011688202177216e-06,0,16065,0.08669125288724899,205,1.862645149230957e-09,3240,1.0,30.0,30.0,30.0,0.967741935483871,0.967741935483871,0.967741935483871,3240,1.0,30.0,30.0,30.0,0.967741935483871,0.967741935483871,0.967741935483871,4824,1.0,29.999998673849394,30.000000402331512,30.000001560557838,0.9677419341039015,0.9677419359025302,0.9677419371077605
270,4.5,True,valid,0.005710468310110411,0.007069191316770228,0.016235441833473745,3.9297576802900465,3.929818983814746,0.00010300468386011821,3.9383731549171044,0.09712290276844092,0.10263348727542994,0.00032505435198389724,1585.0,17.562623454448705,6.119492575799924e-06,0,16069,0.07954856753349304,205,3.725290298461914e-09,3240,1.0,30.0,30.0,30.0,0.967741935483871,0.967741935483871,0.967741935483871,3240,1.0,30.0,30.0,30.0,0.967741935483871,0.967741935483871,0.967741935483871,4824,1.0,29.999998673849394,30.000000402331512,30.000001560557838,0.9677419341039015,0.9677419359025302,0.9677419371077605
271,4.516666666666667,True,valid,0.005775032950428581,0.007495603168014014,0.016168538400786952,3.980728213430716,3.9807904719292297,0.00010441128439389106,3.9894457561038115,0.0985177997762395,0.10781494376382177,0.0003293696042020632,1585.0,17.786001357745995,6.198127615512444e-06,0,16097,0.07237506657838821,204,3.259629011154175e-09,3240,1.0,30.0,30.0,30.0,0.967741935483871,0.967741935483871,0.967741935483871,3240,1.0,30.0,30.0,30.0,0.967741935483871,0.967741935483871,0.967741935483871,4824,1.0,29.999998673849394,30.000000402331512,30.000001560557838,0.9677419341039015,0.9677419359025302,0.9677419371077605
272,4.533333333333333,True,valid,0.005854729945098894,0.00786296626958692,0.016079424279759343,3.9986200484189047,3.9986827489542227,0.00010506435700893306,4.007630393951776,0.09899796592936214,0.11070870213604239,0.00033125120387068007,1585.0,17.927567612796754,6.2305270903701506e-06,0,16168,0.06533271074295044,204,3.14321368932724e-09,3240,1.0,30.0,30.0,30.0,0.967741935483871,0.967741935483871,0.967741935483871,3240,1.0,30.0,30.0,30.0,0.967741935483871,0.967741935483871,0.967741935483871,4824,1.0,29.999998673849394,30.000000402331512,30.000001560557838,0.9677419341039015,0.9677419359025302,0.9677419371077605
273,4.55,True,valid,0.005953123781126195,0.008164470509684475,0.01600088796019339,3.9900385525684756,3.9901014572135667,0.00015242014281205554,4.004539844001034,0.09893649600379742,0.2600725435785713,0.00033123528832520977,1585.0,17.938268009069674,6.2290901341838995e-06,0,16206,0.058358993381261826,204,2.3283064365386963e-09,3240,1.0,30.0,30.0,30.0,0.967741935483871,0.967741935483871,0.967741935483871,3240,1.0,30.0,30.0,30.0,0.967741935483871,0.967741935483871,0.967741935483871,4824,1.0,29.999998673849394,30.000000402331512,30.000001560557838,0.9677419341039015,0.9677419359025302,0.9677419371077605
274,4.566666666666666,True,valid,0.006040580631516925,0.008367400253977243,0.01595487955003697,3.9561503415537493,3.956212452969865,0.0001694139313088021,3.9719720051638365,0.09806626177428762,0.2917292015813791,0.0003290200323810315,1585.0,17.776514630222504,6.1882526150915815e-06,0,16232,0.05886923521757126,206,2.7939677238464355e-09,3240,1.0,30.0,30.0,30.0,0.967741935483871,0.967741935483871,0.967741935483871,3240,1.0,30.0,30.0,30.0,0.967741935483871,0.967741935483871,0.967741935483871,4824,1.0,29.999998673849394,30.000000402331512,30.000001560557838,0.9677419341039015,0.9677419359025302,0.9677419371077605
275,4.583333333333333,True,valid,0.006098507475093651,0.00844551745947988,0.015930781935748893,3.8926489973935277,3.89270757369344,0.00014900083323346195,3.903342469320819,0.0960563166680561,0.16121538346225922,0.00032407861251900253,1585.0,17.45351978576146,6.099001215242732e-06,0,16262,0.06526581943035126,208,3.725290298461914e-09,3240,1.0,30.0,30.0,30.0,0.967741935483871,0.967741935483871,0.967741935483871,3240,1.0,30.0,30.0,30.0,0.967741935483871,0.967741935483871,0.967741935483871,4824,1.0,29.999998673849394,30.000000402331512,30.000001560557838,0.9677419341039015,0.9677419359025302,0.9677419371077605
276,4.6,True,valid,0.006118482780940464,0.00841794427840287,0.015895373580091157,3.802391313212435,3.8024499548814066,9.943133175102108e-05,3.8106864347060223,0.09352284788733037,0.1001305184665088,0.00031710370542857715,1585.0,16.95881709527491,5.972786796788075e-06,0,16266,0.07128477096557617,208,7.450580596923828e-09,3240,1.0,30.0,30.0,30.0,0.967741935483871,0.967741935483871,0.967741935483871,3240,1.0,30.0,30.0,30.0,0.967741935483871,0.967741935483871,0.967741935483871,4824,1.0,29.999998673849394,30.000000402331512,30.000001560557838,0.9677419341039015,0.9677419359025302,0.9677419371077605
277,4.616666666666666,True,valid,0.0060981943799130415,0.008288662173915457,0.015807834920527144,3.6848503708768527,3.68490663435571,9.621310539130542e-05,3.6937698240857384,0.09023606700558877,0.10834352834759295,0.0003083426449510239,1585.0,16.34093101366364,5.811170636456938e-06,0,16257,0.07697299867868423,207,3.725290298461914e-09,3240,1.0,30.0,30.0,30.0,0.967741935483871,0.967741935483871,0.967741935483871,3240,1.0,30.0,30.0,30.0,0.967741935483871,0.967741935483871,0.967741935483871,4824,1.0,29.999998673849394,30.000000402331512,30.000001560557838,0.9677419341039015,0.9677419359025302,0.9677419371077605
278,4.633333333333334,True,valid,0.006036775786294888,0.008057518014346803,0.015679100719986308,3.5391041168664956,3.5391578890448816,9.217385147705697e-05,3.5479937814880773,0.08619769197661473,0.10585099101339757,0.0002971761533033512,1585.0,15.579678672026162,5.607138395160551e-06,0,16253,0.08227293938398361,207,3.725290298461914e-09,3240,1.0,30.0,30.0,30.0,0.967741935483871,0.967741935483871,0.967741935483871,3240,1.0,30.0,30.0,30.0,0.967741935483871,0.967741935483871,0.967741935483871,4824,1.0,29.999998673849394,30.000000402331512,30.000001560557838,0.9677419341039015,0.9677419359025302,0.9677419371077605
279,4.65,True,valid,0.00594943630485673,0.007754505363195889,0.015507796905094693,3.3677913381775553,3.367842058365922,0.00020196775141230884,3.388202947929926,0.08187536095788568,0.3425240750633984,0.000284101842588016,1585.0,14.633163345871996,5.370133013377903e-06,0,16220,0.08721547573804855,207,3.725290298461914e-09,3240,1.0,30.0,30.0,30.0,0.967741935483871,0.967741935483871,0.967741935483871,3240,1.0,30.0,30.0,30.0,0.967741935483871,0.967741935483871,0.967741935483871,4824,1.0,29.999998673849394,30.000000402331512,30.000001560557838,0.9677419341039015,0.9677419359025302,0.9677419371077605
280,4.666666666666667,True,valid,0.005850282764273727,0.007421248535004349,0.01528058871429074,3.180002500651725,3.1800493610817058,8.203514705308135e-05,3.1887704434247373,0.07619448123712225,0.10392412600583131,0.00026962042476354035,1585.0,13.551877878273567,5.102509066253508e-06,0,16159,0.09180878102779388,205,3.725290298461914e-09,3240,1.0,30.0,30.0,30.0,0.967741935483871,0.967741935483871,0.967741935483871,3240,1.0,30.0,30.0,30.0,0.967741935483871,0.967741935483871,0.967741935483871,4824,1.0,29.999998673849394,30.000000402331512,30.000001560557838,0.9677419341039015,0.9677419359025302,0.9677419371077605
281,4.683333333333334,True,valid,0.005757327160783383,0.007089775434399557,0.015052540006684227,2.970446600008796,2.9704898092813017,8.02816153732369e-05,2.984052488711835,0.07026593398216686,0.18332683929759935,0.00025395876784280923,1585.0,12.44829971820289,4.815105842488451e-06,0,16080,0.09607186913490295,205,7.450580596923828e-09,3240,1.0,30.0,30.0,30.0,0.967741935483871,0.967741935483871,0.967741935483871,3240,1.0,30.0,30.0,30.0,0.967741935483871,0.967741935483871,0.967741935483871,4824,1.0,29.999998673849394,30.000000402331512,30.000001560557838,0.9677419341039015,0.9677419359025302,0.9677419371077605
282,4.7,True,valid,0.005692000229346284,0.006765828056521475,0.014834509232401625,2.746545638374738,2.7465841873563903,7.169509836855055e-05,2.759697205859894,0.06378514540480862,0.17143598508085015,0.00023723958377316063,1585.0,11.298873122893028,4.507686565491008e-06,0,16013,0.09997136890888214,209,3.725290298461914e-09,3240,1.0,30.0,30.0,30.0,0.967741935483871,0.967741935483871,0.967741935483871,3240,1.0,30.0,30.0,30.0,0.967741935483871,0.967741935483871,0.967741935483871,4824,1.0,29.999998673849394,30.000000402331512,30.000001560557838,0.9677419341039015,0.9677419359025302,0.9677419371077605
283,4.716666666666667,True,valid,0.005655802206479758,0.0064596067587811175,0.014611341744298166,2.513449672933775,2.51348212374904,9.07272054884379e-05,2.523233862337214,0.05678303031415349,0.1186317613995658,0.00021992380402949133,1585.0,10.097858827397086,4.198814839450807e-06,0,15919,0.10355454683303833,209,3.725290298461914e-09,3240,1.0,30.0,30.0,30.0,0.967741935483871,0.967741935483871,0.967741935483871,3240,1.0,30.0,30.0,30.0,0.967741935483871,0.967741935483871,0.967741935483871,4824,1.0,29.999998673849394,30.000000402331512,30.000001560557838,0.9677419341039015,0.9677419359025302,0.9677419371077605
284,4.733333333333333,True,valid,0.005631484732526361,0.006200883084125725,0.01439963511411295,2.273005786088936,2.273033868558121,5.627573801423897e-05,2.282817822362965,0.04943668701784463,0.11683945057566303,0.00020242053416729916,1585.0,8.82229290384432,3.884663297576769e-06,0,15897,0.10675961524248123,208,7.450580596923828e-09,3240,1.0,30.0,30.0,30.0,0.967741935483871,0.967741935483871,0.967741935483871,3240,1.0,30.0,30.0,30.0,0.967741935483871,0.967741935483871,0.967741935483871,4824,1.0,29.999998673849394,30.000000402331512,30.000001560557838,0.9677419341039015,0.9677419359025302,0.9677419371077605
285,4.75,True,valid,0.005622577391424077,0.0059833848690780565,0.014210112230296718,2.0323008409565078,2.0323215762239646,0.00010303332144831647,2.045250991558204,0.041675720634781,0.13723147069108763,0.00018519485861636016,1585.0,7.497570690506412,3.576569416099795e-06,0,15859,0.10954447835683823,208,7.450580596923828e-09,3240,1.0,30.0,30.0,30.0,0.967741935483871,0.967741935483871,0.967741935483871,3240,1.0,30.0,30.0,30.0,0.967741935483871,0.967741935483871,0.967741935483871,4824,1.0,29.999998673849394,30.000000402331512,30.000001560557838,0.9677419341039015,0.9677419359025302,0.9677419371077605
286,4.766666666666667,True,valid,0.0056370920124109054,0.005797772547189552,0.014057098186779565,1.8018282346231942,1.8018432195042966,9.505930927356608e-05,1.8154298406449394,0.033526757582597995,0.13505982471739444,0.00016905974121440018,1585.0,6.109214504650762,3.2890950695714438e-06,0,15805,0.11184748262166977,209,7.450580596923828e-09,3240,1.0,30.0,30.0,30.0,0.967741935483871,0.967741935483871,0.967741935483871,3240,1.0,30.0,30.0,30.0,0.967741935483871,0.967741935483871,0.967741935483871,4824,1.0,29.999998673849394,30.000000402331512,30.000001560557838,0.9677419341039015,0.9677419359025302,0.9677419371077605
287,4.783333333333333,True,valid,0.005668203076940762,0.005629472471663695,0.013980662356513551,1.59458961215508,1.5945981182111033,0.00010073813644722527,1.6108875324972962,0.025075026883604024,0.14792698558092687,0.00015470701105969032,1585.0,4.842918842494313,3.0357136009129234e-06,0,15760,0.1136278510093689,209,7.450580596923828e-09,3240,1.0,30.0,30.0,30.0,0.967741935483871,0.967741935483871,0.967741935483871,3240,1.0,30.0,30.0,30.0,0.967741935483871,0.967741935483871,0.967741935483871,4824,1.0,29.999998673849394,30.000000402331512,30.000001560557838,0.9677419341039015,0.9677419359025302,0.9677419371077605
288,4.8,True,valid,0.005700388171789851,0.0054712989973706855,0.013987322509552383,1.4273870125337362,1.4273946239780695,5.677821413985306e-05,1.4481315064612923,0.016479172522453976,0.18490089627180278,0.0001432699330741113,1585.0,3.722573877539726,2.836549265756074e-06,0,15655,0.11481869220733643,209,7.450580596923828e-09,3240,1.0,30.0,30.0,30.0,0.967741935483871,0.967741935483871,0.967741935483871,3240,1.0,30.0,30.0,30.0,0.967741935483871,0.967741935483871,0.967741935483871,4824,1.0,29.999998673849394,30.000000402331512,30.000001560557838,0.9677419341039015,0.9677419359025302,0.9677419371077605
289,4.816666666666666,True,valid,0.005727351310954432,0.005294464449213592,0.014037896780847823,1.3277064349957712,1.327710224173217,2.3104988349521563e-05,1.3466950629747358,0.007966897353930833,0.14559800831477082,0.00013609044112438564,1585.0,2.809025381406782,2.7161302087990913e-06,0,15510,0.115364670753479,208,7.450580596923828e-09,3240,1.0,30.0,30.0,30.0,0.967741935483871,0.967741935483871,0.967741935483871,3240,1.0,30.0,30.0,30.0,0.967741935483871,0.967741935483871,0.967741935483871,4824,1.0,29.999998673849394,30.000000402331512,30.000001560557838,0.9677419341039015,0.9677419359025302,0.9677419371077605
290,4.833333333333333,True,valid,0.005725950249945121,0.005068972233362161,0.014137866988989082,1.302231423099912,1.3022342753378182,2.091751863372705e-05,1.3223838033383257,0.003123946625494669,0.14906972369777777,0.00013357544425754615,1585.0,2.851858050587933,2.676161605584258e-06,0,15505,0.11521583795547485,208,7.450580596923828e-09,3240,1.0,30.0,30.0,30.0,0.967741935483871,0.967741935483871,0.967741935483871,3240,1.0,30.0,30.0,30.0,0.967741935483871,0.967741935483871,0.967741935483871,4824,1.0,29.999998673849394,30.000000402331512,30.000001560557838,0.9677419341039015,0.9677419359025302,0.9677419371077605
291,4.85,True,valid,0.0056908139467030765,0.004795351757386061,0.014260844321957341,1.3625531553515633,1.3625551128900886,5.3115194758021466e-05,1.3778763428892953,0.010799608039624438,0.13937485343730588,0.00013617772859659792,1585.0,3.4919648174212026,2.725487481884465e-06,0,15669,0.11435054987668991,208,7.450580596923828e-09,3240,1.0,30.0,30.0,30.0,0.967741935483871,0.967741935483871,0.967741935483871,3240,1.0,30.0,30.0,30.0,0.967741935483871,0.967741935483871,0.967741935483871,4824,1.0,29.999998673849394,30.000000402331512,30.000001560557838,0.9677419341039015,0.9677419359025302,0.9677419371077605
292,4.866666666666666,True,valid,0.005624731751871919,0.004502585735866251,0.014362485440563545,1.4896650403971647,1.4896737157059474,2.847266494820193e-05,1.5070693753207025,0.019066195325903618,0.1567713722405633,0.00014379544179140405,1585.0,4.96293924665368,2.855060774988744e-06,0,15767,0.11278705298900604,208,7.450580596923828e-09,3240,1.0,30.0,30.0,30.0,0.967741935483871,0.967741935483871,0.967741935483871,3240,1.0,30.0,30.0,30.0,0.967741935483871,0.967741935483871,0.967741935483871,4824,1.0,29.999998673849394,30.000000402331512,30.000001560557838,0.9677419341039015,0.9677419359025302,0.9677419371077605
293,4.883333333333334,True,valid,0.005535540844500206,0.004233462895860006,0.01441280620426262,1.6705285063890432,1.6705421298645924,3.6717462457156934e-05,1.6893508865096387,0.027597390588589458,0.18977437662589647,0.00015551166633234281,1585.0,6.465133480198904,3.0590595154343825e-06,0,15809,0.11055329442024231,208,7.450580596923828e-09,3240,1.0,30.0,30.0,30.0,0.967741935483871,0.967741935483871,0.967741935483871,3240,1.0,30.0,30.0,30.0,0.967741935483871,0.967741935483871,0.967741935483871,4824,1.0,29.999998673849394,30.000000402331512,30.000001560557838,0.9677419341039015,0.9677419359025302,0.9677419371077605
294,4.9,True,valid,0.005430893294671371,0.0040505128417039375,0.014430760272988265,1.8834675453738035,1.883486535364514,4.211314791287664e-05,1.9029200066345957,0.035936147274612903,0.21154966533930608,0.00017009818166662105,1585.0,7.928929577910145,3.313354447591372e-06,0,15872,0.1076880618929863,207,7.450580596923828e-09,3240,1.0,30.0,30.0,30.0,0.967741935483871,0.967741935483871,0.967741935483871,3240,1.0,30.0,30.0,30.0,0.967741935483871,0.967741935483871,0.967741935483871,4824,1.0,29.999998673849394,30.000000402331512,30.000001560557838,0.9677419341039015,0.9677419359025302,0.9677419371077605
295,4.916666666666667,True,valid,0.00532853668887126,0.004012911837859532,0.014451053631376212,2.1145506001863774,2.114575309620709,4.9347666817534824e-05,2.1335053271768984,0.04400361856130532,0.2244393562126854,0.00018637800931328128,1585.0,9.325938291052372,3.599177650304162e-06,0,15930,0.10425063967704773,208,3.725290298461914e-09,3240,1.0,30.0,30.0,30.0,0.967741935483871,0.967741935483871,0.967741935483871,3240,1.0,30.0,30.0,30.0,0.967741935483871,0.967741935483871,0.967741935483871,4824,1.0,29.999998673849394,30.000000402331512,30.000001560557838,0.9677419341039015,0.9677419359025302,0.9677419371077605
296,4.933333333333334,True,valid,0.005257719182339271,0.004146489435682613,0.014484487988647111,2.3537171274786663,2.3537466108624234,7.838809943894447e-05,2.370520466745779,0.05164007785007756,0.2091712786973656,0.00020378567937252135,1585.0,10.650117793650344,3.907981929145408e-06,0,15957,0.10031238943338394,207,7.450580596923828e-09,3240,1.0,30.0,30.0,30.0,0.967741935483871,0.967741935483871,0.967741935483871,3240,1.0,30.0,30.0,30.0,0.967741935483871,0.967741935483871,0.967741935483871,4824,1.0,29.999998673849394,30.000000402331512,30.000001560557838,0.9677419341039015,0.9677419359025302,0.9677419371077605
297,4.95,True,valid,0.0052314277388250865,0.004429193686286441,0.014554444336646318,2.593474805948281,2.5935101050176645,6.53437765015772e-05,2.6068226065845304,0.05888457406951938,0.17143808293292181,0.00022172126796102135,1585.0,11.90943498032508,4.228488264410342e-06,0,15971,0.09594324231147766,207,3.725290298461914e-09,3240,1.0,30.0,30.0,30.0,0.967741935483871,0.967741935483871,0.967741935483871,3240,1.0,30.0,30.0,30.0,0.967741935483871,0.967741935483871,0.967741935483871,4824,1.0,29.999998673849394,30.000000402331512,30.000001560557838,0.9677419341039015,0.9677419359025302,0.9677419371077605
298,4.966666666666667,True,valid,0.005236254103617184,0.0047981524135173054,0.01469113207635664,2.823399836551573,2.8234396853179557,7.127172112388133e-05,2.8393158683691686,0.0658063782483662,0.21900537994936256,0.0002390065322647098,1585.0,13.075791143573081,4.5399523521589225e-06,0,15980,0.0912165641784668,207,3.725290298461914e-09,3240,1.0,30.0,30.0,30.0,0.967741935483871,0.967741935483871,0.967741935483871,3240,1.0,30.0,30.0,30.0,0.967741935483871,0.967741935483871,0.967741935483871,4824,1.0,29.999998673849394,30.000000402331512,30.000001560557838,0.9677419341039015,0.9677419359025302,0.9677419371077605
299,4.983333333333333,True,valid,0.005271456314124616,0.0051947807602485754,0.014895896436979146,3.041695457337337,3.0417396582947798,7.742723857251567e-05,3.0582671390674214,0.07201643915115291,0.22882479939918093,0.00025549408395382446,1585.0,14.148165389074759,4.839447974120779e-06,0,15980,0.08618035912513733,207,7.450580596923828e-09,3240,1.0,30.0,30.0,30.0,0.967741935483871,0.967741935483871,0.967741935483871,3240,1.0,30.0,30.0,30.0,0.967741935483871,0.967741935483871,0.967741935483871,4824,1.0,29.999998673849394,30.000000402331512,30.000001560557838,0.9677419341039015,0.9677419359025302,0.9677419371077605
300,5.0,True,valid,0.005338505077640479,0.005578383208098954,0.015133984665694706,3.2442362767875954,3.2442845155451083,8.422345024946874e-05,3.2597197231564476,0.07788045623903106,0.2256890600893252,0.0002709979217499314,1585.0,15.12479113420243,5.120118091003048e-06,0,16016,0.0808800533413887,207,7.450580596923828e-09,3240,1.0,30.0,30.0,30.0,0.967741935483871,0.967741935483871,0.967741935483871,3240,1.0,30.0,30.0,30.0,0.967741935483871,0.967741935483871,0.967741935483871,4824,1.0,29.999998673849394,30.000000402331512,30.000001560557838,0.9677419341039015,0.9677419359025302,0.9677419371077605
301,5.016666666666667,True,valid,0.005419196608148839,0.005919938421691876,0.015392399417470778,3.428094075210531,3.4281458947437806,8.82355091329017e-05,3.4435498851563606,0.08297112231735936,0.23667908440479307,0.0002850682001605699,1585.0,15.999588149410604,5.378486617616827e-06,0,16026,0.07535823434591293,207,7.450580596923828e-09,3240,1.0,30.0,30.0,30.0,0.967741935483871,0.967741935483871,0.967741935483871,3240,1.0,30.0,30.0,30.0,0.967741935483871,0.967741935483871,0.967741935483871,4824,1.0,29.999998673849394,30.000000402331512,30.000001560557838,0.9677419341039015,0.9677419359025302,0.9677419371077605
302,5.033333333333333,True,valid,0.005496807333213986,0.006207675509896511,0.01563955888911418,3.5898968445053754,3.589951684529709,9.28302576485009e-05,3.6027730696379563,0.08740744121768096,0.20192874643739717,0.00029753043197713316,1585.0,16.769070305101838,5.606906764076995e-06,0,16041,0.06964241713285446,207,7.450580596923828e-09,3240,1.0,30.0,30.0,30.0,0.967741935483871,0.967741935483871,0.967741935483871,3240,1.0,30.0,30.0,30.0,0.967741935483871,0.967741935483871,0.967741935483871,4824,1.0,29.999998673849394,30.000000402331512,30.000001560557838,0.9677419341039015,0.9677419359025302,0.9677419371077605
303,5.05,True,valid,0.00556474998479904,0.006443200528840252,0.015829353889632948,3.7241619553583805,3.724219372635891,9.721155021336702e-05,3.7402259210805964,0.09121073832704535,0.253449348438824,0.0003079180101870222,1585.0,17.401568068688825,5.797292117933882e-06,0,16058,0.0637436956167221,207,5.587935447692871e-09,3240,1.0,30.0,30.0,30.0,0.967741935483871,0.967741935483871,0.967741935483871,3240,1.0,30.0,30.0,30.0,0.967741935483871,0.967741935483871,0.967741935483871,4824,1.0,29.999998673849394,30.000000402331512,30.000001560557838,0.9677419341039015,0.9677419359025302,0.9677419371077605
304,5.066666666666666,True,valid,0.005618354630255812,0.006643970487056692,0.01597790524654452,3.833278248736303,3.833338245357998,0.00012490791926797332,3.8532510202604078,0.0941886319684383,0.30616282439451925,0.0003163681677555771,1585.0,17.913734999808604,5.952216926921841e-06,0,16058,0.05767630785703659,204,3.725290298461914e-09,3240,1.0,30.0,30.0,30.0,0.967741935483871,0.967741935483871,0.967741935483871,3240,1.0,30.0,30.0,30.0,0.967741935483871,0.967741935483871,0.967741935483871,4824,1.0,29.999998673849394,30.000000402331512,30.000001560557838,0.9677419341039015,0.9677419359025302,0.9677419371077605
305,5.083333333333333,True,valid,0.005663395807897469,0.006823891663940507,0.016115534968506547,3.915409845998739,3.9154713936311323,0.00010290175841883394,3.940443058440064,0.09700696661101159,0.3643697951553616,0.00032273386939319054,1585.0,18.25272451001917,6.068478021735027e-06,0,16065,0.05309159308671951,204,2.7939677238464355e-09,3240,1.0,30.0,30.0,30.0,0.967741935483871,0.967741935483871,0.967741935483871,3240,1.0,30.0,30.0,30.0,0.967741935483871,0.967741935483871,0.967741935483871,4824,1.0,29.999998673849394,30.000000402331512,30.000001560557838,0.9677419341039015,0.9677419359025302,0.9677419371077605
306,5.1,True,valid,0.0057095329847009196,0.00700330173669654,0.016193683174045858,3.9745364172890176,3.9745989942618807,0.00010743679269105802,3.991490664573611,0.09831724767610985,0.2647568675233967,0.0003277637072358037,1585.0,18.448597211870016,6.1584274249222085e-06,0,16068,0.05959678441286087,204,1.862645149230957e-09,3240,1.0,30.0,30.0,30.0,0.967741935483871,0.967741935483871,0.967741935483871,3240,1.0,30.0,30.0,30.0,0.967741935483871,0.967741935483871,0.967741935483871,4824,1.0,29.999998673849394,30.000000402331512,30.000001560557838,0.9677419341039015,0.9677419359025302,0.9677419371077605
307,5.116666666666666,True,valid,0.005748499153496612,0.007179817758527822,0.0162171307561605,4.002654621293573,4.002717541233816,0.000105246603653469,4.0177343685108315,0.09900777345880563,0.2261749586670951,0.00032991420373681865,1585.0,18.463449123759624,6.199836241597428e-06,0,16103,0.06617533415555954,204,1.0477378964424133e-09,3240,1.0,30.0,30.0,30.0,0.967741935483871,0.967741935483871,0.967741935483871,3240,1.0,30.0,30.0,30.0,0.967741935483871,0.967741935483871,0.967741935483871,4824,1.0,29.999998673849394,30.000000402331512,30.000001560557838,0.9677419341039015,0.9677419359025302,0.9677419371077605
308,5.133333333333334,True,valid,0.005772961411092371,0.007361109250053505,0.01618419071495482,4.003238347384549,4.003301131846409,0.00010657406789242317,4.017964090560926,0.09903497854583743,0.22379146399158023,0.00033016352991973105,1585.0,18.318670694911848,6.206104473882679e-06,0,16107,0.0726851299405098,205,3.725290298461914e-09,3240,1.0,30.0,30.0,30.0,0.967741935483871,0.967741935483871,0.967741935483871,3240,1.0,30.0,30.0,30.0,0.967741935483871,0.967741935483871,0.967741935483871,4824,1.0,29.999998673849394,30.000000402331512,30.000001560557838,0.9677419341039015,0.9677419359025302,0.9677419371077605
309,5.15,True,valid,0.005795087636528883,0.007545777390943809,0.01612573165876773,3.973733062215022,3.9737951993198735,0.00010565548951354898,3.994560573806722,0.09888905968017975,0.32397045680273723,0.0003281796864180319,1585.0,17.990248578393953,6.168783495749058e-06,0,16143,0.07928869873285294,203,2.7939677238464355e-09,3240,1.0,30.0,30.0,30.0,0.967741935483871,0.967741935483871,0.967741935483871,3240,1.0,30.0,30.0,30.0,0.967741935483871,0.967741935483871,0.967741935483871,4824,1.0,29.999998673849394,30.000000402331512,30.000001560557838,0.9677419341039015,0.9677419359025302,0.9677419371077605
310,5.166666666666667,True,valid,0.0058370282810356645,0.00774058247446246,0.016017203417665663,3.922143378811515,3.922204754674922,0.00010288828111731773,3.9333696646716745,0.09660372818915108,0.15502830200714615,0.00032450838538120085,1585.0,17.533226615895266,6.104265461627735e-06,0,16172,0.08603876829147339,203,5.587935447692871e-09,3240,1.0,30.0,30.0,30.0,0.967741935483871,0.967741935483871,0.967741935483871,3240,1.0,30.0,30.0,30.0,0.967741935483871,0.967741935483871,0.967741935483871,4824,1.0,29.999998673849394,30.000000402331512,30.000001560557838,0.9677419341039015,0.9677419359025302,0.9677419371077605
311,5.183333333333334,True,valid,0.0058979199094945445,0.007912851977249016,0.01587196711819011,3.8402605708795328,3.840320259492896,0.00010066125524962022,3.8521764623737607,0.09428941102222253,0.17109746493206188,0.0003186017265581585,1585.0,16.922867331912844,5.993039776664128e-06,0,16190,0.09258424490690231,204,1.862645149230957e-09,3240,1.0,30.0,30.0,30.0,0.967741935483871,0.967741935483871,0.967741935483871,3240,1.0,30.0,30.0,30.0,0.967741935483871,0.967741935483871,0.967741935483871,4824,1.0,29.999998673849394,30.000000402331512,30.000001560557838,0.9677419341039015,0.9677419359025302,0.9677419371077605
312,5.2,True,valid,0.00596195178167483,0.00804885969005652,0.015722717293916416,3.7305084075001704,3.73056518514762,0.00013208887976495299,3.7437197429803617,0.09117579279016111,0.1696999287379281,0.00031036305551807806,1585.0,16.165360508318496,5.845542546210119e-06,0,16204,0.09883872419595718,204,7.450580596923828e-09,3240,1.0,30.0,30.0,30.0,0.967741935483871,0.967741935483871,0.967741935483871,3240,1.0,30.0,30.0,30.0,0.967741935483871,0.967741935483871,0.967741935483871,4824,1.0,29.999998673849394,30.000000402331512,30.000001560557838,0.9677419341039015,0.9677419359025302,0.9677419371077605
313,5.216666666666667,True,valid,0.006027890479107339,0.008145446843695506,0.015603243342010189,3.5968236489476624,3.5968785019565637,9.308724555780326e-05,3.607001480641313,0.08742643821678849,0.13557336468761236,0.0003003392716317044,1585.0,15.305672919957638,5.6618104043772505e-06,0,16220,0.10481654107570648,204,3.725290298461914e-09,3240,1.0,30.0,30.0,30.0,0.967741935483871,0.967741935483871,0.967741935483871,3240,1.0,30.0,30.0,30.0,0.967741935483871,0.967741935483871,0.967741935483871,4824,1.0,29.999998673849394,30.000000402331512,30.000001560557838,0.9677419341039015,0.9677419359025302,0.9677419371077605
314,5.233333333333333,True,valid,0.0060852908986515535,0.008172094449530029,0.015483072145709542,3.4407570891148525,3.4408086519353187,8.868675929215554e-05,3.4542298629059047,0.08298352668446063,0.2098047447762339,0.0002888135002481579,1585.0,14.418831976854124,5.449696445912869e-06,0,16228,0.11040645092725754,204,7.450580596923828e-09,3240,1.0,30.0,30.0,30.0,0.967741935483871,0.967741935483871,0.967741935483871,3240,1.0,30.0,30.0,30.0,0.967741935483871,0.967741935483871,0.967741935483871,4824,1.0,29.999998673849394,30.000000402331512,30.000001560557838,0.9677419341039015,0.9677419359025302,0.9677419371077605
315,5.25,True,valid,0.006122549990674626,0.008095634421056791,0.015344535791764613,3.2600155738990777,3.2600636275993113,8.44980397014275e-05,3.271772613362911,0.0778472724034892,0.16353004161321424,0.0002751154702201031,1585.0,13.54893249206663,5.201266811760029e-06,0,16229,0.1155986562371254,204,7.450580596923828e-09,3240,1.0,30.0,30.0,30.0,0.967741935483871,0.967741935483871,0.967741935483871,3240,1.0,30.0,30.0,30.0,0.967741935483871,0.967741935483871,0.967741935483871,4824,1.0,29.999998673849394,30.000000402331512,30.000001560557838,0.9677419341039015,0.9677419359025302,0.9677419371077605
316,5.266666666666667,True,valid,0.006123544506261685,0.007910431819827177,0.015194940517395967,3.0590434771525787,3.0590876720497624,7.856500181097878e-05,3.0710461797465594,0.0720858600751774,0.16167948016335407,0.00025991406853595006,1585.0,12.57016317448751,4.925755632103187e-06,0,16207,0.1203097403049469,203,7.450580596923828e-09,3240,1.0,30.0,30.0,30.0,0.967741935483871,0.967741935483871,0.967741935483871,3240,1.0,30.0,30.0,30.0,0.967741935483871,0.967741935483871,0.967741935483871,4824,1.0,29.999998673849394,30.000000402331512,30.000001560557838,0.9677419341039015,0.9677419359025302,0.9677419371077605
317,5.283333333333333,True,valid,0.006074312623095474,0.007640665062629336,0.015023955472862864,2.8417927833612833,2.841832308922355,7.124645821692976e-05,2.8520273844631587,0.06570998522666505,0.12718105326946358,0.00024359365065363463,1585.0,11.481558861518966,4.631102169561663e-06,0,16170,0.12452870607376099,203,7.450580596923828e-09,3240,1.0,30.0,30.0,30.0,0.967741935483871,0.967741935483871,0.967741935483871,3240,1.0,30.0,30.0,30.0,0.967741935483871,0.967741935483871,0.967741935483871,4824,1.0,29.999998673849394,30.000000402331512,30.000001560557838,0.9677419341039015,0.9677419359025302,0.9677419371077605
318,5.3,True,valid,0.005984789612650169,0.007288246672042214,0.014815028110674741,2.609203219558912,2.6092381310330497,6.525969248363671e-05,2.620340005520663,0.05890272868968612,0.13258365419188076,0.00022636938127249868,1585.0,10.297942929648576,4.316045375410748e-06,0,16073,0.12823240458965302,203,3.725290298461914e-09,3240,1.0,30.0,30.0,30.0,0.967741935483871,0.967741935483871,0.967741935483871,3240,1.0,30.0,30.0,30.0,0.967741935483871,0.967741935483871,0.967741935483871,4824,1.0,29.999998673849394,30.000000402331512,30.000001560557838,0.9677419341039015,0.9677419359025302,0.9677419371077605
319,5.316666666666666,True,valid,0.005875355587399754,0.006859969933363618,0.014577842852471035,2.3670162366810277,2.367045928516113,5.7577466641504213e-05,2.3783771491323833,0.051613949487471784,0.12734261224552626,0.0002085258449265101,1585.0,9.045126765884726,3.993143153767546e-06,0,15979,0.13138285279273987,202,3.725290298461914e-09,3240,1.0,30.0,30.0,30.0,0.967741935483871,0.967741935483871,0.967741935483871,3240,1.0,30.0,30.0,30.0,0.967741935483871,0.967741935483871,0.967741935483871,4824,1.0,29.999998673849394,30.000000402331512,30.000001560557838,0.9677419341039015,0.9677419359025302,0.9677419371077605
320,5.333333333333333,True,valid,0.005759614427532242,0.006387183705661519,0.014335948482292521,2.1212569384869613,2.1212812813810826,5.091509961697986e-05,2.1336402000662327,0.04385600267561501,0.1336616999398262,0.0001906880060712813,1585.0,7.714185509924408,3.673379143552678e-06,0,15865,0.13405416905879974,202,7.450580596923828e-09,3240,1.0,30.0,30.0,30.0,0.967741935483871,0.967741935483871,0.967741935483871,3240,1.0,30.0,30.0,30.0,0.967741935483871,0.967741935483871,0.967741935483871,4824,1.0,29.999998673849394,30.000000402331512,30.000001560557838,0.9677419341039015,0.9677419359025302,0.9677419371077605
321,5.35,True,valid,0.0056423990603201805,0.005907271083543648,0.01411512135187807,1.8815142701854826,1.8815326184341887,6.721636000083629e-05,1.895867608516375,0.03581318308252455,0.13703594229707533,0.0001737789527535685,1585.0,6.456479848993415,3.3705381380901965e-06,0,15836,0.13613887131214142,201,7.450580596923828e-09,3240,1.0,30.0,30.0,30.0,0.967741935483871,0.967741935483871,0.967741935483871,3240,1.0,30.0,30.0,30.0,0.967741935483871,0.967741935483871,0.967741935483871,4824,1.0,29.999998673849394,30.000000402331512,30.000001560557838,0.9677419341039015,0.9677419359025302,0.9677419371077605
322,5.366666666666666,True,valid,0.005534828409044923,0.005446557577787676,0.01395771200956786,1.6589015851283486,1.6589151002882994,3.533019674749236e-05,1.6723269053202434,0.02766468288333899,0.12665499201271763,0.0001581614457864152,1585.0,5.243606068101022,3.093263253166991e-06,0,15778,0.13779732584953308,202,7.450580596923828e-09,3240,1.0,30.0,30.0,30.0,0.967741935483871,0.967741935483871,0.967741935483871,3240,1.0,30.0,30.0,30.0,0.967741935483871,0.967741935483871,0.967741935483871,4824,1.0,29.999998673849394,30.000000402331512,30.000001560557838,0.9677419341039015,0.9677419359025302,0.9677419371077605
323,5.383333333333334,True,valid,0.005455627549167288,0.005033747371929269,0.013844239672629962,1.4712289095478266,1.4712374423657408,2.881052401796253e-05,1.485212483511656,0.018977765787696735,0.11730233885049794,0.0001454240067224189,1585.0,4.029536883764939,2.8705415060236846e-06,0,15711,0.1389789879322052,202,7.450580596923828e-09,3240,1.0,30.0,30.0,30.0,0.967741935483871,0.967741935483871,0.967741935483871,3240,1.0,30.0,30.0,30.0,0.967741935483871,0.967741935483871,0.967741935483871,4824,1.0,29.999998673849394,30.000000402331512,30.000001560557838,0.9677419341039015,0.9677419359025302,0.9677419371077605
324,5.4,True,valid,0.005405827657653923,0.00468584730777971,0.013789498002755153,1.3385651401686216,1.3385670639166516,0.00011040566124384462,1.3582556612629366,0.010451476319233955,0.13448805585364104,0.0001367148851351558,1585.0,2.8958083962003816,2.7225122707196693e-06,0,15596,0.1396244615316391,202,7.450580596923828e-09,3240,1.0,30.0,30.0,30.0,0.967741935483871,0.967741935483871,0.967741935483871,3240,1.0,30.0,30.0,30.0,0.967741935483871,0.967741935483871,0.967741935483871,4824,1.0,29.999998673849394,30.000000402331512,30.000001560557838,0.9677419341039015,0.9677419359025302,0.9677419371077605
325,5.416666666666667,True,valid,0.0053765894181038954,0.00441573280722083,0.0138478167377399,1.2849053150441403,1.2848978583447332,0.0002076381918273084,1.3123571142516695,0.0030923241104048576,0.16268049350012379,0.00013250397724939495,1585.0,3.434822775835996,2.659841518800355e-06,0,15504,0.1397501826286316,204,7.450580596923828e-09,3240,1.0,30.0,30.0,30.0,0.967741935483871,0.967741935483871,0.967741935483871,3240,1.0,30.0,30.0,30.0,0.967741935483871,0.967741935483871,0.967741935483871,4824,1.0,29.999998673849394,30.000000402331512,30.000001560557838,0.9677419341039015,0.9677419359025302,0.9677419371077605
326,5.433333333333334,True,valid,0.005374081574932947,0.004241621289791524,0.014011370309328187,1.3247070043026694,1.3246867235175832,0.00031595198924506274,1.3618687132193117,0.008065735251333115,0.20509230246521362,0.0001339198673596267,1585.0,4.640591552244255,2.7046865796741457e-06,0,15624,0.1393628716468811,203,7.450580596923828e-09,3240,1.0,30.0,30.0,30.0,0.967741935483871,0.967741935483871,0.967741935483871,3240,1.0,30.0,30.0,30.0,0.967741935483871,0.967741935483871,0.967741935483871,4824,1.0,29.999998673849394,30.000000402331512,30.000001560557838,0.9677419341039015,0.9677419359025302,0.9677419371077605
327,5.45,True,valid,0.00539794105874712,0.004150146231529425,0.014275778627951393,1.4503630200844668,1.4503256867568382,0.00044260182635555586,1.4992127256404966,0.016543473994965856,0.26518538822240695,0.00014050572685511171,1585.0,6.268342611285447,2.8498911029675057e-06,0,15717,0.13846980035305023,202,7.450580596923828e-09,3240,1.0,30.0,30.0,30.0,0.967741935483871,0.967741935483871,0.967741935483871,3240,1.0,30.0,30.0,30.0,0.967741935483871,0.967741935483871,0.967741935483871,4824,1.0,29.999998673849394,30.000000402331512,30.000001560557838,0.9677419341039015,0.9677419359025302,0.9677419371077605
328,5.466666666666667,True,valid,0.005435056527853994,0.004116872782834509,0.014530669900593035,1.6155252473716601,1.6155369834499282,3.2750390454871163e-05,1.6274725020115826,0.025098631775353826,0.10845257860180309,0.00015209856582284908,1585.0,5.526479887753913,3.0061970456254312e-06,0,15792,0.1376948207616806,200,7.450580596923828e-09,3240,1.0,30.0,30.0,30.0,0.967741935483871,0.967741935483871,0.967741935483871,3240,1.0,30.0,30.0,30.0,0.967741935483871,0.967741935483871,0.967741935483871,4824,1.0,29.999998673849394,30.000000402331512,30.000001560557838,0.9677419341039015,0.9677419359025302,0.9677419371077605
329,5.483333333333333,True,valid,0.005443044831865689,0.004093598555244031,0.014599081873743343,1.8231269507257186,1.823144235156545,4.2142016146482545e-05,1.8341462705689369,0.033412941681457003,0.1056952928530129,0.00016629377621074556,1585.0,6.865408885589151,3.256275709514029e-06,0,15856,0.1367165446281433,199,7.450580596923828e-09,3240,1.0,30.0,30.0,30.0,0.967741935483871,0.967741935483871,0.967741935483871,3240,1.0,30.0,30.0,30.0,0.967741935483871,0.967741935483871,0.967741935483871,4824,1.0,29.999998673849394,30.000000402331512,30.000001560557838,0.9677419341039015,0.9677419359025302,0.9677419371077605
330,5.5,True,valid,0.005409559628770461,0.004075851367969669,0.01453977696098282,2.0403476217037886,2.0403704876048634,4.708836804987828e-05,2.050690399451915,0.041528973514968356,0.10834818814989772,0.00018124713570901653,1585.0,8.10934605264414,3.5144068014468583e-06,0,15902,0.13533462584018707,203,7.450580596923828e-09,3240,1.0,30.0,30.0,30.0,0.967741935483871,0.967741935483871,0.967741935483871,3240,1.0,30.0,30.0,30.0,0.967741935483871,0.967741935483871,0.967741935483871,4824,1.0,29.999998673849394,30.000000402331512,30.000001560557838,0.9677419341039015,0.9677419359025302,0.9677419371077605
331,5.516666666666667,True,valid,0.005367526348191209,0.004144623882216611,0.014414896417280464,2.2773274035471607,2.2773557810641996,5.470290743044275e-05,2.286240924401585,0.049405504044348576,0.10306990675722116,0.0001988236290069794,1585.0,9.40567555263468,3.8220463199636025e-06,0,15956,0.13306216895580292,204,3.725290298461914e-09,3240,1.0,30.0,30.0,30.0,0.967741935483871,0.967741935483871,0.967741935483871,3240,1.0,30.0,30.0,30.0,0.967741935483871,0.967741935483871,0.967741935483871,4824,1.0,29.999998673849394,30.000000402331512,30.000001560557838,0.9677419341039015,0.9677419359025302,0.9677419371077605
332,5.533333333333333,True,valid,0.005324210997786999,0.004266367573133347,0.014386626765544109,2.505880665919747,2.505910800376568,0.00018318124170085273,2.517774584539685,0.05702485395617001,0.13505565174972653,0.00021543201587777055,1585.0,10.588047915064545,4.120960137283807e-06,0,15974,0.12913431227207184,201,3.725290298461914e-09,3240,1.0,30.0,30.0,30.0,0.967741935483871,0.967741935483871,0.967741935483871,3240,1.0,30.0,30.0,30.0,0.967741935483871,0.967741935483871,0.967741935483871,4824,1.0,29.999998673849394,30.000000402331512,30.000001560557838,0.9677419341039015,0.9677419359025302,0.9677419371077605
333,5.55,True,valid,0.005322477902084943,0.004467123706117453,0.014550011346060189,2.737385312842955,2.7374240472099856,6.95779328792851e-05,2.7464986976268966,0.06381237710153949,0.11799639425930573,0.00023269301320382534,1585.0,11.75939054459218,4.428091906594042e-06,0,15993,0.12478466331958771,198,3.725290298461914e-09,3240,1.0,30.0,30.0,30.0,0.967741935483871,0.967741935483871,0.967741935483871,3240,1.0,30.0,30.0,30.0,0.967741935483871,0.967741935483871,0.967741935483871,4824,1.0,29.999998673849394,30.000000402331512,30.000001560557838,0.9677419341039015,0.9677419359025302,0.9677419371077605
334,5.566666666666666,True,valid,0.005364706046154835,0.004777832362858202,0.01488973794587162,2.9668478152760036,2.9668907776770195,7.53465983625669e-05,2.9750198158101804,0.07018538531673492,0.09287519420704447,0.0002501721552708532,1585.0,12.859873341899467,4.747177846107267e-06,0,16008,0.11978552490472794,198,7.450580596923828e-09,3240,1.0,30.0,30.0,30.0,0.967741935483871,0.967741935483871,0.967741935483871,3240,1.0,30.0,30.0,30.0,0.967741935483871,0.967741935483871,0.967741935483871,4824,1.0,29.999998673849394,30.000000402331512,30.000001560557838,0.9677419341039015,0.9677419359025302,0.9677419371077605
335,5.583333333333333,True,valid,0.0054230036174465,0.005162878476100628,0.01533059901048585,3.1755775000917055,3.1756254396510384,0.0001093000835322659,3.18647413485178,0.07615918797315196,0.18258890018668797,0.0002661238724913081,1585.0,13.890321733453003,5.039222452543825e-06,0,16010,0.11432456225156784,198,3.725290298461914e-09,3240,1.0,30.0,30.0,30.0,0.967741935483871,0.967741935483871,0.967741935483871,3240,1.0,30.0,30.0,30.0,0.967741935483871,0.967741935483871,0.967741935483871,4824,1.0,29.999998673849394,30.000000402331512,30.000001560557838,0.9677419341039015,0.9677419359025302,0.9677419371077605
336,5.6,True,valid,0.005495134296516414,0.005587416928984488,0.015711494750878192,3.368775223484985,3.368824328681587,0.00011567240067147786,3.378319861651553,0.0814151341746672,0.12348432371837936,0.00028093584393156423,1585.0,14.839560405563757,5.314508032634399e-06,0,16035,0.10835673660039902,197,7.450580596923828e-09,3240,1.0,30.0,30.0,30.0,0.967741935483871,0.967741935483871,0.967741935483871,3240,1.0,30.0,30.0,30.0,0.967741935483871,0.967741935483871,0.967741935483871,4824,1.0,29.999998673849394,30.000000402331512,30.000001560557838,0.9677419341039015,0.9677419359025302,0.9677419371077605
337,5.616666666666666,True,valid,0.005549950584397858,0.006029466868602399,0.015967783241663525,3.5370580271197105,3.5371117025734424,9.138658451178103e-05,3.545721657613492,0.08609812466168133,0.09798836322157671,0.00029400351949961177,1585.0,15.728291330076601,5.553547746351843e-06,0,16047,0.1021481454372406,198,7.450580596923828e-09,3240,1.0,30.0,30.0,30.0,0.967741935483871,0.967741935483871,0.967741935483871,3240,1.0,30.0,30.0,30.0,0.967741935483871,0.967741935483871,0.967741935483871,4824,1.0,29.999998673849394,30.000000402331512,30.000001560557838,0.9677419341039015,0.9677419359025302,0.9677419371077605
338,5.633333333333334,True,valid,0.005582927272257679,0.006462321783282885,0.01607736813899708,3.6811511162167663,3.681207626264115,9.586406050475934e-05,3.690311841866165,0.0901042369729946,0.11937989578306926,0.00030535277842366044,1585.0,16.45220689385947,5.759652677053244e-06,0,16054,0.09573738276958466,197,5.587935447692871e-09,3240,1.0,30.0,30.0,30.0,0.967741935483871,0.967741935483871,0.967741935483871,3240,1.0,30.0,30.0,30.0,0.967741935483871,0.967741935483871,0.967741935483871,4824,1.0,29.999998673849394,30.000000402331512,30.000001560557838,0.9677419341039015,0.9677419359025302,0.9677419371077605
339,5.65,True,valid,0.005613478187721541,0.006851003623501188,0.01601532782776889,3.796739141719323,3.7967980240432153,9.904340897536801e-05,3.8048844122098004,0.09342348808164024,0.09473792895637717,0.0003146895204377102,1585.0,17.025661827883305,5.9285730220694136e-06,0,16059,0.0890604555606842,199,1.862645149230957e-09,3240,1.0,30.0,30.0,30.0,0.967741935483871,0.967741935483871,0.967741935483871,3240,1.0,30.0,30.0,30.0,0.967741935483871,0.967741935483871,0.967741935483871,4824,1.0,29.999998673849394,30.000000402331512,30.000001560557838,0.9677419341039015,0.9677419359025302,0.9677419371077605
340,5.666666666666667,True,valid,0.005644505166565909,0.007183187484394624,0.015878753858684924,3.887191479950807,3.8872520187282746,0.00010176239911836328,3.895516363854942,0.09600251090996446,0.10832981975562156,0.00032219334361589233,1585.0,17.444122245383554,6.0627279901506775e-06,0,16060,0.08230504393577576,202,2.7939677238464355e-09,3240,1.0,30.0,30.0,30.0,0.967741935483871,0.967741935483871,0.967741935483871,3240,1.0,30.0,30.0,30.0,0.967741935483871,0.967741935483871,0.967741935483871,4824,1.0,29.999998673849394,30.000000402331512,30.000001560557838,0.9677419341039015,0.9677419359025302,0.9677419371077605
341,5.683333333333334,True,valid,0.005676087669117593,0.007442959820332432,0.015765024424156036,3.947467877397092,3.9475294503956624,0.00011146854241390041,3.9559807257784767,0.09784410142259765,0.11837488159107207,0.0003271898667942663,1585.0,17.75640439103495,6.153335627312805e-06,0,16113,0.075437992811203,201,3.725290298461914e-09,3240,1.0,30.0,30.0,30.0,0.967741935483871,0.967741935483871,0.967741935483871,3240,1.0,30.0,30.0,30.0,0.967741935483871,0.967741935483871,0.967741935483871,4824,1.0,29.999998673849394,30.000000402331512,30.000001560557838,0.9677419341039015,0.9677419359025302,0.9677419371077605
342,5.7,True,valid,0.0057169601750804025,0.007642079699901494,0.01575340958808441,3.9846539566314574,3.9847163138817625,0.00010544295981093948,3.992517273280437,0.09892655132141134,0.09440383580473681,0.00033019527656755096,1585.0,17.914174926636417,6.205611684544109e-06,0,16170,0.06845859438180923,201,2.561137080192566e-09,3240,1.0,30.0,30.0,30.0,0.967741935483871,0.967741935483871,0.967741935483871,3240,1.0,30.0,30.0,30.0,0.967741935483871,0.967741935483871,0.967741935483871,4824,1.0,29.999998673849394,30.000000402331512,30.000001560557838,0.9677419341039015,0.9677419359025302,0.9677419371077605
343,5.716666666666667,True,valid,0.005777317104639872,0.007777247257357331,0.015839257329639866,3.993167568461273,3.993230088341186,0.00010782526673925473,4.001665489348804,0.09911568247624873,0.1095196774709001,0.00033122601968581835,1585.0,17.970890069405435,6.225508887957525e-06,0,16194,0.06155773997306824,199,2.7939677238464355e-09,3240,1.0,30.0,30.0,30.0,0.967741935483871,0.967741935483871,0.967741935483871,3240,1.0,30.0,30.0,30.0,0.967741935483871,0.967741935483871,0.967741935483871,4824,1.0,29.999998673849394,30.000000402331512,30.000001560557838,0.9677419341039015,0.9677419359025302,0.9677419371077605
344,5.733333333333333,True,valid,0.005850200688754057,0.007842214848031137,0.01598741183986284,3.977148437347555,3.9772106480489264,0.00010444348362989956,3.9855034410884724,0.09857773408047772,0.10932165348686029,0.0003299750363039569,1585.0,17.882595896877948,6.206222287722354e-06,0,16206,0.05464402586221695,198,1.862645149230957e-09,3240,1.0,30.0,30.0,30.0,0.967741935483871,0.967741935483871,0.967741935483871,3240,1.0,30.0,30.0,30.0,0.967741935483871,0.967741935483871,0.967741935483871,4824,1.0,29.999998673849394,30.000000402331512,30.000001560557838,0.9677419341039015,0.9677419359025302,0.9677419371077605
345,5.75,True,valid,0.0059042265519403045,0.0078542365085733,0.016138627659434523,3.930600384960289,3.9306615569422862,0.00010456588130533009,3.938683845555217,0.09717660843117308,0.10060854685393024,0.0003262139619054105,1585.0,17.60048464729463,6.141644402641355e-06,0,16206,0.060245681554079056,199,3.725290298461914e-09,3240,1.0,30.0,30.0,30.0,0.967741935483871,0.967741935483871,0.967741935483871,3240,1.0,30.0,30.0,30.0,0.967741935483871,0.967741935483871,0.967741935483871,4824,1.0,29.999998673849394,30.000000402331512,30.000001560557838,0.9677419341039015,0.9677419359025302,0.9677419371077605
346,5.766666666666667,True,valid,0.005927172561996226,0.007851439318446132,0.016195221812702772,3.85646653842926,3.8565263848585336,0.00010140761637373809,3.8649367836021105,0.09508681013489076,0.1027452820316721,0.00032061472908311267,1585.0,17.19865633743273,6.040156279780611e-06,0,16206,0.06635093688964844,200,3.725290298461914e-09,3240,1.0,30.0,30.0,30.0,0.967741935483871,0.967741935483871,0.967741935483871,3240,1.0,30.0,30.0,30.0,0.967741935483871,0.967741935483871,0.967741935483871,4824,1.0,29.999998673849394,30.000000402331512,30.000001560557838,0.9677419341039015,0.9677419359025302,0.9677419371077605
347,5.783333333333333,True,valid,0.005923331776372005,0.007823723831503041,0.016086703868512017,3.7538691248547513,3.7539267048586544,0.00012897961411192178,3.766926885557453,0.0922985792617222,0.2321401660053615,0.00031300976666243097,1585.0,16.658434294483026,5.899140652956523e-06,0,16207,0.07229737937450409,201,5.587935447692871e-09,3240,1.0,30.0,30.0,30.0,0.967741935483871,0.967741935483871,0.967741935483871,3240,1.0,30.0,30.0,30.0,0.967741935483871,0.967741935483871,0.967741935483871,4824,1.0,29.999998673849394,30.000000402331512,30.000001560557838,0.9677419341039015,0.9677419359025302,0.9677419371077605
348,5.8,True,valid,0.005895642436438333,0.007755690197081973,0.015827884535708037,3.623915406613191,3.6239709446103827,9.485976372109604e-05,3.6321685967560122,0.08862990783745395,0.09701396687641571,0.00030318263160369945,1585.0,15.94437767919848,5.7171206795361e-06,0,16200,0.07808580994606018,204,7.450580596923828e-09,3240,1.0,30.0,30.0,30.0,0.967741935483871,0.967741935483871,0.967741935483871,3240,1.0,30.0,30.0,30.0,0.967741935483871,0.967741935483871,0.967741935483871,4824,1.0,29.999998673849394,30.000000402331512,30.000001560557838,0.9677419341039015,0.9677419359025302,0.9677419371077605
349,5.816666666666666,True,valid,0.005857541955807176,0.007656509313571229,0.015501665079542362,3.468661081466597,3.468713363982381,0.00011648391249206856,3.477417381773827,0.08437503156675931,0.12167394533645202,0.00029138193407842415,1585.0,15.081143743058362,5.502691247599761e-06,0,16176,0.08360322564840317,200,3.725290298461914e-09,3240,1.0,30.0,30.0,30.0,0.967741935483871,0.967741935483871,0.967741935483871,3240,1.0,30.0,30.0,30.0,0.967741935483871,0.967741935483871,0.967741935483871,4824,1.0,29.999998673849394,30.000000402331512,30.000001560557838,0.9677419341039015,0.9677419359025302,0.9677419371077605
350,5.833333333333333,True,valid,0.005831819012995114,0.007537923206629178,0.015163924618685395,3.290161517731949,3.2902105472500156,8.617806089675789e-05,3.298257462509584,0.0794211291151615,0.10303819813256362,0.0002781762536115679,1585.0,14.096648929819926,5.255391630120182e-06,0,16148,0.08888036757707596,202,3.725290298461914e-09,3240,1.0,30.0,30.0,30.0,0.967741935483871,0.967741935483871,0.967741935483871,3240,1.0,30.0,30.0,30.0,0.967741935483871,0.967741935483871,0.967741935483871,4824,1.0,29.999998673849394,30.000000402331512,30.000001560557838,0.9677419341039015,0.9677419359025302,0.9677419371077605
351,5.85,True,valid,0.005828584222002642,0.0074039507207924165,0.014887313265805098,3.09319623705042,3.0932415448664545,7.97335074987382e-05,3.1016766672636353,0.07390618123377758,0.10122418065425906,0.00026337983765851937,1585.0,13.093898468445602,4.983485518704819e-06,0,16116,0.09377655386924744,200,3.725290298461914e-09,3240,1.0,30.0,30.0,30.0,0.967741935483871,0.967741935483871,0.967741935483871,3240,1.0,30.0,30.0,30.0,0.967741935483871,0.967741935483871,0.967741935483871,4824,1.0,29.999998673849394,30.000000402331512,30.000001560557838,0.9677419341039015,0.9677419359025302,0.9677419371077605
352,5.866666666666666,True,valid,0.005850457189598155,0.007263838806918044,0.014721571308555578,2.8799554987765075,2.879996454964462,7.350217727203063e-05,2.8886291243717013,0.06762064808824753,0.10841947788253954,0.0002475729357420035,1585.0,12.034502027822228,4.695567026124398e-06,0,16065,0.09828269481658936,199,7.450580596923828e-09,3240,1.0,30.0,30.0,30.0,0.967741935483871,0.967741935483871,0.967741935483871,3240,1.0,30.0,30.0,30.0,0.967741935483871,0.967741935483871,0.967741935483871,4824,1.0,29.999998673849394,30.000000402331512,30.000001560557838,0.9677419341039015,0.9677419359025302,0.9677419371077605
353,5.883333333333334,True,valid,0.005893504258522498,0.007118906522870287,0.014658471240366172,2.6578195972157226,2.657855866174538,6.655148056641774e-05,2.666331387005483,0.060977731337662024,0.10268018405899401,0.00023113943624948033,1585.0,10.861609715097027,4.400369797370831e-06,0,16035,0.10234645754098892,200,3.725290298461914e-09,3240,1.0,30.0,30.0,30.0,0.967741935483871,0.967741935483871,0.967741935483871,3240,1.0,30.0,30.0,30.0,0.967741935483871,0.967741935483871,0.967741935483871,4824,1.0,29.999998673849394,30.000000402331512,30.000001560557838,0.9677419341039015,0.9677419359025302,0.9677419371077605
354,5.9,True,valid,0.005936152754418888,0.006937185497619826,0.01464006281295218,2.4249204020901143,2.4249508151123367,6.870473930539891e-05,2.4341770504815514,0.053782111005073234,0.12521189060200397,0.00021382377414877113,1585.0,9.636467351490637,4.093590192709185e-06,0,15970,0.10592689365148544,200,3.725290298461914e-09,3240,1.0,30.0,30.0,30.0,0.967741935483871,0.967741935483871,0.967741935483871,3240,1.0,30.0,30.0,30.0,0.967741935483871,0.967741935483871,0.967741935483871,4824,1.0,29.999998673849394,30.000000402331512,30.000001560557838,0.9677419341039015,0.9677419359025302,0.9677419371077605
355,5.916666666666667,True,valid,0.005951382587067163,0.006723801578409746,0.01459411361549014,2.188393120821003,2.188419273654114,6.287588109654201e-05,2.1996000820383412,0.046217126593573944,0.12370852756874981,0.00019650723830797303,1585.0,8.33193444126039,3.7849246393129957e-06,0,15889,0.10894797742366791,202,7.450580596923828e-09,3240,1.0,30.0,30.0,30.0,0.967741935483871,0.967741935483871,0.967741935483871,3240,1.0,30.0,30.0,30.0,0.967741935483871,0.967741935483871,0.967741935483871,4824,1.0,29.999998673849394,30.000000402331512,30.000001560557838,0.9677419341039015,0.9677419359025302,0.9677419371077605
356,5.933333333333334,True,valid,0.005928280728327077,0.006459572939198076,0.01449162055801524,1.952634666918578,1.9526547405578902,4.845194354875139e-05,1.9663337512936847,0.03827006416752146,0.14028963495167415,0.0001795958810408088,1585.0,6.954551031705221,3.482086110368925e-06,0,15836,0.11136561632156372,201,7.450580596923828e-09,3240,1.0,30.0,30.0,30.0,0.967741935483871,0.967741935483871,0.967741935483871,3240,1.0,30.0,30.0,30.0,0.967741935483871,0.967741935483871,0.967741935483871,4824,1.0,29.999998673849394,30.000000402331512,30.000001560557838,0.9677419341039015,0.9677419359025302,0.9677419371077605
357,5.95,True,valid,0.00586443087181272,0.006138254659089238,0.014344462361783801,1.7290090199591273,1.729023818359302,4.5108816978510805e-05,1.7413819794501895,0.030036251749930302,0.11889935966594714,0.00016360744792469695,1585.0,5.553257430835377,3.2003523307360885e-06,0,15776,0.11318066716194153,202,7.450580596923828e-09,3240,1.0,30.0,30.0,30.0,0.967741935483871,0.967741935483871,0.967741935483871,3240,1.0,30.0,30.0,30.0,0.967741935483871,0.967741935483871,0.967741935483871,4824,1.0,29.999998673849394,30.000000402331512,30.000001560557838,0.9677419341039015,0.9677419359025302,0.9677419371077605
358,5.966666666666667,True,valid,0.005771251481225136,0.00576738382337524,0.014151137770780486,1.5300837238979335,1.5300931640905857,3.5719030834001295e-05,1.5427859665117174,0.02150985726792946,0.12146956036418025,0.00014993583296468965,1585.0,4.343649156209905,2.9587925563356767e-06,0,15737,0.1143609881401062,203,7.450580596923828e-09,3240,1.0,30.0,30.0,30.0,0.967741935483871,0.967741935483871,0.967741935483871,3240,1.0,30.0,30.0,30.0,0.967741935483871,0.967741935483871,0.967741935483871,4824,1.0,29.999998673849394,30.000000402331512,30.000001560557838,0.9677419341039015,0.9677419359025302,0.9677419371077605
359,5.983333333333333,True,valid,0.00565848538946414,0.005357686818871221,0.013969948383401366,1.3756562469716036,1.3756617233341522,2.6398727102455485e-05,1.3945625869622076,0.012962551576330363,0.15364236068914144,0.00013967745964858002,1585.0,3.2184282921170437,2.774640051209609e-06,0,15625,0.11488117277622223,202,7.450580596923828e-09,3240,1.0,30.0,30.0,30.0,0.967741935483871,0.967741935483871,0.967741935483871,3240,1.0,30.0,30.0,30.0,0.967741935483871,0.967741935483871,0.967741935483871,4824,1.0,29.999998673849394,30.000000402331512,30.000001560557838,0.9677419341039015,0.9677419359025302,0.9677419371077605
360,6.0,True,valid,0.005546579438382747,0.004920216906384962,0.013867856629411255,1.2937255826990646,1.2937286051262276,2.1341290915763875e-05,1.3087984658644105,0.004784248597893752,0.1211166121225982,0.00013364584701222048,1585.0,2.829278914333974,2.6689211664585924e-06,0,15504,0.11476172506809235,200,7.450580596923828e-09,3240,1.0,30.0,30.0,30.0,0.967741935483871,0.967741935483871,0.967741935483871,3240,1.0,30.0,30.0,30.0,0.967741935483871,0.967741935483871,0.967741935483871,4824,1.0,29.999998673849394,30.000000402331512,30.000001560557838,0.9677419341039015,0.9677419359025302,0.9677419371077605
