frame,time_s,valid,status,stretch_score,shear_score,bend_score,original_rms_N,alm_rms_N,constitutive_gap_rms_N,elastic_rms_N,damping_rms_N,contact_rms_N,inertia_rms_N,free_vertices,original_max_N,iterate_change_rms_m,self_contact_vt_candidates,self_contact_ee_candidates,body_max_abs_translation_m,soft_contact_count,pin_error_m,tri_stretch_active_rows,tri_stretch_floor_fraction,tri_stretch_rho_over_k_min,tri_stretch_rho_over_k_median,tri_stretch_rho_over_k_max,tri_stretch_effective_over_k_min,tri_stretch_effective_over_k_median,tri_stretch_effective_over_k_max,tri_area_active_rows,tri_area_floor_fraction,tri_area_rho_over_k_min,tri_area_rho_over_k_median,tri_area_rho_over_k_max,tri_area_effective_over_k_min,tri_area_effective_over_k_median,tri_area_effective_over_k_max,bend_active_rows,bend_floor_fraction,bend_rho_over_k_min,bend_rho_over_k_median,bend_rho_over_k_max,bend_effective_over_k_min,bend_effective_over_k_median,bend_effective_over_k_max
0,0.0,True,valid,0.0,0.0,0.0,,,,,,,,,,,0,0,0.1509999930858612,0,0.0,0,,,,,,,,0,,,,,,,,0,,,,,,,
1,0.016666666666666666,True,valid,0.0028828586729157603,0.0015871977963972182,0.003952439577259252,96.28720361327086,96.28730389991352,0.0006274994002564073,96.29706115406677,0.1134727373201102,0.0,0.00013632730358655322,1585.0,193.30255502741494,2.51986982361135e-06,0,15504,0.14950264990329742,0,0.0,3240,1.0,60.0,60.0,60.0,0.9836065573770492,0.9836065573770492,0.9836065573770492,3240,1.0,60.0,60.0,60.0,0.9836065573770492,0.9836065573770492,0.9836065573770492,4824,1.0,59.99999734769879,60.000000804663024,60.000003121115675,0.9836065566642566,0.9836065575932983,0.9836065582158332
2,0.03333333333333333,True,valid,0.004686146064417532,0.0029550427747185217,0.04356619012523685,149.81624972892814,149.8163531650456,0.0007252302035089749,149.82672284410089,0.27360860936988435,0.0,0.00019683588941376385,1585.0,320.22725013894757,3.823140379066537e-06,0,15504,0.14528286457061768,0,0.0,3240,1.0,60.0,60.0,60.0,0.9836065573770492,0.9836065573770492,0.9836065573770492,3240,1.0,60.0,60.0,60.0,0.9836065573770492,0.9836065573770492,0.9836065573770492,4824,1.0,59.99999734769879,60.000000804663024,60.000003121115675,0.9836065566642566,0.9836065575932983,0.9836065582158332
3,0.05,True,valid,0.0035315434060934387,0.0034107453621469827,0.09791311151549231,107.26960548722809,107.26975671385735,0.0007357106705832393,107.25919818630629,0.2543867712814346,0.0,0.00011760770025060399,1585.0,358.8827492205257,2.531798667045319e-06,0,15504,0.13834063708782196,0,0.0,3240,1.0,60.0,60.0,60.0,0.9836065573770492,0.9836065573770492,0.9836065573770492,3240,1.0,60.0,60.0,60.0,0.9836065573770492,0.9836065573770492,0.9836065573770492,4824,1.0,59.99999734769879,60.000000804663024,60.000003121115675,0.9836065566642566,0.9836065575932983,0.9836065582158332
4,0.06666666666666667,True,valid,0.0048769023664453235,0.005236254911895872,0.1263863241560527,115.75123715171088,115.7513859115793,0.0007386905486408242,115.76405096008233,0.27175732843524414,0.0,0.00011794556217572172,1585.0,469.5085680281564,2.6883338544080674e-06,0,15590,0.12867596745491028,0,0.0,3240,1.0,60.0,60.0,60.0,0.9836065573770492,0.9836065573770492,0.9836065573770492,3240,1.0,60.0,60.0,60.0,0.9836065573770492,0.9836065573770492,0.9836065573770492,4824,1.0,59.99999734769879,60.000000804663024,60.000003121115675,0.9836065566642566,0.9836065575932983,0.9836065582158332
5,0.08333333333333333,True,valid,0.0074836996903023525,0.007092492069114401,0.1490425386859296,161.2504869966291,161.2506490800874,0.0008167416918394844,161.46571428809654,0.3752003167031111,7.399225358404583,0.00017080805121023882,1585.0,582.7846874143116,3.81879747159226e-06,0,15636,0.11628885567188263,9,0.0,3240,1.0,60.0,60.0,60.0,0.9836065573770492,0.9836065573770492,0.9836065573770492,3240,1.0,60.0,60.0,60.0,0.9836065573770492,0.9836065573770492,0.9836065573770492,4824,1.0,59.99999734769879,60.000000804663024,60.000003121115675,0.9836065566642566,0.9836065575932983,0.9836065582158332
6,0.1,True,valid,0.008233671676702912,0.007630601711844634,0.17711626714541412,188.00714837068355,188.0072866990499,0.0009690315332080584,188.91799698142788,0.5716530633863376,17.67494501267307,0.0001979821012012533,1585.0,727.5128895347782,4.365908253265033e-06,0,15658,0.10117930173873901,83,0.0,3240,1.0,60.0,60.0,60.0,0.9836065573770492,0.9836065573770492,0.9836065573770492,3240,1.0,60.0,60.0,60.0,0.9836065573770492,0.9836065573770492,0.9836065573770492,4824,1.0,59.99999734769879,60.000000804663024,60.000003121115675,0.9836065566642566,0.9836065575932983,0.9836065582158332
7,0.11666666666666667,True,valid,0.006004548793550426,0.005805935706813394,0.19767341296010088,146.03808145041978,146.03824853261722,0.0012084005864011409,154.8604242662729,1.1726607697151652,59.14210485488664,0.0001671316446178225,1585.0,638.1876277263491,3.4590588883789418e-06,0,15644,0.08536507189273834,165,0.0,3240,1.0,60.0,60.0,60.0,0.9836065573770492,0.9836065573770492,0.9836065573770492,3240,1.0,60.0,60.0,60.0,0.9836065573770492,0.9836065573770492,0.9836065573770492,4824,1.0,59.99999734769879,60.000000804663024,60.000003121115675,0.9836065566642566,0.9836065575932983,0.9836065582158332
8,0.13333333333333333,True,valid,0.003847613387873778,0.004482110712718217,0.20746823943933826,104.1908993248447,104.19108097455727,0.0009899999223024446,122.72953058045516,0.8101793874444418,64.97606185123186,0.0001277349368746955,1585.0,544.0631818954249,2.450937254864752e-06,0,15692,0.08604462444782257,185,0.0,3240,1.0,60.0,60.0,60.0,0.9836065573770492,0.9836065573770492,0.9836065573770492,3240,1.0,60.0,60.0,60.0,0.9836065573770492,0.9836065573770492,0.9836065573770492,4824,1.0,59.99999734769879,60.000000804663024,60.000003121115675,0.9836065566642566,0.9836065575932983,0.9836065582158332
9,0.15,True,valid,0.0038607739422708816,0.004233104143527089,0.20297933383717953,118.62947184985639,118.62970625703598,0.0011543876658113685,134.17667806807574,0.8448390535960577,62.69489706501475,0.00015557411734643564,1585.0,557.0924521583212,2.801899145591303e-06,0,15724,0.08571311831474304,205,0.0,3240,1.0,60.0,60.0,60.0,0.9836065573770492,0.9836065573770492,0.9836065573770492,3240,1.0,60.0,60.0,60.0,0.9836065573770492,0.9836065573770492,0.9836065573770492,4824,1.0,59.99999734769879,60.000000804663024,60.000003121115675,0.9836065566642566,0.9836065575932983,0.9836065582158332
10,0.16666666666666666,True,valid,0.004825408743178393,0.004401291790758532,0.19368898321499525,135.24124218035797,135.24143478132174,0.0010394347558512155,147.97054124619928,0.6863222163825887,61.301813920627296,0.0001729722792951117,1585.0,676.4151632293543,3.2666929697985596e-06,0,15656,0.08455095440149307,214,0.0,3240,1.0,60.0,60.0,60.0,0.9836065573770492,0.9836065573770492,0.9836065573770492,3240,1.0,60.0,60.0,60.0,0.9836065573770492,0.9836065573770492,0.9836065573770492,4824,1.0,59.99999734769879,60.000000804663024,60.000003121115675,0.9836065566642566,0.9836065575932983,0.9836065582158332
11,0.18333333333333332,True,valid,0.005073384217323322,0.004433485083664344,0.18749901854398054,134.31461521681788,134.3147970761612,0.000959311067097409,149.63232897365432,0.6945186518371532,63.43036210350996,0.0001589559109959242,1585.0,606.238185202895,3.1658696883628484e-06,0,15617,0.08339749276638031,212,0.0,3240,1.0,60.0,60.0,60.0,0.9836065573770492,0.9836065573770492,0.9836065573770492,3240,1.0,60.0,60.0,60.0,0.9836065573770492,0.9836065573770492,0.9836065573770492,4824,1.0,59.99999734769879,60.000000804663024,60.000003121115675,0.9836065566642566,0.9836065575932983,0.9836065582158332
12,0.2,True,valid,0.005260457857633828,0.004407628953750267,0.18500150189936523,131.77921801762798,131.77934842204814,0.0007659078023050265,143.15123406193135,0.5409410160480547,51.948311785214706,0.00015684879680279197,1585.0,454.2713785330211,3.1384371578060843e-06,0,15589,0.08233648538589478,214,0.0,3240,1.0,60.0,60.0,60.0,0.9836065573770492,0.9836065573770492,0.9836065573770492,3240,1.0,60.0,60.0,60.0,0.9836065573770492,0.9836065573770492,0.9836065573770492,4824,1.0,59.99999734769879,60.000000804663024,60.000003121115675,0.9836065566642566,0.9836065575932983,0.9836065582158332
13,0.21666666666666667,True,valid,0.005114941642894622,0.004153876834270868,0.18212551499518712,128.29204702081898,128.29218157768,0.0007962734892650882,133.62941627722333,0.6498991973690723,33.64450909894099,0.00015693547524674693,1585.0,494.28511147357807,3.0756316225875257e-06,0,15563,0.08020703494548798,218,0.0,3240,1.0,60.0,60.0,60.0,0.9836065573770492,0.9836065573770492,0.9836065573770492,3240,1.0,60.0,60.0,60.0,0.9836065573770492,0.9836065573770492,0.9836065573770492,4824,1.0,59.99999734769879,60.000000804663024,60.000003121115675,0.9836065566642566,0.9836065575932983,0.9836065582158332
14,0.23333333333333334,True,valid,0.004752467064412487,0.0038204769912333087,0.18038353008169264,119.45655532160283,119.45667835228937,0.0007264190936238016,122.87342963529498,0.43516369954718054,25.83731634500316,0.00014694760143415086,1585.0,313.75745009396064,2.8599223638777415e-06,0,15563,0.07784856110811234,213,0.0,3240,1.0,60.0,60.0,60.0,0.9836065573770492,0.9836065573770492,0.9836065573770492,3240,1.0,60.0,60.0,60.0,0.9836065573770492,0.9836065573770492,0.9836065573770492,4824,1.0,59.99999734769879,60.000000804663024,60.000003121115675,0.9836065566642566,0.9836065575932983,0.9836065582158332
15,0.25,True,valid,0.004541991096365383,0.0037825000269948337,0.17705415618342243,113.5167772274578,113.51688827109322,0.0006610877159443233,116.54157339072547,0.3350200359566867,23.381067159070195,0.00014253045169419152,1585.0,333.21741658708146,2.738477079951273e-06,0,15559,0.07463125139474869,211,0.0,3240,1.0,60.0,60.0,60.0,0.9836065573770492,0.9836065573770492,0.9836065573770492,3240,1.0,60.0,60.0,60.0,0.9836065573770492,0.9836065573770492,0.9836065573770492,4824,1.0,59.99999734769879,60.000000804663024,60.000003121115675,0.9836065566642566,0.9836065575932983,0.9836065582158332
16,0.26666666666666666,True,valid,0.00460424140481058,0.003914038236426453,0.17646412158583324,115.71967277413768,115.7197786621672,0.0006477522048335908,118.69702333681747,0.26001230470978137,23.033862571650957,0.00014534386637931644,1585.0,295.9580516277439,2.78515931536955e-06,0,15558,0.07054370641708374,214,0.0,3240,1.0,60.0,60.0,60.0,0.9836065573770492,0.9836065573770492,0.9836065573770492,3240,1.0,60.0,60.0,60.0,0.9836065573770492,0.9836065573770492,0.9836065573770492,4824,1.0,59.99999734769879,60.000000804663024,60.000003121115675,0.9836065566642566,0.9836065575932983,0.9836065582158332
17,0.2833333333333333,True,valid,0.004769621906219082,0.003986929391078284,0.17758587730306444,120.57238570878522,120.57249763969273,0.0006611109992037207,123.77579612095873,0.21511512841750965,24.470707593994725,0.0001527122576204398,1585.0,335.74771384167593,2.9191885612006183e-06,0,15561,0.06807482987642288,222,0.0,3240,1.0,60.0,60.0,60.0,0.9836065573770492,0.9836065573770492,0.9836065573770492,3240,1.0,60.0,60.0,60.0,0.9836065573770492,0.9836065573770492,0.9836065573770492,4824,1.0,59.99999734769879,60.000000804663024,60.000003121115675,0.9836065566642566,0.9836065575932983,0.9836065582158332
18,0.3,True,valid,0.004850811963330039,0.004012199624720408,0.17945663691539143,121.37739275854211,121.37750582259702,0.000683913333352965,125.00112900415411,0.17153694302694844,26.6609166357638,0.0001511242313365065,1585.0,375.98862702603185,2.9100825690476546e-06,0,15559,0.06542239338159561,238,0.0,3240,1.0,60.0,60.0,60.0,0.9836065573770492,0.9836065573770492,0.9836065573770492,3240,1.0,60.0,60.0,60.0,0.9836065573770492,0.9836065573770492,0.9836065573770492,4824,1.0,59.99999734769879,60.000000804663024,60.000003121115675,0.9836065566642566,0.9836065575932983,0.9836065582158332
19,0.31666666666666665,True,valid,0.004709972012926928,0.004136523378248795,0.18159960581164106,111.67181066458149,111.67191102554153,0.0006402838689744159,116.65205484512185,0.20926089713624438,30.666857896761147,0.00013649750704605222,1585.0,280.05139751110687,2.665905936740354e-06,0,15560,0.06470226496458054,241,0.0,3240,1.0,60.0,60.0,60.0,0.9836065573770492,0.9836065573770492,0.9836065573770492,3240,1.0,60.0,60.0,60.0,0.9836065573770492,0.9836065573770492,0.9836065573770492,4824,1.0,59.99999734769879,60.000000804663024,60.000003121115675,0.9836065566642566,0.9836065575932983,0.9836065582158332
20,0.3333333333333333,True,valid,0.004864676200012184,0.004167357851565456,0.17986652012154478,106.16334712581619,106.16343762084195,0.0006334410696723625,113.65109791158083,0.20644358647187722,37.680466749389566,0.0001312385160599383,1585.0,253.9226680267583,2.5627076655004167e-06,0,15550,0.06467880308628082,243,0.0,3240,1.0,60.0,60.0,60.0,0.9836065573770492,0.9836065573770492,0.9836065573770492,3240,1.0,60.0,60.0,60.0,0.9836065573770492,0.9836065573770492,0.9836065573770492,4824,1.0,59.99999734769879,60.000000804663024,60.000003121115675,0.9836065566642566,0.9836065575932983,0.9836065582158332
21,0.35,True,valid,0.005447817145457181,0.004180585061704082,0.17738363750855984,113.7837553577921,113.78385492319846,0.0006496699269742294,122.26604899784175,0.26146744502532626,42.08173290022365,0.0001407954694091942,1585.0,291.6928888206911,2.77411665099879e-06,0,15560,0.06448306143283844,242,0.0,3240,1.0,60.0,60.0,60.0,0.9836065573770492,0.9836065573770492,0.9836065573770492,3240,1.0,60.0,60.0,60.0,0.9836065573770492,0.9836065573770492,0.9836065573770492,4824,1.0,59.99999734769879,60.000000804663024,60.000003121115675,0.9836065566642566,0.9836065575932983,0.9836065582158332
22,0.36666666666666664,True,valid,0.0057625981908038405,0.004267537453355671,0.17785290473121015,122.26994930251459,122.27005184279513,0.0006444132418056584,130.39663902585204,0.2574733725979961,41.975078308536354,0.00014759474295177491,1585.0,343.0015269952965,2.9590908256538783e-06,0,15558,0.06421779841184616,243,0.0,3240,1.0,60.0,60.0,60.0,0.9836065573770492,0.9836065573770492,0.9836065573770492,3240,1.0,60.0,60.0,60.0,0.9836065573770492,0.9836065573770492,0.9836065573770492,4824,1.0,59.99999734769879,60.000000804663024,60.000003121115675,0.9836065566642566,0.9836065575932983,0.9836065582158332
23,0.38333333333333336,True,valid,0.005609651020308438,0.004424367776051016,0.17813711177689992,120.0908519613923,120.09095340445573,0.0006766989526850387,129.7162103574328,0.22869098530386692,45.62738650588466,0.00014295759746227077,1585.0,357.48034383198694,2.8698036634770382e-06,0,15555,0.06428006291389465,243,0.0,3240,1.0,60.0,60.0,60.0,0.9836065573770492,0.9836065573770492,0.9836065573770492,3240,1.0,60.0,60.0,60.0,0.9836065573770492,0.9836065573770492,0.9836065573770492,4824,1.0,59.99999734769879,60.000000804663024,60.000003121115675,0.9836065566642566,0.9836065575932983,0.9836065582158332
24,0.4,True,valid,0.005279822623960023,0.0045849171145862545,0.1782692056627752,110.3158518568726,110.31594647875438,0.0006160137284229508,119.48863047736015,0.18530560950506936,43.35875193335582,0.0001339632208775319,1585.0,296.40795888362476,2.660998270313901e-06,0,15564,0.06461473554372787,240,0.0,3240,1.0,60.0,60.0,60.0,0.9836065573770492,0.9836065573770492,0.9836065573770492,3240,1.0,60.0,60.0,60.0,0.9836065573770492,0.9836065573770492,0.9836065573770492,4824,1.0,59.99999734769879,60.000000804663024,60.000003121115675,0.9836065566642566,0.9836065575932983,0.9836065582158332
25,0.4166666666666667,True,valid,0.005046606276468471,0.004474839825461873,0.17708241930471363,109.45623476414495,109.45634444835136,0.0007511241136110297,116.45290911954737,0.5158784654663559,35.85436307573283,0.00013278576019256624,1585.0,345.92342607146907,2.635889127876656e-06,0,15570,0.06469977647066116,242,0.0,3240,1.0,60.0,60.0,60.0,0.9836065573770492,0.9836065573770492,0.9836065573770492,3240,1.0,60.0,60.0,60.0,0.9836065573770492,0.9836065573770492,0.9836065573770492,4824,1.0,59.99999734769879,60.000000804663024,60.000003121115675,0.9836065566642566,0.9836065575932983,0.9836065582158332
26,0.43333333333333335,True,valid,0.004959515477674694,0.0043287902974579245,0.17629507058028077,114.95795774914724,114.95806414311993,0.0007153294727814982,119.57556778212027,0.46689941786105227,30.017940669671148,0.00014021497501030594,1585.0,363.4663467818805,2.7813224789371276e-06,0,15573,0.0645814910531044,234,0.0,3240,1.0,60.0,60.0,60.0,0.9836065573770492,0.9836065573770492,0.9836065573770492,3240,1.0,60.0,60.0,60.0,0.9836065573770492,0.9836065573770492,0.9836065573770492,4824,1.0,59.99999734769879,60.000000804663024,60.000003121115675,0.9836065566642566,0.9836065575932983,0.9836065582158332
27,0.45,True,valid,0.004834887164878632,0.004413548723691462,0.17750064328941775,117.5493540724431,117.54945521846628,0.0006782763113266938,121.65252401324102,0.27225953829974875,28.06832326700897,0.000141576615231483,1585.0,407.92711053795773,2.7955377606231362e-06,0,15589,0.06453461945056915,228,0.0,3240,1.0,60.0,60.0,60.0,0.9836065573770492,0.9836065573770492,0.9836065573770492,3240,1.0,60.0,60.0,60.0,0.9836065573770492,0.9836065573770492,0.9836065573770492,4824,1.0,59.99999734769879,60.000000804663024,60.000003121115675,0.9836065566642566,0.9836065575932983,0.9836065582158332
28,0.4666666666666667,True,valid,0.0047577977776197804,0.004410413205705636,0.1769966722111391,113.40715264761728,113.40725307387855,0.0006448007104530499,117.25835453153833,0.3438459086394465,27.975375773858246,0.00013544209642835529,1585.0,290.97907832390416,2.6745570859127367e-06,0,15616,0.064201720058918,221,0.0,3240,1.0,60.0,60.0,60.0,0.9836065573770492,0.9836065573770492,0.9836065573770492,3240,1.0,60.0,60.0,60.0,0.9836065573770492,0.9836065573770492,0.9836065573770492,4824,1.0,59.99999734769879,60.000000804663024,60.000003121115675,0.9836065566642566,0.9836065575932983,0.9836065582158332
29,0.48333333333333334,True,valid,0.004837600425842061,0.004111472963441935,0.17800114928223998,110.1631283559864,110.16321669236129,0.0007433332901109011,113.25324082626508,0.2630697824997868,24.208642515094933,0.00013474769042927002,1585.0,268.34741319563886,2.673101182266671e-06,0,15641,0.062450602650642395,211,0.0,3240,1.0,60.0,60.0,60.0,0.9836065573770492,0.9836065573770492,0.9836065573770492,3240,1.0,60.0,60.0,60.0,0.9836065573770492,0.9836065573770492,0.9836065573770492,4824,1.0,59.99999734769879,60.000000804663024,60.000003121115675,0.9836065566642566,0.9836065575932983,0.9836065582158332
30,0.5,True,valid,0.005084053058406616,0.004138160116879138,0.17799520008030223,111.05078436593384,111.05087128329612,0.0008329327423810503,114.03591132485326,0.32389181737341194,23.356732463531998,0.00013597830940891928,1585.0,294.1106217079719,2.7117358773022042e-06,0,15637,0.062668077647686,206,0.0,3240,1.0,60.0,60.0,60.0,0.9836065573770492,0.9836065573770492,0.9836065573770492,3240,1.0,60.0,60.0,60.0,0.9836065573770492,0.9836065573770492,0.9836065573770492,4824,1.0,59.99999734769879,60.000000804663024,60.000003121115675,0.9836065566642566,0.9836065575932983,0.9836065582158332
31,0.5166666666666667,True,valid,0.005270539608313493,0.004330753907065234,0.1758522516993377,113.14417455524895,113.14426561890345,0.0007882736374616024,115.22319811298128,0.3088506104029546,19.33663721780827,0.000136033010486492,1585.0,289.5798814085224,2.7411871240649564e-06,0,15605,0.06288556009531021,203,0.0,3240,1.0,60.0,60.0,60.0,0.9836065573770492,0.9836065573770492,0.9836065573770492,3240,1.0,60.0,60.0,60.0,0.9836065573770492,0.9836065573770492,0.9836065573770492,4824,1.0,59.99999734769879,60.000000804663024,60.000003121115675,0.9836065566642566,0.9836065575932983,0.9836065582158332
32,0.5333333333333333,True,valid,0.005380660484773438,0.004498584936621161,0.17193811549485327,116.96903824558467,116.96913678016176,0.0006678500874253438,117.3737715589518,0.44991869370553733,8.387950182053176,0.00013987013941520635,1585.0,534.8016810959288,2.8150655824878556e-06,0,15599,0.06708395481109619,199,0.0,3240,1.0,60.0,60.0,60.0,0.9836065573770492,0.9836065573770492,0.9836065573770492,3240,1.0,60.0,60.0,60.0,0.9836065573770492,0.9836065573770492,0.9836065573770492,4824,1.0,59.99999734769879,60.000000804663024,60.000003121115675,0.9836065566642566,0.9836065575932983,0.9836065582158332
33,0.55,True,valid,0.005285287505360836,0.004532511798336648,0.1679170077917863,114.93935689747958,114.93945010751612,0.0006557277436252032,115.19792324429073,0.36069643494225273,6.798946258110537,0.00014006280479550258,1585.0,255.58320833228848,2.7864007514595437e-06,0,15580,0.06978241354227066,198,0.0,3240,1.0,60.0,60.0,60.0,0.9836065573770492,0.9836065573770492,0.9836065573770492,3240,1.0,60.0,60.0,60.0,0.9836065573770492,0.9836065573770492,0.9836065573770492,4824,1.0,59.99999734769879,60.000000804663024,60.000003121115675,0.9836065566642566,0.9836065575932983,0.9836065582158332
34,0.5666666666666667,True,valid,0.005101943675330433,0.0045699615360958856,0.16475724183946217,107.28352399431405,107.2836117463527,0.0006467524832406688,107.44332627893095,0.34352467395799346,5.351233831040383,0.00013187049939843444,1585.0,282.0656114310289,2.6012351536922984e-06,0,15590,0.07099097222089767,196,0.0,3240,1.0,60.0,60.0,60.0,0.9836065573770492,0.9836065573770492,0.9836065573770492,3240,1.0,60.0,60.0,60.0,0.9836065573770492,0.9836065573770492,0.9836065573770492,4824,1.0,59.99999734769879,60.000000804663024,60.000003121115675,0.9836065566642566,0.9836065575932983,0.9836065582158332
35,0.5833333333333334,True,valid,0.00500718518201066,0.0045123425783947305,0.16044698363559645,110.07672218513643,110.07685170789128,0.000900198649251926,110.15795017978999,0.521492946210873,3.205870957952917,0.00013196178436979713,1585.0,521.1860443410765,2.6690905588280355e-06,0,15584,0.07066722959280014,189,0.0,3240,1.0,60.0,60.0,60.0,0.9836065573770492,0.9836065573770492,0.9836065573770492,3240,1.0,60.0,60.0,60.0,0.9836065573770492,0.9836065573770492,0.9836065573770492,4824,1.0,59.99999734769879,60.000000804663024,60.000003121115675,0.9836065566642566,0.9836065575932983,0.9836065582158332
36,0.6,True,valid,0.005049991892259936,0.004436604237142989,0.15462189556378897,113.81898725710116,113.819104464339,0.0007401947370812436,113.91697113445933,0.4608550875813228,4.0929849110646455,0.00013692150739652367,1585.0,473.840924008601,2.744422380629959e-06,0,15594,0.06954299658536911,187,0.0,3240,1.0,60.0,60.0,60.0,0.9836065573770492,0.9836065573770492,0.9836065573770492,3240,1.0,60.0,60.0,60.0,0.9836065573770492,0.9836065573770492,0.9836065573770492,4824,1.0,59.99999734769879,60.000000804663024,60.000003121115675,0.9836065566642566,0.9836065575932983,0.9836065582158332
37,0.6166666666666667,True,valid,0.004937127719231458,0.004302581211831298,0.15033058547015601,118.16763289220279,118.16775581686194,0.0008990722499816864,118.45816041214843,0.6220721883833691,8.792678390994045,0.00014234794375335994,1585.0,527.1939852694055,2.8667311148064495e-06,0,15578,0.06842610239982605,189,0.0,3240,1.0,60.0,60.0,60.0,0.9836065573770492,0.9836065573770492,0.9836065573770492,3240,1.0,60.0,60.0,60.0,0.9836065573770492,0.9836065573770492,0.9836065573770492,4824,1.0,59.99999734769879,60.000000804663024,60.000003121115675,0.9836065566642566,0.9836065575932983,0.9836065582158332
38,0.6333333333333333,True,valid,0.004727351381593216,0.004111819025678999,0.14685416441472582,111.37581941289494,111.37592425783335,0.0006606965009636428,111.57933675101692,0.6286003910573608,6.736731016033689,0.00013539316690241947,1585.0,427.7650092467482,2.7038496102096627e-06,0,15577,0.06635630130767822,187,0.0,3240,1.0,60.0,60.0,60.0,0.9836065573770492,0.9836065573770492,0.9836065573770492,3240,1.0,60.0,60.0,60.0,0.9836065573770492,0.9836065573770492,0.9836065573770492,4824,1.0,59.99999734769879,60.000000804663024,60.000003121115675,0.9836065566642566,0.9836065575932983,0.9836065582158332
39,0.65,True,valid,0.00468011744969573,0.004069477338025199,0.1436399203706261,106.46396902666484,106.46406957442788,0.0006559521749213002,106.52007640342431,0.4018291797508231,2.3070928533676818,0.00013115721281767791,1585.0,316.8363378748586,2.5999051492621883e-06,0,15577,0.06420312821865082,186,0.0,3240,1.0,60.0,60.0,60.0,0.9836065573770492,0.9836065573770492,0.9836065573770492,3240,1.0,60.0,60.0,60.0,0.9836065573770492,0.9836065573770492,0.9836065573770492,4824,1.0,59.99999734769879,60.000000804663024,60.000003121115675,0.9836065566642566,0.9836065575932983,0.9836065582158332
40,0.6666666666666666,True,valid,0.004767524305750777,0.004196745458350851,0.14348344042514422,108.78401613960715,108.7841140340691,0.0006407996728201065,108.79192115941507,0.2785213658710476,1.316908370732931,0.0001352077468636882,1585.0,257.21377909777334,2.6641273419261352e-06,0,15572,0.06259448081254959,188,0.0,3240,1.0,60.0,60.0,60.0,0.9836065573770492,0.9836065573770492,0.9836065573770492,3240,1.0,60.0,60.0,60.0,0.9836065573770492,0.9836065573770492,0.9836065573770492,4824,1.0,59.99999734769879,60.000000804663024,60.000003121115675,0.9836065566642566,0.9836065575932983,0.9836065582158332
41,0.6833333333333333,True,valid,0.0048914256206303575,0.004380218244682188,0.14583148007078062,108.79619475783333,108.79628449134273,0.0006259985349875651,108.80496247113159,0.23127686825660157,0.09565859318895265,0.00013374144954814168,1585.0,240.41463078448427,2.6564270771338426e-06,0,15565,0.061528801918029785,186,0.0,3240,1.0,60.0,60.0,60.0,0.9836065573770492,0.9836065573770492,0.9836065573770492,3240,1.0,60.0,60.0,60.0,0.9836065573770492,0.9836065573770492,0.9836065573770492,4824,1.0,59.99999734769879,60.000000804663024,60.000003121115675,0.9836065566642566,0.9836065575932983,0.9836065582158332
42,0.7,True,valid,0.004986998296215301,0.004445155084845196,0.15012590331126086,110.84515070574312,110.84525253625992,0.0007052552596522314,110.86151635452974,0.2676976542942872,1.9337860554716533,0.00013406902091642726,1585.0,415.30390494904356,2.6858843315429884e-06,0,15570,0.06155700981616974,186,0.0,3240,1.0,60.0,60.0,60.0,0.9836065573770492,0.9836065573770492,0.9836065573770492,3240,1.0,60.0,60.0,60.0,0.9836065573770492,0.9836065573770492,0.9836065573770492,4824,1.0,59.99999734769879,60.000000804663024,60.000003121115675,0.9836065566642566,0.9836065575932983,0.9836065582158332
43,0.7166666666666667,True,valid,0.005079629777151737,0.004527913332863043,0.15248791651518762,111.83839852840119,111.83849326848225,0.0006288750686300002,111.96669132126162,0.20949277575714573,5.7707997217479186,0.00013581182768078408,1585.0,253.5966734643611,2.7213347331549357e-06,0,15566,0.06155691668391228,185,0.0,3240,1.0,60.0,60.0,60.0,0.9836065573770492,0.9836065573770492,0.9836065573770492,3240,1.0,60.0,60.0,60.0,0.9836065573770492,0.9836065573770492,0.9836065573770492,4824,1.0,59.99999734769879,60.000000804663024,60.000003121115675,0.9836065566642566,0.9836065575932983,0.9836065582158332
44,0.7333333333333333,True,valid,0.005067312259101212,0.004556331016174853,0.15297911654606022,110.40936216312522,110.40945498852709,0.0006190319095125078,110.52260463974207,0.18358210963677862,4.563308477062336,0.0001344628182166225,1585.0,247.48503933305867,2.6847568787239093e-06,0,15557,0.0614846907556057,187,0.0,3240,1.0,60.0,60.0,60.0,0.9836065573770492,0.9836065573770492,0.9836065573770492,3240,1.0,60.0,60.0,60.0,0.9836065573770492,0.9836065573770492,0.9836065573770492,4824,1.0,59.99999734769879,60.000000804663024,60.000003121115675,0.9836065566642566,0.9836065575932983,0.9836065582158332
45,0.75,True,valid,0.004983902536578971,0.004347075027201276,0.153232207241867,109.02095411891563,109.02106240148099,0.0006996859679141909,109.11594177194925,0.35497078978051516,4.650056738290213,0.00013252523664211634,1585.0,364.6704708893648,2.6517727297184367e-06,0,15541,0.0615476630628109,187,0.0,3240,1.0,60.0,60.0,60.0,0.9836065573770492,0.9836065573770492,0.9836065573770492,3240,1.0,60.0,60.0,60.0,0.9836065573770492,0.9836065573770492,0.9836065573770492,4824,1.0,59.99999734769879,60.000000804663024,60.000003121115675,0.9836065566642566,0.9836065575932983,0.9836065582158332
46,0.7666666666666667,True,valid,0.004933837435679114,0.0042254068971709045,0.1529983027401325,107.68135650161116,107.6814441232267,0.0006176592350935538,107.81319249504291,0.17437382515871475,4.17464907699912,0.00013302033570943974,1585.0,228.8442299214459,2.6473033929264513e-06,0,15545,0.061842143535614014,188,0.0,3240,1.0,60.0,60.0,60.0,0.9836065573770492,0.9836065573770492,0.9836065573770492,3240,1.0,60.0,60.0,60.0,0.9836065573770492,0.9836065573770492,0.9836065573770492,4824,1.0,59.99999734769879,60.000000804663024,60.000003121115675,0.9836065566642566,0.9836065575932983,0.9836065582158332
47,0.7833333333333333,True,valid,0.004949695965735593,0.004248524751987704,0.153187089468652,107.95563286960967,107.95572545332992,0.0006169958520814651,108.04120532212235,0.16371255501932488,3.8701208567346246,0.00013296886652718694,1585.0,234.52355208263168,2.6398219625807867e-06,0,15544,0.0623110793530941,192,0.0,3240,1.0,60.0,60.0,60.0,0.9836065573770492,0.9836065573770492,0.9836065573770492,3240,1.0,60.0,60.0,60.0,0.9836065573770492,0.9836065573770492,0.9836065573770492,4824,1.0,59.99999734769879,60.000000804663024,60.000003121115675,0.9836065566642566,0.9836065575932983,0.9836065582158332
48,0.8,True,valid,0.004972841451530157,0.00428288438169883,0.15417068815905974,110.16236481419143,110.16244366551135,0.0006221214216401377,110.23793014133072,0.14057320476545995,3.4939529744383098,0.0001341947414220125,1585.0,241.38727240617982,2.6696039181100464e-06,0,15565,0.06262665241956711,196,0.0,3240,1.0,60.0,60.0,60.0,0.9836065573770492,0.9836065573770492,0.9836065573770492,3240,1.0,60.0,60.0,60.0,0.9836065573770492,0.9836065573770492,0.9836065573770492,4824,1.0,59.99999734769879,60.000000804663024,60.000003121115675,0.9836065566642566,0.9836065575932983,0.9836065582158332
49,0.8166666666666667,True,valid,0.004984086912289222,0.0042435312405351856,0.15554716866898396,110.49402683497397,110.49411309202712,0.0006238662155667962,110.59125546775148,0.12107284206542365,3.599584901460021,0.00013528810979409134,1585.0,241.04861935117685,2.6875589640599434e-06,0,15579,0.0626542866230011,201,0.0,3240,1.0,60.0,60.0,60.0,0.9836065573770492,0.9836065573770492,0.9836065573770492,3240,1.0,60.0,60.0,60.0,0.9836065573770492,0.9836065573770492,0.9836065573770492,4824,1.0,59.99999734769879,60.000000804663024,60.000003121115675,0.9836065566642566,0.9836065575932983,0.9836065582158332
50,0.8333333333333334,True,valid,0.004975396830747257,0.004220713729682275,0.1565062875106051,108.43493333768681,108.43502123536827,0.0006196473955151618,108.72659209649134,0.1358646815097281,7.869192518973262,0.0001335556452109353,1585.0,246.54980856746624,2.6477588449950313e-06,0,15579,0.062461938709020615,203,0.0,3240,1.0,60.0,60.0,60.0,0.9836065573770492,0.9836065573770492,0.9836065573770492,3240,1.0,60.0,60.0,60.0,0.9836065573770492,0.9836065573770492,0.9836065573770492,4824,1.0,59.99999734769879,60.000000804663024,60.000003121115675,0.9836065566642566,0.9836065575932983,0.9836065582158332
51,0.85,True,valid,0.004918906179149264,0.004090340213131732,0.1591752631251704,109.44805773195033,109.44817054203983,0.0008144719152554067,110.13938875432784,0.46764964394686637,12.115563876849388,0.0001360495357049243,1585.0,429.4813987273902,2.672862649815072e-06,0,15581,0.062003299593925476,205,0.0,3240,1.0,60.0,60.0,60.0,0.9836065573770492,0.9836065573770492,0.9836065573770492,3240,1.0,60.0,60.0,60.0,0.9836065573770492,0.9836065573770492,0.9836065573770492,4824,1.0,59.99999734769879,60.000000804663024,60.000003121115675,0.9836065566642566,0.9836065575932983,0.9836065582158332
52,0.8666666666666667,True,valid,0.004962838406269846,0.00407090943224493,0.15980221543023343,111.21604865212859,111.2161475786565,0.0006759538090719497,112.22091782879644,0.3154171622179747,15.037576639520768,0.0001347547726489996,1585.0,333.01614392771836,2.6937823286194985e-06,0,15556,0.06146556884050369,214,0.0,3240,1.0,60.0,60.0,60.0,0.9836065573770492,0.9836065573770492,0.9836065573770492,3240,1.0,60.0,60.0,60.0,0.9836065573770492,0.9836065573770492,0.9836065573770492,4824,1.0,59.99999734769879,60.000000804663024,60.000003121115675,0.9836065566642566,0.9836065575932983,0.9836065582158332
53,0.8833333333333333,True,valid,0.005038736216148913,0.004258118113625592,0.15971755286192546,111.51621888440275,111.51631314991015,0.0006364023871328958,112.24659100204524,0.25308639678243716,12.871691484480813,0.00013509817240985565,1585.0,401.82858866545,2.7150447776494404e-06,0,15557,0.061038773506879807,214,0.0,3240,1.0,60.0,60.0,60.0,0.9836065573770492,0.9836065573770492,0.9836065573770492,3240,1.0,60.0,60.0,60.0,0.9836065573770492,0.9836065573770492,0.9836065573770492,4824,1.0,59.99999734769879,60.000000804663024,60.000003121115675,0.9836065566642566,0.9836065575932983,0.9836065582158332
54,0.9,True,valid,0.004938782985906128,0.0043003955971963066,0.16036785362157324,109.32509974936366,109.32519353840124,0.0006190695039088432,109.789575344112,0.22746166804901596,10.7519461371191,0.00013173028590756538,1585.0,257.51308919606845,2.647215798948412e-06,0,15558,0.060789573937654495,214,0.0,3240,1.0,60.0,60.0,60.0,0.9836065573770492,0.9836065573770492,0.9836065573770492,3240,1.0,60.0,60.0,60.0,0.9836065573770492,0.9836065573770492,0.9836065573770492,4824,1.0,59.99999734769879,60.000000804663024,60.000003121115675,0.9836065566642566,0.9836065575932983,0.9836065582158332
55,0.9166666666666666,True,valid,0.00483782720616719,0.004138593273521224,0.15982656680274857,110.3557275117352,110.3558268211556,0.0006732434357430346,110.74701213061763,0.20869341477690997,10.430026882229392,0.00013407304478615058,1585.0,299.08472204019625,2.6734558701472657e-06,0,15559,0.06083908677101135,213,0.0,3240,1.0,60.0,60.0,60.0,0.9836065573770492,0.9836065573770492,0.9836065573770492,3240,1.0,60.0,60.0,60.0,0.9836065573770492,0.9836065573770492,0.9836065573770492,4824,1.0,59.99999734769879,60.000000804663024,60.000003121115675,0.9836065566642566,0.9836065575932983,0.9836065582158332
56,0.9333333333333333,True,valid,0.004805273132864465,0.004195352087862944,0.15866717165039373,108.84070533547175,108.84079600510404,0.0006097975566384337,109.26228485361825,0.22175924673253225,10.486515079261522,0.00013318146220020878,1585.0,237.8571720733659,2.6392160430721663e-06,0,15559,0.061343003064394,213,0.0,3240,1.0,60.0,60.0,60.0,0.9836065573770492,0.9836065573770492,0.9836065573770492,3240,1.0,60.0,60.0,60.0,0.9836065573770492,0.9836065573770492,0.9836065573770492,4824,1.0,59.99999734769879,60.000000804663024,60.000003121115675,0.9836065566642566,0.9836065575932983,0.9836065582158332
57,0.95,True,valid,0.004801009347598779,0.004193241475446095,0.15948998607885118,107.07872091205692,107.07880142239945,0.0006125956436200693,107.69250876011445,0.14641927406888003,12.204841691468927,0.00012976547236671576,1585.0,229.7478098671232,2.5856544408496863e-06,0,15556,0.06196102127432823,213,0.0,3240,1.0,60.0,60.0,60.0,0.9836065573770492,0.9836065573770492,0.9836065573770492,3240,1.0,60.0,60.0,60.0,0.9836065573770492,0.9836065573770492,0.9836065573770492,4824,1.0,59.99999734769879,60.000000804663024,60.000003121115675,0.9836065566642566,0.9836065575932983,0.9836065582158332
58,0.9666666666666667,True,valid,0.004958250935487223,0.004184410087695392,0.15941222072403974,108.39537713919215,108.39546480718882,0.0006177769193943511,109.08270296027398,0.1133526506665987,12.59589786374964,0.00013269688446100454,1585.0,234.44231168836203,2.6447654835241486e-06,0,15550,0.062366385012865067,214,0.0,3240,1.0,60.0,60.0,60.0,0.9836065573770492,0.9836065573770492,0.9836065573770492,3240,1.0,60.0,60.0,60.0,0.9836065573770492,0.9836065573770492,0.9836065573770492,4824,1.0,59.99999734769879,60.000000804663024,60.000003121115675,0.9836065566642566,0.9836065575932983,0.9836065582158332
59,0.9833333333333333,True,valid,0.005087938424397492,0.004196590639045365,0.15910159136200575,110.24535405622717,110.24543793374575,0.000612206785360435,111.00872009197498,0.13333339384835877,13.26439711644044,0.00013464718554672772,1585.0,244.05285568074268,2.6909547683195067e-06,0,15538,0.06255844980478287,211,0.0,3240,1.0,60.0,60.0,60.0,0.9836065573770492,0.9836065573770492,0.9836065573770492,3240,1.0,60.0,60.0,60.0,0.9836065573770492,0.9836065573770492,0.9836065573770492,4824,1.0,59.99999734769879,60.000000804663024,60.000003121115675,0.9836065566642566,0.9836065575932983,0.9836065582158332
60,1.0,True,valid,0.005084280618623394,0.0041739471696616145,0.15912120352783599,109.02979276953758,109.02988077155788,0.0006034764922981517,109.8814663421428,0.08978632215767701,13.718377968859443,0.00013266431731034714,1585.0,228.67492059326213,2.657982976142499e-06,0,15536,0.0628434270620346,209,0.0,3240,1.0,60.0,60.0,60.0,0.9836065573770492,0.9836065573770492,0.9836065573770492,3240,1.0,60.0,60.0,60.0,0.9836065573770492,0.9836065573770492,0.9836065573770492,4824,1.0,59.99999734769879,60.000000804663024,60.000003121115675,0.9836065566642566,0.9836065575932983,0.9836065582158332
61,1.0166666666666666,True,valid,0.005057844170130763,0.004100634619330932,0.15841778046251292,108.39998575400918,108.4000774274256,0.0006126745512155783,109.28935208334262,0.11026322038082574,13.544221051672725,0.00013230672318101087,1585.0,243.0075970698517,2.643341601615858e-06,0,15534,0.06326812505722046,209,3.448803909122944e-09,3240,1.0,60.0,60.0,60.0,0.9836065573770492,0.9836065573770492,0.9836065573770492,3240,1.0,60.0,60.0,60.0,0.9836065573770492,0.9836065573770492,0.9836065573770492,4824,1.0,59.99999734769879,60.000000804663024,60.000003121115675,0.9836065566642566,0.9836065575932983,0.9836065582158332
62,1.0333333333333334,True,valid,0.0050491036021435365,0.004021988343403456,0.15706538017711508,111.17786544741277,111.17797087994504,0.0006495775432204543,111.94046790512672,0.14814492702916085,12.00344355165252,0.0001373723875097754,1585.0,254.0992752391438,2.701988831251265e-06,0,15656,0.06373075395822525,206,1.7462298274040222e-09,3240,1.0,60.0,60.0,60.0,0.9836065573770492,0.9836065573770492,0.9836065573770492,3240,1.0,60.0,60.0,60.0,0.9836065573770492,0.9836065573770492,0.9836065573770492,4824,1.0,59.99999734769879,60.000000804663024,60.000003121115675,0.9836065566642566,0.9836065575932983,0.9836065582158332
63,1.05,True,valid,0.005052474210679259,0.0040400035759253555,0.15632899127518307,116.51379937305286,116.51393014571202,0.0007289641013786313,116.72057341177162,0.20966672150304422,5.685044372988944,0.00014458286776840163,1585.0,326.85229457441596,2.788114052582368e-06,0,15701,0.06422126293182373,202,3.026798367500305e-09,3240,1.0,60.0,60.0,60.0,0.9836065573770492,0.9836065573770492,0.9836065573770492,3240,1.0,60.0,60.0,60.0,0.9836065573770492,0.9836065573770492,0.9836065573770492,4824,1.0,59.99999734769879,60.000000804663024,60.000003121115675,0.9836065566642566,0.9836065575932983,0.9836065582158332
64,1.0666666666666667,True,valid,0.005071367182466894,0.004153549435284208,0.1568561470414771,123.72626571426883,123.72643522522644,0.000815662648276052,123.75298787613835,0.24272460293806603,2.2448066862928315,0.00015375516655293986,1585.0,388.7573236925801,2.908164537368686e-06,0,15772,0.06510947644710541,204,2.3283064365386963e-09,3240,1.0,60.0,60.0,60.0,0.9836065573770492,0.9836065573770492,0.9836065573770492,3240,1.0,60.0,60.0,60.0,0.9836065573770492,0.9836065573770492,0.9836065573770492,4824,1.0,59.99999734769879,60.000000804663024,60.000003121115675,0.9836065566642566,0.9836065575932983,0.9836065582158332
65,1.0833333333333333,True,valid,0.005100827140546304,0.004299015270004218,0.15816268029082817,132.33761294261924,132.33781023297857,0.0008899137476851261,132.362697587034,0.2933500313158026,0.7355894571292348,0.00016460015788601935,1585.0,446.25484076859436,3.0626820883990857e-06,0,15827,0.0662270188331604,212,2.7939677238464355e-09,3240,1.0,60.0,60.0,60.0,0.9836065573770492,0.9836065573770492,0.9836065573770492,3240,1.0,60.0,60.0,60.0,0.9836065573770492,0.9836065573770492,0.9836065573770492,4824,1.0,59.99999734769879,60.000000804663024,60.000003121115675,0.9836065566642566,0.9836065575932983,0.9836065582158332
66,1.1,True,valid,0.005111628371563062,0.004398940227873156,0.1596436365809866,142.00193299024951,142.00217410507048,0.0009988856846944666,142.02732493440348,0.3593839402890321,0.6599029127457282,0.0001772271449890184,1585.0,498.64012420655826,3.2410732082473717e-06,0,15889,0.06588558107614517,216,3.259629011154175e-09,3240,1.0,60.0,60.0,60.0,0.9836065573770492,0.9836065573770492,0.9836065573770492,3240,1.0,60.0,60.0,60.0,0.9836065573770492,0.9836065573770492,0.9836065573770492,4824,1.0,59.99999734769879,60.000000804663024,60.000003121115675,0.9836065566642566,0.9836065575932983,0.9836065582158332
67,1.1166666666666667,True,valid,0.005075998630111208,0.004421221676991585,0.1609480756397345,151.47223764213598,151.47250516657385,0.0010908594040834386,151.49932349140525,0.3950285310818065,1.0983363499467724,0.00019075711586968687,1585.0,548.4894357979797,3.4299210503320105e-06,0,15949,0.06463438272476196,221,2.7939677238464355e-09,3240,1.0,60.0,60.0,60.0,0.9836065573770492,0.9836065573770492,0.9836065573770492,3240,1.0,60.0,60.0,60.0,0.9836065573770492,0.9836065573770492,0.9836065573770492,4824,1.0,59.99999734769879,60.000000804663024,60.000003121115675,0.9836065566642566,0.9836065575932983,0.9836065582158332
68,1.1333333333333333,True,valid,0.005032333443171119,0.004477939561256872,0.16244661316959055,157.4038048105189,157.40411450358434,0.0011614751470823612,157.43317960352434,0.433043644128919,1.0915724539096827,0.00019838650306678234,1585.0,596.1669238431416,3.530209109651881e-06,0,15988,0.062401145696640015,230,3.725290298461914e-09,3240,1.0,60.0,60.0,60.0,0.9836065573770492,0.9836065573770492,0.9836065573770492,3240,1.0,60.0,60.0,60.0,0.9836065573770492,0.9836065573770492,0.9836065573770492,4824,1.0,59.99999734769879,60.000000804663024,60.000003121115675,0.9836065566642566,0.9836065575932983,0.9836065582158332
69,1.15,True,valid,0.005046637645520798,0.0046062941782662225,0.16425169760664346,163.58742721174212,163.5877557900175,0.0012285721152391715,163.67909967119428,0.4655719830386192,3.5400540036481476,0.00020698556334631396,1585.0,625.9398135551729,3.644551168692759e-06,0,16020,0.05958963930606842,230,2.7939677238464355e-09,3240,1.0,60.0,60.0,60.0,0.9836065573770492,0.9836065573770492,0.9836065573770492,3240,1.0,60.0,60.0,60.0,0.9836065573770492,0.9836065573770492,0.9836065573770492,4824,1.0,59.99999734769879,60.000000804663024,60.000003121115675,0.9836065566642566,0.9836065575932983,0.9836065582158332
70,1.1666666666666667,True,valid,0.005139242766772676,0.0048271675870510105,0.16547303644063727,170.06651762706161,170.06685705861028,0.0012712979066234148,170.26923741301187,0.4929984515569731,6.683256069843372,0.00021517257458770773,1585.0,665.5453777437245,3.7677585542888293e-06,0,16040,0.05701437219977379,219,6.51925802230835e-09,3240,1.0,60.0,60.0,60.0,0.9836065573770492,0.9836065573770492,0.9836065573770492,3240,1.0,60.0,60.0,60.0,0.9836065573770492,0.9836065573770492,0.9836065573770492,4824,1.0,59.99999734769879,60.000000804663024,60.000003121115675,0.9836065566642566,0.9836065575932983,0.9836065582158332
71,1.1833333333333333,True,valid,0.005228545553193327,0.00499129579351978,0.16556072781976183,175.11806826306713,175.11842675552995,0.00132806371269426,175.66242512681728,0.5595834491334786,11.368767130789287,0.0002214873889204405,1585.0,725.0497066816131,3.874164586769583e-06,0,16040,0.05564890801906586,218,5.587935447692871e-09,3240,1.0,60.0,60.0,60.0,0.9836065573770492,0.9836065573770492,0.9836065573770492,3240,1.0,60.0,60.0,60.0,0.9836065573770492,0.9836065573770492,0.9836065573770492,4824,1.0,59.99999734769879,60.000000804663024,60.000003121115675,0.9836065566642566,0.9836065575932983,0.9836065582158332
72,1.2,True,valid,0.005147514335753662,0.004923224151157724,0.16646043531529275,176.59616934007457,176.59653364957222,0.0013601804291268715,177.24926333672656,0.5800762091411853,13.491098359426307,0.00022338376572598299,1585.0,715.1971390035455,3.91805437782759e-06,0,16032,0.05867290496826172,221,5.587935447692871e-09,3240,1.0,60.0,60.0,60.0,0.9836065573770492,0.9836065573770492,0.9836065573770492,3240,1.0,60.0,60.0,60.0,0.9836065573770492,0.9836065573770492,0.9836065573770492,4824,1.0,59.99999734769879,60.000000804663024,60.000003121115675,0.9836065566642566,0.9836065575932983,0.9836065582158332
73,1.2166666666666666,True,valid,0.0050528223418852495,0.00504246594316575,0.16606710572172667,175.37391789954597,175.3742807194745,0.0013495855161771379,175.63728509557836,0.5645378000962646,8.648190834908013,0.00022189473879360636,1585.0,651.1140902813074,3.87081006593202e-06,0,16009,0.062160834670066833,205,1.862645149230957e-09,3240,1.0,60.0,60.0,60.0,0.9836065573770492,0.9836065573770492,0.9836065573770492,3240,1.0,60.0,60.0,60.0,0.9836065573770492,0.9836065573770492,0.9836065573770492,4824,1.0,59.99999734769879,60.000000804663024,60.000003121115675,0.9836065566642566,0.9836065575932983,0.9836065582158332
74,1.2333333333333334,True,valid,0.005076968018638023,0.005117437243582608,0.16486632848122063,174.0579322070828,174.05828648552523,0.0013312007185959055,174.2616413920895,0.5446328620219127,8.12426956553325,0.0002197845106933887,1585.0,668.735992371562,3.838974483654481e-06,0,16015,0.06570742279291153,193,3.725290298461914e-09,3240,1.0,60.0,60.0,60.0,0.9836065573770492,0.9836065573770492,0.9836065573770492,3240,1.0,60.0,60.0,60.0,0.9836065573770492,0.9836065573770492,0.9836065573770492,4824,1.0,59.99999734769879,60.000000804663024,60.000003121115675,0.9836065566642566,0.9836065575932983,0.9836065582158332
75,1.25,True,valid,0.005159518278428909,0.005018952031388651,0.16320140872651287,171.91928921186795,171.91963733625218,0.0012971302682076584,171.97974008376022,0.5551304223669696,5.25701026610441,0.0002181917808537743,1585.0,617.009808697093,3.832026843099772e-06,0,16017,0.07090284675359726,176,5.587935447692871e-09,3240,1.0,60.0,60.0,60.0,0.9836065573770492,0.9836065573770492,0.9836065573770492,3240,1.0,60.0,60.0,60.0,0.9836065573770492,0.9836065573770492,0.9836065573770492,4824,1.0,59.99999734769879,60.000000804663024,60.000003121115675,0.9836065566642566,0.9836065575932983,0.9836065582158332
76,1.2666666666666666,True,valid,0.005202547079107069,0.004844064623512963,0.16187507439797993,165.10431401905922,165.10462810905088,0.0015260100311236759,165.25902218080202,0.549971803880556,11.455212319201147,0.00020987567904572492,1585.0,560.5546861337928,3.7021155730772144e-06,0,16010,0.0756894052028656,171,3.725290298461914e-09,3240,1.0,60.0,60.0,60.0,0.9836065573770492,0.9836065573770492,0.9836065573770492,3240,1.0,60.0,60.0,60.0,0.9836065573770492,0.9836065573770492,0.9836065573770492,4824,1.0,59.99999734769879,60.000000804663024,60.000003121115675,0.9836065566642566,0.9836065575932983,0.9836065582158332
77,1.2833333333333334,True,valid,0.005236502701173222,0.0047535142779016725,0.16061307394216656,157.29171010069615,157.29200662304788,0.0018110897422971381,157.40098861825115,0.5245249462317867,5.259625681320422,0.00020040193223953606,1585.0,537.1851858701468,3.565797040863638e-06,0,16018,0.08174897730350494,156,7.450580596923828e-09,3240,1.0,60.0,60.0,60.0,0.9836065573770492,0.9836065573770492,0.9836065573770492,3240,1.0,60.0,60.0,60.0,0.9836065573770492,0.9836065573770492,0.9836065573770492,4824,1.0,59.99999734769879,60.000000804663024,60.000003121115675,0.9836065566642566,0.9836065575932983,0.9836065582158332
78,1.3,True,valid,0.005301394785629156,0.004787981932698011,0.15928456128079396,150.67876807903008,150.67902697367646,0.0010826729384728587,150.77008783539733,0.45998155613506175,4.422555898411157,0.00019118203368927812,1585.0,522.3668471220416,3.4534249545984135e-06,0,15990,0.0854848101735115,150,3.725290298461914e-09,3240,1.0,60.0,60.0,60.0,0.9836065573770492,0.9836065573770492,0.9836065573770492,3240,1.0,60.0,60.0,60.0,0.9836065573770492,0.9836065573770492,0.9836065573770492,4824,1.0,59.99999734769879,60.000000804663024,60.000003121115675,0.9836065566642566,0.9836065575932983,0.9836065582158332
79,1.3166666666666667,True,valid,0.005386915920786943,0.004910694611236771,0.15875425045318262,141.84489991993226,141.84511925487246,0.0010021303680681738,141.9174164604987,0.4143093941832911,3.3746496016914587,0.00017779835315507455,1585.0,474.93469970193746,3.2896450270084337e-06,0,15920,0.08838245272636414,160,7.450580596923828e-09,3240,1.0,60.0,60.0,60.0,0.9836065573770492,0.9836065573770492,0.9836065573770492,3240,1.0,60.0,60.0,60.0,0.9836065573770492,0.9836065573770492,0.9836065573770492,4824,1.0,59.99999734769879,60.000000804663024,60.000003121115675,0.9836065566642566,0.9836065575932983,0.9836065582158332
80,1.3333333333333333,True,valid,0.005498766575265315,0.005113913439111926,0.15935320239868325,134.1567331980547,134.15693022374174,0.0009458231720986193,134.21478022712742,0.33738970536622814,2.994104155864009,0.0001663379194142525,1585.0,444.76235486655906,3.1467321245696787e-06,0,15839,0.09031956642866135,163,7.450580596923828e-09,3240,1.0,60.0,60.0,60.0,0.9836065573770492,0.9836065573770492,0.9836065573770492,3240,1.0,60.0,60.0,60.0,0.9836065573770492,0.9836065573770492,0.9836065573770492,4824,1.0,59.99999734769879,60.000000804663024,60.000003121115675,0.9836065566642566,0.9836065575932983,0.9836065582158332
81,1.35,True,valid,0.0056361643415446085,0.005291986777101624,0.16113129154500289,126.92178576060225,126.92192849736601,0.0008045140544734088,127.20246708836542,0.37466429648500976,9.657155957817716,0.00015479031070327122,1585.0,436.49232556777224,3.01112706285667e-06,0,15738,0.09104587882757187,171,3.725290298461914e-09,3240,1.0,60.0,60.0,60.0,0.9836065573770492,0.9836065573770492,0.9836065573770492,3240,1.0,60.0,60.0,60.0,0.9836065573770492,0.9836065573770492,0.9836065573770492,4824,1.0,59.99999734769879,60.000000804663024,60.000003121115675,0.9836065566642566,0.9836065575932983,0.9836065582158332
82,1.3666666666666667,True,valid,0.005767605147999733,0.005397824372042122,0.16407034284621216,119.90668789260879,119.90680293516297,0.0007196969625639945,121.60383591427487,0.3432188620423104,20.160737039286538,0.00014511278830340644,1585.0,304.1172732638926,2.87079782849567e-06,0,15671,0.09489398449659348,172,3.725290298461914e-09,3240,1.0,60.0,60.0,60.0,0.9836065573770492,0.9836065573770492,0.9836065573770492,3240,1.0,60.0,60.0,60.0,0.9836065573770492,0.9836065573770492,0.9836065573770492,4824,1.0,59.99999734769879,60.000000804663024,60.000003121115675,0.9836065566642566,0.9836065575932983,0.9836065582158332
83,1.3833333333333333,True,valid,0.005857838426214374,0.005500380124132532,0.1728572059358478,117.8546627331524,117.85477519579909,0.0006774106675050587,120.86632071733872,0.37415548643356844,26.84997589557418,0.0001420072836061601,1585.0,327.6879348427874,2.8233870113453878e-06,0,15590,0.10304569453001022,172,3.725290298461914e-09,3240,1.0,60.0,60.0,60.0,0.9836065573770492,0.9836065573770492,0.9836065573770492,3240,1.0,60.0,60.0,60.0,0.9836065573770492,0.9836065573770492,0.9836065573770492,4824,1.0,59.99999734769879,60.000000804663024,60.000003121115675,0.9836065566642566,0.9836065575932983,0.9836065582158332
84,1.4,True,valid,0.005685822978967619,0.0050753693524544135,0.18764107376987957,125.58178634231784,125.58194814496571,0.0009219169508633898,128.54474303596086,0.50191081275383,29.98199228949977,0.00014611903185281704,1585.0,620.2178524731986,2.8995608783992828e-06,0,15695,0.1106586754322052,182,7.450580596923828e-09,3240,1.0,60.0,60.0,60.0,0.9836065573770492,0.9836065573770492,0.9836065573770492,3240,1.0,60.0,60.0,60.0,0.9836065573770492,0.9836065573770492,0.9836065573770492,4824,1.0,59.99999734769879,60.000000804663024,60.000003121115675,0.9836065566642566,0.9836065575932983,0.9836065582158332
85,1.4166666666666667,True,valid,0.005619318097220659,0.0051448195135142755,0.19222611263424758,129.93075518332768,129.9309288502673,0.0008397239246671595,132.04796501964768,0.6890112606084193,23.32562725071524,0.0001539012781078331,1585.0,1110.6395118094565,2.9927237603761237e-06,0,15794,0.11613792181015015,191,3.725290298461914e-09,3240,1.0,60.0,60.0,60.0,0.9836065573770492,0.9836065573770492,0.9836065573770492,3240,1.0,60.0,60.0,60.0,0.9836065573770492,0.9836065573770492,0.9836065573770492,4824,1.0,59.99999734769879,60.000000804663024,60.000003121115675,0.9836065566642566,0.9836065575932983,0.9836065582158332
86,1.4333333333333333,True,valid,0.005610733858652874,0.005194512984681971,0.19814302320364188,143.43347544072262,143.43367895159682,0.0009954662658553778,143.90273553090657,0.6171921472117645,11.713383318097204,0.0001756501872128526,1585.0,474.20033434597286,3.241386816705959e-06,0,15900,0.11301879584789276,200,3.725290298461914e-09,3240,1.0,60.0,60.0,60.0,0.9836065573770492,0.9836065573770492,0.9836065573770492,3240,1.0,60.0,60.0,60.0,0.9836065573770492,0.9836065573770492,0.9836065573770492,4824,1.0,59.99999734769879,60.000000804663024,60.000003121115675,0.9836065566642566,0.9836065575932983,0.9836065582158332
87,1.45,True,valid,0.005669145086919264,0.005483489086408976,0.20427282855084308,154.74951530127214,154.74979250623795,0.001238546864381518,155.08613643069032,0.7917346279562756,14.037726873085022,0.0001871095961717639,1585.0,508.12799967216716,3.4021568134600246e-06,0,16022,0.1060415729880333,204,7.450580596923828e-09,3240,1.0,60.0,60.0,60.0,0.9836065573770492,0.9836065573770492,0.9836065573770492,3240,1.0,60.0,60.0,60.0,0.9836065573770492,0.9836065573770492,0.9836065573770492,4824,1.0,59.99999734769879,60.000000804663024,60.000003121115675,0.9836065566642566,0.9836065575932983,0.9836065582158332
88,1.4666666666666666,True,valid,0.005936869454726521,0.005780098896203658,0.2057262126566547,179.12855296634038,179.12888716068696,0.0012667921223628927,181.22857426943295,0.8405984296354284,29.411623756238246,0.00022548820434258951,1585.0,672.2636736265158,3.94148453870215e-06,0,16137,0.09908933937549591,207,3.725290298461914e-09,3240,1.0,60.0,60.0,60.0,0.9836065573770492,0.9836065573770492,0.9836065573770492,3240,1.0,60.0,60.0,60.0,0.9836065573770492,0.9836065573770492,0.9836065573770492,4824,1.0,59.99999734769879,60.000000804663024,60.000003121115675,0.9836065566642566,0.9836065575932983,0.9836065582158332
89,1.4833333333333334,True,valid,0.005876598392550699,0.0056235275851902414,0.20920678186773356,195.24129980086707,195.24166629939094,0.0014353392978974189,199.5117539353273,0.9417930160768097,48.26133912234783,0.00024492467368693256,1585.0,778.6996965448047,4.238573510372201e-06,0,16127,0.09802746772766113,201,7.450580596923828e-09,3240,1.0,60.0,60.0,60.0,0.9836065573770492,0.9836065573770492,0.9836065573770492,3240,1.0,60.0,60.0,60.0,0.9836065573770492,0.9836065573770492,0.9836065573770492,4824,1.0,59.99999734769879,60.000000804663024,60.000003121115675,0.9836065566642566,0.9836065575932983,0.9836065582158332
90,1.5,True,valid,0.005583776823600027,0.0054742367961779104,0.21200496337530858,210.03919293466433,210.0397027753355,0.001727328464325596,213.55141536870983,1.0554760992147725,40.1520066297841,0.00027146287462710006,1585.0,889.7791188787722,4.52510521082391e-06,0,16203,0.09819088876247406,197,3.725290298461914e-09,3240,1.0,60.0,60.0,60.0,0.9836065573770492,0.9836065573770492,0.9836065573770492,3240,1.0,60.0,60.0,60.0,0.9836065573770492,0.9836065573770492,0.9836065573770492,4824,1.0,59.99999734769879,60.000000804663024,60.000003121115675,0.9836065566642566,0.9836065575932983,0.9836065582158332
91,1.5166666666666666,True,valid,0.005623593861855543,0.005962407675619519,0.21009397615467926,235.1700871976827,235.17070460646354,0.00203319015485032,237.67489703929934,1.380463248760096,37.15172955853786,0.00031046002255059944,1585.0,975.2644224986202,5.034168069332808e-06,0,16165,0.09781178086996078,186,1.862645149230957e-09,3240,1.0,60.0,60.0,60.0,0.9836065573770492,0.9836065573770492,0.9836065573770492,3240,1.0,60.0,60.0,60.0,0.9836065573770492,0.9836065573770492,0.9836065573770492,4824,1.0,59.99999734769879,60.000000804663024,60.000003121115675,0.9836065566642566,0.9836065575932983,0.9836065582158332
92,1.5333333333333334,True,valid,0.005502393507765123,0.005823279997691864,0.21214173408084788,266.45288582470323,266.45363548288765,0.0024622935772797123,268.35154312161427,1.435413673510443,33.81611162355816,0.00035636892131998637,1585.0,1318.9685735342266,5.70069260421457e-06,0,16143,0.09673216938972473,181,3.725290298461914e-09,3240,1.0,60.0,60.0,60.0,0.9836065573770492,0.9836065573770492,0.9836065573770492,3240,1.0,60.0,60.0,60.0,0.9836065573770492,0.9836065573770492,0.9836065573770492,4824,1.0,59.99999734769879,60.000000804663024,60.000003121115675,0.9836065566642566,0.9836065575932983,0.9836065582158332
93,1.55,True,valid,0.0053169272155028265,0.005750345165764501,0.2130837198380433,279.741069006976,279.7418131029636,0.002407070827822496,281.56905000161277,1.5616055367952928,38.78838708314354,0.0003746584215775132,1585.0,1637.9583134199488,5.986448147954373e-06,34,16177,0.0951107069849968,183,2.7939677238464355e-09,3240,1.0,60.0,60.0,60.0,0.9836065573770492,0.9836065573770492,0.9836065573770492,3240,1.0,60.0,60.0,60.0,0.9836065573770492,0.9836065573770492,0.9836065573770492,4824,1.0,59.99999734769879,60.000000804663024,60.000003121115675,0.9836065566642566,0.9836065575932983,0.9836065582158332
94,1.5666666666666667,True,valid,0.005149807702714089,0.0059612544704392995,0.21375040454148933,305.1459874048584,305.146809020535,0.0026891292525846873,307.047432949534,1.6615646851123218,35.70266733168774,0.0004120427211087914,1585.0,2216.4097973969037,6.485650284464631e-06,63,16403,0.08906404674053192,184,2.7939677238464355e-09,3240,1.0,60.0,60.0,60.0,0.9836065573770492,0.9836065573770492,0.9836065573770492,3240,1.0,60.0,60.0,60.0,0.9836065573770492,0.9836065573770492,0.9836065573770492,4824,1.0,59.99999734769879,60.000000804663024,60.000003121115675,0.9836065566642566,0.9836065575932983,0.9836065582158332
95,1.5833333333333333,True,valid,0.005137670616603124,0.006218059770331029,0.21268225684777198,321.7247161042791,321.7255950265115,0.002800523749796068,323.45717121928817,1.7005862282331685,37.32670931301453,0.000434199981979677,1585.0,2147.4854282053734,6.8086152440957945e-06,109,16711,0.08255449682474136,182,2.9103830456733704e-09,3240,1.0,60.0,60.0,60.0,0.9836065573770492,0.9836065573770492,0.9836065573770492,3240,1.0,60.0,60.0,60.0,0.9836065573770492,0.9836065573770492,0.9836065573770492,4824,1.0,59.99999734769879,60.000000804663024,60.000003121115675,0.9836065566642566,0.9836065575932983,0.9836065582158332
96,1.6,True,valid,0.005336972092268049,0.006480533182360617,0.20913831456294274,331.61308307037126,331.6139895401841,0.0028206878606456417,333.8224886128117,1.79591348289684,37.05180929910491,0.00044561938561865633,1585.0,2058.4880139582897,7.012440417941042e-06,168,17035,0.07537885755300522,184,3.259629011154175e-09,3240,1.0,60.0,60.0,60.0,0.9836065573770492,0.9836065573770492,0.9836065573770492,3240,1.0,60.0,60.0,60.0,0.9836065573770492,0.9836065573770492,0.9836065573770492,4824,1.0,59.99999734769879,60.000000804663024,60.000003121115675,0.9836065566642566,0.9836065575932983,0.9836065582158332
97,1.6166666666666667,True,valid,0.00543957825759544,0.0068163612622382875,0.20577007574482697,335.4569508870884,335.45784192012263,0.002774367768781518,337.6792380990536,1.831568287807866,34.2488326982933,0.00044519738704798376,1585.0,2006.6714443614173,7.071493712955263e-06,186,17459,0.06701131910085678,192,2.7939677238464355e-09,3240,1.0,60.0,60.0,60.0,0.9836065573770492,0.9836065573770492,0.9836065573770492,3240,1.0,60.0,60.0,60.0,0.9836065573770492,0.9836065573770492,0.9836065573770492,4824,1.0,59.99999734769879,60.000000804663024,60.000003121115675,0.9836065566642566,0.9836065575932983,0.9836065582158332
98,1.6333333333333333,True,valid,0.005532750624385793,0.007084349741455459,0.2019949657327722,332.76987412292726,332.7707596315717,0.0027406745813414665,334.77021235714085,1.8747431954942553,32.92938581465583,0.00043989151433345677,1585.0,1810.2523410535373,7.034504920672739e-06,182,17382,0.05774423107504845,205,5.587935447692871e-09,3240,1.0,60.0,60.0,60.0,0.9836065573770492,0.9836065573770492,0.9836065573770492,3240,1.0,60.0,60.0,60.0,0.9836065573770492,0.9836065573770492,0.9836065573770492,4824,1.0,59.99999734769879,60.000000804663024,60.000003121115675,0.9836065566642566,0.9836065575932983,0.9836065582158332
99,1.65,True,valid,0.00580213836736871,0.00735373404527822,0.19824448971912972,329.15776766844687,329.1586147660168,0.0026561291122236563,330.72601034023484,1.8350225476397894,27.433533327232528,0.00043283418000012754,1585.0,1631.4431871164209,6.976541899247518e-06,112,16975,0.06684351712465286,218,1.862645149230957e-09,3240,1.0,60.0,60.0,60.0,0.9836065573770492,0.9836065573770492,0.9836065573770492,3240,1.0,60.0,60.0,60.0,0.9836065573770492,0.9836065573770492,0.9836065573770492,4824,1.0,59.99999734769879,60.000000804663024,60.000003121115675,0.9836065566642566,0.9836065575932983,0.9836065582158332
100,1.6666666666666667,True,valid,0.006145483648727341,0.007664985064271743,0.19331635087534385,322.5121935195217,322.5130645743744,0.0029031880195271188,323.63132542512307,1.82325579757144,23.18456122931311,0.00042474648165546843,1585.0,1474.2692981380824,6.923803109274002e-06,0,16322,0.07803403586149216,190,5.587935447692871e-09,3240,1.0,60.0,60.0,60.0,0.9836065573770492,0.9836065573770492,0.9836065573770492,3240,1.0,60.0,60.0,60.0,0.9836065573770492,0.9836065573770492,0.9836065573770492,4824,1.0,59.99999734769879,60.000000804663024,60.000003121115675,0.9836065566642566,0.9836065575932983,0.9836065582158332
101,1.6833333333333333,True,valid,0.006372361941267048,0.008104161873192989,0.1865349930190801,308.7751749704121,308.7759883575811,0.0026663234615764107,309.45698551000714,1.9678155691934258,18.420712813085512,0.0004127213594464677,1585.0,1289.9423742624483,6.6626364707795565e-06,0,16200,0.08924905955791473,139,7.450580596923828e-09,3240,1.0,60.0,60.0,60.0,0.9836065573770492,0.9836065573770492,0.9836065573770492,3240,1.0,60.0,60.0,60.0,0.9836065573770492,0.9836065573770492,0.9836065573770492,4824,1.0,59.99999734769879,60.000000804663024,60.000003121115675,0.9836065566642566,0.9836065575932983,0.9836065582158332
102,1.7,True,valid,0.006606495823547581,0.008632389212073868,0.18464495604600306,300.03481665375824,300.03558973662626,0.0025839004560965764,300.63590377552566,1.6211274537915599,16.179304136156933,0.0003990250016235027,1585.0,1138.5542380148465,6.492744926583294e-06,0,16193,0.09907615929841995,117,7.450580596923828e-09,3240,1.0,60.0,60.0,60.0,0.9836065573770492,0.9836065573770492,0.9836065573770492,3240,1.0,60.0,60.0,60.0,0.9836065573770492,0.9836065573770492,0.9836065573770492,4824,1.0,59.99999734769879,60.000000804663024,60.000003121115675,0.9836065566642566,0.9836065575932983,0.9836065582158332
103,1.7166666666666666,True,valid,0.006725666605355789,0.0087912045840433,0.18272911418719254,280.5568917580718,280.557633328275,0.00251461106792013,280.60028995301406,1.723998283925676,4.872469565213466,0.0003738791166867791,1585.0,1054.222168525242,6.161035307428562e-06,0,16231,0.1092214360833168,105,7.450580596923828e-09,3240,1.0,60.0,60.0,60.0,0.9836065573770492,0.9836065573770492,0.9836065573770492,3240,1.0,60.0,60.0,60.0,0.9836065573770492,0.9836065573770492,0.9836065573770492,4824,1.0,59.99999734769879,60.000000804663024,60.000003121115675,0.9836065566642566,0.9836065575932983,0.9836065582158332
104,1.7333333333333334,True,valid,0.006647950858879734,0.00886147847384528,0.18132727559154924,274.40316222747003,274.4038314982,0.0023229194143855846,274.509008646545,1.581656707961787,2.1720261733991877,0.00036068936177509244,1585.0,1110.6578287597563,5.986107523068538e-06,0,16184,0.11775221675634384,116,3.725290298461914e-09,3240,1.0,60.0,60.0,60.0,0.9836065573770492,0.9836065573770492,0.9836065573770492,3240,1.0,60.0,60.0,60.0,0.9836065573770492,0.9836065573770492,0.9836065573770492,4824,1.0,59.99999734769879,60.000000804663024,60.000003121115675,0.9836065566642566,0.9836065575932983,0.9836065582158332
105,1.75,True,valid,0.006615858377655791,0.008532133472591285,0.18131415556420782,254.3641446443238,254.36476253939597,0.002214021495375138,254.35408186897382,1.4030614880545484,7.970667423516299,0.0003317864642111118,1585.0,969.7019583571766,5.596973032338098e-06,0,16107,0.13144421577453613,134,3.725290298461914e-09,3240,1.0,60.0,60.0,60.0,0.9836065573770492,0.9836065573770492,0.9836065573770492,3240,1.0,60.0,60.0,60.0,0.9836065573770492,0.9836065573770492,0.9836065573770492,4824,1.0,59.99999734769879,60.000000804663024,60.000003121115675,0.9836065566642566,0.9836065575932983,0.9836065582158332
106,1.7666666666666666,True,valid,0.00693082896913705,0.00833620790781288,0.18588393782786136,249.0484333663768,249.04903226421422,0.0020389416692876004,249.43332299197235,1.3828679232740757,19.289865241887778,0.0003224615519429789,1585.0,1099.745922000999,5.483198519186156e-06,0,16162,0.145136296749115,134,7.450580596923828e-09,3240,1.0,60.0,60.0,60.0,0.9836065573770492,0.9836065573770492,0.9836065573770492,3240,1.0,60.0,60.0,60.0,0.9836065573770492,0.9836065573770492,0.9836065573770492,4824,1.0,59.99999734769879,60.000000804663024,60.000003121115675,0.9836065566642566,0.9836065575932983,0.9836065582158332
107,1.7833333333333334,True,valid,0.007147664799272628,0.007802409269745172,0.19919902984089866,228.16654155405286,228.16709450705105,0.002027283967076936,228.8100913609886,1.476406574628525,18.77292972934275,0.0002910678104851617,1585.0,946.1177078645885,4.986533195192282e-06,0,16132,0.15581414103507996,150,7.450580596923828e-09,3240,1.0,60.0,60.0,60.0,0.9836065573770492,0.9836065573770492,0.9836065573770492,3240,1.0,60.0,60.0,60.0,0.9836065573770492,0.9836065573770492,0.9836065573770492,4824,1.0,59.99999734769879,60.000000804663024,60.000003121115675,0.9836065566642566,0.9836065575932983,0.9836065582158332
108,1.8,True,valid,0.00718430595698999,0.007420443116717289,0.20723225246821045,201.45590871098085,201.45645274751607,0.0018864995999564958,201.94244796834676,1.3212829559214636,14.61405453621391,0.00026263600207385813,1585.0,705.7172048893254,4.516854630000423e-06,0,16116,0.16251623630523682,166,7.450580596923828e-09,3240,1.0,60.0,60.0,60.0,0.9836065573770492,0.9836065573770492,0.9836065573770492,3240,1.0,60.0,60.0,60.0,0.9836065573770492,0.9836065573770492,0.9836065573770492,4824,1.0,59.99999734769879,60.000000804663024,60.000003121115675,0.9836065566642566,0.9836065575932983,0.9836065582158332
109,1.8166666666666667,True,valid,0.007191454210564149,0.007358957427846241,0.20947168714035946,195.64463560027806,195.64508428317956,0.001837575682292498,196.62067420103872,1.1991942479267463,19.480487888583134,0.00024001203428364594,1585.0,920.5154066578343,4.326993213429815e-06,0,16091,0.16717426478862762,176,7.450580596923828e-09,3240,1.0,60.0,60.0,60.0,0.9836065573770492,0.9836065573770492,0.9836065573770492,3240,1.0,60.0,60.0,60.0,0.9836065573770492,0.9836065573770492,0.9836065573770492,4824,1.0,59.99999734769879,60.000000804663024,60.000003121115675,0.9836065566642566,0.9836065575932983,0.9836065582158332
110,1.8333333333333333,True,valid,0.006880846140616141,0.00708980134093841,0.2153192108646752,178.13576891276236,178.13608178748163,0.0013659543640339876,180.1311508104651,1.1154237904550153,28.204599816830576,0.0002251769175511807,1585.0,584.6801565296817,4.035566945179557e-06,0,16035,0.16659113764762878,171,7.450580596923828e-09,3240,1.0,60.0,60.0,60.0,0.9836065573770492,0.9836065573770492,0.9836065573770492,3240,1.0,60.0,60.0,60.0,0.9836065573770492,0.9836065573770492,0.9836065573770492,4824,1.0,59.99999734769879,60.000000804663024,60.000003121115675,0.9836065566642566,0.9836065575932983,0.9836065582158332
111,1.85,True,valid,0.006459019923645732,0.00661551976964705,0.22330987042985884,163.15387136419338,163.15415275454313,0.001415821644221116,165.49053189805053,1.1602102315841099,28.424411784616613,0.0001974865043443122,1585.0,783.1067403527501,3.7316622248784354e-06,0,15951,0.16461870074272156,175,7.450580596923828e-09,3240,1.0,60.0,60.0,60.0,0.9836065573770492,0.9836065573770492,0.9836065573770492,3240,1.0,60.0,60.0,60.0,0.9836065573770492,0.9836065573770492,0.9836065573770492,4824,1.0,59.99999734769879,60.000000804663024,60.000003121115675,0.9836065566642566,0.9836065575932983,0.9836065582158332
112,1.8666666666666667,True,valid,0.006172421952749651,0.00600987920602141,0.22408101623389426,152.54979379905438,152.55005167797927,0.0013593423484011542,155.3678644332634,1.1697958714047538,28.58767166535586,0.00017921387607309325,1585.0,718.6436896182764,3.5402708016706448e-06,0,15840,0.16197136044502258,177,7.450580596923828e-09,3240,1.0,60.0,60.0,60.0,0.9836065573770492,0.9836065573770492,0.9836065573770492,3240,1.0,60.0,60.0,60.0,0.9836065573770492,0.9836065573770492,0.9836065573770492,4824,1.0,59.99999734769879,60.000000804663024,60.000003121115675,0.9836065566642566,0.9836065575932983,0.9836065582158332
113,1.8833333333333333,True,valid,0.0058265994516140335,0.005480818306152018,0.2240735660391332,149.38084109051945,149.38112419692513,0.001663796134000814,155.50316781587705,1.3366925248047854,40.3370466400742,0.0001660736806478291,1585.0,1538.9292010611198,3.4672016790094273e-06,0,15735,0.16014568507671356,193,7.450580596923828e-09,3240,1.0,60.0,60.0,60.0,0.9836065573770492,0.9836065573770492,0.9836065573770492,3240,1.0,60.0,60.0,60.0,0.9836065573770492,0.9836065573770492,0.9836065573770492,4824,1.0,59.99999734769879,60.000000804663024,60.000003121115675,0.9836065566642566,0.9836065575932983,0.9836065582158332
114,1.9,True,valid,0.005569903526319493,0.005320805345192267,0.22188557857411426,131.9314484710753,131.93159035269682,0.0009219886101159875,143.22075390007353,0.9433834652803735,56.785688669809254,0.00015612138088732535,1585.0,540.5044237320019,3.0970647819533665e-06,0,15801,0.160909503698349,189,7.450580596923828e-09,3240,1.0,60.0,60.0,60.0,0.9836065573770492,0.9836065573770492,0.9836065573770492,3240,1.0,60.0,60.0,60.0,0.9836065573770492,0.9836065573770492,0.9836065573770492,4824,1.0,59.99999734769879,60.000000804663024,60.000003121115675,0.9836065566642566,0.9836065575932983,0.9836065582158332
115,1.9166666666666667,True,valid,0.0054274208399307374,0.005281628488300566,0.2200238044230359,134.13273446407237,134.132928675632,0.0011305335620549134,149.36498108406153,0.8713425212883403,66.57735793436318,0.00015579469937916293,1585.0,647.7144609335887,3.0719397429248818e-06,0,15884,0.15911735594272614,185,7.450580596923828e-09,3240,1.0,60.0,60.0,60.0,0.9836065573770492,0.9836065573770492,0.9836065573770492,3240,1.0,60.0,60.0,60.0,0.9836065573770492,0.9836065573770492,0.9836065573770492,4824,1.0,59.99999734769879,60.000000804663024,60.000003121115675,0.9836065566642566,0.9836065575932983,0.9836065582158332
116,1.9333333333333333,True,valid,0.005324810187385425,0.005276906549343691,0.21747890376595344,142.9724414790724,142.9726256815711,0.0009188378549588813,157.39861588351232,0.586337423842,66.65332235065667,0.00017243611795166361,1585.0,436.0974062859191,3.2447173581502273e-06,0,15916,0.15639998018741608,192,7.450580596923828e-09,3240,1.0,60.0,60.0,60.0,0.9836065573770492,0.9836065573770492,0.9836065573770492,3240,1.0,60.0,60.0,60.0,0.9836065573770492,0.9836065573770492,0.9836065573770492,4824,1.0,59.99999734769879,60.000000804663024,60.000003121115675,0.9836065566642566,0.9836065575932983,0.9836065582158332
117,1.95,True,valid,0.005184702859603808,0.0050744987013981255,0.21547987967167437,158.8029320371347,158.80317966117832,0.0010747968168380395,168.8870060342364,0.7842387589880192,58.56420291882897,0.0001928477962084806,1585.0,656.1675008496501,3.5177739191874047e-06,2,16008,0.15368260443210602,209,7.450580596923828e-09,3240,1.0,60.0,60.0,60.0,0.9836065573770492,0.9836065573770492,0.9836065573770492,3240,1.0,60.0,60.0,60.0,0.9836065573770492,0.9836065573770492,0.9836065573770492,4824,1.0,59.99999734769879,60.000000804663024,60.000003121115675,0.9836065566642566,0.9836065575932983,0.9836065582158332
118,1.9666666666666666,True,valid,0.004991522098093545,0.0049390695041592195,0.21318512581139337,170.81725136147136,170.817563696189,0.0012551844082326067,177.5614216268106,0.6817249460823583,49.947325103506756,0.0002127893484779697,1585.0,738.8814506660806,3.7178907806599475e-06,9,16161,0.1482735425233841,214,7.450580596923828e-09,3240,1.0,60.0,60.0,60.0,0.9836065573770492,0.9836065573770492,0.9836065573770492,3240,1.0,60.0,60.0,60.0,0.9836065573770492,0.9836065573770492,0.9836065573770492,4824,1.0,59.99999734769879,60.000000804663024,60.000003121115675,0.9836065566642566,0.9836065575932983,0.9836065582158332
119,1.9833333333333334,True,valid,0.004928649387970018,0.005065317415430554,0.2102741543407298,191.16181321269818,191.16219055785598,0.001385324690044911,195.43418971760144,0.6705394413555816,40.984598279435566,0.00024290165620423462,1585.0,804.2630942168702,4.142102925083147e-06,9,16198,0.142085999250412,209,3.725290298461914e-09,3240,1.0,60.0,60.0,60.0,0.9836065573770492,0.9836065573770492,0.9836065573770492,3240,1.0,60.0,60.0,60.0,0.9836065573770492,0.9836065573770492,0.9836065573770492,4824,1.0,59.99999734769879,60.000000804663024,60.000003121115675,0.9836065566642566,0.9836065575932983,0.9836065582158332
120,2.0,True,valid,0.004880400624583191,0.005231597576254065,0.20685211858683658,209.33864025596415,209.33910026012296,0.0015669505463133057,211.8323072929385,0.8835676241230845,32.792823712472845,0.0002699844044208388,1585.0,835.6443971706904,4.534251399951411e-06,2,16176,0.13589821755886078,201,3.725290298461914e-09,3240,1.0,60.0,60.0,60.0,0.9836065573770492,0.9836065573770492,0.9836065573770492,3240,1.0,60.0,60.0,60.0,0.9836065573770492,0.9836065573770492,0.9836065573770492,4824,1.0,59.99999734769879,60.000000804663024,60.000003121115675,0.9836065566642566,0.9836065575932983,0.9836065582158332
121,2.0166666666666666,True,valid,0.004929929728588664,0.005271061196810384,0.20448686193546042,232.38373665545612,232.3843104644014,0.0018751550236198672,234.69984319935608,1.126682737122124,32.98918007529698,0.00030585870806909186,1585.0,916.9835688852099,5.047956516234995e-06,0,16131,0.1299367994070053,190,3.725290298461914e-09,3240,1.0,60.0,60.0,60.0,0.9836065573770492,0.9836065573770492,0.9836065573770492,3240,1.0,60.0,60.0,60.0,0.9836065573770492,0.9836065573770492,0.9836065573770492,4824,1.0,59.99999734769879,60.000000804663024,60.000003121115675,0.9836065566642566,0.9836065575932983,0.9836065582158332
122,2.033333333333333,True,valid,0.00517071658398837,0.005694185096796117,0.20311318285789215,249.36745132883922,249.36811785047234,0.00207200797975136,251.088339325781,1.3859818272860391,28.592411637020586,0.00032758069640692546,1585.0,1017.4387224622958,5.367097670873467e-06,0,16142,0.12326318770647049,173,7.450580596923828e-09,3240,1.0,60.0,60.0,60.0,0.9836065573770492,0.9836065573770492,0.9836065573770492,3240,1.0,60.0,60.0,60.0,0.9836065573770492,0.9836065573770492,0.9836065573770492,4824,1.0,59.99999734769879,60.000000804663024,60.000003121115675,0.9836065566642566,0.9836065575932983,0.9836065582158332
123,2.05,True,valid,0.005423869526126407,0.006163785061885774,0.20051451826646247,271.48185030855507,271.4825818292894,0.002348824045582779,272.6038802834355,1.624724157874539,20.051836051128877,0.0003553464458932485,1585.0,1332.193079092581,5.861655585311866e-06,0,16146,0.11575146019458771,174,3.725290298461914e-09,3240,1.0,60.0,60.0,60.0,0.9836065573770492,0.9836065573770492,0.9836065573770492,3240,1.0,60.0,60.0,60.0,0.9836065573770492,0.9836065573770492,0.9836065573770492,4824,1.0,59.99999734769879,60.000000804663024,60.000003121115675,0.9836065566642566,0.9836065575932983,0.9836065582158332
124,2.066666666666667,True,valid,0.005470002955802159,0.006231602055476132,0.19683877957634452,285.21453185755377,285.21529382812406,0.0024933819040631206,285.3636662547653,1.5474351318962063,4.739383482386776,0.00037676549048874217,1585.0,1386.36572739259,6.115869629137751e-06,0,16182,0.10850446671247482,169,7.450580596923828e-09,3240,1.0,60.0,60.0,60.0,0.9836065573770492,0.9836065573770492,0.9836065573770492,3240,1.0,60.0,60.0,60.0,0.9836065573770492,0.9836065573770492,0.9836065573770492,4824,1.0,59.99999734769879,60.000000804663024,60.000003121115675,0.9836065566642566,0.9836065575932983,0.9836065582158332
125,2.0833333333333335,True,valid,0.005621188720286542,0.006651751401281362,0.19381539128134895,304.23740575384005,304.2382122282691,0.0026432767225029806,304.44723990410563,1.6965620628743672,2.809813772214172,0.0004013878940826796,1585.0,1694.384137697154,6.524567951916236e-06,0,16299,0.10078223794698715,157,3.725290298461914e-09,3240,1.0,60.0,60.0,60.0,0.9836065573770492,0.9836065573770492,0.9836065573770492,3240,1.0,60.0,60.0,60.0,0.9836065573770492,0.9836065573770492,0.9836065573770492,4824,1.0,59.99999734769879,60.000000804663024,60.000003121115675,0.9836065566642566,0.9836065575932983,0.9836065582158332
126,2.1,True,valid,0.00572563294190689,0.007028900732651765,0.1910888898287834,316.9311035787853,316.93192902504364,0.0026544582444727066,317.04115676043034,1.5112116387802559,2.431065696579111,0.000423921917342837,1585.0,1712.892795934922,6.811706823090407e-06,0,16301,0.09305158257484436,147,5.587935447692871e-09,3240,1.0,60.0,60.0,60.0,0.9836065573770492,0.9836065573770492,0.9836065573770492,3240,1.0,60.0,60.0,60.0,0.9836065573770492,0.9836065573770492,0.9836065573770492,4824,1.0,59.99999734769879,60.000000804663024,60.000003121115675,0.9836065566642566,0.9836065575932983,0.9836065582158332
127,2.1166666666666667,True,valid,0.005687863427528973,0.007301647086057999,0.1883177431756151,320.33390178515384,320.33474735854054,0.0026740513324466234,320.421846038439,1.6023186780028813,0.05325863641202907,0.00042675520890707276,1585.0,1651.328965317429,6.870809346564449e-06,0,16240,0.0856974795460701,141,5.587935447692871e-09,3240,1.0,60.0,60.0,60.0,0.9836065573770492,0.9836065573770492,0.9836065573770492,3240,1.0,60.0,60.0,60.0,0.9836065573770492,0.9836065573770492,0.9836065573770492,4824,1.0,59.99999734769879,60.000000804663024,60.000003121115675,0.9836065566642566,0.9836065575932983,0.9836065582158332
128,2.1333333333333333,True,valid,0.005468182698663642,0.007338926006634861,0.18625166352078015,322.9541772557565,322.9550311947484,0.0026449320289411767,323.0618825906118,1.5329294349021407,0.06735812392945409,0.00042705052136718423,1585.0,1444.3385046205365,6.909473774995206e-06,0,16260,0.07846469432115555,140,3.725290298461914e-09,3240,1.0,60.0,60.0,60.0,0.9836065573770492,0.9836065573770492,0.9836065573770492,3240,1.0,60.0,60.0,60.0,0.9836065573770492,0.9836065573770492,0.9836065573770492,4824,1.0,59.99999734769879,60.000000804663024,60.000003121115675,0.9836065566642566,0.9836065575932983,0.9836065582158332
129,2.15,True,valid,0.005405970207412101,0.00752559056215417,0.18542370023146118,325.32826486208313,325.3290905801814,0.00269611803870036,325.4302264889615,1.607556979556407,0.05767206624669502,0.00043236891481126844,1585.0,1428.0681816291124,6.956785563811979e-06,0,16228,0.07216840982437134,146,3.725290298461914e-09,3240,1.0,60.0,60.0,60.0,0.9836065573770492,0.9836065573770492,0.9836065573770492,3240,1.0,60.0,60.0,60.0,0.9836065573770492,0.9836065573770492,0.9836065573770492,4824,1.0,59.99999734769879,60.000000804663024,60.000003121115675,0.9836065566642566,0.9836065575932983,0.9836065582158332
130,2.1666666666666665,True,valid,0.005479669392307263,0.0076224929098417755,0.18540527647643068,325.30570030690916,325.3065452329555,0.0027141674354586244,325.43601857237485,1.595205531877514,0.7991251941526702,0.00043618135829630485,1585.0,1465.7814673956148,6.9932657939080535e-06,0,16225,0.06799615919589996,155,3.026798367500305e-09,3240,1.0,60.0,60.0,60.0,0.9836065573770492,0.9836065573770492,0.9836065573770492,3240,1.0,60.0,60.0,60.0,0.9836065573770492,0.9836065573770492,0.9836065573770492,4824,1.0,59.99999734769879,60.000000804663024,60.000003121115675,0.9836065566642566,0.9836065575932983,0.9836065582158332
131,2.183333333333333,True,valid,0.005609516090983488,0.00763816992997151,0.18638344209515972,329.73647065026233,329.7373075636604,0.00278982437743711,329.9133186609615,1.5768020309377506,8.148740188630573,0.00044615377479032567,1585.0,1301.3526591717798,7.110693126511515e-06,0,16238,0.06839948892593384,164,3.4924596548080444e-09,3240,1.0,60.0,60.0,60.0,0.9836065573770492,0.9836065573770492,0.9836065573770492,3240,1.0,60.0,60.0,60.0,0.9836065573770492,0.9836065573770492,0.9836065573770492,4824,1.0,59.99999734769879,60.000000804663024,60.000003121115675,0.9836065566642566,0.9836065575932983,0.9836065582158332
132,2.2,True,valid,0.005833582014670722,0.0077352148154081046,0.1868185959168294,329.41829024862216,329.41912358714137,0.0027835753788072607,329.8681621458519,1.7178351527213864,13.02422738238967,0.0004485285183059103,1585.0,1450.7766606386842,7.147285455992353e-06,0,16238,0.07092255353927612,167,2.7939677238464355e-09,3240,1.0,60.0,60.0,60.0,0.9836065573770492,0.9836065573770492,0.9836065573770492,3240,1.0,60.0,60.0,60.0,0.9836065573770492,0.9836065573770492,0.9836065573770492,4824,1.0,59.99999734769879,60.000000804663024,60.000003121115675,0.9836065566642566,0.9836065575932983,0.9836065582158332
133,2.216666666666667,True,valid,0.006043099394651537,0.007703391965833665,0.18878672706807204,332.0723922290291,332.0732675412076,0.0028872476796222594,332.60161194247326,1.6015666875989152,17.282887342542104,0.00045225680648766815,1585.0,1333.874907120776,7.23088373995455e-06,0,16184,0.07052479684352875,178,1.862645149230957e-09,3240,1.0,60.0,60.0,60.0,0.9836065573770492,0.9836065573770492,0.9836065573770492,3240,1.0,60.0,60.0,60.0,0.9836065573770492,0.9836065573770492,0.9836065573770492,4824,1.0,59.99999734769879,60.000000804663024,60.000003121115675,0.9836065566642566,0.9836065575932983,0.9836065582158332
134,2.2333333333333334,True,valid,0.006272714657826863,0.0077498423825458655,0.18905270823577233,322.16762884021347,322.16853467662224,0.0028853376599455804,323.3271203240564,1.6730613544745183,25.246507047742767,0.0004465444607645594,1585.0,1292.7149186111503,7.071219115294505e-06,0,16262,0.06920025497674942,182,1.862645149230957e-09,3240,1.0,60.0,60.0,60.0,0.9836065573770492,0.9836065573770492,0.9836065573770492,3240,1.0,60.0,60.0,60.0,0.9836065573770492,0.9836065573770492,0.9836065573770492,4824,1.0,59.99999734769879,60.000000804663024,60.000003121115675,0.9836065566642566,0.9836065575932983,0.9836065582158332
135,2.25,True,valid,0.006504448744162375,0.007966559036987132,0.18905844112791473,324.1355335495083,324.1364376389562,0.0029037849920498884,325.6589380202607,1.7416112801358188,31.97463157070233,0.00044898516190278805,1585.0,1258.7990002529687,7.106068771937476e-06,0,16227,0.07554742693901062,183,7.450580596923828e-09,3240,1.0,60.0,60.0,60.0,0.9836065573770492,0.9836065573770492,0.9836065573770492,3240,1.0,60.0,60.0,60.0,0.9836065573770492,0.9836065573770492,0.9836065573770492,4824,1.0,59.99999734769879,60.000000804663024,60.000003121115675,0.9836065566642566,0.9836065575932983,0.9836065582158332
136,2.2666666666666666,True,valid,0.006530730857007037,0.00791039639626094,0.1859094894631071,308.8212649445875,308.8221196914268,0.002778043899425367,309.5878344546361,1.7784628334629953,19.906596150646934,0.00042782497746683473,1585.0,1184.7793694920958,6.810931531961948e-06,0,16198,0.08113335072994232,185,7.450580596923828e-09,3240,1.0,60.0,60.0,60.0,0.9836065573770492,0.9836065573770492,0.9836065573770492,3240,1.0,60.0,60.0,60.0,0.9836065573770492,0.9836065573770492,0.9836065573770492,4824,1.0,59.99999734769879,60.000000804663024,60.000003121115675,0.9836065566642566,0.9836065575932983,0.9836065582158332
137,2.283333333333333,True,valid,0.006416531074887154,0.007601576767796124,0.1841858852879154,296.08150872987943,296.08230564188517,0.0026669079458727317,296.64031044886445,1.8208894479859357,16.389355760763017,0.000409460867024463,1585.0,1209.4012450031184,6.544852854734718e-06,0,16188,0.08409669250249863,176,7.450580596923828e-09,3240,1.0,60.0,60.0,60.0,0.9836065573770492,0.9836065573770492,0.9836065573770492,3240,1.0,60.0,60.0,60.0,0.9836065573770492,0.9836065573770492,0.9836065573770492,4824,1.0,59.99999734769879,60.000000804663024,60.000003121115675,0.9836065566642566,0.9836065575932983,0.9836065582158332
138,2.3,True,valid,0.006198385779000871,0.00739092074780693,0.17906970557919577,285.4549331970742,285.45565574572885,0.0025431758788792124,285.88296947049133,1.6803839426308427,16.124328507105417,0.0003925337550437135,1585.0,1363.0599359669013,6.304511863835983e-06,0,16164,0.08692856878042221,167,3.725290298461914e-09,3240,1.0,60.0,60.0,60.0,0.9836065573770492,0.9836065573770492,0.9836065573770492,3240,1.0,60.0,60.0,60.0,0.9836065573770492,0.9836065573770492,0.9836065573770492,4824,1.0,59.99999734769879,60.000000804663024,60.000003121115675,0.9836065566642566,0.9836065575932983,0.9836065582158332
139,2.316666666666667,True,valid,0.006049420139319008,0.007144076339243405,0.17782663863874154,270.60594374314013,270.6066279093319,0.0023036824318155434,270.9944717603023,1.5839178913662402,12.670632481018425,0.0003706610475988091,1585.0,1015.7485519539977,5.983300584551214e-06,0,16151,0.08984401077032089,160,3.725290298461914e-09,3240,1.0,60.0,60.0,60.0,0.9836065573770492,0.9836065573770492,0.9836065573770492,3240,1.0,60.0,60.0,60.0,0.9836065573770492,0.9836065573770492,0.9836065573770492,4824,1.0,59.99999734769879,60.000000804663024,60.000003121115675,0.9836065566642566,0.9836065575932983,0.9836065582158332
140,2.3333333333333335,True,valid,0.005991390650472179,0.007155927826928907,0.17997114251278226,257.80996337009884,257.8105723769334,0.002114986410692762,258.2022186195098,1.4080160552788694,14.222510038991736,0.000347647168252059,1585.0,944.374526114045,5.681078003014763e-06,0,16103,0.09243356436491013,144,3.725290298461914e-09,3240,1.0,60.0,60.0,60.0,0.9836065573770492,0.9836065573770492,0.9836065573770492,3240,1.0,60.0,60.0,60.0,0.9836065573770492,0.9836065573770492,0.9836065573770492,4824,1.0,59.99999734769879,60.000000804663024,60.000003121115675,0.9836065566642566,0.9836065575932983,0.9836065582158332
141,2.35,True,valid,0.006177147684210425,0.007200922959786558,0.17953069458384568,242.20965519041795,242.2102144929326,0.00202318529121079,242.6460188420277,1.2694210710611964,14.641455143586661,0.00032327420163997617,1585.0,943.9611371561002,5.370851800209885e-06,0,16072,0.09455741941928864,140,7.450580596923828e-09,3240,1.0,60.0,60.0,60.0,0.9836065573770492,0.9836065573770492,0.9836065573770492,3240,1.0,60.0,60.0,60.0,0.9836065573770492,0.9836065573770492,0.9836065573770492,4824,1.0,59.99999734769879,60.000000804663024,60.000003121115675,0.9836065566642566,0.9836065575932983,0.9836065582158332
142,2.3666666666666667,True,valid,0.006288508453062294,0.0069674235249444025,0.18200000716513742,225.89827884536479,225.8987719653846,0.0017752706231354805,226.25120964757352,1.1003793347225677,13.641681658293257,0.000297676211606029,1585.0,815.6587289854333,5.0525803297701645e-06,0,16063,0.09658029675483704,134,3.725290298461914e-09,3240,1.0,60.0,60.0,60.0,0.9836065573770492,0.9836065573770492,0.9836065573770492,3240,1.0,60.0,60.0,60.0,0.9836065573770492,0.9836065573770492,0.9836065573770492,4824,1.0,59.99999734769879,60.000000804663024,60.000003121115675,0.9836065566642566,0.9836065575932983,0.9836065582158332
143,2.3833333333333333,True,valid,0.006141255944687973,0.006405831575675593,0.18473725513724135,203.40272295260968,203.40318724168478,0.001647724282392112,204.06631481551005,1.0990026938291884,14.152394265906787,0.00026735831219647525,1585.0,1111.2959445877163,4.596995173987592e-06,0,16032,0.09814281016588211,129,7.450580596923828e-09,3240,1.0,60.0,60.0,60.0,0.9836065573770492,0.9836065573770492,0.9836065573770492,3240,1.0,60.0,60.0,60.0,0.9836065573770492,0.9836065573770492,0.9836065573770492,4824,1.0,59.99999734769879,60.000000804663024,60.000003121115675,0.9836065566642566,0.9836065575932983,0.9836065582158332
144,2.4,True,valid,0.005790571921009336,0.005858449964178087,0.18486707436606212,178.16643971741712,178.16684576725905,0.0014331902659541944,178.99635223101077,0.9834908587979577,15.825701848632884,0.00023887646014278873,1585.0,617.506450503072,4.121933073028781e-06,0,15997,0.09941153228282928,134,7.450580596923828e-09,3240,1.0,60.0,60.0,60.0,0.9836065573770492,0.9836065573770492,0.9836065573770492,3240,1.0,60.0,60.0,60.0,0.9836065573770492,0.9836065573770492,0.9836065573770492,4824,1.0,59.99999734769879,60.000000804663024,60.000003121115675,0.9836065566642566,0.9836065575932983,0.9836065582158332
145,2.4166666666666665,True,valid,0.005299365086784632,0.005387693629532925,0.18616905465401512,159.2164576565863,159.2167894727461,0.0012740100586562614,159.85828843319786,0.9837943101789425,13.513914958258464,0.00020859426977344186,1585.0,505.4479126809107,3.684197215040927e-06,0,15970,0.10033219307661057,133,7.450580596923828e-09,3240,1.0,60.0,60.0,60.0,0.9836065573770492,0.9836065573770492,0.9836065573770492,3240,1.0,60.0,60.0,60.0,0.9836065573770492,0.9836065573770492,0.9836065573770492,4824,1.0,59.99999734769879,60.000000804663024,60.000003121115675,0.9836065566642566,0.9836065575932983,0.9836065582158332
146,2.433333333333333,True,valid,0.005083094992272582,0.005247273908456399,0.18693966102042345,138.32932403309118,138.32955324486647,0.0009845283504078025,138.8713114783452,0.6142781200160757,10.80388415707954,0.000180332646405926,1585.0,431.7163155412056,3.2631967476367715e-06,0,15896,0.10043352097272873,131,7.450580596923828e-09,3240,1.0,60.0,60.0,60.0,0.9836065573770492,0.9836065573770492,0.9836065573770492,3240,1.0,60.0,60.0,60.0,0.9836065573770492,0.9836065573770492,0.9836065573770492,4824,1.0,59.99999734769879,60.000000804663024,60.000003121115675,0.9836065566642566,0.9836065575932983,0.9836065582158332
147,2.45,True,valid,0.005262563720743328,0.0053029452131193025,0.18847916835130857,129.52001248919376,129.52017532391486,0.0008206176923039546,129.92858602231544,0.5949082123171705,9.926344877922444,0.00016085828550811715,1585.0,473.5315017141147,3.0602178029106726e-06,0,15743,0.09891536831855774,138,7.450580596923828e-09,3240,1.0,60.0,60.0,60.0,0.9836065573770492,0.9836065573770492,0.9836065573770492,3240,1.0,60.0,60.0,60.0,0.9836065573770492,0.9836065573770492,0.9836065573770492,4824,1.0,59.99999734769879,60.000000804663024,60.000003121115675,0.9836065566642566,0.9836065575932983,0.9836065582158332
148,2.466666666666667,True,valid,0.005472396669442994,0.005335572109221399,0.1913094594493787,123.1501066747589,123.15023084474136,0.0007205900464474197,123.72018635626944,0.5228189368411581,12.953777901510893,0.0001489216332375545,1585.0,420.9907960188882,2.945399583759645e-06,0,15642,0.0990065485239029,145,7.450580596923828e-09,3240,1.0,60.0,60.0,60.0,0.9836065573770492,0.9836065573770492,0.9836065573770492,3240,1.0,60.0,60.0,60.0,0.9836065573770492,0.9836065573770492,0.9836065573770492,4824,1.0,59.99999734769879,60.000000804663024,60.000003121115675,0.9836065566642566,0.9836065575932983,0.9836065582158332
149,2.4833333333333334,True,valid,0.005424237130801092,0.005167337019060797,0.19382964511980927,121.6313993142722,121.6315071507704,0.0007623983720489915,123.17555688158944,0.681245913407178,19.338856943247773,0.00014366829408765685,1585.0,552.1516933152537,2.8864015469733246e-06,0,15654,0.09862545132637024,156,7.450580596923828e-09,3240,1.0,60.0,60.0,60.0,0.9836065573770492,0.9836065573770492,0.9836065573770492,3240,1.0,60.0,60.0,60.0,0.9836065573770492,0.9836065573770492,0.9836065573770492,4824,1.0,59.99999734769879,60.000000804663024,60.000003121115675,0.9836065566642566,0.9836065575932983,0.9836065582158332
150,2.5,True,valid,0.005272780558149771,0.005191616498085021,0.19460227775571262,122.41429669108906,122.41442902232052,0.0007808940968247558,124.14736883757766,0.4613738891812791,22.453521796568474,0.00014693077636209522,1585.0,525.6025206787998,2.8584678789434765e-06,0,15825,0.09750860184431076,158,7.450580596923828e-09,3240,1.0,60.0,60.0,60.0,0.9836065573770492,0.9836065573770492,0.9836065573770492,3240,1.0,60.0,60.0,60.0,0.9836065573770492,0.9836065573770492,0.9836065573770492,4824,1.0,59.99999734769879,60.000000804663024,60.000003121115675,0.9836065566642566,0.9836065575932983,0.9836065582158332
151,2.5166666666666666,True,valid,0.004756016761330193,0.00439635892514468,0.19859204845129289,136.3282416569034,136.3284740216533,0.0011393980173595175,138.34447663593443,0.8487100468678372,21.736683782935106,0.00016126621430525653,1585.0,595.0790755528726,3.0871715522645297e-06,0,15945,0.09624909609556198,165,7.450580596923828e-09,3240,1.0,60.0,60.0,60.0,0.9836065573770492,0.9836065573770492,0.9836065573770492,3240,1.0,60.0,60.0,60.0,0.9836065573770492,0.9836065573770492,0.9836065573770492,4824,1.0,59.99999734769879,60.000000804663024,60.000003121115675,0.9836065566642566,0.9836065575932983,0.9836065582158332
152,2.533333333333333,True,valid,0.004940509493987608,0.004302283892859448,0.1981068206353864,148.27032800791704,148.27056112719376,0.001024335934774002,151.46206995331795,0.6432747340973486,32.23043744913076,0.00018097335594137952,1585.0,480.13682432129065,3.3469215289481427e-06,0,16008,0.09457027167081833,172,7.450580596923828e-09,3240,1.0,60.0,60.0,60.0,0.9836065573770492,0.9836065573770492,0.9836065573770492,3240,1.0,60.0,60.0,60.0,0.9836065573770492,0.9836065573770492,0.9836065573770492,4824,1.0,59.99999734769879,60.000000804663024,60.000003121115675,0.9836065566642566,0.9836065575932983,0.9836065582158332
153,2.55,True,valid,0.005109354897591125,0.00449494257038754,0.19912364208799982,167.9733020442667,167.9735952554426,0.0011649376188705238,172.082574223191,0.6141646853472532,36.4401074422805,0.00020660305447319725,1585.0,636.2654858277108,3.6841206848335313e-06,0,16049,0.09214957058429718,176,7.450580596923828e-09,3240,1.0,60.0,60.0,60.0,0.9836065573770492,0.9836065573770492,0.9836065573770492,3240,1.0,60.0,60.0,60.0,0.9836065573770492,0.9836065573770492,0.9836065573770492,4824,1.0,59.99999734769879,60.000000804663024,60.000003121115675,0.9836065566642566,0.9836065575932983,0.9836065582158332
154,2.566666666666667,True,valid,0.005069824555915885,0.004536003721109079,0.19968775136325484,186.59148776483246,186.59184832457368,0.0013452459857803425,191.1694237847605,0.6335394854741602,40.64463028195973,0.00023309719258043007,1585.0,681.7094529225255,4.0647868644854695e-06,0,16094,0.08929876983165741,169,3.725290298461914e-09,3240,1.0,60.0,60.0,60.0,0.9836065573770492,0.9836065573770492,0.9836065573770492,3240,1.0,60.0,60.0,60.0,0.9836065573770492,0.9836065573770492,0.9836065573770492,4824,1.0,59.99999734769879,60.000000804663024,60.000003121115675,0.9836065566642566,0.9836065575932983,0.9836065582158332
155,2.5833333333333335,True,valid,0.004936458195207706,0.004648532041650309,0.19883847540292324,202.25453637007905,202.2549884258354,0.0015307521575856188,205.14087675869717,0.8475362722765739,32.44488838884163,0.00025613033696684974,1585.0,705.4962618718879,4.3508514357111784e-06,0,16090,0.08564148098230362,165,7.450580596923828e-09,3240,1.0,60.0,60.0,60.0,0.9836065573770492,0.9836065573770492,0.9836065573770492,3240,1.0,60.0,60.0,60.0,0.9836065573770492,0.9836065573770492,0.9836065573770492,4824,1.0,59.99999734769879,60.000000804663024,60.000003121115675,0.9836065566642566,0.9836065575932983,0.9836065582158332
156,2.6,True,valid,0.004845099749828102,0.0046858687304074465,0.197470077159074,218.0696506838025,218.07021766220083,0.0017359552121749139,220.2979714435897,1.0707099922280103,29.80940819936238,0.00028582341016071474,1585.0,808.8130802718617,4.694267826368585e-06,0,16070,0.08392765372991562,164,3.725290298461914e-09,3240,1.0,60.0,60.0,60.0,0.9836065573770492,0.9836065573770492,0.9836065573770492,3240,1.0,60.0,60.0,60.0,0.9836065573770492,0.9836065573770492,0.9836065573770492,4824,1.0,59.99999734769879,60.000000804663024,60.000003121115675,0.9836065566642566,0.9836065575932983,0.9836065582158332
157,2.6166666666666667,True,valid,0.004939694065551157,0.004846223325231804,0.1963010847660288,239.39909778359933,239.3997405637394,0.0019531971894668986,241.3218977127046,1.2583323484935098,28.50904954503886,0.0003179752064677936,1585.0,1137.7003391951719,5.1423646111890024e-06,0,16053,0.0854092612862587,168,3.725290298461914e-09,3240,1.0,60.0,60.0,60.0,0.9836065573770492,0.9836065573770492,0.9836065573770492,3240,1.0,60.0,60.0,60.0,0.9836065573770492,0.9836065573770492,0.9836065573770492,4824,1.0,59.99999734769879,60.000000804663024,60.000003121115675,0.9836065566642566,0.9836065575932983,0.9836065582158332
158,2.6333333333333333,True,valid,0.005124655309832867,0.005202074045869087,0.19573161823212598,261.08976368225257,261.09042668369636,0.0021848976244535903,262.5925308398879,1.378824850036788,25.077781151575117,0.000345935733957971,1585.0,1562.6175396617257,5.591184200217434e-06,0,16051,0.08391588926315308,168,3.725290298461914e-09,3240,1.0,60.0,60.0,60.0,0.9836065573770492,0.9836065573770492,0.9836065573770492,3240,1.0,60.0,60.0,60.0,0.9836065573770492,0.9836065573770492,0.9836065573770492,4824,1.0,59.99999734769879,60.000000804663024,60.000003121115675,0.9836065566642566,0.9836065575932983,0.9836065582158332
159,2.65,True,valid,0.005180828804545608,0.0055657023349696775,0.1957928514583588,279.27090059909307,279.27158618629437,0.002669118509877368,280.58455315705044,1.4563629231150863,25.61503320188889,0.0003711407801611054,1585.0,1895.6429726246406,5.981408212756795e-06,0,16107,0.08119606226682663,165,7.450580596923828e-09,3240,1.0,60.0,60.0,60.0,0.9836065573770492,0.9836065573770492,0.9836065573770492,3240,1.0,60.0,60.0,60.0,0.9836065573770492,0.9836065573770492,0.9836065573770492,4824,1.0,59.99999734769879,60.000000804663024,60.000003121115675,0.9836065566642566,0.9836065575932983,0.9836065582158332
160,2.6666666666666665,True,valid,0.005199514377166637,0.005907342782536928,0.1950407212565314,292.3935413934085,292.3942799043813,0.0024165571289035104,293.7204399954606,1.5424407603175823,26.255616340647165,0.0003905223709345275,1585.0,1799.988827320095,6.250058144315064e-06,0,16186,0.07826220989227295,162,3.725290298461914e-09,3240,1.0,60.0,60.0,60.0,0.9836065573770492,0.9836065573770492,0.9836065573770492,3240,1.0,60.0,60.0,60.0,0.9836065573770492,0.9836065573770492,0.9836065573770492,4824,1.0,59.99999734769879,60.000000804663024,60.000003121115675,0.9836065566642566,0.9836065575932983,0.9836065582158332
161,2.683333333333333,True,valid,0.005292868750143593,0.006195458587126624,0.1933622349131068,308.5521723480902,308.5529522387086,0.0025928682438376835,309.64146717355334,1.6303815307720064,23.381377356277625,0.00041139429753628216,1585.0,1989.2549045602655,6.5923310272381615e-06,0,16257,0.07542714476585388,160,7.450580596923828e-09,3240,1.0,60.0,60.0,60.0,0.9836065573770492,0.9836065573770492,0.9836065573770492,3240,1.0,60.0,60.0,60.0,0.9836065573770492,0.9836065573770492,0.9836065573770492,4824,1.0,59.99999734769879,60.000000804663024,60.000003121115675,0.9836065566642566,0.9836065575932983,0.9836065582158332
162,2.7,True,valid,0.005446870518086383,0.006443552931076643,0.192368178543336,319.9007293605564,319.90156255705256,0.0027206917511943475,320.42590406834046,1.6321105703409908,13.209417789447793,0.00042457569437265964,1585.0,1987.9515064332843,6.80668807409139e-06,0,16233,0.07286663353443146,159,3.725290298461914e-09,3240,1.0,60.0,60.0,60.0,0.9836065573770492,0.9836065573770492,0.9836065573770492,3240,1.0,60.0,60.0,60.0,0.9836065573770492,0.9836065573770492,0.9836065573770492,4824,1.0,59.99999734769879,60.000000804663024,60.000003121115675,0.9836065566642566,0.9836065575932983,0.9836065582158332
163,2.716666666666667,True,valid,0.0055612244178273144,0.006678554720764328,0.19056448343116178,325.944530258717,325.9453792546883,0.002755485922922527,326.1543128570327,1.683013807692699,5.463663092279295,0.00043339778626020085,1585.0,2010.6363273939846,6.9478509468238155e-06,0,16262,0.07072195410728455,157,7.450580596923828e-09,3240,1.0,60.0,60.0,60.0,0.9836065573770492,0.9836065573770492,0.9836065573770492,3240,1.0,60.0,60.0,60.0,0.9836065573770492,0.9836065573770492,0.9836065573770492,4824,1.0,59.99999734769879,60.000000804663024,60.000003121115675,0.9836065566642566,0.9836065575932983,0.9836065582158332
164,2.7333333333333334,True,valid,0.005634361119166206,0.006990860593619962,0.18893362637478087,332.26416675605776,332.26504436405526,0.0028333821201960937,332.434783997176,1.6571918567592738,5.721044356830456,0.000444748592933201,1585.0,1907.8901464536827,7.0735130226451004e-06,0,16293,0.06810923665761948,151,3.725290298461914e-09,3240,1.0,60.0,60.0,60.0,0.9836065573770492,0.9836065573770492,0.9836065573770492,3240,1.0,60.0,60.0,60.0,0.9836065573770492,0.9836065573770492,0.9836065573770492,4824,1.0,59.99999734769879,60.000000804663024,60.000003121115675,0.9836065566642566,0.9836065575932983,0.9836065582158332
165,2.75,True,valid,0.00569313456938822,0.0072247032948947534,0.18824548044215944,333.2308874160342,333.23179702589806,0.002901946859740528,333.35999900931284,1.7904902400538274,4.200369109177633,0.00044877355592925025,1585.0,1901.7478121913898,7.112136907376983e-06,0,16272,0.06582645326852798,167,2.7939677238464355e-09,3240,1.0,60.0,60.0,60.0,0.9836065573770492,0.9836065573770492,0.9836065573770492,3240,1.0,60.0,60.0,60.0,0.9836065573770492,0.9836065573770492,0.9836065573770492,4824,1.0,59.99999734769879,60.000000804663024,60.000003121115675,0.9836065566642566,0.9836065575932983,0.9836065582158332
166,2.7666666666666666,True,valid,0.005833803059616604,0.007475515959168297,0.1863886205563333,332.72137065571155,332.7222745553528,0.0029167506328976263,332.8943846940232,1.7819250726517977,4.664570555626377,0.0004508128111959731,1585.0,1802.5343446373197,7.133831427627625e-06,0,16279,0.06185143440961838,173,4.656612873077393e-10,3240,1.0,60.0,60.0,60.0,0.9836065573770492,0.9836065573770492,0.9836065573770492,3240,1.0,60.0,60.0,60.0,0.9836065573770492,0.9836065573770492,0.9836065573770492,4824,1.0,59.99999734769879,60.000000804663024,60.000003121115675,0.9836065566642566,0.9836065575932983,0.9836065582158332
167,2.783333333333333,True,valid,0.0059702775454476276,0.0077008340628876544,0.18741810102683656,333.7281493995168,333.729073327784,0.002980380628200093,333.8325564404307,1.8465226533411334,4.518452420064934,0.00045702301940141285,1585.0,1827.5610053343805,7.176577220905906e-06,0,16267,0.053142257034778595,171,3.725290298461914e-09,3240,1.0,60.0,60.0,60.0,0.9836065573770492,0.9836065573770492,0.9836065573770492,3240,1.0,60.0,60.0,60.0,0.9836065573770492,0.9836065573770492,0.9836065573770492,4824,1.0,59.99999734769879,60.000000804663024,60.000003121115675,0.9836065566642566,0.9836065575932983,0.9836065582158332
168,2.8,True,valid,0.0061769504430834975,0.007835073394027,0.18653394055062208,329.85002972961433,329.85093211160233,0.002915999599596982,330.03008141085337,1.7975899278251881,5.916256883024684,0.00045027700328529734,1585.0,1577.8087320963343,7.1061637697490855e-06,0,16247,0.04931635409593582,164,2.7939677238464355e-09,3240,1.0,60.0,60.0,60.0,0.9836065573770492,0.9836065573770492,0.9836065573770492,3240,1.0,60.0,60.0,60.0,0.9836065573770492,0.9836065573770492,0.9836065573770492,4824,1.0,59.99999734769879,60.000000804663024,60.000003121115675,0.9836065566642566,0.9836065575932983,0.9836065582158332
169,2.816666666666667,True,valid,0.006381035189710861,0.007868281114292509,0.186087666749108,327.344755757276,327.3456939838032,0.003020507772942013,327.56561933647356,1.879080486020666,9.335782343847255,0.000452680215739911,1585.0,1595.4978887430136,7.080502342937409e-06,0,16213,0.05656786262989044,160,5.587935447692871e-09,3240,1.0,60.0,60.0,60.0,0.9836065573770492,0.9836065573770492,0.9836065573770492,3240,1.0,60.0,60.0,60.0,0.9836065573770492,0.9836065573770492,0.9836065573770492,4824,1.0,59.99999734769879,60.000000804663024,60.000003121115675,0.9836065566642566,0.9836065575932983,0.9836065582158332
170,2.8333333333333335,True,valid,0.0063789787067061385,0.007748354893788481,0.18568759509073285,321.85350853835035,321.8543838334202,0.00294138375803881,322.2209865468888,1.8491189992979622,9.774855270032878,0.0004417794828874911,1585.0,1417.4831676586352,6.981311124266197e-06,0,16221,0.06499885767698288,162,5.587935447692871e-09,3240,1.0,60.0,60.0,60.0,0.9836065573770492,0.9836065573770492,0.9836065573770492,3240,1.0,60.0,60.0,60.0,0.9836065573770492,0.9836065573770492,0.9836065573770492,4824,1.0,59.99999734769879,60.000000804663024,60.000003121115675,0.9836065566642566,0.9836065575932983,0.9836065582158332
171,2.85,True,valid,0.006318078290388995,0.0076207619752560515,0.18549860339557067,311.7827818504047,311.78364308619297,0.0028424382130329364,312.0857766805654,1.8715544613044237,7.800681406482212,0.00043090336545615986,1585.0,1383.1884094381894,6.788836998050163e-06,0,16186,0.07399381697177887,166,3.725290298461914e-09,3240,1.0,60.0,60.0,60.0,0.9836065573770492,0.9836065573770492,0.9836065573770492,3240,1.0,60.0,60.0,60.0,0.9836065573770492,0.9836065573770492,0.9836065573770492,4824,1.0,59.99999734769879,60.000000804663024,60.000003121115675,0.9836065566642566,0.9836065575932983,0.9836065582158332
172,2.8666666666666667,True,valid,0.006234587945724322,0.007494722529874783,0.18638224300184988,304.65117677372587,304.6519647913987,0.00272972682933224,304.8981113451911,1.6259293958118242,7.370237891959936,0.00041871196661180454,1585.0,1425.3044165794388,6.6217562337310155e-06,0,16215,0.08078979700803757,159,3.725290298461914e-09,3240,1.0,60.0,60.0,60.0,0.9836065573770492,0.9836065573770492,0.9836065573770492,3240,1.0,60.0,60.0,60.0,0.9836065573770492,0.9836065573770492,0.9836065573770492,4824,1.0,59.99999734769879,60.000000804663024,60.000003121115675,0.9836065566642566,0.9836065575932983,0.9836065582158332
173,2.8833333333333333,True,valid,0.006233290218418115,0.007411806913658612,0.18574545975885653,286.7682830469083,286.76900226109666,0.00247445206273302,287.1026639640792,1.616945743105869,8.854876033023434,0.00039375806792642205,1585.0,1195.6139096355282,6.277508526258099e-06,0,16201,0.0871562585234642,158,3.725290298461914e-09,3240,1.0,60.0,60.0,60.0,0.9836065573770492,0.9836065573770492,0.9836065573770492,3240,1.0,60.0,60.0,60.0,0.9836065573770492,0.9836065573770492,0.9836065573770492,4824,1.0,59.99999734769879,60.000000804663024,60.000003121115675,0.9836065566642566,0.9836065575932983,0.9836065582158332
174,2.9,True,valid,0.006302326017065889,0.007397663398758113,0.18535006449766006,280.8933671295357,280.8940455815951,0.0023640966180046926,281.49451990755904,1.469013561309733,16.93082165872021,0.0003808419750978869,1585.0,1106.7476550395454,6.141857797421269e-06,0,16185,0.09286525100469589,162,3.725290298461914e-09,3240,1.0,60.0,60.0,60.0,0.9836065573770492,0.9836065573770492,0.9836065573770492,3240,1.0,60.0,60.0,60.0,0.9836065573770492,0.9836065573770492,0.9836065573770492,4824,1.0,59.99999734769879,60.000000804663024,60.000003121115675,0.9836065566642566,0.9836065575932983,0.9836065582158332
175,2.9166666666666665,True,valid,0.006299815813991298,0.007384823509814511,0.18430163652907408,263.6290929213601,263.6297367476054,0.0022271023814452446,264.159619616941,1.4779273887670221,19.247947949908642,0.00035721352002700436,1585.0,1033.1406797953946,5.792878695853283e-06,0,16143,0.09832583367824554,158,7.450580596923828e-09,3240,1.0,60.0,60.0,60.0,0.9836065573770492,0.9836065573770492,0.9836065573770492,3240,1.0,60.0,60.0,60.0,0.9836065573770492,0.9836065573770492,0.9836065573770492,4824,1.0,59.99999734769879,60.000000804663024,60.000003121115675,0.9836065566642566,0.9836065575932983,0.9836065582158332
176,2.933333333333333,True,valid,0.006359717279844952,0.007312486484057717,0.1838707634433635,250.96998877704797,250.97059735316023,0.0020302497137534943,251.5272633447921,1.2992557151356505,17.423305476355413,0.0003378478387426391,1585.0,1059.031626871316,5.527657279500682e-06,0,16125,0.10356418788433075,159,7.450580596923828e-09,3240,1.0,60.0,60.0,60.0,0.9836065573770492,0.9836065573770492,0.9836065573770492,3240,1.0,60.0,60.0,60.0,0.9836065573770492,0.9836065573770492,0.9836065573770492,4824,1.0,59.99999734769879,60.000000804663024,60.000003121115675,0.9836065566642566,0.9836065575932983,0.9836065582158332
177,2.95,True,valid,0.0063037083682608444,0.007276629501872447,0.18379984635175975,228.4397932732757,228.440341557516,0.0018637826887529768,228.96819671086493,1.2957137726287549,16.706603129260117,0.0003061226156668269,1585.0,914.8487139287218,5.081080948164663e-06,0,16073,0.1079675555229187,160,3.725290298461914e-09,3240,1.0,60.0,60.0,60.0,0.9836065573770492,0.9836065573770492,0.9836065573770492,3240,1.0,60.0,60.0,60.0,0.9836065573770492,0.9836065573770492,0.9836065573770492,4824,1.0,59.99999734769879,60.000000804663024,60.000003121115675,0.9836065566642566,0.9836065575932983,0.9836065582158332
178,2.966666666666667,True,valid,0.006161919309388069,0.007026398028099686,0.1861433498429468,205.4213116538192,205.42180874724795,0.0017440815269663373,206.16005013900315,1.22255200312597,16.764390855279036,0.0002755055643098426,1585.0,829.9014695758649,4.6209046922228135e-06,0,16078,0.11204095184803009,161,3.725290298461914e-09,3240,1.0,60.0,60.0,60.0,0.9836065573770492,0.9836065573770492,0.9836065573770492,3240,1.0,60.0,60.0,60.0,0.9836065573770492,0.9836065573770492,0.9836065573770492,4824,1.0,59.99999734769879,60.000000804663024,60.000003121115675,0.9836065566642566,0.9836065575932983,0.9836065582158332
179,2.9833333333333334,True,valid,0.006078882195228474,0.006798075720698923,0.1880267432852125,188.01473518088088,188.01516442870525,0.0014450496192788434,189.17238952558725,0.9341025345737543,20.42025080738821,0.0002495139086804711,1585.0,760.1763393854023,4.2460703805027806e-06,0,16064,0.11528806388378143,168,7.450580596923828e-09,3240,1.0,60.0,60.0,60.0,0.9836065573770492,0.9836065573770492,0.9836065573770492,3240,1.0,60.0,60.0,60.0,0.9836065573770492,0.9836065573770492,0.9836065573770492,4824,1.0,59.99999734769879,60.000000804663024,60.000003121115675,0.9836065566642566,0.9836065575932983,0.9836065582158332
180,3.0,True,valid,0.00611938604128956,0.006392526892084671,0.19074304585444185,168.82675755100183,168.8270736457783,0.001211438670217608,169.8789344593107,0.7738453140806988,17.4103222562162,0.00021944576072043063,1585.0,568.3181813838644,3.888276510712911e-06,0,16003,0.11740347743034363,167,7.450580596923828e-09,3240,1.0,60.0,60.0,60.0,0.9836065573770492,0.9836065573770492,0.9836065573770492,3240,1.0,60.0,60.0,60.0,0.9836065573770492,0.9836065573770492,0.9836065573770492,4824,1.0,59.99999734769879,60.000000804663024,60.000003121115675,0.9836065566642566,0.9836065575932983,0.9836065582158332
181,3.0166666666666666,True,valid,0.005993088845933912,0.0058876526305377,0.1918574391674183,155.63153661029259,155.63177526467007,0.0010290107457416396,156.26195338648628,0.70143614073216,13.723975659578764,0.00019615243446792678,1585.0,545.2100524113831,3.614161623924904e-06,0,15958,0.12110426276922226,167,7.450580596923828e-09,3240,1.0,60.0,60.0,60.0,0.9836065573770492,0.9836065573770492,0.9836065573770492,3240,1.0,60.0,60.0,60.0,0.9836065573770492,0.9836065573770492,0.9836065573770492,4824,1.0,59.99999734769879,60.000000804663024,60.000003121115675,0.9836065566642566,0.9836065575932983,0.9836065582158332
182,3.033333333333333,True,valid,0.0057047588104201545,0.005518245018564492,0.18828192435573146,136.89318793606822,136.89335912670006,0.0008607590718171182,137.31528549828724,0.5165658198080928,9.593690544321843,0.00017090456291706126,1585.0,392.89611908490104,3.2281175255882733e-06,0,15804,0.12357670813798904,161,7.450580596923828e-09,3240,1.0,60.0,60.0,60.0,0.9836065573770492,0.9836065573770492,0.9836065573770492,3240,1.0,60.0,60.0,60.0,0.9836065573770492,0.9836065573770492,0.9836065573770492,4824,1.0,59.99999734769879,60.000000804663024,60.000003121115675,0.9836065566642566,0.9836065575932983,0.9836065582158332
183,3.05,True,valid,0.005323105237983857,0.0051018318230359305,0.18382577076535186,116.72171915560178,116.72184833465658,0.0007252761894408322,117.1718070370327,0.4565341445926873,9.500972418752758,0.00014420563131773098,1585.0,295.0331276513001,2.7801561189828038e-06,0,15708,0.12501399219036102,166,7.450580596923828e-09,3240,1.0,60.0,60.0,60.0,0.9836065573770492,0.9836065573770492,0.9836065573770492,3240,1.0,60.0,60.0,60.0,0.9836065573770492,0.9836065573770492,0.9836065573770492,4824,1.0,59.99999734769879,60.000000804663024,60.000003121115675,0.9836065566642566,0.9836065575932983,0.9836065582158332
184,3.066666666666667,True,valid,0.005236322905925876,0.004879113718568722,0.17880341294492363,109.5090355884507,109.50913935589729,0.0006328301070220771,110.17214104702362,0.3521674419248382,12.447679312451799,0.00013246342078415612,1585.0,281.45204667576206,2.623128587337895e-06,0,15630,0.1261327564716339,167,7.450580596923828e-09,3240,1.0,60.0,60.0,60.0,0.9836065573770492,0.9836065573770492,0.9836065573770492,3240,1.0,60.0,60.0,60.0,0.9836065573770492,0.9836065573770492,0.9836065573770492,4824,1.0,59.99999734769879,60.000000804663024,60.000003121115675,0.9836065566642566,0.9836065575932983,0.9836065582158332
185,3.0833333333333335,True,valid,0.005298315715715682,0.004783381694793175,0.17589950292956844,115.20346452426972,115.20357319921877,0.0006662494818731769,115.82554462332575,0.37964709770856553,11.672405986845027,0.00013958875226280904,1585.0,264.78906154319293,2.7289501787089098e-06,0,15760,0.12678329646587372,173,7.450580596923828e-09,3240,1.0,60.0,60.0,60.0,0.9836065573770492,0.9836065573770492,0.9836065573770492,3240,1.0,60.0,60.0,60.0,0.9836065573770492,0.9836065573770492,0.9836065573770492,4824,1.0,59.99999734769879,60.000000804663024,60.000003121115675,0.9836065566642566,0.9836065575932983,0.9836065582158332
186,3.1,True,valid,0.005334386373293502,0.004518075012863023,0.1761156813077901,126.20068734997066,126.20083638950442,0.0007862350623370198,126.4646114214878,0.4566942660995926,9.651524273108036,0.00015259664440367892,1585.0,369.2429254620039,2.9250645291643626e-06,0,15863,0.12654033303260803,170,7.450580596923828e-09,3240,1.0,60.0,60.0,60.0,0.9836065573770492,0.9836065573770492,0.9836065573770492,3240,1.0,60.0,60.0,60.0,0.9836065573770492,0.9836065573770492,0.9836065573770492,4824,1.0,59.99999734769879,60.000000804663024,60.000003121115675,0.9836065566642566,0.9836065575932983,0.9836065582158332
187,3.1166666666666667,True,valid,0.0052657622844806354,0.004323521415600113,0.1770972694319606,138.76897716171496,138.76917746134137,0.0009128503637325501,139.00776683891564,0.403058863685465,10.561011675917463,0.00017151529523826568,1585.0,479.33738006878764,3.155250464175405e-06,0,15936,0.12563595175743103,165,7.450580596923828e-09,3240,1.0,60.0,60.0,60.0,0.9836065573770492,0.9836065573770492,0.9836065573770492,3240,1.0,60.0,60.0,60.0,0.9836065573770492,0.9836065573770492,0.9836065573770492,4824,1.0,59.99999734769879,60.000000804663024,60.000003121115675,0.9836065566642566,0.9836065575932983,0.9836065582158332
188,3.1333333333333333,True,valid,0.005171237936575503,0.0043248661373892815,0.17750667683182544,154.2303181235308,154.23058729635648,0.0010645935509091405,154.81989217307506,0.47753722343361205,14.85897460456499,0.00019333058040598471,1585.0,608.2318555323312,3.4331269826371357e-06,0,16057,0.12348628044128418,163,7.450580596923828e-09,3240,1.0,60.0,60.0,60.0,0.9836065573770492,0.9836065573770492,0.9836065573770492,3240,1.0,60.0,60.0,60.0,0.9836065573770492,0.9836065573770492,0.9836065573770492,4824,1.0,59.99999734769879,60.000000804663024,60.000003121115675,0.9836065566642566,0.9836065575932983,0.9836065582158332
189,3.15,True,valid,0.005079755290063119,0.004421085838263581,0.1777865630731377,175.37543171698627,175.37577528126357,0.0012606705094700221,175.9388863591753,0.7179305443043261,15.520837820003903,0.00022258648104188627,1585.0,728.0191454421177,3.843150346623265e-06,0,16126,0.11996573209762573,165,7.450580596923828e-09,3240,1.0,60.0,60.0,60.0,0.9836065573770492,0.9836065573770492,0.9836065573770492,3240,1.0,60.0,60.0,60.0,0.9836065573770492,0.9836065573770492,0.9836065573770492,4824,1.0,59.99999734769879,60.000000804663024,60.000003121115675,0.9836065566642566,0.9836065575932983,0.9836065582158332
190,3.1666666666666665,True,valid,0.005062856302010391,0.004638520624878775,0.17846834477503015,193.85921700736452,193.85966954349186,0.001483381234956489,194.41419991405462,0.8377693229845418,13.676703845696537,0.00025172265673768774,1585.0,745.3712782965667,4.245789650215229e-06,0,16137,0.1153189167380333,167,7.450580596923828e-09,3240,1.0,60.0,60.0,60.0,0.9836065573770492,0.9836065573770492,0.9836065573770492,3240,1.0,60.0,60.0,60.0,0.9836065573770492,0.9836065573770492,0.9836065573770492,4824,1.0,59.99999734769879,60.000000804663024,60.000003121115675,0.9836065566642566,0.9836065575932983,0.9836065582158332
191,3.183333333333333,True,valid,0.005084389583947674,0.004890356929543585,0.18038049689566327,216.43931045575079,216.4398699041795,0.0017199090600580294,216.7801309799587,1.034435304285856,10.30845990133344,0.00028544147190360847,1585.0,770.3770960209233,4.705674391455895e-06,0,16136,0.11049698293209076,175,7.450580596923828e-09,3240,1.0,60.0,60.0,60.0,0.9836065573770492,0.9836065573770492,0.9836065573770492,3240,1.0,60.0,60.0,60.0,0.9836065573770492,0.9836065573770492,0.9836065573770492,4824,1.0,59.99999734769879,60.000000804663024,60.000003121115675,0.9836065566642566,0.9836065575932983,0.9836065582158332
192,3.2,True,valid,0.0051150464536684785,0.005149768487133182,0.1812369458700892,237.3995114873187,237.40015112715201,0.001959164490099477,237.70830923258944,1.189179353785604,8.946005563821155,0.00031452192148839737,1585.0,962.5799688222636,5.140182692787522e-06,0,16142,0.10807480663061142,185,7.450580596923828e-09,3240,1.0,60.0,60.0,60.0,0.9836065573770492,0.9836065573770492,0.9836065573770492,3240,1.0,60.0,60.0,60.0,0.9836065573770492,0.9836065573770492,0.9836065573770492,4824,1.0,59.99999734769879,60.000000804663024,60.000003121115675,0.9836065566642566,0.9836065575932983,0.9836065582158332
193,3.216666666666667,True,valid,0.0052321316168600146,0.0055678550680741635,0.17836354261565604,256.58647004845614,256.58715090131903,0.0021354626144649003,256.8143168953876,1.2999724016867267,6.192426250036046,0.00034062374345853044,1585.0,1258.8377751558824,5.5385563298976416e-06,0,16138,0.10279273986816406,180,3.725290298461914e-09,3240,1.0,60.0,60.0,60.0,0.9836065573770492,0.9836065573770492,0.9836065573770492,3240,1.0,60.0,60.0,60.0,0.9836065573770492,0.9836065573770492,0.9836065573770492,4824,1.0,59.99999734769879,60.000000804663024,60.000003121115675,0.9836065566642566,0.9836065575932983,0.9836065582158332
194,3.2333333333333334,True,valid,0.005308218818920365,0.005923115373097445,0.1769598344440539,274.0417267357342,274.04246299115636,0.002328224472832911,274.2241230448151,1.3787123373906351,5.096442845761782,0.0003639766905987913,1585.0,1438.3359114863297,5.894774040613432e-06,0,16123,0.09575320780277252,177,3.725290298461914e-09,3240,1.0,60.0,60.0,60.0,0.9836065573770492,0.9836065573770492,0.9836065573770492,3240,1.0,60.0,60.0,60.0,0.9836065573770492,0.9836065573770492,0.9836065573770492,4824,1.0,59.99999734769879,60.000000804663024,60.000003121115675,0.9836065566642566,0.9836065575932983,0.9836065582158332
195,3.25,True,valid,0.005410155463033632,0.006313896149463451,0.17707299597341486,290.76862587776316,290.7694158812447,0.0025009137594468036,290.93543749228706,1.4424612599322015,6.237123155969769,0.0003879599617171036,1585.0,1504.997013172358,6.240477357912876e-06,0,16106,0.08803316205739975,175,7.450580596923828e-09,3240,1.0,60.0,60.0,60.0,0.9836065573770492,0.9836065573770492,0.9836065573770492,3240,1.0,60.0,60.0,60.0,0.9836065573770492,0.9836065573770492,0.9836065573770492,4824,1.0,59.99999734769879,60.000000804663024,60.000003121115675,0.9836065566642566,0.9836065575932983,0.9836065582158332
196,3.2666666666666666,True,valid,0.005587677427515244,0.006627499951823768,0.17687005868178263,304.52238129839213,304.5232300273487,0.002632953561035727,304.6673122597262,1.456207983147661,6.390468039045192,0.00041031953598711756,1585.0,1570.9839507170434,6.546739284424756e-06,0,16134,0.0802881047129631,173,5.587935447692871e-09,3240,1.0,60.0,60.0,60.0,0.9836065573770492,0.9836065573770492,0.9836065573770492,3240,1.0,60.0,60.0,60.0,0.9836065573770492,0.9836065573770492,0.9836065573770492,4824,1.0,59.99999734769879,60.000000804663024,60.000003121115675,0.9836065566642566,0.9836065575932983,0.9836065582158332
197,3.283333333333333,True,valid,0.005748722893981431,0.0068576062525534075,0.17707183203091112,314.69362052769014,314.6945053400539,0.0027246030673678703,314.8813448991433,1.4977242860937188,10.701551396627215,0.00042559443953289397,1585.0,1488.8211041319596,6.776199403808869e-06,0,16298,0.0725884810090065,173,5.587935447692871e-09,3240,1.0,60.0,60.0,60.0,0.9836065573770492,0.9836065573770492,0.9836065573770492,3240,1.0,60.0,60.0,60.0,0.9836065573770492,0.9836065573770492,0.9836065573770492,4824,1.0,59.99999734769879,60.000000804663024,60.000003121115675,0.9836065566642566,0.9836065575932983,0.9836065582158332
198,3.3,True,valid,0.00588115174321085,0.007002053765821594,0.17725035962013866,320.44732201777737,320.44823069537756,0.002808037279550014,320.79508514329075,1.5333647595627735,14.321481514550726,0.00043690315761204824,1585.0,1528.8245596463219,6.913525172671905e-06,0,16313,0.06433712691068649,169,5.587935447692871e-09,3240,1.0,60.0,60.0,60.0,0.9836065573770492,0.9836065573770492,0.9836065573770492,3240,1.0,60.0,60.0,60.0,0.9836065573770492,0.9836065573770492,0.9836065573770492,4824,1.0,59.99999734769879,60.000000804663024,60.000003121115675,0.9836065566642566,0.9836065575932983,0.9836065582158332
199,3.316666666666667,True,valid,0.0059916437908682525,0.007128615969114536,0.17847957337503748,328.61439460257964,328.61529189559457,0.002864489661543831,329.06847759838917,1.622873614382037,16.397883171060794,0.00044704950099885946,1585.0,1647.4867446644855,7.0917955127002e-06,0,16276,0.05581027269363403,172,1.862645149230957e-09,3240,1.0,60.0,60.0,60.0,0.9836065573770492,0.9836065573770492,0.9836065573770492,3240,1.0,60.0,60.0,60.0,0.9836065573770492,0.9836065573770492,0.9836065573770492,4824,1.0,59.99999734769879,60.000000804663024,60.000003121115675,0.9836065566642566,0.9836065575932983,0.9836065582158332
200,3.3333333333333335,True,valid,0.005996135977262408,0.007140821934656335,0.17879185346526288,331.21362434684005,331.21458417307105,0.0029403146480849545,331.6830931517445,1.6633548802789961,16.904565713032632,0.0004559486305070941,1585.0,1714.9993312261174,7.161260838982604e-06,0,16244,0.05172485113143921,170,2.7939677238464355e-09,3240,1.0,60.0,60.0,60.0,0.9836065573770492,0.9836065573770492,0.9836065573770492,3240,1.0,60.0,60.0,60.0,0.9836065573770492,0.9836065573770492,0.9836065573770492,4824,1.0,59.99999734769879,60.000000804663024,60.000003121115675,0.9836065566642566,0.9836065575932983,0.9836065582158332
201,3.35,True,valid,0.006000058147536632,0.007154354364946869,0.1785339139521928,336.1205293630348,336.1215032571623,0.003123591204507895,336.58007281620235,1.7001721434123407,16.595302440707787,0.00046731405898286853,1585.0,1814.0822751087512,7.284241449118806e-06,0,16221,0.06021270900964737,173,2.3283064365386963e-10,3240,1.0,60.0,60.0,60.0,0.9836065573770492,0.9836065573770492,0.9836065573770492,3240,1.0,60.0,60.0,60.0,0.9836065573770492,0.9836065573770492,0.9836065573770492,4824,1.0,59.99999734769879,60.000000804663024,60.000003121115675,0.9836065566642566,0.9836065575932983,0.9836065582158332
202,3.3666666666666667,True,valid,0.00599543635386983,0.007118662364446258,0.17850972381861865,332.1290041999373,332.130049933486,0.0031369419383854087,332.49922137444656,1.8012087858919215,14.669612566277422,0.00046978894693953645,1585.0,1423.8392026232975,7.267282187968508e-06,0,16227,0.06911127269268036,176,3.725290298461914e-09,3240,1.0,60.0,60.0,60.0,0.9836065573770492,0.9836065573770492,0.9836065573770492,3240,1.0,60.0,60.0,60.0,0.9836065573770492,0.9836065573770492,0.9836065573770492,4824,1.0,59.99999734769879,60.000000804663024,60.000003121115675,0.9836065566642566,0.9836065575932983,0.9836065582158332
203,3.3833333333333333,True,valid,0.0060193953350410655,0.00715637337399094,0.18010053439487803,331.69459688847513,331.6955687774189,0.0030351000699954957,332.0924456877789,1.814838958947307,15.11049097897311,0.0004653131512912814,1585.0,1507.539556508488,7.23583937020668e-06,0,16183,0.07773541659116745,188,2.7939677238464355e-09,3240,1.0,60.0,60.0,60.0,0.9836065573770492,0.9836065573770492,0.9836065573770492,3240,1.0,60.0,60.0,60.0,0.9836065573770492,0.9836065573770492,0.9836065573770492,4824,1.0,59.99999734769879,60.000000804663024,60.000003121115675,0.9836065566642566,0.9836065575932983,0.9836065582158332
204,3.4,True,valid,0.005987905505165983,0.007199717671107353,0.1814266042269893,324.90383449705007,324.90482513298065,0.0030004406644174044,325.3206371926682,1.892482912150488,15.545160221941849,0.00046113007714950014,1585.0,1302.3488323228023,7.120226795987499e-06,0,16191,0.0858955904841423,199,3.725290298461914e-09,3240,1.0,60.0,60.0,60.0,0.9836065573770492,0.9836065573770492,0.9836065573770492,3240,1.0,60.0,60.0,60.0,0.9836065573770492,0.9836065573770492,0.9836065573770492,4824,1.0,59.99999734769879,60.000000804663024,60.000003121115675,0.9836065566642566,0.9836065575932983,0.9836065582158332
205,3.4166666666666665,True,valid,0.006048246370140143,0.007308984450751603,0.18339666518822909,319.9944688706724,319.9953653956798,0.002848445980376817,320.3704906326172,1.728127372806959,14.409081890375136,0.00044889327062146346,1585.0,1333.2854207173393,7.003850691451406e-06,0,16188,0.09339995682239532,202,3.725290298461914e-09,3240,1.0,60.0,60.0,60.0,0.9836065573770492,0.9836065573770492,0.9836065573770492,3240,1.0,60.0,60.0,60.0,0.9836065573770492,0.9836065573770492,0.9836065573770492,4824,1.0,59.99999734769879,60.000000804663024,60.000003121115675,0.9836065566642566,0.9836065575932983,0.9836065582158332
206,3.433333333333333,True,valid,0.006085110205711296,0.007423474484696875,0.18479757984434886,311.37674373456827,311.3775904097914,0.0028028905162106772,311.6253197309821,1.7244104051174467,8.842168067250052,0.0004380202768526818,1585.0,1363.870851463956,6.8571649290010405e-06,0,16183,0.10033128410577774,193,5.587935447692871e-09,3240,1.0,60.0,60.0,60.0,0.9836065573770492,0.9836065573770492,0.9836065573770492,3240,1.0,60.0,60.0,60.0,0.9836065573770492,0.9836065573770492,0.9836065573770492,4824,1.0,59.99999734769879,60.000000804663024,60.000003121115675,0.9836065566642566,0.9836065575932983,0.9836065582158332
207,3.45,True,valid,0.006131266301127855,0.007537173346058573,0.18637010697770826,307.4421370076573,307.44300045262486,0.0027802575396051847,307.60912371506896,1.5752667474086557,8.821831740190877,0.00042909627229085356,1585.0,1228.908335440387,6.756681129517412e-06,0,16214,0.10652268677949905,193,3.725290298461914e-09,3240,1.0,60.0,60.0,60.0,0.9836065573770492,0.9836065573770492,0.9836065573770492,3240,1.0,60.0,60.0,60.0,0.9836065573770492,0.9836065573770492,0.9836065573770492,4824,1.0,59.99999734769879,60.000000804663024,60.000003121115675,0.9836065566642566,0.9836065575932983,0.9836065582158332
208,3.466666666666667,True,valid,0.0061400154474026076,0.007655501593088946,0.18570334779931666,293.0416565653623,293.04245752539026,0.0026269952045451274,293.35818279374496,1.5690405441787982,10.931500574101099,0.0004112528005038452,1585.0,1253.8530610280977,6.485009901609472e-06,0,16213,0.11258289217948914,204,3.725290298461914e-09,3240,1.0,60.0,60.0,60.0,0.9836065573770492,0.9836065573770492,0.9836065573770492,3240,1.0,60.0,60.0,60.0,0.9836065573770492,0.9836065573770492,0.9836065573770492,4824,1.0,59.99999734769879,60.000000804663024,60.000003121115675,0.9836065566642566,0.9836065575932983,0.9836065582158332
209,3.4833333333333334,True,valid,0.006217838512543472,0.007707805259148667,0.18395701851899546,284.7986436191213,284.7994288732936,0.002604647638153922,284.8803566755101,1.5344722377608626,8.147247900736408,0.0003981712432977886,1585.0,1217.3246108634148,6.32147542748185e-06,0,16172,0.11872000247240067,218,7.450580596923828e-09,3240,1.0,60.0,60.0,60.0,0.9836065573770492,0.9836065573770492,0.9836065573770492,3240,1.0,60.0,60.0,60.0,0.9836065573770492,0.9836065573770492,0.9836065573770492,4824,1.0,59.99999734769879,60.000000804663024,60.000003121115675,0.9836065566642566,0.9836065575932983,0.9836065582158332
210,3.5,True,valid,0.006245620590710197,0.007485135243661223,0.18304999805397415,265.6667505019567,265.6674430527337,0.002396003262376566,265.70325440178067,1.4254641331100186,6.45937931012463,0.0003704117152496035,1585.0,1146.3063775571175,5.928392083496097e-06,0,16126,0.12363091111183167,207,3.725290298461914e-09,3240,1.0,60.0,60.0,60.0,0.9836065573770492,0.9836065573770492,0.9836065573770492,3240,1.0,60.0,60.0,60.0,0.9836065573770492,0.9836065573770492,0.9836065573770492,4824,1.0,59.99999734769879,60.000000804663024,60.000003121115675,0.9836065566642566,0.9836065575932983,0.9836065582158332
211,3.5166666666666666,True,valid,0.00622452461342708,0.007101431008270887,0.18278439003934507,249.07221245433678,249.07288326217892,0.002257298200316511,249.0971853253879,1.3543931096675554,5.811192020579677,0.0003465248319736924,1585.0,1009.4198713799474,5.588062610052611e-06,0,16087,0.1301104873418808,211,3.725290298461914e-09,3240,1.0,60.0,60.0,60.0,0.9836065573770492,0.9836065573770492,0.9836065573770492,3240,1.0,60.0,60.0,60.0,0.9836065573770492,0.9836065573770492,0.9836065573770492,4824,1.0,59.99999734769879,60.000000804663024,60.000003121115675,0.9836065566642566,0.9836065575932983,0.9836065582158332
212,3.533333333333333,True,valid,0.006085988248708514,0.006653493695525639,0.18357252449662972,228.9441772259893,228.94477700686724,0.0019741505432886225,229.01385007762102,1.2150711350850718,7.105396472383011,0.0003129212000545082,1585.0,890.7300064567937,5.1447299538077795e-06,0,16055,0.1346466988325119,214,3.725290298461914e-09,3240,1.0,60.0,60.0,60.0,0.9836065573770492,0.9836065573770492,0.9836065573770492,3240,1.0,60.0,60.0,60.0,0.9836065573770492,0.9836065573770492,0.9836065573770492,4824,1.0,59.99999734769879,60.000000804663024,60.000003121115675,0.9836065566642566,0.9836065575932983,0.9836065582158332
213,3.55,True,valid,0.005928853066913619,0.00627933812617819,0.1833079883294715,207.9735532678979,207.97405001980235,0.0018654890592706295,208.23539323744822,1.0371749818051887,10.062848590541705,0.000280701717024761,1585.0,761.0002147301846,4.689540586263817e-06,0,16046,0.1385994851589203,223,3.725290298461914e-09,3240,1.0,60.0,60.0,60.0,0.9836065573770492,0.9836065573770492,0.9836065573770492,3240,1.0,60.0,60.0,60.0,0.9836065573770492,0.9836065573770492,0.9836065573770492,4824,1.0,59.99999734769879,60.000000804663024,60.000003121115675,0.9836065566642566,0.9836065575932983,0.9836065582158332
214,3.566666666666667,True,valid,0.005794813403343373,0.0059005036298334845,0.18254405016173791,188.53930329579936,188.5397156007014,0.0015026909713338325,189.1089046979398,0.8864328890082805,13.04893611596306,0.0002509710460994639,1585.0,682.4192856951322,4.2840852481696565e-06,0,16029,0.14287041127681732,228,7.450580596923828e-09,3240,1.0,60.0,60.0,60.0,0.9836065573770492,0.9836065573770492,0.9836065573770492,3240,1.0,60.0,60.0,60.0,0.9836065573770492,0.9836065573770492,0.9836065573770492,4824,1.0,59.99999734769879,60.000000804663024,60.000003121115675,0.9836065566642566,0.9836065575932983,0.9836065582158332
215,3.5833333333333335,True,valid,0.005679829152045289,0.005607626560085605,0.1809553327644844,167.18891598802756,167.18924248309781,0.0012280149519267828,167.9540205372151,0.7322533869635396,14.152034023210895,0.00022103844755587448,1585.0,606.2775362464208,3.86353565126522e-06,0,16012,0.14539407193660736,208,7.450580596923828e-09,3240,1.0,60.0,60.0,60.0,0.9836065573770492,0.9836065573770492,0.9836065573770492,3240,1.0,60.0,60.0,60.0,0.9836065573770492,0.9836065573770492,0.9836065573770492,4824,1.0,59.99999734769879,60.000000804663024,60.000003121115675,0.9836065566642566,0.9836065575932983,0.9836065582158332
216,3.6,True,valid,0.005524605344505096,0.005441957234474192,0.18055511696880303,149.01435293749398,149.01462002788713,0.0010498425820110399,150.22801647344295,0.6937078437589675,18.453745094609634,0.0001945214470829444,1585.0,520.8155201668224,3.487126413985819e-06,0,15989,0.1479177325963974,206,7.450580596923828e-09,3240,1.0,60.0,60.0,60.0,0.9836065573770492,0.9836065573770492,0.9836065573770492,3240,1.0,60.0,60.0,60.0,0.9836065573770492,0.9836065573770492,0.9836065573770492,4824,1.0,59.99999734769879,60.000000804663024,60.000003121115675,0.9836065566642566,0.9836065575932983,0.9836065582158332
217,3.6166666666666667,True,valid,0.005429179054445292,0.00546101954220635,0.18167205567919234,132.55094038337808,132.55113006430355,0.0008575000505375467,134.02912045902622,0.4859980194800898,19.525979173486295,0.00017088905206552937,1585.0,372.4258360336741,3.1558494682574e-06,0,15894,0.14871427416801453,206,7.450580596923828e-09,3240,1.0,60.0,60.0,60.0,0.9836065573770492,0.9836065573770492,0.9836065573770492,3240,1.0,60.0,60.0,60.0,0.9836065573770492,0.9836065573770492,0.9836065573770492,4824,1.0,59.99999734769879,60.000000804663024,60.000003121115675,0.9836065566642566,0.9836065575932983,0.9836065582158332
218,3.6333333333333333,True,valid,0.005347717710124831,0.005271555656183775,0.18424507478107516,122.44337534587928,122.44352211187837,0.0007852494937642312,123.96764958893925,0.47146229211109114,18.335316297532092,0.00015222131600977455,1585.0,348.0622556126896,2.9215169217365267e-06,0,15759,0.150031179189682,206,7.450580596923828e-09,3240,1.0,60.0,60.0,60.0,0.9836065573770492,0.9836065573770492,0.9836065573770492,3240,1.0,60.0,60.0,60.0,0.9836065573770492,0.9836065573770492,0.9836065573770492,4824,1.0,59.99999734769879,60.000000804663024,60.000003121115675,0.9836065566642566,0.9836065575932983,0.9836065582158332
219,3.65,True,valid,0.005416516543894206,0.005137174366207697,0.1858972601824593,117.96604375063397,117.96615193272658,0.0006931344772791655,119.61663115271533,0.45190593299747156,19.572308251713142,0.00014346375990254075,1585.0,608.1872521524882,2.839345030838039e-06,24,15776,0.15206800401210785,213,7.450580596923828e-09,3240,1.0,60.0,60.0,60.0,0.9836065573770492,0.9836065573770492,0.9836065573770492,3240,1.0,60.0,60.0,60.0,0.9836065573770492,0.9836065573770492,0.9836065573770492,4824,1.0,59.99999734769879,60.000000804663024,60.000003121115675,0.9836065566642566,0.9836065575932983,0.9836065582158332
220,3.6666666666666665,True,valid,0.005352195727756014,0.004887378250468122,0.18732784688756224,116.34977262872526,116.34988141047279,0.000690777411564942,118.59799068168749,0.502009827847174,23.278590680981235,0.00013883655906277888,1585.0,626.3464141097469,2.763611015053749e-06,44,15889,0.15083080530166626,220,7.450580596923828e-09,3240,1.0,60.0,60.0,60.0,0.9836065573770492,0.9836065573770492,0.9836065573770492,3240,1.0,60.0,60.0,60.0,0.9836065573770492,0.9836065573770492,0.9836065573770492,4824,1.0,59.99999734769879,60.000000804663024,60.000003121115675,0.9836065566642566,0.9836065575932983,0.9836065582158332
221,3.683333333333333,True,valid,0.00528647984025486,0.004769782056608607,0.18725834895962207,122.56566939280447,122.56579986631311,0.0007301272140005619,124.91132023614531,0.36303858179877757,24.673515049153075,0.00014899522797942892,1585.0,336.302119254829,2.868219223804714e-06,52,16078,0.14866165816783905,228,7.450580596923828e-09,3240,1.0,60.0,60.0,60.0,0.9836065573770492,0.9836065573770492,0.9836065573770492,3240,1.0,60.0,60.0,60.0,0.9836065573770492,0.9836065573770492,0.9836065573770492,4824,1.0,59.99999734769879,60.000000804663024,60.000003121115675,0.9836065566642566,0.9836065575932983,0.9836065582158332
222,3.7,True,valid,0.00514051509230546,0.004650450289984726,0.18720785279723967,133.60577561519673,133.60596401813908,0.0008881652266980372,135.59887187192882,0.40334655207195796,24.17055851388602,0.000163117008745684,1585.0,432.69652028002673,3.022991343789252e-06,56,16281,0.14638139307498932,230,7.450580596923828e-09,3240,1.0,60.0,60.0,60.0,0.9836065573770492,0.9836065573770492,0.9836065573770492,3240,1.0,60.0,60.0,60.0,0.9836065573770492,0.9836065573770492,0.9836065573770492,4824,1.0,59.99999734769879,60.000000804663024,60.000003121115675,0.9836065566642566,0.9836065575932983,0.9836065582158332
223,3.716666666666667,True,valid,0.005179052445902205,0.004681835112801906,0.18565850875029516,151.4654573856403,151.46570575265625,0.001021259393079809,153.47422758912234,0.47872888686316234,25.016811878820846,0.00018737500124866097,1585.0,568.1928477829541,3.3538985351710944e-06,32,16184,0.1433316022157669,230,7.450580596923828e-09,3240,1.0,60.0,60.0,60.0,0.9836065573770492,0.9836065573770492,0.9836065573770492,3240,1.0,60.0,60.0,60.0,0.9836065573770492,0.9836065573770492,0.9836065573770492,4824,1.0,59.99999734769879,60.000000804663024,60.000003121115675,0.9836065566642566,0.9836065575932983,0.9836065582158332
224,3.7333333333333334,True,valid,0.005260335545582613,0.004789894131142686,0.18471065345811194,170.18277625903752,170.18308782773641,0.0011945937991500657,171.93988068541455,0.5840158917374183,24.24705432795233,0.00021300043933587345,1585.0,684.9549463606728,3.720458040393879e-06,2,16101,0.14009733498096466,232,7.450580596923828e-09,3240,1.0,60.0,60.0,60.0,0.9836065573770492,0.9836065573770492,0.9836065573770492,3240,1.0,60.0,60.0,60.0,0.9836065573770492,0.9836065573770492,0.9836065573770492,4824,1.0,59.99999734769879,60.000000804663024,60.000003121115675,0.9836065566642566,0.9836065575932983,0.9836065582158332
225,3.75,True,valid,0.005295448621466231,0.004881259758715783,0.18502353204230276,188.79080199463215,188.79120685997827,0.0013864221441528453,189.75836283991936,0.7099416667446181,19.13771838394833,0.0002398061229345392,1585.0,749.5736862791042,4.0937681239236845e-06,0,16136,0.13576212525367737,229,7.450580596923828e-09,3240,1.0,60.0,60.0,60.0,0.9836065573770492,0.9836065573770492,0.9836065573770492,3240,1.0,60.0,60.0,60.0,0.9836065573770492,0.9836065573770492,0.9836065573770492,4824,1.0,59.99999734769879,60.000000804663024,60.000003121115675,0.9836065566642566,0.9836065575932983,0.9836065582158332
226,3.7666666666666666,True,valid,0.005323423813881966,0.004986263182612155,0.18492777883872918,209.17351371247065,209.17402701929774,0.0016052976251083755,209.6123418514534,0.9297623408124914,13.367530637309423,0.00027361733466581983,1585.0,756.9361315618471,4.5319595756933045e-06,0,16134,0.13074466586112976,229,3.725290298461914e-09,3240,1.0,60.0,60.0,60.0,0.9836065573770492,0.9836065573770492,0.9836065573770492,3240,1.0,60.0,60.0,60.0,0.9836065573770492,0.9836065573770492,0.9836065573770492,4824,1.0,59.99999734769879,60.000000804663024,60.000003121115675,0.9836065566642566,0.9836065575932983,0.9836065582158332
227,3.783333333333333,True,valid,0.005261439041447548,0.005032592485724565,0.18624382363736328,229.59688897627248,229.5974962745171,0.0018624771321568722,230.0761977773665,1.1642782861395762,13.416558948685799,0.00030436840269245014,1585.0,992.2246870649685,4.9515215769981846e-06,0,16136,0.1252312958240509,228,3.725290298461914e-09,3240,1.0,60.0,60.0,60.0,0.9836065573770492,0.9836065573770492,0.9836065573770492,3240,1.0,60.0,60.0,60.0,0.9836065573770492,0.9836065573770492,0.9836065573770492,4824,1.0,59.99999734769879,60.000000804663024,60.000003121115675,0.9836065566642566,0.9836065575932983,0.9836065582158332
228,3.8,True,valid,0.005271434931413595,0.005352851596206503,0.1855900498971845,252.2779261561678,252.2785996542869,0.002129519653170825,252.83173343804944,1.3941063956113646,15.163123051364833,0.00033670261230576135,1585.0,1385.6870891917908,5.411456498257588e-06,0,16135,0.11942831426858902,228,7.450580596923828e-09,3240,1.0,60.0,60.0,60.0,0.9836065573770492,0.9836065573770492,0.9836065573770492,3240,1.0,60.0,60.0,60.0,0.9836065573770492,0.9836065573770492,0.9836065573770492,4824,1.0,59.99999734769879,60.000000804663024,60.000003121115675,0.9836065566642566,0.9836065575932983,0.9836065582158332
229,3.816666666666667,True,valid,0.005352535041814036,0.00560071482825559,0.1846107564682475,273.94981734930735,273.9505422066984,0.0023538434576453353,274.5048126042621,1.5194767169726988,14.8701010619893,0.00036549096709142365,1585.0,1715.1565102935858,5.8680380398807135e-06,0,16142,0.11398220807313919,227,3.725290298461914e-09,3240,1.0,60.0,60.0,60.0,0.9836065573770492,0.9836065573770492,0.9836065573770492,3240,1.0,60.0,60.0,60.0,0.9836065573770492,0.9836065573770492,0.9836065573770492,4824,1.0,59.99999734769879,60.000000804663024,60.000003121115675,0.9836065566642566,0.9836065575932983,0.9836065582158332
230,3.8333333333333335,True,valid,0.005437567134041899,0.005820835235946048,0.1844573371265543,291.86319463897945,291.8639784658423,0.002503810726592411,292.2638700955539,1.4512506658964563,10.69046037527058,0.0003917161475399031,1585.0,1813.861072973067,6.250306471355187e-06,0,16163,0.1074332743883133,226,7.450580596923828e-09,3240,1.0,60.0,60.0,60.0,0.9836065573770492,0.9836065573770492,0.9836065573770492,3240,1.0,60.0,60.0,60.0,0.9836065573770492,0.9836065573770492,0.9836065573770492,4824,1.0,59.99999734769879,60.000000804663024,60.000003121115675,0.9836065566642566,0.9836065575932983,0.9836065582158332
231,3.85,True,valid,0.005582510612003827,0.006189473220796845,0.1834411487017851,303.46310877514696,303.46389768990565,0.002767263676138061,303.79958961076625,1.5148135922114268,8.845181941721775,0.00040490526372014284,1585.0,1747.995857991085,6.4799004406978055e-06,0,16224,0.09980450570583344,234,3.725290298461914e-09,3240,1.0,60.0,60.0,60.0,0.9836065573770492,0.9836065573770492,0.9836065573770492,3240,1.0,60.0,60.0,60.0,0.9836065573770492,0.9836065573770492,0.9836065573770492,4824,1.0,59.99999734769879,60.000000804663024,60.000003121115675,0.9836065566642566,0.9836065575932983,0.9836065582158332
232,3.8666666666666667,True,valid,0.005716256516583974,0.006518224841734043,0.18278385016103724,314.9560780686151,314.9568924572071,0.002621515535650574,315.21554624310824,1.5454812875314967,9.175521559864222,0.00041821865982899026,1585.0,1763.482051955496,6.696849621773544e-06,0,16275,0.09231093525886536,227,1.862645149230957e-09,3240,1.0,60.0,60.0,60.0,0.9836065573770492,0.9836065573770492,0.9836065573770492,3240,1.0,60.0,60.0,60.0,0.9836065573770492,0.9836065573770492,0.9836065573770492,4824,1.0,59.99999734769879,60.000000804663024,60.000003121115675,0.9836065566642566,0.9836065575932983,0.9836065582158332
233,3.8833333333333333,True,valid,0.005850634382958975,0.006825321435618254,0.1817732622389076,324.58472635038936,324.5855774396333,0.002780943302382917,324.8099949372423,1.5912871757575817,7.584423668110408,0.0004322679491978079,1585.0,1809.2380671610733,6.910084134473759e-06,0,16290,0.08439859747886658,222,1.862645149230957e-09,3240,1.0,60.0,60.0,60.0,0.9836065573770492,0.9836065573770492,0.9836065573770492,3240,1.0,60.0,60.0,60.0,0.9836065573770492,0.9836065573770492,0.9836065573770492,4824,1.0,59.99999734769879,60.000000804663024,60.000003121115675,0.9836065566642566,0.9836065575932983,0.9836065582158332
234,3.9,True,valid,0.005894141493225639,0.006968719503799938,0.18210845611454174,329.6227847508364,329.62368717315024,0.0028084278110425123,329.7303483182769,1.6984445665947325,4.417871367339481,0.0004445502837437139,1585.0,1620.083066957182,7.030973257785603e-06,0,16289,0.0767698585987091,218,2.7939677238464355e-09,3240,1.0,60.0,60.0,60.0,0.9836065573770492,0.9836065573770492,0.9836065573770492,3240,1.0,60.0,60.0,60.0,0.9836065573770492,0.9836065573770492,0.9836065573770492,4824,1.0,59.99999734769879,60.000000804663024,60.000003121115675,0.9836065566642566,0.9836065575932983,0.9836065582158332
235,3.9166666666666665,True,valid,0.005987931434553966,0.007265132032781711,0.18208229792799477,337.46063725174406,337.46156362712503,0.0029246052755634152,337.5930386382792,1.7219363877695173,3.9669452918154313,0.00045737094306398034,1585.0,1647.1020226199355,7.210359121967335e-06,0,16324,0.06872226297855377,202,3.725290298461914e-09,3240,1.0,60.0,60.0,60.0,0.9836065573770492,0.9836065573770492,0.9836065573770492,3240,1.0,60.0,60.0,60.0,0.9836065573770492,0.9836065573770492,0.9836065573770492,4824,1.0,59.99999734769879,60.000000804663024,60.000003121115675,0.9836065566642566,0.9836065575932983,0.9836065582158332
236,3.933333333333333,True,valid,0.006068954433585742,0.007459546146135703,0.18258003040025592,336.29301771580634,336.2939610317134,0.002924378319580506,336.4217132968757,1.754309236139087,3.276605593285531,0.000457534393057163,1585.0,1595.109114973332,7.198683408481317e-06,0,16304,0.06067466735839844,200,2.561137080192566e-09,3240,1.0,60.0,60.0,60.0,0.9836065573770492,0.9836065573770492,0.9836065573770492,3240,1.0,60.0,60.0,60.0,0.9836065573770492,0.9836065573770492,0.9836065573770492,4824,1.0,59.99999734769879,60.000000804663024,60.000003121115675,0.9836065566642566,0.9836065575932983,0.9836065582158332
237,3.95,True,valid,0.006199676062920524,0.0077241236653827604,0.18420459233117273,340.90356106612984,340.9044956333244,0.002991806334798446,341.04412685424603,1.696742706245443,3.0700096635477223,0.00046450404436229,1585.0,1452.5710436031407,7.3156731168820506e-06,0,16231,0.052725955843925476,204,3.4924596548080444e-09,3240,1.0,60.0,60.0,60.0,0.9836065573770492,0.9836065573770492,0.9836065573770492,3240,1.0,60.0,60.0,60.0,0.9836065573770492,0.9836065573770492,0.9836065573770492,4824,1.0,59.99999734769879,60.000000804663024,60.000003121115675,0.9836065566642566,0.9836065575932983,0.9836065582158332
238,3.966666666666667,True,valid,0.006237797769292761,0.007754202600414331,0.18390832721423175,332.10915663178105,332.11008692799953,0.0029689507290296905,332.2840931292675,1.8010096464258756,3.5292984158624043,0.0004561557105631946,1585.0,1325.8558427211701,7.1587993400893735e-06,0,16269,0.05090053752064705,203,3.725290298461914e-09,3240,1.0,60.0,60.0,60.0,0.9836065573770492,0.9836065573770492,0.9836065573770492,3240,1.0,60.0,60.0,60.0,0.9836065573770492,0.9836065573770492,0.9836065573770492,4824,1.0,59.99999734769879,60.000000804663024,60.000003121115675,0.9836065566642566,0.9836065575932983,0.9836065582158332
239,3.9833333333333334,True,valid,0.006277992048320997,0.00790102473694424,0.18361793964659026,333.9234493392818,333.92439999700235,0.0030051251005479796,333.99439399611384,1.647015370734594,3.881620498088431,0.00045819779145344784,1585.0,1326.3572074123585,7.184071715957304e-06,0,16263,0.05835913494229317,202,5.587935447692871e-09,3240,1.0,60.0,60.0,60.0,0.9836065573770492,0.9836065573770492,0.9836065573770492,3240,1.0,60.0,60.0,60.0,0.9836065573770492,0.9836065573770492,0.9836065573770492,4824,1.0,59.99999734769879,60.000000804663024,60.000003121115675,0.9836065566642566,0.9836065575932983,0.9836065582158332
240,4.0,True,valid,0.006234115710310278,0.00781541999868437,0.1814514824115078,327.9890011951082,327.98994205340455,0.0030064136475192915,328.1183553346373,1.7408333812138879,2.954423369672867,0.0004531938897389937,1585.0,1406.0365986312702,7.095754606777125e-06,0,16264,0.06608421355485916,199,7.450580596923828e-09,3240,1.0,60.0,60.0,60.0,0.9836065573770492,0.9836065573770492,0.9836065573770492,3240,1.0,60.0,60.0,60.0,0.9836065573770492,0.9836065573770492,0.9836065573770492,4824,1.0,59.99999734769879,60.000000804663024,60.000003121115675,0.9836065566642566,0.9836065575932983,0.9836065582158332
241,4.016666666666667,True,valid,0.006302361575037703,0.007704451358267249,0.18093252523841283,319.731693970029,319.7326049423207,0.0029315600361649327,319.7217278675086,1.6214491992826185,5.3135383035509625,0.0004419673659533013,1585.0,1381.4172515761502,6.949891253949989e-06,0,16256,0.07372909784317017,195,5.587935447692871e-09,3240,1.0,60.0,60.0,60.0,0.9836065573770492,0.9836065573770492,0.9836065573770492,3240,1.0,60.0,60.0,60.0,0.9836065573770492,0.9836065573770492,0.9836065573770492,4824,1.0,59.99999734769879,60.000000804663024,60.000003121115675,0.9836065566642566,0.9836065575932983,0.9836065582158332
242,4.033333333333333,True,valid,0.00623969991698136,0.007603015051241768,0.1824004210740767,306.5449502588166,306.54581147416076,0.0027771026028477557,306.6240146850047,1.591348873164432,3.8868810657689257,0.0004235815684360874,1585.0,1383.6543646933412,6.6635000090051095e-06,0,16238,0.0805569589138031,197,3.725290298461914e-09,3240,1.0,60.0,60.0,60.0,0.9836065573770492,0.9836065573770492,0.9836065573770492,3240,1.0,60.0,60.0,60.0,0.9836065573770492,0.9836065573770492,0.9836065573770492,4824,1.0,59.99999734769879,60.000000804663024,60.000003121115675,0.9836065566642566,0.9836065575932983,0.9836065582158332
243,4.05,True,valid,0.006264629838048751,0.007729106391450913,0.18429856445954396,295.02079181442815,295.021646426985,0.0026857743084029674,295.0459019941428,1.6160760108186307,2.5452639516853504,0.0004096442268988742,1585.0,1366.719641625385,6.452388665363755e-06,0,16240,0.08685537427663803,200,3.725290298461914e-09,3240,1.0,60.0,60.0,60.0,0.9836065573770492,0.9836065573770492,0.9836065573770492,3240,1.0,60.0,60.0,60.0,0.9836065573770492,0.9836065573770492,0.9836065573770492,4824,1.0,59.99999734769879,60.000000804663024,60.000003121115675,0.9836065566642566,0.9836065575932983,0.9836065582158332
244,4.066666666666666,True,valid,0.0062923504357114265,0.007660860122370603,0.1851496532801599,284.51538952664447,284.5161566802065,0.0024988312092684493,284.61291035911484,1.4681070334798387,4.8574251340201045,0.00039154804884580866,1585.0,1299.964120281143,6.226674104433404e-06,0,16245,0.09276793897151947,204,7.450580596923828e-09,3240,1.0,60.0,60.0,60.0,0.9836065573770492,0.9836065573770492,0.9836065573770492,3240,1.0,60.0,60.0,60.0,0.9836065573770492,0.9836065573770492,0.9836065573770492,4824,1.0,59.99999734769879,60.000000804663024,60.000003121115675,0.9836065566642566,0.9836065575932983,0.9836065582158332
245,4.083333333333333,True,valid,0.006358919152267692,0.007639671945314577,0.18409827770713696,270.4179185085285,270.41863343950297,0.0023612419741298766,270.63138516542676,1.389842242491098,9.548501100535269,0.00037073475423547443,1585.0,1180.6916253406796,5.953673221625022e-06,0,16157,0.09807256609201431,212,7.450580596923828e-09,3240,1.0,60.0,60.0,60.0,0.9836065573770492,0.9836065573770492,0.9836065573770492,3240,1.0,60.0,60.0,60.0,0.9836065573770492,0.9836065573770492,0.9836065573770492,4824,1.0,59.99999734769879,60.000000804663024,60.000003121115675,0.9836065566642566,0.9836065575932983,0.9836065582158332
246,4.1,True,valid,0.006327814946171003,0.007431443322440523,0.18473819679681958,257.02299621725246,257.02366762865404,0.002197908198362037,257.4678770022695,1.1980240369427604,14.15655641846112,0.00035049829116653937,1585.0,1099.3538829753913,5.663485575780589e-06,0,16195,0.10332920402288437,209,7.450580596923828e-09,3240,1.0,60.0,60.0,60.0,0.9836065573770492,0.9836065573770492,0.9836065573770492,3240,1.0,60.0,60.0,60.0,0.9836065573770492,0.9836065573770492,0.9836065573770492,4824,1.0,59.99999734769879,60.000000804663024,60.000003121115675,0.9836065566642566,0.9836065575932983,0.9836065582158332
247,4.116666666666666,True,valid,0.006165451474465813,0.007127671127621851,0.18444803614253097,240.8652712245734,240.8658672633582,0.002039153870619217,241.54478610748814,1.1784162991056206,18.81426269247629,0.00032428521113227703,1585.0,1058.4807330696285,5.321890162362382e-06,0,16114,0.10843431204557419,213,3.725290298461914e-09,3240,1.0,60.0,60.0,60.0,0.9836065573770492,0.9836065573770492,0.9836065573770492,3240,1.0,60.0,60.0,60.0,0.9836065573770492,0.9836065573770492,0.9836065573770492,4824,1.0,59.99999734769879,60.000000804663024,60.000003121115675,0.9836065566642566,0.9836065575932983,0.9836065582158332
248,4.133333333333334,True,valid,0.00595866904586329,0.006672061298598708,0.18462287374023087,219.4914065006142,219.4919036724231,0.0016872520345302176,220.20946989198862,0.9963918194804076,18.873663938148727,0.0002901699907421056,1585.0,924.1283221292246,4.883397835057426e-06,0,16141,0.11231712996959686,215,3.725290298461914e-09,3240,1.0,60.0,60.0,60.0,0.9836065573770492,0.9836065573770492,0.9836065573770492,3240,1.0,60.0,60.0,60.0,0.9836065573770492,0.9836065573770492,0.9836065573770492,4824,1.0,59.99999734769879,60.000000804663024,60.000003121115675,0.9836065566642566,0.9836065575932983,0.9836065582158332
249,4.15,True,valid,0.005809308883110452,0.006216587830128589,0.18374629536027623,193.90834777753648,193.90875003036194,0.001463986692957816,194.62826732054188,0.9310812219516201,18.752294356976726,0.00025553685740468414,1585.0,685.3268347997845,4.354015642377663e-06,0,16056,0.11508681625127792,222,7.450580596923828e-09,3240,1.0,60.0,60.0,60.0,0.9836065573770492,0.9836065573770492,0.9836065573770492,3240,1.0,60.0,60.0,60.0,0.9836065573770492,0.9836065573770492,0.9836065573770492,4824,1.0,59.99999734769879,60.000000804663024,60.000003121115675,0.9836065566642566,0.9836065575932983,0.9836065582158332
250,4.166666666666667,True,valid,0.005728102766509941,0.005780842902302892,0.18334075299066188,173.73383996895808,173.7341915596173,0.0012638751156468578,174.35411244323257,0.8455951858619613,15.196840614393482,0.00022949182198446353,1585.0,662.6672583942482,3.983161670384586e-06,0,16063,0.11762963980436325,220,7.450580596923828e-09,3240,1.0,60.0,60.0,60.0,0.9836065573770492,0.9836065573770492,0.9836065573770492,3240,1.0,60.0,60.0,60.0,0.9836065573770492,0.9836065573770492,0.9836065573770492,4824,1.0,59.99999734769879,60.000000804663024,60.000003121115675,0.9836065566642566,0.9836065575932983,0.9836065582158332
251,4.183333333333334,True,valid,0.005604150397056024,0.005376877670654982,0.1837010360280005,157.59277412759275,157.5930677502976,0.0011424132212371912,157.99678008066863,0.7328266386407168,11.832878917447323,0.00020311227506255097,1585.0,507.3708380934081,3.6339111727428245e-06,0,16014,0.11952126026153564,218,7.450580596923828e-09,3240,1.0,60.0,60.0,60.0,0.9836065573770492,0.9836065573770492,0.9836065573770492,3240,1.0,60.0,60.0,60.0,0.9836065573770492,0.9836065573770492,0.9836065573770492,4824,1.0,59.99999734769879,60.000000804663024,60.000003121115675,0.9836065566642566,0.9836065575932983,0.9836065582158332
252,4.2,True,valid,0.0055328333298684685,0.005087370188767223,0.18373797112866974,141.2499508396877,141.25014816183574,0.0009144680596978082,141.41708155467686,0.5452336535913606,7.56534985392841,0.00018000048023032164,1585.0,466.3217862628367,3.320462040909129e-06,0,15893,0.12167828530073166,215,7.450580596923828e-09,3240,1.0,60.0,60.0,60.0,0.9836065573770492,0.9836065573770492,0.9836065573770492,3240,1.0,60.0,60.0,60.0,0.9836065573770492,0.9836065573770492,0.9836065573770492,4824,1.0,59.99999734769879,60.000000804663024,60.000003121115675,0.9836065566642566,0.9836065575932983,0.9836065582158332
253,4.216666666666667,True,valid,0.005410878070324387,0.004903095868889241,0.1839227381875943,127.36018751249621,127.36034592792448,0.0007862650673183217,127.51444415222632,0.4829608882954126,5.608026213183995,0.000157673762809341,1585.0,405.13267591023174,3.0080948059340924e-06,0,15752,0.12355893105268478,218,7.450580596923828e-09,3240,1.0,60.0,60.0,60.0,0.9836065573770492,0.9836065573770492,0.9836065573770492,3240,1.0,60.0,60.0,60.0,0.9836065573770492,0.9836065573770492,0.9836065573770492,4824,1.0,59.99999734769879,60.000000804663024,60.000003121115675,0.9836065566642566,0.9836065575932983,0.9836065582158332
254,4.233333333333333,True,valid,0.005321787708379283,0.004720872557301362,0.1833621025115435,117.47539267667348,117.47550271879598,0.000700173631955006,117.74334363783537,0.35504963921488564,7.648635875588125,0.00014297417167719872,1585.0,347.7630155993618,2.801648547100648e-06,0,15610,0.12375591695308685,215,7.450580596923828e-09,3240,1.0,60.0,60.0,60.0,0.9836065573770492,0.9836065573770492,0.9836065573770492,3240,1.0,60.0,60.0,60.0,0.9836065573770492,0.9836065573770492,0.9836065573770492,4824,1.0,59.99999734769879,60.000000804663024,60.000003121115675,0.9836065566642566,0.9836065575932983,0.9836065582158332
255,4.25,True,valid,0.005277567325498434,0.004546026509421814,0.18260501152350084,114.94233292459849,114.9424340984623,0.0006835388282535135,115.25066144921603,0.2951624955724764,8.62237119731913,0.0001389973418177363,1585.0,297.76664262811164,2.740877558603171e-06,0,15611,0.12313658744096756,208,7.450580596923828e-09,3240,1.0,60.0,60.0,60.0,0.9836065573770492,0.9836065573770492,0.9836065573770492,3240,1.0,60.0,60.0,60.0,0.9836065573770492,0.9836065573770492,0.9836065573770492,4824,1.0,59.99999734769879,60.000000804663024,60.000003121115675,0.9836065566642566,0.9836065575932983,0.9836065582158332
256,4.266666666666667,True,valid,0.005204026460075941,0.004432147966516845,0.18299186791974834,116.6281135439796,116.62822369446006,0.0006813137354372845,117.22736192554653,0.3564608996453493,12.549253974964559,0.00013977252735216026,1585.0,304.5168544034999,2.7237551427158853e-06,0,15794,0.12211348116397858,203,7.450580596923828e-09,3240,1.0,60.0,60.0,60.0,0.9836065573770492,0.9836065573770492,0.9836065573770492,3240,1.0,60.0,60.0,60.0,0.9836065573770492,0.9836065573770492,0.9836065573770492,4824,1.0,59.99999734769879,60.000000804663024,60.000003121115675,0.9836065566642566,0.9836065575932983,0.9836065582158332
257,4.283333333333333,True,valid,0.005193066884693505,0.0043052869713054755,0.18293383137764843,129.55676376317993,129.55693674295551,0.0008509365485500385,130.6923204567516,0.5060477523217988,17.511889657665552,0.00015965663996505663,1585.0,428.8500266643284,2.98380217610905e-06,0,15898,0.12092965841293335,202,7.450580596923828e-09,3240,1.0,60.0,60.0,60.0,0.9836065573770492,0.9836065573770492,0.9836065573770492,3240,1.0,60.0,60.0,60.0,0.9836065573770492,0.9836065573770492,0.9836065573770492,4824,1.0,59.99999734769879,60.000000804663024,60.000003121115675,0.9836065566642566,0.9836065575932983,0.9836065582158332
258,4.3,True,valid,0.005178032565365079,0.004217428243482848,0.1835477513537934,144.79226609442813,144.7924977957576,0.0009994918756946712,146.2769719762781,0.46891094932022703,20.79583220631874,0.00017974768644756864,1585.0,541.6146593826962,3.2497415684069193e-06,0,16004,0.11952270567417145,210,7.450580596923828e-09,3240,1.0,60.0,60.0,60.0,0.9836065573770492,0.9836065573770492,0.9836065573770492,3240,1.0,60.0,60.0,60.0,0.9836065573770492,0.9836065573770492,0.9836065573770492,4824,1.0,59.99999734769879,60.000000804663024,60.000003121115675,0.9836065566642566,0.9836065575932983,0.9836065582158332
259,4.316666666666666,True,valid,0.005160564127872072,0.004317434234375345,0.18476973289544107,164.4074580645986,164.40775304471035,0.0011505363625833069,165.84570325039348,0.5504977337000388,22.203241605954197,0.0002070971963064339,1585.0,680.7370392179769,3.64443534302955e-06,0,16079,0.11809460073709488,215,7.450580596923828e-09,3240,1.0,60.0,60.0,60.0,0.9836065573770492,0.9836065573770492,0.9836065573770492,3240,1.0,60.0,60.0,60.0,0.9836065573770492,0.9836065573770492,0.9836065573770492,4824,1.0,59.99999734769879,60.000000804663024,60.000003121115675,0.9836065566642566,0.9836065575932983,0.9836065582158332
260,4.333333333333333,True,valid,0.005161375777589284,0.004593335789379176,0.18516043111895839,183.99585715598627,183.99621378976448,0.0013267219435301497,185.17655875261963,0.6194666025937422,21.130581818943153,0.0002337709004491856,1585.0,763.4134276604474,4.021073236668902e-06,0,16119,0.11642206460237503,219,3.725290298461914e-09,3240,1.0,60.0,60.0,60.0,0.9836065573770492,0.9836065573770492,0.9836065573770492,3240,1.0,60.0,60.0,60.0,0.9836065573770492,0.9836065573770492,0.9836065573770492,4824,1.0,59.99999734769879,60.000000804663024,60.000003121115675,0.9836065566642566,0.9836065575932983,0.9836065582158332
261,4.35,True,valid,0.005148878026779788,0.004853828402224746,0.185386400937657,203.20890644234498,203.20936059981383,0.00152036958453823,203.93501333418797,0.755476868043786,18.93063584516354,0.0002626972805397414,1585.0,781.4218623797558,4.415329505938602e-06,0,16137,0.11369387805461884,221,3.725290298461914e-09,3240,1.0,60.0,60.0,60.0,0.9836065573770492,0.9836065573770492,0.9836065573770492,3240,1.0,60.0,60.0,60.0,0.9836065573770492,0.9836065573770492,0.9836065573770492,4824,1.0,59.99999734769879,60.000000804663024,60.000003121115675,0.9836065566642566,0.9836065575932983,0.9836065582158332
262,4.366666666666666,True,valid,0.005172079103681017,0.005055569408082046,0.1843932553292811,222.26652225859982,222.2670858060055,0.0017426724039134175,222.818809525463,0.9654367437386826,16.594072819381815,0.0002950696188745652,1585.0,810.6068044725959,4.832671757938838e-06,0,16157,0.1098303496837616,220,3.725290298461914e-09,3240,1.0,60.0,60.0,60.0,0.9836065573770492,0.9836065573770492,0.9836065573770492,3240,1.0,60.0,60.0,60.0,0.9836065573770492,0.9836065573770492,0.9836065573770492,4824,1.0,59.99999734769879,60.000000804663024,60.000003121115675,0.9836065566642566,0.9836065575932983,0.9836065582158332
263,4.383333333333334,True,valid,0.005222054300819739,0.005251527674240954,0.1820012074667361,240.88086847986483,240.88152543071917,0.001981939682306289,241.32646271600777,1.1917757019160695,14.196989991214245,0.0003230522494294353,1585.0,927.3419957982422,5.22569419039071e-06,0,16141,0.10468938946723938,220,3.725290298461914e-09,3240,1.0,60.0,60.0,60.0,0.9836065573770492,0.9836065573770492,0.9836065573770492,3240,1.0,60.0,60.0,60.0,0.9836065573770492,0.9836065573770492,0.9836065573770492,4824,1.0,59.99999734769879,60.000000804663024,60.000003121115675,0.9836065566642566,0.9836065575932983,0.9836065582158332
264,4.4,True,valid,0.0052573224488710706,0.005487709993699525,0.18054225152611905,260.8838753936008,260.88458945493676,0.002224275205344931,261.29494703177073,1.3468471840838845,12.195385856896705,0.00035018547411486893,1585.0,1274.202383355222,5.634925181584451e-06,0,16147,0.09829134494066238,218,7.450580596923828e-09,3240,1.0,60.0,60.0,60.0,0.9836065573770492,0.9836065573770492,0.9836065573770492,3240,1.0,60.0,60.0,60.0,0.9836065573770492,0.9836065573770492,0.9836065573770492,4824,1.0,59.99999734769879,60.000000804663024,60.000003121115675,0.9836065566642566,0.9836065575932983,0.9836065582158332
265,4.416666666666667,True,valid,0.005327554624668341,0.005816623942301771,0.17974038909703166,277.19811805209645,277.1988725535136,0.0024064320127325876,277.58660918752514,1.457261118838715,10.549467596461302,0.00037059652212330575,1585.0,1488.355224723931,5.97559462157762e-06,0,16147,0.090999074280262,212,7.450580596923828e-09,3240,1.0,60.0,60.0,60.0,0.9836065573770492,0.9836065573770492,0.9836065573770492,3240,1.0,60.0,60.0,60.0,0.9836065573770492,0.9836065573770492,0.9836065573770492,4824,1.0,59.99999734769879,60.000000804663024,60.000003121115675,0.9836065566642566,0.9836065575932983,0.9836065582158332
266,4.433333333333334,True,valid,0.00545160995220543,0.006078034458733607,0.17868250006841122,290.6604362318987,290.66122924562444,0.0024995501300003947,290.91384343500715,1.5155491440087325,8.256155398709177,0.00039156950833425097,1585.0,1637.2809472634208,6.261049537917975e-06,0,16211,0.08301126211881638,212,7.450580596923828e-09,3240,1.0,60.0,60.0,60.0,0.9836065573770492,0.9836065573770492,0.9836065573770492,3240,1.0,60.0,60.0,60.0,0.9836065573770492,0.9836065573770492,0.9836065573770492,4824,1.0,59.99999734769879,60.000000804663024,60.000003121115675,0.9836065566642566,0.9836065575932983,0.9836065582158332
267,4.45,True,valid,0.005596007493791101,0.006365582751580876,0.1787604797037871,306.02548842159547,306.0263378642322,0.002675542300615787,306.2173155628996,1.5688917716540345,4.900154084206931,0.00041690852774448316,1585.0,1775.8144696160496,6.609359596223122e-06,0,16275,0.07417196780443192,211,3.725290298461914e-09,3240,1.0,60.0,60.0,60.0,0.9836065573770492,0.9836065573770492,0.9836065573770492,3240,1.0,60.0,60.0,60.0,0.9836065573770492,0.9836065573770492,0.9836065573770492,4824,1.0,59.99999734769879,60.000000804663024,60.000003121115675,0.9836065566642566,0.9836065575932983,0.9836065582158332
268,4.466666666666667,True,valid,0.00572979999796423,0.0066630997273569035,0.1778365295959802,317.6058879481985,317.60679560294983,0.0028128377511528672,317.7829571302568,1.6280588277633603,2.4446332344903685,0.00043782488303078783,1585.0,1895.3741283447187,6.8660816338909575e-06,0,16273,0.06489023566246033,207,3.725290298461914e-09,3240,1.0,60.0,60.0,60.0,0.9836065573770492,0.9836065573770492,0.9836065573770492,3240,1.0,60.0,60.0,60.0,0.9836065573770492,0.9836065573770492,0.9836065573770492,4824,1.0,59.99999734769879,60.000000804663024,60.000003121115675,0.9836065566642566,0.9836065575932983,0.9836065582158332
269,4.483333333333333,True,valid,0.005922813577019263,0.006997046641987908,0.17685337703930135,330.3697067532783,330.37065920401585,0.0029914655626853263,330.50230266045753,1.659947777198912,1.4830565684021226,0.0004573380774979898,1585.0,1873.1036947166497,7.146826410227739e-06,0,16291,0.05535932630300522,207,1.862645149230957e-09,3240,1.0,60.0,60.0,60.0,0.9836065573770492,0.9836065573770492,0.9836065573770492,3240,1.0,60.0,60.0,60.0,0.9836065573770492,0.9836065573770492,0.9836065573770492,4824,1.0,59.99999734769879,60.000000804663024,60.000003121115675,0.9836065566642566,0.9836065575932983,0.9836065582158332
270,4.5,True,valid,0.006033812154916248,0.007114207919419655,0.17616376929415115,332.7011582062726,332.7021476408179,0.0030365169930342724,332.84448089772485,1.6930359655615228,1.3178635481983534,0.00046278343737335225,1585.0,1968.6969003397685,7.208802481738829e-06,0,16291,0.04600532725453377,207,3.725290298461914e-09,3240,1.0,60.0,60.0,60.0,0.9836065573770492,0.9836065573770492,0.9836065573770492,3240,1.0,60.0,60.0,60.0,0.9836065573770492,0.9836065573770492,0.9836065573770492,4824,1.0,59.99999734769879,60.000000804663024,60.000003121115675,0.9836065566642566,0.9836065575932983,0.9836065582158332
271,4.516666666666667,True,valid,0.006066041268473283,0.007240807164645334,0.17744724479854454,338.6819266794361,338.68291011912703,0.003130470523131566,338.82236520454205,1.778245458360311,0.22750927280823255,0.00047133446325509386,1585.0,1928.0312324621677,7.3327015547196405e-06,0,16243,0.05395737290382385,203,3.259629011154175e-09,3240,1.0,60.0,60.0,60.0,0.9836065573770492,0.9836065573770492,0.9836065573770492,3240,1.0,60.0,60.0,60.0,0.9836065573770492,0.9836065573770492,0.9836065573770492,4824,1.0,59.99999734769879,60.000000804663024,60.000003121115675,0.9836065566642566,0.9836065575932983,0.9836065582158332
272,4.533333333333333,True,valid,0.006113268554120439,0.007308164236535134,0.1768902431331655,335.1830963968645,335.1840751273988,0.003078430607695894,335.34392102533945,1.7936061913753867,1.6019079432941292,0.0004695792296819278,1585.0,1768.9730553506715,7.282815267026119e-06,0,16221,0.06343680620193481,215,3.14321368932724e-09,3240,1.0,60.0,60.0,60.0,0.9836065573770492,0.9836065573770492,0.9836065573770492,3240,1.0,60.0,60.0,60.0,0.9836065573770492,0.9836065573770492,0.9836065573770492,4824,1.0,59.99999734769879,60.000000804663024,60.000003121115675,0.9836065566642566,0.9836065575932983,0.9836065582158332
273,4.55,True,valid,0.00620203772997202,0.007414811144942077,0.17721857793191068,335.810589092747,335.8115795426769,0.003063436240102367,335.9352062581995,1.774995876547227,0.05425860533191348,0.00047175223353529503,1585.0,1638.688681362146,7.30553177944223e-06,0,16206,0.07166706770658493,221,2.3283064365386963e-09,3240,1.0,60.0,60.0,60.0,0.9836065573770492,0.9836065573770492,0.9836065573770492,3240,1.0,60.0,60.0,60.0,0.9836065573770492,0.9836065573770492,0.9836065573770492,4824,1.0,59.99999734769879,60.000000804663024,60.000003121115675,0.9836065566642566,0.9836065575932983,0.9836065582158332
274,4.566666666666666,True,valid,0.006271173746368203,0.00749383393614381,0.1778988397050234,329.1683386551091,329.1693066974364,0.0029983580905648915,329.333101764181,1.7750977819133948,0.13774405376211002,0.0004610500761424637,1585.0,1396.8155934774056,7.183593234289242e-06,0,16222,0.07930559664964676,229,2.7939677238464355e-09,3240,1.0,60.0,60.0,60.0,0.9836065573770492,0.9836065573770492,0.9836065573770492,3240,1.0,60.0,60.0,60.0,0.9836065573770492,0.9836065573770492,0.9836065573770492,4824,1.0,59.99999734769879,60.000000804663024,60.000003121115675,0.9836065566642566,0.9836065575932983,0.9836065582158332
275,4.583333333333333,True,valid,0.006382636594425576,0.007597595183005793,0.17980622272689964,327.6126136080131,327.61357334162335,0.0029669433258493767,327.70877692785416,1.770387900249012,2.1113972573594513,0.0004561085702018194,1585.0,1504.119104444549,7.1416708580656405e-06,0,16223,0.08637318015098572,241,3.725290298461914e-09,3240,1.0,60.0,60.0,60.0,0.9836065573770492,0.9836065573770492,0.9836065573770492,3240,1.0,60.0,60.0,60.0,0.9836065573770492,0.9836065573770492,0.9836065573770492,4824,1.0,59.99999734769879,60.000000804663024,60.000003121115675,0.9836065566642566,0.9836065575932983,0.9836065582158332
276,4.6,True,valid,0.006392977418568214,0.007526330279756586,0.1802875379563717,317.2794024754295,317.2802717202349,0.0028379355553898606,317.436224174169,1.7932354410223375,4.052041428476711,0.0004385030831857338,1585.0,1493.2656328691603,6.944621073781844e-06,0,16230,0.09349952638149261,246,7.450580596923828e-09,3240,1.0,60.0,60.0,60.0,0.9836065573770492,0.9836065573770492,0.9836065573770492,3240,1.0,60.0,60.0,60.0,0.9836065573770492,0.9836065573770492,0.9836065573770492,4824,1.0,59.99999734769879,60.000000804663024,60.000003121115675,0.9836065566642566,0.9836065575932983,0.9836065582158332
277,4.616666666666666,True,valid,0.006295477344718813,0.007449014539716618,0.18224748677505218,311.18853591170364,311.1894374384974,0.002903903498758691,311.29410797658494,1.791639025783067,10.65040332626974,0.0004340271650716748,1585.0,1368.43904414236,6.830082891748899e-06,0,16199,0.10077866166830063,242,3.725290298461914e-09,3240,1.0,60.0,60.0,60.0,0.9836065573770492,0.9836065573770492,0.9836065573770492,3240,1.0,60.0,60.0,60.0,0.9836065573770492,0.9836065573770492,0.9836065573770492,4824,1.0,59.99999734769879,60.000000804663024,60.000003121115675,0.9836065566642566,0.9836065575932983,0.9836065582158332
278,4.633333333333334,True,valid,0.006151350699232586,0.007399237359708155,0.18275957312832228,298.4982359084769,298.49903977856684,0.002751037749943834,299.1794985128504,1.657235640823854,17.377037232555786,0.00041538389938925173,1585.0,1436.8322867942927,6.5667359516901055e-06,0,16193,0.10811756551265717,247,3.725290298461914e-09,3240,1.0,60.0,60.0,60.0,0.9836065573770492,0.9836065573770492,0.9836065573770492,3240,1.0,60.0,60.0,60.0,0.9836065573770492,0.9836065573770492,0.9836065573770492,4824,1.0,59.99999734769879,60.000000804663024,60.000003121115675,0.9836065566642566,0.9836065575932983,0.9836065582158332
279,4.65,True,valid,0.006147911866445945,0.007466002398477333,0.1822745955078582,285.5894838884864,285.5903224897422,0.002642329028413625,286.3648976658306,1.6327524082768465,17.635757111375362,0.00040177511537422905,1585.0,1215.5441389527502,6.33121673300239e-06,0,16135,0.11508232355117798,248,3.725290298461914e-09,3240,1.0,60.0,60.0,60.0,0.9836065573770492,0.9836065573770492,0.9836065573770492,3240,1.0,60.0,60.0,60.0,0.9836065573770492,0.9836065573770492,0.9836065573770492,4824,1.0,59.99999734769879,60.000000804663024,60.000003121115675,0.9836065566642566,0.9836065575932983,0.9836065582158332
280,4.666666666666667,True,valid,0.00618138096331477,0.007369552529702391,0.1837439245508957,272.15681293657474,272.15753530401406,0.0024000309842710107,273.1800552350992,1.4166366119404423,20.099283487492002,0.0003792321917311543,1585.0,1218.849308405458,6.040176450322893e-06,0,16184,0.12175331264734268,257,3.725290298461914e-09,3240,1.0,60.0,60.0,60.0,0.9836065573770492,0.9836065573770492,0.9836065573770492,3240,1.0,60.0,60.0,60.0,0.9836065573770492,0.9836065573770492,0.9836065573770492,4824,1.0,59.99999734769879,60.000000804663024,60.000003121115675,0.9836065566642566,0.9836065575932983,0.9836065582158332
281,4.683333333333334,True,valid,0.006241978041757536,0.007254849045473199,0.18532513069600107,259.3562739186321,259.35698347222717,0.0023495125473536427,259.8027748867659,1.323097037451601,11.105935270970296,0.0003615828152596018,1585.0,1075.551977579284,5.793345598353893e-06,0,16148,0.12784340977668762,252,7.450580596923828e-09,3240,1.0,60.0,60.0,60.0,0.9836065573770492,0.9836065573770492,0.9836065573770492,3240,1.0,60.0,60.0,60.0,0.9836065573770492,0.9836065573770492,0.9836065573770492,4824,1.0,59.99999734769879,60.000000804663024,60.000003121115675,0.9836065566642566,0.9836065575932983,0.9836065582158332
282,4.7,True,valid,0.006265349808045572,0.0072418718377687315,0.18686032169085126,249.71240715159908,249.7130093735771,0.0021070574383345226,250.2662164177921,1.1458101626585318,14.636409061240958,0.0003414926319895894,1585.0,967.1079979320232,5.5783289194536505e-06,0,16191,0.1330668330192566,255,3.725290298461914e-09,3240,1.0,60.0,60.0,60.0,0.9836065573770492,0.9836065573770492,0.9836065573770492,3240,1.0,60.0,60.0,60.0,0.9836065573770492,0.9836065573770492,0.9836065573770492,4824,1.0,59.99999734769879,60.000000804663024,60.000003121115675,0.9836065566642566,0.9836065575932983,0.9836065582158332
283,4.716666666666667,True,valid,0.0061089731033594444,0.006908475745117047,0.18753088439736032,226.02944203717658,226.02996411196824,0.0018792903754574885,226.64712840117335,1.1111291818964728,14.808643688740734,0.0003060999266786689,1585.0,860.7042634790653,5.082749172509176e-06,0,16114,0.13698841631412506,256,3.725290298461914e-09,3240,1.0,60.0,60.0,60.0,0.9836065573770492,0.9836065573770492,0.9836065573770492,3240,1.0,60.0,60.0,60.0,0.9836065573770492,0.9836065573770492,0.9836065573770492,4824,1.0,59.99999734769879,60.000000804663024,60.000003121115675,0.9836065566642566,0.9836065575932983,0.9836065582158332
284,4.733333333333333,True,valid,0.005909520991655032,0.006461822010447318,0.1877779271203234,202.15619457964988,202.15664570997518,0.0016144180859189927,202.72155820110035,0.9833010417802147,13.659913049762539,0.000272565259001796,1585.0,765.5156121932757,4.59925447271393e-06,0,16087,0.14033398032188416,259,7.450580596923828e-09,3240,1.0,60.0,60.0,60.0,0.9836065573770492,0.9836065573770492,0.9836065573770492,3240,1.0,60.0,60.0,60.0,0.9836065573770492,0.9836065573770492,0.9836065573770492,4824,1.0,59.99999734769879,60.000000804663024,60.000003121115675,0.9836065566642566,0.9836065575932983,0.9836065582158332
285,4.75,True,valid,0.005654336910211956,0.006033008502017754,0.18693654303809304,175.97663470289476,175.9770158130845,0.0013670008400088827,176.70462122344244,0.8472123216986555,14.432021803637175,0.00023637255674205105,1585.0,641.404160929729,4.049090059561911e-06,0,16059,0.1436476856470108,259,7.450580596923828e-09,3240,1.0,60.0,60.0,60.0,0.9836065573770492,0.9836065573770492,0.9836065573770492,3240,1.0,60.0,60.0,60.0,0.9836065573770492,0.9836065573770492,0.9836065573770492,4824,1.0,59.99999734769879,60.000000804663024,60.000003121115675,0.9836065566642566,0.9836065575932983,0.9836065582158332
286,4.766666666666667,True,valid,0.0055637182114480965,0.0057336312688345565,0.18566078371693343,156.55311335245958,156.55342797643516,0.0011518935704053271,157.63402878140926,0.6913005157877199,16.37316079939078,0.00020826800770702936,1585.0,511.4447403647556,3.6541872825098214e-06,0,16031,0.14591963589191437,259,7.450580596923828e-09,3240,1.0,60.0,60.0,60.0,0.9836065573770492,0.9836065573770492,0.9836065573770492,3240,1.0,60.0,60.0,60.0,0.9836065573770492,0.9836065573770492,0.9836065573770492,4824,1.0,59.99999734769879,60.000000804663024,60.000003121115675,0.9836065566642566,0.9836065575932983,0.9836065582158332
287,4.783333333333333,True,valid,0.005579630685744074,0.0055798060820312695,0.18511219706556264,143.5691725550621,143.5694064423264,0.0009720466345814279,144.8140973202328,0.5422769451005054,17.59706379319442,0.00018614258876666154,1585.0,455.7637434909881,3.3834141112805387e-06,0,15938,0.1478879749774933,261,7.450580596923828e-09,3240,1.0,60.0,60.0,60.0,0.9836065573770492,0.9836065573770492,0.9836065573770492,3240,1.0,60.0,60.0,60.0,0.9836065573770492,0.9836065573770492,0.9836065573770492,4824,1.0,59.99999734769879,60.000000804663024,60.000003121115675,0.9836065566642566,0.9836065575932983,0.9836065582158332
288,4.8,True,valid,0.005586846013137274,0.005406567258014599,0.184823687916462,130.55128318915652,130.551449116286,0.0008205564315015837,131.65277535311887,0.42238801136055504,15.004829624907897,0.00016572524294118524,1585.0,343.9575539494502,3.120845422649333e-06,0,15838,0.14919820427894592,256,7.450580596923828e-09,3240,1.0,60.0,60.0,60.0,0.9836065573770492,0.9836065573770492,0.9836065573770492,3240,1.0,60.0,60.0,60.0,0.9836065573770492,0.9836065573770492,0.9836065573770492,4824,1.0,59.99999734769879,60.000000804663024,60.000003121115675,0.9836065566642566,0.9836065575932983,0.9836065582158332
289,4.816666666666666,True,valid,0.005480058723672825,0.005146501178788729,0.1848133231801779,118.2790712068865,118.27918720692594,0.0006718053096854956,119.3251387426493,0.3399225324699089,16.176083887960928,0.00014588326939674127,1585.0,247.19380438743806,2.8461270464405357e-06,0,15703,0.1496862769126892,249,7.450580596923828e-09,3240,1.0,60.0,60.0,60.0,0.9836065573770492,0.9836065573770492,0.9836065573770492,3240,1.0,60.0,60.0,60.0,0.9836065573770492,0.9836065573770492,0.9836065573770492,4824,1.0,59.99999734769879,60.000000804663024,60.000003121115675,0.9836065566642566,0.9836065575932983,0.9836065582158332
290,4.833333333333333,True,valid,0.005320915057723831,0.00487720875304637,0.1842566360203235,111.14088146260697,111.14097830697169,0.0006210346258066895,112.35658571260362,0.2250638632212218,16.12657185977597,0.00013463628942762506,1585.0,228.8970105068722,2.6593422074997304e-06,0,15665,0.14973686635494232,243,7.450580596923828e-09,3240,1.0,60.0,60.0,60.0,0.9836065573770492,0.9836065573770492,0.9836065573770492,3240,1.0,60.0,60.0,60.0,0.9836065573770492,0.9836065573770492,0.9836065573770492,4824,1.0,59.99999734769879,60.000000804663024,60.000003121115675,0.9836065566642566,0.9836065575932983,0.9836065582158332
291,4.85,True,valid,0.005227215847827746,0.004622011620039967,0.18283848968928754,113.31077559938097,113.31088786630087,0.0006770395756210718,114.57701944792724,0.2346737910720045,16.744072537698347,0.00013774829023347076,1585.0,283.6080895296584,2.6740112567805886e-06,0,15822,0.1487279236316681,244,7.450580596923828e-09,3240,1.0,60.0,60.0,60.0,0.9836065573770492,0.9836065573770492,0.9836065573770492,3240,1.0,60.0,60.0,60.0,0.9836065573770492,0.9836065573770492,0.9836065573770492,4824,1.0,59.99999734769879,60.000000804663024,60.000003121115675,0.9836065566642566,0.9836065575932983,0.9836065582158332
292,4.866666666666666,True,valid,0.005209757820215801,0.0044641904883536985,0.18226565306543768,124.2539267935887,124.25407677429693,0.0007661772724930031,125.15045318098888,0.2941372802301334,15.942378992761954,0.00015210066221842564,1585.0,369.7054364149544,2.8636941679314156e-06,0,15917,0.14679910242557526,244,7.450580596923828e-09,3240,1.0,60.0,60.0,60.0,0.9836065573770492,0.9836065573770492,0.9836065573770492,3240,1.0,60.0,60.0,60.0,0.9836065573770492,0.9836065573770492,0.9836065573770492,4824,1.0,59.99999734769879,60.000000804663024,60.000003121115675,0.9836065566642566,0.9836065575932983,0.9836065582158332
293,4.883333333333334,True,valid,0.0052365989412611735,0.004455159807680388,0.18179756599842495,139.61678817258985,139.61697743781252,0.000908227531400076,140.465771931278,0.3708414749027641,16.164700170231622,0.00017215522958252623,1585.0,467.5945781398363,3.1501124537453796e-06,0,15974,0.14400945603847504,243,7.450580596923828e-09,3240,1.0,60.0,60.0,60.0,0.9836065573770492,0.9836065573770492,0.9836065573770492,3240,1.0,60.0,60.0,60.0,0.9836065573770492,0.9836065573770492,0.9836065573770492,4824,1.0,59.99999734769879,60.000000804663024,60.000003121115675,0.9836065566642566,0.9836065575932983,0.9836065582158332
294,4.9,True,valid,0.005249421315996752,0.004537782674673356,0.18130612666118576,158.61380726350916,158.6140767044398,0.0010770052957918554,159.24114322350843,0.48330011728086486,15.02258905784043,0.00019739030458416372,1585.0,603.9785587519789,3.5105716295127148e-06,0,16068,0.14076703786849976,245,7.450580596923828e-09,3240,1.0,60.0,60.0,60.0,0.9836065573770492,0.9836065573770492,0.9836065573770492,3240,1.0,60.0,60.0,60.0,0.9836065573770492,0.9836065573770492,0.9836065573770492,4824,1.0,59.99999734769879,60.000000804663024,60.000003121115675,0.9836065566642566,0.9836065575932983,0.9836065582158332
295,4.916666666666667,True,valid,0.005196956469703634,0.004695988093791864,0.18093206544168045,178.21343764685798,178.21378930009448,0.001286188139280278,178.80221592731593,0.5995165039884104,15.574958091661726,0.00022411654859439512,1585.0,670.5845279041322,3.88588992693822e-06,0,16121,0.13665105402469635,245,3.725290298461914e-09,3240,1.0,60.0,60.0,60.0,0.9836065573770492,0.9836065573770492,0.9836065573770492,3240,1.0,60.0,60.0,60.0,0.9836065573770492,0.9836065573770492,0.9836065573770492,4824,1.0,59.99999734769879,60.000000804663024,60.000003121115675,0.9836065566642566,0.9836065575932983,0.9836065582158332
296,4.933333333333334,True,valid,0.0051585856281688835,0.004907618000115031,0.18087365206189965,198.20890941026806,198.2093525889536,0.0014713624119205208,198.57439324376844,0.7673679421495029,13.221542691182497,0.00025422513330753755,1585.0,752.9181669371143,4.294662473486342e-06,0,16121,0.13239505887031555,238,7.450580596923828e-09,3240,1.0,60.0,60.0,60.0,0.9836065573770492,0.9836065573770492,0.9836065573770492,3240,1.0,60.0,60.0,60.0,0.9836065573770492,0.9836065573770492,0.9836065573770492,4824,1.0,59.99999734769879,60.000000804663024,60.000003121115675,0.9836065566642566,0.9836065575932983,0.9836065582158332
297,4.95,True,valid,0.005169875796584122,0.005080054351776284,0.18100334863320217,217.7502888964735,217.75083019259094,0.001696956534134058,217.96024464859644,0.9835494392710908,9.416484507591461,0.0002854230272721983,1585.0,785.5120235730449,4.706239083401885e-06,0,16130,0.1277926117181778,235,3.725290298461914e-09,3240,1.0,60.0,60.0,60.0,0.9836065573770492,0.9836065573770492,0.9836065573770492,3240,1.0,60.0,60.0,60.0,0.9836065573770492,0.9836065573770492,0.9836065573770492,4824,1.0,59.99999734769879,60.000000804663024,60.000003121115675,0.9836065566642566,0.9836065575932983,0.9836065582158332
298,4.966666666666667,True,valid,0.005202474646538667,0.005203849711302771,0.18171792803929354,239.86068252390538,239.8613070508774,0.001954165222498209,240.0865846623626,1.197979820699815,7.378363744393459,0.0003178381201579175,1585.0,1063.3359624588572,5.170899545916436e-06,0,16144,0.12264199554920197,232,3.725290298461914e-09,3240,1.0,60.0,60.0,60.0,0.9836065573770492,0.9836065573770492,0.9836065573770492,3240,1.0,60.0,60.0,60.0,0.9836065573770492,0.9836065573770492,0.9836065573770492,4824,1.0,59.99999734769879,60.000000804663024,60.000003121115675,0.9836065566642566,0.9836065575932983,0.9836065582158332
299,4.983333333333333,True,valid,0.005297105318239064,0.005518919185306007,0.18024122532028736,262.9319812174786,262.9326569228014,0.0021787497884737895,263.09078886360413,1.3319389657752505,5.236788257882651,0.0003492663780301982,1585.0,1477.8855157596956,5.6471856284629635e-06,0,16137,0.11716046184301376,232,7.450580596923828e-09,3240,1.0,60.0,60.0,60.0,0.9836065573770492,0.9836065573770492,0.9836065573770492,3240,1.0,60.0,60.0,60.0,0.9836065573770492,0.9836065573770492,0.9836065573770492,4824,1.0,59.99999734769879,60.000000804663024,60.000003121115675,0.9836065566642566,0.9836065575932983,0.9836065582158332
300,5.0,True,valid,0.005343442782532192,0.005799812123839983,0.1793523388808422,279.66385824043164,279.6645832944637,0.002335133367458389,279.82358768384347,1.4237123689685902,5.446474898050235,0.00036968829344656947,1585.0,1582.1915617152438,5.973082449620219e-06,0,16153,0.11110121011734009,235,7.450580596923828e-09,3240,1.0,60.0,60.0,60.0,0.9836065573770492,0.9836065573770492,0.9836065573770492,3240,1.0,60.0,60.0,60.0,0.9836065573770492,0.9836065573770492,0.9836065573770492,4824,1.0,59.99999734769879,60.000000804663024,60.000003121115675,0.9836065566642566,0.9836065575932983,0.9836065582158332
301,5.016666666666667,True,valid,0.005452005948654663,0.006090476448422966,0.17918838357080322,293.54662076763896,293.5474058143457,0.0024852332688883555,293.70020035990365,1.4674347234328946,3.8134538965143316,0.00038948524297664246,1585.0,1733.5734790147917,6.273445329871009e-06,0,16180,0.10475517809391022,238,7.450580596923828e-09,3240,1.0,60.0,60.0,60.0,0.9836065573770492,0.9836065573770492,0.9836065573770492,3240,1.0,60.0,60.0,60.0,0.9836065573770492,0.9836065573770492,0.9836065573770492,4824,1.0,59.99999734769879,60.000000804663024,60.000003121115675,0.9836065566642566,0.9836065575932983,0.9836065582158332
302,5.033333333333333,True,valid,0.005657724899322755,0.006482726757417882,0.1787589322654137,307.61889314382137,307.6197042591018,0.0026424192910783242,307.7710598164368,1.512455362021162,6.226718290153972,0.00040903495385752765,1585.0,1875.8433127587352,6.559738682859801e-06,0,16249,0.097955122590065,244,7.450580596923828e-09,3240,1.0,60.0,60.0,60.0,0.9836065573770492,0.9836065573770492,0.9836065573770492,3240,1.0,60.0,60.0,60.0,0.9836065573770492,0.9836065573770492,0.9836065573770492,4824,1.0,59.99999734769879,60.000000804663024,60.000003121115675,0.9836065566642566,0.9836065575932983,0.9836065582158332
303,5.05,True,valid,0.005872473810832156,0.006855992830167014,0.17934793899906806,317.8213136773068,317.8221429578304,0.002739861039977042,317.9927199401194,1.574622520279563,6.6646718727756005,0.0004215367368639956,1585.0,1966.0907941777696,6.773727388185432e-06,0,16325,0.09076549857854843,247,5.587935447692871e-09,3240,1.0,60.0,60.0,60.0,0.9836065573770492,0.9836065573770492,0.9836065573770492,3240,1.0,60.0,60.0,60.0,0.9836065573770492,0.9836065573770492,0.9836065573770492,4824,1.0,59.99999734769879,60.000000804663024,60.000003121115675,0.9836065566642566,0.9836065575932983,0.9836065582158332
304,5.066666666666666,True,valid,0.0060041116109743635,0.007075589765226974,0.17903226257346563,323.36849756495644,323.3693383094705,0.0027928964141996125,323.5591195761551,1.6546277648972534,7.829306955396027,0.0004291829290101842,1585.0,1918.7648387826596,6.8907512741671605e-06,0,16333,0.08313830196857452,253,3.725290298461914e-09,3240,1.0,60.0,60.0,60.0,0.9836065573770492,0.9836065573770492,0.9836065573770492,3240,1.0,60.0,60.0,60.0,0.9836065573770492,0.9836065573770492,0.9836065573770492,4824,1.0,59.99999734769879,60.000000804663024,60.000003121115675,0.9836065566642566,0.9836065575932983,0.9836065582158332
305,5.083333333333333,True,valid,0.006017000254316314,0.007150682551192166,0.17868253817444804,326.9523404945026,326.95322330280834,0.0028565858387098785,327.12132051186535,1.7618367102198356,5.658156349008251,0.0004357297694131403,1585.0,1991.6620989442747,6.971381022919877e-06,0,16347,0.07510504871606827,253,2.7939677238464355e-09,3240,1.0,60.0,60.0,60.0,0.9836065573770492,0.9836065573770492,0.9836065573770492,3240,1.0,60.0,60.0,60.0,0.9836065573770492,0.9836065573770492,0.9836065573770492,4824,1.0,59.99999734769879,60.000000804663024,60.000003121115675,0.9836065566642566,0.9836065575932983,0.9836065582158332
306,5.1,True,valid,0.006008186954976269,0.0071933189373627636,0.17666284798914844,331.5728233630033,331.57373763548696,0.0030151651704051446,331.73922827904545,1.7925783067620442,6.349598915592862,0.0004477526704708089,1585.0,1958.8399717816387,7.0810843098998704e-06,0,16327,0.06689690053462982,250,1.862645149230957e-09,3240,1.0,60.0,60.0,60.0,0.9836065573770492,0.9836065573770492,0.9836065573770492,3240,1.0,60.0,60.0,60.0,0.9836065573770492,0.9836065573770492,0.9836065573770492,4824,1.0,59.99999734769879,60.000000804663024,60.000003121115675,0.9836065566642566,0.9836065575932983,0.9836065582158332
307,5.116666666666666,True,valid,0.005949120950107348,0.007162663207761452,0.17756730430615117,327.23413143996663,327.2350344781244,0.002988411359884995,327.411022144466,1.8729658429198954,5.069067232646692,0.00044670621694372275,1585.0,1938.567863521333,7.035468166702611e-06,0,16228,0.05842443183064461,241,1.0477378964424133e-09,3240,1.0,60.0,60.0,60.0,0.9836065573770492,0.9836065573770492,0.9836065573770492,3240,1.0,60.0,60.0,60.0,0.9836065573770492,0.9836065573770492,0.9836065573770492,4824,1.0,59.99999734769879,60.000000804663024,60.000003121115675,0.9836065566642566,0.9836065575932983,0.9836065582158332
308,5.133333333333334,True,valid,0.006006628286116853,0.007333710357219359,0.17771534682226123,331.8865627093844,331.8874962234147,0.003057933731066782,331.9549408167544,1.8349337691849517,3.5785647243856333,0.0004580104868935913,1585.0,1622.7189111108237,7.130621656146127e-06,0,16254,0.05001892149448395,238,3.725290298461914e-09,3240,1.0,60.0,60.0,60.0,0.9836065573770492,0.9836065573770492,0.9836065573770492,3240,1.0,60.0,60.0,60.0,0.9836065573770492,0.9836065573770492,0.9836065573770492,4824,1.0,59.99999734769879,60.000000804663024,60.000003121115675,0.9836065566642566,0.9836065575932983,0.9836065582158332
309,5.15,True,valid,0.006003295853474167,0.007311780735995684,0.17825038871664686,325.3330510688903,325.33399801266506,0.0032875650747102047,325.48079799288126,1.8543654642370544,8.087908054991113,0.00045501553401707076,1585.0,1627.7565521714307,7.06313514030657e-06,0,16270,0.04929818958044052,233,2.7939677238464355e-09,3240,1.0,60.0,60.0,60.0,0.9836065573770492,0.9836065573770492,0.9836065573770492,3240,1.0,60.0,60.0,60.0,0.9836065573770492,0.9836065573770492,0.9836065573770492,4824,1.0,59.99999734769879,60.000000804663024,60.000003121115675,0.9836065566642566,0.9836065575932983,0.9836065582158332
310,5.166666666666667,True,valid,0.006047691520347751,0.007521045733056704,0.1797773819025296,329.69950427346276,329.70050128572086,0.003193025113612613,329.93035061569145,1.8067766343851908,11.621947087361324,0.0004660925591951334,1585.0,1410.933876672954,7.164153070604797e-06,0,16230,0.05712858587503433,238,5.587935447692871e-09,3240,1.0,60.0,60.0,60.0,0.9836065573770492,0.9836065573770492,0.9836065573770492,3240,1.0,60.0,60.0,60.0,0.9836065573770492,0.9836065573770492,0.9836065573770492,4824,1.0,59.99999734769879,60.000000804663024,60.000003121115675,0.9836065566642566,0.9836065575932983,0.9836065582158332
311,5.183333333333334,True,valid,0.006112522308886232,0.007661037139557713,0.1785720667855605,319.44462947740266,319.4455706667775,0.003008642917075885,319.99839914945454,1.8280301365015117,16.282629471163148,0.00044370425972990675,1585.0,1301.304833043848,6.949854963738181e-06,0,16198,0.0652145966887474,235,1.862645149230957e-09,3240,1.0,60.0,60.0,60.0,0.9836065573770492,0.9836065573770492,0.9836065573770492,3240,1.0,60.0,60.0,60.0,0.9836065573770492,0.9836065573770492,0.9836065573770492,4824,1.0,59.99999734769879,60.000000804663024,60.000003121115675,0.9836065566642566,0.9836065575932983,0.9836065582158332
312,5.2,True,valid,0.006210496240969736,0.007672782429563628,0.1785078390535594,316.0615216823206,316.0624058199092,0.0029055140067898145,317.0138371619726,1.738244734928764,22.94073717827953,0.0004372598360306711,1585.0,1275.1150622861987,6.892683742496635e-06,0,16175,0.07323496788740158,233,7.450580596923828e-09,3240,1.0,60.0,60.0,60.0,0.9836065573770492,0.9836065573770492,0.9836065573770492,3240,1.0,60.0,60.0,60.0,0.9836065573770492,0.9836065573770492,0.9836065573770492,4824,1.0,59.99999734769879,60.000000804663024,60.000003121115675,0.9836065566642566,0.9836065575932983,0.9836065582158332
313,5.216666666666667,True,valid,0.006186606679781111,0.0077859422728318774,0.17817804703991263,307.7468969194753,307.74777020526244,0.002776338197109327,308.8885114815901,1.5415294501374064,24.427306223023827,0.00042241326259346884,1585.0,1339.8935088340477,6.6964932439143055e-06,0,16157,0.08091671764850616,234,3.725290298461914e-09,3240,1.0,60.0,60.0,60.0,0.9836065573770492,0.9836065573770492,0.9836065573770492,3240,1.0,60.0,60.0,60.0,0.9836065573770492,0.9836065573770492,0.9836065573770492,4824,1.0,59.99999734769879,60.000000804663024,60.000003121115675,0.9836065566642566,0.9836065575932983,0.9836065582158332
314,5.233333333333333,True,valid,0.006082821434315241,0.007599913351417582,0.17970359380703194,294.7738944924404,294.77468441150523,0.002580715914596478,295.7476746638896,1.4194824029779975,21.566435101120614,0.0004047085577542308,1585.0,1211.2651812599397,6.431390905611626e-06,0,16181,0.0879339799284935,236,7.450580596923828e-09,3240,1.0,60.0,60.0,60.0,0.9836065573770492,0.9836065573770492,0.9836065573770492,3240,1.0,60.0,60.0,60.0,0.9836065573770492,0.9836065573770492,0.9836065573770492,4824,1.0,59.99999734769879,60.000000804663024,60.000003121115675,0.9836065566642566,0.9836065575932983,0.9836065582158332
315,5.25,True,valid,0.006092007756385543,0.007434495489753607,0.17839549353509362,284.3507567096246,284.3515333461506,0.002542327180648519,284.96571201981226,1.3233196923798294,18.668356736235875,0.00038986014922268386,1585.0,1186.741216701853,6.217676095981207e-06,0,16173,0.0942937433719635,226,7.450580596923828e-09,3240,1.0,60.0,60.0,60.0,0.9836065573770492,0.9836065573770492,0.9836065573770492,3240,1.0,60.0,60.0,60.0,0.9836065573770492,0.9836065573770492,0.9836065573770492,4824,1.0,59.99999734769879,60.000000804663024,60.000003121115675,0.9836065566642566,0.9836065575932983,0.9836065582158332
316,5.266666666666667,True,valid,0.006088400462258817,0.007039109061614286,0.17874050245291695,266.604381804774,266.6050658833901,0.0023138764309240923,267.02159739750175,1.3680692266203482,14.087700148231917,0.00036808776144406743,1585.0,1045.0338115620766,5.90577984860541e-06,0,16156,0.0999896377325058,224,7.450580596923828e-09,3240,1.0,60.0,60.0,60.0,0.9836065573770492,0.9836065573770492,0.9836065573770492,3240,1.0,60.0,60.0,60.0,0.9836065573770492,0.9836065573770492,0.9836065573770492,4824,1.0,59.99999734769879,60.000000804663024,60.000003121115675,0.9836065566642566,0.9836065575932983,0.9836065582158332
317,5.283333333333333,True,valid,0.005976513838988292,0.006720466706568852,0.18056238358289747,251.18696231579895,251.187622681049,0.002150688019523631,251.43801507280506,1.2574435008706706,13.459365063941485,0.0003459442936265404,1585.0,1062.3138171770956,5.55708364233909e-06,0,16109,0.10524363815784454,222,7.450580596923828e-09,3240,1.0,60.0,60.0,60.0,0.9836065573770492,0.9836065573770492,0.9836065573770492,3240,1.0,60.0,60.0,60.0,0.9836065573770492,0.9836065573770492,0.9836065573770492,4824,1.0,59.99999734769879,60.000000804663024,60.000003121115675,0.9836065566642566,0.9836065575932983,0.9836065582158332
318,5.3,True,valid,0.005829108705906712,0.006322604446611217,0.17940532643547819,225.78755585978877,225.78816804727305,0.001972060850259185,226.2907976131978,1.2246292219181665,14.857776302747215,0.0003110795255794792,1585.0,874.9983269915787,5.048163511757107e-06,0,16086,0.11117856204509735,211,3.725290298461914e-09,3240,1.0,60.0,60.0,60.0,0.9836065573770492,0.9836065573770492,0.9836065573770492,3240,1.0,60.0,60.0,60.0,0.9836065573770492,0.9836065573770492,0.9836065573770492,4824,1.0,59.99999734769879,60.000000804663024,60.000003121115675,0.9836065566642566,0.9836065575932983,0.9836065582158332
319,5.316666666666666,True,valid,0.005753397323159577,0.006078698451262237,0.1797138204129658,204.70018392698069,204.70070947385585,0.0016664447828973485,205.48581928438333,1.0330186094210856,16.098233473740407,0.00027668125073721515,1585.0,757.4948674592094,4.606395083672634e-06,0,16059,0.11718101054430008,211,3.725290298461914e-09,3240,1.0,60.0,60.0,60.0,0.9836065573770492,0.9836065573770492,0.9836065573770492,3240,1.0,60.0,60.0,60.0,0.9836065573770492,0.9836065573770492,0.9836065573770492,4824,1.0,59.99999734769879,60.000000804663024,60.000003121115675,0.9836065566642566,0.9836065575932983,0.9836065582158332
320,5.333333333333333,True,valid,0.005725775710582048,0.0059686602952475016,0.17854864572786258,187.6668816467339,187.66730209310325,0.0014363309851670569,188.43113418357106,0.873752194740757,16.831590260405108,0.0002493243501965485,1585.0,660.862728472666,4.247491919430331e-06,0,16022,0.1239096149802208,223,7.450580596923828e-09,3240,1.0,60.0,60.0,60.0,0.9836065573770492,0.9836065573770492,0.9836065573770492,3240,1.0,60.0,60.0,60.0,0.9836065573770492,0.9836065573770492,0.9836065573770492,4824,1.0,59.99999734769879,60.000000804663024,60.000003121115675,0.9836065566642566,0.9836065575932983,0.9836065582158332
321,5.35,True,valid,0.005736687742943712,0.005779704321347032,0.17741308794321306,167.37841325170223,167.37875651412,0.001215013170850762,168.08497105803548,0.7463502247551026,13.925785362383907,0.0002193061312272535,1585.0,584.2777309029464,3.834245317122117e-06,0,16022,0.12879812717437744,229,7.450580596923828e-09,3240,1.0,60.0,60.0,60.0,0.9836065573770492,0.9836065573770492,0.9836065573770492,3240,1.0,60.0,60.0,60.0,0.9836065573770492,0.9836065573770492,0.9836065573770492,4824,1.0,59.99999734769879,60.000000804663024,60.000003121115675,0.9836065566642566,0.9836065575932983,0.9836065582158332
322,5.366666666666666,True,valid,0.005716967247788098,0.005599972907852735,0.17726739778826625,151.86984255606333,151.87010958690433,0.0010336339039567933,152.4798550556327,0.6498605051260828,13.912378114656882,0.0001945938611971093,1585.0,513.5659870771373,3.516758602807223e-06,0,15959,0.1329604983329773,227,7.450580596923828e-09,3240,1.0,60.0,60.0,60.0,0.9836065573770492,0.9836065573770492,0.9836065573770492,3240,1.0,60.0,60.0,60.0,0.9836065573770492,0.9836065573770492,0.9836065573770492,4824,1.0,59.99999734769879,60.000000804663024,60.000003121115675,0.9836065566642566,0.9836065575932983,0.9836065582158332
323,5.383333333333334,True,valid,0.0056665553029638695,0.005432508761522559,0.17696825736299712,136.04863692389273,136.04883038141708,0.0008448030257114873,136.86846484296368,0.47032376566001466,15.108833027281978,0.00017161392898803362,1585.0,403.0518596161649,3.202129586275532e-06,0,15855,0.13507623970508575,221,7.450580596923828e-09,3240,1.0,60.0,60.0,60.0,0.9836065573770492,0.9836065573770492,0.9836065573770492,3240,1.0,60.0,60.0,60.0,0.9836065573770492,0.9836065573770492,0.9836065573770492,4824,1.0,59.99999734769879,60.000000804663024,60.000003121115675,0.9836065566642566,0.9836065575932983,0.9836065582158332
324,5.4,True,valid,0.005511634616912421,0.005082128624905354,0.17784346056079361,121.69620129152676,121.69632814208802,0.0006934971372110305,122.59724757536269,0.33305103165670874,15.674313350162247,0.0001511105447238396,1585.0,277.8726877140846,2.9075106698533905e-06,0,15717,0.13567893207073212,220,7.450580596923828e-09,3240,1.0,60.0,60.0,60.0,0.9836065573770492,0.9836065573770492,0.9836065573770492,3240,1.0,60.0,60.0,60.0,0.9836065573770492,0.9836065573770492,0.9836065573770492,4824,1.0,59.99999734769879,60.000000804663024,60.000003121115675,0.9836065566642566,0.9836065575932983,0.9836065582158332
325,5.416666666666667,True,valid,0.005301486357382576,0.004693766504180013,0.1785178547209781,112.31690580251464,112.31701501559057,0.0006431704480256603,113.29987193882586,0.3519240086622148,15.133087823696561,0.00013676079056284485,1585.0,396.27174513150146,2.6999008001158132e-06,0,15607,0.13436348736286163,220,7.450580596923828e-09,3240,1.0,60.0,60.0,60.0,0.9836065573770492,0.9836065573770492,0.9836065573770492,3240,1.0,60.0,60.0,60.0,0.9836065573770492,0.9836065573770492,0.9836065573770492,4824,1.0,59.99999734769879,60.000000804663024,60.000003121115675,0.9836065566642566,0.9836065575932983,0.9836065582158332
326,5.433333333333334,True,valid,0.005178324779052824,0.004427102458681776,0.17775633480367564,112.0024187872698,112.00252106521663,0.0006707427366841909,112.90712114420957,0.2893093477393508,14.907275187274264,0.00013590157513116357,1585.0,293.4263167330803,2.6736100382759992e-06,0,15718,0.1319369673728943,216,7.450580596923828e-09,3240,1.0,60.0,60.0,60.0,0.9836065573770492,0.9836065573770492,0.9836065573770492,3240,1.0,60.0,60.0,60.0,0.9836065573770492,0.9836065573770492,0.9836065573770492,4824,1.0,59.99999734769879,60.000000804663024,60.000003121115675,0.9836065566642566,0.9836065575932983,0.9836065582158332
327,5.45,True,valid,0.0051365334883220586,0.004268949519895222,0.17758976669286344,122.0415946131575,122.0417313987651,0.0007462657475084825,122.88933758502111,0.277798179326344,15.45524335686057,0.00014984650637855557,1585.0,356.6732622908902,2.854955072311048e-06,0,15829,0.12915806472301483,223,7.450580596923828e-09,3240,1.0,60.0,60.0,60.0,0.9836065573770492,0.9836065573770492,0.9836065573770492,3240,1.0,60.0,60.0,60.0,0.9836065573770492,0.9836065573770492,0.9836065573770492,4824,1.0,59.99999734769879,60.000000804663024,60.000003121115675,0.9836065566642566,0.9836065575932983,0.9836065582158332
328,5.466666666666667,True,valid,0.005062406784433508,0.004315921590804612,0.17798472449164338,133.64553111776897,133.64572512183125,0.0008652960926036321,134.97279216644313,0.36515879662800754,19.821542117329894,0.0001649346494751498,1585.0,448.22655272715826,3.0445595782577493e-06,0,15893,0.12686878442764282,225,7.450580596923828e-09,3240,1.0,60.0,60.0,60.0,0.9836065573770492,0.9836065573770492,0.9836065573770492,3240,1.0,60.0,60.0,60.0,0.9836065573770492,0.9836065573770492,0.9836065573770492,4824,1.0,59.99999734769879,60.000000804663024,60.000003121115675,0.9836065566642566,0.9836065575932983,0.9836065582158332
329,5.483333333333333,True,valid,0.0050903518259845645,0.004491403457708351,0.1778879489176948,150.9128007384499,150.91305557405965,0.0010298265477843734,152.60206763651902,0.46044880740389543,24.4739063280354,0.000188381398862153,1585.0,537.0036085897179,3.37127212121829e-06,0,16018,0.12414752691984177,232,7.450580596923828e-09,3240,1.0,60.0,60.0,60.0,0.9836065573770492,0.9836065573770492,0.9836065573770492,3240,1.0,60.0,60.0,60.0,0.9836065573770492,0.9836065573770492,0.9836065573770492,4824,1.0,59.99999734769879,60.000000804663024,60.000003121115675,0.9836065566642566,0.9836065575932983,0.9836065582158332
330,5.5,True,valid,0.005179351456118654,0.004736187929353056,0.17805690267879548,172.44731364952932,172.44762790975733,0.0012096285579023807,173.7058459054838,0.5648132670057047,22.26412178716029,0.00021748649047688117,1585.0,684.1505361586334,3.7958476717726833e-06,0,16080,0.12075142562389374,236,7.450580596923828e-09,3240,1.0,60.0,60.0,60.0,0.9836065573770492,0.9836065573770492,0.9836065573770492,3240,1.0,60.0,60.0,60.0,0.9836065573770492,0.9836065573770492,0.9836065573770492,4824,1.0,59.99999734769879,60.000000804663024,60.000003121115675,0.9836065566642566,0.9836065575932983,0.9836065582158332
331,5.516666666666667,True,valid,0.00522235894598283,0.004904110169992091,0.17809452238752033,191.99009197458938,191.99049229944114,0.0014084895736821822,192.92930402709706,0.6740786899076847,20.150180319097622,0.0002452374073721145,1585.0,746.3151386284677,4.189671117712091e-06,0,16111,0.11670579016208649,236,3.725290298461914e-09,3240,1.0,60.0,60.0,60.0,0.9836065573770492,0.9836065573770492,0.9836065573770492,3240,1.0,60.0,60.0,60.0,0.9836065573770492,0.9836065573770492,0.9836065573770492,4824,1.0,59.99999734769879,60.000000804663024,60.000003121115675,0.9836065566642566,0.9836065575932983,0.9836065582158332
332,5.533333333333333,True,valid,0.0051877654142106,0.005022666164874631,0.17691352085516826,210.46876963749372,210.4692728509039,0.001632180754258664,211.22275019312298,0.8588979858049534,18.880526231779946,0.0002744735739168534,1585.0,804.5631564631176,4.575331062734703e-06,0,16140,0.11181537806987762,236,3.725290298461914e-09,3240,1.0,60.0,60.0,60.0,0.9836065573770492,0.9836065573770492,0.9836065573770492,3240,1.0,60.0,60.0,60.0,0.9836065573770492,0.9836065573770492,0.9836065573770492,4824,1.0,59.99999734769879,60.000000804663024,60.000003121115675,0.9836065566642566,0.9836065575932983,0.9836065582158332
333,5.55,True,valid,0.00510555803106611,0.0051186022395747705,0.17560708928875182,229.7603807005477,229.76097191495816,0.0018677224367811818,230.3883508855098,1.095973992828549,17.049451782192953,0.0003056768953600209,1585.0,964.970061553119,4.983766388249465e-06,0,16142,0.10631408542394638,237,3.725290298461914e-09,3240,1.0,60.0,60.0,60.0,0.9836065573770492,0.9836065573770492,0.9836065573770492,3240,1.0,60.0,60.0,60.0,0.9836065573770492,0.9836065573770492,0.9836065573770492,4824,1.0,59.99999734769879,60.000000804663024,60.000003121115675,0.9836065566642566,0.9836065575932983,0.9836065582158332
334,5.566666666666666,True,valid,0.005081517493408117,0.005320981758948641,0.1742931466714877,252.20395651139634,252.20464130718386,0.0021507069038610486,252.80329351418888,1.2944506951036223,15.648851092049654,0.0003396010689062991,1585.0,1451.9774805023417,5.453949372511469e-06,0,16141,0.10074160248041153,237,7.450580596923828e-09,3240,1.0,60.0,60.0,60.0,0.9836065573770492,0.9836065573770492,0.9836065573770492,3240,1.0,60.0,60.0,60.0,0.9836065573770492,0.9836065573770492,0.9836065573770492,4824,1.0,59.99999734769879,60.000000804663024,60.000003121115675,0.9836065566642566,0.9836065575932983,0.9836065582158332
335,5.583333333333333,True,valid,0.005137714475307936,0.005578996488735577,0.17376504643188087,272.573855993179,272.57457742757106,0.002317575608361706,273.09219198994157,1.3906966223168458,13.835021285714939,0.0003662949615682993,1585.0,1641.1418105874677,5.873692764827642e-06,0,16131,0.09481482207775116,242,3.725290298461914e-09,3240,1.0,60.0,60.0,60.0,0.9836065573770492,0.9836065573770492,0.9836065573770492,3240,1.0,60.0,60.0,60.0,0.9836065573770492,0.9836065573770492,0.9836065573770492,4824,1.0,59.99999734769879,60.000000804663024,60.000003121115675,0.9836065566642566,0.9836065575932983,0.9836065582158332
336,5.6,True,valid,0.00527203910490599,0.005807027744212917,0.17379484946072987,289.5577526720401,289.5585369314673,0.002520641282037116,289.92172611435836,1.4609615048366416,11.131113567970736,0.0003889425867365915,1585.0,1866.0963614188302,6.235148248827259e-06,0,16138,0.08848769217729568,241,7.450580596923828e-09,3240,1.0,60.0,60.0,60.0,0.9836065573770492,0.9836065573770492,0.9836065573770492,3240,1.0,60.0,60.0,60.0,0.9836065573770492,0.9836065573770492,0.9836065573770492,4824,1.0,59.99999734769879,60.000000804663024,60.000003121115675,0.9836065566642566,0.9836065575932983,0.9836065582158332
337,5.616666666666666,True,valid,0.005450515128972799,0.006139174967189015,0.1740263197358056,300.92565726599724,300.92643572297266,0.0026018655449700084,301.1815731624303,1.5161386537896224,6.438237778082263,0.0004028327036765403,1585.0,1869.265131678232,6.471194844938844e-06,0,16206,0.08130555599927902,235,7.450580596923828e-09,3240,1.0,60.0,60.0,60.0,0.9836065573770492,0.9836065573770492,0.9836065573770492,3240,1.0,60.0,60.0,60.0,0.9836065573770492,0.9836065573770492,0.9836065573770492,4824,1.0,59.99999734769879,60.000000804663024,60.000003121115675,0.9836065566642566,0.9836065575932983,0.9836065582158332
338,5.633333333333334,True,valid,0.0056229090347643855,0.0064324329760609,0.17421016413181775,311.3273445539073,311.32815053199727,0.0026669582735687563,311.5119681530056,1.5676748553191402,3.676975993812825,0.00041650971914857643,1585.0,1916.209783579795,6.683575207474418e-06,0,16275,0.07387576252222061,231,5.587935447692871e-09,3240,1.0,60.0,60.0,60.0,0.9836065573770492,0.9836065573770492,0.9836065573770492,3240,1.0,60.0,60.0,60.0,0.9836065573770492,0.9836065573770492,0.9836065573770492,4824,1.0,59.99999734769879,60.000000804663024,60.000003121115675,0.9836065566642566,0.9836065575932983,0.9836065582158332
339,5.65,True,valid,0.005768560583037636,0.006686727868901511,0.17384043051615958,318.55121681164974,318.55203614071473,0.0027426687095260982,318.7189071077008,1.6226726040013069,1.7891987169848054,0.0004270046028372228,1585.0,1866.1850989459676,6.842287343428289e-06,0,16300,0.06672105938196182,235,1.862645149230957e-09,3240,1.0,60.0,60.0,60.0,0.9836065573770492,0.9836065573770492,0.9836065573770492,3240,1.0,60.0,60.0,60.0,0.9836065573770492,0.9836065573770492,0.9836065573770492,4824,1.0,59.99999734769879,60.000000804663024,60.000003121115675,0.9836065566642566,0.9836065575932983,0.9836065582158332
340,5.666666666666667,True,valid,0.005881817844664504,0.006868249853976341,0.1731486859510111,323.71363452745834,323.71450120416137,0.0028128566021704826,323.8518264914141,1.7423449028427223,0.6197659767682328,0.00043746334967918206,1585.0,1842.1048802201567,6.958475166417652e-06,0,16309,0.059524234384298325,236,2.7939677238464355e-09,3240,1.0,60.0,60.0,60.0,0.9836065573770492,0.9836065573770492,0.9836065573770492,3240,1.0,60.0,60.0,60.0,0.9836065573770492,0.9836065573770492,0.9836065573770492,4824,1.0,59.99999734769879,60.000000804663024,60.000003121115675,0.9836065566642566,0.9836065575932983,0.9836065582158332
341,5.683333333333334,True,valid,0.005962240586390094,0.007063298928032185,0.17339100847776015,328.2825965933577,328.2834569469746,0.0028734392022408592,328.44058147180533,1.7399656556465455,0.29531530701588665,0.00044440049255128027,1585.0,1755.1524104569203,7.0659516082506764e-06,0,16320,0.0518050342798233,240,3.725290298461914e-09,3240,1.0,60.0,60.0,60.0,0.9836065573770492,0.9836065573770492,0.9836065573770492,3240,1.0,60.0,60.0,60.0,0.9836065573770492,0.9836065573770492,0.9836065573770492,4824,1.0,59.99999734769879,60.000000804663024,60.000003121115675,0.9836065566642566,0.9836065575932983,0.9836065582158332
342,5.7,True,valid,0.005968118923198796,0.007236468702794929,0.17392082613956739,331.4274292716028,331.4283046442081,0.0028901380751858415,331.60156681138943,1.805305482424759,0.3012506706950783,0.00045041934230582054,1585.0,1795.196058076563,7.145950276125457e-06,0,16262,0.05737853795289993,243,2.561137080192566e-09,3240,1.0,60.0,60.0,60.0,0.9836065573770492,0.9836065573770492,0.9836065573770492,3240,1.0,60.0,60.0,60.0,0.9836065573770492,0.9836065573770492,0.9836065573770492,4824,1.0,59.99999734769879,60.000000804663024,60.000003121115675,0.9836065566642566,0.9836065575932983,0.9836065582158332
343,5.716666666666667,True,valid,0.006003368665307395,0.007455245106303087,0.17481944423556942,335.5033624423336,335.50421344353583,0.002927483658226588,335.6506621007688,1.7216084796633069,2.050251490784814,0.0004576104055136974,1585.0,1632.6854650258563,7.249454034599542e-06,0,16188,0.06539874523878098,248,2.7939677238464355e-09,3240,1.0,60.0,60.0,60.0,0.9836065573770492,0.9836065573770492,0.9836065573770492,3240,1.0,60.0,60.0,60.0,0.9836065573770492,0.9836065573770492,0.9836065573770492,4824,1.0,59.99999734769879,60.000000804663024,60.000003121115675,0.9836065566642566,0.9836065575932983,0.9836065582158332
344,5.733333333333333,True,valid,0.005997612507766909,0.007449578669614728,0.17497918452835895,327.22384000750645,327.2247367090005,0.002881159523832844,327.3751472556276,1.7894473542650124,2.759123960966082,0.0004505713455122711,1585.0,1493.9642054148562,7.104554787650798e-06,0,16172,0.07359950244426727,247,1.862645149230957e-09,3240,1.0,60.0,60.0,60.0,0.9836065573770492,0.9836065573770492,0.9836065573770492,3240,1.0,60.0,60.0,60.0,0.9836065573770492,0.9836065573770492,0.9836065573770492,4824,1.0,59.99999734769879,60.000000804663024,60.000003121115675,0.9836065566642566,0.9836065575932983,0.9836065582158332
345,5.75,True,valid,0.006105571971651753,0.007668145501158073,0.17610673518108666,333.05233193713883,333.0532421293536,0.003037667976801826,333.12868987662296,1.7130638017644133,2.9702828985662664,0.00046136055029423505,1585.0,1476.2121144952002,7.246715682038338e-06,0,16201,0.08191409707069397,244,3.725290298461914e-09,3240,1.0,60.0,60.0,60.0,0.9836065573770492,0.9836065573770492,0.9836065573770492,3240,1.0,60.0,60.0,60.0,0.9836065573770492,0.9836065573770492,0.9836065573770492,4824,1.0,59.99999734769879,60.000000804663024,60.000003121115675,0.9836065566642566,0.9836065575932983,0.9836065582158332
346,5.766666666666667,True,valid,0.0061170649791940585,0.007663781815966604,0.17678974778602857,324.25099612304746,324.2518848003283,0.0029942174666827926,324.40806825980064,1.798619406886784,3.401224234941692,0.00044638908148635114,1585.0,1421.3215990748456,7.086549626720345e-06,0,16213,0.09022452682256699,242,3.725290298461914e-09,3240,1.0,60.0,60.0,60.0,0.9836065573770492,0.9836065573770492,0.9836065573770492,3240,1.0,60.0,60.0,60.0,0.9836065573770492,0.9836065573770492,0.9836065573770492,4824,1.0,59.99999734769879,60.000000804663024,60.000003121115675,0.9836065566642566,0.9836065575932983,0.9836065582158332
347,5.783333333333333,True,valid,0.0061155441429273615,0.007661416348937142,0.17937618600450878,313.9135659765832,313.91441988654555,0.0028765555035068237,313.93545010211517,1.7110203848021954,3.3874561664291547,0.0004354956058871215,1585.0,1387.3951766586306,6.88471141162652e-06,0,16194,0.09778871387243271,252,5.587935447692871e-09,3240,1.0,60.0,60.0,60.0,0.9836065573770492,0.9836065573770492,0.9836065573770492,3240,1.0,60.0,60.0,60.0,0.9836065573770492,0.9836065573770492,0.9836065573770492,4824,1.0,59.99999734769879,60.000000804663024,60.000003121115675,0.9836065566642566,0.9836065575932983,0.9836065582158332
348,5.8,True,valid,0.006037665759376388,0.0077349377106910415,0.1787230221717467,302.3994082366405,302.4002231564518,0.0026534010294139735,302.51596129260366,1.6377679389038666,2.4841350418844326,0.0004160744466435208,1585.0,1378.99065300218,6.632316926342342e-06,0,16226,0.10464558750391006,246,7.450580596923828e-09,3240,1.0,60.0,60.0,60.0,0.9836065573770492,0.9836065573770492,0.9836065573770492,3240,1.0,60.0,60.0,60.0,0.9836065573770492,0.9836065573770492,0.9836065573770492,4824,1.0,59.99999734769879,60.000000804663024,60.000003121115675,0.9836065566642566,0.9836065575932983,0.9836065582158332
349,5.816666666666666,True,valid,0.0060029829189245905,0.007617733938215227,0.17980398799536954,288.91189135394217,288.9126259014069,0.002527130338628339,288.9664043638437,1.5572808830393274,1.2950159270266755,0.0003982603089058282,1585.0,1327.2265313543166,6.365468769939621e-06,0,16208,0.1104041039943695,254,3.725290298461914e-09,3240,1.0,60.0,60.0,60.0,0.9836065573770492,0.9836065573770492,0.9836065573770492,3240,1.0,60.0,60.0,60.0,0.9836065573770492,0.9836065573770492,0.9836065573770492,4824,1.0,59.99999734769879,60.000000804663024,60.000003121115675,0.9836065566642566,0.9836065575932983,0.9836065582158332
350,5.833333333333333,True,valid,0.006042646205857422,0.007550455349725294,0.17977164061036072,278.73052990183663,278.73125001769455,0.002418093415018416,278.8376500508467,1.386330291541227,5.956205392536856,0.00038367245325016087,1585.0,1173.079924561965,6.133146441658554e-06,0,16213,0.11567550897598267,255,3.725290298461914e-09,3240,1.0,60.0,60.0,60.0,0.9836065573770492,0.9836065573770492,0.9836065573770492,3240,1.0,60.0,60.0,60.0,0.9836065573770492,0.9836065573770492,0.9836065573770492,4824,1.0,59.99999734769879,60.000000804663024,60.000003121115675,0.9836065566642566,0.9836065575932983,0.9836065582158332
351,5.85,True,valid,0.0061321164592036004,0.007429137295649248,0.18129353132077106,266.75089773490106,266.7515692215579,0.002307276514819369,266.95959282168394,1.4023455731427137,8.034676646637138,0.0003683225655829117,1585.0,1124.0137270189146,5.927525497552916e-06,0,16136,0.1210322305560112,254,3.725290298461914e-09,3240,1.0,60.0,60.0,60.0,0.9836065573770492,0.9836065573770492,0.9836065573770492,3240,1.0,60.0,60.0,60.0,0.9836065573770492,0.9836065573770492,0.9836065573770492,4824,1.0,59.99999734769879,60.000000804663024,60.000003121115675,0.9836065566642566,0.9836065575932983,0.9836065582158332
352,5.866666666666666,True,valid,0.006166871566746468,0.007268379924189369,0.18305562478372944,255.82240226239736,255.82302161541867,0.0021340848623277774,256.129411490966,1.1590067677758427,11.311240431211676,0.0003477668810472764,1585.0,1051.845861591128,5.686551958335486e-06,0,16162,0.12664464116096497,254,7.450580596923828e-09,3240,1.0,60.0,60.0,60.0,0.9836065573770492,0.9836065573770492,0.9836065573770492,3240,1.0,60.0,60.0,60.0,0.9836065573770492,0.9836065573770492,0.9836065573770492,4824,1.0,59.99999734769879,60.000000804663024,60.000003121115675,0.9836065566642566,0.9836065575932983,0.9836065582158332
353,5.883333333333334,True,valid,0.006122319336366461,0.006974572651538124,0.18236601833126942,233.11767835842252,233.11824214804892,0.001972867607841814,233.53583319550424,1.2004654340002052,13.333681813490406,0.0003166867376733515,1585.0,878.6738339640833,5.222889128154155e-06,0,16130,0.1316811442375183,258,3.725290298461914e-09,3240,1.0,60.0,60.0,60.0,0.9836065573770492,0.9836065573770492,0.9836065573770492,3240,1.0,60.0,60.0,60.0,0.9836065573770492,0.9836065573770492,0.9836065573770492,4824,1.0,59.99999734769879,60.000000804663024,60.000003121115675,0.9836065566642566,0.9836065575932983,0.9836065582158332
354,5.9,True,valid,0.0060604852367871125,0.006611550330757923,0.1835501602347547,213.09261113835103,213.09310960300314,0.0017178578366514724,213.47580959444156,1.030403779358144,12.544923268347086,0.0002876095183723607,1585.0,868.71140767798,4.8185504623138215e-06,0,16089,0.1359519064426422,258,3.725290298461914e-09,3240,1.0,60.0,60.0,60.0,0.9836065573770492,0.9836065573770492,0.9836065573770492,3240,1.0,60.0,60.0,60.0,0.9836065573770492,0.9836065573770492,0.9836065573770492,4824,1.0,59.99999734769879,60.000000804663024,60.000003121115675,0.9836065566642566,0.9836065575932983,0.9836065582158332
355,5.916666666666667,True,valid,0.005879066709970977,0.0062254755472812935,0.1833518788182419,191.45013621645745,191.45056016856512,0.0015681565965737852,191.86313855048093,0.9360452228860109,12.360334849862225,0.0002560415506856118,1585.0,696.7996477474401,4.365165649888318e-06,0,16038,0.1389360874891281,254,7.450580596923828e-09,3240,1.0,60.0,60.0,60.0,0.9836065573770492,0.9836065573770492,0.9836065573770492,3240,1.0,60.0,60.0,60.0,0.9836065573770492,0.9836065573770492,0.9836065573770492,4824,1.0,59.99999734769879,60.000000804663024,60.000003121115675,0.9836065566642566,0.9836065575932983,0.9836065582158332
356,5.933333333333334,True,valid,0.0057370593090585245,0.005801818607526904,0.18214762834418854,170.84258174370083,170.84294641223778,0.0013148971654574325,171.24191438824704,0.7833841717956239,10.323313935565196,0.00022821464551303863,1585.0,564.6872332416477,3.952426927281625e-06,0,16027,0.14128245413303375,248,7.450580596923828e-09,3240,1.0,60.0,60.0,60.0,0.9836065573770492,0.9836065573770492,0.9836065573770492,3240,1.0,60.0,60.0,60.0,0.9836065573770492,0.9836065573770492,0.9836065573770492,4824,1.0,59.99999734769879,60.000000804663024,60.000003121115675,0.9836065566642566,0.9836065575932983,0.9836065582158332
357,5.95,True,valid,0.005619178535342884,0.005568545999268577,0.18146878103599665,153.44291863060198,153.44319926683988,0.0010918950136200054,153.81764751049712,0.6614640733156674,9.73178870585304,0.0002000979370713993,1585.0,499.11004814845234,3.5733077229491424e-06,0,15953,0.1436663419008255,245,7.450580596923828e-09,3240,1.0,60.0,60.0,60.0,0.9836065573770492,0.9836065573770492,0.9836065573770492,3240,1.0,60.0,60.0,60.0,0.9836065573770492,0.9836065573770492,0.9836065573770492,4824,1.0,59.99999734769879,60.000000804663024,60.000003121115675,0.9836065566642566,0.9836065575932983,0.9836065582158332
358,5.966666666666667,True,valid,0.005523081762906512,0.005401292443190654,0.18164762198776244,139.46555807463648,139.4657441114309,0.0009225107947824072,139.88546968441742,0.511200301600129,9.390358335285867,0.0001778526509161932,1585.0,412.1897935447627,3.2820494548796095e-06,0,15872,0.14502543210983276,246,7.450580596923828e-09,3240,1.0,60.0,60.0,60.0,0.9836065573770492,0.9836065573770492,0.9836065573770492,3240,1.0,60.0,60.0,60.0,0.9836065573770492,0.9836065573770492,0.9836065573770492,4824,1.0,59.99999734769879,60.000000804663024,60.000003121115675,0.9836065566642566,0.9836065575932983,0.9836065582158332
359,5.983333333333333,True,valid,0.005453885170790737,0.005154173240903281,0.18108894633103878,124.88630272491412,124.88644256845323,0.0007463302365887612,125.4583312170571,0.4254234120645367,11.661460517126352,0.0001568218264643683,1585.0,328.49491789529264,2.9990152518255653e-06,0,15758,0.14549779891967773,240,7.450580596923828e-09,3240,1.0,60.0,60.0,60.0,0.9836065573770492,0.9836065573770492,0.9836065573770492,3240,1.0,60.0,60.0,60.0,0.9836065573770492,0.9836065573770492,0.9836065573770492,4824,1.0,59.99999734769879,60.000000804663024,60.000003121115675,0.9836065566642566,0.9836065575932983,0.9836065582158332
360,6.0,True,valid,0.00531852422024189,0.004857052710454944,0.18042021280099116,113.23781158784081,113.23790883043976,0.0006488667936754731,114.00828270392749,0.2748285776481462,13.35469909286971,0.00014026347072943528,1585.0,238.14256922518473,2.741982020544795e-06,0,15637,0.14530520141124725,237,7.450580596923828e-09,3240,1.0,60.0,60.0,60.0,0.9836065573770492,0.9836065573770492,0.9836065573770492,3240,1.0,60.0,60.0,60.0,0.9836065573770492,0.9836065573770492,0.9836065573770492,4824,1.0,59.99999734769879,60.000000804663024,60.000003121115675,0.9836065566642566,0.9836065575932983,0.9836065582158332
