frame,time_s,valid,status,stretch_score,shear_score,bend_score,original_rms_N,alm_rms_N,constitutive_gap_rms_N,elastic_rms_N,damping_rms_N,contact_rms_N,inertia_rms_N,free_vertices,original_max_N,iterate_change_rms_m,self_contact_vt_candidates,self_contact_ee_candidates,body_max_abs_translation_m,soft_contact_count,pin_error_m,tri_stretch_active_rows,tri_stretch_floor_fraction,tri_stretch_rho_over_k_min,tri_stretch_rho_over_k_median,tri_stretch_rho_over_k_max,tri_stretch_effective_over_k_min,tri_stretch_effective_over_k_median,tri_stretch_effective_over_k_max,tri_area_active_rows,tri_area_floor_fraction,tri_area_rho_over_k_min,tri_area_rho_over_k_median,tri_area_rho_over_k_max,tri_area_effective_over_k_min,tri_area_effective_over_k_median,tri_area_effective_over_k_max,bend_active_rows,bend_floor_fraction,bend_rho_over_k_min,bend_rho_over_k_median,bend_rho_over_k_max,bend_effective_over_k_min,bend_effective_over_k_median,bend_effective_over_k_max
0,0.0,True,valid,0.0,0.0,0.0,,,,,,,,,,,0,0,0.1509999930858612,0,0.0,0,,,,,,,,0,,,,,,,,0,,,,,,,
1,0.016666666666666666,True,valid,0.0032066902805429733,0.0015532284941334404,3.7284268045874055e-05,0.013162252831756562,0.013162228347136212,2.821357871604965e-07,0.012990095482585456,0.00033792190091313807,0.0,9.694518368628012e-05,1585.0,0.07364050832429896,1.6944492543684229e-06,0,15504,0.14950264990329742,0,0.0,3240,1.0,90.0,90.0,90.0,0.989010989010989,0.989010989010989,0.989010989010989,3240,1.0,90.0,90.0,90.0,0.989010989010989,0.989010989010989,0.989010989010989,4824,1.0,89.99999555519622,90.0,90.00000526633156,0.9890109884742417,0.989010989010989,0.9890109896469426
2,0.03333333333333333,True,valid,0.011088067189150086,0.005291637085354261,0.00040559508344657953,0.0537754772138037,0.05377546970279037,2.7262935985200665e-07,0.05342053097037274,0.0005478826949899113,0.0,6.933706731822573e-05,1585.0,0.35097938164329245,1.1280514065839123e-06,0,15504,0.14528286457061768,0,0.0,3240,1.0,90.0,90.0,90.0,0.989010989010989,0.989010989010989,0.989010989010989,3240,1.0,90.0,90.0,90.0,0.989010989010989,0.989010989010989,0.989010989010989,4824,1.0,89.99999555519622,90.0,90.00000526633156,0.9890109884742417,0.989010989010989,0.9890109896469426
3,0.05,True,valid,0.02337240505784036,0.011168127645515592,0.0013052810596826502,0.10086384496713897,0.10086383603416542,2.766154678087743e-07,0.1004060908142552,0.0007852832631202526,0.0,9.650007529875725e-05,1585.0,0.593580436176107,1.7144428317968876e-06,0,15504,0.13834063708782196,0,0.0,3240,1.0,90.0,90.0,90.0,0.989010989010989,0.989010989010989,0.989010989010989,3240,1.0,90.0,90.0,90.0,0.989010989010989,0.989010989010989,0.989010989010989,4824,1.0,89.99999555519622,90.0,90.00000526633156,0.9890109884742417,0.989010989010989,0.9890109896469426
4,0.06666666666666667,True,valid,0.039037039835579726,0.018687357932526794,0.0027907362292336354,0.1638595754961874,0.16385956998218845,2.821287737259886e-07,0.16331296493534023,0.0010175480909232172,0.0,9.479648098952798e-05,1585.0,0.8414077436543668,1.732711040535005e-06,0,15504,0.12867596745491028,0,0.0,3240,1.0,90.0,90.0,90.0,0.989010989010989,0.989010989010989,0.989010989010989,3240,1.0,90.0,90.0,90.0,0.989010989010989,0.989010989010989,0.989010989010989,4824,1.0,89.99999555519622,90.0,90.00000526633156,0.9890109884742417,0.989010989010989,0.9890109896469426
5,0.08333333333333333,True,valid,0.057269490708078484,0.027514294427173982,0.004696408083454722,0.23654097767545215,0.23654097729310242,2.5931094302558917e-07,0.23592340390379007,0.0012791336587493441,0.0,0.00011046453585767021,1585.0,1.0211553356068395,2.0922071538117033e-06,0,15504,0.11628885567188263,0,0.0,3240,1.0,90.0,90.0,90.0,0.989010989010989,0.989010989010989,0.989010989010989,3240,1.0,90.0,90.0,90.0,0.989010989010989,0.989010989010989,0.989010989010989,4824,1.0,89.99999555519622,90.0,90.00000526633156,0.9890109884742417,0.989010989010989,0.9890109896469426
6,0.1,True,valid,0.07719509320983133,0.037271009957223405,0.006853663809442923,0.31765260741637846,0.3176526044977119,2.829028764528488e-07,0.31697619624469786,0.0014902857521027282,0.0,0.00012186399820577083,1585.0,1.3933069571997874,2.376241922742129e-06,0,15504,0.10117930173873901,0,0.0,3240,1.0,90.0,90.0,90.0,0.989010989010989,0.989010989010989,0.989010989010989,3240,1.0,90.0,90.0,90.0,0.989010989010989,0.989010989010989,0.989010989010989,4824,1.0,89.99999555519622,90.0,90.00000526633156,0.9890109884742417,0.989010989010989,0.9890109896469426
7,0.11666666666666667,True,valid,0.09782798284371036,0.047387127342313484,0.009103137930490895,0.4021552959493113,0.4021553056247718,2.928648790567149e-07,0.40146647814547604,0.0015976272663021463,0.0,0.00013800175627697495,1585.0,1.847066988879144,2.758981627616558e-06,0,15504,0.08334730565547943,37,0.0,3240,1.0,90.0,90.0,90.0,0.989010989010989,0.989010989010989,0.989010989010989,3240,1.0,90.0,90.0,90.0,0.989010989010989,0.989010989010989,0.989010989010989,4824,1.0,89.99999555519622,90.0,90.00000526633156,0.9890109884742417,0.989010989010989,0.9890109896469426
8,0.13333333333333333,True,valid,0.1180803663521513,0.057196384080677946,0.011247832424987397,0.48172611509700475,0.4817262572164081,2.314636218105892e-06,0.49716071479309826,0.010756737896256603,0.11710836110983507,0.00015400089385563296,1585.0,2.8048131794733617,3.199341579990942e-06,0,15504,0.06279286742210388,72,0.0,3240,1.0,90.0,90.0,90.0,0.989010989010989,0.989010989010989,0.989010989010989,3240,1.0,90.0,90.0,90.0,0.989010989010989,0.989010989010989,0.989010989010989,4824,1.0,89.99999555519622,90.0,90.00000526633156,0.9890109884742417,0.989010989010989,0.9890109896469426
9,0.15,True,valid,0.13702651718199407,0.06613474393877283,0.013084879220909932,0.5639585613614625,0.563958595044957,8.15202511883813e-07,0.5604196473418351,0.0026612385082982895,0.08663890814307852,0.00016060219566009455,1585.0,3.120129588980334,3.4362056840894815e-06,0,15504,0.04747582599520683,122,0.0,3240,1.0,90.0,90.0,90.0,0.989010989010989,0.989010989010989,0.989010989010989,3240,1.0,90.0,90.0,90.0,0.989010989010989,0.989010989010989,0.989010989010989,4824,1.0,89.99999555519622,90.0,90.00000526633156,0.9890109884742417,0.989010989010989,0.9890109896469426
10,0.16666666666666666,True,valid,0.153460050675144,0.0740223865986699,0.01547061508156833,0.7324932014213443,0.732493964744279,2.0268626178882337e-06,0.7961264785477734,0.0401610728266713,0.38498832346758577,0.00021535699546507524,1585.0,6.969678205016052,4.797392428537837e-06,0,15504,0.060094982385635376,122,0.0,3240,1.0,90.0,90.0,90.0,0.989010989010989,0.989010989010989,0.989010989010989,3240,1.0,90.0,90.0,90.0,0.989010989010989,0.989010989010989,0.989010989010989,4824,1.0,89.99999555519622,90.0,90.00000526633156,0.9890109884742417,0.989010989010989,0.9890109896469426
11,0.18333333333333332,True,valid,0.16651967657583044,0.08087468566745562,0.01793503533680173,0.7858983050093751,0.7858820478510471,3.512764192119943e-05,0.7484969279687238,0.04975486492229245,0.3253172582007669,0.00019486676958210825,1585.0,11.621080822673026,4.970543760050077e-06,0,15678,0.06876740604639053,124,0.0,3240,1.0,90.0,90.0,90.0,0.989010989010989,0.989010989010989,0.989010989010989,3240,1.0,90.0,90.0,90.0,0.989010989010989,0.989010989010989,0.989010989010989,4824,1.0,89.99999555519622,90.0,90.00000526633156,0.9890109884742417,0.989010989010989,0.9890109896469426
12,0.2,True,valid,0.17598315241192702,0.08604723402455305,0.018608498536385173,0.7134369205887089,0.7134360307922648,5.876048527017291e-06,0.7672075040195117,0.0026939718571428258,0.3108366998316158,0.0001808068422078074,1585.0,4.196710132708359,3.9727237317994796e-06,0,16122,0.07427285611629486,138,0.0,3240,1.0,90.0,90.0,90.0,0.989010989010989,0.989010989010989,0.989010989010989,3240,1.0,90.0,90.0,90.0,0.989010989010989,0.989010989010989,0.989010989010989,4824,1.0,89.99999555519622,90.0,90.00000526633156,0.9890109884742417,0.989010989010989,0.9890109896469426
13,0.21666666666666667,True,valid,0.18184999094801294,0.0881700369425356,0.017829600676225035,1.065514015760833,1.0655148346398509,1.0572823261376339e-05,0.8744061158881792,0.0667611312920748,0.7778362365651076,0.0004922651835763875,1585.0,27.259104162692893,2.415205711540688e-05,0,16454,0.0758499726653099,150,0.0,3240,1.0,90.0,90.0,90.0,0.989010989010989,0.989010989010989,0.989010989010989,3240,1.0,90.0,90.0,90.0,0.989010989010989,0.989010989010989,0.989010989010989,4824,1.0,89.99999555519622,90.0,90.00000526633156,0.9890109884742417,0.989010989010989,0.9890109896469426
14,0.23333333333333334,True,valid,0.1818077822171685,0.08725169234714493,0.016681026179330434,0.8173309686038382,0.8172938047617087,0.0001164838510053705,0.8563058445571416,0.013161121609857548,0.29448616494747326,0.0002026682571128012,1585.0,8.124767641815382,2.895983756969674e-05,0,16566,0.07501913607120514,144,0.0,3240,1.0,90.0,90.0,90.0,0.989010989010989,0.989010989010989,0.989010989010989,3240,1.0,90.0,90.0,90.0,0.989010989010989,0.989010989010989,0.989010989010989,4824,1.0,89.99999555519622,90.0,90.00000526633156,0.9890109884742417,0.989010989010989,0.9890109896469426
15,0.25,True,valid,0.176335339090337,0.0844852124258722,0.016776532973600433,0.9177343861553681,0.9176512471858267,0.000136567868569563,0.9614545531664147,0.004977923011018384,0.6544072121937312,0.00022992160710837934,1585.0,14.517866616737942,1.227044980926e-05,0,16472,0.07137039303779602,146,0.0,3240,1.0,90.0,90.0,90.0,0.989010989010989,0.989010989010989,0.989010989010989,3240,1.0,90.0,90.0,90.0,0.989010989010989,0.989010989010989,0.989010989010989,4824,1.0,89.99999555519622,90.0,90.00000526633156,0.9890109884742417,0.989010989010989,0.9890109896469426
16,0.26666666666666666,True,valid,0.16636995910764518,0.08082022126623985,0.016872972824442622,0.7202618351670936,0.7202547071561636,2.768210583636037e-05,0.8287819051363504,0.019091161223524323,0.48759059815907124,0.00019459443138982176,1585.0,8.137170950459442,4.494189506908035e-06,0,16170,0.06584254652261734,146,0.0,3240,1.0,90.0,90.0,90.0,0.989010989010989,0.989010989010989,0.989010989010989,3240,1.0,90.0,90.0,90.0,0.989010989010989,0.989010989010989,0.989010989010989,4824,1.0,89.99999555519622,90.0,90.00000526633156,0.9890109884742417,0.989010989010989,0.9890109896469426
17,0.2833333333333333,True,valid,0.15219738153494142,0.0759784789176215,0.01616545729798018,0.6226897828843592,0.6226888186529657,5.371131106702754e-06,0.8797716101305514,0.017122074327820015,0.6468836473582155,0.00020354385916190575,1585.0,4.647095394098521,4.271520459692562e-06,0,16423,0.0658460482954979,150,0.0,3240,1.0,90.0,90.0,90.0,0.989010989010989,0.989010989010989,0.989010989010989,3240,1.0,90.0,90.0,90.0,0.989010989010989,0.989010989010989,0.989010989010989,4824,1.0,89.99999555519622,90.0,90.00000526633156,0.9890109884742417,0.989010989010989,0.9890109896469426
18,0.3,True,valid,0.13535721250653887,0.06917799739985042,0.014846220055406272,0.6208966693947506,0.6208977011604294,4.925314414433218e-05,0.8741425794202702,0.02622051943177664,0.8392598524751962,0.0001664643430722733,1585.0,7.352867640563819,1.1653432716230157e-05,0,16440,0.06728740781545639,151,0.0,3240,1.0,90.0,90.0,90.0,0.989010989010989,0.989010989010989,0.989010989010989,3240,1.0,90.0,90.0,90.0,0.989010989010989,0.989010989010989,0.989010989010989,4824,1.0,89.99999555519622,90.0,90.00000526633156,0.9890109884742417,0.989010989010989,0.9890109896469426
19,0.31666666666666665,True,valid,0.1168391864851564,0.0600597770463647,0.012991451071247617,0.627737538056633,0.627747718050423,4.247591973024258e-05,0.7871970607507116,0.013628959499673684,0.9433561843810727,0.00018126470746824,1585.0,13.148471897696663,7.647016194810394e-06,0,16300,0.06869891285896301,149,0.0,3240,1.0,90.0,90.0,90.0,0.989010989010989,0.989010989010989,0.989010989010989,3240,1.0,90.0,90.0,90.0,0.989010989010989,0.989010989010989,0.989010989010989,4824,1.0,89.99999555519622,90.0,90.00000526633156,0.9890109884742417,0.989010989010989,0.9890109896469426
20,0.3333333333333333,True,valid,0.09792989474284743,0.050003324160327094,0.010475139373271703,0.4022271477720165,0.40222722293751434,1.5208957220640087e-06,0.5257215456294603,0.009655626123226858,0.3120902191155574,0.00011347481051303858,1585.0,2.3830669258344166,2.735433303249551e-06,0,15832,0.07055605202913284,152,0.0,3240,1.0,90.0,90.0,90.0,0.989010989010989,0.989010989010989,0.989010989010989,3240,1.0,90.0,90.0,90.0,0.989010989010989,0.989010989010989,0.989010989010989,4824,1.0,89.99999555519622,90.0,90.00000526633156,0.9890109884742417,0.989010989010989,0.9890109896469426
21,0.35,True,valid,0.07976537841869526,0.03969436842399337,0.007605484676188232,0.9510035529446645,0.9509123032807004,0.00013936172513340475,0.45482191659707155,0.020066632460778243,0.8692805923112751,0.00013295686662237748,1585.0,33.407639661602474,9.884320459427255e-06,0,15504,0.07201343774795532,152,0.0,3240,1.0,90.0,90.0,90.0,0.989010989010989,0.989010989010989,0.989010989010989,3240,1.0,90.0,90.0,90.0,0.989010989010989,0.989010989010989,0.989010989010989,4824,1.0,89.99999555519622,90.0,90.00000526633156,0.9890109884742417,0.989010989010989,0.9890109896469426
22,0.36666666666666664,True,valid,0.0627934253452287,0.03052091643727666,0.005000483001617443,0.28332823222884007,0.28332756474650356,9.35256618386862e-06,0.31275622074837345,0.004635062547884426,0.13565440394850764,0.00011562282657581714,1585.0,1.4760790882543902,2.3668437270032868e-06,0,15504,0.07380031049251556,151,0.0,3240,1.0,90.0,90.0,90.0,0.989010989010989,0.989010989010989,0.989010989010989,3240,1.0,90.0,90.0,90.0,0.989010989010989,0.989010989010989,0.989010989010989,4824,1.0,89.99999555519622,90.0,90.00000526633156,0.9890109884742417,0.989010989010989,0.9890109896469426
23,0.38333333333333336,True,valid,0.0473487977495017,0.022723511869881887,0.0035618759176419146,0.2332729928679576,0.23327140733952745,1.5106090192163932e-05,0.25581434746165455,0.005142042155011488,0.12051054336215143,0.00011927432601846016,1585.0,1.1872108683213056,2.5876896350968553e-06,0,15504,0.0756308063864708,158,0.0,3240,1.0,90.0,90.0,90.0,0.989010989010989,0.989010989010989,0.989010989010989,3240,1.0,90.0,90.0,90.0,0.989010989010989,0.989010989010989,0.989010989010989,4824,1.0,89.99999555519622,90.0,90.00000526633156,0.9890109884742417,0.989010989010989,0.9890109896469426
24,0.4,True,valid,0.03404948161617332,0.015932983812864177,0.0037057884200306815,0.20274915190918041,0.20274916801175846,1.4094467006321153e-06,0.2091277715818085,0.0021143259320892207,0.04030500697461057,9.777623096980346e-05,1585.0,1.0049376835534094,1.8436213691505382e-06,0,15504,0.07736741751432419,163,0.0,3240,1.0,90.0,90.0,90.0,0.989010989010989,0.989010989010989,0.989010989010989,3240,1.0,90.0,90.0,90.0,0.989010989010989,0.989010989010989,0.989010989010989,4824,1.0,89.99999555519622,90.0,90.00000526633156,0.9890109884742417,0.989010989010989,0.9890109896469426
25,0.4166666666666667,True,valid,0.02418689053653064,0.01084804747847941,0.00365554792938091,0.18031169993642004,0.18030939065052162,1.178602494508466e-05,0.18452637998195048,0.004046269895392684,0.03888664696095394,8.621820490101188e-05,1585.0,1.3266200043431176,1.615561775121203e-06,0,15504,0.07839911431074142,177,0.0,3240,1.0,90.0,90.0,90.0,0.989010989010989,0.989010989010989,0.989010989010989,3240,1.0,90.0,90.0,90.0,0.989010989010989,0.989010989010989,0.989010989010989,4824,1.0,89.99999555519622,90.0,90.00000526633156,0.9890109884742417,0.989010989010989,0.9890109896469426
26,0.43333333333333335,True,valid,0.018677615502020673,0.008306678636602267,0.0028970257715796974,0.15621242390205686,0.15620710772634566,1.736927088118656e-05,0.1572051563676815,0.001082075516129919,0.02212943477098129,8.12026675167656e-05,1585.0,1.6867798926689068,1.7767166653641385e-06,0,15505,0.07843299210071564,181,0.0,3240,1.0,90.0,90.0,90.0,0.989010989010989,0.989010989010989,0.989010989010989,3240,1.0,90.0,90.0,90.0,0.989010989010989,0.989010989010989,0.989010989010989,4824,1.0,89.99999555519622,90.0,90.00000526633156,0.9890109884742417,0.989010989010989,0.9890109896469426
27,0.45,True,valid,0.01685470067279927,0.007703537075129815,0.002213003065497843,0.1258203632555162,0.12581890913962698,8.47561045780285e-06,0.1329433328314772,0.0010873746104565283,0.04574030579678149,8.321207384705125e-05,1585.0,0.7260908373780498,2.7266928430532094e-06,0,15509,0.07812441885471344,193,0.0,3240,1.0,90.0,90.0,90.0,0.989010989010989,0.989010989010989,0.989010989010989,3240,1.0,90.0,90.0,90.0,0.989010989010989,0.989010989010989,0.989010989010989,4824,1.0,89.99999555519622,90.0,90.00000526633156,0.9890109884742417,0.989010989010989,0.9890109896469426
28,0.4666666666666667,True,valid,0.017699936062953628,0.008055191305364695,0.002375282046179914,0.1349076499412992,0.13490765375237684,4.3379570676964195e-07,0.13564317927009426,0.0007104053692892584,0.014879431859578664,8.82683780792515e-05,1585.0,0.5950607600981199,1.546999129989019e-06,0,15509,0.07747352123260498,200,0.0,3240,1.0,90.0,90.0,90.0,0.989010989010989,0.989010989010989,0.989010989010989,3240,1.0,90.0,90.0,90.0,0.989010989010989,0.989010989010989,0.989010989010989,4824,1.0,89.99999555519622,90.0,90.00000526633156,0.9890109884742417,0.989010989010989,0.9890109896469426
29,0.48333333333333334,True,valid,0.022322897460007457,0.010383245557039908,0.00252902259504545,0.13053810730863324,0.13053810420777257,2.800198102404998e-07,0.13107739634425733,0.0009473048284369516,0.010364971244508896,8.940482897576004e-05,1585.0,0.6542030703498857,1.5819410221577626e-06,0,15511,0.07634206116199493,202,0.0,3240,1.0,90.0,90.0,90.0,0.989010989010989,0.989010989010989,0.989010989010989,3240,1.0,90.0,90.0,90.0,0.989010989010989,0.989010989010989,0.989010989010989,4824,1.0,89.99999555519622,90.0,90.00000526633156,0.9890109884742417,0.989010989010989,0.9890109896469426
30,0.5,True,valid,0.031669325197239785,0.016165425673729854,0.002971159174818542,0.14356099346078494,0.1435611170754861,3.3548277209760037e-06,0.15510848915650674,0.0024069605413717535,0.07005901197378432,9.066395334237624e-05,1585.0,0.8624816172356581,1.9827501942914296e-06,0,15504,0.07513604313135147,199,0.0,3240,1.0,90.0,90.0,90.0,0.989010989010989,0.989010989010989,0.989010989010989,3240,1.0,90.0,90.0,90.0,0.989010989010989,0.989010989010989,0.989010989010989,4824,1.0,89.99999555519622,90.0,90.00000526633156,0.9890109884742417,0.989010989010989,0.9890109896469426
31,0.5166666666666667,True,valid,0.04484581565678124,0.024045655189712602,0.004000971463051044,0.19253681655837668,0.19253679837237522,9.020814422203148e-07,0.20019481153916008,0.0012233247582616356,0.05389101337821415,0.00010107254993584144,1585.0,1.069412589546736,1.9454057050385848e-06,0,15504,0.07404278963804245,199,0.0,3240,1.0,90.0,90.0,90.0,0.989010989010989,0.989010989010989,0.989010989010989,3240,1.0,90.0,90.0,90.0,0.989010989010989,0.989010989010989,0.989010989010989,4824,1.0,89.99999555519622,90.0,90.00000526633156,0.9890109884742417,0.989010989010989,0.9890109896469426
32,0.5333333333333333,True,valid,0.06063708000186583,0.03285468189727183,0.005376134958301879,0.2507011590517023,0.25070115733263343,1.2615389567633005e-06,0.2603934353380991,0.0017028148006884005,0.07097326841947614,0.00011335066021476832,1585.0,1.3917732713709887,2.2962148291792237e-06,0,15504,0.07310237735509872,202,0.0,3240,1.0,90.0,90.0,90.0,0.989010989010989,0.989010989010989,0.989010989010989,3240,1.0,90.0,90.0,90.0,0.989010989010989,0.989010989010989,0.989010989010989,4824,1.0,89.99999555519622,90.0,90.00000526633156,0.9890109884742417,0.989010989010989,0.9890109896469426
33,0.55,True,valid,0.0781062791473355,0.04188324452890296,0.007146476125885423,0.3130150181859903,0.3130147720288362,2.788100219794347e-06,0.320140031912938,0.0019368441622592148,0.0825951677313676,0.00012448244931534034,1585.0,1.5198225184074319,2.4766354951067654e-06,0,15528,0.07233146578073502,203,0.0,3240,1.0,90.0,90.0,90.0,0.989010989010989,0.989010989010989,0.989010989010989,3240,1.0,90.0,90.0,90.0,0.989010989010989,0.989010989010989,0.989010989010989,4824,1.0,89.99999555519622,90.0,90.00000526633156,0.9890109884742417,0.989010989010989,0.9890109896469426
34,0.5666666666666667,True,valid,0.09648885098772375,0.050617308564777516,0.009288787887914532,0.3935657727871325,0.3935649724008382,4.370386216956798e-06,0.39771480066112574,0.0032075415850018702,0.15488827504629987,0.00013112083737850427,1585.0,4.000093187023363,2.73021516155028e-06,0,15618,0.07210074365139008,207,0.0,3240,1.0,90.0,90.0,90.0,0.989010989010989,0.989010989010989,0.989010989010989,3240,1.0,90.0,90.0,90.0,0.989010989010989,0.989010989010989,0.989010989010989,4824,1.0,89.99999555519622,90.0,90.00000526633156,0.9890109884742417,0.989010989010989,0.9890109896469426
35,0.5833333333333334,True,valid,0.1149850288314904,0.05881400204563988,0.011399079450011501,0.4549991087148422,0.4549985708747713,3.4948599338571978e-06,0.4860926018514599,0.0027670912182299646,0.18562427478281465,0.0001401751393939813,1585.0,2.1811609497864404,2.8881532202443464e-06,0,15786,0.07115305960178375,202,0.0,3240,1.0,90.0,90.0,90.0,0.989010989010989,0.989010989010989,0.989010989010989,3240,1.0,90.0,90.0,90.0,0.989010989010989,0.989010989010989,0.989010989010989,4824,1.0,89.99999555519622,90.0,90.00000526633156,0.9890109884742417,0.989010989010989,0.9890109896469426
36,0.6,True,valid,0.132453869841575,0.06621009522086194,0.01310788293404089,0.5205298354901401,0.5205295368208329,4.194619923368167e-06,0.5573289691362967,0.0027370001575929594,0.19393742019547214,0.00016012503217338798,1585.0,2.373958370354418,3.394319941677057e-06,0,15820,0.07034001499414444,196,0.0,3240,1.0,90.0,90.0,90.0,0.989010989010989,0.989010989010989,0.989010989010989,3240,1.0,90.0,90.0,90.0,0.989010989010989,0.989010989010989,0.989010989010989,4824,1.0,89.99999555519622,90.0,90.00000526633156,0.9890109884742417,0.989010989010989,0.9890109896469426
37,0.6166666666666667,True,valid,0.14780268279650663,0.07241582896367622,0.014335366684489845,0.5536004097950219,0.553600480096508,1.075218307449997e-06,0.6371717764960685,0.002413890444328042,0.27872407755858475,0.00017325758269524702,1585.0,2.6970809018125315,3.585589965863908e-06,0,15794,0.06946957856416702,192,0.0,3240,1.0,90.0,90.0,90.0,0.989010989010989,0.989010989010989,0.989010989010989,3240,1.0,90.0,90.0,90.0,0.989010989010989,0.989010989010989,0.989010989010989,4824,1.0,89.99999555519622,90.0,90.00000526633156,0.9890109884742417,0.989010989010989,0.9890109896469426
38,0.6333333333333333,True,valid,0.16011742849815366,0.07712168560669397,0.015309363207477897,0.6055021165093164,0.6055017049456787,4.359437845532157e-06,0.6969597852376577,0.0013928715049961375,0.3252328242379744,0.0001857206018060401,1585.0,2.727170420557863,3.9502077953111875e-06,0,15702,0.06905229389667511,186,0.0,3240,1.0,90.0,90.0,90.0,0.989010989010989,0.989010989010989,0.989010989010989,3240,1.0,90.0,90.0,90.0,0.989010989010989,0.989010989010989,0.989010989010989,4824,1.0,89.99999555519622,90.0,90.00000526633156,0.9890109884742417,0.989010989010989,0.9890109896469426
39,0.65,True,valid,0.1685597848516629,0.08016663617965074,0.01582118338405727,0.7055124348656044,0.7055085254407594,2.7684068349378574e-05,0.793849915850119,0.018382450954676777,0.6135796477797123,0.00019298628136716326,1585.0,10.953406783387898,5.410486778178675e-06,0,15654,0.0689297467470169,183,0.0,3240,1.0,90.0,90.0,90.0,0.989010989010989,0.989010989010989,0.989010989010989,3240,1.0,90.0,90.0,90.0,0.989010989010989,0.989010989010989,0.989010989010989,4824,1.0,89.99999555519622,90.0,90.00000526633156,0.9890109884742417,0.989010989010989,0.9890109896469426
40,0.6666666666666666,True,valid,0.17232851267010751,0.08138213259222762,0.015863260718061146,0.6501693838939441,0.650169373323599,1.9097346690921673e-06,0.7220103724548331,0.001894817742797199,0.2697110151071266,0.00020067297647178388,1585.0,2.842712377008691,4.281361945972803e-06,0,15606,0.06983605772256851,182,0.0,3240,1.0,90.0,90.0,90.0,0.989010989010989,0.989010989010989,0.989010989010989,3240,1.0,90.0,90.0,90.0,0.989010989010989,0.989010989010989,0.989010989010989,4824,1.0,89.99999555519622,90.0,90.00000526633156,0.9890109884742417,0.989010989010989,0.9890109896469426
41,0.6833333333333333,True,valid,0.17101679744633516,0.08074883905363124,0.015753098218333515,0.6383720686991372,0.6383720927136486,5.052563216581866e-07,0.7316846896317185,0.0010710564986663588,0.3101668483261031,0.00019905274090131628,1585.0,2.817561143761742,4.2312836808362686e-06,0,15588,0.06934823840856552,185,0.0,3240,1.0,90.0,90.0,90.0,0.989010989010989,0.989010989010989,0.989010989010989,3240,1.0,90.0,90.0,90.0,0.989010989010989,0.989010989010989,0.989010989010989,4824,1.0,89.99999555519622,90.0,90.00000526633156,0.9890109884742417,0.989010989010989,0.9890109896469426
42,0.7,True,valid,0.16483093456759265,0.07838508663339244,0.015501541660069416,0.6216617959990525,0.6216618268432816,5.481438615098938e-07,0.6963523839226422,0.001021288961053033,0.26829061630775575,0.00019032646909013123,1585.0,2.7300858841275173,4.022225819323838e-06,0,15570,0.0698515921831131,183,0.0,3240,1.0,90.0,90.0,90.0,0.989010989010989,0.989010989010989,0.989010989010989,3240,1.0,90.0,90.0,90.0,0.989010989010989,0.989010989010989,0.989010989010989,4824,1.0,89.99999555519622,90.0,90.00000526633156,0.9890109884742417,0.989010989010989,0.9890109896469426
43,0.7166666666666667,True,valid,0.15444476404047308,0.07436967238315748,0.014906551869593323,0.5828718112856754,0.5828717420782369,1.4465626807585606e-06,0.6590205239232395,0.001995659878736044,0.2715416866904011,0.00017690115767081405,1585.0,2.5405944034727295,3.7072290872952905e-06,0,15594,0.07042735815048218,186,0.0,3240,1.0,90.0,90.0,90.0,0.989010989010989,0.989010989010989,0.989010989010989,3240,1.0,90.0,90.0,90.0,0.989010989010989,0.989010989010989,0.989010989010989,4824,1.0,89.99999555519622,90.0,90.00000526633156,0.9890109884742417,0.989010989010989,0.9890109896469426
44,0.7333333333333333,True,valid,0.14084589990120172,0.0688925637981749,0.013743040326012009,0.5513385098125158,0.5513380569297942,3.004292598827942e-06,0.6137260707200198,0.002790121039964675,0.32343521356376825,0.00016565259227409356,1585.0,5.414436427787394,3.5597082285342213e-06,0,15606,0.07009221613407135,187,0.0,3240,1.0,90.0,90.0,90.0,0.989010989010989,0.989010989010989,0.989010989010989,3240,1.0,90.0,90.0,90.0,0.989010989010989,0.989010989010989,0.989010989010989,4824,1.0,89.99999555519622,90.0,90.00000526633156,0.9890109884742417,0.989010989010989,0.9890109896469426
45,0.75,True,valid,0.12482948328894845,0.062359036235203696,0.012200005099325409,0.46597782762016154,0.46597756847713667,4.408735707591598e-06,0.5993022923720142,0.0022354248966037515,0.3580951904034921,0.00015195580592173498,1585.0,2.146246660622528,3.1558692322161903e-06,0,15612,0.06905324757099152,192,0.0,3240,1.0,90.0,90.0,90.0,0.989010989010989,0.989010989010989,0.989010989010989,3240,1.0,90.0,90.0,90.0,0.989010989010989,0.989010989010989,0.989010989010989,4824,1.0,89.99999555519622,90.0,90.00000526633156,0.9890109884742417,0.989010989010989,0.9890109896469426
46,0.7666666666666667,True,valid,0.10744489598698634,0.054907714785897385,0.010536530959552495,0.4004871900184725,0.400487260824669,3.540973382610028e-06,0.6054711790885688,0.004007947922028445,0.44619001373103884,0.00013967829280926475,1585.0,1.851286112936535,3.337726631081245e-06,0,15606,0.0680859386920929,197,0.0,3240,1.0,90.0,90.0,90.0,0.989010989010989,0.989010989010989,0.989010989010989,3240,1.0,90.0,90.0,90.0,0.989010989010989,0.989010989010989,0.989010989010989,4824,1.0,89.99999555519622,90.0,90.00000526633156,0.9890109884742417,0.989010989010989,0.9890109896469426
47,0.7833333333333333,True,valid,0.0897257661494163,0.04700157039909037,0.00887260522563026,0.3394570687032759,0.339457058514901,1.816366187834661e-06,0.5759757036630624,0.002432596607960143,0.4565961246961076,0.00012695392046938823,1585.0,1.5398691012721302,2.536701497169174e-06,0,15540,0.06739473342895508,198,0.0,3240,1.0,90.0,90.0,90.0,0.989010989010989,0.989010989010989,0.989010989010989,3240,1.0,90.0,90.0,90.0,0.989010989010989,0.989010989010989,0.989010989010989,4824,1.0,89.99999555519622,90.0,90.00000526633156,0.9890109884742417,0.989010989010989,0.9890109896469426
48,0.8,True,valid,0.07267596982190279,0.038850073681575954,0.007187741319854217,0.2871098488532366,0.2871096037083052,4.258503094472376e-06,0.5251298188931135,0.013646197065719231,0.4387935973575273,0.00011408584394031393,1585.0,1.273856946349239,2.2478859754600437e-06,0,15504,0.06704071909189224,202,0.0,3240,1.0,90.0,90.0,90.0,0.989010989010989,0.989010989010989,0.989010989010989,3240,1.0,90.0,90.0,90.0,0.989010989010989,0.989010989010989,0.989010989010989,4824,1.0,89.99999555519622,90.0,90.00000526633156,0.9890109884742417,0.989010989010989,0.9890109896469426
49,0.8166666666666667,True,valid,0.05724887790308093,0.031214095495551698,0.005516522946087512,0.22855277926307258,0.22855279510410978,4.4563727799092403e-07,0.49229297677115125,0.00579405258495783,0.42702066817135886,0.00010630619761687734,1585.0,1.2067084604645633,1.9859791117634412e-06,0,15504,0.06708460301160812,203,0.0,3240,1.0,90.0,90.0,90.0,0.989010989010989,0.989010989010989,0.989010989010989,3240,1.0,90.0,90.0,90.0,0.989010989010989,0.989010989010989,0.989010989010989,4824,1.0,89.99999555519622,90.0,90.00000526633156,0.9890109884742417,0.989010989010989,0.9890109896469426
50,0.8333333333333334,True,valid,0.04375109154812918,0.02310826013136884,0.004081634122146621,0.18352607134901722,0.18352481758046316,1.0408178875018317e-05,0.2459597169286579,0.006793020898932678,0.16121946505008705,9.348522477620866e-05,1585.0,0.9377373965289261,4.403159356849207e-06,0,15504,0.06705141812562943,202,0.0,3240,1.0,90.0,90.0,90.0,0.989010989010989,0.989010989010989,0.989010989010989,3240,1.0,90.0,90.0,90.0,0.989010989010989,0.989010989010989,0.989010989010989,4824,1.0,89.99999555519622,90.0,90.00000526633156,0.9890109884742417,0.989010989010989,0.9890109896469426
51,0.85,True,valid,0.03347832925860073,0.017040877344044584,0.0028288538103905412,0.14109324229288803,0.1410932399502729,2.838855687144569e-07,0.14478849127952473,0.0008561423629241974,0.025606342508362488,0.0001062927946744804,1585.0,0.7102022533285879,1.9075274125761004e-06,0,15504,0.06725046038627625,202,0.0,3240,1.0,90.0,90.0,90.0,0.989010989010989,0.989010989010989,0.989010989010989,3240,1.0,90.0,90.0,90.0,0.989010989010989,0.989010989010989,0.989010989010989,4824,1.0,89.99999555519622,90.0,90.00000526633156,0.9890109884742417,0.989010989010989,0.9890109896469426
52,0.8666666666666667,True,valid,0.026592676708705132,0.013185244148137026,0.0021432547864825577,0.1269039783391393,0.12690134496389666,9.088496203987518e-06,0.12635383734019373,0.0016168197171315202,0.06043853635163206,8.298042660609546e-05,1585.0,1.5188159264117622,1.580826026578848e-06,0,15504,0.06742265820503235,205,0.0,3240,1.0,90.0,90.0,90.0,0.989010989010989,0.989010989010989,0.989010989010989,3240,1.0,90.0,90.0,90.0,0.989010989010989,0.989010989010989,0.989010989010989,4824,1.0,89.99999555519622,90.0,90.00000526633156,0.9890109884742417,0.989010989010989,0.9890109896469426
53,0.8833333333333333,True,valid,0.023550971086648366,0.011394909645645008,0.002042937057192819,0.1149411987890096,0.11494119407069364,2.722711960373206e-07,0.11715492663236472,0.0004055940853483349,0.018781694812516,8.975128924505113e-05,1585.0,0.5323225193232265,1.5786343698964764e-06,0,15504,0.06761223077774048,204,0.0,3240,1.0,90.0,90.0,90.0,0.989010989010989,0.989010989010989,0.989010989010989,3240,1.0,90.0,90.0,90.0,0.989010989010989,0.989010989010989,0.989010989010989,4824,1.0,89.99999555519622,90.0,90.00000526633156,0.9890109884742417,0.989010989010989,0.9890109896469426
54,0.9,True,valid,0.024186210440083067,0.011302977691405305,0.00227255115486578,0.1236928477078798,0.1236928517565089,2.858539094851237e-07,0.1252785917494796,0.0006982390007702567,0.02208596523330134,8.621083256406083e-05,1585.0,0.5086974906726044,1.5171292227352515e-06,0,15504,0.06783007830381393,206,0.0,3240,1.0,90.0,90.0,90.0,0.989010989010989,0.989010989010989,0.989010989010989,3240,1.0,90.0,90.0,90.0,0.989010989010989,0.989010989010989,0.989010989010989,4824,1.0,89.99999555519622,90.0,90.00000526633156,0.9890109884742417,0.989010989010989,0.9890109896469426
55,0.9166666666666666,True,valid,0.028180062625060377,0.012863368986514717,0.002556695600350358,0.13750229776932427,0.13750228690865104,2.871391171707403e-07,0.1416172386326844,0.0005002429638611345,0.02635063774736964,9.083869325785516e-05,1585.0,0.5926111618077146,1.617985671594232e-06,0,15504,0.06790454685688019,204,0.0,3240,1.0,90.0,90.0,90.0,0.989010989010989,0.989010989010989,0.989010989010989,3240,1.0,90.0,90.0,90.0,0.989010989010989,0.989010989010989,0.989010989010989,4824,1.0,89.99999555519622,90.0,90.00000526633156,0.9890109884742417,0.989010989010989,0.9890109896469426
56,0.9333333333333333,True,valid,0.035319758580771465,0.016142658550191643,0.0030128417532150303,0.15911101251360446,0.15911100189953611,5.514303071628698e-07,0.16371051067889644,0.001277121321319696,0.03568113309535667,0.0001006981215579744,1585.0,0.7639966777728799,1.7055958071554637e-06,0,15504,0.06791149824857712,204,0.0,3240,1.0,90.0,90.0,90.0,0.989010989010989,0.989010989010989,0.989010989010989,3240,1.0,90.0,90.0,90.0,0.989010989010989,0.989010989010989,0.989010989010989,4824,1.0,89.99999555519622,90.0,90.00000526633156,0.9890109884742417,0.989010989010989,0.9890109896469426
57,0.95,True,valid,0.04535516153388119,0.021150617351902046,0.0039032394996571986,0.1895049902274092,0.1895049955436237,3.273801395855572e-07,0.19792365418116922,0.0008099715563239284,0.048497430351476245,9.934983439129492e-05,1585.0,0.9602403771362736,1.829164133018754e-06,0,15504,0.06779041141271591,203,0.0,3240,1.0,90.0,90.0,90.0,0.989010989010989,0.989010989010989,0.989010989010989,3240,1.0,90.0,90.0,90.0,0.989010989010989,0.989010989010989,0.989010989010989,4824,1.0,89.99999555519622,90.0,90.00000526633156,0.9890109884742417,0.989010989010989,0.9890109896469426
58,0.9666666666666667,True,valid,0.057920950546195456,0.02777081669633007,0.0052424267322842485,0.23334234493758957,0.2333423476714319,3.528465541502456e-07,0.24558680828662297,0.0010348967433191835,0.06384534531481394,0.00010599372557413643,1585.0,1.0323720610900209,1.9891819256665077e-06,0,15504,0.0676327794790268,203,0.0,3240,1.0,90.0,90.0,90.0,0.989010989010989,0.989010989010989,0.989010989010989,3240,1.0,90.0,90.0,90.0,0.989010989010989,0.989010989010989,0.989010989010989,4824,1.0,89.99999555519622,90.0,90.00000526633156,0.9890109884742417,0.989010989010989,0.9890109896469426
59,0.9833333333333333,True,valid,0.07252841162239956,0.03557529581882461,0.006820775677928391,0.2872571450551899,0.2872571561446538,4.096561043816147e-07,0.3019646906336988,0.0011783057972096981,0.08164791402339307,0.00011473144865912505,1585.0,1.2411086953438435,2.2063991261207837e-06,0,15504,0.06740228831768036,201,0.0,3240,1.0,90.0,90.0,90.0,0.989010989010989,0.989010989010989,0.989010989010989,3240,1.0,90.0,90.0,90.0,0.989010989010989,0.989010989010989,0.989010989010989,4824,1.0,89.99999555519622,90.0,90.00000526633156,0.9890109884742417,0.989010989010989,0.9890109896469426
60,1.0,True,valid,0.08848678107725169,0.04399550084311105,0.008410752658953774,0.34706642640612595,0.3470664474344962,3.855660925809017e-07,0.3654228921550622,0.0012854307689727411,0.10105339145741478,0.00012683268346812808,1585.0,1.5947985954132446,2.4953593792241054e-06,0,15504,0.06703169643878937,196,0.0,3240,1.0,90.0,90.0,90.0,0.989010989010989,0.989010989010989,0.989010989010989,3240,1.0,90.0,90.0,90.0,0.989010989010989,0.989010989010989,0.989010989010989,4824,1.0,89.99999555519622,90.0,90.00000526633156,0.9890109884742417,0.989010989010989,0.9890109896469426
61,1.0166666666666666,True,valid,0.10488181029813262,0.05235733242522653,0.009926308178641142,0.410132493608658,0.4101324869160756,6.871089099075273e-07,0.4323155340542605,0.0014932047945870035,0.12554728625311495,0.0001400956197865844,1585.0,1.8343534392499106,2.8187492460993272e-06,0,15504,0.06647033244371414,196,3.448803909122944e-09,3240,1.0,90.0,90.0,90.0,0.989010989010989,0.989010989010989,0.989010989010989,3240,1.0,90.0,90.0,90.0,0.989010989010989,0.989010989010989,0.989010989010989,4824,1.0,89.99999555519622,90.0,90.00000526633156,0.9890109884742417,0.989010989010989,0.9890109896469426
62,1.0333333333333334,True,valid,0.12072295617953778,0.06014439276203292,0.011329377079426281,0.6129840598836303,0.6129735432627749,6.018273192976362e-05,0.7304575449350177,0.029455490689142282,0.7117352496740118,0.00015458857190735455,1585.0,9.72614335607501,5.0469271300841085e-06,0,15534,0.06574398279190063,194,1.7462298274040222e-09,3240,1.0,90.0,90.0,90.0,0.989010989010989,0.989010989010989,0.989010989010989,3240,1.0,90.0,90.0,90.0,0.989010989010989,0.989010989010989,0.989010989010989,4824,1.0,89.99999555519622,90.0,90.00000526633156,0.9890109884742417,0.989010989010989,0.9890109896469426
63,1.05,True,valid,0.13499990381163732,0.0670423416381805,0.012752593048884004,0.5170448188943217,0.517044905856918,2.7674084994301204e-06,0.6035894022932154,0.0034685679187569933,0.25190843702121185,0.00016435712325184985,1585.0,2.1592341397177295,3.500821142547545e-06,0,15756,0.06590262800455093,191,3.026798367500305e-09,3240,1.0,90.0,90.0,90.0,0.989010989010989,0.989010989010989,0.989010989010989,3240,1.0,90.0,90.0,90.0,0.989010989010989,0.989010989010989,0.989010989010989,4824,1.0,89.99999555519622,90.0,90.00000526633156,0.9890109884742417,0.989010989010989,0.9890109896469426
64,1.0666666666666667,True,valid,0.14690782888119264,0.07272847786624506,0.014007120519622001,0.5924673867405722,0.5924675835967259,4.414484789536275e-06,0.6316627027657182,0.0055948601876871186,0.19471473495508304,0.00017377306457002598,1585.0,3.1779149562982147,3.731508932704083e-06,0,16046,0.06654362380504608,192,2.3283064365386963e-09,3240,1.0,90.0,90.0,90.0,0.989010989010989,0.989010989010989,0.989010989010989,3240,1.0,90.0,90.0,90.0,0.989010989010989,0.989010989010989,0.989010989010989,4824,1.0,89.99999555519622,90.0,90.00000526633156,0.9890109884742417,0.989010989010989,0.9890109896469426
65,1.0833333333333333,True,valid,0.15569856529415582,0.07693252826201367,0.01487833302404886,0.616810967989381,0.6168111585524059,8.629735183449719e-06,0.7057735151944903,0.00829596255499355,0.313760245418336,0.0001838161767727421,1585.0,2.557230351077252,4.166531814639115e-06,0,16264,0.06694426387548447,190,2.7939677238464355e-09,3240,1.0,90.0,90.0,90.0,0.989010989010989,0.989010989010989,0.989010989010989,3240,1.0,90.0,90.0,90.0,0.989010989010989,0.989010989010989,0.989010989010989,4824,1.0,89.99999555519622,90.0,90.00000526633156,0.9890109884742417,0.989010989010989,0.9890109896469426
66,1.1,True,valid,0.1608208906854756,0.0794533935319146,0.015515128581873414,0.6634778598558232,0.6634775908309919,9.23764489652512e-06,0.7158176689601613,0.013427603107131456,0.27238960275375357,0.0001905425135107379,1585.0,4.28487883781577,4.0418198840881445e-06,0,16360,0.06789464503526688,191,3.259629011154175e-09,3240,1.0,90.0,90.0,90.0,0.989010989010989,0.989010989010989,0.989010989010989,3240,1.0,90.0,90.0,90.0,0.989010989010989,0.989010989010989,0.989010989010989,4824,1.0,89.99999555519622,90.0,90.00000526633156,0.9890109884742417,0.989010989010989,0.9890109896469426
67,1.1166666666666667,True,valid,0.1620388719503897,0.08007466568431819,0.015859387664063987,0.721794492381577,0.721792882565307,9.822251172626809e-06,0.7363092916848266,0.010123971928591475,0.3565396800337131,0.00018697677077650688,1585.0,10.268881798426282,4.086629078026409e-06,0,16316,0.06896243244409561,191,2.7939677238464355e-09,3240,1.0,90.0,90.0,90.0,0.989010989010989,0.989010989010989,0.989010989010989,3240,1.0,90.0,90.0,90.0,0.989010989010989,0.989010989010989,0.989010989010989,4824,1.0,89.99999555519622,90.0,90.00000526633156,0.9890109884742417,0.989010989010989,0.9890109896469426
68,1.1333333333333333,True,valid,0.1594585314618328,0.07887264788205142,0.015720455532540586,0.7644530090596615,0.7644473992733103,1.603885987310177e-05,0.7485192365652753,0.011571677623391735,0.4200648685400219,0.00018508034786555384,1585.0,13.518926130765589,4.127104641739952e-06,0,16250,0.07037243992090225,190,3.725290298461914e-09,3240,1.0,90.0,90.0,90.0,0.989010989010989,0.989010989010989,0.989010989010989,3240,1.0,90.0,90.0,90.0,0.989010989010989,0.989010989010989,0.989010989010989,4824,1.0,89.99999555519622,90.0,90.00000526633156,0.9890109884742417,0.989010989010989,0.9890109896469426
69,1.15,True,valid,0.15337458360670747,0.07598101590316535,0.014907364440381614,0.6742177094201496,0.6742181413459354,2.6453623047665544e-06,0.7105370229982301,0.008577181342651086,0.1680126630799932,0.00018083362319014885,1585.0,2.810636277319542,3.8091079620675076e-06,0,16126,0.07245273143053055,188,2.7939677238464355e-09,3240,1.0,90.0,90.0,90.0,0.989010989010989,0.989010989010989,0.989010989010989,3240,1.0,90.0,90.0,90.0,0.989010989010989,0.989010989010989,0.989010989010989,4824,1.0,89.99999555519622,90.0,90.00000526633156,0.9890109884742417,0.989010989010989,0.9890109896469426
70,1.1666666666666667,True,valid,0.144023096443755,0.07157052781493504,0.013572803859434898,0.6431678383984895,0.643168244696273,1.0897294783358798e-06,0.6927294411947258,0.009142505973416934,0.23177369875143358,0.0001816388205112323,1585.0,2.5097636766478173,3.7382306661876277e-06,0,16040,0.07387176901102066,189,6.51925802230835e-09,3240,1.0,90.0,90.0,90.0,0.989010989010989,0.989010989010989,0.989010989010989,3240,1.0,90.0,90.0,90.0,0.989010989010989,0.989010989010989,0.989010989010989,4824,1.0,89.99999555519622,90.0,90.00000526633156,0.9890109884742417,0.989010989010989,0.9890109896469426
71,1.1833333333333333,True,valid,0.13182494132759887,0.0659593467234033,0.012243137697390065,0.6069267758264728,0.6069270318736214,2.66491716243029e-06,0.6813220877147385,0.009487846707060566,0.3010648288204973,0.00017042803659719788,1585.0,2.0602121238158353,3.4801291825239662e-06,0,15899,0.07464493066072464,191,5.587935447692871e-09,3240,1.0,90.0,90.0,90.0,0.989010989010989,0.989010989010989,0.989010989010989,3240,1.0,90.0,90.0,90.0,0.989010989010989,0.989010989010989,0.989010989010989,4824,1.0,89.99999555519622,90.0,90.00000526633156,0.9890109884742417,0.989010989010989,0.9890109896469426
72,1.2,True,valid,0.11752105749042202,0.05947488455670415,0.011135803753713543,0.5628453680699801,0.56284588233122,2.3348522093042797e-06,0.6517321524931147,0.010098553959759398,0.30688147752123324,0.00015826566019353929,1585.0,2.008456650509654,3.189385005455381e-06,0,15754,0.07474081218242645,191,5.587935447692871e-09,3240,1.0,90.0,90.0,90.0,0.989010989010989,0.989010989010989,0.989010989010989,3240,1.0,90.0,90.0,90.0,0.989010989010989,0.989010989010989,0.989010989010989,4824,1.0,89.99999555519622,90.0,90.00000526633156,0.9890109884742417,0.989010989010989,0.9890109896469426
73,1.2166666666666666,True,valid,0.10218215810502669,0.052618613212281784,0.010021492885701025,0.5222896911750756,0.5222902535033088,1.111853737419407e-06,0.6422625084299793,0.009839508497578534,0.3600729540959747,0.00014436873753213004,1585.0,1.9518826599685604,2.8624402170435002e-06,0,15682,0.07400210946798325,191,1.862645149230957e-09,3240,1.0,90.0,90.0,90.0,0.989010989010989,0.989010989010989,0.989010989010989,3240,1.0,90.0,90.0,90.0,0.989010989010989,0.989010989010989,0.989010989010989,4824,1.0,89.99999555519622,90.0,90.00000526633156,0.9890109884742417,0.989010989010989,0.9890109896469426
74,1.2333333333333334,True,valid,0.0868437332103411,0.04579774270304635,0.008793045104336362,0.47923271299479464,0.4792331920554347,2.0508188665700925e-06,0.630162507233006,0.009774429967686881,0.40441229312599886,0.00013505971498445,1585.0,1.872700527688956,2.617638065352149e-06,0,15685,0.07240202277898788,194,3.725290298461914e-09,3240,1.0,90.0,90.0,90.0,0.989010989010989,0.989010989010989,0.989010989010989,3240,1.0,90.0,90.0,90.0,0.989010989010989,0.989010989010989,0.989010989010989,4824,1.0,89.99999555519622,90.0,90.00000526633156,0.9890109884742417,0.989010989010989,0.9890109896469426
75,1.25,True,valid,0.07245651873059823,0.03932950310603743,0.007552077658453846,0.4348676199642342,0.43486815151181263,1.5783514335045893e-06,0.604126726122786,0.009445489046760194,0.416945807098909,0.00012889249414813804,1585.0,1.7262856968389302,2.451295135080381e-06,0,15695,0.0699973776936531,195,5.587935447692871e-09,3240,1.0,90.0,90.0,90.0,0.989010989010989,0.989010989010989,0.989010989010989,3240,1.0,90.0,90.0,90.0,0.989010989010989,0.989010989010989,0.989010989010989,4824,1.0,89.99999555519622,90.0,90.00000526633156,0.9890109884742417,0.989010989010989,0.9890109896469426
76,1.2666666666666666,True,valid,0.05972487235629815,0.033515687012201645,0.006453082796271797,0.387932457314697,0.38793253743973705,8.647899869225891e-06,0.6680595821224798,0.010284280377498461,0.5456046540421019,0.00011982937222030924,1585.0,1.6855910590658356,2.3753590689646535e-06,0,15706,0.0671117901802063,198,3.725290298461914e-09,3240,1.0,90.0,90.0,90.0,0.989010989010989,0.989010989010989,0.989010989010989,3240,1.0,90.0,90.0,90.0,0.989010989010989,0.989010989010989,0.989010989010989,4824,1.0,89.99999555519622,90.0,90.00000526633156,0.9890109884742417,0.989010989010989,0.9890109896469426
77,1.2833333333333334,True,valid,0.04942033739684011,0.028594003058939593,0.005532897189795257,0.34488487846454174,0.3448851743505211,8.791969068515679e-06,0.6950420968294111,0.009319975012776456,0.6104365147214321,0.00011030140768647576,1585.0,1.6465051047416945,2.1202300631658384e-06,0,15734,0.06388714164495468,197,7.450580596923828e-09,3240,1.0,90.0,90.0,90.0,0.989010989010989,0.989010989010989,0.989010989010989,3240,1.0,90.0,90.0,90.0,0.989010989010989,0.989010989010989,0.989010989010989,4824,1.0,89.99999555519622,90.0,90.00000526633156,0.9890109884742417,0.989010989010989,0.9890109896469426
78,1.3,True,valid,0.04199615068960423,0.024818479024387278,0.004806319824576997,0.30435757975262634,0.30435808972635037,8.676074195328824e-07,0.6869400174572505,0.007703603453505622,0.6191192503587677,0.00010735694780929233,1585.0,1.4947606482970122,1.967071264966176e-06,0,15719,0.06055968627333641,197,3.725290298461914e-09,3240,1.0,90.0,90.0,90.0,0.989010989010989,0.989010989010989,0.989010989010989,3240,1.0,90.0,90.0,90.0,0.989010989010989,0.989010989010989,0.989010989010989,4824,1.0,89.99999555519622,90.0,90.00000526633156,0.9890109884742417,0.989010989010989,0.9890109896469426
79,1.3166666666666667,True,valid,0.036823120897661425,0.020855032319654573,0.004234086917211036,0.32115074323147,0.321131619160755,7.027595550844933e-05,0.5317386619467043,0.014340931759657007,0.44549626049283686,0.00011132420329890292,1585.0,3.59320236638355,1.8817534340967763e-05,0,15676,0.058113593608140945,194,7.450580596923828e-09,3240,1.0,90.0,90.0,90.0,0.989010989010989,0.989010989010989,0.989010989010989,3240,1.0,90.0,90.0,90.0,0.989010989010989,0.989010989010989,0.989010989010989,4824,1.0,89.99999555519622,90.0,90.00000526633156,0.9890109884742417,0.989010989010989,0.9890109896469426
80,1.3333333333333333,True,valid,0.0343146161223263,0.018513170802815355,0.003796134348969326,0.2325885402155201,0.2325888577699699,6.344830832346219e-07,0.23332904383596392,0.00527652810979585,0.01668264312134803,0.00013105312695411989,1585.0,1.0864667315130287,2.4510189024139934e-06,0,15631,0.06365375220775604,197,7.450580596923828e-09,3240,1.0,90.0,90.0,90.0,0.989010989010989,0.989010989010989,0.989010989010989,3240,1.0,90.0,90.0,90.0,0.989010989010989,0.989010989010989,0.989010989010989,4824,1.0,89.99999555519622,90.0,90.00000526633156,0.9890109884742417,0.989010989010989,0.9890109896469426
81,1.35,True,valid,0.03472808187090237,0.018179747995633797,0.0038877222049624053,0.2060639214696979,0.20606410978810114,5.322563132990889e-07,0.20669202307464074,0.0038826605603452936,0.020241354859665724,9.076686200389004e-05,1585.0,0.861687222500797,1.6713534174638068e-06,0,15602,0.06919342279434204,199,3.725290298461914e-09,3240,1.0,90.0,90.0,90.0,0.989010989010989,0.989010989010989,0.989010989010989,3240,1.0,90.0,90.0,90.0,0.989010989010989,0.989010989010989,0.989010989010989,4824,1.0,89.99999555519622,90.0,90.00000526633156,0.9890109884742417,0.989010989010989,0.9890109896469426
82,1.3666666666666667,True,valid,0.03807376096358465,0.020074376832716956,0.004144261285461304,0.18943892343245097,0.18943899543571538,4.497341181140919e-07,0.19065876147539976,0.0022984888432266487,0.022990635840573818,0.00010439050032325945,1585.0,0.8598300608225465,1.8960804510496017e-06,0,15536,0.07424335926771164,201,3.725290298461914e-09,3240,1.0,90.0,90.0,90.0,0.989010989010989,0.989010989010989,0.989010989010989,3240,1.0,90.0,90.0,90.0,0.989010989010989,0.989010989010989,0.989010989010989,4824,1.0,89.99999555519622,90.0,90.00000526633156,0.9890109884742417,0.989010989010989,0.9890109896469426
83,1.3833333333333333,True,valid,0.04472463637517689,0.023947370590266585,0.0046449828648934275,0.19294391904818778,0.1929439149605051,4.032480881078482e-07,0.20035802219468865,0.0010366659787930266,0.04681654902293676,9.635999735421845e-05,1585.0,0.9301974763372077,1.78356758016866e-06,0,15518,0.07963740825653076,200,3.725290298461914e-09,3240,1.0,90.0,90.0,90.0,0.989010989010989,0.989010989010989,0.989010989010989,3240,1.0,90.0,90.0,90.0,0.989010989010989,0.989010989010989,0.989010989010989,4824,1.0,89.99999555519622,90.0,90.00000526633156,0.9890109884742417,0.989010989010989,0.9890109896469426
84,1.4,True,valid,0.05471008122625444,0.029609747191546836,0.005405645850067212,0.23624923267561612,0.23624925986838252,4.624962114215072e-07,0.24584430535370522,0.0032093264696489037,0.06698967913736478,0.00012568746195492863,1585.0,1.0309109077067764,2.0407076836540198e-06,0,15592,0.08564627915620804,205,7.450580596923828e-09,3240,1.0,90.0,90.0,90.0,0.989010989010989,0.989010989010989,0.989010989010989,3240,1.0,90.0,90.0,90.0,0.989010989010989,0.989010989010989,0.989010989010989,4824,1.0,89.99999555519622,90.0,90.00000526633156,0.9890109884742417,0.989010989010989,0.9890109896469426
85,1.4166666666666667,True,valid,0.0675901974546339,0.03654999571502233,0.006496624583869973,0.2996963920399524,0.2996964998269721,5.500759350254927e-07,0.31000316412928747,0.0033323965755965705,0.08075194891398037,0.0001129155071520713,1585.0,1.2803143168198448,2.157692429475325e-06,0,15693,0.09205357730388641,203,3.725290298461914e-09,3240,1.0,90.0,90.0,90.0,0.989010989010989,0.989010989010989,0.989010989010989,3240,1.0,90.0,90.0,90.0,0.989010989010989,0.989010989010989,0.989010989010989,4824,1.0,89.99999555519622,90.0,90.00000526633156,0.9890109884742417,0.989010989010989,0.9890109896469426
86,1.4333333333333333,True,valid,0.08261730414471001,0.044331594009217774,0.007962165253652379,0.3831307320892738,0.3831304126542839,5.4862519656223545e-06,0.3909931077945311,0.005123340343743978,0.10146269032317035,0.00012387112356923582,1585.0,2.0855852205591914,2.4969337852736275e-06,0,15714,0.09876777231693268,203,3.725290298461914e-09,3240,1.0,90.0,90.0,90.0,0.989010989010989,0.989010989010989,0.989010989010989,3240,1.0,90.0,90.0,90.0,0.989010989010989,0.989010989010989,0.989010989010989,4824,1.0,89.99999555519622,90.0,90.00000526633156,0.9890109884742417,0.989010989010989,0.9890109896469426
87,1.45,True,valid,0.0990010386237166,0.05245438401426318,0.009593405696400275,0.464635313756326,0.46463563838639144,8.559607427192726e-07,0.48546947562211273,0.007071640246282455,0.13168106489030856,0.00013397204320023646,1585.0,1.656899424387193,2.667443734316387e-06,0,15722,0.10559666156768799,201,7.450580596923828e-09,3240,1.0,90.0,90.0,90.0,0.989010989010989,0.989010989010989,0.989010989010989,3240,1.0,90.0,90.0,90.0,0.989010989010989,0.989010989010989,0.989010989010989,4824,1.0,89.99999555519622,90.0,90.00000526633156,0.9890109884742417,0.989010989010989,0.9890109896469426
88,1.4666666666666666,True,valid,0.11584267505623011,0.06059078840220739,0.011079149262572897,0.5578393909361544,0.5578398742099283,1.5209515433010738e-06,0.5694268738394478,0.008794031844764207,0.12207279030268976,0.0001491172226713809,1585.0,1.9815960258502057,3.032895294900472e-06,0,15832,0.11212187260389328,196,3.725290298461914e-09,3240,1.0,90.0,90.0,90.0,0.989010989010989,0.989010989010989,0.989010989010989,3240,1.0,90.0,90.0,90.0,0.989010989010989,0.989010989010989,0.989010989010989,4824,1.0,89.99999555519622,90.0,90.00000526633156,0.9890109884742417,0.989010989010989,0.9890109896469426
89,1.4833333333333334,True,valid,0.1320165313916571,0.06837283996889561,0.012367422502124557,0.6488573831552392,0.6488579283772489,1.2337600294052107e-06,0.6632869647666741,0.010791525520884292,0.14865233292611318,0.00016632266606709823,1585.0,2.344424519861357,3.4048410158290485e-06,0,16021,0.11817221343517303,188,7.450580596923828e-09,3240,1.0,90.0,90.0,90.0,0.989010989010989,0.989010989010989,0.989010989010989,3240,1.0,90.0,90.0,90.0,0.989010989010989,0.989010989010989,0.989010989010989,4824,1.0,89.99999555519622,90.0,90.00000526633156,0.9890109884742417,0.989010989010989,0.9890109896469426
90,1.5,True,valid,0.146357116659597,0.07538900346401399,0.01357002165444664,0.7170377458978416,0.7170382941394922,6.36838171154228e-06,0.7611101557414675,0.015658615131489185,0.27425117449428316,0.00018642116379770149,1585.0,2.7837873384749625,3.97031224381334e-06,0,16354,0.1237940639257431,187,3.725290298461914e-09,3240,1.0,90.0,90.0,90.0,0.989010989010989,0.989010989010989,0.989010989010989,3240,1.0,90.0,90.0,90.0,0.989010989010989,0.989010989010989,0.989010989010989,4824,1.0,89.99999555519622,90.0,90.00000526633156,0.9890109884742417,0.989010989010989,0.9890109896469426
91,1.5166666666666666,True,valid,0.1579314677863573,0.08117434222158283,0.014840599513114216,0.8186549750319271,0.8186543018717054,1.4145055249362134e-05,0.8414551742836268,0.015025304385325454,0.29957274649695687,0.00019012922810284183,1585.0,5.458212331003677,4.422441748343249e-06,0,16676,0.12814702093601227,187,1.862645149230957e-09,3240,1.0,90.0,90.0,90.0,0.989010989010989,0.989010989010989,0.989010989010989,3240,1.0,90.0,90.0,90.0,0.989010989010989,0.989010989010989,0.989010989010989,4824,1.0,89.99999555519622,90.0,90.00000526633156,0.9890109884742417,0.989010989010989,0.9890109896469426
92,1.5333333333333334,True,valid,0.1661194314926608,0.08567670880901276,0.015743427289106136,0.8735526180171167,0.8735531631199986,1.4321290097465266e-05,0.9057410620490892,0.018382891200168738,0.26083478371823265,0.00019878251439770233,1585.0,3.3748188095763996,7.120093996297474e-06,0,16932,0.13121472299098969,187,3.725290298461914e-09,3240,1.0,90.0,90.0,90.0,0.989010989010989,0.989010989010989,0.989010989010989,3240,1.0,90.0,90.0,90.0,0.989010989010989,0.989010989010989,0.989010989010989,4824,1.0,89.99999555519622,90.0,90.00000526633156,0.9890109884742417,0.989010989010989,0.9890109896469426
93,1.55,True,valid,0.17038921125414758,0.08874049816040129,0.016123248870156592,0.9262997107410051,0.9262999417759594,5.513534224666184e-06,0.9512741058198657,0.017438395831408375,0.30492929339367636,0.00020481148099623004,1585.0,6.3241408094689024,4.302926197631052e-06,0,17118,0.13277378678321838,184,2.7939677238464355e-09,3240,1.0,90.0,90.0,90.0,0.989010989010989,0.989010989010989,0.989010989010989,3240,1.0,90.0,90.0,90.0,0.989010989010989,0.989010989010989,0.989010989010989,4824,1.0,89.99999555519622,90.0,90.00000526633156,0.9890109884742417,0.989010989010989,0.9890109896469426
94,1.5666666666666667,True,valid,0.17031188113615825,0.09060388248832024,0.016266421859632393,0.9448312736196324,0.9448318718331923,5.135920614344313e-06,0.9939764950471873,0.02180917862609937,0.3124680248943182,0.00020848275116228996,1585.0,4.005468481425357,4.304531938918947e-06,0,17279,0.13266722857952118,182,2.7939677238464355e-09,3240,1.0,90.0,90.0,90.0,0.989010989010989,0.989010989010989,0.989010989010989,3240,1.0,90.0,90.0,90.0,0.989010989010989,0.989010989010989,0.989010989010989,4824,1.0,89.99999555519622,90.0,90.00000526633156,0.9890109884742417,0.989010989010989,0.9890109896469426
95,1.5833333333333333,True,valid,0.16606787059330197,0.09104683725800652,0.016255169699056486,0.9651074274242718,0.9651089105286319,8.963187359943516e-06,1.029693341665554,0.020973940362051902,0.32445489565998714,0.00020507897837775666,1585.0,4.263178694504796,4.233682274355381e-06,0,17386,0.13053475320339203,183,2.9103830456733704e-09,3240,1.0,90.0,90.0,90.0,0.989010989010989,0.989010989010989,0.989010989010989,3240,1.0,90.0,90.0,90.0,0.989010989010989,0.989010989010989,0.989010989010989,4824,1.0,89.99999555519622,90.0,90.00000526633156,0.9890109884742417,0.989010989010989,0.9890109896469426
96,1.6,True,valid,0.15810675263203655,0.09009331371567654,0.015848930897778817,0.9905450701630827,0.9905461922656805,4.014876110358854e-06,1.043253314620956,0.022070769929712616,0.3212138532829734,0.00020500229407446698,1585.0,4.4984715456282665,4.132994016282651e-06,0,17486,0.12643295526504517,179,3.259629011154175e-09,3240,1.0,90.0,90.0,90.0,0.989010989010989,0.989010989010989,0.989010989010989,3240,1.0,90.0,90.0,90.0,0.989010989010989,0.989010989010989,0.989010989010989,4824,1.0,89.99999555519622,90.0,90.00000526633156,0.9890109884742417,0.989010989010989,0.9890109896469426
97,1.6166666666666667,True,valid,0.14685041647970182,0.08745193654130451,0.015056653356814881,0.9617711848823803,0.9617726149189323,2.7178519792777525e-06,1.0114351253696072,0.021644675211850446,0.2765194898586315,0.0002011205354041595,1585.0,4.431424165662291,4.015587565338511e-06,0,17562,0.12054622173309326,183,2.7939677238464355e-09,3240,1.0,90.0,90.0,90.0,0.989010989010989,0.989010989010989,0.989010989010989,3240,1.0,90.0,90.0,90.0,0.989010989010989,0.989010989010989,0.989010989010989,4824,1.0,89.99999555519622,90.0,90.00000526633156,0.9890109884742417,0.989010989010989,0.9890109896469426
98,1.6333333333333333,True,valid,0.13300383402212668,0.08312468619728601,0.013952969052279633,0.9452250478027988,0.9452257210519663,5.410106332503831e-06,0.961415530201372,0.021865134968356376,0.29681175514412383,0.0001942463428651488,1585.0,7.195880017940246,4.051786951873956e-06,0,17608,0.11286694556474686,187,5.587935447692871e-09,3240,1.0,90.0,90.0,90.0,0.989010989010989,0.989010989010989,0.989010989010989,3240,1.0,90.0,90.0,90.0,0.989010989010989,0.989010989010989,0.989010989010989,4824,1.0,89.99999555519622,90.0,90.00000526633156,0.9890109884742417,0.989010989010989,0.9890109896469426
99,1.65,True,valid,0.11738886227410505,0.0771240456893862,0.012646634255084064,0.8901332533680802,0.890134572284255,3.436796708692146e-06,0.9154292083045598,0.022127630853001772,0.22527803923132492,0.00018982934354804776,1585.0,4.234625640066803,3.6411003376587003e-06,0,17632,0.10355804115533829,188,1.862645149230957e-09,3240,1.0,90.0,90.0,90.0,0.989010989010989,0.989010989010989,0.989010989010989,3240,1.0,90.0,90.0,90.0,0.989010989010989,0.989010989010989,0.989010989010989,4824,1.0,89.99999555519622,90.0,90.00000526633156,0.9890109884742417,0.989010989010989,0.9890109896469426
100,1.6666666666666667,True,valid,0.10099520226806244,0.0696161751460562,0.01115632413976136,0.8354890856026497,0.8354905691866219,2.195160166626879e-06,0.8640558493162207,0.020639658459256197,0.21022134680314877,0.0001774451623293399,1585.0,4.073209570734933,3.391928109147953e-06,0,17642,0.09292567521333694,183,5.587935447692871e-09,3240,1.0,90.0,90.0,90.0,0.989010989010989,0.989010989010989,0.989010989010989,3240,1.0,90.0,90.0,90.0,0.989010989010989,0.989010989010989,0.989010989010989,4824,1.0,89.99999555519622,90.0,90.00000526633156,0.9890109884742417,0.989010989010989,0.9890109896469426
101,1.6833333333333333,True,valid,0.08475677331854622,0.060690845263710054,0.009652611330008944,0.7808473783426182,0.7808488621556559,2.231960519079081e-06,0.8037518526182698,0.020030567772145548,0.18751300170542645,0.0001763821949905233,1585.0,3.801887106572374,3.318461833382114e-06,0,17648,0.08109647780656815,182,7.450580596923828e-09,3240,1.0,90.0,90.0,90.0,0.989010989010989,0.989010989010989,0.989010989010989,3240,1.0,90.0,90.0,90.0,0.989010989010989,0.989010989010989,0.989010989010989,4824,1.0,89.99999555519622,90.0,90.00000526633156,0.9890109884742417,0.989010989010989,0.9890109896469426
102,1.7,True,valid,0.06956497131833439,0.05076959401384449,0.008306406361584048,0.7308566774251771,0.7308580126954783,2.8925297589950215e-06,0.7694323684977207,0.01930544105352496,0.24933773531899256,0.00016834697941463047,1585.0,3.574377694847392,3.1286926319719553e-06,0,17628,0.06801240891218185,182,7.450580596923828e-09,3240,1.0,90.0,90.0,90.0,0.989010989010989,0.989010989010989,0.989010989010989,3240,1.0,90.0,90.0,90.0,0.989010989010989,0.989010989010989,0.989010989010989,4824,1.0,89.99999555519622,90.0,90.00000526633156,0.9890109884742417,0.989010989010989,0.9890109896469426
103,1.7166666666666666,True,valid,0.05628419963477733,0.04008173380525754,0.007192081930021074,0.681665964444555,0.6816673560944724,3.1817551158969186e-06,0.7238959211263418,0.018386892283197055,0.24350341948266996,0.00016529435616642965,1585.0,3.418329515600011,3.1971327386489164e-06,0,17530,0.05546962097287178,181,7.450580596923828e-09,3240,1.0,90.0,90.0,90.0,0.989010989010989,0.989010989010989,0.989010989010989,3240,1.0,90.0,90.0,90.0,0.989010989010989,0.989010989010989,0.989010989010989,4824,1.0,89.99999555519622,90.0,90.00000526633156,0.9890109884742417,0.989010989010989,0.9890109896469426
104,1.7333333333333334,True,valid,0.04553647077887989,0.029413693154921483,0.006288935227649544,0.6389998621931369,0.6389981215509399,2.1472716983443526e-05,0.6577520752353406,0.018312956691184587,0.24141399789981566,0.00015920048848303608,1585.0,4.110625373528679,7.696245483645055e-06,0,17176,0.07125472277402878,181,3.725290298461914e-09,3240,1.0,90.0,90.0,90.0,0.989010989010989,0.989010989010989,0.989010989010989,3240,1.0,90.0,90.0,90.0,0.989010989010989,0.989010989010989,0.989010989010989,4824,1.0,89.99999555519622,90.0,90.00000526633156,0.9890109884742417,0.989010989010989,0.9890109896469426
105,1.75,True,valid,0.03778527267314808,0.02012892626982542,0.0056975349824156885,0.5748291280342777,0.5748303826249548,1.9194027604783865e-06,0.588345273332996,0.016173235969377826,0.12849599662599828,0.00015366079378345974,1585.0,2.9420408869142785,2.8241454840560092e-06,0,16370,0.08779501914978027,181,3.725290298461914e-09,3240,1.0,90.0,90.0,90.0,0.989010989010989,0.989010989010989,0.989010989010989,3240,1.0,90.0,90.0,90.0,0.989010989010989,0.989010989010989,0.989010989010989,4824,1.0,89.99999555519622,90.0,90.00000526633156,0.9890109884742417,0.989010989010989,0.9890109896469426
106,1.7666666666666666,True,valid,0.03355274703260313,0.01585729054039303,0.005344630283906407,0.5223990908043867,0.522400072224661,4.231647893545452e-06,0.52763483402807,0.014579532966866473,0.08687257791860505,0.00014853934612875825,1585.0,2.741869472582412,2.944963089172788e-06,0,15834,0.10486133396625519,178,7.450580596923828e-09,3240,1.0,90.0,90.0,90.0,0.989010989010989,0.989010989010989,0.989010989010989,3240,1.0,90.0,90.0,90.0,0.989010989010989,0.989010989010989,0.989010989010989,4824,1.0,89.99999555519622,90.0,90.00000526633156,0.9890109884742417,0.989010989010989,0.9890109896469426
107,1.7833333333333334,True,valid,0.03369794135659376,0.020045458708485193,0.00515564895605552,0.4690044289058039,0.46900538473590714,1.4942713779566372e-06,0.47130771643633634,0.012727315942747319,0.045562145791704554,0.00014234355269018755,1585.0,2.5114904086958605,2.6578334707867545e-06,0,15904,0.12238845974206924,178,7.450580596923828e-09,3240,1.0,90.0,90.0,90.0,0.989010989010989,0.989010989010989,0.989010989010989,3240,1.0,90.0,90.0,90.0,0.989010989010989,0.989010989010989,0.989010989010989,4824,1.0,89.99999555519622,90.0,90.00000526633156,0.9890109884742417,0.989010989010989,0.9890109896469426
108,1.8,True,valid,0.03920771191885501,0.029214690950167845,0.005056146236358812,0.41529697358427037,0.4152977354546332,1.1701623952998678e-06,0.4173491299296937,0.010884206351192312,0.03823206294491823,0.0001417479404070373,1585.0,2.212301969834413,2.65117002596177e-06,0,16197,0.14002622663974762,177,7.450580596923828e-09,3240,1.0,90.0,90.0,90.0,0.989010989010989,0.989010989010989,0.989010989010989,3240,1.0,90.0,90.0,90.0,0.989010989010989,0.989010989010989,0.989010989010989,4824,1.0,89.99999555519622,90.0,90.00000526633156,0.9890109884742417,0.989010989010989,0.9890109896469426
109,1.8166666666666667,True,valid,0.05015327318956681,0.039949892177938776,0.005274959931296905,0.3687267892653631,0.3687273883685922,1.1200137418025132e-06,0.3716869465861887,0.009003538339309208,0.04580794000354858,0.00013719037539936958,1585.0,1.8311863816937457,2.5694010879828375e-06,0,16474,0.1577809900045395,181,7.450580596923828e-09,3240,1.0,90.0,90.0,90.0,0.989010989010989,0.989010989010989,0.989010989010989,3240,1.0,90.0,90.0,90.0,0.989010989010989,0.989010989010989,0.989010989010989,4824,1.0,89.99999555519622,90.0,90.00000526633156,0.9890109884742417,0.989010989010989,0.9890109896469426
110,1.8333333333333333,True,valid,0.06577722770126285,0.051261269024977504,0.006082195244318117,0.3498200210493312,0.3498200267605323,3.939017476862194e-06,0.3525326328548335,0.007166907241056701,0.07452256279927147,0.0001361118755115382,1585.0,1.529765865895702,2.6619426986062977e-06,0,16796,0.1755792647600174,183,7.450580596923828e-09,3240,1.0,90.0,90.0,90.0,0.989010989010989,0.989010989010989,0.989010989010989,3240,1.0,90.0,90.0,90.0,0.989010989010989,0.989010989010989,0.989010989010989,4824,1.0,89.99999555519622,90.0,90.00000526633156,0.9890109884742417,0.989010989010989,0.9890109896469426
111,1.85,True,valid,0.08498434777877226,0.06276031866534437,0.007483906735662581,0.3594584069329673,0.3594585915079588,6.812551945880026e-07,0.3714470738844838,0.005646073838626713,0.08807513106710456,0.00013633653328141217,1585.0,1.2927355040980484,2.6431455384945478e-06,0,17058,0.1932072639465332,186,7.450580596923828e-09,3240,1.0,90.0,90.0,90.0,0.989010989010989,0.989010989010989,0.989010989010989,3240,1.0,90.0,90.0,90.0,0.989010989010989,0.989010989010989,0.989010989010989,4824,1.0,89.99999555519622,90.0,90.00000526633156,0.9890109884742417,0.989010989010989,0.9890109896469426
112,1.8666666666666667,True,valid,0.10657952125598817,0.0741353811746483,0.009262221862639149,0.40803735241737055,0.40803744158294003,5.905753701639776e-07,0.4238606937460177,0.003395450695363702,0.10877412383844824,0.00014128416378086703,1585.0,1.6995353576221106,2.817363473385964e-06,0,17204,0.20992417633533478,183,7.450580596923828e-09,3240,1.0,90.0,90.0,90.0,0.989010989010989,0.989010989010989,0.989010989010989,3240,1.0,90.0,90.0,90.0,0.989010989010989,0.989010989010989,0.989010989010989,4824,1.0,89.99999555519622,90.0,90.00000526633156,0.9890109884742417,0.989010989010989,0.9890109896469426
113,1.8833333333333333,True,valid,0.1291892460296785,0.08504687697052563,0.011191528554803494,0.48559080306308045,0.48559081987317576,7.264201312633236e-07,0.5008530166806205,0.00453432338884842,0.13424644966246055,0.00015060478931265537,1585.0,2.0966571600207256,3.105629447393853e-06,0,17312,0.22564959526062012,183,7.450580596923828e-09,3240,1.0,90.0,90.0,90.0,0.989010989010989,0.989010989010989,0.989010989010989,3240,1.0,90.0,90.0,90.0,0.989010989010989,0.989010989010989,0.989010989010989,4824,1.0,89.99999555519622,90.0,90.00000526633156,0.9890109884742417,0.989010989010989,0.9890109896469426
114,1.9,True,valid,0.1512964971210283,0.09521161350550254,0.013068886101643256,0.5741469503748039,0.5741469901323263,6.352879827336596e-07,0.5813466938496212,0.004883873543872673,0.17457752990821032,0.00016291964222990324,1585.0,2.4393049477296156,3.45695816316929e-06,0,17412,0.2400679737329483,185,7.450580596923828e-09,3240,1.0,90.0,90.0,90.0,0.989010989010989,0.989010989010989,0.989010989010989,3240,1.0,90.0,90.0,90.0,0.989010989010989,0.989010989010989,0.989010989010989,4824,1.0,89.99999555519622,90.0,90.00000526633156,0.9890109884742417,0.989010989010989,0.9890109896469426
115,1.9166666666666667,True,valid,0.17124981492258737,0.10441828909577147,0.014731647860339238,0.641972177614642,0.6419722190712164,3.0802062964293154e-06,0.6816338344398439,0.012118800858262911,0.24624528837551551,0.00017697587306656726,1585.0,2.988008747717885,3.859446589492162e-06,0,17492,0.25284022092819214,189,7.450580596923828e-09,3240,1.0,90.0,90.0,90.0,0.989010989010989,0.989010989010989,0.989010989010989,3240,1.0,90.0,90.0,90.0,0.989010989010989,0.989010989010989,0.989010989010989,4824,1.0,89.99999555519622,90.0,90.00000526633156,0.9890109884742417,0.989010989010989,0.9890109896469426
116,1.9333333333333333,True,valid,0.18743136979537167,0.11248982531634398,0.0162388103839202,0.7244163777818571,0.7244156487891261,1.0316492988492632e-05,0.7462178706116634,0.006476361797668885,0.22106950661777117,0.00019226888083547682,1585.0,4.0343008948655354,4.267040669659648e-06,0,17580,0.26169586181640625,185,7.450580596923828e-09,3240,1.0,90.0,90.0,90.0,0.989010989010989,0.989010989010989,0.989010989010989,3240,1.0,90.0,90.0,90.0,0.989010989010989,0.989010989010989,0.989010989010989,4824,1.0,89.99999555519622,90.0,90.00000526633156,0.9890109884742417,0.989010989010989,0.9890109896469426
117,1.95,True,valid,0.19858582712606238,0.11887545011096079,0.01735380059081954,0.7930074782397508,0.7930068920016501,1.0104138288598556e-05,0.810935136529672,0.007097086169353299,0.2415545552769188,0.00019650956586134946,1585.0,4.909304634415814,4.4216422709013265e-06,0,17632,0.26806050539016724,187,7.450580596923828e-09,3240,1.0,90.0,90.0,90.0,0.989010989010989,0.989010989010989,0.989010989010989,3240,1.0,90.0,90.0,90.0,0.989010989010989,0.989010989010989,0.989010989010989,4824,1.0,89.99999555519622,90.0,90.00000526633156,0.9890109884742417,0.989010989010989,0.9890109896469426
118,1.9666666666666666,True,valid,0.20376149543332753,0.12331075568800023,0.01798724203116808,0.8566181205531728,0.8566172978110486,8.185722297550044e-06,0.857475803180506,0.010215326678469224,0.3237656515603232,0.00020450631423173042,1585.0,9.882616289058252,4.6773649835869845e-06,0,17690,0.2708665132522583,184,7.450580596923828e-09,3240,1.0,90.0,90.0,90.0,0.989010989010989,0.989010989010989,0.989010989010989,3240,1.0,90.0,90.0,90.0,0.989010989010989,0.989010989010989,0.989010989010989,4824,1.0,89.99999555519622,90.0,90.00000526633156,0.9890109884742417,0.989010989010989,0.9890109896469426
119,1.9833333333333334,True,valid,0.20241348972825246,0.12555275400926166,0.018242425456589842,1.043340279143788,1.0433346598893523,2.1947141188984483e-05,0.9164730443281234,0.01702344117711448,0.6638748790683845,0.0001978835335673296,1585.0,23.692741561659883,5.559939788505409e-06,0,17736,0.27039143443107605,182,3.725290298461914e-09,3240,1.0,90.0,90.0,90.0,0.989010989010989,0.989010989010989,0.989010989010989,3240,1.0,90.0,90.0,90.0,0.989010989010989,0.989010989010989,0.989010989010989,4824,1.0,89.99999555519622,90.0,90.00000526633156,0.9890109884742417,0.989010989010989,0.9890109896469426
120,2.0,True,valid,0.19486122863327818,0.12543530732242641,0.01801124148770539,0.8393391241397287,0.8393395642789605,3.956271959978369e-06,0.9481610130534274,0.012551043621186739,0.4028851447729329,0.00018253681975077447,1585.0,2.8521019759171855,4.110692406530617e-06,0,17760,0.26673823595046997,185,3.725290298461914e-09,3240,1.0,90.0,90.0,90.0,0.989010989010989,0.989010989010989,0.989010989010989,3240,1.0,90.0,90.0,90.0,0.989010989010989,0.989010989010989,0.989010989010989,4824,1.0,89.99999555519622,90.0,90.00000526633156,0.9890109884742417,0.989010989010989,0.9890109896469426
121,2.0166666666666666,True,valid,0.18189528119077764,0.12277635084672511,0.0173877409751053,0.8300472270303496,0.8300478560877048,1.7608516677788494e-06,0.9714042301557507,0.013582142658550319,0.4701816502501368,0.00017646774287885503,1585.0,3.1788910016412903,3.895955214496739e-06,0,17770,0.2594847083091736,186,3.725290298461914e-09,3240,1.0,90.0,90.0,90.0,0.989010989010989,0.989010989010989,0.989010989010989,3240,1.0,90.0,90.0,90.0,0.989010989010989,0.989010989010989,0.989010989010989,4824,1.0,89.99999555519622,90.0,90.00000526633156,0.9890109884742417,0.989010989010989,0.9890109896469426
122,2.033333333333333,True,valid,0.16471285303169594,0.11749372736492018,0.016309185058684016,0.8170318434368076,0.817032473675804,2.8417186372518373e-06,0.9308464506073235,0.014926545938979498,0.42458423333830425,0.00016511327452350982,1585.0,3.3532258905324563,3.5480180356964432e-06,0,17772,0.24911309778690338,183,7.450580596923828e-09,3240,1.0,90.0,90.0,90.0,0.989010989010989,0.989010989010989,0.989010989010989,3240,1.0,90.0,90.0,90.0,0.989010989010989,0.989010989010989,0.989010989010989,4824,1.0,89.99999555519622,90.0,90.00000526633156,0.9890109884742417,0.989010989010989,0.9890109896469426
123,2.05,True,valid,0.14494210533661864,0.10962533869125306,0.014664140569763836,0.834083718459514,0.8340822629744666,1.2113603164576574e-05,0.938840384237131,0.016671774313471308,0.49531749476931186,0.00016229212955587387,1585.0,8.17316591441844,3.5417672888154103e-06,0,17750,0.2359624058008194,183,3.725290298461914e-09,3240,1.0,90.0,90.0,90.0,0.989010989010989,0.989010989010989,0.989010989010989,3240,1.0,90.0,90.0,90.0,0.989010989010989,0.989010989010989,0.989010989010989,4824,1.0,89.99999555519622,90.0,90.00000526633156,0.9890109884742417,0.989010989010989,0.9890109896469426
124,2.066666666666667,True,valid,0.12391813977551618,0.09980744819528976,0.012506412104183115,0.7946134181461932,0.7946139178912778,1.102063525345888e-05,0.906702835023674,0.017736582286904546,0.4397629786505589,0.00016737540315159163,1585.0,3.6416315843349802,3.4667420551709126e-06,0,17706,0.22061961889266968,182,7.450580596923828e-09,3240,1.0,90.0,90.0,90.0,0.989010989010989,0.989010989010989,0.989010989010989,3240,1.0,90.0,90.0,90.0,0.989010989010989,0.989010989010989,0.989010989010989,4824,1.0,89.99999555519622,90.0,90.00000526633156,0.9890109884742417,0.989010989010989,0.9890109896469426
125,2.0833333333333335,True,valid,0.10283113823792003,0.08842843862520619,0.01034110936713474,0.7727896930733127,0.7727910427148045,3.1630041771174566e-06,0.9384539564874979,0.018607103111593474,0.5275877036500599,0.0001677438676884352,1585.0,3.8793061934446382,3.207646250211966e-06,0,17640,0.20337437093257904,185,3.725290298461914e-09,3240,1.0,90.0,90.0,90.0,0.989010989010989,0.989010989010989,0.989010989010989,3240,1.0,90.0,90.0,90.0,0.989010989010989,0.989010989010989,0.989010989010989,4824,1.0,89.99999555519622,90.0,90.00000526633156,0.9890109884742417,0.989010989010989,0.9890109896469426
126,2.1,True,valid,0.08287164260067881,0.07562517940074469,0.008704224200170724,0.7710337484764435,0.7710351763821773,2.1759632720478965e-06,0.9343165228456987,0.019721941419953783,0.5316953570100701,0.00017153092757818148,1585.0,4.18944510711434,3.1866087039177577e-06,0,17554,0.18493476510047913,188,5.587935447692871e-09,3240,1.0,90.0,90.0,90.0,0.989010989010989,0.989010989010989,0.989010989010989,3240,1.0,90.0,90.0,90.0,0.989010989010989,0.989010989010989,0.989010989010989,4824,1.0,89.99999555519622,90.0,90.00000526633156,0.9890109884742417,0.989010989010989,0.9890109896469426
127,2.1166666666666667,True,valid,0.06476865356271573,0.06164970354015638,0.007610458451658255,0.7739765426981073,0.7739781108319421,2.21540663268883e-06,0.8730014102064146,0.02210789803467565,0.3964222081970139,0.0002183108050251956,1585.0,4.299896518934698,3.616236410572944e-06,0,17441,0.16531865298748016,185,5.587935447692871e-09,3240,1.0,90.0,90.0,90.0,0.989010989010989,0.989010989010989,0.989010989010989,3240,1.0,90.0,90.0,90.0,0.989010989010989,0.989010989010989,0.989010989010989,4824,1.0,89.99999555519622,90.0,90.00000526633156,0.9890109884742417,0.989010989010989,0.9890109896469426
128,2.1333333333333333,True,valid,0.04924460954523116,0.0473608502526045,0.006835431324230473,0.7894579179132638,0.7894595635233311,2.2134060164409824e-06,0.7898507241125703,0.0216431199460095,0.03270988622300155,0.00017827468509699074,1585.0,4.401127197393955,3.2830546715555595e-06,0,17232,0.1449391394853592,189,3.725290298461914e-09,3240,1.0,90.0,90.0,90.0,0.989010989010989,0.989010989010989,0.989010989010989,3240,1.0,90.0,90.0,90.0,0.989010989010989,0.989010989010989,0.989010989010989,4824,1.0,89.99999555519622,90.0,90.00000526633156,0.9890109884742417,0.989010989010989,0.9890109896469426
129,2.15,True,valid,0.03776301716517492,0.032851520339776626,0.006504524883733271,0.8126260577879576,0.8126278042403176,2.3200453317862033e-06,0.812582656388115,0.02240920809586214,0.014123636334189674,0.00019412376892102777,1585.0,4.600271213403218,3.564151378171252e-06,0,16886,0.12413007020950317,187,3.725290298461914e-09,3240,1.0,90.0,90.0,90.0,0.989010989010989,0.989010989010989,0.989010989010989,3240,1.0,90.0,90.0,90.0,0.989010989010989,0.989010989010989,0.989010989010989,4824,1.0,89.99999555519622,90.0,90.00000526633156,0.9890109884742417,0.989010989010989,0.9890109896469426
130,2.1666666666666665,True,valid,0.029717590676702335,0.019558172940755823,0.0062833197457016435,0.8247882782822095,0.8247901098464637,2.3937021551665906e-06,0.8253394793512139,0.0230150711629737,0.03921228252287497,0.00020133917078061378,1585.0,4.664607662735706,3.6681085104315263e-06,0,16414,0.10320054739713669,191,3.026798367500305e-09,3240,1.0,90.0,90.0,90.0,0.989010989010989,0.989010989010989,0.989010989010989,3240,1.0,90.0,90.0,90.0,0.989010989010989,0.989010989010989,0.989010989010989,4824,1.0,89.99999555519622,90.0,90.00000526633156,0.9890109884742417,0.989010989010989,0.9890109896469426
131,2.183333333333333,True,valid,0.0258136766800983,0.012799212386318948,0.006222056008275216,0.8233580487096486,0.82335896631569,1.5166489845634236e-05,0.8259503689930505,0.023546854871574666,0.08805429107575477,0.00020743836744821517,1585.0,4.420000318414838,3.828037735327127e-06,0,16022,0.0817965492606163,191,3.4924596548080444e-09,3240,1.0,90.0,90.0,90.0,0.989010989010989,0.989010989010989,0.989010989010989,3240,1.0,90.0,90.0,90.0,0.989010989010989,0.989010989010989,0.989010989010989,4824,1.0,89.99999555519622,90.0,90.00000526633156,0.9890109884742417,0.989010989010989,0.9890109896469426
132,2.2,True,valid,0.028358561847737884,0.021023460244598,0.006508873554820101,0.829260941860172,0.829260388409207,1.8349872861644657e-05,0.825510587175897,0.02369229037867938,0.07722681281440803,0.00021201367755509657,1585.0,4.210954506858762,4.050616995380299e-06,0,15862,0.06592229008674622,189,2.7939677238464355e-09,3240,1.0,90.0,90.0,90.0,0.989010989010989,0.989010989010989,0.989010989010989,3240,1.0,90.0,90.0,90.0,0.989010989010989,0.989010989010989,0.989010989010989,4824,1.0,89.99999555519622,90.0,90.00000526633156,0.9890109884742417,0.989010989010989,0.9890109896469426
133,2.216666666666667,True,valid,0.038575090370612346,0.03464534944922571,0.006879210466155947,0.8194426409558274,0.8194443711734555,3.682575684798643e-06,0.8196104932132341,0.023236983219278966,0.03446555575217973,0.00022579233151884224,1585.0,4.2073446885245795,4.484138525063338e-06,0,16308,0.08811986446380615,189,1.862645149230957e-09,3240,1.0,90.0,90.0,90.0,0.989010989010989,0.989010989010989,0.989010989010989,3240,1.0,90.0,90.0,90.0,0.989010989010989,0.989010989010989,0.989010989010989,4824,1.0,89.99999555519622,90.0,90.00000526633156,0.9890109884742417,0.989010989010989,0.9890109896469426
134,2.2333333333333334,True,valid,0.054742868294722975,0.048831098157707614,0.007388066069395486,0.8078715925874524,0.807873264817203,2.8933179827087787e-06,0.808223793715493,0.022501907930787945,0.03435591206135912,0.0002390366241489775,1585.0,4.063371235353181,4.529373012623226e-06,0,16610,0.11023984849452972,187,1.862645149230957e-09,3240,1.0,90.0,90.0,90.0,0.989010989010989,0.989010989010989,0.989010989010989,3240,1.0,90.0,90.0,90.0,0.989010989010989,0.989010989010989,0.989010989010989,4824,1.0,89.99999555519622,90.0,90.00000526633156,0.9890109884742417,0.989010989010989,0.9890109896469426
135,2.25,True,valid,0.07498600195355425,0.0625985205313025,0.008289999263481717,0.7998299801152462,0.7998315653074967,2.1998668536930536e-06,0.8005621099432574,0.02176109229698922,0.05559398499810737,0.0002487178719782618,1585.0,3.8470460006531417,4.702814397731097e-06,0,16920,0.13243544101715088,185,7.450580596923828e-09,3240,1.0,90.0,90.0,90.0,0.989010989010989,0.989010989010989,0.989010989010989,3240,1.0,90.0,90.0,90.0,0.989010989010989,0.989010989010989,0.989010989010989,4824,1.0,89.99999555519622,90.0,90.00000526633156,0.9890109884742417,0.989010989010989,0.9890109896469426
136,2.2666666666666666,True,valid,0.0979192572130794,0.07549060170617042,0.009657763645007441,0.7981665364209839,0.7981677616243411,3.822716486727827e-06,0.8023322353199882,0.020821638672681445,0.11203223179858711,0.00025440539089078223,1585.0,3.7169224564895003,4.863772127686837e-06,0,17166,0.15459147095680237,185,7.450580596923828e-09,3240,1.0,90.0,90.0,90.0,0.989010989010989,0.989010989010989,0.989010989010989,3240,1.0,90.0,90.0,90.0,0.989010989010989,0.989010989010989,0.989010989010989,4824,1.0,89.99999555519622,90.0,90.00000526633156,0.9890109884742417,0.989010989010989,0.9890109896469426
137,2.283333333333333,True,valid,0.12223259000103996,0.08739028543467253,0.011438999329403711,0.8052400661874528,0.8052414355673735,2.6663840943132134e-06,0.8225385965755015,0.019707823235290006,0.16927354878336995,0.0002615058144341582,1585.0,3.592592591535829,5.035865440721032e-06,0,17326,0.1765180081129074,190,7.450580596923828e-09,3240,1.0,90.0,90.0,90.0,0.989010989010989,0.989010989010989,0.989010989010989,3240,1.0,90.0,90.0,90.0,0.989010989010989,0.989010989010989,0.989010989010989,4824,1.0,89.99999555519622,90.0,90.00000526633156,0.9890109884742417,0.989010989010989,0.9890109896469426
138,2.3,True,valid,0.14664977961176123,0.09818531126923423,0.013360336580375385,0.8202578770919018,0.8202590755387305,2.891924781039365e-06,0.8487184117813157,0.01813123061404049,0.20374321751687313,0.0002674205201002029,1585.0,3.5007044646876393,5.239605755786206e-06,0,17451,0.19734269380569458,185,3.725290298461914e-09,3240,1.0,90.0,90.0,90.0,0.989010989010989,0.989010989010989,0.989010989010989,3240,1.0,90.0,90.0,90.0,0.989010989010989,0.989010989010989,0.989010989010989,4824,1.0,89.99999555519622,90.0,90.00000526633156,0.9890109884742417,0.989010989010989,0.9890109896469426
139,2.316666666666667,True,valid,0.16965113948122726,0.10762768096721727,0.015252230125801928,0.849798790472043,0.8497997374108484,4.324186366541095e-06,0.8834981770273271,0.01697348364697664,0.2985816370156107,0.0002781355000494878,1585.0,5.515711773572229,5.590584953883525e-06,0,17551,0.21654710173606873,181,3.725290298461914e-09,3240,1.0,90.0,90.0,90.0,0.989010989010989,0.989010989010989,0.989010989010989,3240,1.0,90.0,90.0,90.0,0.989010989010989,0.989010989010989,0.989010989010989,4824,1.0,89.99999555519622,90.0,90.00000526633156,0.9890109884742417,0.989010989010989,0.9890109896469426
140,2.3333333333333335,True,valid,0.18964208463968674,0.1155879280804823,0.01692286420139254,0.8642088780497796,0.8642097240228921,1.983906742649224e-06,0.9175686294318367,0.0155254182119474,0.2838493094194934,0.0002815910636542271,1585.0,3.2630447909975606,5.654084020974837e-06,0,17606,0.23376500606536865,179,3.725290298461914e-09,3240,1.0,90.0,90.0,90.0,0.989010989010989,0.989010989010989,0.989010989010989,3240,1.0,90.0,90.0,90.0,0.989010989010989,0.989010989010989,0.989010989010989,4824,1.0,89.99999555519622,90.0,90.00000526633156,0.9890109884742417,0.989010989010989,0.9890109896469426
141,2.35,True,valid,0.20503347064279787,0.1217729576955812,0.018197713428445995,0.8858092648608102,0.8858090295552586,6.280888379143587e-06,0.9494123255881208,0.014585900913297391,0.37064711984113663,0.00028775100968570183,1585.0,5.340333512765485,5.87695878497112e-06,0,17662,0.24817363917827606,177,7.450580596923828e-09,3240,1.0,90.0,90.0,90.0,0.989010989010989,0.989010989010989,0.989010989010989,3240,1.0,90.0,90.0,90.0,0.989010989010989,0.989010989010989,0.989010989010989,4824,1.0,89.99999555519622,90.0,90.00000526633156,0.9890109884742417,0.989010989010989,0.9890109896469426
142,2.3666666666666667,True,valid,0.21438756167106296,0.12592560146957926,0.019106414005188678,0.8782185791970358,0.878219088160437,2.2154426785341047e-06,0.9638483682807266,0.014520058794369664,0.3672888578416326,0.00028753128120957494,1585.0,3.640885135178424,5.9325633679752716e-06,0,17696,0.25928443670272827,179,3.725290298461914e-09,3240,1.0,90.0,90.0,90.0,0.989010989010989,0.989010989010989,0.989010989010989,3240,1.0,90.0,90.0,90.0,0.989010989010989,0.989010989010989,0.989010989010989,4824,1.0,89.99999555519622,90.0,90.00000526633156,0.9890109884742417,0.989010989010989,0.9890109896469426
143,2.3833333333333333,True,valid,0.21686375029459248,0.1279914454783284,0.019452597124463195,0.9128450646804219,0.9128448932756493,3.0713608815984586e-06,0.956484808064958,0.010731546575783962,0.4950091371245399,0.0002803173803945977,1585.0,11.403778536063093,6.1451063732799105e-06,0,17736,0.2663733959197998,176,7.450580596923828e-09,3240,1.0,90.0,90.0,90.0,0.989010989010989,0.989010989010989,0.989010989010989,3240,1.0,90.0,90.0,90.0,0.989010989010989,0.989010989010989,0.989010989010989,4824,1.0,89.99999555519622,90.0,90.00000526633156,0.9890109884742417,0.989010989010989,0.9890109896469426
144,2.4,True,valid,0.21216708314628258,0.1277426400912895,0.019044855142025568,0.8640725246689428,0.8640721151885358,9.173808137211521e-06,0.9147669690873431,0.009177909346371976,0.46987348282957486,0.0002677899444588059,1585.0,10.718630807492513,5.882126881885059e-06,0,17748,0.26893171668052673,176,7.450580596923828e-09,3240,1.0,90.0,90.0,90.0,0.989010989010989,0.989010989010989,0.989010989010989,3240,1.0,90.0,90.0,90.0,0.989010989010989,0.989010989010989,0.989010989010989,4824,1.0,89.99999555519622,90.0,90.00000526633156,0.9890109884742417,0.989010989010989,0.9890109896469426
145,2.4166666666666665,True,valid,0.2007187756512163,0.12496501889462762,0.017964147655659755,0.7812842797061581,0.7812839528957699,5.0155369464688205e-06,0.8453743246223858,0.009903551740348142,0.35869254609117185,0.0002501189651019676,1585.0,5.8168640300263155,5.389175662013475e-06,0,17748,0.2669835686683655,178,7.450580596923828e-09,3240,1.0,90.0,90.0,90.0,0.989010989010989,0.989010989010989,0.989010989010989,3240,1.0,90.0,90.0,90.0,0.989010989010989,0.989010989010989,0.989010989010989,4824,1.0,89.99999555519622,90.0,90.00000526633156,0.9890109884742417,0.989010989010989,0.9890109896469426
146,2.433333333333333,True,valid,0.1837008155737164,0.11987246460102426,0.016420864823964355,0.6815247099308482,0.6815248446641982,1.8748488200018951e-06,0.7614774099933794,0.0058558167597735755,0.28419803482874595,0.0002170585503817608,1585.0,3.0900770114489724,4.522714128564506e-06,0,17746,0.26120126247406006,178,7.450580596923828e-09,3240,1.0,90.0,90.0,90.0,0.989010989010989,0.989010989010989,0.989010989010989,3240,1.0,90.0,90.0,90.0,0.989010989010989,0.989010989010989,0.989010989010989,4824,1.0,89.99999555519622,90.0,90.00000526633156,0.9890109884742417,0.989010989010989,0.9890109896469426
147,2.45,True,valid,0.16281738622156805,0.1128909101754087,0.014510113405559353,0.5973777208679728,0.5973797166068443,1.7803377672847947e-05,0.6868524363545007,0.004426241702272107,0.41669662539526947,0.00018477143924437476,1585.0,3.7465513232524126,6.861633262126342e-06,0,17708,0.2520371675491333,179,7.450580596923828e-09,3240,1.0,90.0,90.0,90.0,0.989010989010989,0.989010989010989,0.989010989010989,3240,1.0,90.0,90.0,90.0,0.989010989010989,0.989010989010989,0.989010989010989,4824,1.0,89.99999555519622,90.0,90.00000526633156,0.9890109884742417,0.989010989010989,0.9890109896469426
148,2.466666666666667,True,valid,0.13980396772749187,0.10450524635860771,0.012366779945732919,0.5114266290791747,0.5114266504404542,6.850448471269646e-07,0.5479578786307571,0.0025388227310744215,0.1660592446854659,0.00015340803970101302,1585.0,2.2553285121062188,3.1621534154066403e-06,0,17658,0.24032534658908844,184,7.450580596923828e-09,3240,1.0,90.0,90.0,90.0,0.989010989010989,0.989010989010989,0.989010989010989,3240,1.0,90.0,90.0,90.0,0.989010989010989,0.989010989010989,0.989010989010989,4824,1.0,89.99999555519622,90.0,90.00000526633156,0.9890109884742417,0.989010989010989,0.9890109896469426
149,2.4833333333333334,True,valid,0.11629022838261999,0.09503528782296368,0.010155754543497998,0.4316186521658072,0.4316186707007111,2.6979006992730298e-06,0.4563105186501193,0.004540254053936975,0.13166311418084273,0.0001339648205747676,1585.0,1.8430545988018836,2.765302881988292e-06,0,17592,0.22707918286323547,190,7.450580596923828e-09,3240,1.0,90.0,90.0,90.0,0.989010989010989,0.989010989010989,0.989010989010989,3240,1.0,90.0,90.0,90.0,0.989010989010989,0.989010989010989,0.989010989010989,4824,1.0,89.99999555519622,90.0,90.00000526633156,0.9890109884742417,0.989010989010989,0.9890109896469426
150,2.5,True,valid,0.09353015335095133,0.08485784623323678,0.00828024361224325,0.3693790599140736,0.3693790623447462,1.588331299938558e-06,0.3846369260116768,0.0037642853643986706,0.104061539389818,0.00011342784490196923,1585.0,1.5098986384186737,2.2779448765793256e-06,0,17508,0.21278122067451477,190,7.450580596923828e-09,3240,1.0,90.0,90.0,90.0,0.989010989010989,0.989010989010989,0.989010989010989,3240,1.0,90.0,90.0,90.0,0.989010989010989,0.989010989010989,0.989010989010989,4824,1.0,89.99999555519622,90.0,90.00000526633156,0.9890109884742417,0.989010989010989,0.9890109896469426
151,2.5166666666666666,True,valid,0.07280540857899506,0.07406992855254721,0.0068678555651493535,0.33992630568976673,0.33992611004904,3.4802747239771764e-06,0.3401714139652359,0.005253023093423306,0.07403902458009258,9.761614095373842e-05,1585.0,2.2872457941149054,2.0320499942310613e-06,0,17438,0.19795003533363342,193,7.450580596923828e-09,3240,1.0,90.0,90.0,90.0,0.989010989010989,0.989010989010989,0.989010989010989,3240,1.0,90.0,90.0,90.0,0.989010989010989,0.989010989010989,0.989010989010989,4824,1.0,89.99999555519622,90.0,90.00000526633156,0.9890109884742417,0.989010989010989,0.9890109896469426
152,2.533333333333333,True,valid,0.05520251529912423,0.06287783424914607,0.005797583717823787,0.3333806062138223,0.3333809614847139,7.59257615085997e-07,0.3365291320407263,0.006539289825232598,0.034042492406209865,9.497650429021589e-05,1585.0,1.8564550965539952,1.710358294852576e-06,0,17360,0.18295036256313324,197,7.450580596923828e-09,3240,1.0,90.0,90.0,90.0,0.989010989010989,0.989010989010989,0.989010989010989,3240,1.0,90.0,90.0,90.0,0.989010989010989,0.989010989010989,0.989010989010989,4824,1.0,89.99999555519622,90.0,90.00000526633156,0.9890109884742417,0.989010989010989,0.9890109896469426
153,2.55,True,valid,0.041207164169503936,0.051543874244549974,0.005064068755236455,0.35970458622930923,0.3597051547346211,1.136698182792972e-06,0.36057552745918026,0.008432513104288525,0.019073324809623867,0.00010131496467019937,1585.0,2.2534342047525846,1.7854344475975472e-06,0,17236,0.16761334240436554,198,7.450580596923828e-09,3240,1.0,90.0,90.0,90.0,0.989010989010989,0.989010989010989,0.989010989010989,3240,1.0,90.0,90.0,90.0,0.989010989010989,0.989010989010989,0.989010989010989,4824,1.0,89.99999555519622,90.0,90.00000526633156,0.9890109884742417,0.989010989010989,0.9890109896469426
154,2.566666666666667,True,valid,0.030758536989093435,0.040122881554827065,0.004664055448667932,0.4128480332925767,0.41284843775913893,8.521565045786496e-06,0.41661957048226106,0.011176758200515984,0.07027934917962943,0.0001132300848908832,1585.0,2.578159315364583,2.0846682526285532e-06,0,17016,0.152015820145607,200,3.725290298461914e-09,3240,1.0,90.0,90.0,90.0,0.989010989010989,0.989010989010989,0.989010989010989,3240,1.0,90.0,90.0,90.0,0.989010989010989,0.989010989010989,0.989010989010989,4824,1.0,89.99999555519622,90.0,90.00000526633156,0.9890109884742417,0.989010989010989,0.9890109896469426
155,2.5833333333333335,True,valid,0.02337592578657961,0.028922074591248084,0.00442178357557057,0.46481079698407846,0.464811721605715,1.303089132149505e-06,0.4753584760978765,0.013826892726632619,0.10647165853824261,0.00012594732268543594,1585.0,2.802112141435987,2.2248387117911307e-06,0,16736,0.13626839220523834,205,7.450580596923828e-09,3240,1.0,90.0,90.0,90.0,0.989010989010989,0.989010989010989,0.989010989010989,3240,1.0,90.0,90.0,90.0,0.989010989010989,0.989010989010989,0.989010989010989,4824,1.0,89.99999555519622,90.0,90.00000526633156,0.9890109884742417,0.989010989010989,0.9890109896469426
156,2.6,True,valid,0.019579424050734956,0.01904459528694187,0.004337338886945207,0.5174962263113873,0.5174973121601898,1.4699087109854324e-06,0.5173425767926291,0.014120230121769816,0.005650273103482772,0.00013731928013139421,1585.0,2.9758625065668505,2.4592823505738572e-06,0,16406,0.12043619155883789,197,3.725290298461914e-09,3240,1.0,90.0,90.0,90.0,0.989010989010989,0.989010989010989,0.989010989010989,3240,1.0,90.0,90.0,90.0,0.989010989010989,0.989010989010989,0.989010989010989,4824,1.0,89.99999555519622,90.0,90.00000526633156,0.9890109884742417,0.989010989010989,0.9890109896469426
157,2.6166666666666667,True,valid,0.022047231218606262,0.015041742436472718,0.0044914927929739275,0.5726279546431196,0.5726291925303914,1.6531277862518675e-06,0.572370954086425,0.01578309817300902,0.006097194571462492,0.00015237681173018266,1585.0,3.082244423311027,2.7616640180830777e-06,0,16010,0.10455279797315598,195,3.725290298461914e-09,3240,1.0,90.0,90.0,90.0,0.989010989010989,0.989010989010989,0.989010989010989,3240,1.0,90.0,90.0,90.0,0.989010989010989,0.989010989010989,0.989010989010989,4824,1.0,89.99999555519622,90.0,90.00000526633156,0.9890109884742417,0.989010989010989,0.9890109896469426
158,2.6333333333333333,True,valid,0.03177945638664422,0.021328848367737012,0.004961396089116241,0.6246009340722196,0.6246022432105572,1.7603525305737169e-06,0.6243873838505274,0.017233322489504196,0.013766818604408879,0.00017018201383112988,1585.0,3.240039837662398,3.12280030577108e-06,0,15774,0.0884433388710022,196,3.725290298461914e-09,3240,1.0,90.0,90.0,90.0,0.989010989010989,0.989010989010989,0.989010989010989,3240,1.0,90.0,90.0,90.0,0.989010989010989,0.989010989010989,0.989010989010989,4824,1.0,89.99999555519622,90.0,90.00000526633156,0.9890109884742417,0.989010989010989,0.9890109896469426
159,2.65,True,valid,0.04675385289700001,0.03241156272739845,0.005905061351681832,0.6776148625442743,0.6776161737088855,4.9920394048257724e-06,0.6754311437586257,0.018534764964649907,0.0625930118725931,0.00018925959205415584,1585.0,3.404717312199824,3.5232121811071145e-06,0,15996,0.07193375378847122,196,7.450580596923828e-09,3240,1.0,90.0,90.0,90.0,0.989010989010989,0.989010989010989,0.989010989010989,3240,1.0,90.0,90.0,90.0,0.989010989010989,0.989010989010989,0.989010989010989,4824,1.0,89.99999555519622,90.0,90.00000526633156,0.9890109884742417,0.989010989010989,0.9890109896469426
160,2.6666666666666665,True,valid,0.06513927722761288,0.04454402311055389,0.0073675126648652155,0.7269622919306571,0.726963730381037,1.98483719692914e-06,0.7301682228056698,0.019530962799688974,0.053542840208681795,0.00020802262520624128,1585.0,3.787477308342991,3.902075656169884e-06,0,16452,0.06702928245067596,201,3.725290298461914e-09,3240,1.0,90.0,90.0,90.0,0.989010989010989,0.989010989010989,0.989010989010989,3240,1.0,90.0,90.0,90.0,0.989010989010989,0.989010989010989,0.989010989010989,4824,1.0,89.99999555519622,90.0,90.00000526633156,0.9890109884742417,0.989010989010989,0.9890109896469426
161,2.683333333333333,True,valid,0.0856823892175911,0.05653157862065128,0.009173632020531227,0.7856336522297968,0.7856348310960283,4.237375001293198e-06,0.7894827845472673,0.020382441317663584,0.09873716683683484,0.00022206459277711324,1585.0,4.126483717242491,4.197622906425968e-06,0,16926,0.08193198591470718,203,7.450580596923828e-09,3240,1.0,90.0,90.0,90.0,0.989010989010989,0.989010989010989,0.989010989010989,3240,1.0,90.0,90.0,90.0,0.989010989010989,0.989010989010989,0.989010989010989,4824,1.0,89.99999555519622,90.0,90.00000526633156,0.9890109884742417,0.989010989010989,0.9890109896469426
162,2.7,True,valid,0.1072970783996062,0.06784852403874342,0.0110581125837518,0.840905758885593,0.8409073979161311,6.9755413102354105e-06,0.858841782325904,0.02162692579794496,0.1770461112548725,0.0002420843929716657,1585.0,4.366481516838942,4.7529455552123326e-06,0,17202,0.0965590700507164,204,3.725290298461914e-09,3240,1.0,90.0,90.0,90.0,0.989010989010989,0.989010989010989,0.989010989010989,3240,1.0,90.0,90.0,90.0,0.989010989010989,0.989010989010989,0.989010989010989,4824,1.0,89.99999555519622,90.0,90.00000526633156,0.9890109884742417,0.989010989010989,0.9890109896469426
163,2.716666666666667,True,valid,0.1287354761667886,0.07807451244835678,0.012958002747184665,0.9097515343166903,0.9097529170620813,3.4722587599050693e-06,0.9213768388538772,0.021757988990893345,0.1536149680343142,0.0002578939491135828,1585.0,4.533237124737545,4.992915087736379e-06,0,17386,0.11152424663305283,200,7.450580596923828e-09,3240,1.0,90.0,90.0,90.0,0.989010989010989,0.989010989010989,0.989010989010989,3240,1.0,90.0,90.0,90.0,0.989010989010989,0.989010989010989,0.989010989010989,4824,1.0,89.99999555519622,90.0,90.00000526633156,0.9890109884742417,0.989010989010989,0.9890109896469426
164,2.7333333333333334,True,valid,0.14874789624532578,0.08677797997215993,0.014625380782697841,0.9660502300255968,0.9660517139924651,2.4348351465667965e-06,0.9813013052682363,0.02176217453678103,0.17675762415599433,0.000274947027448572,1585.0,4.662987742963273,5.345150360703653e-06,0,17534,0.1257556527853012,202,3.725290298461914e-09,3240,1.0,90.0,90.0,90.0,0.989010989010989,0.989010989010989,0.989010989010989,3240,1.0,90.0,90.0,90.0,0.989010989010989,0.989010989010989,0.989010989010989,4824,1.0,89.99999555519622,90.0,90.00000526633156,0.9890109884742417,0.989010989010989,0.9890109896469426
165,2.75,True,valid,0.1659742300510459,0.09360030103845092,0.015917554237880063,1.0186897368436816,1.0186909864579166,6.658305463766411e-06,1.0330828246849,0.022123262971262322,0.2211233421558264,0.0002892755886660602,1585.0,4.8853492963289655,5.717362494926128e-06,0,17578,0.13851052522659302,201,2.7939677238464355e-09,3240,1.0,90.0,90.0,90.0,0.989010989010989,0.989010989010989,0.989010989010989,3240,1.0,90.0,90.0,90.0,0.989010989010989,0.989010989010989,0.989010989010989,4824,1.0,89.99999555519622,90.0,90.00000526633156,0.9890109884742417,0.989010989010989,0.9890109896469426
166,2.7666666666666666,True,valid,0.17905851963648356,0.09821888349048076,0.016850365709324206,1.0584324688544506,1.0584331684296497,1.1193554534546658e-05,1.0708033652261808,0.022242253130553693,0.24391508584440608,0.0003000592554508935,1585.0,5.035428723567158,5.9896565834223215e-06,0,17604,0.14939771592617035,198,4.656612873077393e-10,3240,1.0,90.0,90.0,90.0,0.989010989010989,0.989010989010989,0.989010989010989,3240,1.0,90.0,90.0,90.0,0.989010989010989,0.989010989010989,0.989010989010989,4824,1.0,89.99999555519622,90.0,90.00000526633156,0.9890109884742417,0.989010989010989,0.9890109896469426
167,2.783333333333333,True,valid,0.18691839554589473,0.10063673860860936,0.017428168379836805,1.0641658768121838,1.064167314356028,2.897185059120445e-06,1.0933133215712187,0.022311380096032563,0.20886273700725408,0.0003069705796706548,1585.0,5.13677969561303,6.098049304689477e-06,0,17588,0.15782977640628815,197,3.725290298461914e-09,3240,1.0,90.0,90.0,90.0,0.989010989010989,0.989010989010989,0.989010989010989,3240,1.0,90.0,90.0,90.0,0.989010989010989,0.989010989010989,0.989010989010989,4824,1.0,89.99999555519622,90.0,90.00000526633156,0.9890109884742417,0.989010989010989,0.9890109896469426
168,2.8,True,valid,0.1889223398084705,0.10072876177492256,0.01767161894143206,1.0521832371787354,1.052184378611227,8.24667453955804e-06,1.0923641311086314,0.02275512129237905,0.2461989993908351,0.0003064048476860793,1585.0,5.0934508928363424,6.085333663615648e-06,0,17561,0.16435350477695465,195,2.7939677238464355e-09,3240,1.0,90.0,90.0,90.0,0.989010989010989,0.989010989010989,0.989010989010989,3240,1.0,90.0,90.0,90.0,0.989010989010989,0.989010989010989,0.989010989010989,4824,1.0,89.99999555519622,90.0,90.00000526633156,0.9890109884742417,0.989010989010989,0.9890109896469426
169,2.816666666666667,True,valid,0.1850277801900284,0.0986236409935012,0.017534907455272725,1.036061333762423,1.0360628783408714,5.0787763513238e-06,1.073317194573158,0.021848217244314117,0.24489302741275967,0.00029641277583905996,1585.0,4.991424611840699,5.880818973409795e-06,0,17511,0.1686381846666336,194,5.587935447692871e-09,3240,1.0,90.0,90.0,90.0,0.989010989010989,0.989010989010989,0.989010989010989,3240,1.0,90.0,90.0,90.0,0.989010989010989,0.989010989010989,0.989010989010989,4824,1.0,89.99999555519622,90.0,90.00000526633156,0.9890109884742417,0.989010989010989,0.9890109896469426
170,2.8333333333333335,True,valid,0.17566541379520545,0.094393758669701,0.016848865779977792,0.9919115773443336,0.9919125687117633,8.631201286653314e-06,1.038112983656992,0.022448322699022853,0.26611134644614376,0.00028670430178405547,1585.0,4.752716475945285,5.74663803773889e-06,0,17443,0.17095813155174255,190,5.587935447692871e-09,3240,1.0,90.0,90.0,90.0,0.989010989010989,0.989010989010989,0.989010989010989,3240,1.0,90.0,90.0,90.0,0.989010989010989,0.989010989010989,0.989010989010989,4824,1.0,89.99999555519622,90.0,90.00000526633156,0.9890109884742417,0.989010989010989,0.9890109896469426
171,2.85,True,valid,0.16175925876965455,0.08824396220155246,0.015732112879016706,0.9394990524544627,0.9395003928087106,2.227903541572434e-06,0.9929114766053803,0.0205585275716198,0.282456224440933,0.0002705617580816282,1585.0,4.442870211195534,5.3246086199707665e-06,0,17340,0.17138975858688354,192,3.725290298461914e-09,3240,1.0,90.0,90.0,90.0,0.989010989010989,0.989010989010989,0.989010989010989,3240,1.0,90.0,90.0,90.0,0.989010989010989,0.989010989010989,0.989010989010989,4824,1.0,89.99999555519622,90.0,90.00000526633156,0.9890109884742417,0.989010989010989,0.9890109896469426
172,2.8666666666666667,True,valid,0.14459521492062086,0.08059638789689944,0.01412719295002526,0.8904730668549211,0.8904737132174928,5.613685636513267e-06,0.9174218519487246,0.02037053488927956,0.2774698579546378,0.00025259818000049024,1585.0,5.242347618923796,4.958869116243717e-06,0,17199,0.1701403260231018,191,3.725290298461914e-09,3240,1.0,90.0,90.0,90.0,0.989010989010989,0.989010989010989,0.989010989010989,3240,1.0,90.0,90.0,90.0,0.989010989010989,0.989010989010989,0.989010989010989,4824,1.0,89.99999555519622,90.0,90.00000526633156,0.9890109884742417,0.989010989010989,0.9890109896469426
173,2.8833333333333333,True,valid,0.1254115455590308,0.07207431143914063,0.012185690168775421,0.7995763576877116,0.799577672316489,2.0568165519502367e-06,0.8742243002227832,0.01870276628739184,0.3353332647425241,0.0002369539537008838,1585.0,3.7240123136144314,4.588617455918779e-06,0,17080,0.16766609251499176,192,3.725290298461914e-09,3240,1.0,90.0,90.0,90.0,0.989010989010989,0.989010989010989,0.989010989010989,3240,1.0,90.0,90.0,90.0,0.989010989010989,0.989010989010989,0.989010989010989,4824,1.0,89.99999555519622,90.0,90.00000526633156,0.9890109884742417,0.989010989010989,0.9890109896469426
174,2.9,True,valid,0.10539479151122287,0.06328152447887833,0.010358475875950134,0.7279613376191455,0.7279626220237004,2.096531332900741e-06,0.8114675540955907,0.017541340080326557,0.3456948760078749,0.0002168743931552259,1585.0,3.4518955068617045,4.1483203027884275e-06,0,16959,0.16434308886528015,193,3.725290298461914e-09,3240,1.0,90.0,90.0,90.0,0.989010989010989,0.989010989010989,0.989010989010989,3240,1.0,90.0,90.0,90.0,0.989010989010989,0.989010989010989,0.989010989010989,4824,1.0,89.99999555519622,90.0,90.00000526633156,0.9890109884742417,0.989010989010989,0.9890109896469426
175,2.9166666666666665,True,valid,0.0858097044554075,0.054778845489338646,0.008724238028375126,0.6501072124449153,0.650108468443717,2.4368061312227362e-06,0.7402103313131938,0.016573388611939535,0.35091850976491235,0.00019628659184764302,1585.0,3.101555800612129,3.7532152664172197e-06,0,16822,0.16064341366291046,193,7.450580596923828e-09,3240,1.0,90.0,90.0,90.0,0.989010989010989,0.989010989010989,0.989010989010989,3240,1.0,90.0,90.0,90.0,0.989010989010989,0.989010989010989,0.989010989010989,4824,1.0,89.99999555519622,90.0,90.00000526633156,0.9890109884742417,0.989010989010989,0.9890109896469426
176,2.933333333333333,True,valid,0.06770443057676902,0.04693301534244514,0.007428310958399433,0.5729993113658679,0.5730004103119839,1.6715018023655068e-06,0.6655539843926744,0.015576950982411839,0.3304230452057493,0.0001840647288265463,1585.0,2.756729587864135,3.5044382868024765e-06,0,16658,0.15682624280452728,191,7.450580596923828e-09,3240,1.0,90.0,90.0,90.0,0.989010989010989,0.989010989010989,0.989010989010989,3240,1.0,90.0,90.0,90.0,0.989010989010989,0.989010989010989,0.989010989010989,4824,1.0,89.99999555519622,90.0,90.00000526633156,0.9890109884742417,0.989010989010989,0.9890109896469426
177,2.95,True,valid,0.052055657508552934,0.0397713145236675,0.006348006255121607,0.5085201375557727,0.5085211403084052,1.4670380027833232e-06,0.5727534876637926,0.013635558387277612,0.25706738606785895,0.00016231998041591023,1585.0,2.5585230469018563,3.056099130978211e-06,0,16540,0.15277931094169617,189,3.725290298461914e-09,3240,1.0,90.0,90.0,90.0,0.989010989010989,0.989010989010989,0.989010989010989,3240,1.0,90.0,90.0,90.0,0.989010989010989,0.989010989010989,0.989010989010989,4824,1.0,89.99999555519622,90.0,90.00000526633156,0.9890109884742417,0.989010989010989,0.9890109896469426
178,2.966666666666667,True,valid,0.03938443311054983,0.03349539204002421,0.005477516749076737,0.44115809512805304,0.4411589885070613,1.2953518773253173e-06,0.46796873139544115,0.01205652019067377,0.1509454723802623,0.00014497753919548879,1585.0,2.272116076901963,2.6746014785738575e-06,0,16430,0.14893032610416412,189,3.725290298461914e-09,3240,1.0,90.0,90.0,90.0,0.989010989010989,0.989010989010989,0.989010989010989,3240,1.0,90.0,90.0,90.0,0.989010989010989,0.989010989010989,0.989010989010989,4824,1.0,89.99999555519622,90.0,90.00000526633156,0.9890109884742417,0.989010989010989,0.9890109896469426
179,2.9833333333333334,True,valid,0.030271878648429618,0.027868445825853155,0.004736456164894057,0.37112968507736305,0.3711304286519406,1.1157232902444319e-06,0.3849160355654943,0.010285387889631584,0.09608762193038527,0.0001315456869823865,1585.0,2.018293627208805,2.410313276196685e-06,0,16356,0.14519281685352325,189,7.450580596923828e-09,3240,1.0,90.0,90.0,90.0,0.989010989010989,0.989010989010989,0.989010989010989,3240,1.0,90.0,90.0,90.0,0.989010989010989,0.989010989010989,0.989010989010989,4824,1.0,89.99999555519622,90.0,90.00000526633156,0.9890109884742417,0.989010989010989,0.9890109896469426
180,3.0,True,valid,0.024974746692576894,0.022751475222333912,0.004158174507316963,0.3075279484729473,0.3075285520264301,9.373064879662139e-07,0.31962178707346217,0.008336630445811755,0.08411071909944622,0.00011491639075366956,1585.0,1.6444724453888817,2.0905991940807495e-06,0,16268,0.14156189560890198,187,7.450580596923828e-09,3240,1.0,90.0,90.0,90.0,0.989010989010989,0.989010989010989,0.989010989010989,3240,1.0,90.0,90.0,90.0,0.989010989010989,0.989010989010989,0.989010989010989,4824,1.0,89.99999555519622,90.0,90.00000526633156,0.9890109884742417,0.989010989010989,0.9890109896469426
181,3.0166666666666666,True,valid,0.023619936364784634,0.018602123375089784,0.0036335632981816853,0.24557683037863298,0.2455772355737279,3.429976903108458e-06,0.2611823110097856,0.00637683222880029,0.09974647563004524,0.00010154109182923014,1585.0,1.319532847258618,2.06219867706495e-06,0,16147,0.1379707306623459,185,7.450580596923828e-09,3240,1.0,90.0,90.0,90.0,0.989010989010989,0.989010989010989,0.989010989010989,3240,1.0,90.0,90.0,90.0,0.989010989010989,0.989010989010989,0.989010989010989,4824,1.0,89.99999555519622,90.0,90.00000526633156,0.9890109884742417,0.989010989010989,0.9890109896469426
182,3.033333333333333,True,valid,0.026172582400699654,0.01657521543370413,0.003254142902035737,0.18913975605626762,0.18913996404390895,2.716207311703745e-06,0.1965902331020926,0.004481044114526983,0.06140580335759522,9.59319854911207e-05,1585.0,0.9831425553623937,1.9556311858763063e-06,0,15975,0.1345023661851883,183,7.450580596923828e-09,3240,1.0,90.0,90.0,90.0,0.989010989010989,0.989010989010989,0.989010989010989,3240,1.0,90.0,90.0,90.0,0.989010989010989,0.989010989010989,0.989010989010989,4824,1.0,89.99999555519622,90.0,90.00000526633156,0.9890109884742417,0.989010989010989,0.9890109896469426
183,3.05,True,valid,0.03233809051879363,0.0179813851776,0.003308099921594557,0.15587588869404045,0.155875962439292,1.0894375110182744e-06,0.15797833836890612,0.003078634819432605,0.031503655682327165,9.607110767257846e-05,1585.0,0.8458848227041258,1.791623286612291e-06,0,15692,0.13120071589946747,183,7.450580596923828e-09,3240,1.0,90.0,90.0,90.0,0.989010989010989,0.989010989010989,0.989010989010989,3240,1.0,90.0,90.0,90.0,0.989010989010989,0.989010989010989,0.989010989010989,4824,1.0,89.99999555519622,90.0,90.00000526633156,0.9890109884742417,0.989010989010989,0.9890109896469426
184,3.066666666666667,True,valid,0.041694427818169004,0.022570711877362818,0.00400362881108919,0.17008140082054474,0.1700814086546778,8.865157749669593e-07,0.17572680688402934,0.0012449163371436357,0.03528890666331697,9.876130753504792e-05,1585.0,0.881146102966965,1.828567902463276e-06,0,15516,0.12813958525657654,181,7.450580596923828e-09,3240,1.0,90.0,90.0,90.0,0.989010989010989,0.989010989010989,0.989010989010989,3240,1.0,90.0,90.0,90.0,0.989010989010989,0.989010989010989,0.989010989010989,4824,1.0,89.99999555519622,90.0,90.00000526633156,0.9890109884742417,0.989010989010989,0.9890109896469426
185,3.0833333333333335,True,valid,0.05381481506534997,0.029076971680415238,0.0052222384288246795,0.22866989486067568,0.2286699453979977,4.790549712084578e-07,0.2371065198310088,0.002301264729784279,0.051800630168863195,0.00010637285269239578,1585.0,0.9901364081777542,2.0068539912396234e-06,0,15514,0.125249981880188,181,7.450580596923828e-09,3240,1.0,90.0,90.0,90.0,0.989010989010989,0.989010989010989,0.989010989010989,3240,1.0,90.0,90.0,90.0,0.989010989010989,0.989010989010989,0.989010989010989,4824,1.0,89.99999555519622,90.0,90.00000526633156,0.9890109884742417,0.989010989010989,0.9890109896469426
186,3.1,True,valid,0.06821385753213038,0.03651643294640321,0.00670700473464327,0.3077646245837456,0.30776478068106555,1.075723939721065e-06,0.3210377445339982,0.00425734862590596,0.07786964430530278,0.00011826915904321119,1585.0,1.1325926754564402,2.3007837286435793e-06,0,15534,0.12259174883365631,181,7.450580596923828e-09,3240,1.0,90.0,90.0,90.0,0.989010989010989,0.989010989010989,0.989010989010989,3240,1.0,90.0,90.0,90.0,0.989010989010989,0.989010989010989,0.989010989010989,4824,1.0,89.99999555519622,90.0,90.00000526633156,0.9890109884742417,0.989010989010989,0.9890109896469426
187,3.1166666666666667,True,valid,0.08424058485722809,0.044293880587546686,0.008263986549015818,0.39809759989715554,0.398097831039091,3.1186779442741155e-06,0.4140544056550083,0.006245211587479579,0.09689522280588496,0.00013339444323897317,1585.0,1.542840537193372,2.7560852961972708e-06,0,15600,0.12046071887016296,186,7.450580596923828e-09,3240,1.0,90.0,90.0,90.0,0.989010989010989,0.989010989010989,0.989010989010989,3240,1.0,90.0,90.0,90.0,0.989010989010989,0.989010989010989,0.989010989010989,4824,1.0,89.99999555519622,90.0,90.00000526633156,0.9890109884742417,0.989010989010989,0.9890109896469426
188,3.1333333333333333,True,valid,0.10107757140029539,0.0520695133529243,0.009780195290292783,0.48638993337183445,0.48639031015142914,9.947422557051503e-07,0.5116851833510927,0.008188985323132874,0.1281273047849505,0.00015191441592580843,1585.0,1.885373884733014,2.99014999555508e-06,0,15665,0.11860658973455429,189,7.450580596923828e-09,3240,1.0,90.0,90.0,90.0,0.989010989010989,0.989010989010989,0.989010989010989,3240,1.0,90.0,90.0,90.0,0.989010989010989,0.989010989010989,0.989010989010989,4824,1.0,89.99999555519622,90.0,90.00000526633156,0.9890109884742417,0.989010989010989,0.9890109896469426
189,3.15,True,valid,0.11775702845033374,0.05944341346280961,0.011261893997771636,0.5844914899542742,0.5844916834279663,3.16584515997023e-06,0.6064753845546068,0.011478488274197276,0.21199204979356853,0.00016973239953720635,1585.0,4.2772843147745165,3.591462870341332e-06,0,15720,0.1174226775765419,190,7.450580596923828e-09,3240,1.0,90.0,90.0,90.0,0.989010989010989,0.989010989010989,0.989010989010989,3240,1.0,90.0,90.0,90.0,0.989010989010989,0.989010989010989,0.989010989010989,4824,1.0,89.99999555519622,90.0,90.00000526633156,0.9890109884742417,0.989010989010989,0.9890109896469426
190,3.1666666666666665,True,valid,0.1331905506233524,0.06611207715508854,0.01268882401998753,0.6618374035898188,0.6618379956070642,1.2746722700825515e-06,0.6883770092255939,0.011356959697893862,0.15925327051070387,0.0001865098085377752,1585.0,2.6207992859055147,3.7464657009889014e-06,0,15735,0.11638019979000092,188,7.450580596923828e-09,3240,1.0,90.0,90.0,90.0,0.989010989010989,0.989010989010989,0.989010989010989,3240,1.0,90.0,90.0,90.0,0.989010989010989,0.989010989010989,0.989010989010989,4824,1.0,89.99999555519622,90.0,90.00000526633156,0.9890109884742417,0.989010989010989,0.9890109896469426
191,3.183333333333333,True,valid,0.14638133196043912,0.07175498190611404,0.01397523944817865,0.7497165102932919,0.7497170359353006,2.453863102229341e-06,0.7757589430843678,0.013915059795549885,0.26262509898733977,0.00020268524754259547,1585.0,5.408430758455697,4.218108094728799e-06,0,15719,0.11504151672124863,184,7.450580596923828e-09,3240,1.0,90.0,90.0,90.0,0.989010989010989,0.989010989010989,0.989010989010989,3240,1.0,90.0,90.0,90.0,0.989010989010989,0.989010989010989,0.989010989010989,4824,1.0,89.99999555519622,90.0,90.00000526633156,0.9890109884742417,0.989010989010989,0.9890109896469426
192,3.2,True,valid,0.156450840488718,0.0760939171605467,0.015077028223747974,0.7987023915594453,0.7987032123859245,1.6302447127373852e-06,0.8554568201262457,0.014537073093059225,0.24920779044965555,0.00021136905839099607,1585.0,3.3190032770685263,4.292495388174694e-06,0,15690,0.11407146602869034,189,7.450580596923828e-09,3240,1.0,90.0,90.0,90.0,0.989010989010989,0.989010989010989,0.989010989010989,3240,1.0,90.0,90.0,90.0,0.989010989010989,0.989010989010989,0.989010989010989,4824,1.0,89.99999555519622,90.0,90.00000526633156,0.9890109884742417,0.989010989010989,0.9890109896469426
193,3.216666666666667,True,valid,0.16276850353741096,0.07894594175421131,0.01591384659823643,0.8631489726047181,0.8631497559078058,2.1807375498193217e-06,0.9075152865349773,0.016149328086292304,0.32136850052372345,0.00021897701806873992,1585.0,5.838601237145868,4.551224352127712e-06,0,15800,0.11334811896085739,188,3.725290298461914e-09,3240,1.0,90.0,90.0,90.0,0.989010989010989,0.989010989010989,0.989010989010989,3240,1.0,90.0,90.0,90.0,0.989010989010989,0.989010989010989,0.989010989010989,4824,1.0,89.99999555519622,90.0,90.00000526633156,0.9890109884742417,0.989010989010989,0.9890109896469426
194,3.2333333333333334,True,valid,0.16509504580995688,0.08017103074210602,0.0162864886955296,0.9288552989989642,0.9288542686936332,1.0128288400896226e-05,0.9427233557563531,0.01724666657700071,0.3372707282057028,0.000220956021683293,1585.0,7.373404376835889,4.619549094574168e-06,0,15948,0.11332844197750092,188,3.725290298461914e-09,3240,1.0,90.0,90.0,90.0,0.989010989010989,0.989010989010989,0.989010989010989,3240,1.0,90.0,90.0,90.0,0.989010989010989,0.989010989010989,0.989010989010989,4824,1.0,89.99999555519622,90.0,90.00000526633156,0.9890109884742417,0.989010989010989,0.9890109896469426
195,3.25,True,valid,0.16334035610483075,0.07983675637445202,0.016161960989157727,0.9272428536986139,0.9272433367239871,5.258371043466307e-06,0.9755537632982164,0.01853823084865254,0.2974126902716171,0.00022190215420545592,1585.0,4.1697031945158205,4.505772260056488e-06,0,16060,0.11359792947769165,186,7.450580596923828e-09,3240,1.0,90.0,90.0,90.0,0.989010989010989,0.989010989010989,0.989010989010989,3240,1.0,90.0,90.0,90.0,0.989010989010989,0.989010989010989,0.989010989010989,4824,1.0,89.99999555519622,90.0,90.00000526633156,0.9890109884742417,0.989010989010989,0.9890109896469426
196,3.2666666666666666,True,valid,0.15769732875123657,0.07808519589753125,0.015624786800635173,0.9317308135387891,0.931732055863934,2.111419281935078e-06,0.9721024730858593,0.019340001614197348,0.2331627410124927,0.00021727997269669193,1585.0,4.366189622454018,4.388228539532503e-06,0,16192,0.113765649497509,186,5.587935447692871e-09,3240,1.0,90.0,90.0,90.0,0.989010989010989,0.989010989010989,0.989010989010989,3240,1.0,90.0,90.0,90.0,0.989010989010989,0.989010989010989,0.989010989010989,4824,1.0,89.99999555519622,90.0,90.00000526633156,0.9890109884742417,0.989010989010989,0.9890109896469426
197,3.283333333333333,True,valid,0.14860344224032612,0.07506099185624568,0.014792574141305198,0.9310023759745906,0.9310037269504776,2.43126498475946e-06,0.9732745270569175,0.0201375174788328,0.24498533364648162,0.00021444111167112065,1585.0,4.527187725560769,4.284513136425055e-06,0,16365,0.1133807972073555,189,5.587935447692871e-09,3240,1.0,90.0,90.0,90.0,0.989010989010989,0.989010989010989,0.989010989010989,3240,1.0,90.0,90.0,90.0,0.989010989010989,0.989010989010989,0.989010989010989,4824,1.0,89.99999555519622,90.0,90.00000526633156,0.9890109884742417,0.989010989010989,0.9890109896469426
198,3.3,True,valid,0.13665713726859177,0.07102187866829086,0.013748022571630275,0.9238044710601077,0.9238059473354535,3.017328480468476e-06,0.9579903262328927,0.020820924830016026,0.19847680837828638,0.00020529301266580956,1585.0,4.636009095419858,4.051696319045625e-06,0,16526,0.11254497617483139,193,5.587935447692871e-09,3240,1.0,90.0,90.0,90.0,0.989010989010989,0.989010989010989,0.989010989010989,3240,1.0,90.0,90.0,90.0,0.989010989010989,0.989010989010989,0.989010989010989,4824,1.0,89.99999555519622,90.0,90.00000526633156,0.9890109884742417,0.989010989010989,0.9890109896469426
199,3.316666666666667,True,valid,0.12268183879447066,0.06621919262228876,0.012560135163984675,0.9119514748911461,0.911953011643321,2.378281598319883e-06,0.9394204887010328,0.021396032869429735,0.18779154065900572,0.00020434166448242934,1585.0,4.704153249671547,3.955272543482869e-06,0,16664,0.11132174730300903,192,1.862645149230957e-09,3240,1.0,90.0,90.0,90.0,0.989010989010989,0.989010989010989,0.989010989010989,3240,1.0,90.0,90.0,90.0,0.989010989010989,0.989010989010989,0.989010989010989,4824,1.0,89.99999555519622,90.0,90.00000526633156,0.9890109884742417,0.989010989010989,0.9890109896469426
200,3.3333333333333335,True,valid,0.10756852050990365,0.06082057696092251,0.011395543641761784,0.897698416905065,0.8977000513359058,2.4617125110245786e-06,0.9101617646347573,0.021881534106848458,0.12870123417356735,0.00019642926343252156,1585.0,4.664598517248435,3.7632770747449368e-06,0,16836,0.10964184254407883,196,2.7939677238464355e-09,3240,1.0,90.0,90.0,90.0,0.989010989010989,0.989010989010989,0.989010989010989,3240,1.0,90.0,90.0,90.0,0.989010989010989,0.989010989010989,0.989010989010989,4824,1.0,89.99999555519622,90.0,90.00000526633156,0.9890109884742417,0.989010989010989,0.9890109896469426
201,3.35,True,valid,0.09238243258667583,0.05506126412707108,0.010289538470504303,0.8796204007584717,0.8796221770127892,6.894612274693454e-06,0.8911812156756348,0.022389282045837317,0.14037731295230754,0.0001943196607128104,1585.0,4.628607548686233,3.7926807247509727e-06,0,16996,0.10738120228052139,198,2.3283064365386963e-10,3240,1.0,90.0,90.0,90.0,0.989010989010989,0.989010989010989,0.989010989010989,3240,1.0,90.0,90.0,90.0,0.989010989010989,0.989010989010989,0.989010989010989,4824,1.0,89.99999555519622,90.0,90.00000526633156,0.9890109884742417,0.989010989010989,0.9890109896469426
202,3.3666666666666667,True,valid,0.078215707180076,0.04926690534600924,0.009268927908199229,0.8600958365452871,0.860097612132385,3.002300083218907e-06,0.863775258581137,0.022754560633243753,0.10399400690538639,0.0001902638796116964,1585.0,4.499948869751994,3.5671125849898186e-06,0,17066,0.10452476888895035,199,3.725290298461914e-09,3240,1.0,90.0,90.0,90.0,0.989010989010989,0.989010989010989,0.989010989010989,3240,1.0,90.0,90.0,90.0,0.989010989010989,0.989010989010989,0.989010989010989,4824,1.0,89.99999555519622,90.0,90.00000526633156,0.9890109884742417,0.989010989010989,0.9890109896469426
203,3.3833333333333333,True,valid,0.06615501578005382,0.04386617656798855,0.008397671102907255,0.8370480791724466,0.8370498741290286,2.828231772852845e-06,0.8406685722869535,0.02272636468549357,0.0686795561853309,0.0001897583675870365,1585.0,4.370458618753902,3.5252848567195766e-06,0,17144,0.10105487704277039,198,2.7939677238464355e-09,3240,1.0,90.0,90.0,90.0,0.989010989010989,0.989010989010989,0.989010989010989,3240,1.0,90.0,90.0,90.0,0.989010989010989,0.989010989010989,0.989010989010989,4824,1.0,89.99999555519622,90.0,90.00000526633156,0.9890109884742417,0.989010989010989,0.9890109896469426
204,3.4,True,valid,0.05685920562403139,0.039169754013650394,0.007861556941771045,0.8212311952034338,0.8212328964511745,3.3031446434321702e-06,0.8233593053001839,0.022544760962512605,0.06260725429247117,0.00018918806647486196,1585.0,4.205397730241088,3.5026979931015035e-06,0,17105,0.09699796140193939,197,3.725290298461914e-09,3240,1.0,90.0,90.0,90.0,0.989010989010989,0.989010989010989,0.989010989010989,3240,1.0,90.0,90.0,90.0,0.989010989010989,0.989010989010989,0.989010989010989,4824,1.0,89.99999555519622,90.0,90.00000526633156,0.9890109884742417,0.989010989010989,0.9890109896469426
205,3.4166666666666665,True,valid,0.05045751152074877,0.03531919048987964,0.007627893592797938,0.8007177904410944,0.8007195376587343,3.032040245997952e-06,0.8068429104968678,0.022219596179467584,0.08151598228905971,0.00018846789602372573,1585.0,4.121370891536186,3.4853019618473494e-06,0,17008,0.0921100303530693,201,3.725290298461914e-09,3240,1.0,90.0,90.0,90.0,0.989010989010989,0.989010989010989,0.989010989010989,3240,1.0,90.0,90.0,90.0,0.989010989010989,0.989010989010989,0.989010989010989,4824,1.0,89.99999555519622,90.0,90.00000526633156,0.9890109884742417,0.989010989010989,0.9890109896469426
206,3.433333333333333,True,valid,0.04649180058426072,0.03214588361780055,0.007544038455171439,0.7759250011161702,0.7759267138032307,2.7743461135466274e-06,0.7790702182498677,0.021633147035471638,0.05724633134994442,0.00018339721425370597,1585.0,4.0721214402810775,3.3864650825594694e-06,0,16948,0.0853341743350029,198,5.587935447692871e-09,3240,1.0,90.0,90.0,90.0,0.989010989010989,0.989010989010989,0.989010989010989,3240,1.0,90.0,90.0,90.0,0.989010989010989,0.989010989010989,0.989010989010989,4824,1.0,89.99999555519622,90.0,90.00000526633156,0.9890109884742417,0.989010989010989,0.9890109896469426
207,3.45,True,valid,0.044121283314460934,0.029467224596828562,0.0074567249417605876,0.7472593219590296,0.7472609569050235,2.6120552151775307e-06,0.7494486910131717,0.02079725337186835,0.04306006896833418,0.00017965224444837038,1585.0,3.916812667466865,3.320717699207429e-06,0,16752,0.07772868871688843,196,3.725290298461914e-09,3240,1.0,90.0,90.0,90.0,0.989010989010989,0.989010989010989,0.989010989010989,3240,1.0,90.0,90.0,90.0,0.989010989010989,0.989010989010989,0.989010989010989,4824,1.0,89.99999555519622,90.0,90.00000526633156,0.9890109884742417,0.989010989010989,0.9890109896469426
208,3.466666666666667,True,valid,0.042781992799465145,0.027116644960987372,0.007280041197924215,0.7129641350559079,0.7129656711853578,2.086921116607689e-06,0.7153065961839357,0.019911275712588158,0.05198617680966129,0.0001757250095816574,1585.0,3.7651518666878743,3.2555973528582777e-06,0,16516,0.06927056610584259,192,3.725290298461914e-09,3240,1.0,90.0,90.0,90.0,0.989010989010989,0.989010989010989,0.989010989010989,3240,1.0,90.0,90.0,90.0,0.989010989010989,0.989010989010989,0.989010989010989,4824,1.0,89.99999555519622,90.0,90.00000526633156,0.9890109884742417,0.989010989010989,0.9890109896469426
209,3.4833333333333334,True,valid,0.04265741217165916,0.025353552118659535,0.006995138393043415,0.6746300312059568,0.6746314237296509,1.9560611917036817e-06,0.6758297027108757,0.01865102051818059,0.05145357255445768,0.0001701229711485707,1585.0,3.5870818464761562,3.1554203543671335e-06,0,16328,0.06090527027845383,190,7.450580596923828e-09,3240,1.0,90.0,90.0,90.0,0.989010989010989,0.989010989010989,0.989010989010989,3240,1.0,90.0,90.0,90.0,0.989010989010989,0.989010989010989,0.989010989010989,4824,1.0,89.99999555519622,90.0,90.00000526633156,0.9890109884742417,0.989010989010989,0.9890109896469426
210,3.5,True,valid,0.04484601713290437,0.024979177337199968,0.006681525562354823,0.6277884192514835,0.627789703583507,2.28828823541063e-06,0.6324613624639831,0.01720142519743927,0.06334776980888127,0.00016193887162056525,1585.0,3.287839727707491,3.0022790945221435e-06,0,16159,0.07138730585575104,190,3.725290298461914e-09,3240,1.0,90.0,90.0,90.0,0.989010989010989,0.989010989010989,0.989010989010989,3240,1.0,90.0,90.0,90.0,0.989010989010989,0.989010989010989,0.989010989010989,4824,1.0,89.99999555519622,90.0,90.00000526633156,0.9890109884742417,0.989010989010989,0.9890109896469426
211,3.5166666666666666,True,valid,0.05069977757726219,0.026991119575520087,0.006594124146150783,0.5840648215670413,0.5840659490135242,1.6469656963433e-06,0.5868292626613664,0.01571249379254192,0.05110662752323872,0.00015501309122206865,1585.0,2.928394142829737,2.884863429025444e-06,0,15910,0.08251221477985382,188,3.725290298461914e-09,3240,1.0,90.0,90.0,90.0,0.989010989010989,0.989010989010989,0.989010989010989,3240,1.0,90.0,90.0,90.0,0.989010989010989,0.989010989010989,0.989010989010989,4824,1.0,89.99999555519622,90.0,90.00000526633156,0.9890109884742417,0.989010989010989,0.9890109896469426
212,3.533333333333333,True,valid,0.06084393543851976,0.031757510150919106,0.006954570256063537,0.5432076515262937,0.5432086504312873,7.539484060644604e-06,0.5532640292450514,0.014426185580188756,0.11458939905425083,0.00015080294861336295,1585.0,2.556582189763692,2.987810664405872e-06,0,15754,0.09433935582637787,190,3.725290298461914e-09,3240,1.0,90.0,90.0,90.0,0.989010989010989,0.989010989010989,0.989010989010989,3240,1.0,90.0,90.0,90.0,0.989010989010989,0.989010989010989,0.989010989010989,4824,1.0,89.99999555519622,90.0,90.00000526633156,0.9890109884742417,0.989010989010989,0.9890109896469426
213,3.55,True,valid,0.0748178590291474,0.03872995295281647,0.0077995425608299,0.5193624569428062,0.5193632772980475,6.283530224663346e-06,0.5288260317237704,0.01331887112902004,0.09947402591748365,0.0001499606064678702,1585.0,2.2159152338801946,3.011193892450997e-06,0,15696,0.10680697858333588,190,3.725290298461914e-09,3240,1.0,90.0,90.0,90.0,0.989010989010989,0.989010989010989,0.989010989010989,3240,1.0,90.0,90.0,90.0,0.989010989010989,0.989010989010989,0.989010989010989,4824,1.0,89.99999555519622,90.0,90.00000526633156,0.9890109884742417,0.989010989010989,0.9890109896469426
214,3.566666666666667,True,valid,0.09151742053451033,0.04700381469827666,0.008983647368225912,0.5081075453108967,0.5081080225133628,2.356086757863388e-06,0.5205909022410279,0.010528827206283987,0.11351781331576397,0.00015348888646670502,1585.0,1.8791677758580816,3.0089024285503796e-06,0,15648,0.11953277140855789,189,7.450580596923828e-09,3240,1.0,90.0,90.0,90.0,0.989010989010989,0.989010989010989,0.989010989010989,3240,1.0,90.0,90.0,90.0,0.989010989010989,0.989010989010989,0.989010989010989,4824,1.0,89.99999555519622,90.0,90.00000526633156,0.9890109884742417,0.989010989010989,0.9890109896469426
215,3.5833333333333335,True,valid,0.10958099684142257,0.055775495271924096,0.010371233152192606,0.51791296573705,0.5179133185590008,1.3456624467192477e-06,0.5373038988685944,0.008538033385281894,0.1470321560684846,0.000160685886679528,1585.0,1.798002453214887,3.2058624473028125e-06,0,15524,0.13229265809059143,189,7.450580596923828e-09,3240,1.0,90.0,90.0,90.0,0.989010989010989,0.989010989010989,0.989010989010989,3240,1.0,90.0,90.0,90.0,0.989010989010989,0.989010989010989,0.989010989010989,4824,1.0,89.99999555519622,90.0,90.00000526633156,0.9890109884742417,0.989010989010989,0.9890109896469426
216,3.6,True,valid,0.12768940072337165,0.06446609703729998,0.011806661692575129,0.5380901837355492,0.538090570137316,3.5300447535935762e-06,0.5669355702621287,0.006616738401908855,0.16134796315717773,0.00017052666107103076,1585.0,1.9627448511492054,3.487702024470297e-06,0,15528,0.14511245489120483,187,7.450580596923828e-09,3240,1.0,90.0,90.0,90.0,0.989010989010989,0.989010989010989,0.989010989010989,3240,1.0,90.0,90.0,90.0,0.989010989010989,0.989010989010989,0.989010989010989,4824,1.0,89.99999555519622,90.0,90.00000526633156,0.9890109884742417,0.989010989010989,0.9890109896469426
217,3.6166666666666667,True,valid,0.1445403698987172,0.07267830115683281,0.013250237129794324,0.562072765643979,0.5620730701604713,4.04660681283723e-06,0.6184937900334493,0.005272158550396837,0.19581967624856453,0.00017976136011959415,1585.0,2.19299480099467,3.7447143012305365e-06,0,15722,0.15765954554080963,182,7.450580596923828e-09,3240,1.0,90.0,90.0,90.0,0.989010989010989,0.989010989010989,0.989010989010989,3240,1.0,90.0,90.0,90.0,0.989010989010989,0.989010989010989,0.989010989010989,4824,1.0,89.99999555519622,90.0,90.00000526633156,0.9890109884742417,0.989010989010989,0.9890109896469426
218,3.6333333333333333,True,valid,0.1590441379757166,0.08022989199644918,0.014686646693058093,0.5951935721420802,0.595193667455434,1.4376213362458383e-06,0.669877152685027,0.00462788402142593,0.25057472811735604,0.00018819195019073747,1585.0,2.4952045370733056,3.953732669218983e-06,0,16008,0.1696123480796814,181,7.450580596923828e-09,3240,1.0,90.0,90.0,90.0,0.989010989010989,0.989010989010989,0.989010989010989,3240,1.0,90.0,90.0,90.0,0.989010989010989,0.989010989010989,0.989010989010989,4824,1.0,89.99999555519622,90.0,90.00000526633156,0.9890109884742417,0.989010989010989,0.9890109896469426
219,3.65,True,valid,0.17041103260235319,0.08689689988417935,0.01588367854853531,0.6317568212073826,0.6317568358867628,1.611594483171115e-06,0.7173578760491556,0.0035295091599187502,0.26945866851032535,0.00019062616505544303,1585.0,2.8913238261855847,4.060143717643922e-06,0,16444,0.18044248223304749,181,7.450580596923828e-09,3240,1.0,90.0,90.0,90.0,0.989010989010989,0.989010989010989,0.989010989010989,3240,1.0,90.0,90.0,90.0,0.989010989010989,0.989010989010989,0.989010989010989,4824,1.0,89.99999555519622,90.0,90.00000526633156,0.9890109884742417,0.989010989010989,0.9890109896469426
220,3.6666666666666665,True,valid,0.1779808227883925,0.09247864649220941,0.016700267330476082,0.6797470522256718,0.6797468382349929,6.591067339155887e-06,0.7455323128117912,0.004455316287202556,0.3164578158331784,0.0001969148014524546,1585.0,4.171321295057513,4.680647768627107e-06,0,16890,0.19010858237743378,178,7.450580596923828e-09,3240,1.0,90.0,90.0,90.0,0.989010989010989,0.989010989010989,0.989010989010989,3240,1.0,90.0,90.0,90.0,0.989010989010989,0.989010989010989,0.989010989010989,4824,1.0,89.99999555519622,90.0,90.00000526633156,0.9890109884742417,0.989010989010989,0.9890109896469426
221,3.683333333333333,True,valid,0.1813479280035834,0.09684157257090693,0.016972939922208292,0.6864084997611369,0.6864085610396001,2.1449997176697137e-06,0.7755953624163003,0.004887581951244084,0.2872975450618417,0.0001947304437172673,1585.0,3.242931353097187,4.1890792565217956e-06,0,17256,0.19827689230442047,178,7.450580596923828e-09,3240,1.0,90.0,90.0,90.0,0.989010989010989,0.989010989010989,0.989010989010989,3240,1.0,90.0,90.0,90.0,0.989010989010989,0.989010989010989,0.989010989010989,4824,1.0,89.99999555519622,90.0,90.00000526633156,0.9890109884742417,0.989010989010989,0.9890109896469426
222,3.7,True,valid,0.1802087664009908,0.09980102314663615,0.0167138237503034,0.7119341432328381,0.7119345053435934,1.0247929547593934e-05,0.7874316253184404,0.006887346861789293,0.3332756810393773,0.00019081449360670413,1585.0,3.7432381933617727,4.638164014751832e-06,0,17467,0.20449982583522797,176,7.450580596923828e-09,3240,1.0,90.0,90.0,90.0,0.989010989010989,0.989010989010989,0.989010989010989,3240,1.0,90.0,90.0,90.0,0.989010989010989,0.989010989010989,0.989010989010989,4824,1.0,89.99999555519622,90.0,90.00000526633156,0.9890109884742417,0.989010989010989,0.9890109896469426
223,3.716666666666667,True,valid,0.17458515987258677,0.10124021156484536,0.016009632690482518,0.7344087476106195,0.7344081178220255,8.49699572667694e-06,0.770059113605156,0.008201584751023554,0.3133915088438723,0.00018293463823658033,1585.0,5.356792930703576,3.993000193143276e-06,0,17551,0.20888786017894745,177,7.450580596923828e-09,3240,1.0,90.0,90.0,90.0,0.989010989010989,0.989010989010989,0.989010989010989,3240,1.0,90.0,90.0,90.0,0.989010989010989,0.989010989010989,0.989010989010989,4824,1.0,89.99999555519622,90.0,90.00000526633156,0.9890109884742417,0.989010989010989,0.9890109896469426
224,3.7333333333333334,True,valid,0.16485766133508473,0.10118144007523407,0.015102506480511103,0.7097124916539369,0.7097125182597104,1.1727975714757155e-05,0.7690053741614183,0.010697332590362221,0.33725021181027487,0.0001754183809882742,1585.0,4.627084481936923,4.459248516603874e-06,0,17610,0.21126121282577515,180,7.450580596923828e-09,3240,1.0,90.0,90.0,90.0,0.989010989010989,0.989010989010989,0.989010989010989,3240,1.0,90.0,90.0,90.0,0.989010989010989,0.989010989010989,0.989010989010989,4824,1.0,89.99999555519622,90.0,90.00000526633156,0.9890109884742417,0.989010989010989,0.9890109896469426
225,3.75,True,valid,0.15177666556048014,0.09964838359274121,0.014128843005554274,0.6982273462837244,0.6982277780439304,1.803477137150562e-06,0.7352668284616776,0.011027614224914708,0.2104647802180858,0.00015823346995911245,1585.0,2.547117432276986,3.4868629535698924e-06,0,17647,0.21141932904720306,181,7.450580596923828e-09,3240,1.0,90.0,90.0,90.0,0.989010989010989,0.989010989010989,0.989010989010989,3240,1.0,90.0,90.0,90.0,0.989010989010989,0.989010989010989,0.989010989010989,4824,1.0,89.99999555519622,90.0,90.00000526633156,0.9890109884742417,0.989010989010989,0.9890109896469426
226,3.7666666666666666,True,valid,0.13648048641766072,0.09671382754936214,0.012959575683422694,0.7061238231440898,0.7061232591628285,1.0747780365755933e-05,0.7177360876052615,0.01239236121938337,0.2650310545305058,0.00015095039378411134,1585.0,3.9849547090051676,3.505621308688954e-06,0,17674,0.21018975973129272,182,3.725290298461914e-09,3240,1.0,90.0,90.0,90.0,0.989010989010989,0.989010989010989,0.989010989010989,3240,1.0,90.0,90.0,90.0,0.989010989010989,0.989010989010989,0.989010989010989,4824,1.0,89.99999555519622,90.0,90.00000526633156,0.9890109884742417,0.989010989010989,0.9890109896469426
227,3.783333333333333,True,valid,0.12008575771723062,0.09262697849709674,0.011657184757300527,0.6836470397691584,0.6836477920151883,5.124529817541049e-06,0.6979895675918628,0.01579226787396371,0.1329021478790247,0.00014530845189914094,1585.0,3.0189226476478357,3.0230201792082762e-06,0,17674,0.2067442536354065,183,3.725290298461914e-09,3240,1.0,90.0,90.0,90.0,0.989010989010989,0.989010989010989,0.989010989010989,3240,1.0,90.0,90.0,90.0,0.989010989010989,0.989010989010989,0.989010989010989,4824,1.0,89.99999555519622,90.0,90.00000526633156,0.9890109884742417,0.989010989010989,0.9890109896469426
228,3.8,True,valid,0.10395710155288444,0.08756084396130068,0.010398496239854765,0.679260133626885,0.6792611274727395,2.440692060253752e-06,0.6957808058647696,0.015562847988904489,0.13274445164496124,0.0001461043767642413,1585.0,3.2920997522532875,2.8780830017415838e-06,0,17686,0.20155245065689087,183,7.450580596923828e-09,3240,1.0,90.0,90.0,90.0,0.989010989010989,0.989010989010989,0.989010989010989,3240,1.0,90.0,90.0,90.0,0.989010989010989,0.989010989010989,0.989010989010989,4824,1.0,89.99999555519622,90.0,90.00000526633156,0.9890109884742417,0.989010989010989,0.9890109896469426
229,3.816666666666667,True,valid,0.08921542970277048,0.08189346075581293,0.009230721773034972,0.688075469995596,0.6880767496523201,9.04429105941078e-06,0.7067512675696338,0.017982877404124097,0.1836374558350235,0.00015366267832436526,1585.0,3.5740980320236946,3.3122542404701326e-06,0,17678,0.19486156105995178,184,3.725290298461914e-09,3240,1.0,90.0,90.0,90.0,0.989010989010989,0.989010989010989,0.989010989010989,3240,1.0,90.0,90.0,90.0,0.989010989010989,0.989010989010989,0.989010989010989,4824,1.0,89.99999555519622,90.0,90.00000526633156,0.9890109884742417,0.989010989010989,0.9890109896469426
230,3.8333333333333335,True,valid,0.07699581742037367,0.07584380147470848,0.008075285283285844,0.6986548087234885,0.6986561311199488,1.8735162597125177e-06,0.7008563131979607,0.017852102576370255,0.04924282413461208,0.00016314364496201097,1585.0,3.788848900820646,3.017812942987966e-06,0,17673,0.18702296912670135,183,7.450580596923828e-09,3240,1.0,90.0,90.0,90.0,0.989010989010989,0.989010989010989,0.989010989010989,3240,1.0,90.0,90.0,90.0,0.989010989010989,0.989010989010989,0.989010989010989,4824,1.0,89.99999555519622,90.0,90.00000526633156,0.9890109884742417,0.989010989010989,0.9890109896469426
231,3.85,True,valid,0.06776688790357586,0.06949327120170357,0.007202552422622626,0.7196609050078344,0.7196623993049984,2.046802145802651e-06,0.7204322290616559,0.018946736413134466,0.029889681358497636,0.00017391696639073323,1585.0,3.968334385139388,3.1965500009104265e-06,0,17648,0.17792175710201263,188,3.725290298461914e-09,3240,1.0,90.0,90.0,90.0,0.989010989010989,0.989010989010989,0.989010989010989,3240,1.0,90.0,90.0,90.0,0.989010989010989,0.989010989010989,0.989010989010989,4824,1.0,89.99999555519622,90.0,90.00000526633156,0.9890109884742417,0.989010989010989,0.9890109896469426
232,3.8666666666666667,True,valid,0.06132765976261975,0.06295376047877911,0.006835876720526844,0.7453562295795267,0.7453577992453664,3.8985538564768395e-06,0.7457289246602709,0.019971854812440883,0.03367654073052334,0.00018406432488298066,1585.0,4.129067394987301,3.587748841487856e-06,0,17648,0.16788822412490845,192,1.862645149230957e-09,3240,1.0,90.0,90.0,90.0,0.989010989010989,0.989010989010989,0.989010989010989,3240,1.0,90.0,90.0,90.0,0.989010989010989,0.989010989010989,0.989010989010989,4824,1.0,89.99999555519622,90.0,90.00000526633156,0.9890109884742417,0.989010989010989,0.9890109896469426
233,3.8833333333333333,True,valid,0.056823959114628314,0.05620573188565192,0.006965201629918147,0.7748010316954211,0.7748027222112963,2.8809368454528907e-06,0.7750875150953799,0.02096064635652992,0.028844497475684412,0.0001906686791552725,1585.0,4.216600695877428,3.6604381112337243e-06,0,17638,0.1572686731815338,179,1.862645149230957e-09,3240,1.0,90.0,90.0,90.0,0.989010989010989,0.989010989010989,0.989010989010989,3240,1.0,90.0,90.0,90.0,0.989010989010989,0.989010989010989,0.989010989010989,4824,1.0,89.99999555519622,90.0,90.00000526633156,0.9890109884742417,0.989010989010989,0.9890109896469426
234,3.9,True,valid,0.053299965611426914,0.049142186288710074,0.007260003570728546,0.8009454123625959,0.8009471916726498,2.3278928795469447e-06,0.8009281999971319,0.02172571696309465,0.006911916824656912,0.00019630253316895634,1585.0,4.2293212482959115,3.6173330800733927e-06,0,17582,0.1461380124092102,176,2.7939677238464355e-09,3240,1.0,90.0,90.0,90.0,0.989010989010989,0.989010989010989,0.989010989010989,3240,1.0,90.0,90.0,90.0,0.989010989010989,0.989010989010989,0.989010989010989,4824,1.0,89.99999555519622,90.0,90.00000526633156,0.9890109884742417,0.989010989010989,0.9890109896469426
235,3.9166666666666665,True,valid,0.050092408477377316,0.04191112248838092,0.007528610335348532,0.8207797462809164,0.8207813529235525,7.642134988700187e-06,0.8219863010900361,0.022746915832134427,0.06123198406429482,0.00019730741068256074,1585.0,4.186465656246137,4.496841255448325e-06,0,17457,0.13500669598579407,164,3.725290298461914e-09,3240,1.0,90.0,90.0,90.0,0.989010989010989,0.989010989010989,0.989010989010989,3240,1.0,90.0,90.0,90.0,0.989010989010989,0.989010989010989,0.989010989010989,4824,1.0,89.99999555519622,90.0,90.00000526633156,0.9890109884742417,0.989010989010989,0.9890109896469426
236,3.933333333333333,True,valid,0.04746909837794609,0.035045592623428545,0.007772707909382198,0.8347764547914117,0.8347782751979375,2.3947319598007474e-06,0.8346901670505542,0.0227590527534871,0.0,0.0001985750449303805,1585.0,4.270664549106228,3.6643444340679793e-06,0,17324,0.12387735396623611,155,2.561137080192566e-09,3240,1.0,90.0,90.0,90.0,0.989010989010989,0.989010989010989,0.989010989010989,3240,1.0,90.0,90.0,90.0,0.989010989010989,0.989010989010989,0.989010989010989,4824,1.0,89.99999555519622,90.0,90.00000526633156,0.9890109884742417,0.989010989010989,0.9890109896469426
237,3.95,True,valid,0.047054558363020076,0.03000038772059761,0.00799603297425406,0.8414420138803813,0.8414438360635409,2.3842984180449107e-06,0.8416004841688635,0.022933342218265623,0.021014896898666598,0.00020601977656559595,1585.0,4.342621700910394,3.93478939016618e-06,0,17132,0.11275263130664825,160,3.4924596548080444e-09,3240,1.0,90.0,90.0,90.0,0.989010989010989,0.989010989010989,0.989010989010989,3240,1.0,90.0,90.0,90.0,0.989010989010989,0.989010989010989,0.989010989010989,4824,1.0,89.99999555519622,90.0,90.00000526633156,0.9890109884742417,0.989010989010989,0.9890109896469426
238,3.966666666666667,True,valid,0.05150749586459185,0.02865220998125172,0.008301596121239154,0.8431649243020538,0.8431667050836088,3.203617546327138e-06,0.8444425351292755,0.02289878434429754,0.056814957707024175,0.00020292778078901031,1585.0,4.367349497763722,3.8129687181253935e-06,0,16826,0.10163501650094986,161,3.725290298461914e-09,3240,1.0,90.0,90.0,90.0,0.989010989010989,0.989010989010989,0.989010989010989,3240,1.0,90.0,90.0,90.0,0.989010989010989,0.989010989010989,0.989010989010989,4824,1.0,89.99999555519622,90.0,90.00000526633156,0.9890109884742417,0.989010989010989,0.9890109896469426
239,3.9833333333333334,True,valid,0.06234177762399558,0.03264908698028992,0.008781193592760682,0.8417877500248492,0.8417894884342971,2.7890797002594684e-06,0.8434823415523772,0.02241409931538119,0.06325949774200493,0.00020404909167611907,1585.0,4.264414570901932,3.93925531682254e-06,0,16318,0.08673349767923355,164,5.587935447692871e-09,3240,1.0,90.0,90.0,90.0,0.989010989010989,0.989010989010989,0.989010989010989,3240,1.0,90.0,90.0,90.0,0.989010989010989,0.989010989010989,0.989010989010989,4824,1.0,89.99999555519622,90.0,90.00000526633156,0.9890109884742417,0.989010989010989,0.9890109896469426
240,4.0,True,valid,0.07890337393184624,0.04074568114132038,0.009496730330938659,0.8456877234477961,0.8456893140017822,2.2154896138224996e-06,0.8472740786517208,0.022072758685721384,0.06647816433760595,0.00021259826606919715,1585.0,4.077430894811621,4.045520585518776e-06,0,15799,0.06962805986404419,167,7.450580596923828e-09,3240,1.0,90.0,90.0,90.0,0.989010989010989,0.989010989010989,0.989010989010989,3240,1.0,90.0,90.0,90.0,0.989010989010989,0.989010989010989,0.989010989010989,4824,1.0,89.99999555519622,90.0,90.00000526633156,0.9890109884742417,0.989010989010989,0.9890109896469426
241,4.016666666666667,True,valid,0.09934373230004799,0.050937100373071094,0.010571801343936715,0.9057496875329026,0.9057498308829184,2.95561459898934e-05,0.879381336327027,0.026907977479885974,0.4175866545480635,0.0002289699894850952,1585.0,12.004604895709168,1.3898049841399965e-05,0,15754,0.08447249233722687,181,5.587935447692871e-09,3240,1.0,90.0,90.0,90.0,0.989010989010989,0.989010989010989,0.989010989010989,3240,1.0,90.0,90.0,90.0,0.989010989010989,0.989010989010989,0.989010989010989,4824,1.0,89.99999555519622,90.0,90.00000526633156,0.9890109884742417,0.989010989010989,0.9890109896469426
242,4.033333333333333,True,valid,0.12180992192059811,0.06180171962001987,0.012035316560428515,0.8621185823904374,0.862119981700004,2.287167501957336e-06,0.8749877837565294,0.020175306700224525,0.14841846541303932,0.0002268133879658442,1585.0,4.011602035935716,4.404425753510656e-06,0,15743,0.10425329953432083,172,3.725290298461914e-09,3240,1.0,90.0,90.0,90.0,0.989010989010989,0.989010989010989,0.989010989010989,3240,1.0,90.0,90.0,90.0,0.989010989010989,0.989010989010989,0.989010989010989,4824,1.0,89.99999555519622,90.0,90.00000526633156,0.9890109884742417,0.989010989010989,0.9890109896469426
243,4.05,True,valid,0.14444805954603782,0.07256259774666363,0.013725399098918732,0.8859752724891226,0.8859765123214103,2.024917856810265e-06,0.9010891862294106,0.0191369493394664,0.14661354123850343,0.00023721557522413323,1585.0,3.981478016886737,4.6624474841201435e-06,0,15733,0.12407805770635605,168,3.725290298461914e-09,3240,1.0,90.0,90.0,90.0,0.989010989010989,0.989010989010989,0.989010989010989,3240,1.0,90.0,90.0,90.0,0.989010989010989,0.989010989010989,0.989010989010989,4824,1.0,89.99999555519622,90.0,90.00000526633156,0.9890109884742417,0.989010989010989,0.9890109896469426
244,4.066666666666666,True,valid,0.16555429238422695,0.08260547332906798,0.015418454926012466,0.9022771606608929,0.9022782669266418,1.9883947110556643e-06,0.9314326928866725,0.01785415414682441,0.21861433454998117,0.00024844565340060367,1585.0,3.821670857686026,4.9689398380435314e-06,0,15980,0.1436716616153717,167,7.450580596923828e-09,3240,1.0,90.0,90.0,90.0,0.989010989010989,0.989010989010989,0.989010989010989,3240,1.0,90.0,90.0,90.0,0.989010989010989,0.989010989010989,0.989010989010989,4824,1.0,89.99999555519622,90.0,90.00000526633156,0.9890109884742417,0.989010989010989,0.9890109896469426
245,4.083333333333333,True,valid,0.18343043798060288,0.09158119191279854,0.016954761430659146,0.9226020055809175,0.92260294269667,1.9065077233509559e-06,0.9551896181097643,0.016680173433164993,0.22212979039893405,0.0002620689649591678,1585.0,3.6850036020077233,5.333974579096611e-06,0,16348,0.16242125630378723,166,7.450580596923828e-09,3240,1.0,90.0,90.0,90.0,0.989010989010989,0.989010989010989,0.989010989010989,3240,1.0,90.0,90.0,90.0,0.989010989010989,0.989010989010989,0.989010989010989,4824,1.0,89.99999555519622,90.0,90.00000526633156,0.9890109884742417,0.989010989010989,0.9890109896469426
246,4.1,True,valid,0.19662939489622833,0.09907956751866442,0.018114184522959053,0.9321984410334463,0.9321995707183878,4.468371285061822e-06,1.0238992316901125,0.15655598551601688,0.3643431908024269,0.0002737605940607748,1585.0,5.04431439446177,5.637373193970823e-06,0,16814,0.17973074316978455,169,7.450580596923828e-09,3240,1.0,90.0,90.0,90.0,0.989010989010989,0.989010989010989,0.989010989010989,3240,1.0,90.0,90.0,90.0,0.989010989010989,0.989010989010989,0.989010989010989,4824,1.0,89.99999555519622,90.0,90.00000526633156,0.9890109884742417,0.989010989010989,0.9890109896469426
247,4.116666666666666,True,valid,0.2041304714674642,0.10470914591125033,0.018763510859374864,0.9139570041219747,0.9139577311050181,3.958708759443974e-06,0.9578541871259321,0.014174735004658484,0.2549014996187566,0.0002733204799564402,1585.0,3.176825148083584,5.69412811327387e-06,0,17222,0.195057213306427,165,3.725290298461914e-09,3240,1.0,90.0,90.0,90.0,0.989010989010989,0.989010989010989,0.989010989010989,3240,1.0,90.0,90.0,90.0,0.989010989010989,0.989010989010989,0.989010989010989,4824,1.0,89.99999555519622,90.0,90.00000526633156,0.9890109884742417,0.989010989010989,0.9890109896469426
248,4.133333333333334,True,valid,0.20517555524994743,0.10836997588309472,0.018650557690107053,0.8856963164405085,0.8856968500373438,1.4763736903498234e-06,0.9197470559726793,0.012388924121091023,0.20238590990828756,0.0002727437379113947,1585.0,3.0520526108651844,5.679789089597847e-06,0,17538,0.20818036794662476,158,3.725290298461914e-09,3240,1.0,90.0,90.0,90.0,0.989010989010989,0.989010989010989,0.989010989010989,3240,1.0,90.0,90.0,90.0,0.989010989010989,0.989010989010989,0.989010989010989,4824,1.0,89.99999555519622,90.0,90.00000526633156,0.9890109884742417,0.989010989010989,0.9890109896469426
249,4.15,True,valid,0.1995858600722508,0.11003653481730788,0.017920889152966617,0.8362583870647893,0.8362588135859079,1.3412248204598633e-06,0.8646502213249363,0.010727769602474733,0.20318509225509904,0.0002654849838765087,1585.0,3.0658306887221123,5.513494445647495e-06,0,17662,0.2188829928636551,169,7.450580596923828e-09,3240,1.0,90.0,90.0,90.0,0.989010989010989,0.989010989010989,0.989010989010989,3240,1.0,90.0,90.0,90.0,0.989010989010989,0.989010989010989,0.989010989010989,4824,1.0,89.99999555519622,90.0,90.00000526633156,0.9890109884742417,0.989010989010989,0.9890109896469426
250,4.166666666666667,True,valid,0.18787891934243597,0.10977038279836757,0.016840614210874613,0.7799439904442615,0.7799438196803012,3.060157769500774e-06,0.7965615101107537,0.009391182969573931,0.24633484148223087,0.0002466828541258608,1585.0,6.1263225122596054,5.139127100706193e-06,0,17686,0.22742585837841034,168,7.450580596923828e-09,3240,1.0,90.0,90.0,90.0,0.989010989010989,0.989010989010989,0.989010989010989,3240,1.0,90.0,90.0,90.0,0.989010989010989,0.989010989010989,0.989010989010989,4824,1.0,89.99999555519622,90.0,90.00000526633156,0.9890109884742417,0.989010989010989,0.9890109896469426
251,4.183333333333334,True,valid,0.1714405279481638,0.10829540731653482,0.01627541914892447,0.8914168142157997,0.8914152379952578,1.952560109882183e-05,0.9390237508800375,0.040570692339802567,0.43975247867330325,0.0004164920582516902,1585.0,9.571548455148479,1.0719518440383616e-05,0,17688,0.23341049253940582,160,7.450580596923828e-09,3240,1.0,90.0,90.0,90.0,0.989010989010989,0.989010989010989,0.989010989010989,3240,1.0,90.0,90.0,90.0,0.989010989010989,0.989010989010989,0.989010989010989,4824,1.0,89.99999555519622,90.0,90.00000526633156,0.9890109884742417,0.989010989010989,0.9890109896469426
252,4.2,True,valid,0.1519221239667878,0.10557979825575499,0.015740843626043218,0.6314235139285295,0.6314237340931199,9.402275080457779e-07,0.667341394739029,0.006589969050794468,0.1850022722940515,0.00020245364222278546,1585.0,3.0815443693143525,4.187777186290661e-06,0,17684,0.23686842620372772,154,7.450580596923828e-09,3240,1.0,90.0,90.0,90.0,0.989010989010989,0.989010989010989,0.989010989010989,3240,1.0,90.0,90.0,90.0,0.989010989010989,0.989010989010989,0.989010989010989,4824,1.0,89.99999555519622,90.0,90.00000526633156,0.9890109884742417,0.989010989010989,0.9890109896469426
253,4.216666666666667,True,valid,0.13167193521797962,0.10262470751268343,0.013763793294215473,0.5740196297221457,0.5740198305644642,9.451325934980046e-07,0.5749942208397812,0.008313502294884948,0.136315600027862,0.00027437180807328096,1585.0,4.105858480755343,6.889957210319092e-06,0,17628,0.23833917081356049,148,7.450580596923828e-09,3240,1.0,90.0,90.0,90.0,0.989010989010989,0.989010989010989,0.989010989010989,3240,1.0,90.0,90.0,90.0,0.989010989010989,0.989010989010989,0.989010989010989,4824,1.0,89.99999555519622,90.0,90.00000526633156,0.9890109884742417,0.989010989010989,0.9890109896469426
254,4.233333333333333,True,valid,0.11169969899441604,0.09851093847131658,0.011251565754240349,0.4438135028373107,0.4438135541793182,6.759363883139739e-07,0.46212477996479184,0.0033599278849273067,0.11541714292628973,0.0001546064694480911,1585.0,2.5197969394673514,3.035456876544186e-06,0,17608,0.23789125680923462,143,7.450580596923828e-09,3240,1.0,90.0,90.0,90.0,0.989010989010989,0.989010989010989,0.989010989010989,3240,1.0,90.0,90.0,90.0,0.989010989010989,0.989010989010989,0.989010989010989,4824,1.0,89.99999555519622,90.0,90.00000526633156,0.9890109884742417,0.989010989010989,0.9890109896469426
255,4.25,True,valid,0.09348211788066302,0.09373869980833696,0.008602959934670657,0.36550279661332635,0.36550274880476635,1.7944361552327184e-06,0.3750102546327076,0.0022693856191751322,0.07892617390107191,0.00010645315989242525,1585.0,1.5999265529209847,2.474027697904561e-06,0,17584,0.23639726638793945,147,7.450580596923828e-09,3240,1.0,90.0,90.0,90.0,0.989010989010989,0.989010989010989,0.989010989010989,3240,1.0,90.0,90.0,90.0,0.989010989010989,0.989010989010989,0.989010989010989,4824,1.0,89.99999555519622,90.0,90.00000526633156,0.9890109884742417,0.989010989010989,0.9890109896469426
256,4.266666666666667,True,valid,0.07791775241369096,0.08904665329589342,0.006543270267861345,0.31570006018055513,0.3157001621282721,7.818915843388075e-07,0.3148225095281892,0.0035321273604728438,0.054487773507788426,0.00010845268809698633,1585.0,1.9057847815898847,2.069330717293572e-06,0,17592,0.23419655859470367,147,7.450580596923828e-09,3240,1.0,90.0,90.0,90.0,0.989010989010989,0.989010989010989,0.989010989010989,3240,1.0,90.0,90.0,90.0,0.989010989010989,0.989010989010989,0.989010989010989,4824,1.0,89.99999555519622,90.0,90.00000526633156,0.9890109884742417,0.989010989010989,0.9890109896469426
257,4.283333333333333,True,valid,0.06625829578624062,0.08395080866194071,0.005675672181529614,0.412745131145954,0.41274285275174055,3.308576005215976e-05,0.3852035225925036,0.013222409347517318,0.2615008233772055,0.00010911229103249199,1585.0,6.168698436667643,4.9632629487887e-06,0,17636,0.23136678338050842,156,7.450580596923828e-09,3240,1.0,90.0,90.0,90.0,0.989010989010989,0.989010989010989,0.989010989010989,3240,1.0,90.0,90.0,90.0,0.989010989010989,0.989010989010989,0.989010989010989,4824,1.0,89.99999555519622,90.0,90.00000526633156,0.9890109884742417,0.989010989010989,0.9890109896469426
258,4.3,True,valid,0.05923482354900642,0.07853783800812064,0.0052065273415261,0.33148652280227947,0.33148699497129497,8.768933460918149e-07,0.3328304077561776,0.007171315327300075,0.02607466141218426,9.173456300171011e-05,1585.0,1.7210862249314367,1.6741492519147342e-06,0,17758,0.22749564051628113,168,7.450580596923828e-09,3240,1.0,90.0,90.0,90.0,0.989010989010989,0.989010989010989,0.989010989010989,3240,1.0,90.0,90.0,90.0,0.989010989010989,0.989010989010989,0.989010989010989,4824,1.0,89.99999555519622,90.0,90.00000526633156,0.9890109884742417,0.989010989010989,0.9890109896469426
259,4.316666666666666,True,valid,0.05636904033789627,0.07288143616684331,0.005159677696672789,0.3647476812590619,0.3647483169446017,1.0006264774014782e-06,0.3684230238637128,0.008805845809960666,0.0349392661526385,9.930251250126032e-05,1585.0,2.0814140307683964,1.8531331556019825e-06,0,17822,0.22204804420471191,171,7.450580596923828e-09,3240,1.0,90.0,90.0,90.0,0.989010989010989,0.989010989010989,0.989010989010989,3240,1.0,90.0,90.0,90.0,0.989010989010989,0.989010989010989,0.989010989010989,4824,1.0,89.99999555519622,90.0,90.00000526633156,0.9890109884742417,0.989010989010989,0.9890109896469426
260,4.333333333333333,True,valid,0.056175007109152915,0.06674233437554439,0.005564999281002191,0.4279353522271924,0.4279361311808668,1.16201952588316e-06,0.43133071493729813,0.010555388012454123,0.036073086520806,0.00010987847286041968,1585.0,2.51274359339065,1.986627481471619e-06,0,17856,0.21556533873081207,175,3.725290298461914e-09,3240,1.0,90.0,90.0,90.0,0.989010989010989,0.989010989010989,0.989010989010989,3240,1.0,90.0,90.0,90.0,0.989010989010989,0.989010989010989,0.989010989010989,4824,1.0,89.99999555519622,90.0,90.00000526633156,0.9890109884742417,0.989010989010989,0.9890109896469426
261,4.35,True,valid,0.05651715665745068,0.06011570531329984,0.006186690943425543,0.4868429744772303,0.4868439042753794,1.3604783358638305e-06,0.49159702125097043,0.012476813276349247,0.04495033605093857,0.00012585531080935112,1585.0,2.7407127268006053,2.3355424011673465e-06,0,17902,0.2081286907196045,175,3.725290298461914e-09,3240,1.0,90.0,90.0,90.0,0.989010989010989,0.989010989010989,0.989010989010989,3240,1.0,90.0,90.0,90.0,0.989010989010989,0.989010989010989,0.989010989010989,4824,1.0,89.99999555519622,90.0,90.00000526633156,0.9890109884742417,0.989010989010989,0.9890109896469426
262,4.366666666666666,True,valid,0.05609816604216787,0.05296209584054884,0.00697937289327625,0.5510333204602184,0.5510343980406481,1.5044239574646915e-06,0.5529242276805235,0.014351587883249159,0.03600609250206654,0.00013690701914766655,1585.0,2.9751520718697204,2.5692429617866562e-06,0,17891,0.19882099330425262,178,3.725290298461914e-09,3240,1.0,90.0,90.0,90.0,0.989010989010989,0.989010989010989,0.989010989010989,3240,1.0,90.0,90.0,90.0,0.989010989010989,0.989010989010989,0.989010989010989,4824,1.0,89.99999555519622,90.0,90.00000526633156,0.9890109884742417,0.989010989010989,0.9890109896469426
263,4.383333333333334,True,valid,0.055293885463792755,0.045721362198724406,0.0076582744820504565,0.608426597462575,0.6084277957198454,1.6543417823176712e-06,0.6100014048250378,0.015846060643402545,0.03260160101057286,0.00014619233959043524,1585.0,3.2277750977739545,2.7688725081683246e-06,0,17830,0.187893807888031,174,3.725290298461914e-09,3240,1.0,90.0,90.0,90.0,0.989010989010989,0.989010989010989,0.989010989010989,3240,1.0,90.0,90.0,90.0,0.989010989010989,0.989010989010989,0.989010989010989,4824,1.0,89.99999555519622,90.0,90.00000526633156,0.9890109884742417,0.989010989010989,0.9890109896469426
264,4.4,True,valid,0.05630648161309717,0.039636741237252984,0.008095821821158238,0.6587076400875405,0.6587089510476447,1.7937069354253907e-06,0.6603127027582023,0.017254542951235848,0.03540501275280698,0.00015842106306784422,1585.0,3.233876849125785,3.0030681168562513e-06,0,17580,0.1758597195148468,168,7.450580596923828e-09,3240,1.0,90.0,90.0,90.0,0.989010989010989,0.989010989010989,0.989010989010989,3240,1.0,90.0,90.0,90.0,0.989010989010989,0.989010989010989,0.989010989010989,4824,1.0,89.99999555519622,90.0,90.00000526633156,0.9890109884742417,0.989010989010989,0.9890109896469426
265,4.416666666666667,True,valid,0.0618872039369273,0.03692016020331471,0.00837327712037902,0.7120713802389808,0.7120727607334932,2.5540705553408133e-06,0.72063540338786,0.018718613558550874,0.10113980036858311,0.00018179413247689272,1585.0,3.6419049292897325,4.058117905846951e-06,0,17343,0.1629117876291275,165,7.450580596923828e-09,3240,1.0,90.0,90.0,90.0,0.989010989010989,0.989010989010989,0.989010989010989,3240,1.0,90.0,90.0,90.0,0.989010989010989,0.989010989010989,0.989010989010989,4824,1.0,89.99999555519622,90.0,90.00000526633156,0.9890109884742417,0.989010989010989,0.9890109896469426
266,4.433333333333334,True,valid,0.07312906002206956,0.03947012566137853,0.008761753912772133,0.7633512238393334,0.7633526630967239,2.0221354665523576e-06,0.7685521782084955,0.01970724928805151,0.07976188616981782,0.00018415829342612814,1585.0,3.8685838760124693,3.5424623954323384e-06,0,17122,0.14888995885849,164,7.450580596923828e-09,3240,1.0,90.0,90.0,90.0,0.989010989010989,0.989010989010989,0.989010989010989,3240,1.0,90.0,90.0,90.0,0.989010989010989,0.989010989010989,0.989010989010989,4824,1.0,89.99999555519622,90.0,90.00000526633156,0.9890109884742417,0.989010989010989,0.9890109896469426
267,4.45,True,valid,0.08953241807353414,0.04638416906269864,0.00974447326878407,0.8095463836636186,0.8095478610774023,2.1201414703711183e-06,0.8132250314052599,0.020434948949667936,0.06744241596420901,0.0001988313203711938,1585.0,4.1411627779070725,3.835408633495725e-06,0,16852,0.13309915363788605,165,3.725290298461914e-09,3240,1.0,90.0,90.0,90.0,0.989010989010989,0.989010989010989,0.989010989010989,3240,1.0,90.0,90.0,90.0,0.989010989010989,0.989010989010989,0.989010989010989,4824,1.0,89.99999555519622,90.0,90.00000526633156,0.9890109884742417,0.989010989010989,0.9890109896469426
268,4.466666666666667,True,valid,0.1097626555665835,0.055957611335813465,0.011410687800604162,0.8712519890061141,0.871253442589886,2.231821820041637e-06,0.880785505759136,0.021818406827450978,0.12723683798023247,0.00024209376869445938,1585.0,4.360638882472133,4.061945696796992e-06,0,16374,0.11660276353359222,177,3.725290298461914e-09,3240,1.0,90.0,90.0,90.0,0.989010989010989,0.989010989010989,0.989010989010989,3240,1.0,90.0,90.0,90.0,0.989010989010989,0.989010989010989,0.989010989010989,4824,1.0,89.99999555519622,90.0,90.00000526633156,0.9890109884742417,0.989010989010989,0.9890109896469426
269,4.483333333333333,True,valid,0.13224824316938122,0.06619016560234782,0.013369247595091461,0.955731086520254,0.9557303952910768,1.5336233758854955e-05,0.9826284278917421,0.022091002868251573,0.32165522243496497,0.0002264980437149874,1585.0,5.830938894448427,5.017954225265979e-06,0,16088,0.10190825164318085,185,1.862645149230957e-09,3240,1.0,90.0,90.0,90.0,0.989010989010989,0.989010989010989,0.989010989010989,3240,1.0,90.0,90.0,90.0,0.989010989010989,0.989010989010989,0.989010989010989,4824,1.0,89.99999555519622,90.0,90.00000526633156,0.9890109884742417,0.989010989010989,0.9890109896469426
270,4.5,True,valid,0.15489059854222825,0.07564937179391569,0.01538934145829993,0.9976368312455429,0.9976382811019288,2.390061847591982e-06,1.0345919344059722,0.02493607097378175,0.26769991564651685,0.00023512572147793792,1585.0,5.009520623270621,4.65201911451854e-06,0,16234,0.08247676491737366,191,3.725290298461914e-09,3240,1.0,90.0,90.0,90.0,0.989010989010989,0.989010989010989,0.989010989010989,3240,1.0,90.0,90.0,90.0,0.989010989010989,0.989010989010989,0.989010989010989,4824,1.0,89.99999555519622,90.0,90.00000526633156,0.9890109884742417,0.989010989010989,0.9890109896469426
271,4.516666666666667,True,valid,0.17602720936995872,0.08419408031709066,0.016924247471659496,1.058453127157264,1.0584533958864903,2.3116952303078747e-05,1.0990749994638704,0.02296968193080453,0.2830065458366092,0.00024154263979139965,1585.0,5.075328800864347,5.067389169877009e-06,0,16296,0.07124852389097214,191,3.259629011154175e-09,3240,1.0,90.0,90.0,90.0,0.989010989010989,0.989010989010989,0.989010989010989,3240,1.0,90.0,90.0,90.0,0.989010989010989,0.989010989010989,0.989010989010989,4824,1.0,89.99999555519622,90.0,90.00000526633156,0.9890109884742417,0.989010989010989,0.9890109896469426
272,4.533333333333333,True,valid,0.19364768005532212,0.09089556322064843,0.017990805862022813,1.0976211134847418,1.0976224873670957,2.5012264734808696e-06,1.1490175373565352,0.021923625076373007,0.3185280252976399,0.0002759943564791866,1585.0,4.973861210231989,5.603387366013547e-06,0,16238,0.07737701386213303,183,3.14321368932724e-09,3240,1.0,90.0,90.0,90.0,0.989010989010989,0.989010989010989,0.989010989010989,3240,1.0,90.0,90.0,90.0,0.989010989010989,0.989010989010989,0.989010989010989,4824,1.0,89.99999555519622,90.0,90.00000526633156,0.9890109884742417,0.989010989010989,0.9890109896469426
273,4.55,True,valid,0.20569428616424154,0.09536566206238827,0.01896059200652907,1.1612774038692169,1.161277744856954,7.398621248449728e-06,1.1931242466306566,0.022735197515840338,0.48976737791900654,0.0002829660370207307,1585.0,9.74830938400566,6.894972294292944e-06,0,16123,0.0809784010052681,182,2.3283064365386963e-09,3240,1.0,90.0,90.0,90.0,0.989010989010989,0.989010989010989,0.989010989010989,3240,1.0,90.0,90.0,90.0,0.989010989010989,0.989010989010989,0.989010989010989,4824,1.0,89.99999555519622,90.0,90.00000526633156,0.9890109884742417,0.989010989010989,0.9890109896469426
274,4.566666666666666,True,valid,0.21091586985777783,0.09751020471615739,0.01958386421498931,1.143223489738057,1.1432245601706426,2.7967718440154465e-06,1.204790912817322,0.022016742928264887,0.4148543098505172,0.00028987602389273447,1585.0,6.379968827495228,6.009700382957122e-06,0,16051,0.09515603631734848,179,2.7939677238464355e-09,3240,1.0,90.0,90.0,90.0,0.989010989010989,0.989010989010989,0.989010989010989,3240,1.0,90.0,90.0,90.0,0.989010989010989,0.989010989010989,0.989010989010989,4824,1.0,89.99999555519622,90.0,90.00000526633156,0.9890109884742417,0.989010989010989,0.9890109896469426
275,4.583333333333333,True,valid,0.2087821755230548,0.0972165802611239,0.01952673362831136,1.1236304798839296,1.1236312796148447,5.746809899745315e-06,1.1647349393142035,0.023729556377214866,0.3693705408304948,0.0002908658810190153,1585.0,5.260999947154285,5.997003144422637e-06,0,15982,0.1096860021352768,183,3.725290298461914e-09,3240,1.0,90.0,90.0,90.0,0.989010989010989,0.989010989010989,0.989010989010989,3240,1.0,90.0,90.0,90.0,0.989010989010989,0.989010989010989,0.989010989010989,4824,1.0,89.99999555519622,90.0,90.00000526633156,0.9890109884742417,0.989010989010989,0.9890109896469426
276,4.6,True,valid,0.1994123158118803,0.09493602356907672,0.018791865450626825,1.0882643559118643,1.0882651163371901,7.783775172106426e-06,1.1040541510902973,0.022498789752790623,0.26257650658363896,0.000287664763883605,1585.0,5.917094600436137,5.876792520539469e-06,0,15919,0.12223932147026062,180,7.450580596923828e-09,3240,1.0,90.0,90.0,90.0,0.989010989010989,0.989010989010989,0.989010989010989,3240,1.0,90.0,90.0,90.0,0.989010989010989,0.989010989010989,0.989010989010989,4824,1.0,89.99999555519622,90.0,90.00000526633156,0.9890109884742417,0.989010989010989,0.9890109896469426
277,4.616666666666666,True,valid,0.18371541680655598,0.09124597242497812,0.01749259108255505,1.009260803120517,1.0092620919768625,2.3074639770388953e-06,1.0346753800117328,0.022412175850858855,0.20743795509086815,0.00027631886098212707,1585.0,4.41043160687795,5.5642394824600514e-06,0,16321,0.13260139524936676,181,3.725290298461914e-09,3240,1.0,90.0,90.0,90.0,0.989010989010989,0.989010989010989,0.989010989010989,3240,1.0,90.0,90.0,90.0,0.989010989010989,0.989010989010989,0.989010989010989,4824,1.0,89.99999555519622,90.0,90.00000526633156,0.9890109884742417,0.989010989010989,0.9890109896469426
278,4.633333333333334,True,valid,0.16335038170256916,0.08709088391938478,0.01579614894385543,2.434194921198344,2.434217629304439,0.00023990258170352303,2.3364492984969494,0.12464343877850785,3.5801772199719126,0.0002929739617723267,1585.0,54.726496822093274,2.9040337315073425e-05,0,17039,0.14201532304286957,181,3.725290298461914e-09,3240,1.0,90.0,90.0,90.0,0.989010989010989,0.989010989010989,0.989010989010989,3240,1.0,90.0,90.0,90.0,0.989010989010989,0.989010989010989,0.989010989010989,4824,1.0,89.99999555519622,90.0,90.00000526633156,0.9890109884742417,0.989010989010989,0.9890109896469426
279,4.65,True,valid,0.14042501676006622,0.08345966664052516,0.013599635476846637,0.8388738690854163,0.8388751435470887,2.3586085073363434e-06,0.8707907153868099,0.02580369278126148,0.20309615094088126,0.00025011189847796696,1585.0,3.777295928063596,4.804186316974173e-06,0,17316,0.15271726250648499,179,3.725290298461914e-09,3240,1.0,90.0,90.0,90.0,0.989010989010989,0.989010989010989,0.989010989010989,3240,1.0,90.0,90.0,90.0,0.989010989010989,0.989010989010989,0.989010989010989,4824,1.0,89.99999555519622,90.0,90.00000526633156,0.9890109884742417,0.989010989010989,0.9890109896469426
280,4.666666666666667,True,valid,0.1167563375955114,0.0809688220766591,0.011445162051529144,0.7442943514623009,0.7442954674099878,8.243265293320768e-06,0.7635814319945717,0.017687334916836567,0.16399859684663895,0.00023555253269344506,1585.0,3.382714901430238,4.822110085080849e-06,0,17458,0.15949681401252747,179,3.725290298461914e-09,3240,1.0,90.0,90.0,90.0,0.989010989010989,0.989010989010989,0.989010989010989,3240,1.0,90.0,90.0,90.0,0.989010989010989,0.989010989010989,0.989010989010989,4824,1.0,89.99999555519622,90.0,90.00000526633156,0.9890109884742417,0.989010989010989,0.9890109896469426
281,4.683333333333334,True,valid,0.0940126397964703,0.07945292289228184,0.009602269426974983,0.7211384829314369,0.7211397123505435,9.45131605646034e-06,0.6652749409906127,0.01635362058965872,0.31710315433382474,0.0002191567141112227,1585.0,11.551606373099432,8.84715741883791e-06,0,17512,0.16508665680885315,178,7.450580596923828e-09,3240,1.0,90.0,90.0,90.0,0.989010989010989,0.989010989010989,0.989010989010989,3240,1.0,90.0,90.0,90.0,0.989010989010989,0.989010989010989,0.989010989010989,4824,1.0,89.99999555519622,90.0,90.00000526633156,0.9890109884742417,0.989010989010989,0.9890109896469426
282,4.7,True,valid,0.07363364917595278,0.07897600297753508,0.00833757379023585,0.5802895704425182,0.5802905885259336,1.860851580852479e-06,0.5841367530631577,0.014699809709136702,0.06282063887826182,0.00020797364573037655,1585.0,2.668416058429367,4.686598370082948e-06,0,17586,0.17062297463417053,181,3.725290298461914e-09,3240,1.0,90.0,90.0,90.0,0.989010989010989,0.989010989010989,0.989010989010989,3240,1.0,90.0,90.0,90.0,0.989010989010989,0.989010989010989,0.989010989010989,4824,1.0,89.99999555519622,90.0,90.00000526633156,0.9890109884742417,0.989010989010989,0.9890109896469426
283,4.716666666666667,True,valid,0.0574065064856116,0.07898869114632061,0.007512398200290479,0.5025204782644322,0.502520673308351,1.180206632684122e-05,0.5094537407681516,0.01463793649895288,0.10350112915434437,0.00018975005866176049,1585.0,2.4083877853945697,5.199022062777397e-06,0,17630,0.17508964240550995,179,3.725290298461914e-09,3240,1.0,90.0,90.0,90.0,0.989010989010989,0.989010989010989,0.989010989010989,3240,1.0,90.0,90.0,90.0,0.989010989010989,0.989010989010989,0.989010989010989,4824,1.0,89.99999555519622,90.0,90.00000526633156,0.9890109884742417,0.989010989010989,0.9890109896469426
284,4.733333333333333,True,valid,0.047184579006929246,0.0788197895238045,0.007009928267739787,0.4219018429674817,0.42190268111876,1.2604830938283917e-06,0.42198053858699813,0.011463710695527648,0.013664182546319922,0.00017014861650599273,1585.0,2.215649675188309,3.1946906472018074e-06,0,17704,0.1792650818824768,177,7.450580596923828e-09,3240,1.0,90.0,90.0,90.0,0.989010989010989,0.989010989010989,0.989010989010989,3240,1.0,90.0,90.0,90.0,0.989010989010989,0.989010989010989,0.989010989010989,4824,1.0,89.99999555519622,90.0,90.00000526633156,0.9890109884742417,0.989010989010989,0.9890109896469426
285,4.75,True,valid,0.043579963835233694,0.07794577659885892,0.006541966204223027,0.360446349517409,0.36044703785001747,1.0856790350664964e-06,0.36029153891393534,0.009620380782785093,0.005649974997066109,0.00014408251558522945,1585.0,2.1596690159753487,2.6711520039069754e-06,0,17778,0.18320384621620178,178,7.450580596923828e-09,3240,1.0,90.0,90.0,90.0,0.989010989010989,0.989010989010989,0.989010989010989,3240,1.0,90.0,90.0,90.0,0.989010989010989,0.989010989010989,0.989010989010989,4824,1.0,89.99999555519622,90.0,90.00000526633156,0.9890109884742417,0.989010989010989,0.9890109896469426
286,4.766666666666667,True,valid,0.044727767139176526,0.07592045933519782,0.005863762015070824,0.29731682392167336,0.29731740802586454,9.692975473203537e-07,0.2970913618540525,0.007687512891824705,0.0,0.0001232386828821683,1585.0,1.8718744206926312,2.2447547535956613e-06,0,17846,0.18689803779125214,177,7.450580596923828e-09,3240,1.0,90.0,90.0,90.0,0.989010989010989,0.989010989010989,0.989010989010989,3240,1.0,90.0,90.0,90.0,0.989010989010989,0.989010989010989,0.989010989010989,4824,1.0,89.99999555519622,90.0,90.00000526633156,0.9890109884742417,0.989010989010989,0.9890109896469426
287,4.783333333333333,True,valid,0.04775862018288995,0.07257870112431207,0.0051482245506538436,0.23469176411818687,0.23469215736323606,7.878257359873132e-07,0.23458607361995404,0.005785116041105565,0.0,0.00010377722013045944,1585.0,1.603382367758386,1.8578042246466274e-06,0,17886,0.19057515263557434,168,7.450580596923828e-09,3240,1.0,90.0,90.0,90.0,0.989010989010989,0.989010989010989,0.989010989010989,3240,1.0,90.0,90.0,90.0,0.989010989010989,0.989010989010989,0.989010989010989,4824,1.0,89.99999555519622,90.0,90.00000526633156,0.9890109884742417,0.989010989010989,0.9890109896469426
288,4.8,True,valid,0.05119115271093094,0.06798643215069018,0.0048043324319958555,0.18882828756423906,0.1888285252052347,6.326533331309544e-07,0.18872670817138457,0.003878515970772753,0.0,8.973688995287895e-05,1585.0,1.2572788558169972,1.5929122041055495e-06,0,17890,0.19425658881664276,152,7.450580596923828e-09,3240,1.0,90.0,90.0,90.0,0.989010989010989,0.989010989010989,0.989010989010989,3240,1.0,90.0,90.0,90.0,0.989010989010989,0.989010989010989,0.989010989010989,4824,1.0,89.99999555519622,90.0,90.00000526633156,0.9890109884742417,0.989010989010989,0.9890109896469426
289,4.816666666666666,True,valid,0.05503226129745089,0.06266797858439281,0.004999412359066041,0.17540481138613911,0.17540486100627886,5.064643005418728e-07,0.17521241889157804,0.0020515401982395156,0.0,8.590854045415928e-05,1585.0,0.951014369305057,1.5584719502482566e-06,0,17888,0.1979423463344574,148,7.450580596923828e-09,3240,1.0,90.0,90.0,90.0,0.989010989010989,0.989010989010989,0.989010989010989,3240,1.0,90.0,90.0,90.0,0.989010989010989,0.989010989010989,0.989010989010989,4824,1.0,89.99999555519622,90.0,90.00000526633156,0.9890109884742417,0.989010989010989,0.9890109896469426
290,4.833333333333333,True,valid,0.06019057455255762,0.05754189849506057,0.005609536804088511,0.20460474038944165,0.20460473132921647,4.677888064865241e-07,0.20430449684900903,0.0012134745922436352,0.0,9.083130575946837e-05,1585.0,0.9427001303597168,1.7232904797907529e-06,0,17846,0.20163242518901825,134,7.450580596923828e-09,3240,1.0,90.0,90.0,90.0,0.989010989010989,0.989010989010989,0.989010989010989,3240,1.0,90.0,90.0,90.0,0.989010989010989,0.989010989010989,0.989010989010989,4824,1.0,89.99999555519622,90.0,90.00000526633156,0.9890109884742417,0.989010989010989,0.9890109896469426
291,4.85,True,valid,0.06777443022948475,0.05381824573393539,0.006477333857237902,0.2657146495016781,0.2657146989093196,4.854722995491698e-07,0.26532794058397563,0.0026993761771179885,0.0,0.00010135239161334108,1585.0,1.1204724160125967,1.992501311437491e-06,0,17564,0.20532682538032532,116,7.450580596923828e-09,3240,1.0,90.0,90.0,90.0,0.989010989010989,0.989010989010989,0.989010989010989,3240,1.0,90.0,90.0,90.0,0.989010989010989,0.989010989010989,0.989010989010989,4824,1.0,89.99999555519622,90.0,90.00000526633156,0.9890109884742417,0.989010989010989,0.9890109896469426
292,4.866666666666666,True,valid,0.07844888273307998,0.052830935638634946,0.0076088981988118014,0.3454328055987928,0.34543299787464365,6.037924052773167e-07,0.34498267569740587,0.004590176114411937,0.0,0.0001139133626554056,1585.0,1.352158204743848,2.317231285940684e-06,0,17358,0.20716986060142517,98,7.450580596923828e-09,3240,1.0,90.0,90.0,90.0,0.989010989010989,0.989010989010989,0.989010989010989,3240,1.0,90.0,90.0,90.0,0.989010989010989,0.989010989010989,0.989010989010989,4824,1.0,89.99999555519622,90.0,90.00000526633156,0.9890109884742417,0.989010989010989,0.9890109896469426
293,4.883333333333334,True,valid,0.09217962670913353,0.05547597785890332,0.009072255570510277,0.43585464599359425,0.4358548956348672,7.343596901973558e-07,0.43417130832823986,0.006458745914274761,0.04340049336090172,0.00012891839037319563,1585.0,1.6297199034538419,2.6671212147412838e-06,0,17242,0.2086430788040161,110,7.450580596923828e-09,3240,1.0,90.0,90.0,90.0,0.989010989010989,0.989010989010989,0.989010989010989,3240,1.0,90.0,90.0,90.0,0.989010989010989,0.989010989010989,0.989010989010989,4824,1.0,89.99999555519622,90.0,90.00000526633156,0.9890109884742417,0.989010989010989,0.9890109896469426
294,4.9,True,valid,0.10852387205662123,0.061438524648814316,0.010773673972841055,0.5143549646445214,0.514355571525505,2.502852463199009e-06,0.6102351017602597,0.01882160596599606,0.3005566705978123,0.00015742781290412013,1585.0,2.2412863097127063,2.9183457870209694e-06,0,17259,0.21016433835029602,136,7.450580596923828e-09,3240,1.0,90.0,90.0,90.0,0.989010989010989,0.989010989010989,0.989010989010989,3240,1.0,90.0,90.0,90.0,0.989010989010989,0.989010989010989,0.989010989010989,4824,1.0,89.99999555519622,90.0,90.00000526633156,0.9890109884742417,0.989010989010989,0.9890109896469426
295,4.916666666666667,True,valid,0.12672579925397034,0.06939608735668311,0.012594717292672312,0.6754349748412881,0.6754348729693099,5.459306452570748e-06,0.6369716667781841,0.013213612527779691,0.2900289448670022,0.00018666837905793784,1585.0,9.913008729632782,3.858752043651482e-06,0,17346,0.2113550901412964,156,3.725290298461914e-09,3240,1.0,90.0,90.0,90.0,0.989010989010989,0.989010989010989,0.989010989010989,3240,1.0,90.0,90.0,90.0,0.989010989010989,0.989010989010989,0.989010989010989,4824,1.0,89.99999555519622,90.0,90.00000526633156,0.9890109884742417,0.989010989010989,0.9890109896469426
296,4.933333333333334,True,valid,0.14601341088493278,0.07802621931992641,0.014202317953058438,0.8558631718375148,0.8558515852123433,5.2806061962886254e-05,0.9988553817739486,0.032467287719382246,0.7749263591684487,0.0002134124368468208,1585.0,11.27008103824766,2.891676666892934e-05,0,17432,0.20574310421943665,178,7.450580596923828e-09,3240,1.0,90.0,90.0,90.0,0.989010989010989,0.989010989010989,0.989010989010989,3240,1.0,90.0,90.0,90.0,0.989010989010989,0.989010989010989,0.989010989010989,4824,1.0,89.99999555519622,90.0,90.00000526633156,0.9890109884742417,0.989010989010989,0.9890109896469426
297,4.95,True,valid,0.16454563344098044,0.08596434638153941,0.015438454556136766,0.8354152470921524,0.8354183057621551,2.8420705142037434e-05,0.8485007650776871,0.015568736639830171,0.1662109089637065,0.00018889980629805555,1585.0,5.105344843730142,5.617852562937426e-06,0,17476,0.19604817032814026,190,3.725290298461914e-09,3240,1.0,90.0,90.0,90.0,0.989010989010989,0.989010989010989,0.989010989010989,3240,1.0,90.0,90.0,90.0,0.989010989010989,0.989010989010989,0.989010989010989,4824,1.0,89.99999555519622,90.0,90.00000526633156,0.9890109884742417,0.989010989010989,0.9890109896469426
298,4.966666666666667,True,valid,0.18085832124895104,0.09329653020689221,0.016589672683150897,0.8859755913240833,0.8859763125790184,1.552618165559194e-06,0.917211581839607,0.01450308938864308,0.17618108197010154,0.0002139400116936897,1585.0,3.487167459987027,4.505592849283843e-06,0,17448,0.18227721750736237,190,3.725290298461914e-09,3240,1.0,90.0,90.0,90.0,0.989010989010989,0.989010989010989,0.989010989010989,3240,1.0,90.0,90.0,90.0,0.989010989010989,0.989010989010989,0.989010989010989,4824,1.0,89.99999555519622,90.0,90.00000526633156,0.9890109884742417,0.989010989010989,0.9890109896469426
299,4.983333333333333,True,valid,0.19363243417608786,0.09853529373369502,0.017674641902027385,0.9615473463830742,0.9615471363101425,1.0533093269572162e-05,0.9997263183510162,0.018358284443599358,0.2383060122081195,0.00021951625734090727,1585.0,4.895646660356862,7.993885585934235e-06,0,17386,0.16767744719982147,190,7.450580596923828e-09,3240,1.0,90.0,90.0,90.0,0.989010989010989,0.989010989010989,0.989010989010989,3240,1.0,90.0,90.0,90.0,0.989010989010989,0.989010989010989,0.989010989010989,4824,1.0,89.99999555519622,90.0,90.00000526633156,0.9890109884742417,0.989010989010989,0.9890109896469426
300,5.0,True,valid,0.20172346627720805,0.1017241508186321,0.018620374177389605,1.0224449899795587,1.0224454569288912,5.610278247711352e-06,1.0439728973393443,0.017696446560766434,0.3106490669394824,0.0002302144818014329,1585.0,4.218584964531531,5.069757757847734e-06,0,17302,0.151478573679924,188,7.450580596923828e-09,3240,1.0,90.0,90.0,90.0,0.989010989010989,0.989010989010989,0.989010989010989,3240,1.0,90.0,90.0,90.0,0.989010989010989,0.989010989010989,0.989010989010989,4824,1.0,89.99999555519622,90.0,90.00000526633156,0.9890109884742417,0.989010989010989,0.9890109896469426
301,5.016666666666667,True,valid,0.20395766609375343,0.10229388907961928,0.0193480062399258,1.049738510864715,1.0497390316493445,5.18268275567627e-06,1.0948251356585685,0.02197987520940441,0.33076416645013945,0.00023666500121453533,1585.0,5.33998600602092,5.016221796399072e-06,0,17248,0.13512898981571198,186,7.450580596923828e-09,3240,1.0,90.0,90.0,90.0,0.989010989010989,0.989010989010989,0.989010989010989,3240,1.0,90.0,90.0,90.0,0.989010989010989,0.989010989010989,0.989010989010989,4824,1.0,89.99999555519622,90.0,90.00000526633156,0.9890109884742417,0.989010989010989,0.9890109896469426
302,5.033333333333333,True,valid,0.19961593023126137,0.0996083807578173,0.019491363300720113,1.0677573409554906,1.0677583948042604,3.1720781425523233e-06,1.1113584452744432,0.0192453602083429,0.23534885342423195,0.00024155980844480404,1585.0,4.745397978719159,5.095395082756368e-06,0,17138,0.1200818344950676,184,7.450580596923828e-09,3240,1.0,90.0,90.0,90.0,0.989010989010989,0.989010989010989,0.989010989010989,3240,1.0,90.0,90.0,90.0,0.989010989010989,0.989010989010989,0.989010989010989,4824,1.0,89.99999555519622,90.0,90.00000526633156,0.9890109884742417,0.989010989010989,0.9890109896469426
303,5.05,True,valid,0.18872760603010233,0.0936114270358346,0.018867552015104722,1.0665903468020514,1.0665914007070603,3.4827253997497657e-06,1.090509732141767,0.020264373265013142,0.2845260415197174,0.00024025770602383443,1585.0,5.057448267951332,4.979546133148069e-06,0,16970,0.1058630719780922,183,5.587935447692871e-09,3240,1.0,90.0,90.0,90.0,0.989010989010989,0.989010989010989,0.989010989010989,3240,1.0,90.0,90.0,90.0,0.989010989010989,0.989010989010989,0.989010989010989,4824,1.0,89.99999555519622,90.0,90.00000526633156,0.9890109884742417,0.989010989010989,0.9890109896469426
304,5.066666666666666,True,valid,0.17217494287638074,0.0849262625647696,0.017455632207799852,1.0382997133332506,1.0383010371935022,2.3051620472571516e-06,1.0696543565588408,0.02248764455130657,0.22975675612496052,0.00023165153278609848,1585.0,5.239496431126387,4.715630064344174e-06,0,16684,0.09304604679346085,182,3.725290298461914e-09,3240,1.0,90.0,90.0,90.0,0.989010989010989,0.989010989010989,0.989010989010989,3240,1.0,90.0,90.0,90.0,0.989010989010989,0.989010989010989,0.989010989010989,4824,1.0,89.99999555519622,90.0,90.00000526633156,0.9890109884742417,0.989010989010989,0.9890109896469426
305,5.083333333333333,True,valid,0.15126618641125225,0.07429777960039516,0.015345800205957341,0.9927259117475791,0.9927273735796905,2.381376403568104e-06,1.0109514903105712,0.021688784261560772,0.1820396706802931,0.00022908242644109985,1585.0,5.208959487667609,4.530863069747098e-06,0,16214,0.08173325657844543,183,2.7939677238464355e-09,3240,1.0,90.0,90.0,90.0,0.989010989010989,0.989010989010989,0.989010989010989,3240,1.0,90.0,90.0,90.0,0.989010989010989,0.989010989010989,0.989010989010989,4824,1.0,89.99999555519622,90.0,90.00000526633156,0.9890109884742417,0.989010989010989,0.9890109896469426
306,5.1,True,valid,0.12766829802777543,0.06311082469103707,0.012979850398812835,0.9414516556438117,0.9414532570972823,2.5322573411241196e-06,0.954225331876901,0.022276694511933638,0.16023022252345695,0.000224217092138752,1585.0,4.998031884060434,4.326311215953025e-06,0,15698,0.07140177488327026,185,1.862645149230957e-09,3240,1.0,90.0,90.0,90.0,0.989010989010989,0.989010989010989,0.989010989010989,3240,1.0,90.0,90.0,90.0,0.989010989010989,0.989010989010989,0.989010989010989,4824,1.0,89.99999555519622,90.0,90.00000526633156,0.9890109884742417,0.989010989010989,0.9890109896469426
307,5.116666666666666,True,valid,0.10357913504402652,0.05393902951256769,0.010845642093502235,0.8989616725308207,0.8989636407954417,5.642951831489904e-06,0.9815344414685004,0.02821788026248174,0.3793701248389268,0.00024682168438855585,1585.0,4.844189590918592,4.743615770088643e-06,0,15652,0.06357692182064056,188,1.0477378964424133e-09,3240,1.0,90.0,90.0,90.0,0.989010989010989,0.989010989010989,0.989010989010989,3240,1.0,90.0,90.0,90.0,0.989010989010989,0.989010989010989,0.989010989010989,4824,1.0,89.99999555519622,90.0,90.00000526633156,0.9890109884742417,0.989010989010989,0.9890109896469426
308,5.133333333333334,True,valid,0.08067264080021257,0.04888775624669927,0.009329339279790178,0.8652520248725121,0.865253832155119,2.5203377653869652e-06,0.8714880158523908,0.02307629915179266,0.08895871825850639,0.0002417515294146169,1585.0,4.49605694850084,4.734678368751604e-06,0,16480,0.07738715410232544,190,3.725290298461914e-09,3240,1.0,90.0,90.0,90.0,0.989010989010989,0.989010989010989,0.989010989010989,3240,1.0,90.0,90.0,90.0,0.989010989010989,0.989010989010989,0.989010989010989,4824,1.0,89.99999555519622,90.0,90.00000526633156,0.9890109884742417,0.989010989010989,0.9890109896469426
309,5.15,True,valid,0.0609972934354311,0.04992817668747716,0.008452737277491186,0.8314677419754483,0.8314695126012905,2.6883679735094807e-06,0.8333452572626634,0.022951477363851367,0.05524822461676131,0.00023905508729645143,1585.0,4.212304917608028,4.523958544476292e-06,0,16862,0.08977000415325165,189,2.7939677238464355e-09,3240,1.0,90.0,90.0,90.0,0.989010989010989,0.989010989010989,0.989010989010989,3240,1.0,90.0,90.0,90.0,0.989010989010989,0.989010989010989,0.989010989010989,4824,1.0,89.99999555519622,90.0,90.00000526633156,0.9890109884742417,0.989010989010989,0.9890109896469426
310,5.166666666666667,True,valid,0.04605303560022907,0.05449413627068321,0.00842408976773454,0.8012046210611324,0.8012063866379888,2.401422287444369e-06,0.8041668963566344,0.023176049078951762,0.075228050107433,0.00023931109053749978,1585.0,4.242138552926825,4.529096928128631e-06,0,17096,0.10132357478141785,191,5.587935447692871e-09,3240,1.0,90.0,90.0,90.0,0.989010989010989,0.989010989010989,0.989010989010989,3240,1.0,90.0,90.0,90.0,0.989010989010989,0.989010989010989,0.989010989010989,4824,1.0,89.99999555519622,90.0,90.00000526633156,0.9890109884742417,0.989010989010989,0.9890109896469426
311,5.183333333333334,True,valid,0.036759688244084425,0.060173594829172485,0.008862366119238149,0.7998151488265317,0.799816869700133,2.313387445505711e-06,0.7997274399339661,0.022363170626257388,0.02327434427954428,0.0002452580797794161,1585.0,4.417008637967529,4.64849229037189e-06,0,17280,0.11276248842477798,199,1.862645149230957e-09,3240,1.0,90.0,90.0,90.0,0.989010989010989,0.989010989010989,0.989010989010989,3240,1.0,90.0,90.0,90.0,0.989010989010989,0.989010989010989,0.989010989010989,4824,1.0,89.99999555519622,90.0,90.00000526633156,0.9890109884742417,0.989010989010989,0.9890109896469426
312,5.2,True,valid,0.03296733938339501,0.0648060133344769,0.00883783489147828,0.7591957543000919,0.759197425151567,2.233311088708172e-06,0.758903651595349,0.021528684803112253,0.018228743032700768,0.00023957102556399602,1585.0,3.9942690909373866,4.524588765789472e-06,0,17550,0.12451781332492828,205,7.450580596923828e-09,3240,1.0,90.0,90.0,90.0,0.989010989010989,0.989010989010989,0.989010989010989,3240,1.0,90.0,90.0,90.0,0.989010989010989,0.989010989010989,0.989010989010989,4824,1.0,89.99999555519622,90.0,90.00000526633156,0.9890109884742417,0.989010989010989,0.9890109896469426
313,5.216666666666667,True,valid,0.03281623651437788,0.06746581729445478,0.00839414754066691,0.7231453387381385,0.723146980684096,2.2739389466780266e-06,0.7228945570693276,0.02065634003889055,0.011816953092096382,0.00023433411846483654,1585.0,3.7782181669251775,4.398686107108883e-06,0,17780,0.13617295026779175,204,3.725290298461914e-09,3240,1.0,90.0,90.0,90.0,0.989010989010989,0.989010989010989,0.989010989010989,3240,1.0,90.0,90.0,90.0,0.989010989010989,0.989010989010989,0.989010989010989,4824,1.0,89.99999555519622,90.0,90.00000526633156,0.9890109884742417,0.989010989010989,0.9890109896469426
314,5.233333333333333,True,valid,0.03447913978479649,0.06790890673790186,0.0075076406948013045,0.6868770651649608,0.6868786289622315,2.0653743526956e-06,0.6866054637007429,0.019587050808078318,0.013032992908722726,0.0002177207161446962,1585.0,3.553649959314962,4.101620441364247e-06,0,17896,0.14763297140598297,198,7.450580596923828e-09,3240,1.0,90.0,90.0,90.0,0.989010989010989,0.989010989010989,0.989010989010989,3240,1.0,90.0,90.0,90.0,0.989010989010989,0.989010989010989,0.989010989010989,4824,1.0,89.99999555519622,90.0,90.00000526633156,0.9890109884742417,0.989010989010989,0.9890109896469426
315,5.25,True,valid,0.03775786031895693,0.06645204753390511,0.006249814541139493,0.6433356998034053,0.6433371801308027,1.9432084279569304e-06,0.6429644956815033,0.018374540190323103,0.0039773103948218995,0.0002045118711358142,1585.0,3.366076091288442,3.823740033372167e-06,0,17938,0.1589493751525879,180,7.450580596923828e-09,3240,1.0,90.0,90.0,90.0,0.989010989010989,0.989010989010989,0.989010989010989,3240,1.0,90.0,90.0,90.0,0.989010989010989,0.989010989010989,0.989010989010989,4824,1.0,89.99999555519622,90.0,90.00000526633156,0.9890109884742417,0.989010989010989,0.9890109896469426
316,5.266666666666667,True,valid,0.04404841218587187,0.06405892688056644,0.0049467149253239725,0.5900402291463172,0.5900416254242175,1.797750708830474e-06,0.5898028818963825,0.016967954422426684,0.0,0.00018954184763436382,1585.0,3.0229322604588122,3.506217767792353e-06,0,17891,0.17023150622844696,160,7.450580596923828e-09,3240,1.0,90.0,90.0,90.0,0.989010989010989,0.989010989010989,0.989010989010989,3240,1.0,90.0,90.0,90.0,0.989010989010989,0.989010989010989,0.989010989010989,4824,1.0,89.99999555519622,90.0,90.00000526633156,0.9890109884742417,0.989010989010989,0.9890109896469426
317,5.283333333333333,True,valid,0.05497135661926087,0.06186374018206484,0.00456495878179306,0.5448569967292201,0.5448582400663918,1.6300823641902803e-06,0.54469763663708,0.015503420034340309,0.007246527474644447,0.00017631986362177937,1585.0,2.91271492008804,3.242008795510833e-06,0,17806,0.18134289979934692,138,7.450580596923828e-09,3240,1.0,90.0,90.0,90.0,0.989010989010989,0.989010989010989,0.989010989010989,3240,1.0,90.0,90.0,90.0,0.989010989010989,0.989010989010989,0.989010989010989,4824,1.0,89.99999555519622,90.0,90.00000526633156,0.9890109884742417,0.989010989010989,0.9890109896469426
318,5.3,True,valid,0.07044470679870088,0.060981690288519,0.005794747541275445,0.5221072864800841,0.5221083048466736,1.4746193489444118e-06,0.52201203283169,0.01386356243757578,0.013704076213812902,0.00016927361625171185,1585.0,2.8786065386056676,3.144208291940677e-06,0,17663,0.191737562417984,122,3.725290298461914e-09,3240,1.0,90.0,90.0,90.0,0.989010989010989,0.989010989010989,0.989010989010989,3240,1.0,90.0,90.0,90.0,0.989010989010989,0.989010989010989,0.989010989010989,4824,1.0,89.99999555519622,90.0,90.00000526633156,0.9890109884742417,0.989010989010989,0.9890109896469426
319,5.316666666666666,True,valid,0.08898441267439167,0.06231899504575313,0.007886005832396676,0.5282619640765583,0.5282627685879352,1.3358400832819123e-06,0.5288582474005471,0.012066102080816682,0.02662419244949877,0.00016947436236524298,1585.0,2.758931023038025,3.222423259207505e-06,0,17521,0.20081214606761932,118,3.725290298461914e-09,3240,1.0,90.0,90.0,90.0,0.989010989010989,0.989010989010989,0.989010989010989,3240,1.0,90.0,90.0,90.0,0.989010989010989,0.989010989010989,0.989010989010989,4824,1.0,89.99999555519622,90.0,90.00000526633156,0.9890109884742417,0.989010989010989,0.9890109896469426
320,5.333333333333333,True,valid,0.10881341466781279,0.06608789420216479,0.010007477762179596,0.5505662203262544,0.5505667534448151,1.1443936241042924e-06,0.5565431738217665,0.010491728653993958,0.08110190368526327,0.00017541626488892434,1585.0,2.5052705868852745,3.4479335771150357e-06,0,17310,0.20820121467113495,107,7.450580596923828e-09,3240,1.0,90.0,90.0,90.0,0.989010989010989,0.989010989010989,0.989010989010989,3240,1.0,90.0,90.0,90.0,0.989010989010989,0.989010989010989,0.989010989010989,4824,1.0,89.99999555519622,90.0,90.00000526633156,0.9890109884742417,0.989010989010989,0.9890109896469426
321,5.35,True,valid,0.1286429817988,0.07208410947055839,0.01192836201399822,0.6132497553359062,0.6132503377374583,6.591935846230272e-06,0.7760266636492792,0.020399679185541777,0.44177218378730126,0.0001914089803102614,1585.0,3.911263976209042,4.893600090104917e-06,0,17132,0.2150876671075821,117,7.450580596923828e-09,3240,1.0,90.0,90.0,90.0,0.989010989010989,0.989010989010989,0.989010989010989,3240,1.0,90.0,90.0,90.0,0.989010989010989,0.989010989010989,0.989010989010989,4824,1.0,89.99999555519622,90.0,90.00000526633156,0.9890109884742417,0.989010989010989,0.9890109896469426
322,5.366666666666666,True,valid,0.14753393169669024,0.07968400989306165,0.013159627067175368,0.6172230203930588,0.6172231452804288,8.347402514499159e-06,0.6550254648549545,0.010447311105941291,0.19713808064854182,0.0001946154389821905,1585.0,3.0412486916275268,1.1451219883710916e-05,0,17206,0.21873462200164795,142,7.450580596923828e-09,3240,1.0,90.0,90.0,90.0,0.989010989010989,0.989010989010989,0.989010989010989,3240,1.0,90.0,90.0,90.0,0.989010989010989,0.989010989010989,0.989010989010989,4824,1.0,89.99999555519622,90.0,90.00000526633156,0.9890109884742417,0.989010989010989,0.9890109896469426
323,5.383333333333334,True,valid,0.16376934872781498,0.08790036369597477,0.014947183969551857,0.6477570470526955,0.6477570535757762,1.5110058325004829e-05,0.8036689504678005,0.021650158044566926,0.5221167655747828,0.0002083320550026506,1585.0,4.871374674254539,1.1135077600105054e-05,0,17418,0.22013236582279205,176,7.450580596923828e-09,3240,1.0,90.0,90.0,90.0,0.989010989010989,0.989010989010989,0.989010989010989,3240,1.0,90.0,90.0,90.0,0.989010989010989,0.989010989010989,0.989010989010989,4824,1.0,89.99999555519622,90.0,90.00000526633156,0.9890109884742417,0.989010989010989,0.9890109896469426
324,5.4,True,valid,0.177636846196888,0.09526641082547423,0.016303124381055967,0.6897982012484175,0.6897977958826581,1.6316207042453522e-05,0.8012133582989507,0.01850185432389421,0.46877793100073406,0.0001896951478598212,1585.0,3.6902406522130833,8.192189920386132e-06,0,17544,0.2187090516090393,174,7.450580596923828e-09,3240,1.0,90.0,90.0,90.0,0.989010989010989,0.989010989010989,0.989010989010989,3240,1.0,90.0,90.0,90.0,0.989010989010989,0.989010989010989,0.989010989010989,4824,1.0,89.99999555519622,90.0,90.00000526633156,0.9890109884742417,0.989010989010989,0.9890109896469426
325,5.416666666666667,True,valid,0.18862969361991588,0.10178482175883262,0.016892375470822726,0.7167098560882037,0.7167088926670191,9.905843549566759e-06,0.7580995736634614,0.004458448892127018,0.24384008541481275,0.0002131878433136871,1585.0,3.2779417751338737,4.605426307880241e-06,0,17572,0.21248476207256317,169,7.450580596923828e-09,3240,1.0,90.0,90.0,90.0,0.989010989010989,0.989010989010989,0.989010989010989,3240,1.0,90.0,90.0,90.0,0.989010989010989,0.989010989010989,0.989010989010989,4824,1.0,89.99999555519622,90.0,90.00000526633156,0.9890109884742417,0.989010989010989,0.9890109896469426
326,5.433333333333334,True,valid,0.19598610390786758,0.1070547961543046,0.017429862769312694,0.7470556494478937,0.747055705920776,6.64232348937287e-07,0.8036207274717533,0.0023367755939495017,0.2639763005083945,0.00020900679221036797,1585.0,3.5041868090995165,4.542497164736271e-06,0,17577,0.20338982343673706,174,7.450580596923828e-09,3240,1.0,90.0,90.0,90.0,0.989010989010989,0.989010989010989,0.989010989010989,3240,1.0,90.0,90.0,90.0,0.989010989010989,0.989010989010989,0.989010989010989,4824,1.0,89.99999555519622,90.0,90.00000526633156,0.9890109884742417,0.989010989010989,0.9890109896469426
327,5.45,True,valid,0.1990955123128032,0.11025475255211531,0.01807314081150013,0.7902199924105059,0.7902204355713355,5.7533038254424005e-06,0.8193596767542825,0.0050187997277351725,0.22304807311284364,0.00021451543855852332,1585.0,3.2949089425862614,4.840424299826316e-06,0,17574,0.1930253803730011,172,7.450580596923828e-09,3240,1.0,90.0,90.0,90.0,0.989010989010989,0.989010989010989,0.989010989010989,3240,1.0,90.0,90.0,90.0,0.989010989010989,0.989010989010989,0.989010989010989,4824,1.0,89.99999555519622,90.0,90.00000526633156,0.9890109884742417,0.989010989010989,0.9890109896469426
328,5.466666666666667,True,valid,0.1973223085313358,0.11087139015404461,0.018664724905161897,0.802973953078685,0.802974112002575,8.575688178479188e-07,0.8773148545307149,0.005854735167145107,0.3022037626641495,0.00019895532591959088,1585.0,3.1949835616144626,4.430927541871161e-06,0,17560,0.18160223960876465,173,7.450580596923828e-09,3240,1.0,90.0,90.0,90.0,0.989010989010989,0.989010989010989,0.989010989010989,3240,1.0,90.0,90.0,90.0,0.989010989010989,0.989010989010989,0.989010989010989,4824,1.0,89.99999555519622,90.0,90.00000526633156,0.9890109884742417,0.989010989010989,0.9890109896469426
329,5.483333333333333,True,valid,0.19047490677684056,0.10840063430883069,0.018569702940821806,0.8243949630104808,0.8243948052865449,4.098750868245907e-06,0.8808365530056662,0.007268632296769954,0.3579203712727687,0.00019555165102735567,1585.0,4.326835903347579,4.333372471417803e-06,0,17524,0.16861765086650848,174,7.450580596923828e-09,3240,1.0,90.0,90.0,90.0,0.989010989010989,0.989010989010989,0.989010989010989,3240,1.0,90.0,90.0,90.0,0.989010989010989,0.989010989010989,0.989010989010989,4824,1.0,89.99999555519622,90.0,90.00000526633156,0.9890109884742417,0.989010989010989,0.9890109896469426
330,5.5,True,valid,0.17817446835103296,0.10237957219101275,0.01784674778743731,0.8047369232923798,0.8047371842602851,2.1440421066877393e-06,0.8542357264227941,0.009044429276443233,0.3266973813996369,0.00019646301582795214,1585.0,3.1789355329530147,4.2286876556861006e-06,0,17458,0.1557006984949112,176,7.450580596923828e-09,3240,1.0,90.0,90.0,90.0,0.989010989010989,0.989010989010989,0.989010989010989,3240,1.0,90.0,90.0,90.0,0.989010989010989,0.989010989010989,0.989010989010989,4824,1.0,89.99999555519622,90.0,90.00000526633156,0.9890109884742417,0.989010989010989,0.9890109896469426
331,5.516666666666667,True,valid,0.16064991595514347,0.09288955589503943,0.016653969125899684,0.7764755841879796,0.776476119684679,1.5995231058474477e-06,0.8150186017597966,0.010804191420524353,0.2556437891278637,0.00018246601923174974,1585.0,3.045142606714941,3.831111008121235e-06,0,17366,0.14497476816177368,182,3.725290298461914e-09,3240,1.0,90.0,90.0,90.0,0.989010989010989,0.989010989010989,0.989010989010989,3240,1.0,90.0,90.0,90.0,0.989010989010989,0.989010989010989,0.989010989010989,4824,1.0,89.99999555519622,90.0,90.00000526633156,0.9890109884742417,0.989010989010989,0.9890109896469426
332,5.533333333333333,True,valid,0.13916152829149442,0.08027606889656487,0.014934226202860085,0.7447668773351985,0.7447674674465615,1.9712580064123204e-06,0.770046196242607,0.01264314152893101,0.20787679434110112,0.00016770108858521368,1585.0,3.321743707357282,3.477210359125871e-06,0,17226,0.1349252462387085,186,3.725290298461914e-09,3240,1.0,90.0,90.0,90.0,0.989010989010989,0.989010989010989,0.989010989010989,3240,1.0,90.0,90.0,90.0,0.989010989010989,0.989010989010989,0.989010989010989,4824,1.0,89.99999555519622,90.0,90.00000526633156,0.9890109884742417,0.989010989010989,0.9890109896469426
333,5.55,True,valid,0.11569500107413809,0.06555220632309712,0.012431396363558942,0.7197436472829066,0.7197431062360057,8.005965201993778e-06,0.7184265784495171,0.014544866489480323,0.17382973814471556,0.0001601581788307941,1585.0,4.653675063440998,3.5178439568722976e-06,0,17029,0.12580077350139618,187,3.725290298461914e-09,3240,1.0,90.0,90.0,90.0,0.989010989010989,0.989010989010989,0.989010989010989,3240,1.0,90.0,90.0,90.0,0.989010989010989,0.989010989010989,0.989010989010989,4824,1.0,89.99999555519622,90.0,90.00000526633156,0.9890109884742417,0.989010989010989,0.9890109896469426
334,5.566666666666666,True,valid,0.0921414433071431,0.05035049099730791,0.009559756539979997,0.6783362621210308,0.6783374552950143,8.421826203390147e-06,0.6915521402254036,0.016452418092855584,0.1406574965725773,0.00016500554502869375,1585.0,3.727778311455356,3.1787529295912313e-06,0,16674,0.11726800352334976,189,7.450580596923828e-09,3240,1.0,90.0,90.0,90.0,0.989010989010989,0.989010989010989,0.989010989010989,3240,1.0,90.0,90.0,90.0,0.989010989010989,0.989010989010989,0.989010989010989,4824,1.0,89.99999555519622,90.0,90.00000526633156,0.9890109884742417,0.989010989010989,0.9890109896469426
335,5.583333333333333,True,valid,0.07042736797674742,0.03709664460659859,0.007325081310582542,0.6817128591561278,0.681714074712901,3.841016417562638e-06,0.686130344276325,0.017593617354879288,0.08982183919442127,0.00017291122263297698,1585.0,3.7927596729056274,3.2332609436165865e-06,0,15804,0.10805562138557434,188,3.725290298461914e-09,3240,1.0,90.0,90.0,90.0,0.989010989010989,0.989010989010989,0.989010989010989,3240,1.0,90.0,90.0,90.0,0.989010989010989,0.989010989010989,0.989010989010989,4824,1.0,89.99999555519622,90.0,90.00000526633156,0.9890109884742417,0.989010989010989,0.9890109896469426
336,5.6,True,valid,0.052428510536678026,0.030126963714940135,0.0066523356105963145,0.6994381939745996,0.699439680887124,2.0471103538540087e-06,0.703494739016837,0.01939317056511476,0.07195542884646967,0.00018588736905671,1585.0,3.686677103487308,3.4660916533450993e-06,0,15737,0.09819377213716507,190,7.450580596923828e-09,3240,1.0,90.0,90.0,90.0,0.989010989010989,0.989010989010989,0.989010989010989,3240,1.0,90.0,90.0,90.0,0.989010989010989,0.989010989010989,0.989010989010989,4824,1.0,89.99999555519622,90.0,90.00000526633156,0.9890109884742417,0.989010989010989,0.9890109896469426
337,5.616666666666666,True,valid,0.040035915350297484,0.032416705162031385,0.007372106107521883,0.7363093056125429,0.7363108590952425,3.221948807254018e-06,0.7358527638606359,0.0206250505893099,0.06381120484980123,0.00019929620452319586,1585.0,3.840215165166751,3.7621380796826545e-06,0,16450,0.0875144898891449,183,7.450580596923828e-09,3240,1.0,90.0,90.0,90.0,0.989010989010989,0.989010989010989,0.989010989010989,3240,1.0,90.0,90.0,90.0,0.989010989010989,0.989010989010989,0.989010989010989,4824,1.0,89.99999555519622,90.0,90.00000526633156,0.9890109884742417,0.989010989010989,0.9890109896469426
338,5.633333333333334,True,valid,0.03387128251261452,0.03965563455215803,0.008498194766855519,0.7770439588950308,0.7770457927642577,1.0198697192226763e-05,0.7740271238670057,0.02169551196033004,0.06928541122651016,0.00021585669160780084,1585.0,4.209174805478083,4.114627047414717e-06,0,16710,0.07650434970855713,182,5.587935447692871e-09,3240,1.0,90.0,90.0,90.0,0.989010989010989,0.989010989010989,0.989010989010989,3240,1.0,90.0,90.0,90.0,0.989010989010989,0.989010989010989,0.989010989010989,4824,1.0,89.99999555519622,90.0,90.00000526633156,0.9890109884742417,0.989010989010989,0.9890109896469426
339,5.65,True,valid,0.03172535689557378,0.04667636389803176,0.009322311209583801,0.8017107910358597,0.801712491859803,2.286147921191454e-06,0.8010964429408254,0.02231394032711191,0.018253462183642526,0.00022976364617126012,1585.0,4.3689088372055345,4.376474211197993e-06,0,16878,0.06548389047384262,178,1.862645149230957e-09,3240,1.0,90.0,90.0,90.0,0.989010989010989,0.989010989010989,0.989010989010989,3240,1.0,90.0,90.0,90.0,0.989010989010989,0.989010989010989,0.989010989010989,4824,1.0,89.99999555519622,90.0,90.00000526633156,0.9890109884742417,0.989010989010989,0.9890109896469426
340,5.666666666666667,True,valid,0.030447886235235533,0.05122191657668218,0.009508564624045954,0.8184243755386587,0.81842612929871,2.597557674319676e-06,0.8179400421493899,0.02276063441870344,0.025394071841515015,0.00023901892572716113,1585.0,4.357888764792386,4.552633517649721e-06,0,17016,0.0610559843480587,176,2.7939677238464355e-09,3240,1.0,90.0,90.0,90.0,0.989010989010989,0.989010989010989,0.989010989010989,3240,1.0,90.0,90.0,90.0,0.989010989010989,0.989010989010989,0.989010989010989,4824,1.0,89.99999555519622,90.0,90.00000526633156,0.9890109884742417,0.989010989010989,0.9890109896469426
341,5.683333333333334,True,valid,0.028831958650853744,0.052776977638651294,0.008984305455101918,0.8229178820675626,0.8229196562676752,2.501749473091477e-06,0.8223758030994349,0.02303571403454467,0.021325033070184126,0.0002421006546611081,1585.0,4.261810994791874,4.599558710867646e-06,0,17146,0.07433467358350754,173,3.725290298461914e-09,3240,1.0,90.0,90.0,90.0,0.989010989010989,0.989010989010989,0.989010989010989,3240,1.0,90.0,90.0,90.0,0.989010989010989,0.989010989010989,0.989010989010989,4824,1.0,89.99999555519622,90.0,90.00000526633156,0.9890109884742417,0.989010989010989,0.9890109896469426
342,5.7,True,valid,0.028550189398067242,0.05190895687994376,0.00792990350086662,0.8218721814343743,0.8218740105188597,2.3908249226961074e-06,0.8215454213605443,0.023135072190891587,0.014001847670507692,0.00024119124945781823,1585.0,4.237393251835342,4.562891924364287e-06,0,17400,0.0880604162812233,168,2.561137080192566e-09,3240,1.0,90.0,90.0,90.0,0.989010989010989,0.989010989010989,0.989010989010989,3240,1.0,90.0,90.0,90.0,0.989010989010989,0.989010989010989,0.989010989010989,4824,1.0,89.99999555519622,90.0,90.00000526633156,0.9890109884742417,0.989010989010989,0.9890109896469426
343,5.716666666666667,True,valid,0.03352737179844854,0.04992943600585996,0.006728752378224729,0.8180632537182402,0.8180651139734728,2.511162650326199e-06,0.817710413857688,0.023137275435427002,0.014642817126382091,0.0002360802468012871,1585.0,4.162961812660159,4.424721428359926e-06,0,17446,0.10211968421936035,142,2.7939677238464355e-09,3240,1.0,90.0,90.0,90.0,0.989010989010989,0.989010989010989,0.989010989010989,3240,1.0,90.0,90.0,90.0,0.989010989010989,0.989010989010989,0.989010989010989,4824,1.0,89.99999555519622,90.0,90.00000526633156,0.9890109884742417,0.989010989010989,0.9890109896469426
344,5.733333333333333,True,valid,0.04584406967734079,0.04859853172825757,0.006158478281291557,0.8154578777226595,0.8154596896140976,2.338814230978049e-06,0.8152531436634456,0.02298261761358242,0.014988908379831209,0.0002297677274516733,1585.0,4.325685869582813,4.2569481609708514e-06,0,17470,0.11637289077043533,127,1.862645149230957e-09,3240,1.0,90.0,90.0,90.0,0.989010989010989,0.989010989010989,0.989010989010989,3240,1.0,90.0,90.0,90.0,0.989010989010989,0.989010989010989,0.989010989010989,4824,1.0,89.99999555519622,90.0,90.00000526633156,0.9890109884742417,0.989010989010989,0.9890109896469426
345,5.75,True,valid,0.0640088407258394,0.04955013947247155,0.007000310144531863,0.821657305126323,0.8216590430566579,2.3124140831919843e-06,0.8214345190852181,0.02258887620358694,0.025083064888028413,0.00022357338511296238,1585.0,4.504574123441206,4.118789192196747e-06,0,17476,0.1304699033498764,111,3.725290298461914e-09,3240,1.0,90.0,90.0,90.0,0.989010989010989,0.989010989010989,0.989010989010989,3240,1.0,90.0,90.0,90.0,0.989010989010989,0.989010989010989,0.989010989010989,4824,1.0,89.99999555519622,90.0,90.00000526633156,0.9890109884742417,0.989010989010989,0.9890109896469426
346,5.766666666666667,True,valid,0.08566898026475586,0.05330748514202277,0.00895294528046005,0.8405901071037798,0.8405917408417413,3.5714980651564805e-06,0.8401872310361027,0.022131660346880556,0.037495803063783355,0.00022590688428808666,1585.0,4.597956253929797,4.176829881609212e-06,0,17440,0.14363937079906464,107,3.725290298461914e-09,3240,1.0,90.0,90.0,90.0,0.989010989010989,0.989010989010989,0.989010989010989,3240,1.0,90.0,90.0,90.0,0.989010989010989,0.989010989010989,0.989010989010989,4824,1.0,89.99999555519622,90.0,90.00000526633156,0.9890109884742417,0.989010989010989,0.9890109896469426
347,5.783333333333333,True,valid,0.10847470457393557,0.05937706848163681,0.011201980527659154,0.8734710893894534,0.8734727032327568,3.1046563590804837e-06,0.871298520961286,0.03882192760827719,0.05598767448037747,0.0002315181819732635,1585.0,4.706468942769179,4.428134487446366e-06,0,17229,0.15553775429725647,110,5.587935447692871e-09,3240,1.0,90.0,90.0,90.0,0.989010989010989,0.989010989010989,0.989010989010989,3240,1.0,90.0,90.0,90.0,0.989010989010989,0.989010989010989,0.989010989010989,4824,1.0,89.99999555519622,90.0,90.00000526633156,0.9890109884742417,0.989010989010989,0.9890109896469426
348,5.8,True,valid,0.13036588768717386,0.06665342869839093,0.013233509933338012,0.9059874187393737,0.9059854670066694,4.0116867607833626e-05,0.9127417250750764,0.02227549836963224,0.18478220324354308,0.00023329510623693384,1585.0,4.687223116811227,4.538064276200121e-06,0,16734,0.16549760103225708,147,7.450580596923828e-09,3240,1.0,90.0,90.0,90.0,0.989010989010989,0.989010989010989,0.989010989010989,3240,1.0,90.0,90.0,90.0,0.989010989010989,0.989010989010989,0.989010989010989,4824,1.0,89.99999555519622,90.0,90.00000526633156,0.9890109884742417,0.989010989010989,0.9890109896469426
349,5.816666666666666,True,valid,0.1495000413038858,0.0737758306578326,0.01504258013712539,0.926061183835076,0.9260621809986349,2.6726739309424973e-06,0.9252326169075321,0.02007979765407044,0.19169326694965919,0.00024400355008590672,1585.0,4.502610206474271,4.8408945419920925e-06,0,16346,0.1728445291519165,162,3.725290298461914e-09,3240,1.0,90.0,90.0,90.0,0.989010989010989,0.989010989010989,0.989010989010989,3240,1.0,90.0,90.0,90.0,0.989010989010989,0.989010989010989,0.989010989010989,4824,1.0,89.99999555519622,90.0,90.00000526633156,0.9890109884742417,0.989010989010989,0.9890109896469426
350,5.833333333333333,True,valid,0.164909564358649,0.08048966292500888,0.016198412205674053,0.9204732127839127,0.9204742322843258,1.9684822034591713e-06,0.937620104909363,0.018367269556476103,0.1767989009194092,0.0002456973665553321,1585.0,4.139791682042106,4.964223587482071e-06,0,16275,0.17731858789920807,161,3.725290298461914e-09,3240,1.0,90.0,90.0,90.0,0.989010989010989,0.989010989010989,0.989010989010989,3240,1.0,90.0,90.0,90.0,0.989010989010989,0.989010989010989,0.989010989010989,4824,1.0,89.99999555519622,90.0,90.00000526633156,0.9890109884742417,0.989010989010989,0.9890109896469426
351,5.85,True,valid,0.1760338284546425,0.08601764142797592,0.01683613534039887,0.9132732835112772,0.9132741887886822,1.8691798303618113e-06,0.9302553590740624,0.016839348823247086,0.14436927496971214,0.00025454016607868356,1585.0,3.7988950411222118,5.1869577473270434e-06,0,16302,0.1802562177181244,151,3.725290298461914e-09,3240,1.0,90.0,90.0,90.0,0.989010989010989,0.989010989010989,0.989010989010989,3240,1.0,90.0,90.0,90.0,0.989010989010989,0.989010989010989,0.989010989010989,4824,1.0,89.99999555519622,90.0,90.00000526633156,0.9890109884742417,0.989010989010989,0.9890109896469426
352,5.866666666666666,True,valid,0.182710951806385,0.09035952823619696,0.017040997979482404,0.8878293919152169,0.887829505747285,2.921204129973724e-05,0.9861361657841649,0.04374132616335238,0.4984905146738763,0.00025915759206954523,1585.0,4.118806340089163,1.1049054010137007e-05,0,16491,0.18103614449501038,151,7.450580596923828e-09,3240,1.0,90.0,90.0,90.0,0.989010989010989,0.989010989010989,0.989010989010989,3240,1.0,90.0,90.0,90.0,0.989010989010989,0.989010989010989,0.989010989010989,4824,1.0,89.99999555519622,90.0,90.00000526633156,0.9890109884742417,0.989010989010989,0.9890109896469426
353,5.883333333333334,True,valid,0.18535611731075408,0.09356394602114139,0.016958152463690923,0.856740506523768,0.8567412652266744,2.037487227508021e-06,0.9188299950654547,0.05116040525014152,0.2928669085527379,0.00027330802547806296,1585.0,3.206275270019151,5.3968344413322966e-06,0,16887,0.17936921119689941,170,3.725290298461914e-09,3240,1.0,90.0,90.0,90.0,0.989010989010989,0.989010989010989,0.989010989010989,3240,1.0,90.0,90.0,90.0,0.989010989010989,0.989010989010989,0.989010989010989,4824,1.0,89.99999555519622,90.0,90.00000526633156,0.9890109884742417,0.989010989010989,0.9890109896469426
354,5.9,True,valid,0.18423375358217292,0.09548435860511431,0.016769729630509156,0.8389485109517817,0.8389490951684806,1.5803183942304331e-06,0.8489891524096987,0.012245535060056625,0.19319426438191664,0.0002422046017493818,1585.0,4.763589888194485,5.091660011440207e-06,0,17070,0.1774837076663971,164,3.725290298461914e-09,3240,1.0,90.0,90.0,90.0,0.989010989010989,0.989010989010989,0.989010989010989,3240,1.0,90.0,90.0,90.0,0.989010989010989,0.989010989010989,0.989010989010989,4824,1.0,89.99999555519622,90.0,90.00000526633156,0.9890109884742417,0.989010989010989,0.9890109896469426
355,5.916666666666667,True,valid,0.17922685379762346,0.09579208177850784,0.016616247298733684,0.7981910004911336,0.7981911345342974,2.811156012093854e-06,0.8164542639677533,0.010984472069858127,0.19493942328727526,0.0002376145349327767,1585.0,3.9695589674130227,4.9774110174772984e-06,0,17154,0.1736248880624771,162,7.450580596923828e-09,3240,1.0,90.0,90.0,90.0,0.989010989010989,0.989010989010989,0.989010989010989,3240,1.0,90.0,90.0,90.0,0.989010989010989,0.989010989010989,0.989010989010989,4824,1.0,89.99999555519622,90.0,90.00000526633156,0.9890109884742417,0.989010989010989,0.9890109896469426
356,5.933333333333334,True,valid,0.17044311780450733,0.0941530822540581,0.01652290025452208,0.743607364414966,0.7436076174454129,7.629525816401856e-06,0.8069134856343176,0.02075878376302955,0.3614534969568763,0.00022897524991653733,1585.0,3.086548611832349,4.889789760444593e-06,0,17178,0.168190136551857,160,7.450580596923828e-09,3240,1.0,90.0,90.0,90.0,0.989010989010989,0.989010989010989,0.989010989010989,3240,1.0,90.0,90.0,90.0,0.989010989010989,0.989010989010989,0.989010989010989,4824,1.0,89.99999555519622,90.0,90.00000526633156,0.9890109884742417,0.989010989010989,0.9890109896469426
357,5.95,True,valid,0.15804896610219474,0.09042492373787485,0.01607061006362499,0.6953876874291662,0.695387876857665,8.95057212793575e-07,0.7290218444246459,0.007660831221647553,0.21931272891054943,0.00020770194769202026,1585.0,2.8748531507027333,4.350809209349898e-06,0,17150,0.16163024306297302,161,7.450580596923828e-09,3240,1.0,90.0,90.0,90.0,0.989010989010989,0.989010989010989,0.989010989010989,3240,1.0,90.0,90.0,90.0,0.989010989010989,0.989010989010989,0.989010989010989,4824,1.0,89.99999555519622,90.0,90.00000526633156,0.9890109884742417,0.989010989010989,0.9890109896469426
358,5.966666666666667,True,valid,0.14202170935625869,0.08422719416839243,0.015111144014152013,0.6278882275466949,0.6278883617153062,7.798172595237595e-07,0.6562594677010624,0.005253386003899559,0.16926379028817334,0.0001938789925210455,1585.0,2.612967689870813,4.037020408489435e-06,0,17082,0.1550319492816925,161,7.450580596923828e-09,3240,1.0,90.0,90.0,90.0,0.989010989010989,0.989010989010989,0.989010989010989,3240,1.0,90.0,90.0,90.0,0.989010989010989,0.989010989010989,0.989010989010989,4824,1.0,89.99999555519622,90.0,90.00000526633156,0.9890109884742417,0.989010989010989,0.9890109896469426
359,5.983333333333333,True,valid,0.1228832060724694,0.07533996913178248,0.013555740264704033,0.5528396363733802,0.5528397231537954,6.514489048012499e-07,0.5679888105500738,0.0036523879062598285,0.10869405421598106,0.00016562835566260914,1585.0,2.324371722042778,3.4240240125734786e-06,0,17002,0.14857308566570282,172,7.450580596923828e-09,3240,1.0,90.0,90.0,90.0,0.989010989010989,0.989010989010989,0.989010989010989,3240,1.0,90.0,90.0,90.0,0.989010989010989,0.989010989010989,0.989010989010989,4824,1.0,89.99999555519622,90.0,90.00000526633156,0.9890109884742417,0.989010989010989,0.9890109896469426
360,6.0,True,valid,0.1018978465190757,0.06419892639768283,0.011309935726054952,0.47861704334858823,0.47861663349224753,7.460189671173789e-06,0.4967595526889925,0.010825468544110827,0.2963174744441746,0.0001491709514760004,1585.0,4.184855581567121,3.203848593394774e-06,0,16886,0.14257222414016724,185,7.450580596923828e-09,3240,1.0,90.0,90.0,90.0,0.989010989010989,0.989010989010989,0.989010989010989,3240,1.0,90.0,90.0,90.0,0.989010989010989,0.989010989010989,0.989010989010989,4824,1.0,89.99999555519622,90.0,90.00000526633156,0.9890109884742417,0.989010989010989,0.9890109896469426
