frame,time_s,valid,status,stretch_score,shear_score,bend_score,original_rms_N,alm_rms_N,constitutive_gap_rms_N,elastic_rms_N,damping_rms_N,contact_rms_N,inertia_rms_N,free_vertices,original_max_N,iterate_change_rms_m,self_contact_vt_candidates,self_contact_ee_candidates,body_max_abs_translation_m,soft_contact_count,pin_error_m,tri_stretch_active_rows,tri_stretch_floor_fraction,tri_stretch_rho_over_k_min,tri_stretch_rho_over_k_median,tri_stretch_rho_over_k_max,tri_stretch_effective_over_k_min,tri_stretch_effective_over_k_median,tri_stretch_effective_over_k_max,tri_area_active_rows,tri_area_floor_fraction,tri_area_rho_over_k_min,tri_area_rho_over_k_median,tri_area_rho_over_k_max,tri_area_effective_over_k_min,tri_area_effective_over_k_median,tri_area_effective_over_k_max,bend_active_rows,bend_floor_fraction,bend_rho_over_k_min,bend_rho_over_k_median,bend_rho_over_k_max,bend_effective_over_k_min,bend_effective_over_k_median,bend_effective_over_k_max
0,0.0,True,valid,0.0,0.0,0.0,,,,,,,,,,,0,0,0.1509999930858612,0,0.0,0,,,,,,,,0,,,,,,,,0,,,,,,,
1,0.016666666666666666,True,valid,0.002940783482958056,0.0015767454518671139,0.0008720171737345489,0.925573646071246,0.92558249432417,4.49735976188916e-05,0.9256517321311534,0.008449732005257964,0.0,0.00012428829237563546,1585.0,1.9204120111108673,2.2993193380572368e-06,0,15504,0.14950264990329742,0,0.0,3240,1.0,20.0,20.0,20.0,0.9523809523809523,0.9523809523809523,0.9523809523809523,3240,1.0,20.0,20.0,20.0,0.9523809523809523,0.9523809523809523,0.9523809523809523,4824,1.0,19.999999115898813,20.0,20.000001072883382,0.9523809503761878,0.9523809523809523,0.9523809548137944
2,0.03333333333333333,True,valid,0.006005540892814087,0.0034664241538601053,0.0073137114742266975,1.6816094333085356,1.6816171681402643,5.117183726526112e-05,1.6819298562661398,0.011722028680809156,0.0,0.00018401721770627323,1585.0,4.549757140448627,3.682394099471902e-06,0,15504,0.14528286457061768,0,0.0,3240,1.0,20.0,20.0,20.0,0.9523809523809523,0.9523809523809523,0.9523809523809523,3240,1.0,20.0,20.0,20.0,0.9523809523809523,0.9523809523809523,0.9523809523809523,4824,1.0,19.999999115898813,20.0,20.000001072883382,0.9523809503761878,0.9523809523809523,0.9523809548137944
3,0.05,True,valid,0.0061638345671443375,0.004242277882640158,0.016784667960011223,1.6231457066242958,1.6231529258986532,4.6849022940155084e-05,1.6231427506854812,0.010237129934445942,0.0,0.00014925497295117167,1585.0,5.579917548032424,3.140074713010938e-06,0,15512,0.13834063708782196,0,0.0,3240,1.0,20.0,20.0,20.0,0.9523809523809523,0.9523809523809523,0.9523809523809523,3240,1.0,20.0,20.0,20.0,0.9523809523809523,0.9523809523809523,0.9523809523809523,4824,1.0,19.999999115898813,20.0,20.000001072883382,0.9523809503761878,0.9523809523809523,0.9523809548137944
4,0.06666666666666667,True,valid,0.006497943898147428,0.005759543003470662,0.02395562630745922,1.7988826822569364,1.7988891135214296,4.289024282552408e-05,1.7982321692269427,0.008458080569654395,0.0,0.00012367543426184568,1585.0,10.599984871032191,3.0160164878590517e-06,0,15548,0.12867596745491028,14,0.0,3240,1.0,20.0,20.0,20.0,0.9523809523809523,0.9523809523809523,0.9523809523809523,3240,1.0,20.0,20.0,20.0,0.9523809523809523,0.9523809523809523,0.9523809523809523,4824,1.0,19.999999115898813,20.0,20.000001072883382,0.9523809503761878,0.9523809523809523,0.9523809548137944
5,0.08333333333333333,True,valid,0.0070369745551365145,0.005804102397446638,0.023610404038706536,1.810464959116314,1.8104762986021359,0.0002938485415972481,1.824707295621937,0.016994315684264603,0.12503871128039326,0.0001501828686752571,1585.0,7.026061391005747,3.3189260197373305e-06,0,15572,0.11628885567188263,77,0.0,3240,1.0,20.0,20.0,20.0,0.9523809523809523,0.9523809523809523,0.9523809523809523,3240,1.0,20.0,20.0,20.0,0.9523809523809523,0.9523809523809523,0.9523809523809523,4824,1.0,19.999999115898813,20.0,20.000001072883382,0.9523809503761878,0.9523809523809523,0.9523809548137944
6,0.1,True,valid,0.006816237952627445,0.005097395798635803,0.019173285402461417,1.9608474862262357,1.9605793430416611,0.002662102219916987,2.3840355431148206,0.07109018263383113,1.9188071616837157,0.00016809730954305078,1585.0,25.91483088422538,3.922727421453764e-06,0,15542,0.10117930173873901,134,0.0,3240,1.0,20.0,20.0,20.0,0.9523809523809523,0.9523809523809523,0.9523809523809523,3240,1.0,20.0,20.0,20.0,0.9523809523809523,0.9523809523809523,0.9523809523809523,4824,1.0,19.999999115898813,20.0,20.000001072883382,0.9523809503761878,0.9523809523809523,0.9523809548137944
7,0.11666666666666667,True,valid,0.005098391950131755,0.004063407656494449,0.015271157351779871,1.4244913366045724,1.424500973474297,4.873408129448526e-05,1.4309987003627491,0.013710305806673182,0.08052033627129536,0.00014061609858912296,1585.0,4.616120678674842,2.8229934998602934e-06,0,15512,0.10353517532348633,135,0.0,3240,1.0,20.0,20.0,20.0,0.9523809523809523,0.9523809523809523,0.9523809523809523,3240,1.0,20.0,20.0,20.0,0.9523809523809523,0.9523809523809523,0.9523809523809523,4824,1.0,19.999999115898813,20.0,20.000001072883382,0.9523809503761878,0.9523809523809523,0.9523809548137944
8,0.13333333333333333,True,valid,0.003540842569867139,0.0027474032590627338,0.011468837375533544,1.0079792140203587,1.0079868327059576,0.0003136159359387102,1.042854520917399,0.008873130155707641,0.16423496780726324,0.00010978390877143331,1585.0,5.591851478734736,2.1426911746101405e-06,0,15509,0.10441617667675018,134,0.0,3240,1.0,20.0,20.0,20.0,0.9523809523809523,0.9523809523809523,0.9523809523809523,3240,1.0,20.0,20.0,20.0,0.9523809523809523,0.9523809523809523,0.9523809523809523,4824,1.0,19.999999115898813,20.0,20.000001072883382,0.9523809503761878,0.9523809523809523,0.9523809548137944
9,0.15,True,valid,0.0035451833391873617,0.002321940782744972,0.008704639792558429,1.0251656068199408,1.0251868164774,0.0007446549010260195,1.1504756874766742,0.017218322767781492,0.7012798444168308,0.00012079965914519531,1585.0,5.98766581813291,2.328332109480765e-06,0,15504,0.10543059557676315,130,0.0,3240,1.0,20.0,20.0,20.0,0.9523809523809523,0.9523809523809523,0.9523809523809523,3240,1.0,20.0,20.0,20.0,0.9523809523809523,0.9523809523809523,0.9523809523809523,4824,1.0,19.999999115898813,20.0,20.000001072883382,0.9523809503761878,0.9523809523809523,0.9523809548137944
10,0.16666666666666666,True,valid,0.004403166224540662,0.0025298511382409804,0.008198464230382048,1.2375524276179342,1.2375596422119657,4.523251455471447e-05,1.2376149704221184,0.0046336388903366835,0.013995500999085492,0.0001396498215529436,1585.0,3.4606541180584545,2.6930519841068045e-06,0,15504,0.10535205155611038,126,0.0,3240,1.0,20.0,20.0,20.0,0.9523809523809523,0.9523809523809523,0.9523809523809523,3240,1.0,20.0,20.0,20.0,0.9523809523809523,0.9523809523809523,0.9523809523809523,4824,1.0,19.999999115898813,20.0,20.000001072883382,0.9523809503761878,0.9523809523809523,0.9523809548137944
11,0.18333333333333332,True,valid,0.004895219798598338,0.0025709513172408886,0.009366750217217619,1.2966123258797884,1.2966192566783117,4.560320680059067e-05,1.2987072385849054,0.00471613522782127,0.040972523639002875,0.0001439280204710417,1585.0,3.337470795315849,2.8209523324675364e-06,0,15504,0.10261306911706924,126,0.0,3240,1.0,20.0,20.0,20.0,0.9523809523809523,0.9523809523809523,0.9523809523809523,3240,1.0,20.0,20.0,20.0,0.9523809523809523,0.9523809523809523,0.9523809523809523,4824,1.0,19.999999115898813,20.0,20.000001072883382,0.9523809503761878,0.9523809523809523,0.9523809548137944
12,0.2,True,valid,0.004778826412554297,0.002640550714704789,0.012524954562703562,1.2166674404439355,1.2166740839662313,4.402950669239762e-05,1.2217766974125632,0.013667270658688852,0.09281907908830378,0.00013145347262715537,1585.0,2.84470850986732,2.593949531261699e-06,0,15504,0.09715164452791214,136,0.0,3240,1.0,20.0,20.0,20.0,0.9523809523809523,0.9523809523809523,0.9523809523809523,3240,1.0,20.0,20.0,20.0,0.9523809523809523,0.9523809523809523,0.9523809523809523,4824,1.0,19.999999115898813,20.0,20.000001072883382,0.9523809503761878,0.9523809523809523,0.9523809548137944
13,0.21666666666666667,True,valid,0.00494094729593026,0.0033841902274944036,0.01636325960947213,1.2853171851727614,1.2853234554493578,4.40912843229365e-05,1.299337103472697,0.00611480041577717,0.11605553168591526,0.00012508051017894804,1585.0,4.525058214506356,2.539237827972075e-06,0,15508,0.08940748125314713,149,0.0,3240,1.0,20.0,20.0,20.0,0.9523809523809523,0.9523809523809523,0.9523809523809523,3240,1.0,20.0,20.0,20.0,0.9523809523809523,0.9523809523809523,0.9523809523809523,4824,1.0,19.999999115898813,20.0,20.000001072883382,0.9523809503761878,0.9523809523809523,0.9523809548137944
14,0.23333333333333334,True,valid,0.005643528527327072,0.004324937965383437,0.018074801216895156,1.4919980642039645,1.4922270074047317,0.001299944350996171,1.7213699378354415,0.03382640659530885,1.4481675737109554,0.0001360746581415889,1585.0,14.050718398499827,2.978664017933898e-06,0,15512,0.0802878811955452,161,0.0,3240,1.0,20.0,20.0,20.0,0.9523809523809523,0.9523809523809523,0.9523809523809523,3240,1.0,20.0,20.0,20.0,0.9523809523809523,0.9523809523809523,0.9523809523809523,4824,1.0,19.999999115898813,20.0,20.000001072883382,0.9523809503761878,0.9523809523809523,0.9523809548137944
15,0.25,True,valid,0.00609418409595037,0.00504077740590187,0.017696811324486476,1.5813624648583964,1.5813684936591712,4.669276269721204e-05,1.595155451665143,0.006175204241619769,0.11630838877804801,0.00015044863489237627,1585.0,4.602992489335556,3.1237419571338277e-06,0,15512,0.07825538516044617,160,0.0,3240,1.0,20.0,20.0,20.0,0.9523809523809523,0.9523809523809523,0.9523809523809523,3240,1.0,20.0,20.0,20.0,0.9523809523809523,0.9523809523809523,0.9523809523809523,4824,1.0,19.999999115898813,20.0,20.000001072883382,0.9523809503761878,0.9523809523809523,0.9523809548137944
16,0.26666666666666666,True,valid,0.005592262177696426,0.005045651890469408,0.016145552910950677,1.489137684083846,1.489131686512178,0.0003854528724903183,1.5103720582285107,0.007984117513886418,0.1726195320005505,0.00014530421943985137,1585.0,3.6249128201527308,2.992926179874691e-06,0,15512,0.07673458009958267,156,0.0,3240,1.0,20.0,20.0,20.0,0.9523809523809523,0.9523809523809523,0.9523809523809523,3240,1.0,20.0,20.0,20.0,0.9523809523809523,0.9523809523809523,0.9523809523809523,4824,1.0,19.999999115898813,20.0,20.000001072883382,0.9523809503761878,0.9523809523809523,0.9523809548137944
17,0.2833333333333333,True,valid,0.004593186887012049,0.004242874307302328,0.014158514508245216,1.259246537888422,1.2592456649405752,0.0005602495500591402,1.287523739299325,0.008802571474762084,0.1760059548146228,0.00012839975647395774,1585.0,3.5812568064517984,2.5785972363563915e-06,0,15512,0.07679878175258636,154,0.0,3240,1.0,20.0,20.0,20.0,0.9523809523809523,0.9523809523809523,0.9523809523809523,3240,1.0,20.0,20.0,20.0,0.9523809523809523,0.9523809523809523,0.9523809523809523,4824,1.0,19.999999115898813,20.0,20.000001072883382,0.9523809503761878,0.9523809523809523,0.9523809548137944
18,0.3,True,valid,0.004081827080119289,0.00312718285146719,0.011934202349726055,1.1579043413850234,1.1579490103379828,0.001031511606665439,1.3568040266751749,0.007172649174096337,1.0579540206013798,0.00012110228690749862,1585.0,11.347135368821723,2.42785296139485e-06,0,15504,0.07701756805181503,152,0.0,3240,1.0,20.0,20.0,20.0,0.9523809523809523,0.9523809523809523,0.9523809523809523,3240,1.0,20.0,20.0,20.0,0.9523809523809523,0.9523809523809523,0.9523809523809523,4824,1.0,19.999999115898813,20.0,20.000001072883382,0.9523809503761878,0.9523809523809523,0.9523809548137944
19,0.31666666666666665,True,valid,0.004350968875997201,0.0025455211910228566,0.010427637212049144,1.1856180822542335,1.1857405702410004,0.0006401065887819169,1.2216191745880973,0.006599096640853251,0.8377110127339056,0.00012860705732433217,1585.0,14.170476485609447,2.608463390751784e-06,0,15504,0.0767255574464798,151,0.0,3240,1.0,20.0,20.0,20.0,0.9523809523809523,0.9523809523809523,0.9523809523809523,3240,1.0,20.0,20.0,20.0,0.9523809523809523,0.9523809523809523,0.9523809523809523,4824,1.0,19.999999115898813,20.0,20.000001072883382,0.9523809503761878,0.9523809523809523,0.9523809548137944
20,0.3333333333333333,True,valid,0.0047849996256246335,0.002547907512997602,0.010846498978517609,1.2000126287166895,1.2000201671925597,0.0001027866570931745,1.20357439674507,0.003418272822052348,0.05437970421361078,0.00013506596446072707,1585.0,2.8924746123031313,2.6444188127482466e-06,0,15504,0.07538597285747528,151,0.0,3240,1.0,20.0,20.0,20.0,0.9523809523809523,0.9523809523809523,0.9523809523809523,3240,1.0,20.0,20.0,20.0,0.9523809523809523,0.9523809523809523,0.9523809523809523,4824,1.0,19.999999115898813,20.0,20.000001072883382,0.9523809503761878,0.9523809523809523,0.9523809548137944
21,0.35,True,valid,0.004954395892897053,0.0026231402609976596,0.012794983722154605,1.2336042090870123,1.233629259015763,0.00046900846693605913,1.2817050968876944,0.013501640533490039,0.5213987596814732,0.00013184568321117203,1585.0,5.627931433293421,2.6468473142984454e-06,0,15504,0.07279622554779053,157,0.0,3240,1.0,20.0,20.0,20.0,0.9523809523809523,0.9523809523809523,0.9523809523809523,3240,1.0,20.0,20.0,20.0,0.9523809523809523,0.9523809523809523,0.9523809523809523,4824,1.0,19.999999115898813,20.0,20.000001072883382,0.9523809503761878,0.9523809523809523,0.9523809548137944
22,0.36666666666666664,True,valid,0.005089562564486546,0.002981205280295153,0.015023818307308558,1.2696539951002632,1.269659729935807,7.576871477422136e-05,1.2847202698554117,0.003979652086237782,0.11437840500444153,0.0001288007440530287,1585.0,3.4884982636304285,2.602556496922982e-06,0,15505,0.07293707132339478,165,0.0,3240,1.0,20.0,20.0,20.0,0.9523809523809523,0.9523809523809523,0.9523809523809523,3240,1.0,20.0,20.0,20.0,0.9523809523809523,0.9523809523809523,0.9523809523809523,4824,1.0,19.999999115898813,20.0,20.000001072883382,0.9523809503761878,0.9523809523809523,0.9523809548137944
23,0.38333333333333336,True,valid,0.005374858056259799,0.003693152304633259,0.016152600023471034,1.3668631695960423,1.3668682638972764,0.0001546421221349313,1.387574728397367,0.0032580103241483293,0.14097322969736079,0.00013380863874099102,1585.0,3.8699562374829215,2.7396315983834383e-06,0,15509,0.07293080538511276,172,0.0,3240,1.0,20.0,20.0,20.0,0.9523809523809523,0.9523809523809523,0.9523809523809523,3240,1.0,20.0,20.0,20.0,0.9523809523809523,0.9523809523809523,0.9523809523809523,4824,1.0,19.999999115898813,20.0,20.000001072883382,0.9523809503761878,0.9523809523809523,0.9523809548137944
24,0.4,True,valid,0.005534060463033746,0.004380021650847272,0.0158556241758957,1.4335856661859065,1.4335913146015555,8.067672741392744e-05,1.4511256518042648,0.0052743460033918416,0.12704642809953107,0.00014091666419520696,1585.0,3.5995305204900334,2.8899154946776557e-06,0,15512,0.07194440811872482,180,0.0,3240,1.0,20.0,20.0,20.0,0.9523809523809523,0.9523809523809523,0.9523809523809523,3240,1.0,20.0,20.0,20.0,0.9523809523809523,0.9523809523809523,0.9523809523809523,4824,1.0,19.999999115898813,20.0,20.000001072883382,0.9523809503761878,0.9523809523809523,0.9523809548137944
25,0.4166666666666667,True,valid,0.005248303462201647,0.004691164128794745,0.014940691231047206,1.3995348079320278,1.3995283208812437,0.00039098741573376043,1.4247966827180345,0.005644867621815984,0.16516320246491462,0.00013926757378176238,1585.0,4.567630463292345,2.847145763053321e-06,0,15512,0.07040803879499435,179,0.0,3240,1.0,20.0,20.0,20.0,0.9523809523809523,0.9523809523809523,0.9523809523809523,3240,1.0,20.0,20.0,20.0,0.9523809523809523,0.9523809523809523,0.9523809523809523,4824,1.0,19.999999115898813,20.0,20.000001072883382,0.9523809503761878,0.9523809523809523,0.9523809548137944
26,0.43333333333333335,True,valid,0.004695485849533988,0.004415928113241055,0.014034881789562864,1.2781362697391823,1.2781458513205792,0.0003943964639424935,1.342078093168215,0.004089392971568051,0.49326755424208896,0.0001305739994396106,1585.0,3.875827672312982,2.628017495300997e-06,0,15505,0.06995244324207306,182,0.0,3240,1.0,20.0,20.0,20.0,0.9523809523809523,0.9523809523809523,0.9523809523809523,3240,1.0,20.0,20.0,20.0,0.9523809523809523,0.9523809523809523,0.9523809523809523,4824,1.0,19.999999115898813,20.0,20.000001072883382,0.9523809503761878,0.9523809523809523,0.9523809548137944
27,0.45,True,valid,0.004372194106784722,0.0037439338446741298,0.013058962684367934,1.1816012776128235,1.1816068640141024,0.00010463442756390362,1.1920039148774437,0.003961279606502853,0.0914202359341575,0.00012468367430010598,1585.0,2.5670693029514102,2.4561222132672627e-06,0,15504,0.06991056352853775,182,0.0,3240,1.0,20.0,20.0,20.0,0.9523809523809523,0.9523809523809523,0.9523809523809523,3240,1.0,20.0,20.0,20.0,0.9523809523809523,0.9523809523809523,0.9523809523809523,4824,1.0,19.999999115898813,20.0,20.000001072883382,0.9523809503761878,0.9523809523809523,0.9523809548137944
28,0.4666666666666667,True,valid,0.0045286179349579014,0.003138393696914786,0.011976785857264777,1.1789138165498645,1.1789214934172252,0.00014147999122340418,1.1941882294080373,0.003569492902331727,0.17360285727386957,0.00012822381087964187,1585.0,2.7605310893833246,2.51970217026627e-06,0,15504,0.07023315876722336,181,0.0,3240,1.0,20.0,20.0,20.0,0.9523809523809523,0.9523809523809523,0.9523809523809523,3240,1.0,20.0,20.0,20.0,0.9523809523809523,0.9523809523809523,0.9523809523809523,4824,1.0,19.999999115898813,20.0,20.000001072883382,0.9523809503761878,0.9523809523809523,0.9523809548137944
29,0.48333333333333334,True,valid,0.004878026060459144,0.002874921665809099,0.011580008272590156,1.22268905270823,1.222697025901544,6.515549724507805e-05,1.2460502750710232,0.006128193782724002,0.191377825515977,0.00013459704323576458,1585.0,2.934992655292974,2.653241807512446e-06,0,15504,0.0708167552947998,179,0.0,3240,1.0,20.0,20.0,20.0,0.9523809523809523,0.9523809523809523,0.9523809523809523,3240,1.0,20.0,20.0,20.0,0.9523809523809523,0.9523809523809523,0.9523809523809523,4824,1.0,19.999999115898813,20.0,20.000001072883382,0.9523809503761878,0.9523809523809523,0.9523809548137944
30,0.5,True,valid,0.005045131951728712,0.002830032030274735,0.012525225749465062,1.2519316075055766,1.2519487023824059,0.0007506976952060032,1.3400607148970656,0.013330460645885753,0.6317421651271438,0.0001338987455130911,1585.0,5.075838778118986,2.711761872127843e-06,0,15504,0.07155390083789825,179,0.0,3240,1.0,20.0,20.0,20.0,0.9523809523809523,0.9523809523809523,0.9523809523809523,3240,1.0,20.0,20.0,20.0,0.9523809523809523,0.9523809523809523,0.9523809523809523,4824,1.0,19.999999115898813,20.0,20.000001072883382,0.9523809503761878,0.9523809523809523,0.9523809548137944
31,0.5166666666666667,True,valid,0.005096750925103729,0.0028803602752490664,0.014010361758899574,1.2587983837940646,1.2588047346296778,4.450262977426466e-05,1.2759427623453024,0.011209848573349028,0.1576215230050939,0.0001305864233243748,1585.0,3.362582725247193,2.618101037582414e-06,0,15505,0.07227632403373718,178,0.0,3240,1.0,20.0,20.0,20.0,0.9523809523809523,0.9523809523809523,0.9523809523809523,3240,1.0,20.0,20.0,20.0,0.9523809523809523,0.9523809523809523,0.9523809523809523,4824,1.0,19.999999115898813,20.0,20.000001072883382,0.9523809503761878,0.9523809523809523,0.9523809548137944
32,0.5333333333333333,True,valid,0.00517231591334014,0.0030771956522050344,0.014868525885932357,1.2871826880161066,1.2871890801555417,5.884379211964022e-05,1.3176564198356366,0.0022684633209707154,0.24160713963961825,0.00013174217274991373,1585.0,3.1056165048370548,2.652999412317351e-06,0,15508,0.07271695882081985,180,0.0,3240,1.0,20.0,20.0,20.0,0.9523809523809523,0.9523809523809523,0.9523809523809523,3240,1.0,20.0,20.0,20.0,0.9523809523809523,0.9523809523809523,0.9523809523809523,4824,1.0,19.999999115898813,20.0,20.000001072883382,0.9523809503761878,0.9523809523809523,0.9523809548137944
33,0.55,True,valid,0.005185856363812311,0.0035140312967594373,0.014823532846565865,1.314248162233959,1.3142537258092661,5.800882248232044e-05,1.3455889345296197,0.0056432876876890544,0.2510933070474388,0.00013466994556591305,1585.0,3.0554960233771906,2.7115856422675144e-06,0,15508,0.07275216281414032,179,0.0,3240,1.0,20.0,20.0,20.0,0.9523809523809523,0.9523809523809523,0.9523809523809523,3240,1.0,20.0,20.0,20.0,0.9523809523809523,0.9523809523809523,0.9523809523809523,4824,1.0,19.999999115898813,20.0,20.000001072883382,0.9523809503761878,0.9523809523809523,0.9523809548137944
34,0.5666666666666667,True,valid,0.005009863877614601,0.004030368218753475,0.014275737329583336,1.3058203577882823,1.3058236265244478,0.00015503363381586617,1.323104220527298,0.003288642960893548,0.16000853655390734,0.00013471445541673384,1585.0,3.049270951899201,2.7040650196924053e-06,0,15506,0.07239823043346405,180,0.0,3240,1.0,20.0,20.0,20.0,0.9523809523809523,0.9523809523809523,0.9523809523809523,3240,1.0,20.0,20.0,20.0,0.9523809523809523,0.9523809523809523,0.9523809523809523,4824,1.0,19.999999115898813,20.0,20.000001072883382,0.9523809503761878,0.9523809523809523,0.9523809548137944
35,0.5833333333333334,True,valid,0.0047383005030509195,0.00431273112253392,0.013771327492213051,1.2639624551194726,1.2639689316101557,9.644367915235759e-05,1.2822079572902343,0.0033844798074960584,0.15605154237865768,0.00013131887050525334,1585.0,3.036676362786335,2.6159503509747627e-06,0,15505,0.07178448140621185,178,0.0,3240,1.0,20.0,20.0,20.0,0.9523809523809523,0.9523809523809523,0.9523809523809523,3240,1.0,20.0,20.0,20.0,0.9523809523809523,0.9523809523809523,0.9523809523809523,4824,1.0,19.999999115898813,20.0,20.000001072883382,0.9523809503761878,0.9523809523809523,0.9523809548137944
36,0.6,True,valid,0.004620314244358388,0.0042194621311338045,0.013575332159546325,1.23958725078472,1.239593583746385,4.6556441130520194e-05,1.263380962604477,0.0025022803331964613,0.20734117006475994,0.00012960856773706694,1585.0,2.7473801999712615,2.5690717323280936e-06,0,15504,0.07127190381288528,179,0.0,3240,1.0,20.0,20.0,20.0,0.9523809523809523,0.9523809523809523,0.9523809523809523,3240,1.0,20.0,20.0,20.0,0.9523809523809523,0.9523809523809523,0.9523809523809523,4824,1.0,19.999999115898813,20.0,20.000001072883382,0.9523809503761878,0.9523809523809523,0.9523809548137944
37,0.6166666666666667,True,valid,0.004744278102399867,0.0038162839936577825,0.013483281304032363,1.2523774660606681,1.2523799819474215,0.0003011935941021619,1.2836392513729726,0.0035599578901827113,0.29349504748634553,0.00013122752488949795,1585.0,3.224662939947766,2.6098953139037965e-06,0,15504,0.07088415324687958,179,0.0,3240,1.0,20.0,20.0,20.0,0.9523809523809523,0.9523809523809523,0.9523809523809523,3240,1.0,20.0,20.0,20.0,0.9523809523809523,0.9523809523809523,0.9523809523809523,4824,1.0,19.999999115898813,20.0,20.000001072883382,0.9523809503761878,0.9523809523809523,0.9523809548137944
38,0.6333333333333333,True,valid,0.004972197687690344,0.003329080253137464,0.013373374771350819,1.260833638273854,1.2608400148080792,5.4379077118294046e-05,1.273265735283348,0.002556710752127842,0.10588482367677703,0.0001333659557206628,1585.0,2.8416510770234806,2.6546687551183077e-06,0,15504,0.0706510841846466,179,0.0,3240,1.0,20.0,20.0,20.0,0.9523809523809523,0.9523809523809523,0.9523809523809523,3240,1.0,20.0,20.0,20.0,0.9523809523809523,0.9523809523809523,0.9523809523809523,4824,1.0,19.999999115898813,20.0,20.000001072883382,0.9523809503761878,0.9523809523809523,0.9523809548137944
39,0.65,True,valid,0.005112579774769143,0.0030136492647820086,0.013384831200004924,1.2549205183415462,1.2549253053247724,0.0001196435011935038,1.2721530593821324,0.01285078667329404,0.13892747246056067,0.00013305834123429153,1585.0,3.021070856056186,2.660552856557217e-06,0,15504,0.07063400745391846,179,0.0,3240,1.0,20.0,20.0,20.0,0.9523809523809523,0.9523809523809523,0.9523809523809523,3240,1.0,20.0,20.0,20.0,0.9523809523809523,0.9523809523809523,0.9523809523809523,4824,1.0,19.999999115898813,20.0,20.000001072883382,0.9523809503761878,0.9523809523809523,0.9523809548137944
40,0.6666666666666666,True,valid,0.0051206417349179975,0.0028859237169139708,0.013531330132827658,1.2395407503798228,1.2395472014043663,5.119367298408375e-05,1.2615798875301487,0.002996631832068221,0.18261876328284754,0.00013196047423657197,1585.0,2.884809340859372,2.6346645884176603e-06,0,15504,0.0708475261926651,177,0.0,3240,1.0,20.0,20.0,20.0,0.9523809523809523,0.9523809523809523,0.9523809523809523,3240,1.0,20.0,20.0,20.0,0.9523809523809523,0.9523809523809523,0.9523809523809523,4824,1.0,19.999999115898813,20.0,20.000001072883382,0.9523809503761878,0.9523809523809523,0.9523809548137944
41,0.6833333333333333,True,valid,0.005048076183479473,0.002867562035402668,0.013562334037273466,1.238995420390817,1.2390015057719839,4.8138590898759e-05,1.268782979817248,0.003006997038218576,0.22255854323830243,0.0001317777019507981,1585.0,2.8121741803794693,2.6249646271860817e-06,0,15504,0.07114975154399872,176,0.0,3240,1.0,20.0,20.0,20.0,0.9523809523809523,0.9523809523809523,0.9523809523809523,3240,1.0,20.0,20.0,20.0,0.9523809523809523,0.9523809523809523,0.9523809523809523,4824,1.0,19.999999115898813,20.0,20.000001072883382,0.9523809503761878,0.9523809523809523,0.9523809548137944
42,0.7,True,valid,0.004925876265052813,0.0030883696699423534,0.013292097609286787,1.2521950914339444,1.2521827595356454,0.0003367368710760445,1.2719891205699707,0.004391804304210534,0.18516989634352288,0.0001324919014948831,1585.0,3.0147249583367812,2.6507528616931373e-06,0,15504,0.07145849615335464,177,0.0,3240,1.0,20.0,20.0,20.0,0.9523809523809523,0.9523809523809523,0.9523809523809523,3240,1.0,20.0,20.0,20.0,0.9523809523809523,0.9523809523809523,0.9523809523809523,4824,1.0,19.999999115898813,20.0,20.000001072883382,0.9523809503761878,0.9523809523809523,0.9523809548137944
43,0.7166666666666667,True,valid,0.004770603987062501,0.0035736860711897073,0.012832934088535778,1.2556515706337652,1.2556591351900876,0.00013644322737647237,1.2712104212596234,0.002294064994340952,0.12843727404016772,0.00013242094150437371,1585.0,2.9881899482769074,2.6341821005162246e-06,0,15504,0.07163713872432709,177,0.0,3240,1.0,20.0,20.0,20.0,0.9523809523809523,0.9523809523809523,0.9523809523809523,3240,1.0,20.0,20.0,20.0,0.9523809523809523,0.9523809523809523,0.9523809523809523,4824,1.0,19.999999115898813,20.0,20.000001072883382,0.9523809503761878,0.9523809523809523,0.9523809548137944
44,0.7333333333333333,True,valid,0.004641988386224264,0.004009709477262463,0.012562860189606487,1.2415883879176806,1.241594994800878,5.150304513477874e-05,1.2713712758602704,0.0020897041775714284,0.242145736942162,0.0001315816266731088,1585.0,2.788724342121949,2.6048689576418314e-06,0,15504,0.07163576781749725,177,0.0,3240,1.0,20.0,20.0,20.0,0.9523809523809523,0.9523809523809523,0.9523809523809523,3240,1.0,20.0,20.0,20.0,0.9523809523809523,0.9523809523809523,0.9523809523809523,4824,1.0,19.999999115898813,20.0,20.000001072883382,0.9523809503761878,0.9523809523809523,0.9523809548137944
45,0.75,True,valid,0.004616422813417638,0.004125956253237607,0.012807727229237174,1.2329495646197317,1.2329565926247692,6.27586011966623e-05,1.274817400248246,0.0018946065365565356,0.2992842227510179,0.00013072691412234353,1585.0,2.757463798123176,2.5865745793503372e-06,0,15504,0.07142630964517593,176,0.0,3240,1.0,20.0,20.0,20.0,0.9523809523809523,0.9523809523809523,0.9523809523809523,3240,1.0,20.0,20.0,20.0,0.9523809523809523,0.9523809523809523,0.9523809523809523,4824,1.0,19.999999115898813,20.0,20.000001072883382,0.9523809503761878,0.9523809523809523,0.9523809548137944
46,0.7666666666666667,True,valid,0.00472983816197906,0.003916969906698734,0.013476427454501968,1.2358279281686573,1.2358339318762965,5.169988023469829e-05,1.2756932169627917,0.002432984765826324,0.2880549888563305,0.00013075352220105394,1585.0,2.7719695491305814,2.5911728067858108e-06,0,15504,0.07109523564577103,177,0.0,3240,1.0,20.0,20.0,20.0,0.9523809523809523,0.9523809523809523,0.9523809523809523,3240,1.0,20.0,20.0,20.0,0.9523809523809523,0.9523809523809523,0.9523809523809523,4824,1.0,19.999999115898813,20.0,20.000001072883382,0.9523809503761878,0.9523809523809523,0.9523809548137944
47,0.7833333333333333,True,valid,0.0049574535154145935,0.003575973023810337,0.01421798334552772,1.25280829059657,1.252814539148819,4.758405373866565e-05,1.2783676030983961,0.002930256268362266,0.21115175535752506,0.00013164698217263377,1585.0,2.7952637733420307,2.6232202842450373e-06,0,15509,0.0707898959517479,177,0.0,3240,1.0,20.0,20.0,20.0,0.9523809523809523,0.9523809523809523,0.9523809523809523,3240,1.0,20.0,20.0,20.0,0.9523809523809523,0.9523809523809523,0.9523809523809523,4824,1.0,19.999999115898813,20.0,20.000001072883382,0.9523809503761878,0.9523809523809523,0.9523809548137944
48,0.8,True,valid,0.005207434739794228,0.003327772003580744,0.014716200778105907,1.2753993285563803,1.2754052067101271,4.831175997346751e-05,1.293902040262583,0.0011951202630424971,0.1573357699507143,0.00013279731274262827,1585.0,2.886696990089058,2.6686809349348208e-06,0,15512,0.07065032422542572,177,0.0,3240,1.0,20.0,20.0,20.0,0.9523809523809523,0.9523809523809523,0.9523809523809523,3240,1.0,20.0,20.0,20.0,0.9523809523809523,0.9523809523809523,0.9523809523809523,4824,1.0,19.999999115898813,20.0,20.000001072883382,0.9523809503761878,0.9523809523809523,0.9523809548137944
49,0.8166666666666667,True,valid,0.0053532083282353095,0.0032172069757735065,0.01476057660701099,1.2915637302612697,1.291567756998018,0.0001135201513896557,1.3066745063978664,0.002977196210990339,0.13135148173935018,0.00013367253369400128,1585.0,3.2247522685842833,2.7044420526810767e-06,0,15512,0.07071951776742935,177,0.0,3240,1.0,20.0,20.0,20.0,0.9523809523809523,0.9523809523809523,0.9523809523809523,3240,1.0,20.0,20.0,20.0,0.9523809523809523,0.9523809523809523,0.9523809523809523,4824,1.0,19.999999115898813,20.0,20.000001072883382,0.9523809503761878,0.9523809523809523,0.9523809548137944
50,0.8333333333333334,True,valid,0.005302762921877187,0.003126637079446596,0.014317518664733154,1.282181335520086,1.2821873407884792,4.861451666554538e-05,1.3017098264332823,0.0018614617419793415,0.1529330789894413,0.0001337309089243907,1585.0,2.9723816426053773,2.691068295219694e-06,0,15512,0.07099440693855286,178,0.0,3240,1.0,20.0,20.0,20.0,0.9523809523809523,0.9523809523809523,0.9523809523809523,3240,1.0,20.0,20.0,20.0,0.9523809523809523,0.9523809523809523,0.9523809523809523,4824,1.0,19.999999115898813,20.0,20.000001072883382,0.9523809503761878,0.9523809523809523,0.9523809548137944
51,0.85,True,valid,0.005062855946999539,0.0030694338859884106,0.013510841232825824,1.252402166226691,1.2524078377201682,5.572888476515135e-05,1.2729309778785785,0.0023607015534718835,0.16144238688971668,0.0001324421799863837,1585.0,2.8874092926010713,2.645017378385672e-06,0,15512,0.07134401798248291,177,0.0,3240,1.0,20.0,20.0,20.0,0.9523809523809523,0.9523809523809523,0.9523809523809523,3240,1.0,20.0,20.0,20.0,0.9523809523809523,0.9523809523809523,0.9523809523809523,4824,1.0,19.999999115898813,20.0,20.000001072883382,0.9523809503761878,0.9523809523809523,0.9523809548137944
52,0.8666666666666667,True,valid,0.0047560773162625015,0.0032184820862913585,0.012550705432700645,1.2199927505793402,1.22000012121046,7.672740353664057e-05,1.2430294104480457,0.0033478849497207315,0.20259769262247104,0.00013087402562012807,1585.0,2.7821910352546015,2.588585994961632e-06,0,15504,0.07164394855499268,177,0.0,3240,1.0,20.0,20.0,20.0,0.9523809523809523,0.9523809523809523,0.9523809523809523,3240,1.0,20.0,20.0,20.0,0.9523809523809523,0.9523809523809523,0.9523809523809523,4824,1.0,19.999999115898813,20.0,20.000001072883382,0.9523809503761878,0.9523809523809523,0.9523809548137944
53,0.8833333333333333,True,valid,0.004517329156718212,0.0035499866080651995,0.01177760948050185,1.2101867658400518,1.2101808813956179,0.0005314317566366264,1.2788170855269319,0.004938381156865818,0.4921755682841665,0.00013009074950828754,1585.0,3.810001021000884,2.57311250167315e-06,0,15504,0.07186228036880493,177,0.0,3240,1.0,20.0,20.0,20.0,0.9523809523809523,0.9523809523809523,0.9523809523809523,3240,1.0,20.0,20.0,20.0,0.9523809523809523,0.9523809523809523,0.9523809523809523,4824,1.0,19.999999115898813,20.0,20.000001072883382,0.9523809503761878,0.9523809523809523,0.9523809548137944
54,0.9,True,valid,0.004436951341136034,0.0038093087459068553,0.011547704937325674,1.195626927239112,1.1956344864432453,6.875551773249614e-05,1.227982283565403,0.0018077973718512285,0.25955182878078586,0.00012949097121246788,1585.0,2.704212839079752,2.542855252855844e-06,0,15504,0.07180268317461014,177,0.0,3240,1.0,20.0,20.0,20.0,0.9523809523809523,0.9523809523809523,0.9523809523809523,3240,1.0,20.0,20.0,20.0,0.9523809523809523,0.9523809523809523,0.9523809523809523,4824,1.0,19.999999115898813,20.0,20.000001072883382,0.9523809503761878,0.9523809523809523,0.9523809548137944
55,0.9166666666666666,True,valid,0.004543613827558095,0.003837990046769885,0.01201507728455936,1.2107263296755246,1.210732841121714,4.774644438363785e-05,1.2369588727963972,0.0016640146115422772,0.22615877715693525,0.00013015861341165834,1585.0,2.7510513871589866,2.565621067113831e-06,0,15504,0.07146430760622025,177,0.0,3240,1.0,20.0,20.0,20.0,0.9523809523809523,0.9523809523809523,0.9523809523809523,3240,1.0,20.0,20.0,20.0,0.9523809523809523,0.9523809523809523,0.9523809523809523,4824,1.0,19.999999115898813,20.0,20.000001072883382,0.9523809503761878,0.9523809523809523,0.9523809548137944
56,0.9333333333333333,True,valid,0.004785783638957704,0.0036745665724110415,0.013052092377102862,1.2392837901438312,1.2392909250882045,5.3764738028660526e-05,1.2582842699347632,0.002565541233196041,0.16959030174707374,0.00013101729574086776,1585.0,2.8287885630394505,2.6046847154925106e-06,0,15504,0.07098593562841415,176,0.0,3240,1.0,20.0,20.0,20.0,0.9523809523809523,0.9523809523809523,0.9523809523809523,3240,1.0,20.0,20.0,20.0,0.9523809523809523,0.9523809523809523,0.9523809523809523,4824,1.0,19.999999115898813,20.0,20.000001072883382,0.9523809503761878,0.9523809523809523,0.9523809548137944
57,0.95,True,valid,0.005091244963973823,0.003484997037073992,0.014186873059085645,1.2742273280585454,1.2742336679550395,4.4734894660916574e-05,1.2933057381537563,0.0015874787345219504,0.16701740345786587,0.0001324539229584039,1585.0,2.9063994784234928,2.6584407111382144e-06,0,15506,0.0706295296549797,177,0.0,3240,1.0,20.0,20.0,20.0,0.9523809523809523,0.9523809523809523,0.9523809523809523,3240,1.0,20.0,20.0,20.0,0.9523809523809523,0.9523809523809523,0.9523809523809523,4824,1.0,19.999999115898813,20.0,20.000001072883382,0.9523809503761878,0.9523809523809523,0.9523809548137944
58,0.9666666666666667,True,valid,0.005325251721566394,0.003367954734920851,0.01493879990921135,1.2991775380696176,1.2991836016770222,4.484837478388045e-05,1.3191605292938366,0.0009579185621266546,0.16887534658003733,0.0001339773969455039,1585.0,3.0759445510418066,2.704917719170367e-06,0,15512,0.07048849761486053,177,0.0,3240,1.0,20.0,20.0,20.0,0.9523809523809523,0.9523809523809523,0.9523809523809523,3240,1.0,20.0,20.0,20.0,0.9523809523809523,0.9523809523809523,0.9523809523809523,4824,1.0,19.999999115898813,20.0,20.000001072883382,0.9523809503761878,0.9523809523809523,0.9523809548137944
59,0.9833333333333333,True,valid,0.005372704978884973,0.003280406652190645,0.01503386518990388,1.2955315184657172,1.2955374777181148,4.933900767612042e-05,1.319981811863197,0.0009742545524741605,0.1927574988325937,0.00013351915840993412,1585.0,3.040119473753964,2.6995887845539845e-06,0,15512,0.07056190818548203,177,0.0,3240,1.0,20.0,20.0,20.0,0.9523809523809523,0.9523809523809523,0.9523809523809523,3240,1.0,20.0,20.0,20.0,0.9523809523809523,0.9523809523809523,0.9523809523809523,4824,1.0,19.999999115898813,20.0,20.000001072883382,0.9523809503761878,0.9523809523809523,0.9523809548137944
60,1.0,True,valid,0.0052309732892843,0.0031847185583979308,0.014453354262237775,1.269767590117935,1.2697737090747556,5.1895355733553736e-05,1.2903284032971594,0.0019163094009671075,0.1720122378280959,0.00013277589123581555,1585.0,2.909140342852689,2.666250911132893e-06,0,15512,0.07079259306192398,177,0.0,3240,1.0,20.0,20.0,20.0,0.9523809523809523,0.9523809523809523,0.9523809523809523,3240,1.0,20.0,20.0,20.0,0.9523809523809523,0.9523809523809523,0.9523809523809523,4824,1.0,19.999999115898813,20.0,20.000001072883382,0.9523809503761878,0.9523809523809523,0.9523809548137944
61,1.0166666666666666,True,valid,0.0049670226078460744,0.0031639094295279066,0.013508838155533949,1.2408951885979325,1.240901642206647,6.253623702046654e-05,1.2566881210865728,0.004172917766231011,0.14408662041860526,0.00013145119361908698,1585.0,2.9652523370316164,2.6201284596520245e-06,0,15512,0.07106591761112213,178,3.448803909122944e-09,3240,1.0,20.0,20.0,20.0,0.9523809523809523,0.9523809523809523,0.9523809523809523,3240,1.0,20.0,20.0,20.0,0.9523809523809523,0.9523809523809523,0.9523809523809523,4824,1.0,19.999999115898813,20.0,20.000001072883382,0.9523809503761878,0.9523809523809523,0.9523809548137944
62,1.0333333333333334,True,valid,0.004717586731652065,0.0033446161076787014,0.012644988056812483,1.2583017300010204,1.258299070983498,0.0002763296826666671,1.2707356610694516,0.009042763969742273,0.12290873324402518,0.00013243165252932183,1585.0,2.785685073197353,2.6283641396370066e-06,0,15628,0.07130512595176697,177,1.7462298274040222e-09,3240,1.0,20.0,20.0,20.0,0.9523809523809523,0.9523809523809523,0.9523809523809523,3240,1.0,20.0,20.0,20.0,0.9523809523809523,0.9523809523809523,0.9523809523809523,4824,1.0,19.999999115898813,20.0,20.000001072883382,0.9523809503761878,0.9523809523809523,0.9523809548137944
63,1.05,True,valid,0.004639384785842717,0.0036763142350077827,0.012211019113862956,1.323060722264573,1.3230659666545568,0.0002725039204479296,1.3400253586429787,0.014041747897873564,0.16582625322541444,0.00013667242461558332,1585.0,3.651646530922172,2.691559072774012e-06,0,15654,0.07137812674045563,177,3.026798367500305e-09,3240,1.0,20.0,20.0,20.0,0.9523809523809523,0.9523809523809523,0.9523809523809523,3240,1.0,20.0,20.0,20.0,0.9523809523809523,0.9523809523809523,0.9523809523809523,4824,1.0,19.999999115898813,20.0,20.000001072883382,0.9523809503761878,0.9523809523809523,0.9523809548137944
64,1.0666666666666667,True,valid,0.0047636661597809,0.003961395182580334,0.01238988990902242,1.4249467690455893,1.4249657416757786,7.41426310860174e-05,1.4417604492751381,0.019147525573761953,0.1776805183048902,0.00014288078430717459,1585.0,4.356556118160148,2.7979872416056336e-06,0,15684,0.07108613103628159,177,2.3283064365386963e-09,3240,1.0,20.0,20.0,20.0,0.9523809523809523,0.9523809523809523,0.9523809523809523,3240,1.0,20.0,20.0,20.0,0.9523809523809523,0.9523809523809523,0.9523809523809523,4824,1.0,19.999999115898813,20.0,20.000001072883382,0.9523809503761878,0.9523809523809523,0.9523809548137944
65,1.0833333333333333,True,valid,0.005022119044592539,0.004098262659049969,0.013124711892397344,1.5401054588410465,1.540130238282156,7.579968981493995e-05,1.5556877361410617,0.023830700952223283,0.16201102594522807,0.00014926040423381674,1585.0,4.990506630512344,2.9253483075229787e-06,0,15745,0.07023606449365616,178,2.7939677238464355e-09,3240,1.0,20.0,20.0,20.0,0.9523809523809523,0.9523809523809523,0.9523809523809523,3240,1.0,20.0,20.0,20.0,0.9523809523809523,0.9523809523809523,0.9523809523809523,4824,1.0,19.999999115898813,20.0,20.000001072883382,0.9523809503761878,0.9523809523809523,0.9523809548137944
66,1.1,True,valid,0.005331203796719058,0.0041190798161053485,0.014093256230030736,1.662393918848891,1.6624249819905776,7.801591498155799e-05,1.6789256284290657,0.02819300267740639,0.1685514023605443,0.00015632648658752373,1585.0,5.705827882548384,3.0679578909324507e-06,0,15797,0.06877987086772919,177,3.259629011154175e-09,3240,1.0,20.0,20.0,20.0,0.9523809523809523,0.9523809523809523,0.9523809523809523,3240,1.0,20.0,20.0,20.0,0.9523809523809523,0.9523809523809523,0.9523809523809523,4824,1.0,19.999999115898813,20.0,20.000001072883382,0.9523809503761878,0.9523809523809523,0.9523809548137944
67,1.1166666666666667,True,valid,0.005594169873747775,0.00408585482739839,0.01485652569408961,1.7790155981026152,1.7790520344148975,8.568275727706707e-05,1.7973264335597818,0.03210795301275903,0.18444599212649973,0.00016387248831650008,1585.0,6.413443080773662,3.2157353329553784e-06,0,15838,0.06674152612686157,175,2.7939677238464355e-09,3240,1.0,20.0,20.0,20.0,0.9523809523809523,0.9523809523809523,0.9523809523809523,3240,1.0,20.0,20.0,20.0,0.9523809523809523,0.9523809523809523,0.9523809523809523,4824,1.0,19.999999115898813,20.0,20.000001072883382,0.9523809503761878,0.9523809523809523,0.9523809548137944
68,1.1333333333333333,True,valid,0.005704355833416993,0.003999601967182873,0.015137834109319206,1.8748123444704707,1.8748540195124481,9.259454065117109e-05,1.8944487750920742,0.03546170832306696,0.19503300220212896,0.00017073636894897028,1585.0,6.987762819994268,3.344823622247292e-06,0,15866,0.06414003670215607,174,3.725290298461914e-09,3240,1.0,20.0,20.0,20.0,0.9523809523809523,0.9523809523809523,0.9523809523809523,3240,1.0,20.0,20.0,20.0,0.9523809523809523,0.9523809523809523,0.9523809523809523,4824,1.0,19.999999115898813,20.0,20.000001072883382,0.9523809503761878,0.9523809523809523,0.9523809548137944
69,1.15,True,valid,0.005599878316702026,0.0038511326500538755,0.014927266088377333,1.9434824572561213,1.943528769730861,9.823739257644577e-05,1.964805035052871,0.03835379726772382,0.2149894800521182,0.00017604987175621643,1585.0,7.370986022164303,3.4344975229111017e-06,0,15904,0.06105494126677513,174,2.7939677238464355e-09,3240,1.0,20.0,20.0,20.0,0.9523809523809523,0.9523809523809523,0.9523809523809523,3240,1.0,20.0,20.0,20.0,0.9523809523809523,0.9523809523809523,0.9523809523809523,4824,1.0,19.999999115898813,20.0,20.000001072883382,0.9523809503761878,0.9523809523809523,0.9523809548137944
70,1.1666666666666667,True,valid,0.005332585626961865,0.0037700768959978135,0.014386449206712913,1.9922096203689459,1.9922579975145098,0.00015785605400326567,2.004992772862768,0.040761812441400834,0.13363284967992234,0.0001800561926136588,1585.0,7.470110426958032,3.497221188561266e-06,0,15919,0.059367790818214417,173,6.51925802230835e-09,3240,1.0,20.0,20.0,20.0,0.9523809523809523,0.9523809523809523,0.9523809523809523,3240,1.0,20.0,20.0,20.0,0.9523809523809523,0.9523809523809523,0.9523809523809523,4824,1.0,19.999999115898813,20.0,20.000001072883382,0.9523809503761878,0.9523809523809523,0.9523809548137944
71,1.1833333333333333,True,valid,0.005045459465741996,0.0039781261734805375,0.013801958708495219,2.0208373684295173,2.0208799821748067,0.0004040906616504295,2.038175292958806,0.042465283043818254,0.1886571621778709,0.00018310105605169293,1585.0,7.665351784685589,3.546357233630931e-06,0,15913,0.059548139572143555,173,5.587935447692871e-09,3240,1.0,20.0,20.0,20.0,0.9523809523809523,0.9523809523809523,0.9523809523809523,3240,1.0,20.0,20.0,20.0,0.9523809523809523,0.9523809523809523,0.9523809523809523,4824,1.0,19.999999115898813,20.0,20.000001072883382,0.9523809503761878,0.9523809523809523,0.9523809548137944
72,1.2,True,valid,0.004911858502782124,0.004509368131864361,0.013421922138862752,2.0395582149027374,2.0396109235227247,0.00013889987043391378,2.050621917815955,0.04290989049787939,0.13262854932093185,0.00018525348868759194,1585.0,7.8211210807589735,3.5633648406425516e-06,0,15893,0.06376087665557861,174,5.587935447692871e-09,3240,1.0,20.0,20.0,20.0,0.9523809523809523,0.9523809523809523,0.9523809523809523,3240,1.0,20.0,20.0,20.0,0.9523809523809523,0.9523809523809523,0.9523809523809523,4824,1.0,19.999999115898813,20.0,20.000001072883382,0.9523809503761878,0.9523809523809523,0.9523809548137944
73,1.2166666666666666,True,valid,0.0050096585756116314,0.005179275645267305,0.013387555910494484,2.0433418272965604,2.043395004634905,0.00011412440418492784,2.0592057194188027,0.042858465223246836,0.19715160408420304,0.00018616847730403688,1585.0,7.88700295225867,3.576534723819947e-06,0,15894,0.06793955713510513,173,1.862645149230957e-09,3240,1.0,20.0,20.0,20.0,0.9523809523809523,0.9523809523809523,0.9523809523809523,3240,1.0,20.0,20.0,20.0,0.9523809523809523,0.9523809523809523,0.9523809523809523,4824,1.0,19.999999115898813,20.0,20.000001072883382,0.9523809503761878,0.9523809523809523,0.9523809548137944
74,1.2333333333333334,True,valid,0.00528254981063696,0.005785152044017946,0.013694457055326934,2.032544651355968,2.0325963778724465,0.00011255052084352815,2.049651602599037,0.04215645473894915,0.20950643838945898,0.000185550007745809,1585.0,7.8246414179964034,3.5730926214061925e-06,0,15883,0.07181787490844727,174,3.725290298461914e-09,3240,1.0,20.0,20.0,20.0,0.9523809523809523,0.9523809523809523,0.9523809523809523,3240,1.0,20.0,20.0,20.0,0.9523809523809523,0.9523809523809523,0.9523809523809523,4824,1.0,19.999999115898813,20.0,20.000001072883382,0.9523809503761878,0.9523809523809523,0.9523809548137944
75,1.25,True,valid,0.005612827587366311,0.006190993387644661,0.014182175557013425,2.0071203944356557,2.0071690800877025,0.000103748760744963,2.0205525671367623,0.04062131028685326,0.1750455729941114,0.0001837555982044274,1585.0,7.529759989198803,3.551801940660812e-06,0,15859,0.07524290680885315,174,5.587935447692871e-09,3240,1.0,20.0,20.0,20.0,0.9523809523809523,0.9523809523809523,0.9523809523809523,3240,1.0,20.0,20.0,20.0,0.9523809523809523,0.9523809523809523,0.9523809523809523,4824,1.0,19.999999115898813,20.0,20.000001072883382,0.9523809503761878,0.9523809523809523,0.9523809548137944
76,1.2666666666666666,True,valid,0.005873042661942448,0.00633302534731021,0.014640377970935483,1.9533340293663615,1.9533791305943473,9.97899445218008e-05,1.971896507709446,0.038259095426507995,0.21529838619812122,0.00017976351934373525,1585.0,6.986229242805391,3.4916280616966344e-06,0,15839,0.07813297212123871,172,3.725290298461914e-09,3240,1.0,20.0,20.0,20.0,0.9523809523809523,0.9523809523809523,0.9523809523809523,3240,1.0,20.0,20.0,20.0,0.9523809523809523,0.9523809523809523,0.9523809523809523,4824,1.0,19.999999115898813,20.0,20.000001072883382,0.9523809503761878,0.9523809523809523,0.9523809548137944
77,1.2833333333333334,True,valid,0.005981987534651324,0.006223915235364037,0.014869495157444193,1.8785822067079934,1.878605860872789,0.0004904306588341153,1.901822293082614,0.03542949139900752,0.22408768275591542,0.00017410390355238701,1585.0,6.438471347326846,3.4191622168972963e-06,0,15818,0.08042450249195099,171,7.450580596923828e-09,3240,1.0,20.0,20.0,20.0,0.9523809523809523,0.9523809523809523,0.9523809523809523,3240,1.0,20.0,20.0,20.0,0.9523809523809523,0.9523809523809523,0.9523809523809523,4824,1.0,19.999999115898813,20.0,20.000001072883382,0.9523809503761878,0.9523809523809523,0.9523809548137944
78,1.3,True,valid,0.00591492132212154,0.0058908953719186774,0.014736952110068756,1.7714878646355685,1.77151427421116,0.0002177893403532052,1.785200838284777,0.03132319007392269,0.16727671199614075,0.00016691784429291253,1585.0,5.816992920819587,3.2735344832422145e-06,0,15789,0.08207922428846359,170,3.725290298461914e-09,3240,1.0,20.0,20.0,20.0,0.9523809523809523,0.9523809523809523,0.9523809523809523,3240,1.0,20.0,20.0,20.0,0.9523809523809523,0.9523809523809523,0.9523809523809523,4824,1.0,19.999999115898813,20.0,20.000001072883382,0.9523809503761878,0.9523809523809523,0.9523809548137944
79,1.3166666666666667,True,valid,0.005680666134810242,0.005375113064981566,0.014286904705751153,1.6372928839729277,1.6373235877449337,0.00034564650587282504,1.669591729497427,0.026948910287792883,0.32640222112049505,0.00015821700639253973,1585.0,5.0742717819171235,3.1138798038297933e-06,0,15773,0.08317337930202484,170,7.450580596923828e-09,3240,1.0,20.0,20.0,20.0,0.9523809523809523,0.9523809523809523,0.9523809523809523,3240,1.0,20.0,20.0,20.0,0.9523809523809523,0.9523809523809523,0.9523809523809523,4824,1.0,19.999999115898813,20.0,20.000001072883382,0.9523809503761878,0.9523809523809523,0.9523809548137944
80,1.3333333333333333,True,valid,0.005365060454725745,0.0047752797342713255,0.013655490493340125,1.4936721444130148,1.493695158022524,0.00039489401475156067,1.5289253288141653,0.021964797068190843,0.3519968065786135,0.00014822293082436495,1585.0,4.2915486105693015,2.9300731191725704e-06,0,15740,0.0837431401014328,170,7.450580596923828e-09,3240,1.0,20.0,20.0,20.0,0.9523809523809523,0.9523809523809523,0.9523809523809523,3240,1.0,20.0,20.0,20.0,0.9523809523809523,0.9523809523809523,0.9523809523809523,4824,1.0,19.999999115898813,20.0,20.000001072883382,0.9523809503761878,0.9523809523809523,0.9523809548137944
81,1.35,True,valid,0.005086485920116766,0.004263924864811098,0.013049226943577907,1.3642335473883065,1.3642482122435367,7.475274457721883e-05,1.3801341428634293,0.015547812503885492,0.17557906654575126,0.0001401653387529129,1585.0,3.359908495247332,2.7622283569161817e-06,0,15640,0.08390094339847565,171,3.725290298461914e-09,3240,1.0,20.0,20.0,20.0,0.9523809523809523,0.9523809523809523,0.9523809523809523,3240,1.0,20.0,20.0,20.0,0.9523809523809523,0.9523809523809523,0.9523809523809523,4824,1.0,19.999999115898813,20.0,20.000001072883382,0.9523809503761878,0.9523809523809523,0.9523809548137944
82,1.3666666666666667,True,valid,0.0049002266930945155,0.003951607354593134,0.012731318453655738,1.2754849818333782,1.2754885439763795,0.0003763557268726742,1.313843605313339,0.009826572258204018,0.340674126581694,0.00013424323116141386,1585.0,2.8001686319159034,2.672931635395571e-06,0,15568,0.083766408264637,170,3.725290298461914e-09,3240,1.0,20.0,20.0,20.0,0.9523809523809523,0.9523809523809523,0.9523809523809523,3240,1.0,20.0,20.0,20.0,0.9523809523809523,0.9523809523809523,0.9523809523809523,4824,1.0,19.999999115898813,20.0,20.000001072883382,0.9523809503761878,0.9523809523809523,0.9523809548137944
83,1.3833333333333333,True,valid,0.004827795076296127,0.003812609777750087,0.012814955977635201,1.2344270578149679,1.2344332206609214,5.9050299831708675e-05,1.2597147337989,0.004832471396364184,0.22230658353538427,0.00013116029619747913,1585.0,2.791565817201545,2.600196566062626e-06,0,15504,0.08335796743631363,170,3.725290298461914e-09,3240,1.0,20.0,20.0,20.0,0.9523809523809523,0.9523809523809523,0.9523809523809523,3240,1.0,20.0,20.0,20.0,0.9523809523809523,0.9523809523809523,0.9523809523809523,4824,1.0,19.999999115898813,20.0,20.000001072883382,0.9523809503761878,0.9523809523809523,0.9523809548137944
84,1.4,True,valid,0.004865316546806163,0.0037352131016115146,0.013222159632808789,1.2711754767394365,1.271184090405223,0.00018762781111186598,1.2931526017209571,0.006690660077148055,0.23221023733849622,0.0001325339659426432,1585.0,2.866404921210209,2.637379926290996e-06,0,15504,0.08272188901901245,170,7.450580596923828e-09,3240,1.0,20.0,20.0,20.0,0.9523809523809523,0.9523809523809523,0.9523809523809523,3240,1.0,20.0,20.0,20.0,0.9523809523809523,0.9523809523809523,0.9523809523809523,4824,1.0,19.999999115898813,20.0,20.000001072883382,0.9523809503761878,0.9523809523809523,0.9523809548137944
85,1.4166666666666667,True,valid,0.004985050130702649,0.0036664145296886274,0.013732814946260347,1.3731136497569063,1.3731275147435613,6.12624309452773e-05,1.3897363289117746,0.014072920538968938,0.1643824285177007,0.00013806575349858613,1585.0,3.6604603765995205,2.7418018657422266e-06,0,15660,0.08188165724277496,170,3.725290298461914e-09,3240,1.0,20.0,20.0,20.0,0.9523809523809523,0.9523809523809523,0.9523809523809523,3240,1.0,20.0,20.0,20.0,0.9523809523809523,0.9523809523809523,0.9523809523809523,4824,1.0,19.999999115898813,20.0,20.000001072883382,0.9523809503761878,0.9523809523809523,0.9523809548137944
86,1.4333333333333333,True,valid,0.005142028697785347,0.003634738675221881,0.014171033026152111,1.5327233793408894,1.5327482540896957,0.00018083633615861028,1.5577516973787857,0.02213943126668744,0.26675949012644967,0.00014810030237099342,1585.0,5.138749176345195,2.9309013059909173e-06,0,15730,0.08079800754785538,170,3.725290298461914e-09,3240,1.0,20.0,20.0,20.0,0.9523809523809523,0.9523809523809523,0.9523809523809523,3240,1.0,20.0,20.0,20.0,0.9523809523809523,0.9523809523809523,0.9523809523809523,4824,1.0,19.999999115898813,20.0,20.000001072883382,0.9523809503761878,0.9523809523809523,0.9523809548137944
87,1.45,True,valid,0.005295008588136376,0.0036851095998970177,0.014505634631477091,1.7369367374803952,1.736970272492391,0.0001461451719162338,1.749194877705113,0.030706564547400016,0.12865868799100266,0.0001611065138809476,1585.0,6.779349399035896,3.16255323722225e-06,0,15840,0.0793810561299324,169,7.450580596923828e-09,3240,1.0,20.0,20.0,20.0,0.9523809523809523,0.9523809523809523,0.9523809523809523,3240,1.0,20.0,20.0,20.0,0.9523809523809523,0.9523809523809523,0.9523809523809523,4824,1.0,19.999999115898813,20.0,20.000001072883382,0.9523809503761878,0.9523809523809523,0.9523809548137944
88,1.4666666666666666,True,valid,0.005439684858842889,0.0038439300308591093,0.014786528200223225,1.96901169193308,1.9690573061455863,0.00035202317618621294,1.991020170340998,0.039041151873738175,0.30373650525513035,0.00017650808088406417,1585.0,8.462436711964754,3.440686255729123e-06,0,15896,0.0775323361158371,166,3.725290298461914e-09,3240,1.0,20.0,20.0,20.0,0.9523809523809523,0.9523809523809523,0.9523809523809523,3240,1.0,20.0,20.0,20.0,0.9523809523809523,0.9523809523809523,0.9523809523809523,4824,1.0,19.999999115898813,20.0,20.000001072883382,0.9523809503761878,0.9523809523809523,0.9523809548137944
89,1.4833333333333334,True,valid,0.005590612998038401,0.004093203352095815,0.015008026561877611,2.223558835374818,2.2236196939301665,0.00012156809877726065,2.2331403215502164,0.04758687130895441,0.1425618529860746,0.0001943989631004759,1585.0,10.242100929235953,3.749636856015513e-06,0,15966,0.07519803196191788,163,7.450580596923828e-09,3240,1.0,20.0,20.0,20.0,0.9523809523809523,0.9523809523809523,0.9523809523809523,3240,1.0,20.0,20.0,20.0,0.9523809523809523,0.9523809523809523,0.9523809523809523,4824,1.0,19.999999115898813,20.0,20.000001072883382,0.9523809503761878,0.9523809523809523,0.9523809548137944
90,1.5,True,valid,0.0057329738604302875,0.0043980526662530375,0.015167214931196457,2.496268492839254,2.4963415079362083,0.0001425668044977619,2.5126248355761485,0.055963079336632957,0.22863957627513531,0.00021397498912655778,1585.0,11.993645647767142,4.09954524236636e-06,0,15999,0.07220600545406342,163,3.725290298461914e-09,3240,1.0,20.0,20.0,20.0,0.9523809523809523,0.9523809523809523,0.9523809523809523,3240,1.0,20.0,20.0,20.0,0.9523809523809523,0.9523809523809523,0.9523809523809523,4824,1.0,19.999999115898813,20.0,20.000001072883382,0.9523809503761878,0.9523809523809523,0.9523809548137944
91,1.5166666666666666,True,valid,0.005821335464046122,0.004688063734779852,0.015316198329836146,2.767557306861777,2.767638764902702,0.0005330958785388264,2.7843030144426892,0.06384587499455886,0.22378376005399536,0.00023371087440397266,1585.0,13.577270668903319,4.468080276462201e-06,0,16044,0.06845024973154068,164,1.862645149230957e-09,3240,1.0,20.0,20.0,20.0,0.9523809523809523,0.9523809523809523,0.9523809523809523,3240,1.0,20.0,20.0,20.0,0.9523809523809523,0.9523809523809523,0.9523809523809523,4824,1.0,19.999999115898813,20.0,20.000001072883382,0.9523809503761878,0.9523809523809523,0.9523809548137944
92,1.5333333333333334,True,valid,0.0058564493020623895,0.004914862044237149,0.015517580840534825,3.031018716204286,3.0311167052685923,0.00016980547593563764,3.0400173960522374,0.07167533547564603,0.1396522998341763,0.00025316779845899613,1585.0,14.979321559376135,4.811934258150325e-06,0,16088,0.06386329978704453,164,3.725290298461914e-09,3240,1.0,20.0,20.0,20.0,0.9523809523809523,0.9523809523809523,0.9523809523809523,3240,1.0,20.0,20.0,20.0,0.9523809523809523,0.9523809523809523,0.9523809523809523,4824,1.0,19.999999115898813,20.0,20.000001072883382,0.9523809503761878,0.9523809523809523,0.9523809548137944
93,1.55,True,valid,0.005853610452043207,0.0051322438998425216,0.01572674827037328,3.291748754367487,3.2918578089196004,0.0001865723806360322,3.300584005315575,0.0791794660649028,0.14122906216630463,0.00027347692463881005,1585.0,16.23464348777417,5.180410066747159e-06,0,16117,0.0584159754216671,164,2.7939677238464355e-09,3240,1.0,20.0,20.0,20.0,0.9523809523809523,0.9523809523809523,0.9523809523809523,3240,1.0,20.0,20.0,20.0,0.9523809523809523,0.9523809523809523,0.9523809523809523,4824,1.0,19.999999115898813,20.0,20.000001072883382,0.9523809503761878,0.9523809523809523,0.9523809548137944
94,1.5666666666666667,True,valid,0.005803415795582117,0.0053924193725722065,0.015947190381522664,3.5413877300958556,3.5415067657234576,0.000312186140541581,3.5499443418864907,0.08637704775988866,0.1166876050421301,0.0002935079447504122,1585.0,17.42554098944378,5.550691265892581e-06,0,16117,0.0598905049264431,164,2.7939677238464355e-09,3240,1.0,20.0,20.0,20.0,0.9523809523809523,0.9523809523809523,0.9523809523809523,3240,1.0,20.0,20.0,20.0,0.9523809523809523,0.9523809523809523,0.9523809523809523,4824,1.0,19.999999115898813,20.0,20.000001072883382,0.9523809503761878,0.9523809523809523,0.9523809548137944
95,1.5833333333333333,True,valid,0.00571751018843476,0.005742848269494723,0.016171289265814053,3.7664073883914453,3.7665367788830935,0.00021899182029085678,3.7772579027682176,0.09251196530218,0.19716771024192115,0.0003114298918079755,1585.0,18.484431366680056,5.868272481750106e-06,0,16118,0.06716495007276535,164,2.9103830456733704e-09,3240,1.0,20.0,20.0,20.0,0.9523809523809523,0.9523809523809523,0.9523809523809523,3240,1.0,20.0,20.0,20.0,0.9523809523809523,0.9523809523809523,0.9523809523809523,4824,1.0,19.999999115898813,20.0,20.000001072883382,0.9523809503761878,0.9523809523809523,0.9523809548137944
96,1.6,True,valid,0.005670049569420406,0.0062619699771164885,0.016398079397676547,3.966068990525455,3.966207063456043,0.0002538884447857482,3.9843483964219404,0.09829003287243547,0.3131377276126402,0.0003270759561416751,1585.0,19.256073785655698,6.160044604428726e-06,0,16125,0.07500489056110382,165,3.259629011154175e-09,3240,1.0,20.0,20.0,20.0,0.9523809523809523,0.9523809523809523,0.9523809523809523,3240,1.0,20.0,20.0,20.0,0.9523809523809523,0.9523809523809523,0.9523809523809523,4824,1.0,19.999999115898813,20.0,20.000001072883382,0.9523809503761878,0.9523809523809523,0.9523809548137944
97,1.6166666666666667,True,valid,0.005732111196332804,0.007018972625100648,0.0163281372515605,3.978926945606507,3.9790645622407563,0.0002773993709129127,3.9902748481479886,0.09858457403842662,0.1961513827763108,0.0003301999272707437,1585.0,18.47345837549265,6.210958407482258e-06,0,16111,0.08304156363010406,168,2.7939677238464355e-09,3240,1.0,20.0,20.0,20.0,0.9523809523809523,0.9523809523809523,0.9523809523809523,3240,1.0,20.0,20.0,20.0,0.9523809523809523,0.9523809523809523,0.9523809523809523,4824,1.0,19.999999115898813,20.0,20.000001072883382,0.9523809503761878,0.9523809523809523,0.9523809548137944
98,1.6333333333333333,True,valid,0.005940502368375496,0.00786312747016534,0.016249403602884877,3.9316150195432154,3.9317493811607216,0.0003749017114396489,3.9441118094706042,0.09711929369806162,0.2240905372333671,0.00032727952288053746,1585.0,17.678709182771065,6.168452050150917e-06,0,16123,0.09124720841646194,167,5.587935447692871e-09,3240,1.0,20.0,20.0,20.0,0.9523809523809523,0.9523809523809523,0.9523809523809523,3240,1.0,20.0,20.0,20.0,0.9523809523809523,0.9523809523809523,0.9523809523809523,4824,1.0,19.999999115898813,20.0,20.000001072883382,0.9523809503761878,0.9523809523809523,0.9523809548137944
99,1.65,True,valid,0.006305405709411294,0.008735256602401547,0.016300101237601658,3.855191602994326,3.855321411441305,0.0005021152363387196,3.8712029017756366,0.09493088032591133,0.2621914612534093,0.00032167763480760696,1585.0,16.85477427127062,6.081311053333273e-06,0,16244,0.09936155378818512,167,1.862645149230957e-09,3240,1.0,20.0,20.0,20.0,0.9523809523809523,0.9523809523809523,0.9523809523809523,3240,1.0,20.0,20.0,20.0,0.9523809523809523,0.9523809523809523,0.9523809523809523,4824,1.0,19.999999115898813,20.0,20.000001072883382,0.9523809503761878,0.9523809523809523,0.9523809548137944
100,1.6666666666666667,True,valid,0.006717271354251019,0.009577647819523628,0.016498520611197737,3.770019945887375,3.7701462887948063,0.0004050386217722371,3.7843093400893015,0.09183220525971031,0.3179358273448006,0.00031568114474882377,1585.0,15.957043246622472,5.964678266154113e-06,0,16332,0.10726427286863327,167,5.587935447692871e-09,3240,1.0,20.0,20.0,20.0,0.9523809523809523,0.9523809523809523,0.9523809523809523,3240,1.0,20.0,20.0,20.0,0.9523809523809523,0.9523809523809523,0.9523809523809523,4824,1.0,19.999999115898813,20.0,20.000001072883382,0.9523809503761878,0.9523809523809523,0.9523809548137944
101,1.6833333333333333,True,valid,0.007057296460535295,0.010185357106977886,0.016664510083439377,3.6506850144896164,3.6508059622176368,0.00021055784519952733,3.6617731002021476,0.0881712688359717,0.2021376812931631,0.0003070874251021839,1585.0,15.453356858020694,5.800819547017333e-06,0,16387,0.1143614873290062,169,7.450580596923828e-09,3240,1.0,20.0,20.0,20.0,0.9523809523809523,0.9523809523809523,0.9523809523809523,3240,1.0,20.0,20.0,20.0,0.9523809523809523,0.9523809523809523,0.9523809523809523,4824,1.0,19.999999115898813,20.0,20.000001072883382,0.9523809503761878,0.9523809523809523,0.9523809548137944
102,1.7,True,valid,0.007248324480731005,0.010385135357107713,0.016604928258954786,3.506761681520855,3.5068751213701743,0.00045347295567196616,3.5273261167391725,0.08396085371498763,0.3946573656429452,0.0002961415797606935,1585.0,14.746221765641982,5.60866618865324e-06,0,16443,0.12052620202302933,170,7.450580596923828e-09,3240,1.0,20.0,20.0,20.0,0.9523809523809523,0.9523809523809523,0.9523809523809523,3240,1.0,20.0,20.0,20.0,0.9523809523809523,0.9523809523809523,0.9523809523809523,4824,1.0,19.999999115898813,20.0,20.000001072883382,0.9523809503761878,0.9523809523809523,0.9523809548137944
103,1.7166666666666666,True,valid,0.007213020346134734,0.01016098935284557,0.016240643481867125,3.326895553464318,3.327001803264387,0.000187139239575342,3.3385246782492404,0.07880808956035776,0.20578628322147122,0.0002822487760090846,1585.0,13.834457128073103,5.355404267653667e-06,0,16459,0.12549170851707458,171,7.450580596923828e-09,3240,1.0,20.0,20.0,20.0,0.9523809523809523,0.9523809523809523,0.9523809523809523,3240,1.0,20.0,20.0,20.0,0.9523809523809523,0.9523809523809523,0.9523809523809523,4824,1.0,19.999999115898813,20.0,20.000001072883382,0.9523809503761878,0.9523809523809523,0.9523809548137944
104,1.7333333333333334,True,valid,0.006930397948745852,0.009541645147786838,0.015711088132234485,3.1254115908691387,3.1255094855795447,0.00017840561183073863,3.1422245740282526,0.07326299933419451,0.26229388424916517,0.0002671741856699033,1585.0,12.873622443334893,5.073038218322617e-06,0,16397,0.12942466139793396,173,3.725290298461914e-09,3240,1.0,20.0,20.0,20.0,0.9523809523809523,0.9523809523809523,0.9523809523809523,3240,1.0,20.0,20.0,20.0,0.9523809523809523,0.9523809523809523,0.9523809523809523,4824,1.0,19.999999115898813,20.0,20.000001072883382,0.9523809503761878,0.9523809523809523,0.9523809548137944
105,1.75,True,valid,0.0064776476620231685,0.008558357091359912,0.0151285521118771,2.898150903231302,2.898239805290849,0.00016189147851218718,2.9156712188369553,0.0670096943764812,0.25982417356988524,0.00025006366230252773,1585.0,11.771089405411333,4.7495324843749625e-06,0,16342,0.1323625147342682,174,3.725290298461914e-09,3240,1.0,20.0,20.0,20.0,0.9523809523809523,0.9523809523809523,0.9523809523809523,3240,1.0,20.0,20.0,20.0,0.9523809523809523,0.9523809523809523,0.9523809523809523,4824,1.0,19.999999115898813,20.0,20.000001072883382,0.9523809503761878,0.9523809523809523,0.9523809548137944
106,1.7666666666666666,True,valid,0.0059806310947120665,0.007330964551545973,0.014578885591735256,2.6504012038955578,2.6504808136154465,0.00014764799155301072,2.6691101942108775,0.06029146403089752,0.2621026182172332,0.0002311278159089427,1585.0,10.521593220107546,4.398104924405397e-06,0,16191,0.1344858705997467,173,7.450580596923828e-09,3240,1.0,20.0,20.0,20.0,0.9523809523809523,0.9523809523809523,0.9523809523809523,3240,1.0,20.0,20.0,20.0,0.9523809523809523,0.9523809523809523,0.9523809523809523,4824,1.0,19.999999115898813,20.0,20.000001072883382,0.9523809503761878,0.9523809523809523,0.9523809548137944
107,1.7833333333333334,True,valid,0.005557650535208864,0.006092134041084102,0.01412678549799827,2.390709546132072,2.390779030345201,0.00013592931227429745,2.413030413106512,0.05318914609564598,0.2830465386227697,0.0002114747213924987,1585.0,9.145898952530562,4.037802879534191e-06,0,15978,0.13597199320793152,173,7.450580596923828e-09,3240,1.0,20.0,20.0,20.0,0.9523809523809523,0.9523809523809523,0.9523809523809523,3240,1.0,20.0,20.0,20.0,0.9523809523809523,0.9523809523809523,0.9523809523809523,4824,1.0,19.999999115898813,20.0,20.000001072883382,0.9523809503761878,0.9523809523809523,0.9523809548137944
108,1.8,True,valid,0.005282666051296536,0.00508851927101408,0.013860257796619018,2.1355552216737883,2.135613703534017,0.0001230192586732043,2.1619740957054474,0.045660929347555536,0.2903254318849552,0.00019272214371724838,1585.0,7.9154000189758555,3.6952523881551825e-06,0,15897,0.1371368020772934,173,7.450580596923828e-09,3240,1.0,20.0,20.0,20.0,0.9523809523809523,0.9523809523809523,0.9523809523809523,3240,1.0,20.0,20.0,20.0,0.9523809523809523,0.9523809523809523,0.9523809523809523,4824,1.0,19.999999115898813,20.0,20.000001072883382,0.9523809503761878,0.9523809523809523,0.9523809548137944
109,1.8166666666666667,True,valid,0.00514751660397157,0.00442588944621939,0.013797430182288767,1.8954613249667227,1.8955074422753377,0.00010271858308310522,1.9232807329309112,0.03767217338263819,0.28371921877355727,0.0001754098168159845,1585.0,6.616939132153543,3.3846374069200405e-06,0,15880,0.13824541866779327,173,7.450580596923828e-09,3240,1.0,20.0,20.0,20.0,0.9523809523809523,0.9523809523809523,0.9523809523809523,3240,1.0,20.0,20.0,20.0,0.9523809523809523,0.9523809523809523,0.9523809523809523,4824,1.0,19.999999115898813,20.0,20.000001072883382,0.9523809503761878,0.9523809523809523,0.9523809548137944
110,1.8333333333333333,True,valid,0.005086253634953953,0.004061939017272374,0.013866608444465644,1.6738643214647886,1.6738975164637626,0.00010143618347028918,1.6990063559544648,0.029429543925277912,0.2488403708426978,0.00015938828531621954,1585.0,5.1712980192988685,3.106271506295126e-06,0,15819,0.13942158222198486,173,7.450580596923828e-09,3240,1.0,20.0,20.0,20.0,0.9523809523809523,0.9523809523809523,0.9523809523809523,3240,1.0,20.0,20.0,20.0,0.9523809523809523,0.9523809523809523,0.9523809523809523,4824,1.0,19.999999115898813,20.0,20.000001072883382,0.9523809503761878,0.9523809523809523,0.9523809548137944
111,1.85,True,valid,0.005059623153589655,0.003904227269722541,0.013898142984857349,1.4880667320985628,1.4880886517539198,6.682066009320083e-05,1.5048779511803243,0.020990375257023387,0.19023875431942036,0.0001465095343040203,1585.0,4.067492604088394,2.8871996785562884e-06,0,15714,0.14070315659046173,176,7.450580596923828e-09,3240,1.0,20.0,20.0,20.0,0.9523809523809523,0.9523809523809523,0.9523809523809523,3240,1.0,20.0,20.0,20.0,0.9523809523809523,0.9523809523809523,0.9523809523809523,4824,1.0,19.999999115898813,20.0,20.000001072883382,0.9523809503761878,0.9523809523809523,0.9523809548137944
112,1.8666666666666667,True,valid,0.005058706798999973,0.0038771078546121548,0.013807840833800756,1.3506210508536876,1.3506334750155993,5.42618385349657e-05,1.3658633082738583,0.012488684315809552,0.1668359686076627,0.00013769416087242058,1585.0,3.058606452171139,2.7383067759754904e-06,0,15632,0.14210937917232513,174,7.450580596923828e-09,3240,1.0,20.0,20.0,20.0,0.9523809523809523,0.9523809523809523,0.9523809523809523,3240,1.0,20.0,20.0,20.0,0.9523809523809523,0.9523809523809523,0.9523809523809523,4824,1.0,19.999999115898813,20.0,20.000001072883382,0.9523809503761878,0.9523809523809523,0.9523809548137944
113,1.8833333333333333,True,valid,0.005112745256103079,0.003959924277470545,0.013693374840403548,1.2823112278669908,1.2823060878990789,0.00037872501864908873,1.3094868546558385,0.007706613488517199,0.27556215422973446,0.00013341162247561557,1585.0,2.8574809448061282,2.6714553470749028e-06,0,15508,0.1435960978269577,175,7.450580596923828e-09,3240,1.0,20.0,20.0,20.0,0.9523809523809523,0.9523809523809523,0.9523809523809523,3240,1.0,20.0,20.0,20.0,0.9523809523809523,0.9523809523809523,0.9523809523809523,4824,1.0,19.999999115898813,20.0,20.000001072883382,0.9523809503761878,0.9523809523809523,0.9523809548137944
114,1.9,True,valid,0.0052717684675473615,0.004180467045806609,0.013737679785434323,1.287029439096528,1.2870371088250014,4.972831363455704e-05,1.3114278391256324,0.0064950945710886675,0.20019945436800501,0.0001332728834332533,1585.0,2.8071373792369014,2.660851192595229e-06,0,15515,0.14486047625541687,177,7.450580596923828e-09,3240,1.0,20.0,20.0,20.0,0.9523809523809523,0.9523809523809523,0.9523809523809523,3240,1.0,20.0,20.0,20.0,0.9523809523809523,0.9523809523809523,0.9523809523809523,4824,1.0,19.999999115898813,20.0,20.000001072883382,0.9523809503761878,0.9523809523809523,0.9523809548137944
115,1.9166666666666667,True,valid,0.005571422450731555,0.0045464795262075254,0.013958708506207635,1.393399334433451,1.393413017994305,5.505100369048715e-05,1.4128483997082881,0.014515612980065413,0.16503099732804483,0.00013863345869806584,1585.0,3.793562231604398,2.760228455187823e-06,0,15691,0.14547184109687805,177,7.450580596923828e-09,3240,1.0,20.0,20.0,20.0,0.9523809523809523,0.9523809523809523,0.9523809523809523,3240,1.0,20.0,20.0,20.0,0.9523809523809523,0.9523809523809523,0.9523809523809523,4824,1.0,19.999999115898813,20.0,20.000001072883382,0.9523809503761878,0.9523809523809523,0.9523809548137944
116,1.9333333333333333,True,valid,0.0059358275296634904,0.004941553784148133,0.014265353389362365,1.5685928228095727,1.568616473304348,6.810922709371525e-05,1.5861505185238427,0.022868905695837816,0.16333158458633448,0.00014952048668403898,1585.0,5.286997073834516,2.961384681526982e-06,0,15787,0.1452200561761856,180,7.450580596923828e-09,3240,1.0,20.0,20.0,20.0,0.9523809523809523,0.9523809523809523,0.9523809523809523,3240,1.0,20.0,20.0,20.0,0.9523809523809523,0.9523809523809523,0.9523809523809523,4824,1.0,19.999999115898813,20.0,20.000001072883382,0.9523809503761878,0.9523809523809523,0.9523809548137944
117,1.95,True,valid,0.006217993953740298,0.0051990106766275105,0.014669408722969537,1.7756028953439251,1.7756380070911977,8.80287644930355e-05,1.791048852960748,0.03129850509458212,0.15763230684083965,0.00016250455870318514,1585.0,6.870045406232443,3.198075883528153e-06,0,15940,0.14393964409828186,182,7.450580596923828e-09,3240,1.0,20.0,20.0,20.0,0.9523809523809523,0.9523809523809523,0.9523809523809523,3240,1.0,20.0,20.0,20.0,0.9523809523809523,0.9523809523809523,0.9523809523809523,4824,1.0,19.999999115898813,20.0,20.000001072883382,0.9523809503761878,0.9523809523809523,0.9523809548137944
118,1.9666666666666666,True,valid,0.006335260609241552,0.005233712317300783,0.015083190621412914,2.000937349525392,2.0009845614478725,9.992852510837713e-05,2.015969682217299,0.03953000705136278,0.16342579866527968,0.00017741738452381077,1585.0,8.416736787217712,3.4645774305725095e-06,0,16002,0.14158619940280914,183,7.450580596923828e-09,3240,1.0,20.0,20.0,20.0,0.9523809523809523,0.9523809523809523,0.9523809523809523,3240,1.0,20.0,20.0,20.0,0.9523809523809523,0.9523809523809523,0.9523809523809523,4824,1.0,19.999999115898813,20.0,20.000001072883382,0.9523809503761878,0.9523809523809523,0.9523809548137944
119,1.9833333333333334,True,valid,0.006274043777542557,0.0050438939814894885,0.015364828612470178,2.2334665172961587,2.2335253487697337,0.00012236303659739995,2.2478655411584065,0.04742354532758818,0.16878293715218623,0.00019409658819976802,1585.0,9.72076724550933,3.7614461182762288e-06,0,16055,0.13816404342651367,184,3.725290298461914e-09,3240,1.0,20.0,20.0,20.0,0.9523809523809523,0.9523809523809523,0.9523809523809523,3240,1.0,20.0,20.0,20.0,0.9523809523809523,0.9523809523809523,0.9523809523809523,4824,1.0,19.999999115898813,20.0,20.000001072883382,0.9523809503761878,0.9523809523809523,0.9523809548137944
120,2.0,True,valid,0.006052313209089452,0.0047546948100038134,0.015478303555462994,2.465762803352552,2.465833990488773,0.00013277647846173372,2.481031688170832,0.054967127056557104,0.1888571763974809,0.00021154373215074283,1585.0,10.80935197487111,4.070096825117684e-06,0,16065,0.13369853794574738,184,3.725290298461914e-09,3240,1.0,20.0,20.0,20.0,0.9523809523809523,0.9523809523809523,0.9523809523809523,3240,1.0,20.0,20.0,20.0,0.9523809523809523,0.9523809523809523,0.9523809523809523,4824,1.0,19.999999115898813,20.0,20.000001072883382,0.9523809503761878,0.9523809523809523,0.9523809548137944
121,2.0166666666666666,True,valid,0.0057467095766259605,0.004574659310044767,0.015474110777964003,2.6927037361758193,2.692786292511379,0.0001490449824202114,2.704871828914133,0.06198350375903712,0.16763672478638825,0.0002290950285179565,1585.0,11.735225337349341,4.382170751783508e-06,0,16038,0.12833014130592346,185,3.725290298461914e-09,3240,1.0,20.0,20.0,20.0,0.9523809523809523,0.9523809523809523,0.9523809523809523,3240,1.0,20.0,20.0,20.0,0.9523809523809523,0.9523809523809523,0.9523809523809523,4824,1.0,19.999999115898813,20.0,20.000001072883382,0.9523809503761878,0.9523809523809523,0.9523809548137944
122,2.033333333333333,True,valid,0.00547948682306429,0.004744643943599011,0.015425846672137603,2.91169031433647,2.911781948719626,0.00018266468735893125,2.9202838179220145,0.06861515918321838,0.11936614431619427,0.0002461772619235544,1585.0,12.549673243718322,4.6908707504862615e-06,0,16026,0.12221872061491013,183,7.450580596923828e-09,3240,1.0,20.0,20.0,20.0,0.9523809523809523,0.9523809523809523,0.9523809523809523,3240,1.0,20.0,20.0,20.0,0.9523809523809523,0.9523809523809523,0.9523809523809523,4824,1.0,19.999999115898813,20.0,20.000001072883382,0.9523809503761878,0.9523809523809523,0.9523809548137944
123,2.05,True,valid,0.0053630906295361845,0.005333227832724633,0.015397979147168948,3.118051603215904,3.1181529899161924,0.0003480568738330673,3.133212540616918,0.07484611367669763,0.2700997713710383,0.0002629984465748981,1585.0,13.631444948417391,4.994767025831622e-06,0,16011,0.11558843404054642,184,3.725290298461914e-09,3240,1.0,20.0,20.0,20.0,0.9523809523809523,0.9523809523809523,0.9523809523809523,3240,1.0,20.0,20.0,20.0,0.9523809523809523,0.9523809523809523,0.9523809523809523,4824,1.0,19.999999115898813,20.0,20.000001072883382,0.9523809503761878,0.9523809523809523,0.9523809548137944
124,2.066666666666667,True,valid,0.005426849215592798,0.006168316223633776,0.015460925572626738,3.312103811952419,3.3122167650976073,0.0005457193151238305,3.3267598325143375,0.08072277010887273,0.36032051305363355,0.00027847100147430454,1585.0,14.800294122072303,5.279382112743535e-06,0,16017,0.10869985073804855,185,7.450580596923828e-09,3240,1.0,20.0,20.0,20.0,0.9523809523809523,0.9523809523809523,0.9523809523809523,3240,1.0,20.0,20.0,20.0,0.9523809523809523,0.9523809523809523,0.9523809523809523,4824,1.0,19.999999115898813,20.0,20.000001072883382,0.9523809503761878,0.9523809523809523,0.9523809548137944
125,2.0833333333333335,True,valid,0.005614689820900186,0.007031710298805601,0.015578810860607098,3.4849044325471548,3.4850217483754102,0.0002042308766888784,3.4933634299051626,0.08499338994628869,0.1317639410313068,0.00029271254269475,1585.0,15.818772524314713,5.534083026113236e-06,0,16020,0.101702980697155,185,3.725290298461914e-09,3240,1.0,20.0,20.0,20.0,0.9523809523809523,0.9523809523809523,0.9523809523809523,3240,1.0,20.0,20.0,20.0,0.9523809523809523,0.9523809523809523,0.9523809523809523,4824,1.0,19.999999115898813,20.0,20.000001072883382,0.9523809503761878,0.9523809523809523,0.9523809548137944
126,2.1,True,valid,0.005818150681509439,0.007740540071532358,0.01567375154374694,3.637457366733348,3.6375798188785717,0.00022450908081485005,3.646062650740897,0.08917814113809505,0.13699145706578442,0.00030518401867431585,1585.0,16.646738214104616,5.759577098397751e-06,0,16078,0.09486997127532959,187,5.587935447692871e-09,3240,1.0,20.0,20.0,20.0,0.9523809523809523,0.9523809523809523,0.9523809523809523,3240,1.0,20.0,20.0,20.0,0.9523809523809523,0.9523809523809523,0.9523809523809523,4824,1.0,19.999999115898813,20.0,20.000001072883382,0.9523809503761878,0.9523809523809523,0.9523809548137944
127,2.1166666666666667,True,valid,0.005941751484180301,0.00817538057085549,0.015750123901977626,3.757412450016438,3.757540794600253,0.0002194247990814589,3.772920704971382,0.0928022707473306,0.2518739007442122,0.0003146927350577229,1585.0,17.310234263121252,5.932388086320974e-06,0,16203,0.08839072287082672,192,5.587935447692871e-09,3240,1.0,20.0,20.0,20.0,0.9523809523809523,0.9523809523809523,0.9523809523809523,3240,1.0,20.0,20.0,20.0,0.9523809523809523,0.9523809523809523,0.9523809523809523,4824,1.0,19.999999115898813,20.0,20.000001072883382,0.9523809503761878,0.9523809523809523,0.9523809548137944
128,2.1333333333333333,True,valid,0.005975208748192581,0.008308856492086424,0.015798011937684604,3.8518598664087005,3.8519925572995026,0.0002256806351207107,3.870332974043173,0.0956304472562762,0.26871617893047106,0.0003222376988179053,1585.0,17.791241693693536,6.067426833849128e-06,0,16262,0.0823628231883049,193,3.725290298461914e-09,3240,1.0,20.0,20.0,20.0,0.9523809523809523,0.9523809523809523,0.9523809523809523,3240,1.0,20.0,20.0,20.0,0.9523809523809523,0.9523809523809523,0.9523809523809523,4824,1.0,19.999999115898813,20.0,20.000001072883382,0.9523809503761878,0.9523809523809523,0.9523809548137944
129,2.15,True,valid,0.0059241906067681845,0.00817200610443265,0.015879221505007843,3.9230078803326305,3.9231434868751434,0.0002302684661655245,3.9386614959761412,0.09717831760766335,0.21501167853000466,0.0003276372388271072,1585.0,18.095435404100762,6.165701723301917e-06,0,16280,0.07669315487146378,191,3.725290298461914e-09,3240,1.0,20.0,20.0,20.0,0.9523809523809523,0.9523809523809523,0.9523809523809523,3240,1.0,20.0,20.0,20.0,0.9523809523809523,0.9523809523809523,0.9523809523809523,4824,1.0,19.999999115898813,20.0,20.000001072883382,0.9523809503761878,0.9523809523809523,0.9523809548137944
130,2.1666666666666665,True,valid,0.005837440148623154,0.007846589559351271,0.015974047044643655,3.96052644438978,3.9606651977701843,0.0002663658010419503,3.97449233423123,0.09850958417064519,0.24774677332812556,0.00033037545945874605,1585.0,18.181073014173375,6.215483642860844e-06,0,16266,0.07124307751655579,191,3.026798367500305e-09,3240,1.0,20.0,20.0,20.0,0.9523809523809523,0.9523809523809523,0.9523809523809523,3240,1.0,20.0,20.0,20.0,0.9523809523809523,0.9523809523809523,0.9523809523809523,4824,1.0,19.999999115898813,20.0,20.000001072883382,0.9523809503761878,0.9523809523809523,0.9523809548137944
131,2.183333333333333,True,valid,0.005743470785564568,0.007457608573438814,0.01610227130369953,3.971756252733703,3.971895005104939,0.00023204711935502224,3.9842284447719187,0.09889485993926495,0.17176036125987915,0.0003308377713896475,1585.0,18.069232539796683,6.222777466438594e-06,0,16212,0.06598586589097977,191,3.4924596548080444e-09,3240,1.0,20.0,20.0,20.0,0.9523809523809523,0.9523809523809523,0.9523809523809523,3240,1.0,20.0,20.0,20.0,0.9523809523809523,0.9523809523809523,0.9523809523809523,4824,1.0,19.999999115898813,20.0,20.000001072883382,0.9523809503761878,0.9523809523809523,0.9523809548137944
132,2.2,True,valid,0.005685517262327755,0.007101048460618105,0.016201687433712784,3.957459715418314,3.957596053865273,0.00036423892846102846,3.9698158840977644,0.09852408667551937,0.15169810434704672,0.0003291223090681643,1585.0,17.84207986893488,6.199568564015682e-06,0,16170,0.060731176286935806,194,2.7939677238464355e-09,3240,1.0,20.0,20.0,20.0,0.9523809523809523,0.9523809523809523,0.9523809523809523,3240,1.0,20.0,20.0,20.0,0.9523809523809523,0.9523809523809523,0.9523809523809523,4824,1.0,19.999999115898813,20.0,20.000001072883382,0.9523809503761878,0.9523809523809523,0.9523809548137944
133,2.216666666666667,True,valid,0.0056712612556532645,0.006815192907854527,0.01618549775448599,3.9127889244737637,3.912925348099056,0.00022919276732037648,3.925456849825715,0.09731400475901414,0.17508740325816133,0.00032561798459747993,1585.0,17.454540538923887,6.128276366072549e-06,0,16106,0.057684775441884995,196,1.862645149230957e-09,3240,1.0,20.0,20.0,20.0,0.9523809523809523,0.9523809523809523,0.9523809523809523,3240,1.0,20.0,20.0,20.0,0.9523809523809523,0.9523809523809523,0.9523809523809523,4824,1.0,19.999999115898813,20.0,20.000001072883382,0.9523809503761878,0.9523809523809523,0.9523809548137944
134,2.2333333333333334,True,valid,0.005647916052218431,0.0066102912339557895,0.01606127499599551,3.8411688604455283,3.841302375869999,0.0002241472305294345,3.8589202166182193,0.09535409162971557,0.23827834182941687,0.0003199133656080385,1585.0,16.97276154784388,6.023875763889039e-06,0,16063,0.06339425593614578,196,1.862645149230957e-09,3240,1.0,20.0,20.0,20.0,0.9523809523809523,0.9523809523809523,0.9523809523809523,3240,1.0,20.0,20.0,20.0,0.9523809523809523,0.9523809523809523,0.9523809523809523,4824,1.0,19.999999115898813,20.0,20.000001072883382,0.9523809503761878,0.9523809523809523,0.9523809548137944
135,2.25,True,valid,0.005600864414388777,0.006508173684133844,0.015833514904790593,3.7395560913162105,3.739685935476883,0.0002179707009965438,3.7571244749923305,0.09273940130402356,0.23192308697646782,0.0003122763992227506,1585.0,16.43411354630304,5.881508819710777e-06,0,16059,0.06936869770288467,196,7.450580596923828e-09,3240,1.0,20.0,20.0,20.0,0.9523809523809523,0.9523809523809523,0.9523809523809523,3240,1.0,20.0,20.0,20.0,0.9523809523809523,0.9523809523809523,0.9523809523809523,4824,1.0,19.999999115898813,20.0,20.000001072883382,0.9523809503761878,0.9523809523809523,0.9523809548137944
136,2.2666666666666666,True,valid,0.005558096936589165,0.006544776259852979,0.015531002770935347,3.6199427989450044,3.6200685816773417,0.00030313806485506977,3.632779152563806,0.0893755933574861,0.14769673926275,0.00030342151306017085,1585.0,15.833317125832505,5.723981681339676e-06,0,16045,0.0755416601896286,196,7.450580596923828e-09,3240,1.0,20.0,20.0,20.0,0.9523809523809523,0.9523809523809523,0.9523809523809523,3240,1.0,20.0,20.0,20.0,0.9523809523809523,0.9523809523809523,0.9523809523809523,4824,1.0,19.999999115898813,20.0,20.000001072883382,0.9523809503761878,0.9523809523809523,0.9523809548137944
137,2.283333333333333,True,valid,0.005570975046198019,0.006725542666191281,0.015253491213545328,3.4706062992956435,3.4707247891065163,0.0002021616224896697,3.4824464037032845,0.08522264986262396,0.15586176547843053,0.00029254057019906433,1585.0,15.121224473120181,5.516587500454253e-06,0,16026,0.08185670524835587,196,7.450580596923828e-09,3240,1.0,20.0,20.0,20.0,0.9523809523809523,0.9523809523809523,0.9523809523809523,3240,1.0,20.0,20.0,20.0,0.9523809523809523,0.9523809523809523,0.9523809523809523,4824,1.0,19.999999115898813,20.0,20.000001072883382,0.9523809503761878,0.9523809523809523,0.9523809548137944
138,2.3,True,valid,0.005703616940228479,0.007080121363513699,0.015104381725902392,3.3090059536875294,3.3091087557613497,0.00045300837449361046,3.3200559293835616,0.08048464229972412,0.15503546902925236,0.0002805990707511504,1585.0,14.310650124587935,5.3094923919183326e-06,0,16014,0.08814134448766708,196,3.725290298461914e-09,3240,1.0,20.0,20.0,20.0,0.9523809523809523,0.9523809523809523,0.9523809523809523,3240,1.0,20.0,20.0,20.0,0.9523809523809523,0.9523809523809523,0.9523809523809523,4824,1.0,19.999999115898813,20.0,20.000001072883382,0.9523809503761878,0.9523809523809523,0.9523809548137944
139,2.316666666666667,True,valid,0.005957472665265955,0.0075674130481466996,0.015133880141793114,3.1286119254905658,3.12870760649317,0.0003811243212652338,3.138885972547934,0.0751224316271539,0.14085746707120636,0.0002674061414202788,1585.0,13.33939417801389,5.069745615719639e-06,0,16057,0.0941949337720871,195,3.725290298461914e-09,3240,1.0,20.0,20.0,20.0,0.9523809523809523,0.9523809523809523,0.9523809523809523,3240,1.0,20.0,20.0,20.0,0.9523809523809523,0.9523809523809523,0.9523809523809523,4824,1.0,19.999999115898813,20.0,20.000001072883382,0.9523809503761878,0.9523809523809523,0.9523809548137944
140,2.3333333333333335,True,valid,0.006289794234511912,0.008078556069127744,0.01531133665656832,2.935944165072926,2.9360366871005676,0.0001684754294867005,2.94894293513683,0.06907769450317718,0.20232324714962088,0.00025316797789186053,1585.0,12.269959422322012,4.811446792399872e-06,0,16124,0.09979990124702454,196,3.725290298461914e-09,3240,1.0,20.0,20.0,20.0,0.9523809523809523,0.9523809523809523,0.9523809523809523,3240,1.0,20.0,20.0,20.0,0.9523809523809523,0.9523809523809523,0.9523809523809523,4824,1.0,19.999999115898813,20.0,20.000001072883382,0.9523809503761878,0.9523809523809523,0.9523809548137944
141,2.35,True,valid,0.006611288439867891,0.00846677895163221,0.015498922044165878,2.729389733407227,2.729471497950534,0.00015136878858983653,2.743628743260456,0.06237832636322613,0.21411532904184094,0.00023779122485840859,1585.0,11.201633436513497,4.540626991481109e-06,0,16169,0.10475581884384155,196,7.450580596923828e-09,3240,1.0,20.0,20.0,20.0,0.9523809523809523,0.9523809523809523,0.9523809523809523,3240,1.0,20.0,20.0,20.0,0.9523809523809523,0.9523809523809523,0.9523809523809523,4824,1.0,19.999999115898813,20.0,20.000001072883382,0.9523809503761878,0.9523809523809523,0.9523809548137944
142,2.3666666666666667,True,valid,0.006814017119399958,0.008621868804944418,0.01559331282515851,2.507870032623462,2.5079408706037998,0.00016444865231814664,2.5235557873304875,0.05532782678120185,0.22135049059374454,0.0002212056918808108,1585.0,9.974102725876326,4.244842596114816e-06,0,16193,0.10890790075063705,196,3.725290298461914e-09,3240,1.0,20.0,20.0,20.0,0.9523809523809523,0.9523809523809523,0.9523809523809523,3240,1.0,20.0,20.0,20.0,0.9523809523809523,0.9523809523809523,0.9523809523809523,4824,1.0,19.999999115898813,20.0,20.000001072883382,0.9523809503761878,0.9523809523809523,0.9523809548137944
143,2.3833333333333333,True,valid,0.006841583240723387,0.008475098869484905,0.015474438642449235,2.2784002240310954,2.278463961433883,0.0003063620025078841,2.297588256312546,0.047898409541043116,0.31739164618706023,0.00020399215190326463,1585.0,8.704438786063305,3.943374552714836e-06,0,16184,0.11213701963424683,196,7.450580596923828e-09,3240,1.0,20.0,20.0,20.0,0.9523809523809523,0.9523809523809523,0.9523809523809523,3240,1.0,20.0,20.0,20.0,0.9523809523809523,0.9523809523809523,0.9523809523809523,4824,1.0,19.999999115898813,20.0,20.000001072883382,0.9523809503761878,0.9523809523809523,0.9523809548137944
144,2.4,True,valid,0.006684231416916742,0.007995817868975932,0.015101498653306442,2.0364735169000676,2.0365189597594284,0.00011629985806705887,2.049495383895038,0.03996189821460018,0.17758722067481447,0.00018641132924034786,1585.0,7.317415006698785,3.618135664838171e-06,0,16111,0.1143903061747551,196,7.450580596923828e-09,3240,1.0,20.0,20.0,20.0,0.9523809523809523,0.9523809523809523,0.9523809523809523,3240,1.0,20.0,20.0,20.0,0.9523809523809523,0.9523809523809523,0.9523809523809523,4824,1.0,19.999999115898813,20.0,20.000001072883382,0.9523809503761878,0.9523809523809523,0.9523809548137944
145,2.4166666666666665,True,valid,0.006365635294583699,0.0072173537512975885,0.014560695500719735,1.7940518170568571,1.7940870597919822,8.829284644131155e-05,1.8051266180191996,0.031800766979523616,0.13695582233117076,0.00016896011916386664,1585.0,5.893322575257697,3.3017948894927524e-06,0,15958,0.11572419852018356,197,7.450580596923828e-09,3240,1.0,20.0,20.0,20.0,0.9523809523809523,0.9523809523809523,0.9523809523809523,3240,1.0,20.0,20.0,20.0,0.9523809523809523,0.9523809523809523,0.9523809523809523,4824,1.0,19.999999115898813,20.0,20.000001072883382,0.9523809503761878,0.9523809523809523,0.9523809548137944
146,2.433333333333333,True,valid,0.0059612613254897435,0.006247594004805592,0.013981370146544598,1.5662176504201824,1.5662415653621151,7.211907858949215e-05,1.5904260556966399,0.023658753795040597,0.211585118180224,0.00015345492914288153,1585.0,4.700733253890509,3.016024791750721e-06,0,15746,0.11618385463953018,194,7.450580596923828e-09,3240,1.0,20.0,20.0,20.0,0.9523809523809523,0.9523809523809523,0.9523809523809523,3240,1.0,20.0,20.0,20.0,0.9523809523809523,0.9523809523809523,0.9523809523809523,4824,1.0,19.999999115898813,20.0,20.000001072883382,0.9523809503761878,0.9523809523809523,0.9523809548137944
147,2.45,True,valid,0.005561967374675375,0.0052195506015660755,0.01354502941189463,1.3880295462180787,1.388037935445125,0.00019517132422271978,1.4046345011263661,0.015061336358614391,0.14263236090908848,0.00014132659787727985,1585.0,3.485992367633007,2.80884876471661e-06,0,15626,0.11587231606245041,196,7.450580596923828e-09,3240,1.0,20.0,20.0,20.0,0.9523809523809523,0.9523809523809523,0.9523809523809523,3240,1.0,20.0,20.0,20.0,0.9523809523809523,0.9523809523809523,0.9523809523809523,4824,1.0,19.999999115898813,20.0,20.000001072883382,0.9523809503761878,0.9523809523809523,0.9523809548137944
148,2.466666666666667,True,valid,0.005249472533104364,0.004305171614481734,0.013355561803090233,1.276409718642259,1.2764171273672875,5.922765343235382e-05,1.2899703286541473,0.008686205895335511,0.10882828926904256,0.00013395010987239433,1585.0,2.767268791916313,2.6669355992020228e-06,0,15504,0.1149311512708664,201,7.450580596923828e-09,3240,1.0,20.0,20.0,20.0,0.9523809523809523,0.9523809523809523,0.9523809523809523,3240,1.0,20.0,20.0,20.0,0.9523809523809523,0.9523809523809523,0.9523809523809523,4824,1.0,19.999999115898813,20.0,20.000001072883382,0.9523809503761878,0.9523809523809523,0.9523809548137944
149,2.4833333333333334,True,valid,0.0050617461355504925,0.003690333646732211,0.013441479263855013,1.258381483956022,1.258389983606713,0.00014891307752669175,1.281727160366105,0.004711273216634085,0.22881579274701003,0.0001319350082147024,1585.0,2.8291969181694805,2.6360499227694056e-06,0,15504,0.11352407187223434,201,7.450580596923828e-09,3240,1.0,20.0,20.0,20.0,0.9523809523809523,0.9523809523809523,0.9523809523809523,3240,1.0,20.0,20.0,20.0,0.9523809523809523,0.9523809523809523,0.9523809523809523,4824,1.0,19.999999115898813,20.0,20.000001072883382,0.9523809503761878,0.9523809523809523,0.9523809548137944
150,2.5,True,valid,0.005004897231392444,0.003471340764936633,0.013650499559590482,1.3407035393767057,1.3407155447792514,7.840704229125238e-05,1.3538635333621518,0.01214782574169784,0.10225263338023963,0.00013621243586129492,1585.0,3.485220657251078,2.7132578652858997e-06,0,15660,0.11178960651159286,203,7.450580596923828e-09,3240,1.0,20.0,20.0,20.0,0.9523809523809523,0.9523809523809523,0.9523809523809523,3240,1.0,20.0,20.0,20.0,0.9523809523809523,0.9523809523809523,0.9523809523809523,4824,1.0,19.999999115898813,20.0,20.000001072883382,0.9523809503761878,0.9523809523809523,0.9523809548137944
151,2.5166666666666666,True,valid,0.005013888572805992,0.0035457397153454097,0.013861235142867622,1.49330712353827,1.4933278681462427,6.444129422767228e-05,1.5074463674193013,0.020540662557941812,0.1304625394882645,0.00014574929045022288,1585.0,4.919084175332951,2.8816074390094157e-06,0,15722,0.10988827049732208,203,7.450580596923828e-09,3240,1.0,20.0,20.0,20.0,0.9523809523809523,0.9523809523809523,0.9523809523809523,3240,1.0,20.0,20.0,20.0,0.9523809523809523,0.9523809523809523,0.9523809523809523,4824,1.0,19.999999115898813,20.0,20.000001072883382,0.9523809503761878,0.9523809523809523,0.9523809548137944
152,2.533333333333333,True,valid,0.005025823884763572,0.0037200086601218542,0.013999990906418801,1.6886451017156074,1.6886772023165015,7.924461974677365e-05,1.7037180656446422,0.028936282624612095,0.15285820464519334,0.0001583959106918481,1585.0,6.393575324988802,3.1030373304082384e-06,0,15815,0.10784882307052612,203,7.450580596923828e-09,3240,1.0,20.0,20.0,20.0,0.9523809523809523,0.9523809523809523,0.9523809523809523,3240,1.0,20.0,20.0,20.0,0.9523809523809523,0.9523809523809523,0.9523809523809523,4824,1.0,19.999999115898813,20.0,20.000001072883382,0.9523809503761878,0.9523809523809523,0.9523809548137944
153,2.55,True,valid,0.0050386059171317905,0.0038820098120025386,0.014051003746714214,1.9082793347171811,1.9083237797735852,9.594005048957924e-05,1.9219406466741342,0.03717380857969445,0.15311242627985625,0.00017348007148651652,1585.0,7.902726885508768,3.3675854376126667e-06,0,15883,0.10566721856594086,203,7.450580596923828e-09,3240,1.0,20.0,20.0,20.0,0.9523809523809523,0.9523809523809523,0.9523809523809523,3240,1.0,20.0,20.0,20.0,0.9523809523809523,0.9523809523809523,0.9523809523809523,4824,1.0,19.999999115898813,20.0,20.000001072883382,0.9523809503761878,0.9523809523809523,0.9523809548137944
154,2.566666666666667,True,valid,0.005077461247360892,0.0040185224010455284,0.014100954529969949,2.1418041407205455,2.14186100751752,0.00011271420952750199,2.155547490166714,0.045193013475553635,0.18886515729294132,0.0001898000289960266,1585.0,9.40979933654807,3.6566234510302424e-06,0,15923,0.10329350084066391,202,3.725290298461914e-09,3240,1.0,20.0,20.0,20.0,0.9523809523809523,0.9523809523809523,0.9523809523809523,3240,1.0,20.0,20.0,20.0,0.9523809523809523,0.9523809523809523,0.9523809523809523,4824,1.0,19.999999115898813,20.0,20.000001072883382,0.9523809503761878,0.9523809523809523,0.9523809548137944
155,2.5833333333333335,True,valid,0.005178665575829638,0.00415945438677848,0.014230017950671072,2.3807470515279183,2.3808132382914127,0.00022543753329880604,2.394463943171463,0.05275114779135068,0.19116488997059414,0.0002069767472062317,1585.0,10.85621451436292,3.965397692029905e-06,0,15955,0.10060032457113266,203,7.450580596923828e-09,3240,1.0,20.0,20.0,20.0,0.9523809523809523,0.9523809523809523,0.9523809523809523,3240,1.0,20.0,20.0,20.0,0.9523809523809523,0.9523809523809523,0.9523809523809523,4824,1.0,19.999999115898813,20.0,20.000001072883382,0.9523809503761878,0.9523809523809523,0.9523809548137944
156,2.6,True,valid,0.005339676193148213,0.004334536368969707,0.01451214478807057,2.6177082425751004,2.617787847620642,0.00015282607703519705,2.634192338911938,0.05997926124142561,0.23433089556609377,0.00022410815250989264,1585.0,12.260156382366501,4.273330610818098e-06,0,15975,0.09747761487960815,205,3.725290298461914e-09,3240,1.0,20.0,20.0,20.0,0.9523809523809523,0.9523809523809523,0.9523809523809523,3240,1.0,20.0,20.0,20.0,0.9523809523809523,0.9523809523809523,0.9523809523809523,4824,1.0,19.999999115898813,20.0,20.000001072883382,0.9523809503761878,0.9523809523809523,0.9523809548137944
157,2.6166666666666667,True,valid,0.005525977240622443,0.0045451749103419346,0.014919907540094087,2.8486504337360925,2.848741139356408,0.00016231298273364065,2.861562172980512,0.06666990447486858,0.21169774729014781,0.0002409251186446644,1585.0,13.566625347409461,4.581951455915347e-06,0,16006,0.09378916025161743,204,3.725290298461914e-09,3240,1.0,20.0,20.0,20.0,0.9523809523809523,0.9523809523809523,0.9523809523809523,3240,1.0,20.0,20.0,20.0,0.9523809523809523,0.9523809523809523,0.9523809523809523,4824,1.0,19.999999115898813,20.0,20.000001072883382,0.9523809503761878,0.9523809523809523,0.9523809548137944
158,2.6333333333333333,True,valid,0.005682722803244334,0.004763631996953834,0.015359184995651844,3.06436046615473,3.0644619503798998,0.00024280273161757688,3.0813446880956303,0.07278331007281422,0.3239163267057865,0.00025697823900630383,1585.0,14.782550850955237,4.883072169150597e-06,0,16064,0.08943351358175278,203,3.725290298461914e-09,3240,1.0,20.0,20.0,20.0,0.9523809523809523,0.9523809523809523,0.9523809523809523,3240,1.0,20.0,20.0,20.0,0.9523809523809523,0.9523809523809523,0.9523809523809523,4824,1.0,19.999999115898813,20.0,20.000001072883382,0.9523809503761878,0.9523809523809523,0.9523809548137944
159,2.65,True,valid,0.005762845166433918,0.0049851769498499504,0.0157494924880603,3.2640634401108337,3.264171269804806,0.00022395510315411645,3.273647983079025,0.07851592960006867,0.13804003241559729,0.00027186243575108825,1585.0,15.864303361032508,5.153278912066528e-06,0,16074,0.08437987416982651,203,7.450580596923828e-09,3240,1.0,20.0,20.0,20.0,0.9523809523809523,0.9523809523809523,0.9523809523809523,3240,1.0,20.0,20.0,20.0,0.9523809523809523,0.9523809523809523,0.9523809523809523,4824,1.0,19.999999115898813,20.0,20.000001072883382,0.9523809503761878,0.9523809523809523,0.9523809548137944
160,2.6666666666666665,True,valid,0.0057522156559146375,0.00522604074429474,0.016012032175343187,3.439772259511734,3.439888522317152,0.00019777633074020008,3.452248557022976,0.08349935835286579,0.2051801911706571,0.0002854025563943843,1585.0,16.755194258257823,5.402471432258155e-06,0,16096,0.07861537486314774,203,3.725290298461914e-09,3240,1.0,20.0,20.0,20.0,0.9523809523809523,0.9523809523809523,0.9523809523809523,3240,1.0,20.0,20.0,20.0,0.9523809523809523,0.9523809523809523,0.9523809523809523,4824,1.0,19.999999115898813,20.0,20.000001072883382,0.9523809503761878,0.9523809523809523,0.9523809548137944
161,2.683333333333333,True,valid,0.00567511134119001,0.005541334662356242,0.01612959365572959,3.59498299478637,3.5951065101108357,0.00024030502472348133,3.6059042377539803,0.087822025352689,0.15518678332049024,0.000297802792404764,1585.0,17.417333870980748,5.626182761158376e-06,0,16107,0.0722070187330246,207,7.450580596923828e-09,3240,1.0,20.0,20.0,20.0,0.9523809523809523,0.9523809523809523,0.9523809523809523,3240,1.0,20.0,20.0,20.0,0.9523809523809523,0.9523809523809523,0.9523809523809523,4824,1.0,19.999999115898813,20.0,20.000001072883382,0.9523809503761878,0.9523809523809523,0.9523809548137944
162,2.7,True,valid,0.005595217653398385,0.005993472560971841,0.016126093556524283,3.7266014485437857,3.7267299361207615,0.00021692255946104597,3.738609872398207,0.091617851918154,0.2082076342304574,0.0003087790216932289,1585.0,17.880371504608714,5.821978703958171e-06,0,16106,0.06526745110750198,205,3.725290298461914e-09,3240,1.0,20.0,20.0,20.0,0.9523809523809523,0.9523809523809523,0.9523809523809523,3240,1.0,20.0,20.0,20.0,0.9523809523809523,0.9523809523809523,0.9523809523809523,4824,1.0,19.999999115898813,20.0,20.000001072883382,0.9523809503761878,0.9523809523809523,0.9523809548137944
163,2.716666666666667,True,valid,0.005577075238219981,0.006587625176045744,0.016053439198666645,3.831919152239589,3.83205140390138,0.00024319788237770122,3.84008101990699,0.0946078103077765,0.11199244890289563,0.00031754272246482644,1585.0,18.1538045663222,5.983363027226038e-06,0,16087,0.05795974284410477,204,7.450580596923828e-09,3240,1.0,20.0,20.0,20.0,0.9523809523809523,0.9523809523809523,0.9523809523809523,3240,1.0,20.0,20.0,20.0,0.9523809523809523,0.9523809523809523,0.9523809523809523,4824,1.0,19.999999115898813,20.0,20.000001072883382,0.9523809503761878,0.9523809523809523,0.9523809548137944
164,2.7333333333333334,True,valid,0.005664137330656283,0.007279527967648327,0.015996819940905783,3.9137254317699184,3.9138614097547886,0.00026564495834045923,3.923009777542024,0.0968900919053497,0.16860898858923795,0.0003245553846836454,1585.0,18.23803371253211,6.11420715698642e-06,0,16068,0.06166696548461914,204,3.725290298461914e-09,3240,1.0,20.0,20.0,20.0,0.9523809523809523,0.9523809523809523,0.9523809523809523,3240,1.0,20.0,20.0,20.0,0.9523809523809523,0.9523809523809523,0.9523809523809523,4824,1.0,19.999999115898813,20.0,20.000001072883382,0.9523809503761878,0.9523809523809523,0.9523809548137944
165,2.75,True,valid,0.005851477561132763,0.007972858676364793,0.015985811711071166,3.9715447989526917,3.9716851301781766,0.0003064775591634816,3.9830834463312406,0.09810627298879605,0.17470562811550278,0.00033006307664383815,1585.0,18.14762852252913,6.212956377505459e-06,0,16157,0.06937670707702637,205,2.7939677238464355e-09,3240,1.0,20.0,20.0,20.0,0.9523809523809523,0.9523809523809523,0.9523809523809523,3240,1.0,20.0,20.0,20.0,0.9523809523809523,0.9523809523809523,0.9523809523809523,4824,1.0,19.999999115898813,20.0,20.000001072883382,0.9523809503761878,0.9523809523809523,0.9523809548137944
166,2.7666666666666666,True,valid,0.006076041081211858,0.008565693242785905,0.016040701809853716,3.999078958593477,3.9992167363817837,0.00025041210758394597,4.008605011574614,0.09893813581925519,0.15022713627892192,0.00033250620207177055,1585.0,17.925772602191007,6.259274524243438e-06,0,16218,0.07683110237121582,207,4.656612873077393e-10,3240,1.0,20.0,20.0,20.0,0.9523809523809523,0.9523809523809523,0.9523809523809523,3240,1.0,20.0,20.0,20.0,0.9523809523809523,0.9523809523809523,0.9523809523809523,4824,1.0,19.999999115898813,20.0,20.000001072883382,0.9523809503761878,0.9523809523809523,0.9523809548137944
167,2.783333333333333,True,valid,0.006267942143793688,0.008975649175391452,0.01612635192524047,3.9997523907535784,3.999891236376776,0.0003691581888982541,4.018383267612409,0.09874866526122777,0.39299117074722073,0.0003329219218360657,1585.0,17.60723550391643,6.272809221920387e-06,0,16300,0.0839313194155693,208,3.725290298461914e-09,3240,1.0,20.0,20.0,20.0,0.9523809523809523,0.9523809523809523,0.9523809523809523,3240,1.0,20.0,20.0,20.0,0.9523809523809523,0.9523809523809523,0.9523809523809523,4824,1.0,19.999999115898813,20.0,20.000001072883382,0.9523809503761878,0.9523809523809523,0.9523809548137944
168,2.8,True,valid,0.0063782006724425145,0.009155985451254418,0.0161606809096418,3.9683759340433933,3.9685125780262887,0.0002340307928223208,3.9801706052985613,0.09785970855763905,0.19383236170029422,0.00033061147220813454,1585.0,17.240809946326436,6.228404415805419e-06,0,16333,0.09045955538749695,209,2.7939677238464355e-09,3240,1.0,20.0,20.0,20.0,0.9523809523809523,0.9523809523809523,0.9523809523809523,3240,1.0,20.0,20.0,20.0,0.9523809523809523,0.9523809523809523,0.9523809523809523,4824,1.0,19.999999115898813,20.0,20.000001072883382,0.9523809503761878,0.9523809523809523,0.9523809548137944
169,2.816666666666667,True,valid,0.006382863583340072,0.009083486028567875,0.016102104383031546,3.907902889631499,3.9080367788691475,0.00022668854941178737,3.923015298946595,0.0961272518196605,0.25464602026945665,0.00032621754079172527,1585.0,16.854861885478382,6.144543856923901e-06,0,16345,0.09650885313749313,214,5.587935447692871e-09,3240,1.0,20.0,20.0,20.0,0.9523809523809523,0.9523809523809523,0.9523809523809523,3240,1.0,20.0,20.0,20.0,0.9523809523809523,0.9523809523809523,0.9523809523809523,4824,1.0,19.999999115898813,20.0,20.000001072883382,0.9523809503761878,0.9523809523809523,0.9523809548137944
170,2.8333333333333335,True,valid,0.006276365636001279,0.008781900795211801,0.01596639681556099,3.815156416842277,3.8152867063430977,0.00022059956932171922,3.826204525394786,0.09366884248638524,0.18500510417209073,0.0003189149932223523,1585.0,16.364707920627183,6.009926668554506e-06,0,16337,0.10199500620365143,214,5.587935447692871e-09,3240,1.0,20.0,20.0,20.0,0.9523809523809523,0.9523809523809523,0.9523809523809523,3240,1.0,20.0,20.0,20.0,0.9523809523809523,0.9523809523809523,0.9523809523809523,4824,1.0,19.999999115898813,20.0,20.000001072883382,0.9523809503761878,0.9523809523809523,0.9523809548137944
171,2.85,True,valid,0.006101461877824646,0.008321664914932917,0.015795596186640715,3.693679271036722,3.6938053880654502,0.00021396622951345488,3.706933566093024,0.0903587812206468,0.2244642037532245,0.000309375048018609,1585.0,15.847547828463282,5.830535238284001e-06,0,16306,0.10704164952039719,213,3.725290298461914e-09,3240,1.0,20.0,20.0,20.0,0.9523809523809523,0.9523809523809523,0.9523809523809523,3240,1.0,20.0,20.0,20.0,0.9523809523809523,0.9523809523809523,0.9523809523809523,4824,1.0,19.999999115898813,20.0,20.000001072883382,0.9523809503761878,0.9523809523809523,0.9523809548137944
172,2.8666666666666667,True,valid,0.005919745486612102,0.007788619961465751,0.015549899334871138,3.545013409553175,3.5451337419607505,0.00020949983236709095,3.569521954361,0.08708723622124824,0.35248259521250785,0.00029803811238385546,1585.0,15.232687242947463,5.6203059684392195e-06,0,16243,0.11170190572738647,214,3.725290298461914e-09,3240,1.0,20.0,20.0,20.0,0.9523809523809523,0.9523809523809523,0.9523809523809523,3240,1.0,20.0,20.0,20.0,0.9523809523809523,0.9523809523809523,0.9523809523809523,4824,1.0,19.999999115898813,20.0,20.000001072883382,0.9523809503761878,0.9523809523809523,0.9523809548137944
173,2.8833333333333333,True,valid,0.005750632470270865,0.007243298377680115,0.015328921999365992,3.3783918414736465,3.378505619684468,0.00020077782550864453,3.395742265930474,0.08189909561109258,0.2662305489836739,0.00028503384401972143,1585.0,14.500717691196646,5.379899676661923e-06,0,16166,0.11610213667154312,212,3.725290298461914e-09,3240,1.0,20.0,20.0,20.0,0.9523809523809523,0.9523809523809523,0.9523809523809523,3240,1.0,20.0,20.0,20.0,0.9523809523809523,0.9523809523809523,0.9523809523809523,4824,1.0,19.999999115898813,20.0,20.000001072883382,0.9523809503761878,0.9523809523809523,0.9523809548137944
174,2.9,True,valid,0.005612200693032458,0.0067400632706486815,0.01514996656525994,3.1864187160291695,3.1865241179117705,0.00018411091630184115,3.206917902379437,0.07711040754934104,0.29818442177653465,0.00027004205693303935,1585.0,13.576828675363334,5.1057642946054775e-06,0,16052,0.1203131452202797,211,3.725290298461914e-09,3240,1.0,20.0,20.0,20.0,0.9523809523809523,0.9523809523809523,0.9523809523809523,3240,1.0,20.0,20.0,20.0,0.9523809523809523,0.9523809523809523,0.9523809523809523,4824,1.0,19.999999115898813,20.0,20.000001072883382,0.9523809503761878,0.9523809523809523,0.9523809548137944
175,2.9166666666666665,True,valid,0.005523735697710423,0.006326913749014165,0.014945593391383995,2.9815692488421672,2.981666050319088,0.00017236827828318187,3.00483089227489,0.07104405783154477,0.30509590644713225,0.0002545935285402579,1585.0,12.488667526741503,4.8223034347389295e-06,0,15952,0.12441979348659515,211,7.450580596923828e-09,3240,1.0,20.0,20.0,20.0,0.9523809523809523,0.9523809523809523,0.9523809523809523,3240,1.0,20.0,20.0,20.0,0.9523809523809523,0.9523809523809523,0.9523809523809523,4824,1.0,19.999999115898813,20.0,20.000001072883382,0.9523809503761878,0.9523809523809523,0.9523809548137944
176,2.933333333333333,True,valid,0.00547292540492788,0.006029815790123348,0.01470954611861027,2.7624763030234,2.7625635140200346,0.00015831527755292654,2.776833936764554,0.06444848532611643,0.18551114084265638,0.00023814052685851745,1585.0,11.24329355638183,4.525681545351393e-06,0,15948,0.12843719124794006,211,7.450580596923828e-09,3240,1.0,20.0,20.0,20.0,0.9523809523809523,0.9523809523809523,0.9523809523809523,3240,1.0,20.0,20.0,20.0,0.9523809523809523,0.9523809523809523,0.9523809523809523,4824,1.0,19.999999115898813,20.0,20.000001072883382,0.9523809503761878,0.9523809523809523,0.9523809548137944
177,2.95,True,valid,0.005447196005329171,0.005855610070000377,0.014452413902469919,2.5323805006264526,2.5324566145517617,0.00014038604079552662,2.544454930206447,0.05754026061669163,0.1389298042993374,0.00022125633476831512,1585.0,9.93184933757274,4.220053067765051e-06,0,15922,0.13233759999275208,212,3.725290298461914e-09,3240,1.0,20.0,20.0,20.0,0.9523809523809523,0.9523809523809523,0.9523809523809523,3240,1.0,20.0,20.0,20.0,0.9523809523809523,0.9523809523809523,0.9523809523809523,4824,1.0,19.999999115898813,20.0,20.000001072883382,0.9523809503761878,0.9523809523809523,0.9523809548137944
178,2.966666666666667,True,valid,0.005455726905681444,0.0057975201194131205,0.0142228834265419,2.2928213086816283,2.2928858159392633,0.00013156068714955887,2.30438870563521,0.0501702091541783,0.13047290755776306,0.00020385878833300671,1585.0,8.620753633983773,3.905626509685577e-06,0,15911,0.1361025720834732,212,3.725290298461914e-09,3240,1.0,20.0,20.0,20.0,0.9523809523809523,0.9523809523809523,0.9523809523809523,3240,1.0,20.0,20.0,20.0,0.9523809523809523,0.9523809523809523,0.9523809523809523,4824,1.0,19.999999115898813,20.0,20.000001072883382,0.9523809503761878,0.9523809523809523,0.9523809548137944
179,2.9833333333333334,True,valid,0.005535101943466606,0.005856499107419257,0.014062976876737923,2.055883492835233,2.05593559939169,0.00012147813010277537,2.068393436779764,0.04239918333333847,0.14299159702023942,0.00018678820907903058,1585.0,7.366716598297766,3.6012928811616156e-06,0,15887,0.13969530165195465,213,7.450580596923828e-09,3240,1.0,20.0,20.0,20.0,0.9523809523809523,0.9523809523809523,0.9523809523809523,3240,1.0,20.0,20.0,20.0,0.9523809523809523,0.9523809523809523,0.9523809523809523,4824,1.0,19.999999115898813,20.0,20.000001072883382,0.9523809503761878,0.9523809523809523,0.9523809548137944
180,3.0,True,valid,0.005690495027399808,0.005998541696309634,0.014007468272878007,1.833637116740044,1.8336770997778564,9.128580576135071e-05,1.8475423758116494,0.03437272596914671,0.13840033965908252,0.00017131193173096514,1585.0,6.236150228118678,3.326910839760609e-06,0,15823,0.14275145530700684,213,7.450580596923828e-09,3240,1.0,20.0,20.0,20.0,0.9523809523809523,0.9523809523809523,0.9523809523809523,3240,1.0,20.0,20.0,20.0,0.9523809523809523,0.9523809523809523,0.9523809523809523,4824,1.0,19.999999115898813,20.0,20.000001072883382,0.9523809503761878,0.9523809523809523,0.9523809548137944
181,3.0166666666666666,True,valid,0.005879438310415988,0.006142813800189167,0.014083834531345417,1.6350562470215235,1.6350837852296711,7.904363377077285e-05,1.6492364617070958,0.026054075468792754,0.1356462014069413,0.0001572750987233824,1585.0,5.091249002583309,3.086020004644861e-06,0,15760,0.14519444108009338,215,7.450580596923828e-09,3240,1.0,20.0,20.0,20.0,0.9523809523809523,0.9523809523809523,0.9523809523809523,3240,1.0,20.0,20.0,20.0,0.9523809523809523,0.9523809523809523,0.9523809523809523,4824,1.0,19.999999115898813,20.0,20.000001072883382,0.9523809503761878,0.9523809523809523,0.9523809548137944
182,3.033333333333333,True,valid,0.006049374076924643,0.006206991891043096,0.014237389183219817,1.4744823008391474,1.4744988427277106,6.0911320079512726e-05,1.4890612259653162,0.017486337004698156,0.12431828562188967,0.00014596835894951105,1585.0,3.9543632364617856,2.8943411491950925e-06,0,15676,0.14690001308918,214,7.450580596923828e-09,3240,1.0,20.0,20.0,20.0,0.9523809523809523,0.9523809523809523,0.9523809523809523,3240,1.0,20.0,20.0,20.0,0.9523809523809523,0.9523809523809523,0.9523809523809523,4824,1.0,19.999999115898813,20.0,20.000001072883382,0.9523809503761878,0.9523809523809523,0.9523809548137944
183,3.05,True,valid,0.006148199212126585,0.006116895947730393,0.014409455785432313,1.3648025408797708,1.3648113915883027,5.374915654091644e-05,1.3862962180021596,0.009480814766384503,0.17256372609916334,0.00013800384416988069,1585.0,2.9510931767244464,2.7611302558640273e-06,0,15533,0.14778082072734833,213,7.450580596923828e-09,3240,1.0,20.0,20.0,20.0,0.9523809523809523,0.9523809523809523,0.9523809523809523,3240,1.0,20.0,20.0,20.0,0.9523809523809523,0.9523809523809523,0.9523809523809523,4824,1.0,19.999999115898813,20.0,20.000001072883382,0.9523809503761878,0.9523809523809523,0.9523809548137944
184,3.066666666666667,True,valid,0.006146846769786148,0.005838372721560339,0.014539033156182341,1.3269996422739665,1.327006084475145,6.0342327102490763e-05,1.3463016053150252,0.003000067972762026,0.1482041520375548,0.00013461183204685576,1585.0,2.90281408852061,2.70869004782986e-06,0,15508,0.14771687984466553,212,7.450580596923828e-09,3240,1.0,20.0,20.0,20.0,0.9523809523809523,0.9523809523809523,0.9523809523809523,3240,1.0,20.0,20.0,20.0,0.9523809523809523,0.9523809523809523,0.9523809523809523,4824,1.0,19.999999115898813,20.0,20.000001072883382,0.9523809503761878,0.9523809523809523,0.9523809548137944
185,3.0833333333333335,True,valid,0.006037548145216929,0.005386926243729604,0.014547825074231071,1.3663827044955326,1.3663923612347149,4.9548609735126756e-05,1.3852608224152445,0.009626001012840932,0.14699089807497548,0.00013663280427120495,1585.0,3.3387640472804585,2.7443363817246162e-06,0,15687,0.14671586453914642,212,7.450580596923828e-09,3240,1.0,20.0,20.0,20.0,0.9523809523809523,0.9523809523809523,0.9523809523809523,3240,1.0,20.0,20.0,20.0,0.9523809523809523,0.9523809523809523,0.9523809523809523,4824,1.0,19.999999115898813,20.0,20.000001072883382,0.9523809503761878,0.9523809523809523,0.9523809548137944
186,3.1,True,valid,0.0058286226567776725,0.004820454016287293,0.014471214209165258,1.4720158081979036,1.4720334420279677,0.00011909837662710547,1.4903402996210653,0.01814432410349403,0.17436214487090856,0.00014318736370800541,1585.0,4.5843331453220255,2.8548550939098557e-06,0,15775,0.1448303610086441,213,7.450580596923828e-09,3240,1.0,20.0,20.0,20.0,0.9523809523809523,0.9523809523809523,0.9523809523809523,3240,1.0,20.0,20.0,20.0,0.9523809523809523,0.9523809523809523,0.9523809523809523,4824,1.0,19.999999115898813,20.0,20.000001072883382,0.9523809503761878,0.9523809523809523,0.9523809548137944
187,3.1166666666666667,True,valid,0.005567780759538374,0.004272257696465267,0.014366309968905895,1.6323076891210928,1.632336266701793,7.473402096918068e-05,1.6524249898777843,0.02666868295567625,0.18255277071425838,0.00015378225163574207,1585.0,5.852012222070419,3.030693291267988e-06,0,15823,0.14215083420276642,213,7.450580596923828e-09,3240,1.0,20.0,20.0,20.0,0.9523809523809523,0.9523809523809523,0.9523809523809523,3240,1.0,20.0,20.0,20.0,0.9523809523809523,0.9523809523809523,0.9523809523809523,4824,1.0,19.999999115898813,20.0,20.000001072883382,0.9523809503761878,0.9523809523809523,0.9523809548137944
188,3.1333333333333333,True,valid,0.005332409557527471,0.0039238400180736975,0.01428917791441019,1.8347368991604482,1.834777744387155,9.05065252262137e-05,1.8539476220117626,0.034960388896454815,0.20028538669078677,0.00016798734793314343,1585.0,7.0777438160830695,3.274908564657802e-06,0,15874,0.13878676295280457,213,7.450580596923828e-09,3240,1.0,20.0,20.0,20.0,0.9523809523809523,0.9523809523809523,0.9523809523809523,3240,1.0,20.0,20.0,20.0,0.9523809523809523,0.9523809523809523,0.9523809523809523,4824,1.0,19.999999115898813,20.0,20.000001072883382,0.9523809503761878,0.9523809523809523,0.9523809548137944
189,3.15,True,valid,0.005180941446445655,0.003909390210096482,0.01427315757927031,2.0632404881619566,2.063293250345157,0.00011907458186542458,2.084166550401688,0.043039940115068134,0.24523747585561548,0.00018455328495304397,1585.0,8.34806846168482,3.5675677780037233e-06,0,15919,0.13485169410705566,213,7.450580596923828e-09,3240,1.0,20.0,20.0,20.0,0.9523809523809523,0.9523809523809523,0.9523809523809523,3240,1.0,20.0,20.0,20.0,0.9523809523809523,0.9523809523809523,0.9523809523809523,4824,1.0,19.999999115898813,20.0,20.000001072883382,0.9523809503761878,0.9523809523809523,0.9523809548137944
190,3.1666666666666665,True,valid,0.005120948722873034,0.004207688552959144,0.014346390833017364,2.3033508747579514,2.3034156938225228,0.00012549613178839552,2.3189559670555537,0.050774041318768066,0.20524703264103067,0.00020235602598917338,1585.0,9.684524690696056,3.884251224009895e-06,0,15937,0.13046599924564362,213,7.450580596923828e-09,3240,1.0,20.0,20.0,20.0,0.9523809523809523,0.9523809523809523,0.9523809523809523,3240,1.0,20.0,20.0,20.0,0.9523809523809523,0.9523809523809523,0.9523809523809523,4824,1.0,19.999999115898813,20.0,20.000001072883382,0.9523809503761878,0.9523809523809523,0.9523809548137944
191,3.183333333333333,True,valid,0.005128302936899152,0.004666875783146974,0.014497747646389203,2.543782338142825,2.5438561207094583,0.00022830148886701266,2.5552300236977494,0.05802977143433697,0.1677704206986337,0.0002203050520990136,1585.0,10.966134718996846,4.210310175838287e-06,0,15957,0.12579283118247986,212,7.450580596923828e-09,3240,1.0,20.0,20.0,20.0,0.9523809523809523,0.9523809523809523,0.9523809523809523,3240,1.0,20.0,20.0,20.0,0.9523809523809523,0.9523809523809523,0.9523809523809523,4824,1.0,19.999999115898813,20.0,20.000001072883382,0.9523809503761878,0.9523809523809523,0.9523809548137944
192,3.2,True,valid,0.005178416552866194,0.005133694358239834,0.014655775079750969,2.7751496591975577,2.7752364149626216,0.00015623509982845855,2.7837368304591306,0.0648392310501995,0.12373767388846138,0.00023780036660232413,1585.0,12.189975120101446,4.525276910241325e-06,0,15961,0.12087488174438477,211,7.450580596923828e-09,3240,1.0,20.0,20.0,20.0,0.9523809523809523,0.9523809523809523,0.9523809523809523,3240,1.0,20.0,20.0,20.0,0.9523809523809523,0.9523809523809523,0.9523809523809523,4824,1.0,19.999999115898813,20.0,20.000001072883382,0.9523809503761878,0.9523809523809523,0.9523809548137944
193,3.216666666666667,True,valid,0.005237958290995202,0.005511401186308414,0.014845400715354113,2.993144823519484,2.9932411074383887,0.00016997689000197992,3.001799555308493,0.07119023435567053,0.10716532550588992,0.0002543173892045443,1585.0,13.327179386477827,4.826806165117345e-06,0,15973,0.11598395556211472,210,3.725290298461914e-09,3240,1.0,20.0,20.0,20.0,0.9523809523809523,0.9523809523809523,0.9523809523809523,3240,1.0,20.0,20.0,20.0,0.9523809523809523,0.9523809523809523,0.9523809523809523,4824,1.0,19.999999115898813,20.0,20.000001072883382,0.9523809503761878,0.9523809523809523,0.9523809548137944
194,3.2333333333333334,True,valid,0.005301363217767923,0.0057822393438102075,0.015040209299047645,3.194694813027169,3.194800128091937,0.00018267432190835744,3.202918783515979,0.07699371911034686,0.09967197998918877,0.0002697294243759641,1585.0,14.359807490073782,5.106186749528248e-06,0,15994,0.11102070659399033,210,3.725290298461914e-09,3240,1.0,20.0,20.0,20.0,0.9523809523809523,0.9523809523809523,0.9523809523809523,3240,1.0,20.0,20.0,20.0,0.9523809523809523,0.9523809523809523,0.9523809523809523,4824,1.0,19.999999115898813,20.0,20.000001072883382,0.9523809503761878,0.9523809523809523,0.9523809548137944
195,3.25,True,valid,0.00536252325348798,0.005959147167825129,0.01523886769831385,3.3775038459693687,3.377616995582766,0.00019433484040996574,3.3856421911162866,0.08218929891291947,0.09884695756930131,0.00028372621803568704,1585.0,15.223802131943971,5.3612281887086995e-06,0,16019,0.10593654215335846,211,7.450580596923828e-09,3240,1.0,20.0,20.0,20.0,0.9523809523809523,0.9523809523809523,0.9523809523809523,3240,1.0,20.0,20.0,20.0,0.9523809523809523,0.9523809523809523,0.9523809523809523,4824,1.0,19.999999115898813,20.0,20.000001072883382,0.9523809503761878,0.9523809523809523,0.9523809548137944
196,3.2666666666666666,True,valid,0.005420040233199058,0.006066007022819827,0.01544711674848692,3.5370615636935874,3.537182126540838,0.00020389029366575632,3.5450959714683385,0.08670751247704285,0.09822653263861185,0.0002959718785274126,1585.0,15.956072154677958,5.585015540080372e-06,0,16042,0.100694440305233,210,5.587935447692871e-09,3240,1.0,20.0,20.0,20.0,0.9523809523809523,0.9523809523809523,0.9523809523809523,3240,1.0,20.0,20.0,20.0,0.9523809523809523,0.9523809523809523,0.9523809523809523,4824,1.0,19.999999115898813,20.0,20.000001072883382,0.9523809503761878,0.9523809523809523,0.9523809548137944
197,3.283333333333333,True,valid,0.005480173092956964,0.006144006131728996,0.01566324727147868,3.6736797312187903,3.6738058846240134,0.00021259124277946286,3.68165631820292,0.09060006797440255,0.09714131433305292,0.0003062618814016633,1585.0,16.52814489490983,5.773763416627055e-06,0,16055,0.0952381044626236,210,5.587935447692871e-09,3240,1.0,20.0,20.0,20.0,0.9523809523809523,0.9523809523809523,0.9523809523809523,3240,1.0,20.0,20.0,20.0,0.9523809523809523,0.9523809523809523,0.9523809523809523,4824,1.0,19.999999115898813,20.0,20.000001072883382,0.9523809503761878,0.9523809523809523,0.9523809548137944
198,3.3,True,valid,0.005545704687269413,0.006229221678151875,0.015845520789331328,3.785369167843921,3.7855005138766464,0.0002198483975767116,3.793360283690398,0.0937604158781869,0.09663343790084634,0.0003149282379147207,1585.0,16.999563270189643,5.932624753663785e-06,0,16069,0.08955076336860657,211,5.587935447692871e-09,3240,1.0,20.0,20.0,20.0,0.9523809523809523,0.9523809523809523,0.9523809523809523,3240,1.0,20.0,20.0,20.0,0.9523809523809523,0.9523809523809523,0.9523809523809523,4824,1.0,19.999999115898813,20.0,20.000001072883382,0.9523809503761878,0.9523809523809523,0.9523809548137944
199,3.316666666666667,True,valid,0.005600862352777379,0.0063395463517320685,0.01598882055697007,3.871163309243686,3.871297740434545,0.00022464984971476879,3.8792173207862772,0.0961659816351029,0.09711490177542205,0.0003216227387401921,1585.0,17.370029907056722,6.055744944463548e-06,0,16087,0.08362184464931488,212,1.862645149230957e-09,3240,1.0,20.0,20.0,20.0,0.9523809523809523,0.9523809523809523,0.9523809523809523,3240,1.0,20.0,20.0,20.0,0.9523809523809523,0.9523809523809523,0.9523809523809523,4824,1.0,19.999999115898813,20.0,20.000001072883382,0.9523809503761878,0.9523809523809523,0.9523809548137944
200,3.3333333333333335,True,valid,0.0056346560839091765,0.006491782596401578,0.016086125606070353,3.9292895784182846,3.929426965607389,0.0002292202150043176,3.9374125790997003,0.09782160883913332,0.09770719221338,0.00032621964698341486,1585.0,17.6223747184007,6.140379839214915e-06,0,16097,0.07745029032230377,213,2.7939677238464355e-09,3240,1.0,20.0,20.0,20.0,0.9523809523809523,0.9523809523809523,0.9523809523809523,3240,1.0,20.0,20.0,20.0,0.9523809523809523,0.9523809523809523,0.9523809523809523,4824,1.0,19.999999115898813,20.0,20.000001072883382,0.9523809503761878,0.9523809523809523,0.9523809548137944
201,3.35,True,valid,0.005658115547993908,0.006708312736470807,0.016126868330422466,3.961169198590329,3.961307656509096,0.0002312072370050274,3.969390951673638,0.09872427536837877,0.09802818066445493,0.00032897481789846423,1585.0,17.739814354007116,6.1912114133012616e-06,0,16094,0.07099275290966034,212,2.3283064365386963e-10,3240,1.0,20.0,20.0,20.0,0.9523809523809523,0.9523809523809523,0.9523809523809523,3240,1.0,20.0,20.0,20.0,0.9523809523809523,0.9523809523809523,0.9523809523809523,4824,1.0,19.999999115898813,20.0,20.000001072883382,0.9523809503761878,0.9523809523809523,0.9523809548137944
202,3.3666666666666667,True,valid,0.005688731218889656,0.007001302005657204,0.016143738529014295,3.965593640888144,3.965732587942303,0.00023147581530016422,3.976206969451321,0.09878453690744521,0.14769442511148703,0.00032965863430183304,1585.0,17.75354198507146,6.20423500432778e-06,0,16079,0.06404546648263931,212,3.725290298461914e-09,3240,1.0,20.0,20.0,20.0,0.9523809523809523,0.9523809523809523,0.9523809523809523,3240,1.0,20.0,20.0,20.0,0.9523809523809523,0.9523809523809523,0.9523809523809523,4824,1.0,19.999999115898813,20.0,20.000001072883382,0.9523809503761878,0.9523809523809523,0.9523809548137944
203,3.3833333333333333,True,valid,0.005761067389184061,0.007364532617700956,0.01611441360435996,3.9459617935405293,3.946099460581926,0.00023029269666034855,3.9540710797916936,0.09815885989361874,0.097694113932654,0.0003287592963172662,1585.0,17.64470656368501,6.187896103998994e-06,0,16093,0.05685697868466377,211,2.7939677238464355e-09,3240,1.0,20.0,20.0,20.0,0.9523809523809523,0.9523809523809523,0.9523809523809523,3240,1.0,20.0,20.0,20.0,0.9523809523809523,0.9523809523809523,0.9523809523809523,4824,1.0,19.999999115898813,20.0,20.000001072883382,0.9523809503761878,0.9523809523809523,0.9523809548137944
204,3.4,True,valid,0.0058743143846538845,0.00776251121434898,0.016085799334595596,3.8953442297938703,3.8954811233336892,0.0003095558437858906,3.907876674975998,0.0967956684775824,0.2302870050946127,0.00032527469917101494,1585.0,17.41794619413928,6.125223647863021e-06,0,16142,0.06232287362217903,210,3.725290298461914e-09,3240,1.0,20.0,20.0,20.0,0.9523809523809523,0.9523809523809523,0.9523809523809523,3240,1.0,20.0,20.0,20.0,0.9523809523809523,0.9523809523809523,0.9523809523809523,4824,1.0,19.999999115898813,20.0,20.000001072883382,0.9523809503761878,0.9523809523809523,0.9523809548137944
205,3.4166666666666665,True,valid,0.006024867615854116,0.008162453227967135,0.016058471907341703,3.821203215649091,3.8213349556476266,0.0002231886086579213,3.830035692416533,0.09443766679303407,0.12521638482008324,0.00031994014748691147,1585.0,17.071741822284515,6.029393110841391e-06,0,16203,0.06926305592060089,210,3.725290298461914e-09,3240,1.0,20.0,20.0,20.0,0.9523809523809523,0.9523809523809523,0.9523809523809523,3240,1.0,20.0,20.0,20.0,0.9523809523809523,0.9523809523809523,0.9523809523809523,4824,1.0,19.999999115898813,20.0,20.000001072883382,0.9523809503761878,0.9523809523809523,0.9523809548137944
206,3.433333333333333,True,valid,0.006195049999569091,0.00851254907115575,0.015982645517812432,3.720097595581486,3.7202277775269073,0.0004100834831252043,3.7356616554437623,0.09168682725413531,0.3321333546005303,0.00031267325650399477,1585.0,16.57812802210814,5.901972574455505e-06,0,16227,0.07589656859636307,208,5.587935447692871e-09,3240,1.0,20.0,20.0,20.0,0.9523809523809523,0.9523809523809523,0.9523809523809523,3240,1.0,20.0,20.0,20.0,0.9523809523809523,0.9523809523809523,0.9523809523809523,4824,1.0,19.999999115898813,20.0,20.000001072883382,0.9523809503761878,0.9523809523809523,0.9523809548137944
207,3.45,True,valid,0.006336892908484614,0.00873965995909951,0.01585923488457515,3.5892203010134174,3.589341872047079,0.000476838671234379,3.60837965407593,0.08813896537768917,0.33436554429438925,0.000303301319466733,1585.0,15.957496888339943,5.7256572858575565e-06,0,16279,0.08212088793516159,209,3.725290298461914e-09,3240,1.0,20.0,20.0,20.0,0.9523809523809523,0.9523809523809523,0.9523809523809523,3240,1.0,20.0,20.0,20.0,0.9523809523809523,0.9523809523809523,0.9523809523809523,4824,1.0,19.999999115898813,20.0,20.000001072883382,0.9523809503761878,0.9523809523809523,0.9523809548137944
208,3.466666666666667,True,valid,0.006404279006144477,0.008798052308007603,0.015698441936584054,3.4354017871607847,3.435517883719608,0.00027595056240455144,3.4463237809088643,0.08339944731945237,0.19833907356223088,0.00029135314786530453,1585.0,15.169180498916612,5.5069629851846e-06,0,16296,0.08784004300832748,209,3.725290298461914e-09,3240,1.0,20.0,20.0,20.0,0.9523809523809523,0.9523809523809523,0.9523809523809523,3240,1.0,20.0,20.0,20.0,0.9523809523809523,0.9523809523809523,0.9523809523809523,4824,1.0,19.999999115898813,20.0,20.000001072883382,0.9523809503761878,0.9523809523809523,0.9523809548137944
209,3.4833333333333334,True,valid,0.006395333081784669,0.008673660562165068,0.0154674479677974,3.258475613215973,3.2585783401733934,0.00023847808061704586,3.267400821176876,0.07830564375620741,0.12516632430410857,0.000277964276295452,1585.0,14.200998118300127,5.2607627864046725e-06,0,16304,0.0929458737373352,208,7.450580596923828e-09,3240,1.0,20.0,20.0,20.0,0.9523809523809523,0.9523809523809523,0.9523809523809523,3240,1.0,20.0,20.0,20.0,0.9523809523809523,0.9523809523809523,0.9523809523809523,4824,1.0,19.999999115898813,20.0,20.000001072883382,0.9523809503761878,0.9523809523809523,0.9523809548137944
210,3.5,True,valid,0.006305602861518754,0.008364414084014685,0.015198831178499423,3.0587015265094832,3.0587987554054545,0.00017494223297669323,3.0670524503397445,0.0726569070434864,0.1036322812018287,0.0002629409114264288,1585.0,13.07573469698048,4.983316831503088e-06,0,16280,0.0973757952451706,208,3.725290298461914e-09,3240,1.0,20.0,20.0,20.0,0.9523809523809523,0.9523809523809523,0.9523809523809523,3240,1.0,20.0,20.0,20.0,0.9523809523809523,0.9523809523809523,0.9523809523809523,4824,1.0,19.999999115898813,20.0,20.000001072883382,0.9523809503761878,0.9523809523809523,0.9523809548137944
211,3.5166666666666666,True,valid,0.006147886299815153,0.00787797279899626,0.014963377633507708,2.840415860436202,2.840497952298288,0.0003091701284519982,2.8499210003846653,0.06643009045182673,0.1264491379867647,0.00024613416876070594,1585.0,11.85793947766759,4.679418684152594e-06,0,16200,0.10119440406560898,208,3.725290298461914e-09,3240,1.0,20.0,20.0,20.0,0.9523809523809523,0.9523809523809523,0.9523809523809523,3240,1.0,20.0,20.0,20.0,0.9523809523809523,0.9523809523809523,0.9523809523809523,4824,1.0,19.999999115898813,20.0,20.000001072883382,0.9523809503761878,0.9523809523809523,0.9523809548137944
212,3.533333333333333,True,valid,0.005955992603347633,0.0072715351470950765,0.014746747812010881,2.605821492890263,2.605891157401922,0.00033796199429796185,2.61596727552958,0.05961349803635271,0.13184743775169758,0.00022812055779457827,1585.0,10.588856239953708,4.35391710715883e-06,0,16134,0.10441911965608597,208,3.725290298461914e-09,3240,1.0,20.0,20.0,20.0,0.9523809523809523,0.9523809523809523,0.9523809523809523,3240,1.0,20.0,20.0,20.0,0.9523809523809523,0.9523809523809523,0.9523809523809523,4824,1.0,19.999999115898813,20.0,20.000001072883382,0.9523809503761878,0.9523809523809523,0.9523809548137944
213,3.55,True,valid,0.0057672621725516635,0.006626254336796705,0.014528699518998663,2.3657352242468708,2.3658020712228227,0.00013049688021446045,2.3758162129617673,0.052419255722516,0.11011877298597014,0.0002104309254352587,1585.0,9.309982646929152,4.029565121798305e-06,0,15982,0.10706300288438797,208,3.725290298461914e-09,3240,1.0,20.0,20.0,20.0,0.9523809523809523,0.9523809523809523,0.9523809523809523,3240,1.0,20.0,20.0,20.0,0.9523809523809523,0.9523809523809523,0.9523809523809523,4824,1.0,19.999999115898813,20.0,20.000001072883382,0.9523809503761878,0.9523809523809523,0.9523809548137944
214,3.566666666666667,True,valid,0.005586626420207945,0.00598385217611975,0.014355948426056624,2.1178878000484747,2.117944472310625,0.00022711660431696016,2.1360034743493412,0.044810381065231525,0.21730465846091745,0.00019241817956322662,1585.0,7.947875696027345,3.7028582064436644e-06,0,15882,0.10922860354185104,207,7.450580596923828e-09,3240,1.0,20.0,20.0,20.0,0.9523809523809523,0.9523809523809523,0.9523809523809523,3240,1.0,20.0,20.0,20.0,0.9523809523809523,0.9523809523809523,0.9523809523809523,4824,1.0,19.999999115898813,20.0,20.000001072883382,0.9523809503761878,0.9523809523809523,0.9523809548137944
215,3.5833333333333335,True,valid,0.005431284816325077,0.0053966453914599186,0.01420376966157429,1.8766713443300678,1.876714509319396,9.579484690439562e-05,1.8928964464918059,0.036757768437148,0.1543179091405341,0.00017459103046967936,1585.0,6.553877426290522,3.383880604455146e-06,0,15842,0.11100167781114578,207,7.450580596923828e-09,3240,1.0,20.0,20.0,20.0,0.9523809523809523,0.9523809523809523,0.9523809523809523,3240,1.0,20.0,20.0,20.0,0.9523809523809523,0.9523809523809523,0.9523809523809523,4824,1.0,19.999999115898813,20.0,20.000001072883382,0.9523809503761878,0.9523809523809523,0.9523809548137944
216,3.6,True,valid,0.0053267388608071705,0.0049187487193423415,0.013998943109928035,1.656742148193121,1.6567736888882802,7.988953981587132e-05,1.6719406270776584,0.028587850030268383,0.12707713526835293,0.00015919267616422626,1585.0,5.15763967413656,3.111994790431766e-06,0,15783,0.11239957809448242,206,7.450580596923828e-09,3240,1.0,20.0,20.0,20.0,0.9523809523809523,0.9523809523809523,0.9523809523809523,3240,1.0,20.0,20.0,20.0,0.9523809523809523,0.9523809523809523,0.9523809523809523,4824,1.0,19.999999115898813,20.0,20.000001072883382,0.9523809503761878,0.9523809523809523,0.9523809548137944
217,3.6166666666666667,True,valid,0.005256466854761002,0.004562946316512504,0.01377803331818034,1.4647750303009301,1.4647953370041038,6.527382436787616e-05,1.484377236517953,0.020047487381910263,0.1548823190202102,0.00014642380287668082,1585.0,4.017635404531177,2.8845841240657068e-06,0,15731,0.11346323043107986,206,7.450580596923828e-09,3240,1.0,20.0,20.0,20.0,0.9523809523809523,0.9523809523809523,0.9523809523809523,3240,1.0,20.0,20.0,20.0,0.9523809523809523,0.9523809523809523,0.9523809523809523,4824,1.0,19.999999115898813,20.0,20.000001072883382,0.9523809503761878,0.9523809523809523,0.9523809548137944
218,3.6333333333333333,True,valid,0.005212534385338885,0.004325459550550255,0.013609589898118293,1.3259580855774282,1.3259684193347536,6.781270230000599e-05,1.3426891800753662,0.011443448187876777,0.1341368911420567,0.00013704400183542259,1585.0,2.928589111782971,2.7210078395252558e-06,0,15626,0.11417986452579498,206,7.450580596923828e-09,3240,1.0,20.0,20.0,20.0,0.9523809523809523,0.9523809523809523,0.9523809523809523,3240,1.0,20.0,20.0,20.0,0.9523809523809523,0.9523809523809523,0.9523809523809523,4824,1.0,19.999999115898813,20.0,20.000001072883382,0.9523809503761878,0.9523809523809523,0.9523809548137944
219,3.65,True,valid,0.0052163861504652305,0.00419667536916745,0.01353110251168222,1.260929753362849,1.2609362516434517,6.057220292508666e-05,1.278786764665605,0.003890159254253875,0.1403939693717722,0.00013230905764837216,1585.0,2.8096591974924476,2.6387974145223125e-06,0,15504,0.11449708044528961,206,7.450580596923828e-09,3240,1.0,20.0,20.0,20.0,0.9523809523809523,0.9523809523809523,0.9523809523809523,3240,1.0,20.0,20.0,20.0,0.9523809523809523,0.9523809523809523,0.9523809523809523,4824,1.0,19.999999115898813,20.0,20.000001072883382,0.9523809503761878,0.9523809523809523,0.9523809548137944
220,3.6666666666666665,True,valid,0.005281006028505186,0.004162169631028937,0.013579122765434283,1.2886700723700466,1.288677996497751,6.590757811223792e-05,1.3074225982945276,0.007212502788018936,0.1478856136726887,0.0001334345100894219,1585.0,2.865829309745948,2.6602594348449486e-06,0,15620,0.11436863243579865,206,7.450580596923828e-09,3240,1.0,20.0,20.0,20.0,0.9523809523809523,0.9523809523809523,0.9523809523809523,3240,1.0,20.0,20.0,20.0,0.9523809523809523,0.9523809523809523,0.9523809523809523,4824,1.0,19.999999115898813,20.0,20.000001072883382,0.9523809503761878,0.9523809523809523,0.9523809548137944
221,3.683333333333333,True,valid,0.005388157710020232,0.0041971287946566994,0.013774875100077147,1.4021188420048767,1.4021339776949078,6.427900975747552e-05,1.4202209875277592,0.015470187907244562,0.1459557813320343,0.00013971332532982213,1585.0,4.2757577863880165,2.772988227561639e-06,0,15709,0.11372149735689163,206,7.450580596923828e-09,3240,1.0,20.0,20.0,20.0,0.9523809523809523,0.9523809523809523,0.9523809523809523,3240,1.0,20.0,20.0,20.0,0.9523809523809523,0.9523809523809523,0.9523809523809523,4824,1.0,19.999999115898813,20.0,20.000001072883382,0.9523809503761878,0.9523809523809523,0.9523809548137944
222,3.7,True,valid,0.00550440345333625,0.004257157901276894,0.01407173366744319,1.576031860523687,1.5760576848715868,8.304236898566828e-05,1.5909711932019668,0.023977730720941115,0.14385558623938305,0.00015020416672277537,1585.0,5.825688247734223,2.9641733655453577e-06,0,15797,0.11247317492961884,206,7.450580596923828e-09,3240,1.0,20.0,20.0,20.0,0.9523809523809523,0.9523809523809523,0.9523809523809523,3240,1.0,20.0,20.0,20.0,0.9523809523809523,0.9523809523809523,0.9523809523809523,4824,1.0,19.999999115898813,20.0,20.000001072883382,0.9523809503761878,0.9523809523809523,0.9523809548137944
223,3.716666666666667,True,valid,0.005599494471429919,0.004306730015881769,0.014387076063828483,1.7862248799612255,1.786262372602226,8.773420820522933e-05,1.8039576159880777,0.03236687330293582,0.1755095014393692,0.00016372657661941476,1585.0,7.3800860256753555,3.2037583690554372e-06,0,15827,0.11056293547153473,206,7.450580596923828e-09,3240,1.0,20.0,20.0,20.0,0.9523809523809523,0.9523809523809523,0.9523809523809523,3240,1.0,20.0,20.0,20.0,0.9523809523809523,0.9523809523809523,0.9523809523809523,4824,1.0,19.999999115898813,20.0,20.000001072883382,0.9523809503761878,0.9523809523809523,0.9523809548137944
224,3.7333333333333334,True,valid,0.005649549166516899,0.0043315776255809435,0.01466137151730688,2.018097485131946,2.0181466252191065,0.00011628397174777879,2.0327991469438254,0.04050868658310065,0.15773336277185515,0.00017960624900403212,1585.0,8.888442685699912,3.488004215764165e-06,0,15940,0.1079457476735115,206,7.450580596923828e-09,3240,1.0,20.0,20.0,20.0,0.9523809523809523,0.9523809523809523,0.9523809523809523,3240,1.0,20.0,20.0,20.0,0.9523809523809523,0.9523809523809523,0.9523809523809523,4824,1.0,19.999999115898813,20.0,20.000001072883382,0.9523809503761878,0.9523809523809523,0.9523809548137944
225,3.75,True,valid,0.00563879218118698,0.004339182244860769,0.014858914585273084,2.253484629738991,2.253546027463406,0.00011877141978777673,2.272114029191168,0.04842697716366524,0.2159852405152763,0.00019652266986870646,1585.0,10.327601427572056,3.788574178566732e-06,0,15978,0.10460078716278076,205,7.450580596923828e-09,3240,1.0,20.0,20.0,20.0,0.9523809523809523,0.9523809523809523,0.9523809523809523,3240,1.0,20.0,20.0,20.0,0.9523809523809523,0.9523809523809523,0.9523809523809523,4824,1.0,19.999999115898813,20.0,20.000001072883382,0.9523809503761878,0.9523809523809523,0.9523809548137944
226,3.7666666666666666,True,valid,0.0055698735818995445,0.004374924389037021,0.014987424639702126,2.490034972697581,2.490107937993709,0.0001523733836749892,2.5082399493076215,0.05581691213632844,0.22377105209784484,0.00021398975254808124,1585.0,11.667584510116273,4.098953747015265e-06,0,15994,0.10054709762334824,205,3.725290298461914e-09,3240,1.0,20.0,20.0,20.0,0.9523809523809523,0.9523809523809523,0.9523809523809523,3240,1.0,20.0,20.0,20.0,0.9523809523809523,0.9523809523809523,0.9523809523809523,4824,1.0,19.999999115898813,20.0,20.000001072883382,0.9523809503761878,0.9523809523809523,0.9523809548137944
227,3.783333333333333,True,valid,0.005473253344565671,0.004499177222230049,0.015060492149948182,2.7189209506833496,2.719004323359665,0.00017413603066779938,2.7374609466885294,0.06284074074746233,0.2475332312719024,0.00023136681208977902,1585.0,12.872353427430204,4.410719003129454e-06,0,16001,0.09584011137485504,205,3.725290298461914e-09,3240,1.0,20.0,20.0,20.0,0.9523809523809523,0.9523809523809523,0.9523809523809523,3240,1.0,20.0,20.0,20.0,0.9523809523809523,0.9523809523809523,0.9523809523809523,4824,1.0,19.999999115898813,20.0,20.000001072883382,0.9523809503761878,0.9523809523809523,0.9523809548137944
228,3.8,True,valid,0.0053857995219035205,0.0047664037231541076,0.01511409284643426,2.938625270071763,2.9387191974683184,0.00016439837317228643,2.957662627984663,0.06940644800826481,0.2527680889687964,0.0002483138916924728,1585.0,13.955395112283766,4.714934498740796e-06,0,16012,0.09056234359741211,205,7.450580596923828e-09,3240,1.0,20.0,20.0,20.0,0.9523809523809523,0.9523809523809523,0.9523809523809523,3240,1.0,20.0,20.0,20.0,0.9523809523809523,0.9523809523809523,0.9523809523809523,4824,1.0,19.999999115898813,20.0,20.000001072883382,0.9523809503761878,0.9523809523809523,0.9523809548137944
229,3.816666666666667,True,valid,0.005344182130774795,0.005180691898547231,0.015189252828573776,3.1459257682981114,3.1460292832719428,0.0001793376442638691,3.1593841934202027,0.07537334671255151,0.1955895008799637,0.0002643906620513941,1585.0,14.895875633258681,5.006704529633262e-06,0,16014,0.08481740206480026,205,3.725290298461914e-09,3240,1.0,20.0,20.0,20.0,0.9523809523809523,0.9523809523809523,0.9523809523809523,3240,1.0,20.0,20.0,20.0,0.9523809523809523,0.9523809523809523,0.9523809523809523,4824,1.0,19.999999115898813,20.0,20.000001072883382,0.9523809503761878,0.9523809523809523,0.9523809548137944
230,3.8333333333333335,True,valid,0.005365637881172593,0.005701977302620736,0.01529705716200073,3.3358114781258625,3.33592305618932,0.0001951797497662974,3.346369741605318,0.08074856912520598,0.1380186695261405,0.00027934149313699414,1585.0,15.716516378348109,5.27827169533534e-06,0,16033,0.07873566448688507,205,7.450580596923828e-09,3240,1.0,20.0,20.0,20.0,0.9523809523809523,0.9523809523809523,0.9523809523809523,3240,1.0,20.0,20.0,20.0,0.9523809523809523,0.9523809523809523,0.9523809523809523,4824,1.0,19.999999115898813,20.0,20.000001072883382,0.9523809503761878,0.9523809523809523,0.9523809548137944
231,3.85,True,valid,0.005439962922217299,0.00625691158702724,0.015443799569448947,3.5055933219408106,3.505711664265227,0.00025431396355804064,3.5249330553784066,0.08566758304213225,0.30322945691990827,0.00029301366145966114,1585.0,16.409907385474664,5.5258745100880524e-06,0,16037,0.07243947684764862,205,3.725290298461914e-09,3240,1.0,20.0,20.0,20.0,0.9523809523809523,0.9523809523809523,0.9523809523809523,3240,1.0,20.0,20.0,20.0,0.9523809523809523,0.9523809523809523,0.9523809523809523,4824,1.0,19.999999115898813,20.0,20.000001072883382,0.9523809503761878,0.9523809523809523,0.9523809548137944
232,3.8666666666666667,True,valid,0.005548826259948641,0.0067730213438699565,0.015604461371793922,3.65374981705916,3.6538744935694063,0.00021070451436079512,3.667772942622535,0.08965779148086998,0.21927551742839954,0.0003046735615128172,1585.0,16.972789706101665,5.740784866213079e-06,0,16044,0.06604505330324173,205,1.862645149230957e-09,3240,1.0,20.0,20.0,20.0,0.9523809523809523,0.9523809523809523,0.9523809523809523,3240,1.0,20.0,20.0,20.0,0.9523809523809523,0.9523809523809523,0.9523809523809523,4824,1.0,19.999999115898813,20.0,20.000001072883382,0.9523809503761878,0.9523809523809523,0.9523809548137944
233,3.8833333333333333,True,valid,0.005659233297603891,0.007196176386489052,0.015750745530478064,3.77717436410915,3.7773049201422753,0.00025689200762173364,3.7904032087684714,0.0929418691259294,0.2251946006993935,0.0003143773779285406,1585.0,17.439763369495466,5.920703479474038e-06,0,16052,0.05963259935379028,205,1.862645149230957e-09,3240,1.0,20.0,20.0,20.0,0.9523809523809523,0.9523809523809523,0.9523809523809523,3240,1.0,20.0,20.0,20.0,0.9523809523809523,0.9523809523809523,0.9523809523809523,4824,1.0,19.999999115898813,20.0,20.000001072883382,0.9523809503761878,0.9523809523809523,0.9523809548137944
234,3.9,True,valid,0.005741655169212011,0.007493345445978726,0.015861694486286625,3.872750504965676,3.8728839517292983,0.0002262216656814297,3.8832963380530985,0.09561115360802747,0.1391034466055135,0.00032210177551495335,1585.0,17.79908157335889,6.061938941086072e-06,0,16133,0.0562058724462986,206,2.7939677238464355e-09,3240,1.0,20.0,20.0,20.0,0.9523809523809523,0.9523809523809523,0.9523809523809523,3240,1.0,20.0,20.0,20.0,0.9523809523809523,0.9523809523809523,0.9523809523809523,4824,1.0,19.999999115898813,20.0,20.000001072883382,0.9523809503761878,0.9523809523809523,0.9523809548137944
235,3.9166666666666665,True,valid,0.005785329364628438,0.007653461532755357,0.015940040931253903,3.9405981934672583,3.9407346722384005,0.0002824520968375512,3.952927155559352,0.09744145887882655,0.1894522665662129,0.0003274576145734141,1585.0,18.047164378616323,6.1594749761010145e-06,0,16173,0.06268704682588577,206,3.725290298461914e-09,3240,1.0,20.0,20.0,20.0,0.9523809523809523,0.9523809523809523,0.9523809523809523,3240,1.0,20.0,20.0,20.0,0.9523809523809523,0.9523809523809523,0.9523809523809523,4824,1.0,19.999999115898813,20.0,20.000001072883382,0.9523809503761878,0.9523809523809523,0.9523809548137944
236,3.933333333333333,True,valid,0.005800940109833542,0.007694980527838773,0.015962924165750413,3.977638202107325,3.977776846012689,0.00023184565528252467,3.9887180434539338,0.0985004370097484,0.14498902020919088,0.0003303251422298993,1585.0,18.18839706556526,6.212930646897316e-06,0,16187,0.06887166202068329,206,2.561137080192566e-09,3240,1.0,20.0,20.0,20.0,0.9523809523809523,0.9523809523809523,0.9523809523809523,3240,1.0,20.0,20.0,20.0,0.9523809523809523,0.9523809523809523,0.9523809523809523,4824,1.0,19.999999115898813,20.0,20.000001072883382,0.9523809503761878,0.9523809523809523,0.9523809548137944
237,3.95,True,valid,0.00579664479441994,0.007650645218387746,0.015964617422231746,3.986607390140743,3.986746330209962,0.00023471022348742424,3.9988522729610767,0.09894852276928232,0.16240144504903195,0.00033114140994175385,1585.0,18.220103280211628,6.2246814582101905e-06,0,16187,0.07478474825620651,206,3.4924596548080444e-09,3240,1.0,20.0,20.0,20.0,0.9523809523809523,0.9523809523809523,0.9523809523809523,3240,1.0,20.0,20.0,20.0,0.9523809523809523,0.9523809523809523,0.9523809523809523,4824,1.0,19.999999115898813,20.0,20.000001072883382,0.9523809503761878,0.9523809523809523,0.9523809548137944
238,3.966666666666667,True,valid,0.0057801926239611995,0.007556679715371338,0.015982290931897146,3.968472912958303,3.9686114570239535,0.00023069378109609657,3.9782168909355713,0.09837909292482915,0.13154700231857297,0.0003295394979264987,1585.0,18.093654602593972,6.196818848316271e-06,0,16187,0.08092119544744492,206,3.725290298461914e-09,3240,1.0,20.0,20.0,20.0,0.9523809523809523,0.9523809523809523,0.9523809523809523,3240,1.0,20.0,20.0,20.0,0.9523809523809523,0.9523809523809523,0.9523809523809523,4824,1.0,19.999999115898813,20.0,20.000001072883382,0.9523809503761878,0.9523809523809523,0.9523809548137944
239,3.9833333333333334,True,valid,0.005768098457130271,0.007454848612418337,0.01595841379345205,3.9229554397260857,3.9230920915825034,0.0002302745778764993,3.9340063783926347,0.09711818969845151,0.14308158786589933,0.00032616579750863265,1585.0,17.817240641717653,6.1356597647108425e-06,0,16170,0.08706812560558319,207,5.587935447692871e-09,3240,1.0,20.0,20.0,20.0,0.9523809523809523,0.9523809523809523,0.9523809523809523,3240,1.0,20.0,20.0,20.0,0.9523809523809523,0.9523809523809523,0.9523809523809523,4824,1.0,19.999999115898813,20.0,20.000001072883382,0.9523809503761878,0.9523809523809523,0.9523809548137944
240,4.0,True,valid,0.005753237803789416,0.007362231378328676,0.01589317251915967,3.849926055963916,3.850059819316927,0.00022453409201818054,3.860929338839383,0.09517342130231238,0.14307389607432297,0.0003205200714000863,1585.0,17.38413234272809,6.032273392404168e-06,0,16157,0.09290414303541183,206,7.450580596923828e-09,3240,1.0,20.0,20.0,20.0,0.9523809523809523,0.9523809523809523,0.9523809523809523,3240,1.0,20.0,20.0,20.0,0.9523809523809523,0.9523809523809523,0.9523809523809523,4824,1.0,19.999999115898813,20.0,20.000001072883382,0.9523809503761878,0.9523809523809523,0.9523809548137944
241,4.016666666666667,True,valid,0.005737168485727496,0.007289888192226869,0.015800605428492136,3.7490328917715607,3.749162071879367,0.00021724389609859872,3.7597055072562435,0.0925153512678562,0.1369262490207603,0.0003128259807024032,1585.0,16.779583315258808,5.889947581342937e-06,0,16145,0.09867874532938004,206,5.587935447692871e-09,3240,1.0,20.0,20.0,20.0,0.9523809523809523,0.9523809523809523,0.9523809523809523,3240,1.0,20.0,20.0,20.0,0.9523809523809523,0.9523809523809523,0.9523809523809523,4824,1.0,19.999999115898813,20.0,20.000001072883382,0.9523809503761878,0.9523809523809523,0.9523809548137944
242,4.033333333333333,True,valid,0.005733513145268506,0.0072630469502612755,0.01567169454666229,3.6237350162063526,3.623859068068552,0.00020950709726017872,3.634577457142663,0.08890280699101441,0.13907700322822586,0.00030303797888418257,1585.0,16.00084273611438,5.712900237509183e-06,0,16121,0.10463740676641464,206,3.725290298461914e-09,3240,1.0,20.0,20.0,20.0,0.9523809523809523,0.9523809523809523,0.9523809523809523,3240,1.0,20.0,20.0,20.0,0.9523809523809523,0.9523809523809523,0.9523809523809523,4824,1.0,19.999999115898813,20.0,20.000001072883382,0.9523809503761878,0.9523809523809523,0.9523809548137944
243,4.05,True,valid,0.005753462062747283,0.007307144101346615,0.015474423013369768,3.477963975197711,3.4780813952227523,0.0002001157430645935,3.488872037070806,0.08474671408676615,0.13838543788609997,0.00029261371457687456,1585.0,15.10796158798255,5.521610966874306e-06,0,16103,0.1102946326136589,205,3.725290298461914e-09,3240,1.0,20.0,20.0,20.0,0.9523809523809523,0.9523809523809523,0.9523809523809523,3240,1.0,20.0,20.0,20.0,0.9523809523809523,0.9523809523809523,0.9523809523809523,4824,1.0,19.999999115898813,20.0,20.000001072883382,0.9523809503761878,0.9523809523809523,0.9523809548137944
244,4.066666666666666,True,valid,0.005792764414462573,0.007375773511585672,0.015269530130529977,3.3086634993135218,3.3087730917425477,0.00018994226455235817,3.3244788396849896,0.0800527259643897,0.23591070431970615,0.00027996154683834973,1585.0,14.034817410578194,5.286321368524732e-06,0,16094,0.11570154875516891,205,7.450580596923828e-09,3240,1.0,20.0,20.0,20.0,0.9523809523809523,0.9523809523809523,0.9523809523809523,3240,1.0,20.0,20.0,20.0,0.9523809523809523,0.9523809523809523,0.9523809523809523,4824,1.0,19.999999115898813,20.0,20.000001072883382,0.9523809503761878,0.9523809523809523,0.9523809548137944
245,4.083333333333333,True,valid,0.005859028626121027,0.007449778760121151,0.015078019185284317,3.116680854208868,3.116782140949733,0.0001779908252035235,3.127423352810706,0.07433677207974952,0.13184206002333138,0.00026528147843871266,1585.0,12.83180411015983,5.022961124859722e-06,0,16107,0.1211002841591835,206,7.450580596923828e-09,3240,1.0,20.0,20.0,20.0,0.9523809523809523,0.9523809523809523,0.9523809523809523,3240,1.0,20.0,20.0,20.0,0.9523809523809523,0.9523809523809523,0.9523809523809523,4824,1.0,19.999999115898813,20.0,20.000001072883382,0.9523809503761878,0.9523809523809523,0.9523809548137944
246,4.1,True,valid,0.0059524028808428855,0.007524713744960937,0.014915274446363732,2.911982939801656,2.9120746332398504,0.00017036154256422242,2.923313262751319,0.06826930971877818,0.13468767450237393,0.00025014989861957157,1585.0,11.780784599829579,4.748304361891996e-06,0,16092,0.12610788643360138,206,7.450580596923828e-09,3240,1.0,20.0,20.0,20.0,0.9523809523809523,0.9523809523809523,0.9523809523809523,3240,1.0,20.0,20.0,20.0,0.9523809523809523,0.9523809523809523,0.9523809523809523,4824,1.0,19.999999115898813,20.0,20.000001072883382,0.9523809503761878,0.9523809523809523,0.9523809548137944
247,4.116666666666666,True,valid,0.006047897417584493,0.007545339092937889,0.014798229252490672,2.692803634879607,2.6928844250991952,0.00015907378998869642,2.7049818127536422,0.06165979595602997,0.1427701175056289,0.0002339560256806814,1585.0,10.699069232179411,4.454576442917144e-06,0,16081,0.1306997686624527,206,3.725290298461914e-09,3240,1.0,20.0,20.0,20.0,0.9523809523809523,0.9523809523809523,0.9523809523809523,3240,1.0,20.0,20.0,20.0,0.9523809523809523,0.9523809523809523,0.9523809523809523,4824,1.0,19.999999115898813,20.0,20.000001072883382,0.9523809503761878,0.9523809523809523,0.9523809548137944
248,4.133333333333334,True,valid,0.0061176070799598015,0.007461395676583843,0.014715056845955457,2.46181075076131,2.4618804393496534,0.00014292143618370386,2.4735814000902043,0.05455414887367691,0.12965495098538035,0.00021670273712446372,1585.0,9.525676105095304,4.145298598876525e-06,0,16061,0.1348760426044464,206,3.725290298461914e-09,3240,1.0,20.0,20.0,20.0,0.9523809523809523,0.9523809523809523,0.9523809523809523,3240,1.0,20.0,20.0,20.0,0.9523809523809523,0.9523809523809523,0.9523809523809523,4824,1.0,19.999999115898813,20.0,20.000001072883382,0.9523809503761878,0.9523809523809523,0.9523809548137944
249,4.15,True,valid,0.006140719570787881,0.007254393200537422,0.014619318069068625,2.226239183761025,2.2262975933365157,0.00012157753738247443,2.2382882183579804,0.04698782293210438,0.1336237134603114,0.00019942194630768553,1585.0,8.255632795428081,3.837955213959572e-06,0,16000,0.13866829872131348,207,7.450580596923828e-09,3240,1.0,20.0,20.0,20.0,0.9523809523809523,0.9523809523809523,0.9523809523809523,3240,1.0,20.0,20.0,20.0,0.9523809523809523,0.9523809523809523,0.9523809523809523,4824,1.0,19.999999115898813,20.0,20.000001072883382,0.9523809503761878,0.9523809523809523,0.9523809548137944
250,4.166666666666667,True,valid,0.006096299469792909,0.006911241428574867,0.01449503054792903,1.9905651593828877,1.9906112186923348,0.0001046653303579281,2.003019843864893,0.03913141557729784,0.1236001518568176,0.0001823358747621681,1585.0,7.003825508984567,3.5322623494660157e-06,0,15886,0.14205120503902435,208,7.450580596923828e-09,3240,1.0,20.0,20.0,20.0,0.9523809523809523,0.9523809523809523,0.9523809523809523,3240,1.0,20.0,20.0,20.0,0.9523809523809523,0.9523809523809523,0.9523809523809523,4824,1.0,19.999999115898813,20.0,20.000001072883382,0.9523809503761878,0.9523809523809523,0.9523809548137944
251,4.183333333333334,True,valid,0.0059809117723846035,0.006438434859651304,0.014344803384839934,1.7612433736668966,1.7612770977911767,8.808617355207859e-05,1.778190339376476,0.03104000044863125,0.16507369073485612,0.00016591613067796024,1585.0,5.830503456922333,3.241259303752175e-06,0,15789,0.1447078287601471,209,7.450580596923828e-09,3240,1.0,20.0,20.0,20.0,0.9523809523809523,0.9523809523809523,0.9523809523809523,3240,1.0,20.0,20.0,20.0,0.9523809523809523,0.9523809523809523,0.9523809523809523,4824,1.0,19.999999115898813,20.0,20.000001072883382,0.9523809503761878,0.9523809523809523,0.9523809548137944
252,4.2,True,valid,0.005817827584955374,0.005873643548726125,0.014163478862178898,1.5556652895786576,1.5556882278821689,6.969773124861328e-05,1.5724675224650153,0.022517264921953006,0.14383923784622668,0.00015166455162211,1585.0,4.630107734930131,2.988189822899993e-06,0,15746,0.14555515348911285,209,7.450580596923828e-09,3240,1.0,20.0,20.0,20.0,0.9523809523809523,0.9523809523809523,0.9523809523809523,3240,1.0,20.0,20.0,20.0,0.9523809523809523,0.9523809523809523,0.9523809523809523,4824,1.0,19.999999115898813,20.0,20.000001072883382,0.9523809503761878,0.9523809523809523,0.9523809548137944
253,4.216666666666667,True,valid,0.005633246713472083,0.00527080839870899,0.01399066920143446,1.3892765358864125,1.3892898548979957,5.6548470566565695e-05,1.4157805597603046,0.014036212402164478,0.199355032291653,0.00014058125962099503,1585.0,3.4191001363666778,2.79194330325001e-06,0,15626,0.1457906812429428,208,7.450580596923828e-09,3240,1.0,20.0,20.0,20.0,0.9523809523809523,0.9523809523809523,0.9523809523809523,3240,1.0,20.0,20.0,20.0,0.9523809523809523,0.9523809523809523,0.9523809523809523,4824,1.0,19.999999115898813,20.0,20.000001072883382,0.9523809503761878,0.9523809523809523,0.9523809548137944
254,4.233333333333333,True,valid,0.005454824965900208,0.0046999200783235185,0.013881762935624507,1.291886948672156,1.2918940507003829,4.724809738390217e-05,1.3200975255579537,0.005772676206555067,0.202520182099052,0.0001337359183936033,1585.0,2.865695556611656,2.6708676796296393e-06,0,15504,0.1453946828842163,208,7.450580596923828e-09,3240,1.0,20.0,20.0,20.0,0.9523809523809523,0.9523809523809523,0.9523809523809523,3240,1.0,20.0,20.0,20.0,0.9523809523809523,0.9523809523809523,0.9523809523809523,4824,1.0,19.999999115898813,20.0,20.000001072883382,0.9523809503761878,0.9523809523809523,0.9523809548137944
255,4.25,True,valid,0.005308721819721096,0.004228799567950617,0.013841437547344695,1.2804762013017859,1.2804831705386068,4.712355912346664e-05,1.3087068912589446,0.004959559047119306,0.2045165127154713,0.00013270984380296655,1585.0,2.7994648172412955,2.6519003584604427e-06,0,15517,0.14443214237689972,208,7.450580596923828e-09,3240,1.0,20.0,20.0,20.0,0.9523809523809523,0.9523809523809523,0.9523809523809523,3240,1.0,20.0,20.0,20.0,0.9523809523809523,0.9523809523809523,0.9523809523809523,4824,1.0,19.999999115898813,20.0,20.000001072883382,0.9523809503761878,0.9523809523809523,0.9523809548137944
256,4.266666666666667,True,valid,0.0052118321101231905,0.003901621758951634,0.013853062067956718,1.356361693764361,1.3563737502835818,5.566412200071557e-05,1.382404035305229,0.013047919186907037,0.19680256353706466,0.00013713103108156188,1585.0,3.6168229551939324,2.728078473397602e-06,0,15670,0.1429765671491623,208,7.450580596923828e-09,3240,1.0,20.0,20.0,20.0,0.9523809523809523,0.9523809523809523,0.9523809523809523,3240,1.0,20.0,20.0,20.0,0.9523809523809523,0.9523809523809523,0.9523809523809523,4824,1.0,19.999999115898813,20.0,20.000001072883382,0.9523809503761878,0.9523809523809523,0.9523809548137944
257,4.283333333333333,True,valid,0.005158515799657379,0.0037470140323988066,0.013910857734529396,1.5046374333641195,1.5046591000179084,7.319922163774586e-05,1.526931908424779,0.021620309708554632,0.18935588988139695,0.00014660550958171765,1585.0,4.887195986069726,2.8942670116483324e-06,0,15743,0.14109055697917938,207,7.450580596923828e-09,3240,1.0,20.0,20.0,20.0,0.9523809523809523,0.9523809523809523,0.9523809523809523,3240,1.0,20.0,20.0,20.0,0.9523809523809523,0.9523809523809523,0.9523809523809523,4824,1.0,19.999999115898813,20.0,20.000001072883382,0.9523809503761878,0.9523809523809523,0.9523809548137944
258,4.3,True,valid,0.0051354379750358945,0.003742905561484927,0.013995532249361167,1.7008588741459354,1.7008927344337494,8.396250519169193e-05,1.7178827728971005,0.029954884288007126,0.15568698223521707,0.0001595135513134999,1585.0,6.207837749124491,3.1206134322512082e-06,0,15825,0.13881297409534454,207,7.450580596923828e-09,3240,1.0,20.0,20.0,20.0,0.9523809523809523,0.9523809523809523,0.9523809523809523,3240,1.0,20.0,20.0,20.0,0.9523809523809523,0.9523809523809523,0.9523809523809523,4824,1.0,19.999999115898813,20.0,20.000001072883382,0.9523809503761878,0.9523809523809523,0.9523809548137944
259,4.316666666666666,True,valid,0.005140479648835943,0.0038408106104692616,0.014090168163055673,1.9255755514012016,1.9256193294644244,0.00015367984619127055,1.937208897859298,0.03814706668368686,0.10975846753598588,0.00017488095996255168,1585.0,7.593484798818517,3.3951215640539223e-06,0,15875,0.1361749768257141,207,7.450580596923828e-09,3240,1.0,20.0,20.0,20.0,0.9523809523809523,0.9523809523809523,0.9523809523809523,3240,1.0,20.0,20.0,20.0,0.9523809523809523,0.9523809523809523,0.9523809523809523,4824,1.0,19.999999115898813,20.0,20.000001072883382,0.9523809503761878,0.9523809523809523,0.9523809548137944
260,4.333333333333333,True,valid,0.0051664307126448854,0.004002707519056487,0.014220581756032072,2.1602187850115167,2.1602766989255375,0.00011732102475013583,2.173140789640648,0.046059919147881254,0.14278154542452012,0.0001916339192581953,1585.0,8.940351196587368,3.692230506691817e-06,0,15929,0.1331823766231537,207,3.725290298461914e-09,3240,1.0,20.0,20.0,20.0,0.9523809523809523,0.9523809523809523,0.9523809523809523,3240,1.0,20.0,20.0,20.0,0.9523809523809523,0.9523809523809523,0.9523809523809523,4824,1.0,19.999999115898813,20.0,20.000001072883382,0.9523809503761878,0.9523809523809523,0.9523809548137944
261,4.35,True,valid,0.005212706535796569,0.004204424498418682,0.014401899367116796,2.4015680822593772,2.401637740417841,0.00013020822449274865,2.41136393231545,0.053624808888804575,0.10438245289047857,0.00020902853922320614,1585.0,10.208782362791238,4.006172920203408e-06,0,15958,0.12981872260570526,207,3.725290298461914e-09,3240,1.0,20.0,20.0,20.0,0.9523809523809523,0.9523809523809523,0.9523809523809523,3240,1.0,20.0,20.0,20.0,0.9523809523809523,0.9523809523809523,0.9523809523809523,4824,1.0,19.999999115898813,20.0,20.000001072883382,0.9523809503761878,0.9523809523809523,0.9523809548137944
262,4.366666666666666,True,valid,0.005278033747754084,0.0044270465152592845,0.014621497061584573,2.6374878849433667,2.6375687212614287,0.00014569224446115182,2.647009474932313,0.06075292019175016,0.10446895740693078,0.00022643702625202772,1585.0,11.39891872146514,4.320604667930053e-06,0,15972,0.12603138387203217,207,3.725290298461914e-09,3240,1.0,20.0,20.0,20.0,0.9523809523809523,0.9523809523809523,0.9523809523809523,3240,1.0,20.0,20.0,20.0,0.9523809523809523,0.9523809523809523,0.9523809523809523,4824,1.0,19.999999115898813,20.0,20.000001072883382,0.9523809503761878,0.9523809523809523,0.9523809548137944
263,4.383333333333334,True,valid,0.005349121463612923,0.0046629449865763116,0.014891168067314924,2.8631715395858026,2.863262444721985,0.00016005563554662475,2.872461156909582,0.06741081178275095,0.10408910817506212,0.0002432693626001924,1585.0,12.501270345871456,4.626709822625667e-06,0,16000,0.12180345505475998,207,3.725290298461914e-09,3240,1.0,20.0,20.0,20.0,0.9523809523809523,0.9523809523809523,0.9523809523809523,3240,1.0,20.0,20.0,20.0,0.9523809523809523,0.9523809523809523,0.9523809523809523,4824,1.0,19.999999115898813,20.0,20.000001072883382,0.9523809503761878,0.9523809523809523,0.9523809548137944
264,4.4,True,valid,0.005416174720899661,0.004917450208743287,0.015189542189464902,3.0757329653982652,3.0758333681503807,0.00017403879685387892,3.084932640614304,0.0735565553725548,0.10450594820376098,0.0002593572381374756,1585.0,13.52159015057935,4.920217955374797e-06,0,16010,0.11707228422164917,206,7.450580596923828e-09,3240,1.0,20.0,20.0,20.0,0.9523809523809523,0.9523809523809523,0.9523809523809523,3240,1.0,20.0,20.0,20.0,0.9523809523809523,0.9523809523809523,0.9523809523809523,4824,1.0,19.999999115898813,20.0,20.000001072883382,0.9523809503761878,0.9523809523809523,0.9523809548137944
265,4.416666666666667,True,valid,0.005472405120702233,0.005192622964283845,0.015473070384584451,3.2705580764789226,3.270666912480827,0.00018746204874548752,3.2797299925026806,0.07913549806478606,0.10520298060694301,0.0002742987524042753,1585.0,14.458847271311155,5.192706523855554e-06,0,16029,0.11179640144109726,205,7.450580596923828e-09,3240,1.0,20.0,20.0,20.0,0.9523809523809523,0.9523809523809523,0.9523809523809523,3240,1.0,20.0,20.0,20.0,0.9523809523809523,0.9523809523809523,0.9523809523809523,4824,1.0,19.999999115898813,20.0,20.000001072883382,0.9523809503761878,0.9523809523809523,0.9523809548137944
266,4.433333333333334,True,valid,0.005514155532570293,0.005493561308574243,0.015722100091948674,3.44473875650327,3.4448549324410194,0.0001987808865439083,3.4539317381363026,0.08405359289659711,0.10593955844557006,0.0002877854351335604,1585.0,15.294197563413398,5.4406631023360294e-06,0,16064,0.10607754439115524,206,7.450580596923828e-09,3240,1.0,20.0,20.0,20.0,0.9523809523809523,0.9523809523809523,0.9523809523809523,3240,1.0,20.0,20.0,20.0,0.9523809523809523,0.9523809523809523,0.9523809523809523,4824,1.0,19.999999115898813,20.0,20.000001072883382,0.9523809503761878,0.9523809523809523,0.9523809548137944
267,4.45,True,valid,0.005545763919932896,0.005840505923953068,0.015911080774583246,3.598185251413016,3.598308138432556,0.00020799555666997538,3.6061665331286914,0.08833597886483041,0.0964355074952519,0.0002998469291600706,1585.0,16.054534229048212,5.6619413544217875e-06,0,16073,0.09991593658924103,206,3.725290298461914e-09,3240,1.0,20.0,20.0,20.0,0.9523809523809523,0.9523809523809523,0.9523809523809523,3240,1.0,20.0,20.0,20.0,0.9523809523809523,0.9523809523809523,0.9523809523809523,4824,1.0,19.999999115898813,20.0,20.000001072883382,0.9523809503761878,0.9523809523809523,0.9523809548137944
268,4.466666666666667,True,valid,0.005577393768982165,0.006236118951429934,0.016007832662727345,3.72645244562848,3.7265806769387635,0.00021577902866838194,3.734505393623143,0.09195593545693646,0.09678540248348272,0.00031026877906632425,1585.0,16.69091644543982,5.851424159618876e-06,0,16076,0.09331995993852615,207,3.725290298461914e-09,3240,1.0,20.0,20.0,20.0,0.9523809523809523,0.9523809523809523,0.9523809523809523,3240,1.0,20.0,20.0,20.0,0.9523809523809523,0.9523809523809523,0.9523809523809523,4824,1.0,19.999999115898813,20.0,20.000001072883382,0.9523809503761878,0.9523809523809523,0.9523809548137944
269,4.483333333333333,True,valid,0.005614363966508548,0.006666066540985527,0.016042760112464156,3.8301653778543976,3.8302944191287147,0.00031689367145173027,3.8395027975685516,0.09482287585632729,0.12359531916864039,0.000318718951886288,1585.0,17.2188863245409,6.006815286457704e-06,0,16069,0.08644191920757294,207,1.862645149230957e-09,3240,1.0,20.0,20.0,20.0,0.9523809523809523,0.9523809523809523,0.9523809523809523,3240,1.0,20.0,20.0,20.0,0.9523809523809523,0.9523809523809523,0.9523809523809523,4824,1.0,19.999999115898813,20.0,20.000001072883382,0.9523809503761878,0.9523809523809523,0.9523809548137944
270,4.5,True,valid,0.005674458692124832,0.007106992268124458,0.016026868898888307,3.905515287266528,3.905651060930462,0.00022718396624455046,3.9136076460569367,0.09696269690761254,0.09760703197497175,0.0003250746054568789,1585.0,17.62345621206182,6.120060407153796e-06,0,16070,0.07924650609493256,208,3.725290298461914e-09,3240,1.0,20.0,20.0,20.0,0.9523809523809523,0.9523809523809523,0.9523809523809523,3240,1.0,20.0,20.0,20.0,0.9523809523809523,0.9523809523809523,0.9523809523809523,4824,1.0,19.999999115898813,20.0,20.000001072883382,0.9523809503761878,0.9523809523809523,0.9523809548137944
271,4.516666666666667,True,valid,0.005757593132491812,0.007531154392706686,0.015992504715621827,3.955723318128573,3.9558608425107016,0.00023030477215686183,3.9637692551522,0.09832431711869112,0.09796843751629865,0.0003295258430208559,1585.0,17.893834848899846,6.20112132569952e-06,0,16097,0.0722699835896492,209,3.259629011154175e-09,3240,1.0,20.0,20.0,20.0,0.9523809523809523,0.9523809523809523,0.9523809523809523,3240,1.0,20.0,20.0,20.0,0.9523809523809523,0.9523809523809523,0.9523809523809523,4824,1.0,19.999999115898813,20.0,20.000001072883382,0.9523809503761878,0.9523809523809523,0.9523809548137944
272,4.533333333333333,True,valid,0.005849050979605907,0.00790196642886593,0.01595987551182704,3.976122686150061,3.9762610952537134,0.00023176966214988326,3.984245497507143,0.09889837182721561,0.09941658943722868,0.0003315062234059543,1585.0,18.04886781276263,6.23771682629919e-06,0,16178,0.06498356908559799,210,3.14321368932724e-09,3240,1.0,20.0,20.0,20.0,0.9523809523809523,0.9523809523809523,0.9523809523809523,3240,1.0,20.0,20.0,20.0,0.9523809523809523,0.9523809523809523,0.9523809523809523,4824,1.0,19.999999115898813,20.0,20.000001072883382,0.9523809503761878,0.9523809523809523,0.9523809548137944
273,4.55,True,valid,0.005940583727277082,0.008194707881170167,0.01597647512071937,3.974643720060043,3.974756502063436,0.0007827314850691515,3.9903350051919904,0.0987966436348953,0.23229362132227302,0.00033135968831524696,1585.0,18.038395038040328,6.257220899014637e-06,0,16206,0.05750983580946922,208,2.3283064365386963e-09,3240,1.0,20.0,20.0,20.0,0.9523809523809523,0.9523809523809523,0.9523809523809523,3240,1.0,20.0,20.0,20.0,0.9523809523809523,0.9523809523809523,0.9523809523809523,4824,1.0,19.999999115898813,20.0,20.000001072883382,0.9523809503761878,0.9523809523809523,0.9523809548137944
274,4.566666666666666,True,valid,0.006032956507691947,0.008387166623150146,0.01617067431307578,3.941655661221924,3.9417622976118785,0.0011149047527382742,3.9867358433625744,0.09810177837894615,0.4702300029167478,0.00032856647238249816,1585.0,17.860776556854393,6.237241799029738e-06,0,16244,0.059765104204416275,208,2.7939677238464355e-09,3240,1.0,20.0,20.0,20.0,0.9523809523809523,0.9523809523809523,0.9523809523809523,3240,1.0,20.0,20.0,20.0,0.9523809523809523,0.9523809523809523,0.9523809523809523,4824,1.0,19.999999115898813,20.0,20.000001072883382,0.9523809503761878,0.9523809523809523,0.9523809548137944
275,4.583333333333333,True,valid,0.006143706765514662,0.00845151062305954,0.016307921466133246,3.878499763509495,3.878633175465524,0.00022643190039480513,3.887502329748528,0.09593021361281821,0.1154251997368962,0.0003244707731920324,1585.0,17.52719738886533,6.112881024282019e-06,0,16262,0.06594309210777283,204,3.725290298461914e-09,3240,1.0,20.0,20.0,20.0,0.9523809523809523,0.9523809523809523,0.9523809523809523,3240,1.0,20.0,20.0,20.0,0.9523809523809523,0.9523809523809523,0.9523809523809523,4824,1.0,19.999999115898813,20.0,20.000001072883382,0.9523809503761878,0.9523809523809523,0.9523809548137944
276,4.6,True,valid,0.006181646994868878,0.008392065860520933,0.01624334735819678,3.7868906597861365,3.7870205950757394,0.0003591665517601397,3.8042681761380237,0.09335078726036702,0.2881351583405917,0.00031759359828803854,1585.0,16.99093555250185,5.990422429378463e-06,0,16266,0.07198075950145721,204,7.450580596923828e-09,3240,1.0,20.0,20.0,20.0,0.9523809523809523,0.9523809523809523,0.9523809523809523,3240,1.0,20.0,20.0,20.0,0.9523809523809523,0.9523809523809523,0.9523809523809523,4824,1.0,19.999999115898813,20.0,20.000001072883382,0.9523809503761878,0.9523809523809523,0.9523809548137944
277,4.616666666666666,True,valid,0.006093689359010361,0.008253527169246593,0.016040428852372102,3.6633496034412056,3.6634748501761316,0.00033366451237995754,3.679077478052521,0.09015023909482821,0.2628774952766543,0.0003082445109776009,1585.0,16.392288359561782,5.815964618374108e-06,0,16260,0.07768721878528595,206,3.725290298461914e-09,3240,1.0,20.0,20.0,20.0,0.9523809523809523,0.9523809523809523,0.9523809523809523,3240,1.0,20.0,20.0,20.0,0.9523809523809523,0.9523809523809523,0.9523809523809523,4824,1.0,19.999999115898813,20.0,20.000001072883382,0.9523809503761878,0.9523809523809523,0.9523809548137944
278,4.633333333333334,True,valid,0.005971427424115627,0.008002579784569912,0.01566130236253373,3.523610783407453,3.52372613044116,0.00028781748067303875,3.5342604295606446,0.0861762315873802,0.13488608741302263,0.0002975500910844933,1585.0,15.628530319497719,5.615623617086362e-06,0,16252,0.08293087035417557,204,3.725290298461914e-09,3240,1.0,20.0,20.0,20.0,0.9523809523809523,0.9523809523809523,0.9523809523809523,3240,1.0,20.0,20.0,20.0,0.9523809523809523,0.9523809523809523,0.9523809523809523,4824,1.0,19.999999115898813,20.0,20.000001072883382,0.9523809503761878,0.9523809523809523,0.9523809548137944
279,4.65,True,valid,0.005839402988372187,0.007624062503478101,0.015204594494958763,3.343416120310677,3.3435277723854995,0.0001940995381713084,3.3521578117265936,0.08137524076157243,0.10919522817859656,0.00028397589303637386,1585.0,14.641222582915528,5.3610541269575555e-06,0,16220,0.08780895173549652,205,3.725290298461914e-09,3240,1.0,20.0,20.0,20.0,0.9523809523809523,0.9523809523809523,0.9523809523809523,3240,1.0,20.0,20.0,20.0,0.9523809523809523,0.9523809523809523,0.9523809523809523,4824,1.0,19.999999115898813,20.0,20.000001072883382,0.9523809503761878,0.9523809523809523,0.9523809548137944
280,4.666666666666667,True,valid,0.005721241306793453,0.007242370683067093,0.0148864342999518,3.1502789225831904,3.150383148884484,0.00018082355279251067,3.1610945939880626,0.07611062596537037,0.1479720267496588,0.0002687968737875237,1585.0,13.583376437713435,5.084213140969394e-06,0,16156,0.09239626675844193,204,3.725290298461914e-09,3240,1.0,20.0,20.0,20.0,0.9523809523809523,0.9523809523809523,0.9523809523809523,3240,1.0,20.0,20.0,20.0,0.9523809523809523,0.9523809523809523,0.9523809523809523,4824,1.0,19.999999115898813,20.0,20.000001072883382,0.9523809503761878,0.9523809523809523,0.9523809548137944
281,4.683333333333334,True,valid,0.005652492151220424,0.006922572605725271,0.014675911752558578,2.9467990746712056,2.946894151606554,0.00017830089846044005,2.9575832976214125,0.07014999649437585,0.14554410164489867,0.00025349624802419046,1585.0,12.39899837814377,4.802682674173475e-06,0,16053,0.09669243544340134,205,7.450580596923828e-09,3240,1.0,20.0,20.0,20.0,0.9523809523809523,0.9523809523809523,0.9523809523809523,3240,1.0,20.0,20.0,20.0,0.9523809523809523,0.9523809523809523,0.9523809523809523,4824,1.0,19.999999115898813,20.0,20.000001072883382,0.9523809503761878,0.9523809523809523,0.9523809548137944
282,4.7,True,valid,0.005632852429118426,0.006652924966130695,0.014541453880992036,2.729658084198676,2.72974309140004,0.00015573079220054163,2.7412426109865953,0.06367022209229375,0.15014105841417605,0.0002373881978435443,1585.0,11.201859166921443,4.511062580156431e-06,0,15992,0.10066606104373932,205,3.725290298461914e-09,3240,1.0,20.0,20.0,20.0,0.9523809523809523,0.9523809523809523,0.9523809523809523,3240,1.0,20.0,20.0,20.0,0.9523809523809523,0.9523809523809523,0.9523809523809523,4824,1.0,19.999999115898813,20.0,20.000001072883382,0.9523809503761878,0.9523809523809523,0.9523809548137944
283,4.716666666666667,True,valid,0.00563040902399999,0.006414033823808882,0.014503412808085708,2.496761396157831,2.4968364008343085,0.0003844039543106169,2.519091002140155,0.05689717105246676,0.31340409262796215,0.00022014140210233312,1585.0,9.982514449131505,4.205048614677594e-06,0,15920,0.10429693758487701,205,3.725290298461914e-09,3240,1.0,20.0,20.0,20.0,0.9523809523809523,0.9523809523809523,0.9523809523809523,3240,1.0,20.0,20.0,20.0,0.9523809523809523,0.9523809523809523,0.9523809523809523,4824,1.0,19.999999115898813,20.0,20.000001072883382,0.9523809503761878,0.9523809523809523,0.9523809548137944
284,4.733333333333333,True,valid,0.005637392545809419,0.006212074173470808,0.014520623523157541,2.258655865847704,2.2587189646512935,0.0004105554499234352,2.2850339941849476,0.04961794103425896,0.32922994261606897,0.00020228633548346448,1585.0,8.728456546813232,3.884554111916576e-06,0,15897,0.10755354911088943,206,7.450580596923828e-09,3240,1.0,20.0,20.0,20.0,0.9523809523809523,0.9523809523809523,0.9523809523809523,3240,1.0,20.0,20.0,20.0,0.9523809523809523,0.9523809523809523,0.9523809523809523,4824,1.0,19.999999115898813,20.0,20.000001072883382,0.9523809503761878,0.9523809523809523,0.9523809548137944
285,4.75,True,valid,0.00567623441742603,0.00604259951796166,0.014455686812287545,2.0307459487245896,2.0307962673438418,0.00010596460053177252,2.041531396361826,0.0415477461534481,0.11706847249199812,0.00018551862932827392,1585.0,7.398427138983887,3.586855016620773e-06,0,15864,0.11038543283939362,206,7.450580596923828e-09,3240,1.0,20.0,20.0,20.0,0.9523809523809523,0.9523809523809523,0.9523809523809523,3240,1.0,20.0,20.0,20.0,0.9523809523809523,0.9523809523809523,0.9523809523809523,4824,1.0,19.999999115898813,20.0,20.000001072883382,0.9523809503761878,0.9523809523809523,0.9523809548137944
286,4.766666666666667,True,valid,0.005716562896857932,0.005885627218580932,0.014296000511431105,1.8055282547868536,1.8055621420203734,0.00017330059004478968,1.8173093046016007,0.0334186285238977,0.12391285044228303,0.00016971386158807957,1585.0,6.050180655803176,3.3097641053752235e-06,0,15805,0.11273912340402603,204,7.450580596923828e-09,3240,1.0,20.0,20.0,20.0,0.9523809523809523,0.9523809523809523,0.9523809523809523,3240,1.0,20.0,20.0,20.0,0.9523809523809523,0.9523809523809523,0.9523809523809523,4824,1.0,19.999999115898813,20.0,20.000001072883382,0.9523809503761878,0.9523809523809523,0.9523809548137944
287,4.783333333333333,True,valid,0.005722825367918463,0.005728352999518751,0.01410255008405381,1.5988770684750246,1.5988990652242918,0.00016360958282374816,1.6103472193314698,0.02499887008102188,0.11658518416422464,0.00015534530364631646,1585.0,4.78215661644509,3.05477476845437e-06,0,15764,0.11452721059322357,204,7.450580596923828e-09,3240,1.0,20.0,20.0,20.0,0.9523809523809523,0.9523809523809523,0.9523809523809523,3240,1.0,20.0,20.0,20.0,0.9523809523809523,0.9523809523809523,0.9523809523809523,4824,1.0,19.999999115898813,20.0,20.000001072883382,0.9523809503761878,0.9523809523809523,0.9523809548137944
288,4.8,True,valid,0.005702749974801416,0.005543386493895329,0.013937576145812905,1.4252596984158952,1.4252753753679557,6.067123439315542e-05,1.4369839653806216,0.01662183902839564,0.10729882827418695,0.00014322265014616028,1585.0,3.6572418072839783,2.838650803590427e-06,0,15649,0.11572138220071793,205,7.450580596923828e-09,3240,1.0,20.0,20.0,20.0,0.9523809523809523,0.9523809523809523,0.9523809523809523,3240,1.0,20.0,20.0,20.0,0.9523809523809523,0.9523809523809523,0.9523809523809523,4824,1.0,19.999999115898813,20.0,20.000001072883382,0.9523809503761878,0.9523809523809523,0.9523809548137944
289,4.816666666666666,True,valid,0.005686165667918854,0.005317079955978644,0.013829887439021258,1.3126208578787832,1.3126288000536743,6.04306706217942e-05,1.3282692244776595,0.008083113208042161,0.13514636437601785,0.0001356215206342112,1585.0,2.7672940592533615,2.7028210333424285e-06,0,15516,0.11625460535287857,204,7.450580596923828e-09,3240,1.0,20.0,20.0,20.0,0.9523809523809523,0.9523809523809523,0.9523809523809523,3240,1.0,20.0,20.0,20.0,0.9523809523809523,0.9523809523809523,0.9523809523809523,4824,1.0,19.999999115898813,20.0,20.000001072883382,0.9523809503761878,0.9523809523809523,0.9523809548137944
290,4.833333333333333,True,valid,0.005669479043581757,0.005035970912271387,0.013833432254208649,1.2863105463051385,1.286316740254364,4.638477606396893e-05,1.303224966232252,0.0031014299662276137,0.13975837596455828,0.000133392807602132,1585.0,2.8235393380891685,2.6662341886131357e-06,0,15505,0.11605964601039886,204,7.450580596923828e-09,3240,1.0,20.0,20.0,20.0,0.9523809523809523,0.9523809523809523,0.9523809523809523,3240,1.0,20.0,20.0,20.0,0.9523809523809523,0.9523809523809523,0.9523809523809523,4824,1.0,19.999999115898813,20.0,20.000001072883382,0.9523809503761878,0.9523809523809523,0.9523809548137944
291,4.85,True,valid,0.005632556328416333,0.00470750764606303,0.013964745142017242,1.3422946588063012,1.3423071699333518,0.00012736679815572517,1.3618396599084333,0.010640960558023431,0.1829890469613462,0.00013594098774458938,1585.0,3.4830350208804766,2.714780092687245e-06,0,15673,0.11514516174793243,204,7.450580596923828e-09,3240,1.0,20.0,20.0,20.0,0.9523809523809523,0.9523809523809523,0.9523809523809523,3240,1.0,20.0,20.0,20.0,0.9523809523809523,0.9523809523809523,0.9523809523809523,4824,1.0,19.999999115898813,20.0,20.000001072883382,0.9523809503761878,0.9523809523809523,0.9523809548137944
292,4.866666666666666,True,valid,0.005571786239142524,0.004387323393330019,0.014161720314888635,1.4753846459194648,1.4754020667876568,7.460975356488786e-05,1.4937590940238652,0.01905549248953618,0.16556746152230065,0.0001438014195736643,1585.0,4.943866696292336,2.8522951674408715e-06,0,15775,0.11350663751363754,203,7.450580596923828e-09,3240,1.0,20.0,20.0,20.0,0.9523809523809523,0.9523809523809523,0.9523809523809523,3240,1.0,20.0,20.0,20.0,0.9523809523809523,0.9523809523809523,0.9523809523809523,4824,1.0,19.999999115898813,20.0,20.000001072883382,0.9523809503761878,0.9523809523809523,0.9523809548137944
293,4.883333333333334,True,valid,0.005493680346215891,0.004131590557729721,0.014359707105197505,1.6607061885423142,1.660736494272586,7.768381820843461e-05,1.6771911355745686,0.027560288186373707,0.16776344259390155,0.00015544487142132312,1585.0,6.423156557739116,3.0584875325978178e-06,0,15813,0.11119896173477173,205,7.450580596923828e-09,3240,1.0,20.0,20.0,20.0,0.9523809523809523,0.9523809523809523,0.9523809523809523,3240,1.0,20.0,20.0,20.0,0.9523809523809523,0.9523809523809523,0.9523809523809523,4824,1.0,19.999999115898813,20.0,20.000001072883382,0.9523809503761878,0.9523809523809523,0.9523809548137944
294,4.9,True,valid,0.005410392075988409,0.0039986176264430314,0.014481853862287996,1.877226284336205,1.8772686439880106,9.266938560632988e-05,1.8948822872107995,0.0359092292760283,0.19025394408889698,0.00017023734816214116,1585.0,7.885106365330749,3.3196448505236754e-06,0,15865,0.10830457508563995,205,7.450580596923828e-09,3240,1.0,20.0,20.0,20.0,0.9523809523809523,0.9523809523809523,0.9523809523809523,3240,1.0,20.0,20.0,20.0,0.9523809523809523,0.9523809523809523,0.9523809523809523,4824,1.0,19.999999115898813,20.0,20.000001072883382,0.9523809503761878,0.9523809523809523,0.9523809548137944
295,4.916666666666667,True,valid,0.005324663565562027,0.004018538424610764,0.014518167991311481,2.109076807048354,2.1091314934902132,0.00011026502185857241,2.127570857493342,0.04398310965198684,0.21617122085243065,0.00018690750481357402,1585.0,9.290245866321627,3.614656789173926e-06,0,15942,0.10486864298582077,204,3.725290298461914e-09,3240,1.0,20.0,20.0,20.0,0.9523809523809523,0.9523809523809523,0.9523809523809523,3240,1.0,20.0,20.0,20.0,0.9523809523809523,0.9523809523809523,0.9523809523809523,4824,1.0,19.999999115898813,20.0,20.000001072883382,0.9523809503761878,0.9523809523809523,0.9523809548137944
296,4.933333333333334,True,valid,0.005241671381826793,0.0041802914212949035,0.01451749827553617,2.3449298554209865,2.3449960051524794,0.00013079109075926173,2.3610286497519324,0.05150249247638087,0.20375899994629934,0.00020419500662440063,1585.0,10.631564626090736,3.918237177259251e-06,0,15963,0.10092973709106445,204,7.450580596923828e-09,3240,1.0,20.0,20.0,20.0,0.9523809523809523,0.9523809523809523,0.9523809523809523,3240,1.0,20.0,20.0,20.0,0.9523809523809523,0.9523809523809523,0.9523809523809523,4824,1.0,19.999999115898813,20.0,20.000001072883382,0.9523809503761878,0.9523809523809523,0.9523809548137944
297,4.95,True,valid,0.005188957907106306,0.00445854078713519,0.014519238334200506,2.577155720786351,2.5772334347967973,0.00014163065715157403,2.592947834768434,0.05874957738009301,0.203811310898744,0.0002216645128788581,1585.0,11.912037602795202,4.228385140244202e-06,0,15971,0.09656941890716553,204,3.725290298461914e-09,3240,1.0,20.0,20.0,20.0,0.9523809523809523,0.9523809523809523,0.9523809523809523,3240,1.0,20.0,20.0,20.0,0.9523809523809523,0.9523809523809523,0.9523809523809523,4824,1.0,19.999999115898813,20.0,20.000001072883382,0.9523809503761878,0.9523809523809523,0.9523809548137944
298,4.966666666666667,True,valid,0.0051856364800373315,0.0048113498828815,0.014591645429806854,2.8046440681342446,2.8047325658694997,0.0001632274628401376,2.819840877247863,0.06565175652092274,0.20444692730540764,0.00023896155773451918,1585.0,13.104047331876446,4.538686133253197e-06,0,15980,0.09186220169067383,203,3.725290298461914e-09,3240,1.0,20.0,20.0,20.0,0.9523809523809523,0.9523809523809523,0.9523809523809523,3240,1.0,20.0,20.0,20.0,0.9523809523809523,0.9523809523809523,0.9523809523809523,4824,1.0,19.999999115898813,20.0,20.000001072883382,0.9523809503761878,0.9523809523809523,0.9523809548137944
299,4.983333333333333,True,valid,0.0052319817519913105,0.00517721375517702,0.014767043051098053,3.021752511191644,3.0218509193387897,0.00017524964073327721,3.0377530815910267,0.07194093507938346,0.21539682417472916,0.0002554111195117404,1585.0,14.177871739895235,4.8364077069740224e-06,0,15986,0.0868614912033081,203,7.450580596923828e-09,3240,1.0,20.0,20.0,20.0,0.9523809523809523,0.9523809523809523,0.9523809523809523,3240,1.0,20.0,20.0,20.0,0.9523809523809523,0.9523809523809523,0.9523809523809523,4824,1.0,19.999999115898813,20.0,20.000001072883382,0.9523809503761878,0.9523809523809523,0.9523809548137944
300,5.0,True,valid,0.005314597787011816,0.005526045775093632,0.01502450475901659,3.225414374993422,3.2255208479513064,0.00018880959384185502,3.238473223103108,0.07769646622252924,0.1942746759885409,0.00027111975601783997,1585.0,15.161522873308302,5.12676549221895e-06,0,16015,0.0816183090209961,204,7.450580596923828e-09,3240,1.0,20.0,20.0,20.0,0.9523809523809523,0.9523809523809523,0.9523809523809523,3240,1.0,20.0,20.0,20.0,0.9523809523809523,0.9523809523809523,0.9523809523809523,4824,1.0,19.999999115898813,20.0,20.000001072883382,0.9523809503761878,0.9523809523809523,0.9523809548137944
301,5.016666666666667,True,valid,0.005400148505801799,0.005835744007317445,0.015323790041088694,3.408403620046746,3.4085181133792224,0.00019437808291938033,3.422292595250375,0.08289788991517465,0.2225671360425406,0.00028507696468636404,1585.0,16.031190332049572,5.382226432776134e-06,0,16029,0.07616137713193893,204,7.450580596923828e-09,3240,1.0,20.0,20.0,20.0,0.9523809523809523,0.9523809523809523,0.9523809523809523,3240,1.0,20.0,20.0,20.0,0.9523809523809523,0.9523809523809523,0.9523809523809523,4824,1.0,19.999999115898813,20.0,20.000001072883382,0.9523809503761878,0.9523809523809523,0.9523809548137944
302,5.033333333333333,True,valid,0.005476374330035303,0.0061042115369301505,0.0156018254790719,3.566435190576586,3.5665567633492747,0.000206098180444883,3.5784199710889033,0.08733917321043182,0.1563900784562254,0.0002971720444358939,1585.0,16.782589344417755,5.60381613182229e-06,0,16045,0.07048998028039932,204,7.450580596923828e-09,3240,1.0,20.0,20.0,20.0,0.9523809523809523,0.9523809523809523,0.9523809523809523,3240,1.0,20.0,20.0,20.0,0.9523809523809523,0.9523809523809523,0.9523809523809523,4824,1.0,19.999999115898813,20.0,20.000001072883382,0.9523809503761878,0.9523809523809523,0.9523809548137944
303,5.05,True,valid,0.0055449627885486566,0.00635020027035957,0.015829759393339096,3.70072956834908,3.7008566807541694,0.0002165966834700853,3.7198933309641715,0.09114494860842315,0.281934067866897,0.00030781677110642083,1585.0,17.42563447249296,5.797295065500364e-06,0,16061,0.06463425606489182,205,5.587935447692871e-09,3240,1.0,20.0,20.0,20.0,0.9523809523809523,0.9523809523809523,0.9523809523809523,3240,1.0,20.0,20.0,20.0,0.9523809523809523,0.9523809523809523,0.9523809523809523,4824,1.0,19.999999115898813,20.0,20.000001072883382,0.9523809503761878,0.9523809523809523,0.9523809548137944
304,5.066666666666666,True,valid,0.005601255961365527,0.006573811329459312,0.015995460174129547,3.813381332520256,3.813512988664635,0.00022197015174687935,3.8304207489473474,0.09407476478740671,0.2499456396115662,0.00031653939373009173,1585.0,17.92371544902386,5.95919957343865e-06,0,16062,0.0585787333548069,204,3.725290298461914e-09,3240,1.0,20.0,20.0,20.0,0.9523809523809523,0.9523809523809523,0.9523809523809523,3240,1.0,20.0,20.0,20.0,0.9523809523809523,0.9523809523809523,0.9523809523809523,4824,1.0,19.999999115898813,20.0,20.000001072883382,0.9523809503761878,0.9523809523809523,0.9523809548137944
305,5.083333333333333,True,valid,0.005639208446015935,0.006772535069662581,0.016066566606557694,3.896704912580318,3.8968404746288443,0.0002267793064720876,3.9076024776691796,0.0964384611359007,0.14172681617002192,0.0003231031829470677,1585.0,18.27743195963574,6.081091316127379e-06,0,16065,0.05439386144280434,203,2.7939677238464355e-09,3240,1.0,20.0,20.0,20.0,0.9523809523809523,0.9523809523809523,0.9523809523809523,3240,1.0,20.0,20.0,20.0,0.9523809523809523,0.9523809523809523,0.9523809523809523,4824,1.0,19.999999115898813,20.0,20.000001072883382,0.9523809503761878,0.9523809523809523,0.9523809548137944
306,5.1,True,valid,0.005653817422482755,0.006955530841453628,0.016073271351692193,3.9523687742471516,3.9525077763166987,0.00028732601174912703,3.966413925667519,0.09793102127574055,0.24983958505055298,0.0003277101715090223,1585.0,18.477184142507888,6.1635160723218075e-06,0,16068,0.06073813885450363,203,1.862645149230957e-09,3240,1.0,20.0,20.0,20.0,0.9523809523809523,0.9523809523809523,0.9523809523809523,3240,1.0,20.0,20.0,20.0,0.9523809523809523,0.9523809523809523,0.9523809523809523,4824,1.0,19.999999115898813,20.0,20.000001072883382,0.9523809503761878,0.9523809523809523,0.9523809548137944
307,5.116666666666666,True,valid,0.005661446258001027,0.007130726072737527,0.016037095573175862,3.97703119517541,3.977170331509902,0.00023267286573897144,3.9943942225781828,0.09922872401847609,0.27549300802016863,0.0003298639298486727,1585.0,18.48560284894171,6.201137569681001e-06,0,16092,0.06715378910303116,204,1.0477378964424133e-09,3240,1.0,20.0,20.0,20.0,0.9523809523809523,0.9523809523809523,0.9523809523809523,3240,1.0,20.0,20.0,20.0,0.9523809523809523,0.9523809523809523,0.9523809523809523,4824,1.0,19.999999115898813,20.0,20.000001072883382,0.9523809503761878,0.9523809523809523,0.9523809548137944
308,5.133333333333334,True,valid,0.0056899253064731465,0.007323780735745138,0.01600553868042989,3.9775722859258966,3.977711362694372,0.0002313559181007405,3.9873953298376734,0.09882023892121877,0.13334472112938628,0.00032987443040379205,1585.0,18.343355230673257,6.202453674989584e-06,0,16103,0.07390136271715164,202,3.725290298461914e-09,3240,1.0,20.0,20.0,20.0,0.9523809523809523,0.9523809523809523,0.9523809523809523,3240,1.0,20.0,20.0,20.0,0.9523809523809523,0.9523809523809523,0.9523809523809523,4824,1.0,19.999999115898813,20.0,20.000001072883382,0.9523809503761878,0.9523809523809523,0.9523809548137944
309,5.15,True,valid,0.005755370496660098,0.007540574775133164,0.015964290937260792,3.954111924283231,3.9542500694988094,0.00023030668524516083,3.9672447471043526,0.09795328759565915,0.2067731496233429,0.00032866761126774957,1585.0,18.050046747029214,6.179639895647909e-06,0,16151,0.0806642472743988,202,2.7939677238464355e-09,3240,1.0,20.0,20.0,20.0,0.9523809523809523,0.9523809523809523,0.9523809523809523,3240,1.0,20.0,20.0,20.0,0.9523809523809523,0.9523809523809523,0.9523809523809523,4824,1.0,19.999999115898813,20.0,20.000001072883382,0.9523809503761878,0.9523809523809523,0.9523809548137944
310,5.166666666666667,True,valid,0.005833495317341854,0.007752577131033867,0.015907205981706113,3.900513040533036,3.900648491866927,0.00022712872358923754,3.9117298571551706,0.09646143725498542,0.1527754516579255,0.00032483150089854354,1585.0,17.581524308095737,6.11176406099091e-06,0,16179,0.08733285218477249,203,5.587935447692871e-09,3240,1.0,20.0,20.0,20.0,0.9523809523809523,0.9523809523809523,0.9523809523809523,3240,1.0,20.0,20.0,20.0,0.9523809523809523,0.9523809523809523,0.9523809523809523,4824,1.0,19.999999115898813,20.0,20.000001072883382,0.9523809503761878,0.9523809523809523,0.9523809548137944
311,5.183333333333334,True,valid,0.0059085848876098395,0.007936499307021165,0.015853074016235744,3.818987494690509,3.8191194675916287,0.00022117075384963132,3.8290949531652316,0.09411919431280322,0.1388399708292054,0.000318543819771227,1585.0,16.931066006267447,5.997723663515437e-06,0,16207,0.09383735805749893,203,1.862645149230957e-09,3240,1.0,20.0,20.0,20.0,0.9523809523809523,0.9523809523809523,0.9523809523809523,3240,1.0,20.0,20.0,20.0,0.9523809523809523,0.9523809523809523,0.9523809523809523,4824,1.0,19.999999115898813,20.0,20.000001072883382,0.9523809503761878,0.9523809523809523,0.9523809548137944
312,5.2,True,valid,0.005985918782396178,0.00809045552418061,0.015760898763317127,3.710713684479855,3.710840605332208,0.0002158977349156833,3.723458729067609,0.0911308853432373,0.18196454653867813,0.0003107225613686513,1585.0,16.180386426532596,5.853458575496974e-06,0,16211,0.09992699325084686,202,7.450580596923828e-09,3240,1.0,20.0,20.0,20.0,0.9523809523809523,0.9523809523809523,0.9523809523809523,3240,1.0,20.0,20.0,20.0,0.9523809523809523,0.9523809523809523,0.9523809523809523,4824,1.0,19.999999115898813,20.0,20.000001072883382,0.9523809503761878,0.9523809523809523,0.9523809548137944
313,5.216666666666667,True,valid,0.006052809443112357,0.008185628632283294,0.01565152535935621,3.578680309134737,3.5788013123547864,0.00020563200679865292,3.592187650818899,0.08738028228307637,0.21251151031433943,0.00030074871301375973,1585.0,15.281849230950447,5.670599456941487e-06,0,16228,0.10588070005178452,202,3.725290298461914e-09,3240,1.0,20.0,20.0,20.0,0.9523809523809523,0.9523809523809523,0.9523809523809523,3240,1.0,20.0,20.0,20.0,0.9523809523809523,0.9523809523809523,0.9523809523809523,4824,1.0,19.999999115898813,20.0,20.000001072883382,0.9523809503761878,0.9523809523809523,0.9523809548137944
314,5.233333333333333,True,valid,0.006098462460148281,0.008202598740204849,0.015487899611305133,3.422499606930302,3.4226136871502737,0.00019600710091041432,3.4332554611144217,0.08279373703240647,0.14012260623453904,0.00028883857666890596,1585.0,14.299985825494044,5.45599014898797e-06,0,16232,0.11161306500434875,202,7.450580596923828e-09,3240,1.0,20.0,20.0,20.0,0.9523809523809523,0.9523809523809523,0.9523809523809523,3240,1.0,20.0,20.0,20.0,0.9523809523809523,0.9523809523809523,0.9523809523809523,4824,1.0,19.999999115898813,20.0,20.000001072883382,0.9523809503761878,0.9523809523809523,0.9523809548137944
315,5.25,True,valid,0.006107177014946193,0.008111078165262412,0.015293687004944717,3.2432493273907474,3.2433551298967096,0.00019023705698438078,3.25444770780517,0.07765433531322492,0.14535699204918517,0.0002754912798762334,1585.0,13.417661511911486,5.2104434011801075e-06,0,16229,0.11680947989225388,200,7.450580596923828e-09,3240,1.0,20.0,20.0,20.0,0.9523809523809523,0.9523809523809523,0.9523809523809523,3240,1.0,20.0,20.0,20.0,0.9523809523809523,0.9523809523809523,0.9523809523809523,4824,1.0,19.999999115898813,20.0,20.000001072883382,0.9523809503761878,0.9523809523809523,0.9523809548137944
316,5.266666666666667,True,valid,0.006071828091772045,0.007900028424533214,0.01510421365877222,3.038968594944518,3.039064395154706,0.0002567984072712709,3.052792925111054,0.07192531891907716,0.1655738040394689,0.0002598835765308535,1585.0,12.430620394011164,4.926150093185741e-06,0,16189,0.12146276980638504,200,7.450580596923828e-09,3240,1.0,20.0,20.0,20.0,0.9523809523809523,0.9523809523809523,0.9523809523809523,3240,1.0,20.0,20.0,20.0,0.9523809523809523,0.9523809523809523,0.9523809523809523,4824,1.0,19.999999115898813,20.0,20.000001072883382,0.9523809503761878,0.9523809523809523,0.9523809548137944
317,5.283333333333333,True,valid,0.006015409092302113,0.0075915450099445295,0.014943182915762524,2.821035804144773,2.8211190801214925,0.00035391223388182434,2.8370936296594818,0.06568587648539975,0.17180363508047267,0.00024320875525950518,1585.0,11.352782331057885,4.62464955328694e-06,0,16151,0.12556672096252441,200,7.450580596923828e-09,3240,1.0,20.0,20.0,20.0,0.9523809523809523,0.9523809523809523,0.9523809523809523,3240,1.0,20.0,20.0,20.0,0.9523809523809523,0.9523809523809523,0.9523809523809523,4824,1.0,19.999999115898813,20.0,20.000001072883382,0.9523809503761878,0.9523809523809523,0.9523809548137944
318,5.3,True,valid,0.005950136245713014,0.0072062600807461874,0.014826551935761637,2.593420188170445,2.593483713169618,0.0005358142361915739,2.6151460891350444,0.05892387202205587,0.20667662110751725,0.00022603017166140786,1585.0,10.190118169820018,4.322546352615865e-06,0,16066,0.1291232705116272,200,3.725290298461914e-09,3240,1.0,20.0,20.0,20.0,0.9523809523809523,0.9523809523809523,0.9523809523809523,3240,1.0,20.0,20.0,20.0,0.9523809523809523,0.9523809523809523,0.9523809523809523,4824,1.0,19.999999115898813,20.0,20.000001072883382,0.9523809503761878,0.9523809523809523,0.9523809548137944
319,5.316666666666666,True,valid,0.005872183577264211,0.006761357525630257,0.014781461044298077,2.356056563727438,2.356121690515496,0.00014048197376961903,2.370578869772581,0.051756971524139286,0.15327171343152238,0.00020824496606664655,1585.0,8.947676788031597,3.994666655848608e-06,0,15971,0.1323525309562683,201,3.725290298461914e-09,3240,1.0,20.0,20.0,20.0,0.9523809523809523,0.9523809523809523,0.9523809523809523,3240,1.0,20.0,20.0,20.0,0.9523809523809523,0.9523809523809523,0.9523809523809523,4824,1.0,19.999999115898813,20.0,20.000001072883382,0.9523809503761878,0.9523809523809523,0.9523809548137944
320,5.333333333333333,True,valid,0.005778967577192987,0.006282064636953248,0.014634045134732244,2.1179593765582574,2.1180132931274405,0.00011143610735983071,2.1304168944591937,0.04381108818935936,0.12973421322765322,0.00019131318526322626,1585.0,7.635905737096574,3.692187290786293e-06,0,15877,0.13544465601444244,200,7.450580596923828e-09,3240,1.0,20.0,20.0,20.0,0.9523809523809523,0.9523809523809523,0.9523809523809523,3240,1.0,20.0,20.0,20.0,0.9523809523809523,0.9523809523809523,0.9523809523809523,4824,1.0,19.999999115898813,20.0,20.000001072883382,0.9523809503761878,0.9523809523809523,0.9523809548137944
321,5.35,True,valid,0.00564929159987603,0.005783856342927209,0.014377425550270091,1.877548057018479,1.8775900181843694,9.5866822400264e-05,1.8926644551543075,0.03578104269944259,0.14945138742881522,0.00017401619410997403,1585.0,6.424642948703534,3.381686556936413e-06,0,15840,0.13803625106811523,203,7.450580596923828e-09,3240,1.0,20.0,20.0,20.0,0.9523809523809523,0.9523809523809523,0.9523809523809523,3240,1.0,20.0,20.0,20.0,0.9523809523809523,0.9523809523809523,0.9523809523809523,4824,1.0,19.999999115898813,20.0,20.000001072883382,0.9523809503761878,0.9523809523809523,0.9523809548137944
322,5.366666666666666,True,valid,0.005503046985493525,0.005313179620784738,0.014034273902687775,1.648725234548376,1.648754652923348,9.94484863017566e-05,1.6637279609717108,0.027467565655302513,0.13331423451087876,0.00015798893385916417,1585.0,5.242640262135755,3.0921705848553087e-06,0,15783,0.14016252756118774,204,7.450580596923828e-09,3240,1.0,20.0,20.0,20.0,0.9523809523809523,0.9523809523809523,0.9523809523809523,3240,1.0,20.0,20.0,20.0,0.9523809523809523,0.9523809523809523,0.9523809523809523,4824,1.0,19.999999115898813,20.0,20.000001072883382,0.9523809503761878,0.9523809523809523,0.9523809548137944
323,5.383333333333334,True,valid,0.005383094821158769,0.004922671768609519,0.013663892403168183,1.4558691724364026,1.4558882205368717,6.304491401175772e-05,1.4710656715565011,0.019044460808782655,0.12433902187346557,0.00014511347515599042,1585.0,4.0398453032664055,2.862731032510933e-06,0,15719,0.14193065464496613,202,7.450580596923828e-09,3240,1.0,20.0,20.0,20.0,0.9523809523809523,0.9523809523809523,0.9523809523809523,3240,1.0,20.0,20.0,20.0,0.9523809523809523,0.9523809523809523,0.9523809523809523,4824,1.0,19.999999115898813,20.0,20.000001072883382,0.9523809503761878,0.9523809523809523,0.9523809548137944
324,5.4,True,valid,0.005300855439040176,0.004612599997820542,0.013393226833169087,1.3199506413456947,1.3199610145180296,5.186948946423964e-05,1.336153105908192,0.010463122205175607,0.11632850954088456,0.00013648699297632961,1585.0,2.875065451377726,2.7075054497079058e-06,0,15614,0.14339008927345276,201,7.450580596923828e-09,3240,1.0,20.0,20.0,20.0,0.9523809523809523,0.9523809523809523,0.9523809523809523,3240,1.0,20.0,20.0,20.0,0.9523809523809523,0.9523809523809523,0.9523809523809523,4824,1.0,19.999999115898813,20.0,20.000001072883382,0.9523809503761878,0.9523809523809523,0.9523809548137944
325,5.416666666666667,True,valid,0.005261360304407592,0.004375247519980486,0.013333397604281656,1.262301979668389,1.2623083138848727,5.008040851872822e-05,1.2768930076944038,0.0030860596673039017,0.1046571789595287,0.00013239162662318646,1585.0,2.795458768223885,2.635901695120637e-06,0,15504,0.144531711935997,201,7.450580596923828e-09,3240,1.0,20.0,20.0,20.0,0.9523809523809523,0.9523809523809523,0.9523809523809523,3240,1.0,20.0,20.0,20.0,0.9523809523809523,0.9523809523809523,0.9523809523809523,4824,1.0,19.999999115898813,20.0,20.000001072883382,0.9523809503761878,0.9523809523809523,0.9523809548137944
326,5.433333333333334,True,valid,0.005277789345409462,0.004205351251825434,0.013496702749408838,1.2929594425426743,1.2929678839659509,5.90121074416809e-05,1.3131791943486477,0.008199769940009191,0.14589927169000505,0.00013351858846729906,1585.0,2.980157363705605,2.6597451508458486e-06,0,15628,0.1441827416419983,202,7.450580596923828e-09,3240,1.0,20.0,20.0,20.0,0.9523809523809523,0.9523809523809523,0.9523809523809523,3240,1.0,20.0,20.0,20.0,0.9523809523809523,0.9523809523809523,0.9523809523809523,4824,1.0,19.999999115898813,20.0,20.000001072883382,0.9523809503761878,0.9523809523809523,0.9523809548137944
327,5.45,True,valid,0.005343050311940817,0.004108853858732911,0.013810627982828713,1.4165319088373214,1.4165479466316755,5.8742815140284056e-05,1.4317316572391938,0.01650463198452061,0.12444349498236058,0.00014059254856164003,1585.0,4.2490865852250925,2.790586306641033e-06,0,15717,0.14312560856342316,202,7.450580596923828e-09,3240,1.0,20.0,20.0,20.0,0.9523809523809523,0.9523809523809523,0.9523809523809523,3240,1.0,20.0,20.0,20.0,0.9523809523809523,0.9523809523809523,0.9523809523809523,4824,1.0,19.999999115898813,20.0,20.000001072883382,0.9523809503761878,0.9523809523809523,0.9523809548137944
328,5.466666666666667,True,valid,0.005415503298813899,0.00406966318372499,0.014149855389241234,1.5964046269700771,1.5964310205517187,7.138344671791711e-05,1.609339198500166,0.024946726753216276,0.10897995504426437,0.00015201847358167476,1585.0,5.579569590445548,2.9979061843803374e-06,0,15793,0.14151489734649658,202,7.450580596923828e-09,3240,1.0,20.0,20.0,20.0,0.9523809523809523,0.9523809523809523,0.9523809523809523,3240,1.0,20.0,20.0,20.0,0.9523809523809523,0.9523809523809523,0.9523809523809523,4824,1.0,19.999999115898813,20.0,20.000001072883382,0.9523809503761878,0.9523809523809523,0.9523809548137944
329,5.483333333333333,True,valid,0.005456836277082279,0.0040598358685147076,0.014446552778898034,1.806256361180711,1.806294565318638,8.726560986735239e-05,1.8178400410622377,0.03335156193387842,0.10736285965687319,0.0001656067978454705,1585.0,6.878041035865001,3.2412924750337243e-06,0,15856,0.13930031657218933,202,7.450580596923828e-09,3240,1.0,20.0,20.0,20.0,0.9523809523809523,0.9523809523809523,0.9523809523809523,3240,1.0,20.0,20.0,20.0,0.9523809523809523,0.9523809523809523,0.9523809523809523,4824,1.0,19.999999115898813,20.0,20.000001072883382,0.9523809503761878,0.9523809523809523,0.9523809548137944
330,5.5,True,valid,0.005465001145891873,0.004090337082046821,0.01463766404859378,2.0360240690808737,2.036074573384308,0.00010393796064557592,2.0467767321469585,0.041463394549239294,0.10682900521648744,0.00018175007207918117,1585.0,8.187198424234,3.5275052403967173e-06,0,15918,0.13658159971237183,202,7.450580596923828e-09,3240,1.0,20.0,20.0,20.0,0.9523809523809523,0.9523809523809523,0.9523809523809523,3240,1.0,20.0,20.0,20.0,0.9523809523809523,0.9523809523809523,0.9523809523809523,4824,1.0,19.999999115898813,20.0,20.000001072883382,0.9523809503761878,0.9523809523809523,0.9523809548137944
331,5.516666666666667,True,valid,0.005437189397526174,0.004164595603186209,0.014698070730026498,2.269262093359088,2.2693246440042096,0.00012025930616616367,2.279343168295762,0.04922935865257463,0.10614293033218404,0.00019875668425802244,1585.0,9.410075372976197,3.82771870000294e-06,0,15961,0.133168563246727,202,3.725290298461914e-09,3240,1.0,20.0,20.0,20.0,0.9523809523809523,0.9523809523809523,0.9523809523809523,3240,1.0,20.0,20.0,20.0,0.9523809523809523,0.9523809523809523,0.9523809523809523,4824,1.0,19.999999115898813,20.0,20.000001072883382,0.9523809503761878,0.9523809523809523,0.9523809548137944
332,5.533333333333333,True,valid,0.005387111605723359,0.004285387552749727,0.014711578615069502,2.5015007906830338,2.501575024326277,0.0001363515722076822,2.5106932105103485,0.05664360640769382,0.10317815160620337,0.00021584657693259226,1585.0,10.650647335582052,4.132565695055112e-06,0,15982,0.129150390625,202,3.725290298461914e-09,3240,1.0,20.0,20.0,20.0,0.9523809523809523,0.9523809523809523,0.9523809523809523,3240,1.0,20.0,20.0,20.0,0.9523809523809523,0.9523809523809523,0.9523809523809523,4824,1.0,19.999999115898813,20.0,20.000001072883382,0.9523809503761878,0.9523809523809523,0.9523809548137944
333,5.55,True,valid,0.0053387351959179995,0.004494441921616954,0.014745876077946697,2.7302286929278248,2.7303137451316495,0.00015191586346777468,2.739085524469396,0.06363210817571945,0.10237024191973265,0.00023319100602348,1585.0,11.807700429647568,4.442961328759771e-06,0,16001,0.12457013875246048,202,3.725290298461914e-09,3240,1.0,20.0,20.0,20.0,0.9523809523809523,0.9523809523809523,0.9523809523809523,3240,1.0,20.0,20.0,20.0,0.9523809523809523,0.9523809523809523,0.9523809523809523,4824,1.0,19.999999115898813,20.0,20.000001072883382,0.9523809503761878,0.9523809523809523,0.9523809548137944
334,5.566666666666666,True,valid,0.005312745897885773,0.0048006360956114,0.014849900576341129,2.9490209565158567,2.9491159557933644,0.00016597622936987026,2.958592128596525,0.0700714682933561,0.11563473443545096,0.00025021747771894725,1585.0,12.8996091770289,4.749590407153289e-06,0,16004,0.11955711990594864,202,7.450580596923828e-09,3240,1.0,20.0,20.0,20.0,0.9523809523809523,0.9523809523809523,0.9523809523809523,3240,1.0,20.0,20.0,20.0,0.9523809523809523,0.9523809523809523,0.9523809523809523,4824,1.0,19.999999115898813,20.0,20.000001072883382,0.9523809503761878,0.9523809523809523,0.9523809548137944
335,5.583333333333333,True,valid,0.005323030806032007,0.005181373522651914,0.015058688790929874,3.1549950016559043,3.155098762326192,0.0001804338959796104,3.163614034995852,0.07600626547345159,0.10142643355594412,0.00026613285044751366,1585.0,13.954930221365501,5.03802893960462e-06,0,16005,0.11398156732320786,202,3.725290298461914e-09,3240,1.0,20.0,20.0,20.0,0.9523809523809523,0.9523809523809523,0.9523809523809523,3240,1.0,20.0,20.0,20.0,0.9523809523809523,0.9523809523809523,0.9523809523809523,4824,1.0,19.999999115898813,20.0,20.000001072883382,0.9523809503761878,0.9523809523809523,0.9523809548137944
336,5.6,True,valid,0.005377688169950022,0.005607648772414384,0.015338090337134716,3.3420451312647614,3.3421580633757704,0.00024912184903928955,3.354559193673417,0.08139077579032918,0.20173638360004778,0.00028073575457655906,1585.0,14.926160244949543,5.306610665997301e-06,0,16035,0.1079513356089592,201,7.450580596923828e-09,3240,1.0,20.0,20.0,20.0,0.9523809523809523,0.9523809523809523,0.9523809523809523,3240,1.0,20.0,20.0,20.0,0.9523809523809523,0.9523809523809523,0.9523809523809523,4824,1.0,19.999999115898813,20.0,20.000001072883382,0.9523809503761878,0.9523809523809523,0.9523809548137944
337,5.616666666666666,True,valid,0.0054609002024653,0.006055364050228087,0.01562954306888786,3.5124600362973344,3.5125788374176987,0.00020209555810712148,3.520534152978846,0.08594578313807516,0.09831860976111977,0.00029379033708153526,1585.0,15.773320502695643,5.548831130928751e-06,0,16041,0.10175783187150955,201,7.450580596923828e-09,3240,1.0,20.0,20.0,20.0,0.9523809523809523,0.9523809523809523,0.9523809523809523,3240,1.0,20.0,20.0,20.0,0.9523809523809523,0.9523809523809523,0.9523809523809523,4824,1.0,19.999999115898813,20.0,20.000001072883382,0.9523809503761878,0.9523809523809523,0.9523809548137944
338,5.633333333333334,True,valid,0.005552417508138365,0.006504426437267074,0.015853640969636235,3.6579027002118703,3.6580276294266474,0.00021097669851449194,3.6666144148591617,0.08998525920792838,0.10496595348250924,0.0003055726220967879,1585.0,16.48939334262455,5.764716834775401e-06,0,16048,0.09536907821893692,202,5.587935447692871e-09,3240,1.0,20.0,20.0,20.0,0.9523809523809523,0.9523809523809523,0.9523809523809523,3240,1.0,20.0,20.0,20.0,0.9523809523809523,0.9523809523809523,0.9523809523809523,4824,1.0,19.999999115898813,20.0,20.000001072883382,0.9523809503761878,0.9523809523809523,0.9523809548137944
339,5.65,True,valid,0.005625696986132348,0.006905877800092356,0.0159719624174455,3.778689648751483,3.77881972630384,0.0002190002733127567,3.7874490762006734,0.09327916764404202,0.10559956034943092,0.00031526338564445694,1585.0,17.08535858003465,5.940073003985017e-06,0,16054,0.08884795755147934,201,1.862645149230957e-09,3240,1.0,20.0,20.0,20.0,0.9523809523809523,0.9523809523809523,0.9523809523809523,3240,1.0,20.0,20.0,20.0,0.9523809523809523,0.9523809523809523,0.9523809523809523,4824,1.0,19.999999115898813,20.0,20.000001072883382,0.9523809503761878,0.9523809523809523,0.9523809548137944
340,5.666666666666667,True,valid,0.005674885473839371,0.007212414886290784,0.01596970069707736,3.8675743675971272,3.8677081134311666,0.00022454266800007056,3.875746446507464,0.09581875407734332,0.09992969703341772,0.000322399327920122,1585.0,17.561357541419635,6.070298017447261e-06,0,16087,0.08214887976646423,201,2.7939677238464355e-09,3240,1.0,20.0,20.0,20.0,0.9523809523809523,0.9523809523809523,0.9523809523809523,3240,1.0,20.0,20.0,20.0,0.9523809523809523,0.9523809523809523,0.9523809523809523,4824,1.0,19.999999115898813,20.0,20.000001072883382,0.9523809503761878,0.9523809523809523,0.9523809548137944
341,5.683333333333334,True,valid,0.00570098709286368,0.007439378816918259,0.015924601326009306,3.9286593409730237,3.9287957329117775,0.00022862412833865258,3.9366260624626546,0.09763411400131695,0.09700746551063842,0.00032714876967965734,1585.0,17.84106453461972,6.158110290309925e-06,0,16138,0.07559812813997269,202,3.725290298461914e-09,3240,1.0,20.0,20.0,20.0,0.9523809523809523,0.9523809523809523,0.9523809523809523,3240,1.0,20.0,20.0,20.0,0.9523809523809523,0.9523809523809523,0.9523809523809523,4824,1.0,19.999999115898813,20.0,20.000001072883382,0.9523809503761878,0.9523809523809523,0.9523809548137944
342,5.7,True,valid,0.00572426550125352,0.007608992401829051,0.015835170312648056,3.966548166199711,3.9666809488745733,0.00039398472206729284,3.9761174596427433,0.09895081978077236,0.1365205578442801,0.0003305415612584307,1585.0,17.97721395308718,6.2200269329807824e-06,0,16170,0.06896878778934479,203,2.561137080192566e-09,3240,1.0,20.0,20.0,20.0,0.9523809523809523,0.9523809523809523,0.9523809523809523,3240,1.0,20.0,20.0,20.0,0.9523809523809523,0.9523809523809523,0.9523809523809523,4824,1.0,19.999999115898813,20.0,20.000001072883382,0.9523809503761878,0.9523809523809523,0.9523809548137944
343,5.716666666666667,True,valid,0.005740895928670349,0.007697945438172401,0.015786636273690726,3.971075951778096,3.9712143430193287,0.0002316835385654998,3.979145148614716,0.09888844124375534,0.10332731955665658,0.00033117344244093185,1585.0,18.00018972685518,6.227402826983618e-06,0,16190,0.062688909471035,203,2.7939677238464355e-09,3240,1.0,20.0,20.0,20.0,0.9523809523809523,0.9523809523809523,0.9523809523809523,3240,1.0,20.0,20.0,20.0,0.9523809523809523,0.9523809523809523,0.9523809523809523,4824,1.0,19.999999115898813,20.0,20.000001072883382,0.9523809503761878,0.9523809523809523,0.9523809548137944
344,5.733333333333333,True,valid,0.005762720871567919,0.0077237209696656185,0.015831283883405198,3.9507230288490005,3.950860957780215,0.00023074014115454745,3.958848031433685,0.09835089621631553,0.10379553976146383,0.0003295498247085871,1585.0,17.91276307004201,6.198693177900718e-06,0,16198,0.05653824284672737,203,1.862645149230957e-09,3240,1.0,20.0,20.0,20.0,0.9523809523809523,0.9523809523809523,0.9523809523809523,3240,1.0,20.0,20.0,20.0,0.9523809523809523,0.9523809523809523,0.9523809523809523,4824,1.0,19.999999115898813,20.0,20.000001072883382,0.9523809503761878,0.9523809523809523,0.9523809548137944
345,5.75,True,valid,0.0058042252258195814,0.007717547093319679,0.01589219344446555,3.903604922093504,3.9037406123653597,0.00022757977538517246,3.9117685654300156,0.0970272265508422,0.10491376642763496,0.0003259695008619203,1585.0,17.619774114289218,6.134642714238589e-06,0,16202,0.06088405102491379,203,3.725290298461914e-09,3240,1.0,20.0,20.0,20.0,0.9523809523809523,0.9523809523809523,0.9523809523809523,3240,1.0,20.0,20.0,20.0,0.9523809523809523,0.9523809523809523,0.9523809523809523,4824,1.0,19.999999115898813,20.0,20.000001072883382,0.9523809503761878,0.9523809523809523,0.9523809548137944
346,5.766666666666667,True,valid,0.005841507024404675,0.0077018613868392065,0.01594396908624097,3.8309003712135175,3.8310330285779304,0.00022297033911998816,3.838969351102416,0.09491741619112053,0.09852602858783417,0.00032050759780688466,1585.0,17.184050959711406,6.0362389039293985e-06,0,16198,0.06696568429470062,203,3.725290298461914e-09,3240,1.0,20.0,20.0,20.0,0.9523809523809523,0.9523809523809523,0.9523809523809523,3240,1.0,20.0,20.0,20.0,0.9523809523809523,0.9523809523809523,0.9523809523809523,4824,1.0,19.999999115898813,20.0,20.000001072883382,0.9523809503761878,0.9523809523809523,0.9523809548137944
347,5.783333333333333,True,valid,0.005860950320671714,0.007673394449962417,0.01592236812600451,3.731281180188943,3.7314096720649887,0.00021876341512329508,3.739631520238012,0.09208066212147022,0.1038339490532107,0.00031294836862425234,1585.0,16.64293014482698,5.898602137024257e-06,0,16199,0.0729239359498024,203,5.587935447692871e-09,3240,1.0,20.0,20.0,20.0,0.9523809523809523,0.9523809523809523,0.9523809523809523,3240,1.0,20.0,20.0,20.0,0.9523809523809523,0.9523809523809523,0.9523809523809523,4824,1.0,19.999999115898813,20.0,20.000001072883382,0.9523809503761878,0.9523809523809523,0.9523809548137944
348,5.8,True,valid,0.005864061108040125,0.007618584668967943,0.015801534353753196,3.600944164196714,3.6010670986898172,0.0002197019227656933,3.61112346247319,0.08850036937724141,0.15370789327969797,0.00030288918054148625,1585.0,15.945464429723298,5.713918599863403e-06,0,16192,0.07871730625629425,203,7.450580596923828e-09,3240,1.0,20.0,20.0,20.0,0.9523809523809523,0.9523809523809523,0.9523809523809523,3240,1.0,20.0,20.0,20.0,0.9523809523809523,0.9523809523809523,0.9523809523809523,4824,1.0,19.999999115898813,20.0,20.000001072883382,0.9523809503761878,0.9523809523809523,0.9523809548137944
349,5.816666666666666,True,valid,0.005860629774724559,0.0075711236200948105,0.01558710592906571,3.449247375231467,3.4493634614060187,0.00019901292815464286,3.457309932507173,0.08421567902248848,0.1049955616884924,0.0002914322034466931,1585.0,15.119616631218928,5.504397920992645e-06,0,16161,0.08429170399904251,203,3.725290298461914e-09,3240,1.0,20.0,20.0,20.0,0.9523809523809523,0.9523809523809523,0.9523809523809523,3240,1.0,20.0,20.0,20.0,0.9523809523809523,0.9523809523809523,0.9523809523809523,4824,1.0,19.999999115898813,20.0,20.000001072883382,0.9523809503761878,0.9523809523809523,0.9523809548137944
350,5.833333333333333,True,valid,0.005860633896039642,0.007522517972682569,0.01530042281785183,3.273448522998946,3.2735577309113006,0.0003451191915624858,3.290428677297395,0.07953055990863005,0.2882015730039284,0.00027844151606234914,1585.0,14.168413793219198,5.2639684634379715e-06,0,16145,0.0896051824092865,203,3.725290298461914e-09,3240,1.0,20.0,20.0,20.0,0.9523809523809523,0.9523809523809523,0.9523809523809523,3240,1.0,20.0,20.0,20.0,0.9523809523809523,0.9523809523809523,0.9523809523809523,4824,1.0,19.999999115898813,20.0,20.000001072883382,0.9523809503761878,0.9523809523809523,0.9523809548137944
351,5.85,True,valid,0.005859127816799302,0.0074577552888121425,0.01502353294547508,3.0795583467863743,3.079653558888985,0.00029901765959977145,3.089087351859752,0.0737945653795454,0.13150795470610827,0.00026359783452067583,1585.0,13.09355279620989,4.995201137316884e-06,0,16124,0.09459825605154037,203,3.725290298461914e-09,3240,1.0,20.0,20.0,20.0,0.9523809523809523,0.9523809523809523,0.9523809523809523,3240,1.0,20.0,20.0,20.0,0.9523809523809523,0.9523809523809523,0.9523809523809523,4824,1.0,19.999999115898813,20.0,20.000001072883382,0.9523809503761878,0.9523809523809523,0.9523809548137944
352,5.866666666666666,True,valid,0.005882207363667221,0.007365308834076129,0.014790853936019022,2.869651015899678,2.8697348122900963,0.000309786008344799,2.879225351810619,0.0675768644662153,0.13094214657463418,0.0002478402292591631,1585.0,11.961171618990944,4.708530708421174e-06,0,16075,0.09917871654033661,203,7.450580596923828e-09,3240,1.0,20.0,20.0,20.0,0.9523809523809523,0.9523809523809523,0.9523809523809523,3240,1.0,20.0,20.0,20.0,0.9523809523809523,0.9523809523809523,0.9523809523809523,4824,1.0,19.999999115898813,20.0,20.000001072883382,0.9523809503761878,0.9523809523809523,0.9523809548137944
353,5.883333333333334,True,valid,0.005918256578837404,0.007232206782945242,0.01461814621440383,2.6458237115729233,2.645899161957043,0.0002468615077020212,2.654950607466629,0.06089184807376458,0.12055600291689925,0.0002314007994090268,1585.0,10.769944195717931,4.4079901872239505e-06,0,16041,0.1032659113407135,203,3.725290298461914e-09,3240,1.0,20.0,20.0,20.0,0.9523809523809523,0.9523809523809523,0.9523809523809523,3240,1.0,20.0,20.0,20.0,0.9523809523809523,0.9523809523809523,0.9523809523809523,4824,1.0,19.999999115898813,20.0,20.000001072883382,0.9523809503761878,0.9523809523809523,0.9523809548137944
354,5.9,True,valid,0.005941389508534931,0.007055090512995152,0.01461729535997907,2.4216370506251392,2.4216531688692298,0.0008682758650702354,2.446758153877475,0.053849937199878656,0.2581308313068548,0.00021358872854355913,1585.0,9.55327411158609,4.140784709942896e-06,0,15982,0.10684099793434143,203,3.725290298461914e-09,3240,1.0,20.0,20.0,20.0,0.9523809523809523,0.9523809523809523,0.9523809523809523,3240,1.0,20.0,20.0,20.0,0.9523809523809523,0.9523809523809523,0.9523809523809523,4824,1.0,19.999999115898813,20.0,20.000001072883382,0.9523809503761878,0.9523809523809523,0.9523809548137944
355,5.916666666666667,True,valid,0.00598602062139676,0.006847622913539025,0.014938718111444364,2.237743816135004,2.237544614873128,0.001990395423629907,2.3217439853868354,0.046470277582422496,0.49376306986855917,0.00019549145301561084,1585.0,13.567975976427599,4.05455973260417e-06,0,15892,0.10983090847730637,199,7.450580596923828e-09,3240,1.0,20.0,20.0,20.0,0.9523809523809523,0.9523809523809523,0.9523809523809523,3240,1.0,20.0,20.0,20.0,0.9523809523809523,0.9523809523809523,0.9523809523809523,4824,1.0,19.999999115898813,20.0,20.000001072883382,0.9523809503761878,0.9523809523809523,0.9523809548137944
356,5.933333333333334,True,valid,0.0061018361881261035,0.006582770958792813,0.01533353014793144,1.9651646291058602,1.9652083619659146,0.00010600577505199083,1.9746756834332937,0.03840641343562966,0.11198771442211194,0.00017906151356574342,1585.0,6.896375251689775,3.496038949615611e-06,0,15845,0.11214962601661682,200,7.450580596923828e-09,3240,1.0,20.0,20.0,20.0,0.9523809523809523,0.9523809523809523,0.9523809523809523,3240,1.0,20.0,20.0,20.0,0.9523809523809523,0.9523809523809523,0.9523809523809523,4824,1.0,19.999999115898813,20.0,20.000001072883382,0.9523809503761878,0.9523809523809523,0.9523809548137944
357,5.95,True,valid,0.006160565642797691,0.006245134191100473,0.01519345549327074,1.7682299896173237,1.7682620656530168,8.729040969958548e-05,1.778020147708117,0.02984491745272682,0.10306140736786724,0.00016700198408404405,1585.0,5.533222224818343,3.292297529479436e-06,0,15778,0.11396636068820953,205,7.450580596923828e-09,3240,1.0,20.0,20.0,20.0,0.9523809523809523,0.9523809523809523,0.9523809523809523,3240,1.0,20.0,20.0,20.0,0.9523809523809523,0.9523809523809523,0.9523809523809523,4824,1.0,19.999999115898813,20.0,20.000001072883382,0.9523809503761878,0.9523809523809523,0.9523809548137944
358,5.966666666666667,True,valid,0.005934863991481128,0.005892356109178857,0.014751711734813749,1.5472975030102905,1.5473210526215648,0.0003205354783762168,1.5766613083640162,0.022092363916558555,0.2882714103420859,0.0001513003487181757,1585.0,4.379125370973758,3.0109294877469625e-06,0,15741,0.11519355326890945,205,7.450580596923828e-09,3240,1.0,20.0,20.0,20.0,0.9523809523809523,0.9523809523809523,0.9523809523809523,3240,1.0,20.0,20.0,20.0,0.9523809523809523,0.9523809523809523,0.9523809523809523,4824,1.0,19.999999115898813,20.0,20.000001072883382,0.9523809503761878,0.9523809523809523,0.9523809548137944
359,5.983333333333333,True,valid,0.005621112378242757,0.005405490291033645,0.014107941594427995,1.37494673236497,1.3749554017912973,0.00013644934673844971,1.3897412543579586,0.013152335936195967,0.11858498646746701,0.00013933371187232783,1585.0,3.3006282413893886,2.769019607740685e-06,0,15629,0.11561648547649384,205,7.450580596923828e-09,3240,1.0,20.0,20.0,20.0,0.9523809523809523,0.9523809523809523,0.9523809523809523,3240,1.0,20.0,20.0,20.0,0.9523809523809523,0.9523809523809523,0.9523809523809523,4824,1.0,19.999999115898813,20.0,20.000001072883382,0.9523809503761878,0.9523809523809523,0.9523809548137944
360,6.0,True,valid,0.005387662537026184,0.004800740210186349,0.013438190059977963,1.2600990648428751,1.260105568935058,5.886300290116219e-05,1.2728686506309592,0.005373145172135491,0.10687945403110376,0.00013230266423161683,1585.0,2.7436719299576633,2.6289564208516468e-06,0,15505,0.11535990983247757,206,7.450580596923828e-09,3240,1.0,20.0,20.0,20.0,0.9523809523809523,0.9523809523809523,0.9523809523809523,3240,1.0,20.0,20.0,20.0,0.9523809523809523,0.9523809523809523,0.9523809523809523,4824,1.0,19.999999115898813,20.0,20.000001072883382,0.9523809503761878,0.9523809523809523,0.9523809548137944
