frame,time_s,valid,status,stretch_score,shear_score,bend_score,original_rms_N,alm_rms_N,constitutive_gap_rms_N,elastic_rms_N,damping_rms_N,contact_rms_N,inertia_rms_N,free_vertices,original_max_N,iterate_change_rms_m,self_contact_vt_candidates,self_contact_ee_candidates,body_max_abs_translation_m,soft_contact_count,pin_error_m,tri_stretch_active_rows,tri_stretch_floor_fraction,tri_stretch_rho_over_k_min,tri_stretch_rho_over_k_median,tri_stretch_rho_over_k_max,tri_stretch_effective_over_k_min,tri_stretch_effective_over_k_median,tri_stretch_effective_over_k_max,tri_area_active_rows,tri_area_floor_fraction,tri_area_rho_over_k_min,tri_area_rho_over_k_median,tri_area_rho_over_k_max,tri_area_effective_over_k_min,tri_area_effective_over_k_median,tri_area_effective_over_k_max,bend_active_rows,bend_floor_fraction,bend_rho_over_k_min,bend_rho_over_k_median,bend_rho_over_k_max,bend_effective_over_k_min,bend_effective_over_k_median,bend_effective_over_k_max
0,0.0,True,valid,0.0,0.0,0.0,,,,,,,,,,,0,0,0.1509999930858612,0,0.0,0,,,,,,,,0,,,,,,,,0,,,,,,,
1,0.016666666666666666,True,valid,0.0028753071920069534,0.0015802486807410718,0.003995975668220269,95.80271177277376,95.80356782579308,0.004503125288174002,95.81270039446967,0.11447066167035656,0.0,0.0001368099150420698,1585.0,191.36320681504,2.529519299954585e-06,0,15504,0.14950264990329742,0,0.0,3240,1.0,20.0,20.0,20.0,0.9523809523809523,0.9523809523809523,0.9523809523809523,3240,1.0,20.0,20.0,20.0,0.9523809523809523,0.9523809523809523,0.9523809523809523,4824,1.0,19.999999115898813,20.0,20.000001072883382,0.9523809503761878,0.9523809523809523,0.9523809548137944
2,0.03333333333333333,True,valid,0.004646111387625434,0.0029171798108821407,0.04376174246323765,148.2421929065908,148.24309464223586,0.0054784058788074266,148.2524299285752,0.27356116571539896,0.0,0.00019645783585014626,1585.0,317.7352115553772,3.8158556609107636e-06,0,15504,0.14528286457061768,0,0.0,3240,1.0,20.0,20.0,20.0,0.9523809523809523,0.9523809523809523,0.9523809523809523,3240,1.0,20.0,20.0,20.0,0.9523809523809523,0.9523809523809523,0.9523809523809523,4824,1.0,19.999999115898813,20.0,20.000001072883382,0.9523809503761878,0.9523809523809523,0.9523809548137944
3,0.05,True,valid,0.003500742281254843,0.003357006507558958,0.097941119824026,105.94832761046315,105.94960911162258,0.005698138345155348,105.93779520160403,0.2534396481460119,0.0,0.00011676200880048866,1585.0,357.1982337917827,2.517468601405802e-06,0,15504,0.13834063708782196,0,0.0,3240,1.0,20.0,20.0,20.0,0.9523809523809523,0.9523809523809523,0.9523809523809523,3240,1.0,20.0,20.0,20.0,0.9523809523809523,0.9523809523809523,0.9523809523809523,4824,1.0,19.999999115898813,20.0,20.000001072883382,0.9523809503761878,0.9523809523809523,0.9523809548137944
4,0.06666666666666667,True,valid,0.004878365856210332,0.005184921422327096,0.12616558885543824,115.20353132639681,115.20483219017822,0.00568727191300072,115.21627129261942,0.2713144060868184,0.0,0.0001183444689229074,1585.0,468.89567446756337,2.6951556132668e-06,0,15590,0.12867596745491028,0,0.0,3240,1.0,20.0,20.0,20.0,0.9523809523809523,0.9523809523809523,0.9523809523809523,3240,1.0,20.0,20.0,20.0,0.9523809523809523,0.9523809523809523,0.9523809523809523,4824,1.0,19.999999115898813,20.0,20.000001072883382,0.9523809503761878,0.9523809523809523,0.9523809548137944
5,0.08333333333333333,True,valid,0.007486844751968199,0.007050443050277315,0.14890682608381584,160.6881460597845,160.6894875352464,0.006341860770658114,160.89673620409044,0.3736861061580016,7.280511962134325,0.00017150302923544432,1585.0,582.9563987545262,3.834334931815798e-06,0,15636,0.11628885567188263,9,0.0,3240,1.0,20.0,20.0,20.0,0.9523809523809523,0.9523809523809523,0.9523809523809523,3240,1.0,20.0,20.0,20.0,0.9523809523809523,0.9523809523809523,0.9523809523809523,4824,1.0,19.999999115898813,20.0,20.000001072883382,0.9523809503761878,0.9523809523809523,0.9523809548137944
6,0.1,True,valid,0.008196531442279692,0.007577804167507134,0.1770874730891409,186.22072560217282,186.22192821611273,0.007879124530429514,187.13894995492137,0.5800761455618635,17.633377682872414,0.00019788930834561223,1585.0,723.3908551911895,4.36683542066785e-06,0,15658,0.10117930173873901,83,0.0,3240,1.0,20.0,20.0,20.0,0.9523809523809523,0.9523809523809523,0.9523809523809523,3240,1.0,20.0,20.0,20.0,0.9523809523809523,0.9523809523809523,0.9523809523809523,4824,1.0,19.999999115898813,20.0,20.000001072883382,0.9523809503761878,0.9523809523809523,0.9523809548137944
7,0.11666666666666667,True,valid,0.005932316805980523,0.005738920298153126,0.1975603610661053,143.88705507343136,143.88869898588342,0.01043208655636322,152.62568024519013,1.1729973675532894,58.00899644603654,0.0001657592278187443,1585.0,651.2177917612544,3.4370746186348242e-06,0,15644,0.08536849915981293,164,0.0,3240,1.0,20.0,20.0,20.0,0.9523809523809523,0.9523809523809523,0.9523809523809523,3240,1.0,20.0,20.0,20.0,0.9523809523809523,0.9523809523809523,0.9523809523809523,4824,1.0,19.999999115898813,20.0,20.000001072883382,0.9523809503761878,0.9523809523809523,0.9523809548137944
8,0.13333333333333333,True,valid,0.0038003657863387194,0.004421390642479108,0.20734669774011594,103.84256256494976,103.84421004569467,0.008443038261698213,122.08215462490534,0.8018014412254113,64.09592281885688,0.00012949283395156242,1585.0,594.1787227501419,2.462414399459827e-06,0,15708,0.0860658511519432,187,0.0,3240,1.0,20.0,20.0,20.0,0.9523809523809523,0.9523809523809523,0.9523809523809523,3240,1.0,20.0,20.0,20.0,0.9523809523809523,0.9523809523809523,0.9523809523809523,4824,1.0,19.999999115898813,20.0,20.000001072883382,0.9523809503761878,0.9523809523809523,0.9523809548137944
9,0.15,True,valid,0.00385512886428434,0.004216848298669637,0.2029185358300664,118.17105613674326,118.17306108631539,0.009783707626819725,133.51248186694923,0.8135284296828912,62.3308422732829,0.00015717969472790676,1585.0,589.6523238753635,2.814461285085941e-06,0,15716,0.08572178333997726,197,0.0,3240,1.0,20.0,20.0,20.0,0.9523809523809523,0.9523809523809523,0.9523809523809523,3240,1.0,20.0,20.0,20.0,0.9523809523809523,0.9523809523809523,0.9523809523809523,4824,1.0,19.999999115898813,20.0,20.000001072883382,0.9523809503761878,0.9523809523809523,0.9523809548137944
10,0.16666666666666666,True,valid,0.004780054846618076,0.00435083147939296,0.19411095973021664,133.3482601217949,133.34990029628824,0.00874301828425779,145.11344695125624,0.6645872133670266,56.78105200901183,0.00017158012152586273,1585.0,741.636988647147,3.24654687152763e-06,0,15666,0.08452192693948746,169,0.0,3240,1.0,20.0,20.0,20.0,0.9523809523809523,0.9523809523809523,0.9523809523809523,3240,1.0,20.0,20.0,20.0,0.9523809523809523,0.9523809523809523,0.9523809523809523,4824,1.0,19.999999115898813,20.0,20.000001072883382,0.9523809503761878,0.9523809523809523,0.9523809548137944
11,0.18333333333333332,True,valid,0.005011493409012873,0.004334642067290119,0.18893501504423768,135.49825161236345,135.5000081991741,0.009041598068945946,146.38732268914558,0.8294429202617031,52.61694930661875,0.00015491370241204776,1585.0,687.9492264080097,3.1794494799928704e-06,0,15614,0.08330819755792618,156,0.0,3240,1.0,20.0,20.0,20.0,0.9523809523809523,0.9523809523809523,0.9523809523809523,3240,1.0,20.0,20.0,20.0,0.9523809523809523,0.9523809523809523,0.9523809523809523,4824,1.0,19.999999115898813,20.0,20.000001072883382,0.9523809503761878,0.9523809523809523,0.9523809548137944
12,0.2,True,valid,0.005252540279370477,0.00435034357098208,0.1848989775311815,131.16577724647487,131.16698044549256,0.006254232427331431,140.2881609976525,0.5915536892503329,47.14511303590118,0.0001580184866074191,1585.0,422.19421603511046,3.1650570146849775e-06,0,15588,0.08246000856161118,146,0.0,3240,1.0,20.0,20.0,20.0,0.9523809523809523,0.9523809523809523,0.9523809523809523,3240,1.0,20.0,20.0,20.0,0.9523809523809523,0.9523809523809523,0.9523809523809523,4824,1.0,19.999999115898813,20.0,20.000001072883382,0.9523809503761878,0.9523809523809523,0.9523809548137944
13,0.21666666666666667,True,valid,0.005141411269017438,0.004206162664977288,0.1817040974243112,124.40377635730073,124.4048581326936,0.005570115963233534,129.76028834212107,0.6607540880304413,33.85312127444919,0.00015211206717699138,1585.0,356.15668802837433,3.021350467729695e-06,0,15557,0.08047802746295929,141,0.0,3240,1.0,20.0,20.0,20.0,0.9523809523809523,0.9523809523809523,0.9523809523809523,3240,1.0,20.0,20.0,20.0,0.9523809523809523,0.9523809523809523,0.9523809523809523,4824,1.0,19.999999115898813,20.0,20.000001072883382,0.9523809503761878,0.9523809523809523,0.9523809548137944
14,0.23333333333333334,True,valid,0.004691219667109165,0.0038733595944872223,0.17880723948513413,118.91405756931513,118.91503499830591,0.005473981441777556,122.9097682690222,0.5079345701158983,27.001142224513266,0.00014692913626068203,1585.0,368.63240619960635,2.8621241806911418e-06,0,15557,0.0775873214006424,150,0.0,3240,1.0,20.0,20.0,20.0,0.9523809523809523,0.9523809523809523,0.9523809523809523,3240,1.0,20.0,20.0,20.0,0.9523809523809523,0.9523809523809523,0.9523809523809523,4824,1.0,19.999999115898813,20.0,20.000001072883382,0.9523809503761878,0.9523809523809523,0.9523809548137944
15,0.25,True,valid,0.004492090490968043,0.0038713713174502325,0.17363214367247243,115.11913037873839,115.12009254661001,0.00496905342532151,117.7026716266372,0.41855478911386423,21.65106932945676,0.00014556595992977695,1585.0,323.5179685182778,2.787307051562214e-06,0,15549,0.07351817935705185,182,0.0,3240,1.0,20.0,20.0,20.0,0.9523809523809523,0.9523809523809523,0.9523809523809523,3240,1.0,20.0,20.0,20.0,0.9523809523809523,0.9523809523809523,0.9523809523809523,4824,1.0,19.999999115898813,20.0,20.000001072883382,0.9523809503761878,0.9523809523809523,0.9523809548137944
16,0.26666666666666666,True,valid,0.004561524717511427,0.0038604546499397025,0.17136007323582833,114.88350063634174,114.8844444336596,0.0049138996274179295,117.23781049977671,0.31551902174084506,20.475065192053894,0.00014581347811560235,1585.0,299.5482652739343,2.7939465836704907e-06,0,15550,0.06688537448644638,194,0.0,3240,1.0,20.0,20.0,20.0,0.9523809523809523,0.9523809523809523,0.9523809523809523,3240,1.0,20.0,20.0,20.0,0.9523809523809523,0.9523809523809523,0.9523809523809523,4824,1.0,19.999999115898813,20.0,20.000001072883382,0.9523809503761878,0.9523809523809523,0.9523809548137944
17,0.2833333333333333,True,valid,0.004761844726012313,0.003882236182770614,0.17066511649844252,119.78653492389383,119.78764505564655,0.00645384089761412,121.29148670261283,0.3776953097742736,16.794854679677513,0.00015222079652781924,1585.0,448.04286669943,2.9231748301241443e-06,0,15549,0.06726647913455963,194,0.0,3240,1.0,20.0,20.0,20.0,0.9523809523809523,0.9523809523809523,0.9523809523809523,3240,1.0,20.0,20.0,20.0,0.9523809523809523,0.9523809523809523,0.9523809523809523,4824,1.0,19.999999115898813,20.0,20.000001072883382,0.9523809503761878,0.9523809523809523,0.9523809548137944
18,0.3,True,valid,0.004838284363738502,0.003902877162043496,0.17035545966535678,120.8085381662649,120.80956901081719,0.005263989950139059,122.07428695122115,0.27532168703660925,14.841242382422545,0.00015334285660994216,1585.0,308.8913510647599,2.9482044377815458e-06,0,15551,0.06707210838794708,201,0.0,3240,1.0,20.0,20.0,20.0,0.9523809523809523,0.9523809523809523,0.9523809523809523,3240,1.0,20.0,20.0,20.0,0.9523809523809523,0.9523809523809523,0.9523809523809523,4824,1.0,19.999999115898813,20.0,20.000001072883382,0.9523809503761878,0.9523809523809523,0.9523809548137944
19,0.31666666666666665,True,valid,0.004683622424161376,0.004054485272928725,0.1725085092124166,111.79497315220928,111.79585125834787,0.004962849426865985,112.81162831380277,0.24721722861085088,12.696530036853828,0.0001371548911431714,1585.0,306.7868331756378,2.688140077711922e-06,0,15544,0.06552766263484955,202,0.0,3240,1.0,20.0,20.0,20.0,0.9523809523809523,0.9523809523809523,0.9523809523809523,3240,1.0,20.0,20.0,20.0,0.9523809523809523,0.9523809523809523,0.9523809523809523,4824,1.0,19.999999115898813,20.0,20.000001072883382,0.9523809503761878,0.9523809523809523,0.9523809548137944
20,0.3333333333333333,True,valid,0.004809270870677768,0.004195155685077386,0.17201109284829139,106.26119328722028,106.26200112760375,0.004942293004947886,106.63697124788818,0.2366633308908732,6.628168333953045,0.00013254748979570018,1585.0,248.997667372911,2.593240111371193e-06,0,15551,0.06311023235321045,201,0.0,3240,1.0,20.0,20.0,20.0,0.9523809523809523,0.9523809523809523,0.9523809523809523,3240,1.0,20.0,20.0,20.0,0.9523809523809523,0.9523809523809523,0.9523809523809523,4824,1.0,19.999999115898813,20.0,20.000001072883382,0.9523809503761878,0.9523809523809523,0.9523809548137944
21,0.35,True,valid,0.005282025652219617,0.004230262380862241,0.17115279070184214,110.43826546043438,110.43905936989574,0.004749062646104614,110.57631272887978,0.20724305831971773,3.770490771077961,0.00013668880033618298,1585.0,258.7292849390679,2.71584945988771e-06,0,15563,0.06167759373784065,207,0.0,3240,1.0,20.0,20.0,20.0,0.9523809523809523,0.9523809523809523,0.9523809523809523,3240,1.0,20.0,20.0,20.0,0.9523809523809523,0.9523809523809523,0.9523809523809523,4824,1.0,19.999999115898813,20.0,20.000001072883382,0.9523809503761878,0.9523809523809523,0.9523809548137944
22,0.36666666666666664,True,valid,0.005584182708308448,0.004169920268461287,0.17194404322866783,116.51172257229061,116.51255456691946,0.005064550266420396,117.5544639064946,0.2743410344358779,13.273557413847668,0.0001423325324444818,1585.0,341.202301210031,2.8725682364438595e-06,0,15562,0.06142248213291168,209,0.0,3240,1.0,20.0,20.0,20.0,0.9523809523809523,0.9523809523809523,0.9523809523809523,3240,1.0,20.0,20.0,20.0,0.9523809523809523,0.9523809523809523,0.9523809523809523,4824,1.0,19.999999115898813,20.0,20.000001072883382,0.9523809503761878,0.9523809523809523,0.9523809548137944
23,0.38333333333333336,True,valid,0.005554688184594324,0.004245406687391388,0.1725376908321205,117.74880118949936,117.74963505081703,0.00475312958898449,119.84400156676104,0.2284112630246535,19.2507359415237,0.00014212089942665967,1585.0,299.91623859628453,2.8575270110164824e-06,0,15557,0.06137855723500252,209,0.0,3240,1.0,20.0,20.0,20.0,0.9523809523809523,0.9523809523809523,0.9523809523809523,3240,1.0,20.0,20.0,20.0,0.9523809523809523,0.9523809523809523,0.9523809523809523,4824,1.0,19.999999115898813,20.0,20.000001072883382,0.9523809503761878,0.9523809523809523,0.9523809548137944
24,0.4,True,valid,0.005325764005915767,0.00437180693182959,0.17220202970336274,114.90333288371534,114.90417867794368,0.004642906729685633,116.9828021023733,0.3876224127417227,19.98067688194344,0.00013812030321658117,1585.0,358.25277235967076,2.7681850250423803e-06,0,15553,0.061976559460163116,212,0.0,3240,1.0,20.0,20.0,20.0,0.9523809523809523,0.9523809523809523,0.9523809523809523,3240,1.0,20.0,20.0,20.0,0.9523809523809523,0.9523809523809523,0.9523809523809523,4824,1.0,19.999999115898813,20.0,20.000001072883382,0.9523809503761878,0.9523809523809523,0.9523809548137944
25,0.4166666666666667,True,valid,0.005073690209147455,0.0042268204400936595,0.17125420146754594,111.63075779742363,111.63167786143747,0.0052818413372790795,113.28816348876916,0.44498460260336514,17.355389631506732,0.00013748626715669082,1585.0,309.7265813352784,2.7263430125321063e-06,0,15542,0.06244589015841484,207,0.0,3240,1.0,20.0,20.0,20.0,0.9523809523809523,0.9523809523809523,0.9523809523809523,3240,1.0,20.0,20.0,20.0,0.9523809523809523,0.9523809523809523,0.9523809523809523,4824,1.0,19.999999115898813,20.0,20.000001072883382,0.9523809503761878,0.9523809523809523,0.9523809548137944
26,0.43333333333333335,True,valid,0.004889920887967951,0.00424281782885415,0.17090679094382333,109.44406605511443,109.44484519633,0.004640772577463489,110.04805909023915,0.24842698781836953,9.94313810573536,0.0001353382133050117,1585.0,326.2873036575254,2.667478781903701e-06,0,15578,0.06263253092765808,210,0.0,3240,1.0,20.0,20.0,20.0,0.9523809523809523,0.9523809523809523,0.9523809523809523,3240,1.0,20.0,20.0,20.0,0.9523809523809523,0.9523809523809523,0.9523809523809523,4824,1.0,19.999999115898813,20.0,20.000001072883382,0.9523809503761878,0.9523809523809523,0.9523809548137944
27,0.45,True,valid,0.004866178821757198,0.0043054317827661255,0.17037276494682935,111.72141776200164,111.72221451216556,0.004543342320364465,111.92386712511423,0.19368851347964097,6.565110602884283,0.0001359694889843651,1585.0,268.0796168091027,2.6826603168096955e-06,0,15598,0.06264900416135788,210,0.0,3240,1.0,20.0,20.0,20.0,0.9523809523809523,0.9523809523809523,0.9523809523809523,3240,1.0,20.0,20.0,20.0,0.9523809523809523,0.9523809523809523,0.9523809523809523,4824,1.0,19.999999115898813,20.0,20.000001072883382,0.9523809503761878,0.9523809523809523,0.9523809548137944
28,0.4666666666666667,True,valid,0.004910428075653122,0.0042599532992975715,0.17003651675875267,112.49962948415002,112.49938053937348,0.01905207802540982,112.58863058271652,0.20447503241543966,3.684865829739704,0.00013746528115883002,1585.0,309.38940293822543,2.721769317456834e-06,0,15600,0.06273970007896423,218,0.0,3240,1.0,20.0,20.0,20.0,0.9523809523809523,0.9523809523809523,0.9523809523809523,3240,1.0,20.0,20.0,20.0,0.9523809523809523,0.9523809523809523,0.9523809523809523,4824,1.0,19.999999115898813,20.0,20.000001072883382,0.9523809503761878,0.9523809523809523,0.9523809548137944
29,0.48333333333333334,True,valid,0.004952805733395954,0.004254866090789478,0.16874531712841198,109.63181981545,109.63258085291169,0.004565736355471445,109.68794418376787,0.37716793369934715,2.2758509429885,0.00013325883035138515,1585.0,291.4265550556278,2.6694568038341798e-06,0,15607,0.06290286779403687,205,0.0,3240,1.0,20.0,20.0,20.0,0.9523809523809523,0.9523809523809523,0.9523809523809523,3240,1.0,20.0,20.0,20.0,0.9523809523809523,0.9523809523809523,0.9523809523809523,4824,1.0,19.999999115898813,20.0,20.000001072883382,0.9523809503761878,0.9523809523809523,0.9523809548137944
30,0.5,True,valid,0.005034118598469405,0.0042868861539451545,0.16893606048563747,107.42426882895478,107.42502688560894,0.00460455617592716,107.47459919511778,0.25382958430230146,2.8247215401092896,0.00013209683929091168,1585.0,199.0655286381819,2.6434636071069354e-06,0,15601,0.0630660355091095,196,0.0,3240,1.0,20.0,20.0,20.0,0.9523809523809523,0.9523809523809523,0.9523809523809523,3240,1.0,20.0,20.0,20.0,0.9523809523809523,0.9523809523809523,0.9523809523809523,4824,1.0,19.999999115898813,20.0,20.000001072883382,0.9523809503761878,0.9523809523809523,0.9523809548137944
31,0.5166666666666667,True,valid,0.00519249860790171,0.004388964583630288,0.16902060591383358,109.43087387198364,109.43163583488621,0.004551149800109341,109.52430495823502,0.32038184983753226,4.487219044035721,0.0001341683982170324,1585.0,250.78107760042437,2.6783537891088387e-06,0,15596,0.06497582793235779,191,0.0,3240,1.0,20.0,20.0,20.0,0.9523809523809523,0.9523809523809523,0.9523809523809523,3240,1.0,20.0,20.0,20.0,0.9523809523809523,0.9523809523809523,0.9523809523809523,4824,1.0,19.999999115898813,20.0,20.000001072883382,0.9523809503761878,0.9523809523809523,0.9523809548137944
32,0.5333333333333333,True,valid,0.005381207393083615,0.0045484263832123745,0.16656554777196653,112.26761331833866,112.26836149870405,0.004591705515534919,112.41891971573123,0.2756391119847354,5.878123481205464,0.0001372802702927986,1585.0,263.6198963264202,2.7530738334045876e-06,0,15584,0.06879834830760956,162,0.0,3240,1.0,20.0,20.0,20.0,0.9523809523809523,0.9523809523809523,0.9523809523809523,3240,1.0,20.0,20.0,20.0,0.9523809523809523,0.9523809523809523,0.9523809523809523,4824,1.0,19.999999115898813,20.0,20.000001072883382,0.9523809503761878,0.9523809523809523,0.9523809548137944
33,0.55,True,valid,0.0054072801329271055,0.004551461755589702,0.1625831509124805,112.33272599541134,112.33351903713739,0.004681313373829391,112.58982510422788,0.27661908160763726,7.5767235219682085,0.0001363791467629195,1585.0,287.84241804227594,2.743523574283454e-06,0,15587,0.0704972892999649,155,0.0,3240,1.0,20.0,20.0,20.0,0.9523809523809523,0.9523809523809523,0.9523809523809523,3240,1.0,20.0,20.0,20.0,0.9523809523809523,0.9523809523809523,0.9523809523809523,4824,1.0,19.999999115898813,20.0,20.000001072883382,0.9523809503761878,0.9523809523809523,0.9523809548137944
34,0.5666666666666667,True,valid,0.005233332875585465,0.004376093687444246,0.1601413851552759,110.01379370004727,110.01452520138875,0.004705375264013065,110.25124712783494,0.33360752394433596,6.319969436657546,0.00013573617780901593,1585.0,292.2520691773755,2.692460269596439e-06,0,15574,0.07233370095491409,150,0.0,3240,1.0,20.0,20.0,20.0,0.9523809523809523,0.9523809523809523,0.9523809523809523,3240,1.0,20.0,20.0,20.0,0.9523809523809523,0.9523809523809523,0.9523809523809523,4824,1.0,19.999999115898813,20.0,20.000001072883382,0.9523809503761878,0.9523809523809523,0.9523809548137944
35,0.5833333333333334,True,valid,0.005026833581615697,0.004156052781464101,0.1587962729879609,108.93553746743872,108.9363760869253,0.0049589290330233045,108.98524233618986,0.3534887501229025,1.9897090326707654,0.00013451870961598205,1585.0,348.07622284930443,2.660327790838439e-06,0,15565,0.07350701838731766,138,0.0,3240,1.0,20.0,20.0,20.0,0.9523809523809523,0.9523809523809523,0.9523809523809523,3240,1.0,20.0,20.0,20.0,0.9523809523809523,0.9523809523809523,0.9523809523809523,4824,1.0,19.999999115898813,20.0,20.000001072883382,0.9523809503761878,0.9523809523809523,0.9523809548137944
36,0.6,True,valid,0.005013658717929291,0.004235919805429859,0.15536839138540665,108.62909186157802,108.62991064507463,0.004768845067614175,108.63759929617598,0.30450806916695433,0.0368600271275081,0.00013631767510022938,1585.0,326.1731438742366,2.6858121693155615e-06,0,15567,0.07273387163877487,128,0.0,3240,1.0,20.0,20.0,20.0,0.9523809523809523,0.9523809523809523,0.9523809523809523,3240,1.0,20.0,20.0,20.0,0.9523809523809523,0.9523809523809523,0.9523809523809523,4824,1.0,19.999999115898813,20.0,20.000001072883382,0.9523809503761878,0.9523809523809523,0.9523809548137944
37,0.6166666666666667,True,valid,0.004940672922651658,0.004273303003281396,0.1534965399679676,107.31947386688094,107.32027207570809,0.004876537485560603,107.3592985959358,0.4789081448239563,0.05563014204673851,0.00013527100061512697,1585.0,359.56924696954223,2.6468150656132223e-06,0,15567,0.07184718549251556,123,0.0,3240,1.0,20.0,20.0,20.0,0.9523809523809523,0.9523809523809523,0.9523809523809523,3240,1.0,20.0,20.0,20.0,0.9523809523809523,0.9523809523809523,0.9523809523809523,4824,1.0,19.999999115898813,20.0,20.000001072883382,0.9523809503761878,0.9523809523809523,0.9523809548137944
38,0.6333333333333333,True,valid,0.004810392851082736,0.004061218269868788,0.15132907012820052,110.18892907414154,110.19001581537002,0.007271279262482302,110.17707119181898,0.5950335716190421,0.28297180536319455,0.0001366445887768701,1585.0,442.666613630123,2.715576282916973e-06,0,15568,0.07074275612831116,131,0.0,3240,1.0,20.0,20.0,20.0,0.9523809523809523,0.9523809523809523,0.9523809523809523,3240,1.0,20.0,20.0,20.0,0.9523809523809523,0.9523809523809523,0.9523809523809523,4824,1.0,19.999999115898813,20.0,20.000001072883382,0.9523809503761878,0.9523809523809523,0.9523809548137944
39,0.65,True,valid,0.004930523208011493,0.004228564808596103,0.14972589148759957,110.7757461120305,110.77623404793127,0.027694775566154645,112.3576561523219,0.4711709400134796,17.138524312908842,0.00013719636243469192,1585.0,543.6066874440029,2.727359268581419e-06,0,15550,0.06933217495679855,135,0.0,3240,1.0,20.0,20.0,20.0,0.9523809523809523,0.9523809523809523,0.9523809523809523,3240,1.0,20.0,20.0,20.0,0.9523809523809523,0.9523809523809523,0.9523809523809523,4824,1.0,19.999999115898813,20.0,20.000001072883382,0.9523809503761878,0.9523809523809523,0.9523809548137944
40,0.6666666666666666,True,valid,0.004987862164998994,0.004490776396038637,0.15327869092506421,112.13785575190361,112.13867211917487,0.00476526492972938,112.24200129054996,0.3028232044055805,5.132164130859606,0.00013714933536446925,1585.0,259.5962928460546,2.7286480920645477e-06,0,15554,0.06786081939935684,133,0.0,3240,1.0,20.0,20.0,20.0,0.9523809523809523,0.9523809523809523,0.9523809523809523,3240,1.0,20.0,20.0,20.0,0.9523809523809523,0.9523809523809523,0.9523809523809523,4824,1.0,19.999999115898813,20.0,20.000001072883382,0.9523809503761878,0.9523809523809523,0.9523809548137944
41,0.6833333333333333,True,valid,0.005094766945143907,0.004595016299469441,0.15558196574212102,111.8545805673259,111.85532801204155,0.004545527888754966,112.0187904732704,0.27487657397532855,6.614840202174098,0.00013534765027385228,1585.0,259.3203135605169,2.705568661906108e-06,0,15560,0.06602276116609573,137,0.0,3240,1.0,20.0,20.0,20.0,0.9523809523809523,0.9523809523809523,0.9523809523809523,3240,1.0,20.0,20.0,20.0,0.9523809523809523,0.9523809523809523,0.9523809523809523,4824,1.0,19.999999115898813,20.0,20.000001072883382,0.9523809503761878,0.9523809523809523,0.9523809548137944
42,0.7,True,valid,0.005179673044471228,0.0044928908743676246,0.15512542696759576,111.39523591358915,111.39598590181996,0.004938096835097554,111.50969806132616,0.32011666291251967,5.245963656551723,0.00013736276278337501,1585.0,256.05215091144225,2.7447851398158727e-06,0,15548,0.0642298236489296,135,0.0,3240,1.0,20.0,20.0,20.0,0.9523809523809523,0.9523809523809523,0.9523809523809523,3240,1.0,20.0,20.0,20.0,0.9523809523809523,0.9523809523809523,0.9523809523809523,4824,1.0,19.999999115898813,20.0,20.000001072883382,0.9523809503761878,0.9523809523809523,0.9523809548137944
43,0.7166666666666667,True,valid,0.005137269877488777,0.004371214990407411,0.15444314878016588,109.43702876385312,109.43776737534297,0.004470542942356048,109.46383266437896,0.2038762941106869,1.066183744477757,0.00013424298211751526,1585.0,287.147167568728,2.7003008411691006e-06,0,15553,0.06331262737512589,139,0.0,3240,1.0,20.0,20.0,20.0,0.9523809523809523,0.9523809523809523,0.9523809523809523,3240,1.0,20.0,20.0,20.0,0.9523809523809523,0.9523809523809523,0.9523809523809523,4824,1.0,19.999999115898813,20.0,20.000001072883382,0.9523809503761878,0.9523809523809523,0.9523809548137944
44,0.7333333333333333,True,valid,0.004972880508151124,0.004221465940177805,0.15396856814416685,108.08039486294525,108.08116004297408,0.004455553621241076,108.08463175045503,0.2077350798541705,0.17617451601481865,0.00013368388046195419,1585.0,239.42342649113647,2.6625638715602954e-06,0,15554,0.06268078088760376,138,0.0,3240,1.0,20.0,20.0,20.0,0.9523809523809523,0.9523809523809523,0.9523809523809523,3240,1.0,20.0,20.0,20.0,0.9523809523809523,0.9523809523809523,0.9523809523809523,4824,1.0,19.999999115898813,20.0,20.000001072883382,0.9523809503761878,0.9523809523809523,0.9523809548137944
45,0.75,True,valid,0.0048553115820747636,0.004094055457348586,0.1535589244705665,107.43086636961483,107.43160190834591,0.004438819225589142,107.45478733313887,0.18118348775929582,1.652970014568832,0.00013350617783595625,1585.0,240.78117216495036,2.6433298761271237e-06,0,15541,0.062445882707834244,139,0.0,3240,1.0,20.0,20.0,20.0,0.9523809523809523,0.9523809523809523,0.9523809523809523,3240,1.0,20.0,20.0,20.0,0.9523809523809523,0.9523809523809523,0.9523809523809523,4824,1.0,19.999999115898813,20.0,20.000001072883382,0.9523809503761878,0.9523809523809523,0.9523809548137944
46,0.7666666666666667,True,valid,0.004865283252769316,0.004063133649330346,0.1522556228956659,106.44022580732478,106.44095824277947,0.004419995352445901,106.5034317261864,0.15468927206692876,3.7882572805359933,0.00013207524248752623,1585.0,235.1976947378669,2.615815814874391e-06,0,15536,0.062473542988300323,141,0.0,3240,1.0,20.0,20.0,20.0,0.9523809523809523,0.9523809523809523,0.9523809523809523,3240,1.0,20.0,20.0,20.0,0.9523809523809523,0.9523809523809523,0.9523809523809523,4824,1.0,19.999999115898813,20.0,20.000001072883382,0.9523809503761878,0.9523809523809523,0.9523809548137944
47,0.7833333333333333,True,valid,0.004980280087225077,0.004123951035953223,0.1510095803906702,107.27518451384321,107.27594397261896,0.004461961922117755,107.40658213271728,0.1528614584901066,4.653644764519159,0.00013353441430788082,1585.0,230.6578812373874,2.649886574421629e-06,0,15541,0.0627768263220787,145,0.0,3240,1.0,20.0,20.0,20.0,0.9523809523809523,0.9523809523809523,0.9523809523809523,3240,1.0,20.0,20.0,20.0,0.9523809523809523,0.9523809523809523,0.9523809523809523,4824,1.0,19.999999115898813,20.0,20.000001072883382,0.9523809503761878,0.9523809523809523,0.9523809548137944
48,0.8,True,valid,0.005041790560822574,0.004165686161439138,0.15169109802802344,109.23515135392836,109.23585629688554,0.004691489124340719,109.31993893708814,0.29761245040758205,2.648394944318773,0.00013558123057748984,1585.0,340.1597945367751,2.6933297358548e-06,0,15542,0.06330794841051102,145,0.0,3240,1.0,20.0,20.0,20.0,0.9523809523809523,0.9523809523809523,0.9523809523809523,3240,1.0,20.0,20.0,20.0,0.9523809523809523,0.9523809523809523,0.9523809523809523,4824,1.0,19.999999115898813,20.0,20.000001072883382,0.9523809503761878,0.9523809523809523,0.9523809548137944
49,0.8166666666666667,True,valid,0.005014552479284279,0.004183673413301236,0.15317731848550997,108.82003520221359,108.82077993123492,0.004595433725391852,108.83063884744038,0.15541394255316035,0.3797385458317882,0.00013492343070149287,1585.0,245.10292295725415,2.6801494701231858e-06,0,15546,0.06358309835195541,152,0.0,3240,1.0,20.0,20.0,20.0,0.9523809523809523,0.9523809523809523,0.9523809523809523,3240,1.0,20.0,20.0,20.0,0.9523809523809523,0.9523809523809523,0.9523809523809523,4824,1.0,19.999999115898813,20.0,20.000001072883382,0.9523809503761878,0.9523809523809523,0.9523809548137944
50,0.8333333333333334,True,valid,0.004929189664436365,0.0040733634922254704,0.15487480892547273,107.78194828544297,107.7827513326372,0.005207053495809723,107.85395577107016,0.22115413025055833,2.730713331351212,0.00013244599050286665,1585.0,340.4998260011889,2.6308725550373806e-06,0,15545,0.0637926533818245,155,0.0,3240,1.0,20.0,20.0,20.0,0.9523809523809523,0.9523809523809523,0.9523809523809523,3240,1.0,20.0,20.0,20.0,0.9523809523809523,0.9523809523809523,0.9523809523809523,4824,1.0,19.999999115898813,20.0,20.000001072883382,0.9523809503761878,0.9523809523809523,0.9523809548137944
51,0.85,True,valid,0.004964153627350713,0.004127867153519966,0.15535286039646806,106.48307619741622,106.4838324413666,0.004533349576229872,106.547944635957,0.25117663500344944,4.491671582884409,0.0001325551090769869,1585.0,271.05079577426164,2.6241017014742463e-06,0,15534,0.063850998878479,157,0.0,3240,1.0,20.0,20.0,20.0,0.9523809523809523,0.9523809523809523,0.9523809523809523,3240,1.0,20.0,20.0,20.0,0.9523809523809523,0.9523809523809523,0.9523809523809523,4824,1.0,19.999999115898813,20.0,20.000001072883382,0.9523809503761878,0.9523809523809523,0.9523809548137944
52,0.8666666666666667,True,valid,0.004958015005429026,0.00406818112094029,0.1589827861594546,109.500807181899,109.50168160268828,0.0053775606308703455,110.0891034064015,0.24538350703709053,10.067823778118246,0.00013334963026818392,1585.0,452.1673655905935,2.6736311041407344e-06,0,15551,0.0637458935379982,155,0.0,3240,1.0,20.0,20.0,20.0,0.9523809523809523,0.9523809523809523,0.9523809523809523,3240,1.0,20.0,20.0,20.0,0.9523809523809523,0.9523809523809523,0.9523809523809523,4824,1.0,19.999999115898813,20.0,20.000001072883382,0.9523809503761878,0.9523809523809523,0.9523809548137944
53,0.8833333333333333,True,valid,0.005118647109567398,0.004271823695772706,0.16019049190508225,109.03659938598167,109.0373468403286,0.004756739188933179,110.53371094722414,0.2491998160611435,16.697920697292435,0.0001327995577258301,1585.0,247.63108663646213,2.6708705253009807e-06,0,15545,0.06338249146938324,157,0.0,3240,1.0,20.0,20.0,20.0,0.9523809523809523,0.9523809523809523,0.9523809523809523,3240,1.0,20.0,20.0,20.0,0.9523809523809523,0.9523809523809523,0.9523809523809523,4824,1.0,19.999999115898813,20.0,20.000001072883382,0.9523809503761878,0.9523809523809523,0.9523809548137944
54,0.9,True,valid,0.005218865432494334,0.0043125357923304445,0.16131266363940977,110.86989097462583,110.87061103939253,0.004581100707526599,114.43561263565894,0.1463855628412494,27.984745842191426,0.00013433181253238926,1585.0,251.60669723294288,2.7145512939709052e-06,0,15543,0.06309757381677628,156,0.0,3240,1.0,20.0,20.0,20.0,0.9523809523809523,0.9523809523809523,0.9523809523809523,3240,1.0,20.0,20.0,20.0,0.9523809523809523,0.9523809523809523,0.9523809523809523,4824,1.0,19.999999115898813,20.0,20.000001072883382,0.9523809503761878,0.9523809523809523,0.9523809548137944
55,0.9166666666666666,True,valid,0.0051392792741297546,0.004173725597847935,0.16212280182990263,110.88186630566848,110.88261387487496,0.004537070572412238,114.12754947980609,0.17472933630030207,25.283635553557247,0.00013556602706518188,1585.0,251.18677526818723,2.7197473162476154e-06,0,15538,0.06294787675142288,154,0.0,3240,1.0,20.0,20.0,20.0,0.9523809523809523,0.9523809523809523,0.9523809523809523,3240,1.0,20.0,20.0,20.0,0.9523809523809523,0.9523809523809523,0.9523809523809523,4824,1.0,19.999999115898813,20.0,20.000001072883382,0.9523809503761878,0.9523809523809523,0.9523809548137944
56,0.9333333333333333,True,valid,0.004956109399596053,0.004018107936431841,0.16221207376461663,108.08753244158859,108.08824891887781,0.0044511349989723075,110.76569765776402,0.11701395716711618,23.32017351368564,0.0001330702936528447,1585.0,230.22509844055236,2.652044555055453e-06,0,15536,0.06311164051294327,153,0.0,3240,1.0,20.0,20.0,20.0,0.9523809523809523,0.9523809523809523,0.9523809523809523,3240,1.0,20.0,20.0,20.0,0.9523809523809523,0.9523809523809523,0.9523809523809523,4824,1.0,19.999999115898813,20.0,20.000001072883382,0.9523809503761878,0.9523809523809523,0.9523809548137944
57,0.95,True,valid,0.0048277300066087705,0.003920830840077968,0.16168546361483094,105.4731516844745,105.47388492292463,0.0044096024425136614,107.52670961129651,0.15461276015685296,20.22655018549004,0.00013127681757982163,1585.0,216.53763251918497,2.594362504926215e-06,0,15543,0.06366585940122604,155,0.0,3240,1.0,20.0,20.0,20.0,0.9523809523809523,0.9523809523809523,0.9523809523809523,3240,1.0,20.0,20.0,20.0,0.9523809523809523,0.9523809523809523,0.9523809523809523,4824,1.0,19.999999115898813,20.0,20.000001072883382,0.9523809503761878,0.9523809523809523,0.9523809548137944
58,0.9666666666666667,True,valid,0.0048333359777674705,0.0038968150565097635,0.16020232862615907,106.06855946822783,106.06928134139089,0.004477009852852889,107.83118941899079,0.24441315289334087,17.839655493355952,0.00013125546912224996,1585.0,284.94288714439614,2.605228580862513e-06,0,15546,0.0638391450047493,153,0.0,3240,1.0,20.0,20.0,20.0,0.9523809523809523,0.9523809523809523,0.9523809523809523,3240,1.0,20.0,20.0,20.0,0.9523809523809523,0.9523809523809523,0.9523809523809523,4824,1.0,19.999999115898813,20.0,20.000001072883382,0.9523809503761878,0.9523809523809523,0.9523809548137944
59,0.9833333333333333,True,valid,0.004907269616588087,0.003937484433400906,0.15849544031555496,107.84711181411672,107.84786035404994,0.004517061312750996,109.14570482156107,0.14349254132978032,15.666597727514228,0.00013455178171136988,1585.0,224.56178276844273,2.663897263664734e-06,0,15546,0.06408396363258362,152,0.0,3240,1.0,20.0,20.0,20.0,0.9523809523809523,0.9523809523809523,0.9523809523809523,3240,1.0,20.0,20.0,20.0,0.9523809523809523,0.9523809523809523,0.9523809523809523,4824,1.0,19.999999115898813,20.0,20.000001072883382,0.9523809503761878,0.9523809523809523,0.9523809548137944
60,1.0,True,valid,0.004956785179646725,0.00405173832371193,0.15701088325575538,108.14275670413453,108.14346833106558,0.004514403819126808,109.07743632201885,0.18901766625170655,12.937955488003734,0.0001326485720704951,1585.0,260.17949792640303,2.654918912900401e-06,0,15536,0.06435658782720566,149,0.0,3240,1.0,20.0,20.0,20.0,0.9523809523809523,0.9523809523809523,0.9523809523809523,3240,1.0,20.0,20.0,20.0,0.9523809523809523,0.9523809523809523,0.9523809523809523,4824,1.0,19.999999115898813,20.0,20.000001072883382,0.9523809503761878,0.9523809523809523,0.9523809548137944
61,1.0166666666666666,True,valid,0.004977052202494404,0.004115112681561667,0.15561629414056288,108.29598605274676,108.296704784575,0.004445953935028419,109.0834329603094,0.14462645957752696,11.223080101545825,0.00013327923534418537,1585.0,243.95841915710608,2.6610227903581106e-06,0,15535,0.06466782838106155,148,3.448803909122944e-09,3240,1.0,20.0,20.0,20.0,0.9523809523809523,0.9523809523809523,0.9523809523809523,3240,1.0,20.0,20.0,20.0,0.9523809523809523,0.9523809523809523,0.9523809523809523,4824,1.0,19.999999115898813,20.0,20.000001072883382,0.9523809503761878,0.9523809523809523,0.9523809548137944
62,1.0333333333333334,True,valid,0.0049999763239810995,0.00418332099440229,0.15449706466700078,110.70899018826547,110.70990278270465,0.004894892643501891,111.31957002612218,0.17425321638235103,10.160158683320713,0.0001369239021040536,1585.0,247.76382671663953,2.6988450012442343e-06,0,15653,0.06498105823993683,146,1.7462298274040222e-09,3240,1.0,20.0,20.0,20.0,0.9523809523809523,0.9523809523809523,0.9523809523809523,3240,1.0,20.0,20.0,20.0,0.9523809523809523,0.9523809523809523,0.9523809523809523,4824,1.0,19.999999115898813,20.0,20.000001072883382,0.9523809503761878,0.9523809523809523,0.9523809548137944
63,1.05,True,valid,0.0050506864478544805,0.004308300273070639,0.15414183323945888,116.21150255217763,116.21262329712931,0.00551576299579526,116.55422925766061,0.23666090049583924,7.5178602726550094,0.00014461019030796623,1585.0,319.2322669805226,2.793542514318693e-06,0,15693,0.06539183109998703,144,3.026798367500305e-09,3240,1.0,20.0,20.0,20.0,0.9523809523809523,0.9523809523809523,0.9523809523809523,3240,1.0,20.0,20.0,20.0,0.9523809523809523,0.9523809523809523,0.9523809523809523,4824,1.0,19.999999115898813,20.0,20.000001072883382,0.9523809503761878,0.9523809523809523,0.9523809548137944
64,1.0666666666666667,True,valid,0.005137263236278079,0.004406878494465584,0.15372812356406124,124.41489252008982,124.41634021479409,0.006761744630908687,124.4406471764771,0.3893221362247665,1.779196660340404,0.00015484882904278537,1585.0,376.7134976953739,2.939769607214151e-06,0,15754,0.0657622292637825,142,2.3283064365386963e-09,3240,1.0,20.0,20.0,20.0,0.9523809523809523,0.9523809523809523,0.9523809523809523,3240,1.0,20.0,20.0,20.0,0.9523809523809523,0.9523809523809523,0.9523809523809523,4824,1.0,19.999999115898813,20.0,20.000001072883382,0.9523809503761878,0.9523809523809523,0.9523809548137944
65,1.0833333333333333,True,valid,0.005208347873241216,0.004441495990315229,0.15426886405690735,132.544077780629,132.5458233308917,0.007331998259383035,132.5620920959124,0.36382612889005567,0.6352541960027172,0.00016665458197889115,1585.0,440.5626618822282,3.1077199698883917e-06,0,15825,0.0662556067109108,139,2.7939677238464355e-09,3240,1.0,20.0,20.0,20.0,0.9523809523809523,0.9523809523809523,0.9523809523809523,3240,1.0,20.0,20.0,20.0,0.9523809523809523,0.9523809523809523,0.9523809523809523,4824,1.0,19.999999115898813,20.0,20.000001072883382,0.9523809503761878,0.9523809523809523,0.9523809548137944
66,1.1,True,valid,0.005219106203897133,0.004409318041484588,0.1558074235839424,140.99045540499202,140.9924971823391,0.008128080555166763,141.01394954016936,0.368570581326329,0.7906594337011913,0.0001782454794067675,1585.0,490.6462997931593,3.2619395571297886e-06,0,15898,0.06680790334939957,147,3.259629011154175e-09,3240,1.0,20.0,20.0,20.0,0.9523809523809523,0.9523809523809523,0.9523809523809523,3240,1.0,20.0,20.0,20.0,0.9523809523809523,0.9523809523809523,0.9523809523809523,4824,1.0,19.999999115898813,20.0,20.000001072883382,0.9523809503761878,0.9523809523809523,0.9523809548137944
67,1.1166666666666667,True,valid,0.005159414577801265,0.004311750895734444,0.15705952223027153,148.4982521343643,148.50057680775677,0.008941859259959885,148.52293741937675,0.408044527312711,0.3900863275114798,0.00018935084994352788,1585.0,541.5574539109449,3.409526644128394e-06,0,15948,0.06723588705062866,151,2.7939677238464355e-09,3240,1.0,20.0,20.0,20.0,0.9523809523809523,0.9523809523809523,0.9523809523809523,3240,1.0,20.0,20.0,20.0,0.9523809523809523,0.9523809523809523,0.9523809523809523,4824,1.0,19.999999115898813,20.0,20.000001072883382,0.9523809503761878,0.9523809523809523,0.9523809548137944
68,1.1333333333333333,True,valid,0.005060825537655546,0.004218510390428249,0.15931263742072113,155.35648991698596,155.35909913696952,0.009665589797166727,155.37872154608925,0.4366304325490937,1.8416216946993973,0.00019970757829532485,1585.0,544.4018211948016,3.5509405160081427e-06,0,15986,0.06663287431001663,156,3.725290298461914e-09,3240,1.0,20.0,20.0,20.0,0.9523809523809523,0.9523809523809523,0.9523809523809523,3240,1.0,20.0,20.0,20.0,0.9523809523809523,0.9523809523809523,0.9523809523809523,4824,1.0,19.999999115898813,20.0,20.000001072883382,0.9523809503761878,0.9523809523809523,0.9523809548137944
69,1.15,True,valid,0.0050172104896059645,0.004351893609544296,0.16172965935017303,161.45870820930367,161.46147460812824,0.01010958657692298,161.54667739822463,0.46494236098389624,5.088696453321625,0.00020740014444914093,1585.0,596.7234420032879,3.658036081582081e-06,0,16018,0.06503420323133469,158,2.7939677238464355e-09,3240,1.0,20.0,20.0,20.0,0.9523809523809523,0.9523809523809523,0.9523809523809523,3240,1.0,20.0,20.0,20.0,0.9523809523809523,0.9523809523809523,0.9523809523809523,4824,1.0,19.999999115898813,20.0,20.000001072883382,0.9523809503761878,0.9523809523809523,0.9523809548137944
70,1.1666666666666667,True,valid,0.00510162548956697,0.0047199419478617735,0.1627745408398314,170.4125704600965,170.41547415675464,0.010618329307478047,170.70966018945558,0.5195066459891419,10.959597682573156,0.0002189866061289831,1585.0,652.659414239853,3.837464667325372e-06,0,16036,0.06271233409643173,159,6.51925802230835e-09,3240,1.0,20.0,20.0,20.0,0.9523809523809523,0.9523809523809523,0.9523809523809523,3240,1.0,20.0,20.0,20.0,0.9523809523809523,0.9523809523809523,0.9523809523809523,4824,1.0,19.999999115898813,20.0,20.000001072883382,0.9523809503761878,0.9523809523809523,0.9523809548137944
71,1.1833333333333333,True,valid,0.005131867702540376,0.004977769634978366,0.16366358851024437,176.55907266476086,176.56214680621446,0.01111717034577779,176.80272010844152,0.5762918770137146,10.925378079324878,0.00022738731463677194,1585.0,748.4743276459427,3.958058501235983e-06,0,16018,0.05990701913833618,159,5.587935447692871e-09,3240,1.0,20.0,20.0,20.0,0.9523809523809523,0.9523809523809523,0.9523809523809523,3240,1.0,20.0,20.0,20.0,0.9523809523809523,0.9523809523809523,0.9523809523809523,4824,1.0,19.999999115898813,20.0,20.000001072883382,0.9523809503761878,0.9523809523809523,0.9523809548137944
72,1.2,True,valid,0.004992382268919069,0.004958006660225859,0.1670128144949553,176.70891742370443,176.71175086323424,0.020587382908240626,176.87105839193362,0.7522176849363249,6.739791394101393,0.00022780433701985063,1585.0,736.97598201335,3.96217517170618e-06,0,16030,0.05654823035001755,161,5.587935447692871e-09,3240,1.0,20.0,20.0,20.0,0.9523809523809523,0.9523809523809523,0.9523809523809523,3240,1.0,20.0,20.0,20.0,0.9523809523809523,0.9523809523809523,0.9523809523809523,4824,1.0,19.999999115898813,20.0,20.000001072883382,0.9523809503761878,0.9523809523809523,0.9523809548137944
73,1.2166666666666666,True,valid,0.004984992277694757,0.004950039616971671,0.16863193919847544,174.95204821691846,174.95507962099927,0.011142218414406107,175.01290146576017,0.5534427901721292,4.528058375821066,0.00022444525176408265,1585.0,698.3005911847653,3.917976506475628e-06,0,16039,0.05785663425922394,168,1.862645149230957e-09,3240,1.0,20.0,20.0,20.0,0.9523809523809523,0.9523809523809523,0.9523809523809523,3240,1.0,20.0,20.0,20.0,0.9523809523809523,0.9523809523809523,0.9523809523809523,4824,1.0,19.999999115898813,20.0,20.000001072883382,0.9523809503761878,0.9523809523809523,0.9523809548137944
74,1.2333333333333334,True,valid,0.005154842048435907,0.004942826808740524,0.1664002159009765,175.2914220723181,175.29451244824395,0.011230637207070706,175.33135139825214,0.5649621270900764,2.8721341600710093,0.00022455021628551888,1585.0,685.6073085245221,3.930453312189539e-06,0,16011,0.05825495719909668,167,3.725290298461914e-09,3240,1.0,20.0,20.0,20.0,0.9523809523809523,0.9523809523809523,0.9523809523809523,3240,1.0,20.0,20.0,20.0,0.9523809523809523,0.9523809523809523,0.9523809523809523,4824,1.0,19.999999115898813,20.0,20.000001072883382,0.9523809503761878,0.9523809523809523,0.9523809548137944
75,1.25,True,valid,0.005221054800176483,0.004710492717205071,0.16261143689895807,168.9889263024468,168.99191107970066,0.010824334660187545,169.01674102016614,0.5527479852609202,3.539318896520968,0.00021726452470496757,1585.0,632.4324554006753,3.818373194063295e-06,0,16030,0.05755099281668663,173,5.587935447692871e-09,3240,1.0,20.0,20.0,20.0,0.9523809523809523,0.9523809523809523,0.9523809523809523,3240,1.0,20.0,20.0,20.0,0.9523809523809523,0.9523809523809523,0.9523809523809523,4824,1.0,19.999999115898813,20.0,20.000001072883382,0.9523809503761878,0.9523809523809523,0.9523809548137944
76,1.2666666666666666,True,valid,0.0050768664022671686,0.004367064934425658,0.16042006000895215,161.55036673480413,161.55327484271598,0.010501485507956577,161.5747988267747,0.6731658960924692,3.170252785020265,0.00020886374715287415,1585.0,532.3684273258784,3.6910658943861986e-06,0,16014,0.05659950524568558,206,3.725290298461914e-09,3240,1.0,20.0,20.0,20.0,0.9523809523809523,0.9523809523809523,0.9523809523809523,3240,1.0,20.0,20.0,20.0,0.9523809523809523,0.9523809523809523,0.9523809523809523,4824,1.0,19.999999115898813,20.0,20.000001072883382,0.9523809503761878,0.9523809523809523,0.9523809548137944
77,1.2833333333333334,True,valid,0.0048893758425307835,0.004258828518251223,0.15983955380585155,154.19657139221258,154.1992950958385,0.009701546749970688,154.23437813932853,0.6096019764903813,2.1876590631209947,0.000201132288890961,1585.0,515.4808768253932,3.5439323649099405e-06,0,15972,0.0594930499792099,216,7.450580596923828e-09,3240,1.0,20.0,20.0,20.0,0.9523809523809523,0.9523809523809523,0.9523809523809523,3240,1.0,20.0,20.0,20.0,0.9523809523809523,0.9523809523809523,0.9523809523809523,4824,1.0,19.999999115898813,20.0,20.000001072883382,0.9523809503761878,0.9523809523809523,0.9523809548137944
78,1.3,True,valid,0.00490711876985108,0.004411102504673759,0.15972502857592416,148.34303474002448,148.34544398067735,0.009098714445361086,148.36658384748472,0.5825666861759206,1.5931326393103746,0.00019171871175130745,1585.0,503.1327502602303,3.4352648897397083e-06,0,15939,0.06321269273757935,200,3.725290298461914e-09,3240,1.0,20.0,20.0,20.0,0.9523809523809523,0.9523809523809523,0.9523809523809523,3240,1.0,20.0,20.0,20.0,0.9523809523809523,0.9523809523809523,0.9523809523809523,4824,1.0,19.999999115898813,20.0,20.000001072883382,0.9523809503761878,0.9523809523809523,0.9523809548137944
79,1.3166666666666667,True,valid,0.005201658282642711,0.004820745683007042,0.15958697769010752,141.50543420901897,141.5073725646622,0.008945872697790933,141.51630914849633,0.4482307787766064,6.068946545385616,0.00017954601239676156,1585.0,481.8014532245581,3.3051589029138536e-06,0,15871,0.06632442772388458,190,7.450580596923828e-09,3240,1.0,20.0,20.0,20.0,0.9523809523809523,0.9523809523809523,0.9523809523809523,3240,1.0,20.0,20.0,20.0,0.9523809523809523,0.9523809523809523,0.9523809523809523,4824,1.0,19.999999115898813,20.0,20.000001072883382,0.9523809503761878,0.9523809523809523,0.9523809548137944
80,1.3333333333333333,True,valid,0.005606508946162162,0.005116609531207984,0.15992119539354138,133.95137333286385,133.952976850257,0.0070944780130870536,133.9654006626334,0.3368542734732249,1.692938958327599,0.00016659281431604994,1585.0,420.8062160229989,3.170828083216159e-06,0,15801,0.06872016191482544,211,7.450580596923828e-09,3240,1.0,20.0,20.0,20.0,0.9523809523809523,0.9523809523809523,0.9523809523809523,3240,1.0,20.0,20.0,20.0,0.9523809523809523,0.9523809523809523,0.9523809523809523,4824,1.0,19.999999115898813,20.0,20.000001072883382,0.9523809503761878,0.9523809523809523,0.9523809548137944
81,1.35,True,valid,0.0058353745333110585,0.005281773781613719,0.16210410329872088,127.5692124668201,127.57045452177348,0.006310518177283834,127.6459196809031,0.2839128950715818,6.7281099108681754,0.0001589773409317518,1585.0,341.94658444605324,3.082549635620604e-06,0,15738,0.07168113440275192,221,3.725290298461914e-09,3240,1.0,20.0,20.0,20.0,0.9523809523809523,0.9523809523809523,0.9523809523809523,3240,1.0,20.0,20.0,20.0,0.9523809523809523,0.9523809523809523,0.9523809523809523,4824,1.0,19.999999115898813,20.0,20.000001072883382,0.9523809503761878,0.9523809523809523,0.9523809548137944
82,1.3666666666666667,True,valid,0.0058308639802602,0.005251325741530068,0.1676058029094104,121.16410411443124,121.16506933069317,0.005529021422132109,121.77724562085288,0.35592610240650424,19.33308991778555,0.00014847171642135346,1585.0,275.45746305183013,2.9252767001842982e-06,0,15674,0.07298504561185837,233,3.725290298461914e-09,3240,1.0,20.0,20.0,20.0,0.9523809523809523,0.9523809523809523,0.9523809523809523,3240,1.0,20.0,20.0,20.0,0.9523809523809523,0.9523809523809523,0.9523809523809523,4824,1.0,19.999999115898813,20.0,20.000001072883382,0.9523809503761878,0.9523809523809523,0.9523809548137944
83,1.3833333333333333,True,valid,0.005818374004452303,0.005174299987652466,0.17417783298273282,116.9525483976262,116.95343065332199,0.005123055324488056,119.77329240481565,0.36787789039591695,26.062069559476736,0.00014308624860366758,1585.0,319.56552195167404,2.8259457048615906e-06,0,15554,0.07504358142614365,235,3.725290298461914e-09,3240,1.0,20.0,20.0,20.0,0.9523809523809523,0.9523809523809523,0.9523809523809523,3240,1.0,20.0,20.0,20.0,0.9523809523809523,0.9523809523809523,0.9523809523809523,4824,1.0,19.999999115898813,20.0,20.000001072883382,0.9523809503761878,0.9523809523809523,0.9523809548137944
84,1.4,True,valid,0.0058331959772237535,0.005284722136300385,0.18267582012376796,119.16158236436262,119.1626396696263,0.005242161221811928,124.00687736334453,0.3721871155512921,36.01245655974682,0.00014629979222706736,1585.0,435.004105496021,2.8452898989401275e-06,0,15657,0.07669628411531448,230,7.450580596923828e-09,3240,1.0,20.0,20.0,20.0,0.9523809523809523,0.9523809523809523,0.9523809523809523,3240,1.0,20.0,20.0,20.0,0.9523809523809523,0.9523809523809523,0.9523809523809523,4824,1.0,19.999999115898813,20.0,20.000001072883382,0.9523809503761878,0.9523809523809523,0.9523809548137944
85,1.4166666666666667,True,valid,0.005715661368225481,0.005247089991555153,0.19150606200900872,131.66347798097303,131.66501092655014,0.006636835320510353,135.5061377639058,0.8637971544706876,33.224942891234484,0.00015983674284218523,1585.0,645.1557810525167,3.0408919290079564e-06,0,15791,0.07792798429727554,232,3.725290298461914e-09,3240,1.0,20.0,20.0,20.0,0.9523809523809523,0.9523809523809523,0.9523809523809523,3240,1.0,20.0,20.0,20.0,0.9523809523809523,0.9523809523809523,0.9523809523809523,4824,1.0,19.999999115898813,20.0,20.000001072883382,0.9523809503761878,0.9523809523809523,0.9523809548137944
86,1.4333333333333333,True,valid,0.005590404986564947,0.005081388662631834,0.19625986408785473,145.735959759847,145.73833799455858,0.011593019467749524,149.60277433079952,0.7899516745842396,31.830379568294227,0.00018152459390387635,1585.0,714.2275054843736,3.3235152203127663e-06,0,15885,0.07873265445232391,232,3.725290298461914e-09,3240,1.0,20.0,20.0,20.0,0.9523809523809523,0.9523809523809523,0.9523809523809523,3240,1.0,20.0,20.0,20.0,0.9523809523809523,0.9523809523809523,0.9523809523809523,4824,1.0,19.999999115898813,20.0,20.000001072883382,0.9523809503761878,0.9523809523809523,0.9523809548137944
87,1.45,True,valid,0.00558296783338984,0.005391416891046909,0.20088909658260823,156.43155556914857,156.43399414127109,0.009932568343071935,161.09093843591464,0.7805320198087256,40.076531793805145,0.00020040182191475176,1585.0,567.4426159194923,3.527458180887518e-06,0,15996,0.07929671555757523,236,7.450580596923828e-09,3240,1.0,20.0,20.0,20.0,0.9523809523809523,0.9523809523809523,0.9523809523809523,3240,1.0,20.0,20.0,20.0,0.9523809523809523,0.9523809523809523,0.9523809523809523,4824,1.0,19.999999115898813,20.0,20.000001072883382,0.9523809503761878,0.9523809523809523,0.9523809548137944
88,1.4666666666666666,True,valid,0.005618099652977128,0.006053442522508016,0.20662029766517803,173.4338147544066,173.43676859097576,0.010540621999412119,179.04992922106274,0.8030484805983076,42.58061044527969,0.00022401376016396878,1585.0,610.213378186977,3.8400990721115296e-06,0,16084,0.0789724662899971,243,3.725290298461914e-09,3240,1.0,20.0,20.0,20.0,0.9523809523809523,0.9523809523809523,0.9523809523809523,3240,1.0,20.0,20.0,20.0,0.9523809523809523,0.9523809523809523,0.9523809523809523,4824,1.0,19.999999115898813,20.0,20.000001072883382,0.9523809503761878,0.9523809523809523,0.9523809548137944
89,1.4833333333333334,True,valid,0.00571672656069761,0.005632646466414664,0.21063958637729696,189.96675421592283,189.97062833956795,0.013398985577558888,195.72055795747352,0.9736470678438072,48.3156899692294,0.00024521751190693676,1585.0,733.4460486131085,4.192685670426257e-06,0,16168,0.07816574722528458,240,7.450580596923828e-09,3240,1.0,20.0,20.0,20.0,0.9523809523809523,0.9523809523809523,0.9523809523809523,3240,1.0,20.0,20.0,20.0,0.9523809523809523,0.9523809523809523,0.9523809523809523,4824,1.0,19.999999115898813,20.0,20.000001072883382,0.9523809503761878,0.9523809523809523,0.9523809548137944
90,1.5,True,valid,0.005999558342716476,0.0056259539618731935,0.21152913978650542,207.13982567576002,207.1442878932541,0.014284512664901784,212.51781115887368,1.1176353745096983,48.78050342713974,0.00027309122207784845,1585.0,841.0974224699074,4.555152215703872e-06,0,16207,0.07661793380975723,244,3.725290298461914e-09,3240,1.0,20.0,20.0,20.0,0.9523809523809523,0.9523809523809523,0.9523809523809523,3240,1.0,20.0,20.0,20.0,0.9523809523809523,0.9523809523809523,0.9523809523809523,4824,1.0,19.999999115898813,20.0,20.000001072883382,0.9523809503761878,0.9523809523809523,0.9523809548137944
91,1.5166666666666666,True,valid,0.006008824015138291,0.006030852464357289,0.21224969648290753,235.06419661748848,235.06981230293866,0.01703159421056981,240.6154668755291,1.3641750417268659,51.49151282782277,0.00031638160094678096,1585.0,1020.751181844959,5.113720943448956e-06,0,16228,0.07428488880395889,247,1.862645149230957e-09,3240,1.0,20.0,20.0,20.0,0.9523809523809523,0.9523809523809523,0.9523809523809523,3240,1.0,20.0,20.0,20.0,0.9523809523809523,0.9523809523809523,0.9523809523809523,4824,1.0,19.999999115898813,20.0,20.000001072883382,0.9523809503761878,0.9523809523809523,0.9523809548137944
92,1.5333333333333334,True,valid,0.005670563294017118,0.005886442795466257,0.21341059655934003,257.3923146546581,257.398863838572,0.02032757059537425,262.9853615120389,1.4590100290971726,55.471750400207306,0.00034821452996777204,1585.0,1283.406582809287,5.574969924794607e-06,0,16168,0.07074155658483505,243,3.725290298461914e-09,3240,1.0,20.0,20.0,20.0,0.9523809523809523,0.9523809523809523,0.9523809523809523,3240,1.0,20.0,20.0,20.0,0.9523809523809523,0.9523809523809523,0.9523809523809523,4824,1.0,19.999999115898813,20.0,20.000001072883382,0.9523809503761878,0.9523809523809523,0.9523809548137944
93,1.55,True,valid,0.005447063242401274,0.005840287985315795,0.2127997376928976,273.3939351408386,273.40041900152664,0.02091332946344609,278.42762254339186,1.5662997111979877,54.79584471870523,0.00037144568380501763,1585.0,1949.6113915287326,5.90110482279734e-06,0,16201,0.06581438332796097,244,2.7939677238464355e-09,3240,1.0,20.0,20.0,20.0,0.9523809523809523,0.9523809523809523,0.9523809523809523,3240,1.0,20.0,20.0,20.0,0.9523809523809523,0.9523809523809523,0.9523809523809523,4824,1.0,19.999999115898813,20.0,20.000001072883382,0.9523809503761878,0.9523809523809523,0.9523809548137944
94,1.5666666666666667,True,valid,0.005297392166655783,0.006010099219140189,0.21135156782673745,290.8763331893229,290.8837192800518,0.023334123933707054,295.6310063029505,1.7544515892411776,54.18824370805797,0.0004029962002374772,1585.0,2098.331394812202,6.271726092407034e-06,38,16221,0.05941746383905411,240,2.7939677238464355e-09,3240,1.0,20.0,20.0,20.0,0.9523809523809523,0.9523809523809523,0.9523809523809523,3240,1.0,20.0,20.0,20.0,0.9523809523809523,0.9523809523809523,0.9523809523809523,4824,1.0,19.999999115898813,20.0,20.000001072883382,0.9523809503761878,0.9523809523809523,0.9523809548137944
95,1.5833333333333333,True,valid,0.005259632078139552,0.006258849856380261,0.2086813982393318,312.73369846527004,312.74167639732383,0.02508403641642197,316.89044980617894,1.8077119684142273,52.602314067420885,0.00042822792844605186,1585.0,2501.6759541015904,6.712528393827731e-06,66,16565,0.05338935926556587,236,2.9103830456733704e-09,3240,1.0,20.0,20.0,20.0,0.9523809523809523,0.9523809523809523,0.9523809523809523,3240,1.0,20.0,20.0,20.0,0.9523809523809523,0.9523809523809523,0.9523809523809523,4824,1.0,19.999999115898813,20.0,20.000001072883382,0.9523809503761878,0.9523809523809523,0.9523809548137944
96,1.6,True,valid,0.005316439487797012,0.006538972281046947,0.20575593999412373,328.3173548214141,328.3251094746492,0.024558391933003573,332.2895477218122,1.8057834855316575,51.58343637775149,0.0004486296110525798,1585.0,2168.480323481115,7.042301824834541e-06,76,16743,0.05338466539978981,235,3.259629011154175e-09,3240,1.0,20.0,20.0,20.0,0.9523809523809523,0.9523809523809523,0.9523809523809523,3240,1.0,20.0,20.0,20.0,0.9523809523809523,0.9523809523809523,0.9523809523809523,4824,1.0,19.999999115898813,20.0,20.000001072883382,0.9523809503761878,0.9523809523809523,0.9523809548137944
97,1.6166666666666667,True,valid,0.0053514792158604885,0.0067535142758083505,0.2011415556706768,328.2613919362084,328.2689876490328,0.024708562911426174,331.80754810947263,1.8763100731685447,46.495344895287204,0.00043863105155224623,1585.0,2479.5077713502656,7.019949121432719e-06,61,16674,0.05304897949099541,229,2.7939677238464355e-09,3240,1.0,20.0,20.0,20.0,0.9523809523809523,0.9523809523809523,0.9523809523809523,3240,1.0,20.0,20.0,20.0,0.9523809523809523,0.9523809523809523,0.9523809523809523,4824,1.0,19.999999115898813,20.0,20.000001072883382,0.9523809503761878,0.9523809523809523,0.9523809548137944
98,1.6333333333333333,True,valid,0.005501608498314091,0.0069495984267725595,0.19541453577394144,326.9559047983959,326.9634348630289,0.024260189514636387,329.7332150411272,1.8612183341920432,41.78976338653634,0.00043934066843950815,1585.0,1929.018949210049,7.018154255575061e-06,9,16377,0.061780378222465515,228,5.587935447692871e-09,3240,1.0,20.0,20.0,20.0,0.9523809523809523,0.9523809523809523,0.9523809523809523,3240,1.0,20.0,20.0,20.0,0.9523809523809523,0.9523809523809523,0.9523809523809523,4824,1.0,19.999999115898813,20.0,20.000001072883382,0.9523809503761878,0.9523809523809523,0.9523809548137944
99,1.65,True,valid,0.005761200150284395,0.00719721952702719,0.19130758511037035,320.4858390447798,320.49297823776413,0.022880840645628946,322.3874575019353,1.7717016634439418,35.18391694917209,0.000426743398553534,1585.0,1728.3496984830003,6.893843716389891e-06,0,16394,0.07245293259620667,218,1.862645149230957e-09,3240,1.0,20.0,20.0,20.0,0.9523809523809523,0.9523809523809523,0.9523809523809523,3240,1.0,20.0,20.0,20.0,0.9523809523809523,0.9523809523809523,0.9523809523809523,4824,1.0,19.999999115898813,20.0,20.000001072883382,0.9523809503761878,0.9523809523809523,0.9523809548137944
100,1.6666666666666667,True,valid,0.006217913697464626,0.007678420313589252,0.18583849284631676,317.2086354368467,317.21566622301106,0.02271311281814752,318.1045267439191,1.8081756473730828,21.951842351408658,0.0004234571566393819,1585.0,1503.6831368913593,6.8600691037143e-06,0,16318,0.08357589691877365,213,5.587935447692871e-09,3240,1.0,20.0,20.0,20.0,0.9523809523809523,0.9523809523809523,0.9523809523809523,3240,1.0,20.0,20.0,20.0,0.9523809523809523,0.9523809523809523,0.9523809523809523,4824,1.0,19.999999115898813,20.0,20.000001072883382,0.9523809503761878,0.9523809523809523,0.9523809548137944
101,1.6833333333333333,True,valid,0.006542837005071943,0.008271919087396301,0.17947302584979175,307.23178045510514,307.23862977523635,0.022744089331158807,307.46138689129845,1.7178049009026146,11.823787468859306,0.0004104430377757717,1585.0,1249.552679995282,6.736223531090142e-06,0,16210,0.09441003203392029,180,7.450580596923828e-09,3240,1.0,20.0,20.0,20.0,0.9523809523809523,0.9523809523809523,0.9523809523809523,3240,1.0,20.0,20.0,20.0,0.9523809523809523,0.9523809523809523,0.9523809523809523,4824,1.0,19.999999115898813,20.0,20.000001072883382,0.9523809503761878,0.9523809523809523,0.9523809548137944
102,1.7,True,valid,0.006692812102337025,0.008708075663387002,0.17564362142275822,297.4369351779033,297.4434981422847,0.02203756307622803,297.5744776183258,1.7002340366024713,5.632635437973749,0.00039746065496346354,1585.0,1181.2632451884524,6.522350998903069e-06,0,16152,0.10447592288255692,124,7.450580596923828e-09,3240,1.0,20.0,20.0,20.0,0.9523809523809523,0.9523809523809523,0.9523809523809523,3240,1.0,20.0,20.0,20.0,0.9523809523809523,0.9523809523809523,0.9523809523809523,4824,1.0,19.999999115898813,20.0,20.000001072883382,0.9523809503761878,0.9523809523809523,0.9523809548137944
103,1.7166666666666666,True,valid,0.006721794670470504,0.008957808463478292,0.17226723883830786,283.1999434141197,283.20650290785875,0.022369062651150212,283.3424999523674,1.6541137891963815,7.843680205440273,0.00037892263138279274,1585.0,1068.024480936794,6.271453140425633e-06,0,16200,0.11405453830957413,157,7.450580596923828e-09,3240,1.0,20.0,20.0,20.0,0.9523809523809523,0.9523809523809523,0.9523809523809523,3240,1.0,20.0,20.0,20.0,0.9523809523809523,0.9523809523809523,0.9523809523809523,4824,1.0,19.999999115898813,20.0,20.000001072883382,0.9523809503761878,0.9523809523809523,0.9523809548137944
104,1.7333333333333334,True,valid,0.006520561178787885,0.008693774749360658,0.17301321367079167,271.79448335089415,271.80061016438043,0.021622758047054075,272.5823885917135,1.5753564494806591,22.98701009630992,0.00036047949728731135,1585.0,1220.828823627996,5.9911351869111835e-06,0,16164,0.12437163293361664,145,3.725290298461914e-09,3240,1.0,20.0,20.0,20.0,0.9523809523809523,0.9523809523809523,0.9523809523809523,3240,1.0,20.0,20.0,20.0,0.9523809523809523,0.9523809523809523,0.9523809523809523,4824,1.0,19.999999115898813,20.0,20.000001072883382,0.9523809503761878,0.9523809523809523,0.9523809548137944
105,1.75,True,valid,0.006834970013040035,0.008552025166766468,0.17755491680104493,257.56257551997163,257.56755285768645,0.019006598967005316,258.55967869772167,1.5908846436115178,23.40157659671973,0.00034077897993387826,1585.0,1214.8959764915571,5.744678666991134e-06,0,16152,0.13477085530757904,144,3.725290298461914e-09,3240,1.0,20.0,20.0,20.0,0.9523809523809523,0.9523809523809523,0.9523809523809523,3240,1.0,20.0,20.0,20.0,0.9523809523809523,0.9523809523809523,0.9523809523809523,4824,1.0,19.999999115898813,20.0,20.000001072883382,0.9523809503761878,0.9523809523809523,0.9523809548137944
106,1.7666666666666666,True,valid,0.007194225479215087,0.008336251351098079,0.1929541764772746,240.82261499375713,240.82732400180313,0.01747894482397748,242.8386276644659,1.4944407791469796,30.770762853316704,0.0003108196671385613,1585.0,884.2670580892736,5.274347034275812e-06,0,16162,0.14517007768154144,169,7.450580596923828e-09,3240,1.0,20.0,20.0,20.0,0.9523809523809523,0.9523809523809523,0.9523809523809523,3240,1.0,20.0,20.0,20.0,0.9523809523809523,0.9523809523809523,0.9523809523809523,4824,1.0,19.999999115898813,20.0,20.000001072883382,0.9523809503761878,0.9523809523809523,0.9523809548137944
107,1.7833333333333334,True,valid,0.007448294138981337,0.008044503793236539,0.20271891011065124,214.37560927651617,214.38017586108498,0.016630632485577893,217.91140539581644,1.3698689961053891,38.49248328786974,0.0002791733268683767,1585.0,894.0358622074493,4.785465614736992e-06,0,16208,0.14916875958442688,174,7.450580596923828e-09,3240,1.0,20.0,20.0,20.0,0.9523809523809523,0.9523809523809523,0.9523809523809523,3240,1.0,20.0,20.0,20.0,0.9523809523809523,0.9523809523809523,0.9523809523809523,4824,1.0,19.999999115898813,20.0,20.000001072883382,0.9523809503761878,0.9523809523809523,0.9523809548137944
108,1.8,True,valid,0.007614304246438546,0.007861875152980723,0.2105986286527039,209.94219104969528,209.94638545428694,0.015296144390852136,214.3159681676268,1.2293410886086227,45.15417562925613,0.0002679586967751364,1585.0,867.503511084247,4.691777969110046e-06,131,16605,0.14922881126403809,194,7.450580596923828e-09,3240,1.0,20.0,20.0,20.0,0.9523809523809523,0.9523809523809523,0.9523809523809523,3240,1.0,20.0,20.0,20.0,0.9523809523809523,0.9523809523809523,0.9523809523809523,4824,1.0,19.999999115898813,20.0,20.000001072883382,0.9523809503761878,0.9523809523809523,0.9523809548137944
109,1.8166666666666667,True,valid,0.007394670784489389,0.007638584086624128,0.21477476667265066,187.53113706826483,187.5344459646105,0.017297951642147324,192.0756406540697,1.2312102199200332,44.91191935048844,0.00024041245084672222,1585.0,789.4427458873433,4.259873711382972e-06,244,17187,0.1492888629436493,193,7.450580596923828e-09,3240,1.0,20.0,20.0,20.0,0.9523809523809523,0.9523809523809523,0.9523809523809523,3240,1.0,20.0,20.0,20.0,0.9523809523809523,0.9523809523809523,0.9523809523809523,4824,1.0,19.999999115898813,20.0,20.000001072883382,0.9523809503761878,0.9523809523809523,0.9523809548137944
110,1.8333333333333333,True,valid,0.006853918509423523,0.006920510504699161,0.22124694475448536,178.33888675620616,178.34258450599077,0.016666623265264052,184.20151164982184,1.1537444218110644,43.76002164657471,0.00022345017067127497,1585.0,769.7519337852644,4.0684592517582366e-06,252,17479,0.1519874781370163,185,7.450580596923828e-09,3240,1.0,20.0,20.0,20.0,0.9523809523809523,0.9523809523809523,0.9523809523809523,3240,1.0,20.0,20.0,20.0,0.9523809523809523,0.9523809523809523,0.9523809523809523,4824,1.0,19.999999115898813,20.0,20.000001072883382,0.9523809503761878,0.9523809523809523,0.9523809548137944
111,1.85,True,valid,0.0063694286019759325,0.0062720335981507605,0.2252077862600406,163.1022425427494,163.10463475377895,0.012092363598037451,174.973998865372,1.193221283199082,63.80533753126512,0.0002023632132945379,1585.0,670.706881258629,3.7860398036409108e-06,233,17311,0.15434332191944122,186,7.450580596923828e-09,3240,1.0,20.0,20.0,20.0,0.9523809523809523,0.9523809523809523,0.9523809523809523,3240,1.0,20.0,20.0,20.0,0.9523809523809523,0.9523809523809523,0.9523809523809523,4824,1.0,19.999999115898813,20.0,20.000001072883382,0.9523809503761878,0.9523809523809523,0.9523809548137944
112,1.8666666666666667,True,valid,0.006075698870788154,0.006124640140433625,0.22825664775396046,149.34467283516986,149.3468425237314,0.012447636414162593,165.53573377744365,0.955467115699821,74.39139169293195,0.0001785541501965706,1585.0,994.7337032967905,3.486015159329771e-06,93,16377,0.15634329617023468,190,7.450580596923828e-09,3240,1.0,20.0,20.0,20.0,0.9523809523809523,0.9523809523809523,0.9523809523809523,3240,1.0,20.0,20.0,20.0,0.9523809523809523,0.9523809523809523,0.9523809523809523,4824,1.0,19.999999115898813,20.0,20.000001072883382,0.9523809503761878,0.9523809523809523,0.9523809548137944
113,1.8833333333333333,True,valid,0.005789920086928161,0.006114407338254151,0.22689095480115742,134.0594251779018,134.06074996686542,0.008075366584954948,157.0270972529115,1.0304860920280299,79.54630071079583,0.0001586533145979893,1585.0,412.82762373972696,3.159298298498963e-06,0,15771,0.15730562806129456,193,7.450580596923828e-09,3240,1.0,20.0,20.0,20.0,0.9523809523809523,0.9523809523809523,0.9523809523809523,3240,1.0,20.0,20.0,20.0,0.9523809523809523,0.9523809523809523,0.9523809523809523,4824,1.0,19.999999115898813,20.0,20.000001072883382,0.9523809503761878,0.9523809523809523,0.9523809548137944
114,1.9,True,valid,0.005513044361648165,0.005470529113724535,0.2223290253797057,131.53041350548142,131.53198937752387,0.009398699733973712,159.21595997604805,1.000527115669899,88.59664718149217,0.00015068719778662761,1585.0,721.6024688167266,3.0773805095719407e-06,0,15860,0.15723289549350739,192,7.450580596923828e-09,3240,1.0,20.0,20.0,20.0,0.9523809523809523,0.9523809523809523,0.9523809523809523,3240,1.0,20.0,20.0,20.0,0.9523809523809523,0.9523809523809523,0.9523809523809523,4824,1.0,19.999999115898813,20.0,20.000001072883382,0.9523809503761878,0.9523809523809523,0.9523809548137944
115,1.9166666666666667,True,valid,0.0056580908594547836,0.005362625722170489,0.21968014085866894,132.59715996569665,132.5984208066816,0.006482355330932292,159.70944307692517,0.5714332165339606,88.60118645775756,0.00016068633971305556,1585.0,610.7261250367275,3.1275351545516738e-06,0,15887,0.15650929510593414,188,7.450580596923828e-09,3240,1.0,20.0,20.0,20.0,0.9523809523809523,0.9523809523809523,0.9523809523809523,3240,1.0,20.0,20.0,20.0,0.9523809523809523,0.9523809523809523,0.9523809523809523,4824,1.0,19.999999115898813,20.0,20.000001072883382,0.9523809503761878,0.9523809523809523,0.9523809548137944
116,1.9333333333333333,True,valid,0.005668163705787134,0.0052401364870273935,0.21604665242874962,143.13354235344846,143.1351468704071,0.007206391402703917,165.76150615397935,0.5773726403433735,81.56667203821581,0.0001766638662236379,1585.0,445.4756959078883,3.294633415188116e-06,0,15920,0.15471887588500977,180,7.450580596923828e-09,3240,1.0,20.0,20.0,20.0,0.9523809523809523,0.9523809523809523,0.9523809523809523,3240,1.0,20.0,20.0,20.0,0.9523809523809523,0.9523809523809523,0.9523809523809523,4824,1.0,19.999999115898813,20.0,20.000001072883382,0.9523809503761878,0.9523809523809523,0.9523809548137944
117,1.95,True,valid,0.005309165943308779,0.004891302920047074,0.21459768472003832,154.33574036843146,154.33781644259682,0.008713020880139205,173.83131344945863,0.5714252757013293,79.11273418950522,0.00019423827871488966,1585.0,491.27235665506726,3.4874649112839665e-06,51,16045,0.15168602764606476,178,7.450580596923828e-09,3240,1.0,20.0,20.0,20.0,0.9523809523809523,0.9523809523809523,0.9523809523809523,3240,1.0,20.0,20.0,20.0,0.9523809523809523,0.9523809523809523,0.9523809523809523,4824,1.0,19.999999115898813,20.0,20.000001072883382,0.9523809503761878,0.9523809523809523,0.9523809548137944
118,1.9666666666666666,True,valid,0.00493557457646289,0.0046672678845445775,0.21073412632891272,168.15335706393682,168.15597921307423,0.010085586907817258,185.1965614593442,0.6282168825819767,77.23801996833345,0.0002154637244388403,1585.0,644.8981689429501,3.7408881950703826e-06,147,16626,0.1470641791820526,176,7.450580596923828e-09,3240,1.0,20.0,20.0,20.0,0.9523809523809523,0.9523809523809523,0.9523809523809523,3240,1.0,20.0,20.0,20.0,0.9523809523809523,0.9523809523809523,0.9523809523809523,4824,1.0,19.999999115898813,20.0,20.000001072883382,0.9523809503761878,0.9523809523809523,0.9523809548137944
119,1.9833333333333334,True,valid,0.004759054092465922,0.0046658283735638685,0.20623525795972236,188.31939836556356,188.32282051364703,0.011529448195864786,202.56874404691573,0.7700748178977868,73.99461120466515,0.00024666655210878413,1585.0,822.8294079955239,4.1516655510610944e-06,153,17039,0.14119629561901093,176,3.725290298461914e-09,3240,1.0,20.0,20.0,20.0,0.9523809523809523,0.9523809523809523,0.9523809523809523,3240,1.0,20.0,20.0,20.0,0.9523809523809523,0.9523809523809523,0.9523809523809523,4824,1.0,19.999999115898813,20.0,20.000001072883382,0.9523809503761878,0.9523809523809523,0.9523809548137944
120,2.0,True,valid,0.004825818182041952,0.005011291336867409,0.2022240845252515,210.89745711796863,210.90173881003787,0.01395342147319807,223.62301099957259,1.0194495690029497,71.48763034411365,0.0002788679399068686,1585.0,751.0335770600734,4.6296874237764104e-06,109,16653,0.1345745176076889,174,3.725290298461914e-09,3240,1.0,20.0,20.0,20.0,0.9523809523809523,0.9523809523809523,0.9523809523809523,3240,1.0,20.0,20.0,20.0,0.9523809523809523,0.9523809523809523,0.9523809523809523,4824,1.0,19.999999115898813,20.0,20.000001072883382,0.9523809503761878,0.9523809523809523,0.9523809548137944
121,2.0166666666666666,True,valid,0.004917900611896315,0.005378559350886767,0.20023677155884337,227.67415764681985,227.6791799154629,0.016627716506778464,239.8791296736838,1.227236987201278,71.46875913623107,0.00030145698602079693,1585.0,846.7896600359257,4.968807784061497e-06,24,16131,0.12748776376247406,173,3.725290298461914e-09,3240,1.0,20.0,20.0,20.0,0.9523809523809523,0.9523809523809523,0.9523809523809523,3240,1.0,20.0,20.0,20.0,0.9523809523809523,0.9523809523809523,0.9523809523809523,4824,1.0,19.999999115898813,20.0,20.000001072883382,0.9523809503761878,0.9523809523809523,0.9523809548137944
122,2.033333333333333,True,valid,0.005172556641647141,0.00593054434471666,0.19820948244270187,246.53368575121738,246.53915441109885,0.024707486919742654,257.53675844773505,1.2488658742912926,71.92572374532416,0.00032889344665154525,1585.0,1093.7380871376583,5.365106548779655e-06,0,16109,0.1202450767159462,167,7.450580596923828e-09,3240,1.0,20.0,20.0,20.0,0.9523809523809523,0.9523809523809523,0.9523809523809523,3240,1.0,20.0,20.0,20.0,0.9523809523809523,0.9523809523809523,0.9523809523809523,4824,1.0,19.999999115898813,20.0,20.000001072883382,0.9523809503761878,0.9523809523809523,0.9523809548137944
123,2.05,True,valid,0.005474904141572388,0.006327047988694801,0.194777674265679,266.36342631059335,266.3695661820321,0.019863473061941438,276.56756088192117,1.395625324000512,70.90902428339881,0.0003581503641056869,1585.0,1222.0861488691316,5.800647332624012e-06,0,16147,0.11259564012289047,171,3.725290298461914e-09,3240,1.0,20.0,20.0,20.0,0.9523809523809523,0.9523809523809523,0.9523809523809523,3240,1.0,20.0,20.0,20.0,0.9523809523809523,0.9523809523809523,0.9523809523809523,4824,1.0,19.999999115898813,20.0,20.000001072883382,0.9523809503761878,0.9523809523809523,0.9523809548137944
124,2.066666666666667,True,valid,0.0055749608457401735,0.0065852149312332795,0.19104745902512668,286.96813623089633,286.9747677917184,0.022464119558369463,295.4258138013955,1.5244590665609754,67.13212235842974,0.00038530060342639835,1585.0,1473.9523887015837,6.2724582305605655e-06,0,16277,0.1042427197098732,166,7.450580596923828e-09,3240,1.0,20.0,20.0,20.0,0.9523809523809523,0.9523809523809523,0.9523809523809523,3240,1.0,20.0,20.0,20.0,0.9523809523809523,0.9523809523809523,0.9523809523809523,4824,1.0,19.999999115898813,20.0,20.000001072883382,0.9523809503761878,0.9523809523809523,0.9523809548137944
125,2.0833333333333335,True,valid,0.005619103513520201,0.006792065533198125,0.18775963162564108,299.71944899831595,299.7262592457645,0.022340783024687904,306.13002608154534,1.4927254246461716,58.70590019572595,0.00040363072022808055,1585.0,1557.7787474324027,6.527017019087587e-06,0,16426,0.09543810039758682,164,3.725290298461914e-09,3240,1.0,20.0,20.0,20.0,0.9523809523809523,0.9523809523809523,0.9523809523809523,3240,1.0,20.0,20.0,20.0,0.9523809523809523,0.9523809523809523,0.9523809523809523,4824,1.0,19.999999115898813,20.0,20.000001072883382,0.9523809503761878,0.9523809523809523,0.9523809548137944
126,2.1,True,valid,0.005549790499961551,0.007110761112145162,0.1836705999628566,307.1248276893393,307.13159127365276,0.022729325289164267,310.986486190658,1.582886017713939,45.773426504725386,0.0004128220982813245,1585.0,1575.163479352746,6.701392424788075e-06,0,16395,0.0868903174996376,151,5.587935447692871e-09,3240,1.0,20.0,20.0,20.0,0.9523809523809523,0.9523809523809523,0.9523809523809523,3240,1.0,20.0,20.0,20.0,0.9523809523809523,0.9523809523809523,0.9523809523809523,4824,1.0,19.999999115898813,20.0,20.000001072883382,0.9523809503761878,0.9523809523809523,0.9523809548137944
127,2.1166666666666667,True,valid,0.005470023324067441,0.007331864496753548,0.1815555143843587,313.8417313787501,313.8485518637335,0.022334652387201042,315.5694809709008,1.5384054251118615,29.200039160819422,0.00041838924102990585,1585.0,1558.4588260740024,6.8217289699751575e-06,0,16218,0.0784563347697258,145,5.587935447692871e-09,3240,1.0,20.0,20.0,20.0,0.9523809523809523,0.9523809523809523,0.9523809523809523,3240,1.0,20.0,20.0,20.0,0.9523809523809523,0.9523809523809523,0.9523809523809523,4824,1.0,19.999999115898813,20.0,20.000001072883382,0.9523809503761878,0.9523809523809523,0.9523809548137944
128,2.1333333333333333,True,valid,0.005508802259874918,0.007360781164569892,0.18103177099012677,316.2557164476317,316.2627711136999,0.023080427304106373,317.3523853301825,1.5651752707130702,22.338796112771902,0.00042437725033281625,1585.0,1476.1467327286312,6.907786322174163e-06,0,16171,0.0709436759352684,164,3.725290298461914e-09,3240,1.0,20.0,20.0,20.0,0.9523809523809523,0.9523809523809523,0.9523809523809523,3240,1.0,20.0,20.0,20.0,0.9523809523809523,0.9523809523809523,0.9523809523809523,4824,1.0,19.999999115898813,20.0,20.000001072883382,0.9523809503761878,0.9523809523809523,0.9523809548137944
129,2.15,True,valid,0.005575606144379537,0.007476212113727094,0.1795576862134737,323.4351839890459,323.44271021247306,0.023780112764386838,323.9953892736283,1.544078832824232,15.434721621457799,0.0004401492151063852,1585.0,1503.2711978285051,7.075999561860387e-06,0,16187,0.06542912870645523,199,3.725290298461914e-09,3240,1.0,20.0,20.0,20.0,0.9523809523809523,0.9523809523809523,0.9523809523809523,3240,1.0,20.0,20.0,20.0,0.9523809523809523,0.9523809523809523,0.9523809523809523,4824,1.0,19.999999115898813,20.0,20.000001072883382,0.9523809503761878,0.9523809523809523,0.9523809548137944
130,2.1666666666666665,True,valid,0.0054584947706581635,0.007294672262855398,0.17935114684232428,324.27891665715424,324.28645529145643,0.025112051300057302,324.68063217164666,1.7963655063446986,15.047392799422186,0.0004481767172389458,1585.0,1454.9498961725044,7.1205260693827025e-06,0,16178,0.06019756197929382,228,3.026798367500305e-09,3240,1.0,20.0,20.0,20.0,0.9523809523809523,0.9523809523809523,0.9523809523809523,3240,1.0,20.0,20.0,20.0,0.9523809523809523,0.9523809523809523,0.9523809523809523,4824,1.0,19.999999115898813,20.0,20.000001072883382,0.9523809503761878,0.9523809523809523,0.9523809548137944
131,2.183333333333333,True,valid,0.005570083770339049,0.007427712713508375,0.18032428204940562,335.82883850617424,335.8370918954352,0.02607841026442189,336.72627504377226,1.6813118096534558,22.16325039969482,0.00047168113444210274,1585.0,1480.3940459321525,7.393925154896703e-06,0,16202,0.06388531625270844,228,3.4924596548080444e-09,3240,1.0,20.0,20.0,20.0,0.9523809523809523,0.9523809523809523,0.9523809523809523,3240,1.0,20.0,20.0,20.0,0.9523809523809523,0.9523809523809523,0.9523809523809523,4824,1.0,19.999999115898813,20.0,20.000001072883382,0.9523809503761878,0.9523809523809523,0.9523809548137944
132,2.2,True,valid,0.005842712780274282,0.007482885462652616,0.18133451253781738,334.15317902756664,334.1610347935187,0.025200373930034117,336.6953234334785,1.6487861508428592,37.18026851525317,0.000466785108057766,1585.0,1542.9981720453507,7.378692241873231e-06,0,16200,0.07127320021390915,229,2.7939677238464355e-09,3240,1.0,20.0,20.0,20.0,0.9523809523809523,0.9523809523809523,0.9523809523809523,3240,1.0,20.0,20.0,20.0,0.9523809523809523,0.9523809523809523,0.9523809523809523,4824,1.0,19.999999115898813,20.0,20.000001072883382,0.9523809503761878,0.9523809523809523,0.9523809548137944
133,2.216666666666667,True,valid,0.006135982746690747,0.007666733116296762,0.18479020741360053,336.8600464756172,336.86821072770044,0.025535699530424703,340.1082723917154,1.6083737817983763,44.04359098465062,0.0004692791131319907,1585.0,1603.6529440729294,7.438026050989587e-06,0,16170,0.07812990993261337,232,1.862645149230957e-09,3240,1.0,20.0,20.0,20.0,0.9523809523809523,0.9523809523809523,0.9523809523809523,3240,1.0,20.0,20.0,20.0,0.9523809523809523,0.9523809523809523,0.9523809523809523,4824,1.0,19.999999115898813,20.0,20.000001072883382,0.9523809503761878,0.9523809523809523,0.9523809548137944
134,2.2333333333333334,True,valid,0.006275970635197534,0.007780918421882262,0.1843493257930161,321.49981933893247,321.50763916577506,0.024204983200727788,325.51308498311425,1.6576380719864665,48.174073199933794,0.0004492003234117635,1585.0,1616.1428918106546,7.136230552165312e-06,0,16176,0.08470305055379868,238,1.862645149230957e-09,3240,1.0,20.0,20.0,20.0,0.9523809523809523,0.9523809523809523,0.9523809523809523,3240,1.0,20.0,20.0,20.0,0.9523809523809523,0.9523809523809523,0.9523809523809523,4824,1.0,19.999999115898813,20.0,20.000001072883382,0.9523809503761878,0.9523809523809523,0.9523809548137944
135,2.25,True,valid,0.0062224965712426705,0.007621184754701826,0.18531029613785624,317.336527699045,317.3442459131897,0.0243735692598974,321.4979604847364,1.635854823532807,50.594540335922915,0.000442046313410138,1585.0,1532.5621091326866,7.025849272925761e-06,0,16197,0.09074019640684128,247,7.450580596923828e-09,3240,1.0,20.0,20.0,20.0,0.9523809523809523,0.9523809523809523,0.9523809523809523,3240,1.0,20.0,20.0,20.0,0.9523809523809523,0.9523809523809523,0.9523809523809523,4824,1.0,19.999999115898813,20.0,20.000001072883382,0.9523809503761878,0.9523809523809523,0.9523809548137944
136,2.2666666666666666,True,valid,0.0062131737071460325,0.007557585346721668,0.18222641981506116,304.11625187388023,304.12399846455764,0.024956861791907675,306.64174636088933,1.6601645735754336,36.898364539919186,0.00043020677156762704,1585.0,1373.196529392487,6.807580887769233e-06,0,16197,0.09652920812368393,251,7.450580596923828e-09,3240,1.0,20.0,20.0,20.0,0.9523809523809523,0.9523809523809523,0.9523809523809523,3240,1.0,20.0,20.0,20.0,0.9523809523809523,0.9523809523809523,0.9523809523809523,4824,1.0,19.999999115898813,20.0,20.000001072883382,0.9523809503761878,0.9523809523809523,0.9523809548137944
137,2.283333333333333,True,valid,0.006133185019730462,0.007413079065960613,0.1806782893181186,293.4976584968324,293.50512463393994,0.02431044527068528,294.8081543757334,1.726387950303894,24.967941740938265,0.00041640063488102306,1585.0,1299.2924571601366,6.551872532055033e-06,0,16204,0.10217616707086563,255,7.450580596923828e-09,3240,1.0,20.0,20.0,20.0,0.9523809523809523,0.9523809523809523,0.9523809523809523,3240,1.0,20.0,20.0,20.0,0.9523809523809523,0.9523809523809523,0.9523809523809523,4824,1.0,19.999999115898813,20.0,20.000001072883382,0.9523809503761878,0.9523809523809523,0.9523809548137944
138,2.3,True,valid,0.006068811158534476,0.0074051361957967006,0.17815115480498084,281.7062561389607,281.7134681356275,0.02283374099732747,282.37429074968753,1.5535675041506118,15.795156667797116,0.000395516513429127,1585.0,1166.2844929510397,6.275991036826543e-06,0,16191,0.10751872509717941,249,3.725290298461914e-09,3240,1.0,20.0,20.0,20.0,0.9523809523809523,0.9523809523809523,0.9523809523809523,3240,1.0,20.0,20.0,20.0,0.9523809523809523,0.9523809523809523,0.9523809523809523,4824,1.0,19.999999115898813,20.0,20.000001072883382,0.9523809503761878,0.9523809523809523,0.9523809548137944
139,2.316666666666667,True,valid,0.00608811521587187,0.007416340800847796,0.17632952285776626,269.9469849417026,269.95284750909354,0.020250208455377963,270.3304647453133,1.5573933404234963,11.137412727105836,0.00037310936114342034,1585.0,1029.6501756563277,6.0329682692046665e-06,0,16114,0.11280544847249985,250,3.725290298461914e-09,3240,1.0,20.0,20.0,20.0,0.9523809523809523,0.9523809523809523,0.9523809523809523,3240,1.0,20.0,20.0,20.0,0.9523809523809523,0.9523809523809523,0.9523809523809523,4824,1.0,19.999999115898813,20.0,20.000001072883382,0.9523809503761878,0.9523809523809523,0.9523809548137944
140,2.3333333333333335,True,valid,0.0061811446160254715,0.007391315479992996,0.1747704593414207,259.4484838074181,259.4545851944938,0.019692108164731954,259.8722154441757,1.3247352577838236,17.081973321349153,0.0003583691549175317,1585.0,1253.626845875153,5.804849062512223e-06,0,16153,0.11750433593988419,250,3.725290298461914e-09,3240,1.0,20.0,20.0,20.0,0.9523809523809523,0.9523809523809523,0.9523809523809523,3240,1.0,20.0,20.0,20.0,0.9523809523809523,0.9523809523809523,0.9523809523809523,4824,1.0,19.999999115898813,20.0,20.000001072883382,0.9523809503761878,0.9523809523809523,0.9523809548137944
141,2.35,True,valid,0.006264106117813696,0.007110266415610559,0.1712812401681658,236.3557754344783,236.36100833021305,0.018708355298027356,237.07199244361755,1.3633217254040415,17.990507828494824,0.0003205383464391145,1585.0,878.0979872779976,5.315152300012664e-06,0,16115,0.12186172604560852,243,7.450580596923828e-09,3240,1.0,20.0,20.0,20.0,0.9523809523809523,0.9523809523809523,0.9523809523809523,3240,1.0,20.0,20.0,20.0,0.9523809523809523,0.9523809523809523,0.9523809523809523,4824,1.0,19.999999115898813,20.0,20.000001072883382,0.9523809503761878,0.9523809523809523,0.9523809548137944
142,2.3666666666666667,True,valid,0.006334302272947782,0.006723196760800763,0.17077906689782874,215.37409694204464,215.37853508865916,0.015228897558109137,216.87345372500565,1.1915555649047487,26.788441403703676,0.0002945028878220813,1585.0,804.2299943549352,4.949049736259817e-06,0,16028,0.12622672319412231,244,3.725290298461914e-09,3240,1.0,20.0,20.0,20.0,0.9523809523809523,0.9523809523809523,0.9523809523809523,3240,1.0,20.0,20.0,20.0,0.9523809523809523,0.9523809523809523,0.9523809523809523,4824,1.0,19.999999115898813,20.0,20.000001072883382,0.9523809503761878,0.9523809523809523,0.9523809548137944
143,2.3833333333333333,True,valid,0.00612109112960777,0.0061693773120665785,0.17551908262319518,194.77491757016793,194.7789441424278,0.013795493702398718,197.38830935779364,1.0755169566904008,33.31673464889805,0.0002647360428036195,1585.0,707.2442462359666,4.486859298572558e-06,0,16031,0.13085642457008362,248,7.450580596923828e-09,3240,1.0,20.0,20.0,20.0,0.9523809523809523,0.9523809523809523,0.9523809523809523,3240,1.0,20.0,20.0,20.0,0.9523809523809523,0.9523809523809523,0.9523809523809523,4824,1.0,19.999999115898813,20.0,20.000001072883382,0.9523809503761878,0.9523809523809523,0.9523809548137944
144,2.4,True,valid,0.005980312973453206,0.005925077067339875,0.17716857627107668,174.81362747876102,174.81673648633563,0.011705872482913448,177.92448405591543,0.8777122590574256,34.43112023310916,0.00023615702598413132,1585.0,611.9066509126291,4.071378448150582e-06,0,16035,0.13477787375450134,250,7.450580596923828e-09,3240,1.0,20.0,20.0,20.0,0.9523809523809523,0.9523809523809523,0.9523809523809523,3240,1.0,20.0,20.0,20.0,0.9523809523809523,0.9523809523809523,0.9523809523809523,4824,1.0,19.999999115898813,20.0,20.000001072883382,0.9523809503761878,0.9523809523809523,0.9523809548137944
145,2.4166666666666665,True,valid,0.005822162716314864,0.005700467335119565,0.1785152766131483,162.42229443514765,162.42515420992387,0.010230060603421453,167.8245914867371,0.7320961138595049,43.16869379401353,0.00021679929446248916,1585.0,658.7547716188852,3.7944582984356286e-06,0,16050,0.13722127676010132,247,7.450580596923828e-09,3240,1.0,20.0,20.0,20.0,0.9523809523809523,0.9523809523809523,0.9523809523809523,3240,1.0,20.0,20.0,20.0,0.9523809523809523,0.9523809523809523,0.9523809523809523,4824,1.0,19.999999115898813,20.0,20.000001072883382,0.9523809503761878,0.9523809523809523,0.9523809548137944
146,2.433333333333333,True,valid,0.00559057090178875,0.005473623814012946,0.1785057529752056,144.53880173021923,144.54101339887748,0.008390283644992037,154.3884121631106,0.6209078192531,54.73737767399178,0.0001894072872041977,1585.0,587.5047881724677,3.417159229289055e-06,0,15936,0.1399063915014267,255,7.450580596923828e-09,3240,1.0,20.0,20.0,20.0,0.9523809523809523,0.9523809523809523,0.9523809523809523,3240,1.0,20.0,20.0,20.0,0.9523809523809523,0.9523809523809523,0.9523809523809523,4824,1.0,19.999999115898813,20.0,20.000001072883382,0.9523809503761878,0.9523809523809523,0.9523809548137944
147,2.45,True,valid,0.005369657397874767,0.005323213762684783,0.1786082480425534,126.73212663059289,126.73351955844711,0.006475790150683933,140.82375263503891,0.47732867621109193,61.05162504299624,0.0001630722225872194,1585.0,327.9775990952564,3.040549511767523e-06,0,15814,0.1416124850511551,248,7.450580596923828e-09,3240,1.0,20.0,20.0,20.0,0.9523809523809523,0.9523809523809523,0.9523809523809523,3240,1.0,20.0,20.0,20.0,0.9523809523809523,0.9523809523809523,0.9523809523809523,4824,1.0,19.999999115898813,20.0,20.000001072883382,0.9523809503761878,0.9523809523809523,0.9523809548137944
148,2.466666666666667,True,valid,0.005362229234575277,0.005271343394870581,0.1789169192537458,116.68430384335393,116.68542180413526,0.0060177717445444815,133.27791116570626,0.38171597189691897,66.09094611888948,0.00014388980629471488,1585.0,651.0874083233166,2.8086340812098837e-06,0,15656,0.14198225736618042,243,7.450580596923828e-09,3240,1.0,20.0,20.0,20.0,0.9523809523809523,0.9523809523809523,0.9523809523809523,3240,1.0,20.0,20.0,20.0,0.9523809523809523,0.9523809523809523,0.9523809523809523,4824,1.0,19.999999115898813,20.0,20.000001072883382,0.9523809503761878,0.9523809523809523,0.9523809548137944
149,2.4833333333333334,True,valid,0.005439887952601935,0.005097745046523052,0.18117443118159862,116.85751988175157,116.85858839240365,0.006303207924971902,132.7803202585935,0.5970412870061025,61.02838857795942,0.00014031679300562108,1585.0,473.7260994241628,2.793477061105847e-06,0,15660,0.14205940067768097,246,7.450580596923828e-09,3240,1.0,20.0,20.0,20.0,0.9523809523809523,0.9523809523809523,0.9523809523809523,3240,1.0,20.0,20.0,20.0,0.9523809523809523,0.9523809523809523,0.9523809523809523,4824,1.0,19.999999115898813,20.0,20.000001072883382,0.9523809503761878,0.9523809523809523,0.9523809548137944
150,2.5,True,valid,0.005482548437865126,0.004959068871055431,0.18133144801126125,121.68101721746714,121.68211390082523,0.005807302322922321,134.72324012152197,0.3719366700608599,57.73664838324069,0.00014722816877783357,1585.0,283.78967822017216,2.8932853579191557e-06,0,15803,0.14164794981479645,246,7.450580596923828e-09,3240,1.0,20.0,20.0,20.0,0.9523809523809523,0.9523809523809523,0.9523809523809523,3240,1.0,20.0,20.0,20.0,0.9523809523809523,0.9523809523809523,0.9523809523809523,4824,1.0,19.999999115898813,20.0,20.000001072883382,0.9523809503761878,0.9523809523809523,0.9523809548137944
151,2.5166666666666666,True,valid,0.0053293196903454,0.0048670219884786895,0.17929638887098037,131.80791542214533,131.80940974214434,0.006710360744895328,142.43423798768123,0.3765213902973576,51.20456044729205,0.00016290852370804372,1585.0,391.69284533335997,3.0596143341667414e-06,0,15897,0.14055602252483368,246,7.450580596923828e-09,3240,1.0,20.0,20.0,20.0,0.9523809523809523,0.9523809523809523,0.9523809523809523,3240,1.0,20.0,20.0,20.0,0.9523809523809523,0.9523809523809523,0.9523809523809523,4824,1.0,19.999999115898813,20.0,20.000001072883382,0.9523809503761878,0.9523809523809523,0.9523809548137944
152,2.533333333333333,True,valid,0.00511838677947209,0.0047239527651229156,0.17699174155384276,145.61146389480396,145.61336100788543,0.007793116538457957,152.51391928966487,0.45453690494452564,41.06762800224535,0.00018420323241481127,1585.0,556.45125808057,3.3123350872963336e-06,0,16000,0.13884703814983368,250,7.450580596923828e-09,3240,1.0,20.0,20.0,20.0,0.9523809523809523,0.9523809523809523,0.9523809523809523,3240,1.0,20.0,20.0,20.0,0.9523809523809523,0.9523809523809523,0.9523809523809523,4824,1.0,19.999999115898813,20.0,20.000001072883382,0.9523809503761878,0.9523809523809523,0.9523809548137944
153,2.55,True,valid,0.004945893366165997,0.004610181589983308,0.17475526845983735,158.7498875533686,158.7523634496586,0.0093894412069737,164.36809454786078,0.6366817068357253,38.36885242592208,0.0002020182525229098,1585.0,840.9565858350246,3.5457469095390314e-06,0,16059,0.13627666234970093,251,7.450580596923828e-09,3240,1.0,20.0,20.0,20.0,0.9523809523809523,0.9523809523809523,0.9523809523809523,3240,1.0,20.0,20.0,20.0,0.9523809523809523,0.9523809523809523,0.9523809523809523,4824,1.0,19.999999115898813,20.0,20.000001072883382,0.9523809503761878,0.9523809523809523,0.9523809548137944
154,2.566666666666667,True,valid,0.004875824981966616,0.004498668279112227,0.17497144200781742,175.94930448455403,175.95239984016982,0.010745313607778022,181.08417353209305,0.7215958239845588,38.89031970359554,0.00022831334473418026,1585.0,665.9592965563611,3.889061326960421e-06,0,16122,0.13278499245643616,254,3.725290298461914e-09,3240,1.0,20.0,20.0,20.0,0.9523809523809523,0.9523809523809523,0.9523809523809523,3240,1.0,20.0,20.0,20.0,0.9523809523809523,0.9523809523809523,0.9523809523809523,4824,1.0,19.999999115898813,20.0,20.000001072883382,0.9523809503761878,0.9523809523809523,0.9523809548137944
155,2.5833333333333335,True,valid,0.005125270416418088,0.004644755796750179,0.17351974117963717,199.69301621376886,199.69703942244982,0.012902078152296602,204.5117758230649,0.9381358061168303,40.15735690621416,0.0002618076239336585,1585.0,673.7855116112162,4.389161425028075e-06,0,16111,0.1285485327243805,254,7.450580596923828e-09,3240,1.0,20.0,20.0,20.0,0.9523809523809523,0.9523809523809523,0.9523809523809523,3240,1.0,20.0,20.0,20.0,0.9523809523809523,0.9523809523809523,0.9523809523809523,4824,1.0,19.999999115898813,20.0,20.000001072883382,0.9523809503761878,0.9523809523809523,0.9523809548137944
156,2.6,True,valid,0.005421613912778672,0.00494732560710482,0.17295617903844576,221.25623102015206,221.26099162476706,0.014886385836244053,225.41804155327517,1.1778622156220298,38.17844181232453,0.0002930431674167214,1585.0,893.992681317142,4.843850394902089e-06,0,16120,0.12391512840986252,256,3.725290298461914e-09,3240,1.0,20.0,20.0,20.0,0.9523809523809523,0.9523809523809523,0.9523809523809523,3240,1.0,20.0,20.0,20.0,0.9523809523809523,0.9523809523809523,0.9523809523809523,4824,1.0,19.999999115898813,20.0,20.000001072883382,0.9523809503761878,0.9523809523809523,0.9523809548137944
157,2.6166666666666667,True,valid,0.005564282964157669,0.0051937848173017175,0.17304253501575645,245.64879412041591,245.65437961522238,0.01732179557312531,250.09631094137043,1.3402011256479547,41.54619767090235,0.00032808124286505037,1585.0,1283.0604348508502,5.337693546790393e-06,0,16119,0.11883412301540375,249,3.725290298461914e-09,3240,1.0,20.0,20.0,20.0,0.9523809523809523,0.9523809523809523,0.9523809523809523,3240,1.0,20.0,20.0,20.0,0.9523809523809523,0.9523809523809523,0.9523809523809523,4824,1.0,19.999999115898813,20.0,20.000001072883382,0.9523809503761878,0.9523809523809523,0.9523809548137944
158,2.6333333333333333,True,valid,0.005573747787000967,0.0053934202583265966,0.17342483003409875,262.20781003363356,262.2139721678271,0.019355697392705203,267.1326020444019,1.4158506543004694,46.41604343440892,0.0003528364592463741,1585.0,1434.9258977968504,5.69865454958883e-06,0,16122,0.11331073939800262,245,3.725290298461914e-09,3240,1.0,20.0,20.0,20.0,0.9523809523809523,0.9523809523809523,0.9523809523809523,3240,1.0,20.0,20.0,20.0,0.9523809523809523,0.9523809523809523,0.9523809523809523,4824,1.0,19.999999115898813,20.0,20.000001072883382,0.9523809503761878,0.9523809523809523,0.9523809548137944
159,2.65,True,valid,0.00554706204762071,0.005661438751150229,0.1744877737462178,276.3874883689528,276.3940314383981,0.020944321088836468,281.4121280832396,1.4969325530026998,47.25202312469658,0.00037225838145092937,1585.0,1738.6970959766727,6.002098197361081e-06,0,16157,0.10743838548660278,245,7.450580596923828e-09,3240,1.0,20.0,20.0,20.0,0.9523809523809523,0.9523809523809523,0.9523809523809523,3240,1.0,20.0,20.0,20.0,0.9523809523809523,0.9523809523809523,0.9523809523809523,4824,1.0,19.999999115898813,20.0,20.000001072883382,0.9523809503761878,0.9523809523809523,0.9523809548137944
160,2.6666666666666665,True,valid,0.005579365219284699,0.005976182385344164,0.17506150837179124,290.6081159514359,290.61481269178944,0.021708493333155204,295.1336539958306,1.6175319896277485,45.842732938859534,0.0003894023933571701,1585.0,1754.8005883344113,6.28271076692305e-06,0,16242,0.10079464316368103,244,3.725290298461914e-09,3240,1.0,20.0,20.0,20.0,0.9523809523809523,0.9523809523809523,0.9523809523809523,3240,1.0,20.0,20.0,20.0,0.9523809523809523,0.9523809523809523,0.9523809523809523,4824,1.0,19.999999115898813,20.0,20.000001072883382,0.9523809503761878,0.9523809523809523,0.9523809548137944
161,2.683333333333333,True,valid,0.005600079970391769,0.006265270057199449,0.1747437471194743,303.44434598034786,303.45134900910375,0.022353254254526164,307.04724805815545,1.702028938922503,42.31822247636055,0.00040657450430258536,1585.0,1832.5784490237797,6.544981379342628e-06,0,16317,0.0940563976764679,250,7.450580596923828e-09,3240,1.0,20.0,20.0,20.0,0.9523809523809523,0.9523809523809523,0.9523809523809523,3240,1.0,20.0,20.0,20.0,0.9523809523809523,0.9523809523809523,0.9523809523809523,4824,1.0,19.999999115898813,20.0,20.000001072883382,0.9523809503761878,0.9523809523809523,0.9523809548137944
162,2.7,True,valid,0.0055918811594079364,0.006444937728839103,0.17262725382991387,310.70156748336694,310.7088321483606,0.02233001939664258,314.33806492593857,1.750791386282025,44.32674038599243,0.00041889171968395085,1585.0,1732.6290175942088,6.697264606749061e-06,0,16319,0.08761072903871536,248,3.725290298461914e-09,3240,1.0,20.0,20.0,20.0,0.9523809523809523,0.9523809523809523,0.9523809523809523,3240,1.0,20.0,20.0,20.0,0.9523809523809523,0.9523809523809523,0.9523809523809523,4824,1.0,19.999999115898813,20.0,20.000001072883382,0.9523809503761878,0.9523809523809523,0.9523809548137944
163,2.716666666666667,True,valid,0.005590057837725465,0.006746123169347344,0.17129175776253314,321.0032010442137,321.011002889556,0.023313574793747974,324.2720914957571,1.7383320123937143,41.405038213745335,0.0004364477519698013,1585.0,1813.3693406014452,6.934053609997296e-06,0,16301,0.0810936987400055,244,7.450580596923828e-09,3240,1.0,20.0,20.0,20.0,0.9523809523809523,0.9523809523809523,0.9523809523809523,3240,1.0,20.0,20.0,20.0,0.9523809523809523,0.9523809523809523,0.9523809523809523,4824,1.0,19.999999115898813,20.0,20.000001072883382,0.9523809503761878,0.9523809523809523,0.9523809548137944
164,2.7333333333333334,True,valid,0.005655393731947599,0.006997219819696458,0.1683678178406164,323.9434320454167,323.9512887666934,0.02335648018682616,326.73294403585686,1.674280165613405,37.54351215159304,0.0004442735535054883,1585.0,1588.073855856222,7.02965142465095e-06,0,16324,0.07409016042947769,240,3.725290298461914e-09,3240,1.0,20.0,20.0,20.0,0.9523809523809523,0.9523809523809523,0.9523809523809523,3240,1.0,20.0,20.0,20.0,0.9523809523809523,0.9523809523809523,0.9523809523809523,4824,1.0,19.999999115898813,20.0,20.000001072883382,0.9523809503761878,0.9523809523809523,0.9523809548137944
165,2.75,True,valid,0.005748910147646335,0.007261073017968632,0.1671506636961215,328.83960668099957,328.84761184588905,0.023963945663252925,331.1361824555336,1.6814536009782035,34.47766287828084,0.0004520498560441362,1585.0,1578.985772234689,7.13135368592134e-06,0,16273,0.06678375601768494,234,2.7939677238464355e-09,3240,1.0,20.0,20.0,20.0,0.9523809523809523,0.9523809523809523,0.9523809523809523,3240,1.0,20.0,20.0,20.0,0.9523809523809523,0.9523809523809523,0.9523809523809523,4824,1.0,19.999999115898813,20.0,20.000001072883382,0.9523809503761878,0.9523809523809523,0.9523809548137944
166,2.7666666666666666,True,valid,0.005875781223860978,0.0074568730862462195,0.16793741573315327,330.25573320086795,330.26372902022007,0.024317037578862537,332.09759530667674,1.6958958725924989,30.716299274758637,0.00045544185063090513,1585.0,1517.236593528535,7.179252880246144e-06,0,16268,0.06073680520057678,234,4.656612873077393e-10,3240,1.0,20.0,20.0,20.0,0.9523809523809523,0.9523809523809523,0.9523809523809523,3240,1.0,20.0,20.0,20.0,0.9523809523809523,0.9523809523809523,0.9523809523809523,4824,1.0,19.999999115898813,20.0,20.000001072883382,0.9523809503761878,0.9523809523809523,0.9523809548137944
167,2.783333333333333,True,valid,0.006042226521805934,0.007565717430433977,0.1685669733012958,329.8999364861378,329.9079819148735,0.02506648396170968,331.88413210469105,1.751824377389682,32.243421688122865,0.00045525789145713503,1585.0,1591.6405699675306,7.202854703085715e-06,0,16232,0.06797579675912857,233,3.725290298461914e-09,3240,1.0,20.0,20.0,20.0,0.9523809523809523,0.9523809523809523,0.9523809523809523,3240,1.0,20.0,20.0,20.0,0.9523809523809523,0.9523809523809523,0.9523809523809523,4824,1.0,19.999999115898813,20.0,20.000001072883382,0.9523809503761878,0.9523809523809523,0.9523809548137944
168,2.8,True,valid,0.006194546334232816,0.007685589900783827,0.17008388656344223,328.41361013208973,328.4216988492195,0.026195156502404265,330.6640804511715,1.7805473874373274,35.03937075576784,0.0004597732897038644,1585.0,1637.810625718987,7.197763399730025e-06,0,16205,0.07529294490814209,238,2.7939677238464355e-09,3240,1.0,20.0,20.0,20.0,0.9523809523809523,0.9523809523809523,0.9523809523809523,3240,1.0,20.0,20.0,20.0,0.9523809523809523,0.9523809523809523,0.9523809523809523,4824,1.0,19.999999115898813,20.0,20.000001072883382,0.9523809503761878,0.9523809523809523,0.9523809548137944
169,2.816666666666667,True,valid,0.006325953796912405,0.007694471296530666,0.17133796756260186,321.8105199468109,321.81832021204394,0.02504871814308459,324.4426086486581,1.7893120207632898,37.71260952613632,0.00044613705032728296,1585.0,1470.3571318901859,7.052303235307248e-06,0,16198,0.08253059536218643,235,5.587935447692871e-09,3240,1.0,20.0,20.0,20.0,0.9523809523809523,0.9523809523809523,0.9523809523809523,3240,1.0,20.0,20.0,20.0,0.9523809523809523,0.9523809523809523,0.9523809523809523,4824,1.0,19.999999115898813,20.0,20.000001072883382,0.9523809503761878,0.9523809523809523,0.9523809548137944
170,2.8333333333333335,True,valid,0.006457351939079633,0.0077996108016147045,0.1732176989422856,320.04696349324,320.0544776900928,0.02554799857384326,323.1894740529473,1.785478029150499,41.13593805880677,0.0004485318290279036,1585.0,1424.6760008619679,7.041343876186393e-06,0,16191,0.08925545960664749,244,5.587935447692871e-09,3240,1.0,20.0,20.0,20.0,0.9523809523809523,0.9523809523809523,0.9523809523809523,3240,1.0,20.0,20.0,20.0,0.9523809523809523,0.9523809523809523,0.9523809523809523,4824,1.0,19.999999115898813,20.0,20.000001072883382,0.9523809503761878,0.9523809523809523,0.9523809548137944
171,2.85,True,valid,0.006437622319469781,0.00753009055664625,0.17528956094837256,309.57956182739014,309.586681104487,0.024136484517525324,313.0626638379255,1.7416622720110486,42.41446304466464,0.00043093855367337886,1585.0,1386.8315210778435,6.82452978881574e-06,0,16222,0.09552520513534546,250,3.725290298461914e-09,3240,1.0,20.0,20.0,20.0,0.9523809523809523,0.9523809523809523,0.9523809523809523,3240,1.0,20.0,20.0,20.0,0.9523809523809523,0.9523809523809523,0.9523809523809523,4824,1.0,19.999999115898813,20.0,20.000001072883382,0.9523809503761878,0.9523809523809523,0.9523809548137944
172,2.8666666666666667,True,valid,0.006354855012044303,0.007423643449290697,0.1790646463857435,301.44002950901233,301.44709069868094,0.024117627809939902,305.6290467415618,1.6473385105283507,47.31915988649951,0.00042540949094193556,1585.0,1284.4126182442394,6.6979703432506055e-06,0,16200,0.10151638090610504,246,3.725290298461914e-09,3240,1.0,20.0,20.0,20.0,0.9523809523809523,0.9523809523809523,0.9523809523809523,3240,1.0,20.0,20.0,20.0,0.9523809523809523,0.9523809523809523,0.9523809523809523,4824,1.0,19.999999115898813,20.0,20.000001072883382,0.9523809503761878,0.9523809523809523,0.9523809548137944
173,2.8833333333333333,True,valid,0.006257967394936389,0.007388333718816673,0.182287659190595,291.30425113520675,291.31094825673193,0.02318642455750506,296.1377147007236,1.5947016987894735,49.95709884348406,0.0004067588108212062,1585.0,1272.3712193304625,6.4481526124341366e-06,0,16232,0.10741209983825684,247,3.725290298461914e-09,3240,1.0,20.0,20.0,20.0,0.9523809523809523,0.9523809523809523,0.9523809523809523,3240,1.0,20.0,20.0,20.0,0.9523809523809523,0.9523809523809523,0.9523809523809523,4824,1.0,19.999999115898813,20.0,20.000001072883382,0.9523809503761878,0.9523809523809523,0.9523809548137944
174,2.9,True,valid,0.006293053295459744,0.007333383004428462,0.1849410368629112,278.49155860431483,278.49750832045453,0.02162160457988291,282.9668022948846,1.53284282551399,48.47512870261836,0.0003887255821033121,1585.0,1180.6474978908368,6.197296162800482e-06,0,16239,0.11328616738319397,248,3.725290298461914e-09,3240,1.0,20.0,20.0,20.0,0.9523809523809523,0.9523809523809523,0.9523809523809523,3240,1.0,20.0,20.0,20.0,0.9523809523809523,0.9523809523809523,0.9523809523809523,4824,1.0,19.999999115898813,20.0,20.000001072883382,0.9523809503761878,0.9523809523809523,0.9523809548137944
175,2.9166666666666665,True,valid,0.006314135771145044,0.0073082197020412475,0.18572196252045622,267.30893334842705,267.3149679043627,0.019418141935960934,272.5669855880766,1.4030476499525135,51.230461750762345,0.00036846356217814553,1585.0,1101.2482156010317,5.943196670952419e-06,0,16200,0.11884934455156326,248,7.450580596923828e-09,3240,1.0,20.0,20.0,20.0,0.9523809523809523,0.9523809523809523,0.9523809523809523,3240,1.0,20.0,20.0,20.0,0.9523809523809523,0.9523809523809523,0.9523809523809523,4824,1.0,19.999999115898813,20.0,20.000001072883382,0.9523809503761878,0.9523809523809523,0.9523809548137944
176,2.933333333333333,True,valid,0.006156199189837988,0.007305274073289212,0.187168241460047,244.97786843078208,244.98321311590578,0.01768367096815,251.2128114874997,1.3235981066722988,54.68181182944189,0.0003367123455489822,1585.0,958.2428823956275,5.477770055796861e-06,0,16149,0.12410951405763626,246,7.450580596923828e-09,3240,1.0,20.0,20.0,20.0,0.9523809523809523,0.9523809523809523,0.9523809523809523,3240,1.0,20.0,20.0,20.0,0.9523809523809523,0.9523809523809523,0.9523809523809523,4824,1.0,19.999999115898813,20.0,20.000001072883382,0.9523809503761878,0.9523809523809523,0.9523809548137944
177,2.95,True,valid,0.005997785801564318,0.00734426645847323,0.18838028447954283,225.835607205183,225.84030058231968,0.015546466875137646,232.57614735374685,1.1479832634284814,52.59439682979836,0.00030840266156669096,1585.0,1040.2797065240316,5.063830252340472e-06,0,16087,0.12887020409107208,245,3.725290298461914e-09,3240,1.0,20.0,20.0,20.0,0.9523809523809523,0.9523809523809523,0.9523809523809523,3240,1.0,20.0,20.0,20.0,0.9523809523809523,0.9523809523809523,0.9523809523809523,4824,1.0,19.999999115898813,20.0,20.000001072883382,0.9523809503761878,0.9523809523809523,0.9523809548137944
178,2.966666666666667,True,valid,0.005971811000760983,0.007060825737085059,0.187193139643862,205.14226051172383,205.14661175884615,0.014434200579871721,212.50336703400455,1.1290984699482425,52.56813431753196,0.0002800215524320641,1585.0,852.7578368371413,4.647128815731442e-06,0,16082,0.1329304426908493,245,3.725290298461914e-09,3240,1.0,20.0,20.0,20.0,0.9523809523809523,0.9523809523809523,0.9523809523809523,3240,1.0,20.0,20.0,20.0,0.9523809523809523,0.9523809523809523,0.9523809523809523,4824,1.0,19.999999115898813,20.0,20.000001072883382,0.9523809503761878,0.9523809523809523,0.9523809548137944
179,2.9833333333333334,True,valid,0.006014203226902471,0.0066287672899091234,0.18655900068394476,185.4923072978646,185.49608704633826,0.012548342739168704,193.1770232157672,0.9681564955851163,52.278347952292215,0.0002515097737693039,1585.0,658.8152848925512,4.266652074277145e-06,1,16046,0.1362084299325943,242,7.450580596923828e-09,3240,1.0,20.0,20.0,20.0,0.9523809523809523,0.9523809523809523,0.9523809523809523,3240,1.0,20.0,20.0,20.0,0.9523809523809523,0.9523809523809523,0.9523809523809523,4824,1.0,19.999999115898813,20.0,20.000001072883382,0.9523809503761878,0.9523809523809523,0.9523809548137944
180,3.0,True,valid,0.005909718482045629,0.006130329992460727,0.18626688856379364,165.16914042457833,165.17218285288382,0.010402163448971284,173.75036118769583,0.7578896411649675,52.53276573021302,0.00021954324879152825,1585.0,598.890147976435,3.8307622900104024e-06,8,16025,0.13873116672039032,245,7.450580596923828e-09,3240,1.0,20.0,20.0,20.0,0.9523809523809523,0.9523809523809523,0.9523809523809523,3240,1.0,20.0,20.0,20.0,0.9523809523809523,0.9523809523809523,0.9523809523809523,4824,1.0,19.999999115898813,20.0,20.000001072883382,0.9523809503761878,0.9523809523809523,0.9523809548137944
181,3.0166666666666666,True,valid,0.005737346090345561,0.005699668004600865,0.18621730750096688,144.89069374824132,144.89284935542278,0.00808370341550986,154.5199405052761,0.6203353138684,51.96195266063597,0.00018861448809499206,1585.0,477.4989627324827,3.4105077103650653e-06,0,15930,0.14084874093532562,244,7.450580596923828e-09,3240,1.0,20.0,20.0,20.0,0.9523809523809523,0.9523809523809523,0.9523809523809523,3240,1.0,20.0,20.0,20.0,0.9523809523809523,0.9523809523809523,0.9523809523809523,4824,1.0,19.999999115898813,20.0,20.000001072883382,0.9523809503761878,0.9523809523809523,0.9523809548137944
182,3.033333333333333,True,valid,0.005447831987527117,0.0051376529954289245,0.187470566300896,132.60101747253458,132.60285086267643,0.008429674866422883,142.0140177069492,0.6402360265767171,49.20510347642032,0.00016462984744466247,1585.0,528.3456592468528,3.126585949220569e-06,0,15831,0.14225970208644867,242,7.450580596923828e-09,3240,1.0,20.0,20.0,20.0,0.9523809523809523,0.9523809523809523,0.9523809523809523,3240,1.0,20.0,20.0,20.0,0.9523809523809523,0.9523809523809523,0.9523809523809523,4824,1.0,19.999999115898813,20.0,20.000001072883382,0.9523809503761878,0.9523809523809523,0.9523809548137944
183,3.05,True,valid,0.005345301300778547,0.004939262916836919,0.18539427696593172,121.20966088737313,121.21070104576638,0.005682127685300325,130.06187595269606,0.4370306411975825,45.05407299518466,0.00015205702461926855,1585.0,412.1991188267301,2.947273837577718e-06,0,15696,0.14315620064735413,243,7.450580596923828e-09,3240,1.0,20.0,20.0,20.0,0.9523809523809523,0.9523809523809523,0.9523809523809523,3240,1.0,20.0,20.0,20.0,0.9523809523809523,0.9523809523809523,0.9523809523809523,4824,1.0,19.999999115898813,20.0,20.000001072883382,0.9523809503761878,0.9523809523809523,0.9523809548137944
184,3.066666666666667,True,valid,0.0052351748046444175,0.004646604754690699,0.18540417163224537,113.70799111439113,113.70878875912334,0.005550987182135739,122.40371149490738,0.4242939212456871,42.833098231751336,0.00013581666608131752,1585.0,363.79642027921614,2.721990121270542e-06,0,15605,0.14320428669452667,241,7.450580596923828e-09,3240,1.0,20.0,20.0,20.0,0.9523809523809523,0.9523809523809523,0.9523809523809523,3240,1.0,20.0,20.0,20.0,0.9523809523809523,0.9523809523809523,0.9523809523809523,4824,1.0,19.999999115898813,20.0,20.000001072883382,0.9523809503761878,0.9523809523809523,0.9523809548137944
185,3.0833333333333335,True,valid,0.005284514669205302,0.00456604708500283,0.18276707609003362,115.2645464653619,115.26546099470687,0.004994143012472783,122.65641334976752,0.42403695341647807,38.52583344492008,0.00014038253880872372,1585.0,279.10169501620146,2.7603158639455544e-06,0,15740,0.14255109429359436,245,7.450580596923828e-09,3240,1.0,20.0,20.0,20.0,0.9523809523809523,0.9523809523809523,0.9523809523809523,3240,1.0,20.0,20.0,20.0,0.9523809523809523,0.9523809523809523,0.9523809523809523,4824,1.0,19.999999115898813,20.0,20.000001072883382,0.9523809503761878,0.9523809523809523,0.9523809548137944
186,3.1,True,valid,0.005230553281201256,0.004363029085663519,0.18112652277996408,123.8110253421105,123.81233414032769,0.00626105283286403,129.4348465212779,0.39680739812469773,41.420501674410204,0.00015205437338881275,1585.0,348.0593528152521,2.9156602021138566e-06,0,15865,0.1412080079317093,244,7.450580596923828e-09,3240,1.0,20.0,20.0,20.0,0.9523809523809523,0.9523809523809523,0.9523809523809523,3240,1.0,20.0,20.0,20.0,0.9523809523809523,0.9523809523809523,0.9523809523809523,4824,1.0,19.999999115898813,20.0,20.000001072883382,0.9523809503761878,0.9523809523809523,0.9523809548137944
187,3.1166666666666667,True,valid,0.005175318841607822,0.004297221909623425,0.1803998180110561,137.44893943601488,137.45073881020764,0.007365932975661741,143.81718427787845,0.42928527751170487,39.01641128100613,0.00017190868118210085,1585.0,482.6742492382175,3.158853669533837e-06,0,15929,0.13885493576526642,239,7.450580596923828e-09,3240,1.0,20.0,20.0,20.0,0.9523809523809523,0.9523809523809523,0.9523809523809523,3240,1.0,20.0,20.0,20.0,0.9523809523809523,0.9523809523809523,0.9523809523809523,4824,1.0,19.999999115898813,20.0,20.000001072883382,0.9523809503761878,0.9523809523809523,0.9523809548137944
188,3.1333333333333333,True,valid,0.005092368758276652,0.004292405437887428,0.17930374478720995,154.3962322020301,154.39860097585455,0.009008092559500748,158.8513573675477,0.5428089212420923,33.60473521857343,0.00019633299334333572,1585.0,635.1989403116635,3.486874015421484e-06,0,16047,0.13596870005130768,241,7.450580596923828e-09,3240,1.0,20.0,20.0,20.0,0.9523809523809523,0.9523809523809523,0.9523809523809523,3240,1.0,20.0,20.0,20.0,0.9523809523809523,0.9523809523809523,0.9523809523809523,4824,1.0,19.999999115898813,20.0,20.000001072883382,0.9523809503761878,0.9523809523809523,0.9523809548137944
189,3.15,True,valid,0.004983612850859391,0.0042920429796359525,0.1790904653209909,172.7884152724324,172.7914161213332,0.010857835694475045,175.49474164503056,0.567271870011292,28.08424113320127,0.00022284506733529603,1585.0,717.8014051518447,3.859149803981031e-06,0,16092,0.13267338275909424,241,7.450580596923828e-09,3240,1.0,20.0,20.0,20.0,0.9523809523809523,0.9523809523809523,0.9523809523809523,3240,1.0,20.0,20.0,20.0,0.9523809523809523,0.9523809523809523,0.9523809523809523,4824,1.0,19.999999115898813,20.0,20.000001072883382,0.9523809503761878,0.9523809523809523,0.9523809548137944
190,3.1666666666666665,True,valid,0.004925994247711954,0.004438549760593279,0.17974579735404303,190.25789837713756,190.26148509251794,0.012247085460232345,192.72337043522467,0.6906901366669795,27.825408538767714,0.0002474271807521725,1585.0,827.7291306562988,4.20074288505308e-06,0,16119,0.1287280172109604,242,7.450580596923828e-09,3240,1.0,20.0,20.0,20.0,0.9523809523809523,0.9523809523809523,0.9523809523809523,3240,1.0,20.0,20.0,20.0,0.9523809523809523,0.9523809523809523,0.9523809523809523,4824,1.0,19.999999115898813,20.0,20.000001072883382,0.9523809503761878,0.9523809523809523,0.9523809548137944
191,3.183333333333333,True,valid,0.0049805682056560914,0.004744735898160654,0.17978756866821574,210.36324157860142,210.36770864289002,0.014038577149267106,212.44028284733952,0.9019501061442956,26.552085073983612,0.0002776736047347496,1585.0,783.5476353312806,4.623535428636245e-06,0,16134,0.12398708611726761,244,7.450580596923828e-09,3240,1.0,20.0,20.0,20.0,0.9523809523809523,0.9523809523809523,0.9523809523809523,3240,1.0,20.0,20.0,20.0,0.9523809523809523,0.9523809523809523,0.9523809523809523,4824,1.0,19.999999115898813,20.0,20.000001072883382,0.9523809503761878,0.9523809523809523,0.9523809548137944
192,3.2,True,valid,0.005059971349903339,0.0050158039397072,0.1790375407495873,230.68994785465426,230.69529427322513,0.016056270616804525,232.7003348142009,1.159193347548699,27.45817012836251,0.00030945260990957114,1585.0,871.6791418499253,5.061468780344854e-06,0,16113,0.11859408766031265,246,7.450580596923828e-09,3240,1.0,20.0,20.0,20.0,0.9523809523809523,0.9523809523809523,0.9523809523809523,3240,1.0,20.0,20.0,20.0,0.9523809523809523,0.9523809523809523,0.9523809523809523,4824,1.0,19.999999115898813,20.0,20.000001072883382,0.9523809503761878,0.9523809523809523,0.9523809548137944
193,3.216666666666667,True,valid,0.00512495203003695,0.00534128734624816,0.1777873505682007,250.00214407451293,250.00813789564177,0.018154892904232132,251.79587049665474,1.2873448714005173,26.885250507198702,0.00033779854098910767,1585.0,1115.907311515175,5.468772875398396e-06,0,16110,0.11293859034776688,251,3.725290298461914e-09,3240,1.0,20.0,20.0,20.0,0.9523809523809523,0.9523809523809523,0.9523809523809523,3240,1.0,20.0,20.0,20.0,0.9523809523809523,0.9523809523809523,0.9523809523809523,4824,1.0,19.999999115898813,20.0,20.000001072883382,0.9523809503761878,0.9523809523809523,0.9523809548137944
194,3.2333333333333334,True,valid,0.005202294444397375,0.0057289216599603725,0.17771192018971207,271.14709120616277,271.15366497819826,0.02038469028994413,272.687306221185,1.3514527357421067,25.894057597791843,0.00036839503220719545,1585.0,1511.0209664247143,5.9136495766412555e-06,0,16133,0.10708558559417725,249,3.725290298461914e-09,3240,1.0,20.0,20.0,20.0,0.9523809523809523,0.9523809523809523,0.9523809523809523,3240,1.0,20.0,20.0,20.0,0.9523809523809523,0.9523809523809523,0.9523809523809523,4824,1.0,19.999999115898813,20.0,20.000001072883382,0.9523809503761878,0.9523809523809523,0.9523809548137944
195,3.25,True,valid,0.0053201487192050855,0.006109347553589213,0.17722025679082407,289.00254642975534,289.0093094997799,0.022035346335969503,290.47296086976525,1.4134352128343857,25.801173569856548,0.0003931173821511457,1585.0,1675.0848289109128,6.300626646106881e-06,0,16154,0.10066140443086624,255,7.450580596923828e-09,3240,1.0,20.0,20.0,20.0,0.9523809523809523,0.9523809523809523,0.9523809523809523,3240,1.0,20.0,20.0,20.0,0.9523809523809523,0.9523809523809523,0.9523809523809523,4824,1.0,19.999999115898813,20.0,20.000001072883382,0.9523809503761878,0.9523809523809523,0.9523809548137944
196,3.2666666666666666,True,valid,0.005420455489480068,0.0064351935113195246,0.17691457776133673,302.844121035478,302.8510986475465,0.022493664533079608,304.24976782169153,1.4737188915320625,25.22297471428753,0.0004109713442996125,1585.0,1898.7392606892518,6.593654770162181e-06,0,16201,0.09375552088022232,254,5.587935447692871e-09,3240,1.0,20.0,20.0,20.0,0.9523809523809523,0.9523809523809523,0.9523809523809523,3240,1.0,20.0,20.0,20.0,0.9523809523809523,0.9523809523809523,0.9523809523809523,4824,1.0,19.999999115898813,20.0,20.000001072883382,0.9523809503761878,0.9523809523809523,0.9523809548137944
197,3.283333333333333,True,valid,0.005469784077871166,0.006663559401391714,0.17765839904306177,310.3303841555168,310.3373131797123,0.02241077405487809,311.6735896366631,1.5140737227023577,23.504499674306107,0.0004201762012132571,1585.0,1863.2409940618206,6.760111889161041e-06,0,16346,0.0864594578742981,250,5.587935447692871e-09,3240,1.0,20.0,20.0,20.0,0.9523809523809523,0.9523809523809523,0.9523809523809523,3240,1.0,20.0,20.0,20.0,0.9523809523809523,0.9523809523809523,0.9523809523809523,4824,1.0,19.999999115898813,20.0,20.000001072883382,0.9523809503761878,0.9523809523809523,0.9523809548137944
198,3.3,True,valid,0.0055232717392611945,0.006862747680854775,0.1773687370260373,317.53618755388203,317.54345775796156,0.022732764259135663,318.80230944675685,1.5866133197666712,22.521837122643507,0.0004322159873782924,1585.0,1746.3355177377487,6.912983400151567e-06,0,16353,0.07899138331413269,247,5.587935447692871e-09,3240,1.0,20.0,20.0,20.0,0.9523809523809523,0.9523809523809523,0.9523809523809523,3240,1.0,20.0,20.0,20.0,0.9523809523809523,0.9523809523809523,0.9523809523809523,4824,1.0,19.999999115898813,20.0,20.000001072883382,0.9523809503761878,0.9523809523809523,0.9523809548137944
199,3.316666666666667,True,valid,0.005584655591280587,0.007137370735085814,0.17760722478578433,325.15804706729324,325.16547305641524,0.02335868895372149,326.3447702566064,1.5817447392284947,22.887716065931933,0.0004448295241522696,1585.0,1622.062390358811,7.076183755110614e-06,0,16302,0.0715164989233017,255,1.862645149230957e-09,3240,1.0,20.0,20.0,20.0,0.9523809523809523,0.9523809523809523,0.9523809523809523,3240,1.0,20.0,20.0,20.0,0.9523809523809523,0.9523809523809523,0.9523809523809523,4824,1.0,19.999999115898813,20.0,20.000001072883382,0.9523809503761878,0.9523809523809523,0.9523809548137944
200,3.3333333333333335,True,valid,0.005665143474513301,0.0072998746846560675,0.17817810996485456,325.94147495359346,325.9490587051757,0.023407332272961826,327.2824045693669,1.7238190300630376,25.630206539155722,0.0004493145409243993,1585.0,1651.6860596779832,7.105389428977302e-06,0,16261,0.0642443373799324,262,2.7939677238464355e-09,3240,1.0,20.0,20.0,20.0,0.9523809523809523,0.9523809523809523,0.9523809523809523,3240,1.0,20.0,20.0,20.0,0.9523809523809523,0.9523809523809523,0.9523809523809523,4824,1.0,19.999999115898813,20.0,20.000001072883382,0.9523809503761878,0.9523809523809523,0.9523809548137944
201,3.35,True,valid,0.005836687228615145,0.007383013601177728,0.1781110952726341,329.5130498389636,329.52081115089135,0.024150078316315108,330.9638558386448,1.6645911091904904,27.456922618222215,0.0004580058129247071,1585.0,1488.066106342245,7.197398910414895e-06,0,16233,0.06022512912750244,266,2.3283064365386963e-10,3240,1.0,20.0,20.0,20.0,0.9523809523809523,0.9523809523809523,0.9523809523809523,3240,1.0,20.0,20.0,20.0,0.9523809523809523,0.9523809523809523,0.9523809523809523,4824,1.0,19.999999115898813,20.0,20.000001072883382,0.9523809503761878,0.9523809523809523,0.9523809548137944
202,3.3666666666666667,True,valid,0.005919228907342803,0.0074402743087397805,0.1778834459914532,325.4366829183219,325.4444969885752,0.02387342692889437,327.1616914439989,1.7817865545692813,29.97882767696824,0.0004532810350602161,1585.0,1524.439442095286,7.135245348914752e-06,0,16255,0.067723348736763,264,3.725290298461914e-09,3240,1.0,20.0,20.0,20.0,0.9523809523809523,0.9523809523809523,0.9523809523809523,3240,1.0,20.0,20.0,20.0,0.9523809523809523,0.9523809523809523,0.9523809523809523,4824,1.0,19.999999115898813,20.0,20.000001072883382,0.9523809503761878,0.9523809523809523,0.9523809548137944
203,3.3833333333333333,True,valid,0.0060028223548108574,0.007599614595944049,0.17649025297198118,331.4760317070444,331.4838359940109,0.02480611946679567,333.4479417914849,1.6514631075294437,33.75288717169888,0.00046125337104612136,1585.0,1527.5682695367254,7.265953607336716e-06,0,16247,0.07502633333206177,266,2.7939677238464355e-09,3240,1.0,20.0,20.0,20.0,0.9523809523809523,0.9523809523809523,0.9523809523809523,3240,1.0,20.0,20.0,20.0,0.9523809523809523,0.9523809523809523,0.9523809523809523,4824,1.0,19.999999115898813,20.0,20.000001072883382,0.9523809503761878,0.9523809523809523,0.9523809548137944
204,3.4,True,valid,0.006001025634872843,0.007541049920729594,0.1734695124630208,323.2540981672291,323.2618854052964,0.024675957462077316,325.7435548685952,1.7563706514362878,37.37343205925836,0.0004527507282574584,1585.0,1477.9147425540218,7.147526253118696e-06,0,16226,0.08244626969099045,265,3.725290298461914e-09,3240,1.0,20.0,20.0,20.0,0.9523809523809523,0.9523809523809523,0.9523809523809523,3240,1.0,20.0,20.0,20.0,0.9523809523809523,0.9523809523809523,0.9523809523809523,4824,1.0,19.999999115898813,20.0,20.000001072883382,0.9523809503761878,0.9523809523809523,0.9523809548137944
205,3.4166666666666665,True,valid,0.005994292208836346,0.007588760870671909,0.1742568652018164,324.23147143262975,324.23896832935407,0.024461242052696886,327.07873119053664,1.5408186390965892,38.708307671096776,0.0004488471059377555,1585.0,1411.9629108572558,7.132700545198773e-06,0,16160,0.0890737846493721,266,3.725290298461914e-09,3240,1.0,20.0,20.0,20.0,0.9523809523809523,0.9523809523809523,0.9523809523809523,3240,1.0,20.0,20.0,20.0,0.9523809523809523,0.9523809523809523,0.9523809523809523,4824,1.0,19.999999115898813,20.0,20.000001072883382,0.9523809503761878,0.9523809523809523,0.9523809548137944
206,3.433333333333333,True,valid,0.00600442496782632,0.007514851042633271,0.17396090706033043,309.288923205503,309.2961883040712,0.02361288510597875,312.83578336500995,1.6605595340561017,43.19623556605389,0.00043258314722482375,1585.0,1450.0246012258635,6.872000101401055e-06,0,16144,0.09542669355869293,265,5.587935447692871e-09,3240,1.0,20.0,20.0,20.0,0.9523809523809523,0.9523809523809523,0.9523809523809523,3240,1.0,20.0,20.0,20.0,0.9523809523809523,0.9523809523809523,0.9523809523809523,4824,1.0,19.999999115898813,20.0,20.000001072883382,0.9523809503761878,0.9523809523809523,0.9523809548137944
207,3.45,True,valid,0.0061383240452121115,0.007505377874859099,0.17532774582679195,304.74476026534364,304.7520032223757,0.02357863046487558,308.6493463620328,1.5501871532888696,47.17863226913586,0.0004287480414369455,1585.0,1456.9805274712605,6.78164292367143e-06,0,16149,0.10207352787256241,263,3.725290298461914e-09,3240,1.0,20.0,20.0,20.0,0.9523809523809523,0.9523809523809523,0.9523809523809523,3240,1.0,20.0,20.0,20.0,0.9523809523809523,0.9523809523809523,0.9523809523809523,4824,1.0,19.999999115898813,20.0,20.000001072883382,0.9523809503761878,0.9523809523809523,0.9523809548137944
208,3.466666666666667,True,valid,0.0062496896030306715,0.007351833219039226,0.1749195001668337,287.24076660583955,287.24785934949983,0.022539089898161817,291.3193111896148,1.6050144435852636,45.814562491876416,0.00040536900557361724,1585.0,1433.0576242794086,6.434444442958403e-06,0,16165,0.10903510451316833,265,3.725290298461914e-09,3240,1.0,20.0,20.0,20.0,0.9523809523809523,0.9523809523809523,0.9523809523809523,3240,1.0,20.0,20.0,20.0,0.9523809523809523,0.9523809523809523,0.9523809523809523,4824,1.0,19.999999115898813,20.0,20.000001072883382,0.9523809503761878,0.9523809523809523,0.9523809548137944
209,3.4833333333333334,True,valid,0.006346856943997015,0.0073283026857802825,0.17528420696977845,276.0803555571104,276.08723339072725,0.02181292587316355,279.6010375594504,1.6139488230526657,40.97328118127923,0.0003907085234738548,1585.0,1324.7935989316093,6.2001459005121544e-06,0,16147,0.11457794159650803,263,7.450580596923828e-09,3240,1.0,20.0,20.0,20.0,0.9523809523809523,0.9523809523809523,0.9523809523809523,3240,1.0,20.0,20.0,20.0,0.9523809523809523,0.9523809523809523,0.9523809523809523,4824,1.0,19.999999115898813,20.0,20.000001072883382,0.9523809503761878,0.9523809523809523,0.9523809548137944
210,3.5,True,valid,0.006348062373958143,0.007232768506235934,0.17461060377183932,261.99099191373546,261.9972824489503,0.020185511508318512,265.46625157193085,1.4394050061347519,39.33886828829529,0.00036736976492524753,1585.0,1201.187949250027,5.887811618803337e-06,0,16110,0.11959342658519745,263,3.725290298461914e-09,3240,1.0,20.0,20.0,20.0,0.9523809523809523,0.9523809523809523,0.9523809523809523,3240,1.0,20.0,20.0,20.0,0.9523809523809523,0.9523809523809523,0.9523809523809523,4824,1.0,19.999999115898813,20.0,20.000001072883382,0.9523809503761878,0.9523809523809523,0.9523809548137944
211,3.5166666666666666,True,valid,0.006335279623956941,0.007045297811770534,0.1747517837107683,246.3679534491285,246.37349788917265,0.01822059002845654,249.70059573464113,1.3387712444069153,38.32943667155226,0.0003413535662304171,1585.0,938.1153196530303,5.549296083621593e-06,0,16120,0.12468799203634262,263,3.725290298461914e-09,3240,1.0,20.0,20.0,20.0,0.9523809523809523,0.9523809523809523,0.9523809523809523,3240,1.0,20.0,20.0,20.0,0.9523809523809523,0.9523809523809523,0.9523809523809523,4824,1.0,19.999999115898813,20.0,20.000001072883382,0.9523809503761878,0.9523809523809523,0.9523809548137944
212,3.533333333333333,True,valid,0.006216884439222789,0.006824734529181354,0.1746651699419517,231.15573310455065,231.16069303789484,0.01629545101457548,234.3703686056437,1.1337041302568809,35.53424465942796,0.00031684059532242773,1585.0,884.2030132559486,5.224743543927047e-06,0,16073,0.12996137142181396,263,3.725290298461914e-09,3240,1.0,20.0,20.0,20.0,0.9523809523809523,0.9523809523809523,0.9523809523809523,3240,1.0,20.0,20.0,20.0,0.9523809523809523,0.9523809523809523,0.9523809523809523,4824,1.0,19.999999115898813,20.0,20.000001072883382,0.9523809503761878,0.9523809523809523,0.9523809548137944
213,3.55,True,valid,0.006042214083727824,0.006480004181416122,0.17458779233701946,207.78217582861532,207.7860411831712,0.013685758702261793,210.96414652077348,1.0253696378747459,33.88260145693844,0.0002810526544578834,1585.0,701.1273500283907,4.731850766709073e-06,0,16060,0.1346730887889862,262,3.725290298461914e-09,3240,1.0,20.0,20.0,20.0,0.9523809523809523,0.9523809523809523,0.9523809523809523,3240,1.0,20.0,20.0,20.0,0.9523809523809523,0.9523809523809523,0.9523809523809523,4824,1.0,19.999999115898813,20.0,20.000001072883382,0.9523809503761878,0.9523809523809523,0.9523809548137944
214,3.566666666666667,True,valid,0.005876582795358491,0.006138217476927158,0.17454546772715138,188.46628343477138,188.46979138642712,0.012336101474459517,192.05174910666315,0.8958629436412948,34.085397229922336,0.0002541349321407867,1585.0,735.2051445627595,4.337211853925807e-06,0,16062,0.13865059614181519,260,7.450580596923828e-09,3240,1.0,20.0,20.0,20.0,0.9523809523809523,0.9523809523809523,0.9523809523809523,3240,1.0,20.0,20.0,20.0,0.9523809523809523,0.9523809523809523,0.9523809523809523,4824,1.0,19.999999115898813,20.0,20.000001072883382,0.9523809503761878,0.9523809523809523,0.9523809548137944
215,3.5833333333333335,True,valid,0.005734483833279979,0.005929313194968523,0.17334889334884657,166.29328421925067,166.29619822577038,0.01044710756733219,170.40873747963133,0.8249471262839652,34.395066399491725,0.00022250084284945672,1585.0,578.7410015500362,3.880143303375407e-06,0,16002,0.1419050246477127,259,7.450580596923828e-09,3240,1.0,20.0,20.0,20.0,0.9523809523809523,0.9523809523809523,0.9523809523809523,3240,1.0,20.0,20.0,20.0,0.9523809523809523,0.9523809523809523,0.9523809523809523,4824,1.0,19.999999115898813,20.0,20.000001072883382,0.9523809503761878,0.9523809523809523,0.9523809548137944
216,3.6,True,valid,0.0056298273530409355,0.005746912807914579,0.17237483875554707,147.24941084206438,147.25160755803722,0.008490937677216275,152.05893217846784,0.6581653440820966,35.14389380132393,0.00019486738072359476,1585.0,463.2834691886633,3.4980445658022647e-06,0,15925,0.14431212842464447,257,7.450580596923828e-09,3240,1.0,20.0,20.0,20.0,0.9523809523809523,0.9523809523809523,0.9523809523809523,3240,1.0,20.0,20.0,20.0,0.9523809523809523,0.9523809523809523,0.9523809523809523,4824,1.0,19.999999115898813,20.0,20.000001072883382,0.9523809503761878,0.9523809523809523,0.9523809548137944
217,3.6166666666666667,True,valid,0.005545522609198623,0.005519290676091029,0.1716451066838286,131.34198004483795,131.3435769438678,0.0067416302397411264,137.12434328375116,0.48776180558219095,37.21290003397505,0.00017037036937453336,1585.0,377.1180560853993,3.1577245383083447e-06,0,15848,0.14602495729923248,257,7.450580596923828e-09,3240,1.0,20.0,20.0,20.0,0.9523809523809523,0.9523809523809523,0.9523809523809523,3240,1.0,20.0,20.0,20.0,0.9523809523809523,0.9523809523809523,0.9523809523809523,4824,1.0,19.999999115898813,20.0,20.000001072883382,0.9523809503761878,0.9523809523809523,0.9523809548137944
218,3.6333333333333333,True,valid,0.005474241847854784,0.005252581894612747,0.17228766074185417,119.0582908121028,119.0593543373786,0.005517830542862906,125.80026418878589,0.3325563616255437,38.069967949483924,0.00015097191360474024,1585.0,326.71604923257996,2.9035151423935467e-06,0,15745,0.14710639417171478,258,7.450580596923828e-09,3240,1.0,20.0,20.0,20.0,0.9523809523809523,0.9523809523809523,0.9523809523809523,3240,1.0,20.0,20.0,20.0,0.9523809523809523,0.9523809523809523,0.9523809523809523,4824,1.0,19.999999115898813,20.0,20.000001072883382,0.9523809503761878,0.9523809523809523,0.9523809548137944
219,3.65,True,valid,0.005436017048027978,0.005073289547227866,0.17228743843903985,111.74491989107766,111.74571682689147,0.004651386112645346,119.26279487055447,0.2624018542743003,39.66762794267868,0.0001387022745624019,1585.0,250.10989987449932,2.7378476391980536e-06,0,15640,0.14699333906173706,259,7.450580596923828e-09,3240,1.0,20.0,20.0,20.0,0.9523809523809523,0.9523809523809523,0.9523809523809523,3240,1.0,20.0,20.0,20.0,0.9523809523809523,0.9523809523809523,0.9523809523809523,4824,1.0,19.999999115898813,20.0,20.000001072883382,0.9523809503761878,0.9523809523809523,0.9523809548137944
220,3.6666666666666665,True,valid,0.00536050612018616,0.004820225135792907,0.17294035111693085,112.11880259324361,112.11970947954053,0.005194178936503289,118.42259799280875,0.33637943564891104,34.73439305692432,0.00013695596524628703,1585.0,251.36119293152115,2.709130765573102e-06,0,15757,0.1459411382675171,256,7.450580596923828e-09,3240,1.0,20.0,20.0,20.0,0.9523809523809523,0.9523809523809523,0.9523809523809523,3240,1.0,20.0,20.0,20.0,0.9523809523809523,0.9523809523809523,0.9523809523809523,4824,1.0,19.999999115898813,20.0,20.000001072883382,0.9523809503761878,0.9523809523809523,0.9523809548137944
221,3.683333333333333,True,valid,0.005268768251401814,0.004471174050812885,0.1737823869200617,120.26119905011372,120.26244986135325,0.006644006758415326,126.12616912142353,0.3597875873998132,35.93119258215765,0.00014656595853024558,1585.0,402.51017571834893,2.8417371339707876e-06,0,15873,0.1442006230354309,257,7.450580596923828e-09,3240,1.0,20.0,20.0,20.0,0.9523809523809523,0.9523809523809523,0.9523809523809523,3240,1.0,20.0,20.0,20.0,0.9523809523809523,0.9523809523809523,0.9523809523809523,4824,1.0,19.999999115898813,20.0,20.000001072883382,0.9523809503761878,0.9523809523809523,0.9523809548137944
222,3.7,True,valid,0.005199367256549824,0.004400982867102137,0.17370026021171442,132.80646032079468,132.80802128729837,0.006877032209233136,138.14982182027845,0.35025627537154735,35.43382084625926,0.00016353547078834998,1585.0,407.4134496746646,3.0640542326247986e-06,0,15929,0.14166179299354553,251,7.450580596923828e-09,3240,1.0,20.0,20.0,20.0,0.9523809523809523,0.9523809523809523,0.9523809523809523,3240,1.0,20.0,20.0,20.0,0.9523809523809523,0.9523809523809523,0.9523809523809523,4824,1.0,19.999999115898813,20.0,20.000001072883382,0.9523809503761878,0.9523809523809523,0.9523809548137944
223,3.716666666666667,True,valid,0.0051684852478339665,0.0043335486223182035,0.17289640006269447,149.9454208453758,149.94759713830618,0.008441029705531533,154.42189218518408,0.4410194122675327,34.02690510538448,0.00018780262193462827,1585.0,518.9832827539451,3.3803026617403676e-06,0,16008,0.1384299099445343,256,7.450580596923828e-09,3240,1.0,20.0,20.0,20.0,0.9523809523809523,0.9523809523809523,0.9523809523809523,3240,1.0,20.0,20.0,20.0,0.9523809523809523,0.9523809523809523,0.9523809523809523,4824,1.0,19.999999115898813,20.0,20.000001072883382,0.9523809503761878,0.9523809523809523,0.9523809548137944
224,3.7333333333333334,True,valid,0.005136608216592872,0.00437595498667228,0.1719518857050732,166.10388485850368,166.10667215897251,0.010130620683764153,169.78207458153042,0.5321867236857686,31.69488823676262,0.00021119457769461577,1585.0,620.8689875699761,3.6991701179658624e-06,0,16085,0.1345720738172531,256,7.450580596923828e-09,3240,1.0,20.0,20.0,20.0,0.9523809523809523,0.9523809523809523,0.9523809523809523,3240,1.0,20.0,20.0,20.0,0.9523809523809523,0.9523809523809523,0.9523809523809523,4824,1.0,19.999999115898813,20.0,20.000001072883382,0.9523809503761878,0.9523809523809523,0.9523809548137944
225,3.75,True,valid,0.0051597654792572105,0.004580236648157542,0.17134107211929384,185.22186730674304,185.22533463917895,0.011762220100396837,188.2472435309006,0.6899816779868306,29.87731583510271,0.00023916449712746025,1585.0,697.678672494997,4.085832799618634e-06,0,16125,0.1299411803483963,259,7.450580596923828e-09,3240,1.0,20.0,20.0,20.0,0.9523809523809523,0.9523809523809523,0.9523809523809523,3240,1.0,20.0,20.0,20.0,0.9523809523809523,0.9523809523809523,0.9523809523809523,4824,1.0,19.999999115898813,20.0,20.000001072883382,0.9523809503761878,0.9523809523809523,0.9523809548137944
226,3.7666666666666666,True,valid,0.005189417399087844,0.004869506546932152,0.17154156849274946,206.85899584081142,206.863319478656,0.013566099042012081,209.26964943326576,0.9037029908553266,27.866664796997167,0.00027321851627819385,1585.0,804.1087030120054,4.540496674424345e-06,0,16157,0.1249789148569107,258,3.725290298461914e-09,3240,1.0,20.0,20.0,20.0,0.9523809523809523,0.9523809523809523,0.9523809523809523,3240,1.0,20.0,20.0,20.0,0.9523809523809523,0.9523809523809523,0.9523809523809523,4824,1.0,19.999999115898813,20.0,20.000001072883382,0.9523809503761878,0.9523809523809523,0.9523809548137944
227,3.783333333333333,True,valid,0.005237190953603914,0.005119529821198157,0.17103276077554988,226.56996496629742,226.5751666128314,0.015694672871065015,228.68048691407427,1.1209017455387282,27.05255019595097,0.00030360395736175617,1585.0,867.7438460442052,4.947713505585689e-06,0,16151,0.11990778148174286,260,3.725290298461914e-09,3240,1.0,20.0,20.0,20.0,0.9523809523809523,0.9523809523809523,0.9523809523809523,3240,1.0,20.0,20.0,20.0,0.9523809523809523,0.9523809523809523,0.9523809523809523,4824,1.0,19.999999115898813,20.0,20.000001072883382,0.9523809503761878,0.9523809523809523,0.9523809548137944
228,3.8,True,valid,0.005300033374949143,0.0054042005364644445,0.1705848201573901,247.99428279561894,248.0000470113088,0.0179012757188306,249.86604037621015,1.2736127478382786,26.092970687101413,0.00033435871029637303,1585.0,1157.8598506377348,5.389260712198145e-06,0,16147,0.11457093060016632,259,7.450580596923828e-09,3240,1.0,20.0,20.0,20.0,0.9523809523809523,0.9523809523809523,0.9523809523809523,3240,1.0,20.0,20.0,20.0,0.9523809523809523,0.9523809523809523,0.9523809523809523,4824,1.0,19.999999115898813,20.0,20.000001072883382,0.9523809503761878,0.9523809523809523,0.9523809548137944
229,3.816666666666667,True,valid,0.005369603364788477,0.005719479886255967,0.1703710033862559,269.5190077075657,269.5252026498161,0.019783962405059537,271.2776874962104,1.3688729218862228,26.354156341541493,0.00036226248211840387,1585.0,1462.3041045902637,5.827716253185806e-06,0,16114,0.10888319462537766,258,3.725290298461914e-09,3240,1.0,20.0,20.0,20.0,0.9523809523809523,0.9523809523809523,0.9523809523809523,3240,1.0,20.0,20.0,20.0,0.9523809523809523,0.9523809523809523,0.9523809523809523,4824,1.0,19.999999115898813,20.0,20.000001072883382,0.9523809503761878,0.9523809523809523,0.9523809548137944
230,3.8333333333333335,True,valid,0.00545579054729237,0.00594218998574363,0.17002462752255781,285.4320680296999,285.4387558966142,0.021671915348962966,287.13842832804636,1.4487293933598178,26.62302886154076,0.0003856877990960285,1585.0,1650.7008156706581,6.172620505955762e-06,0,16116,0.10306969285011292,258,7.450580596923828e-09,3240,1.0,20.0,20.0,20.0,0.9523809523809523,0.9523809523809523,0.9523809523809523,3240,1.0,20.0,20.0,20.0,0.9523809523809523,0.9523809523809523,0.9523809523809523,4824,1.0,19.999999115898813,20.0,20.000001072883382,0.9523809503761878,0.9523809523809523,0.9523809548137944
231,3.85,True,valid,0.005577892336023286,0.006235353131373747,0.17026175881870037,300.1709978472672,300.1778901163601,0.02246498884080446,301.81143920264583,1.5050657290430882,26.83514352827259,0.00040638514467510387,1585.0,1836.6176964878002,6.495148681945678e-06,0,16169,0.09710977226495743,260,3.725290298461914e-09,3240,1.0,20.0,20.0,20.0,0.9523809523809523,0.9523809523809523,0.9523809523809523,3240,1.0,20.0,20.0,20.0,0.9523809523809523,0.9523809523809523,0.9523809523809523,4824,1.0,19.999999115898813,20.0,20.000001072883382,0.9523809503761878,0.9523809523809523,0.9523809548137944
232,3.8666666666666667,True,valid,0.005721664211350502,0.006512401394968827,0.1708328050014766,313.34144642104803,313.34861331185124,0.023621094630509373,315.0294992255165,1.5338960295116715,27.75003872069637,0.0004239635380830686,1585.0,2008.3443288784833,6.757936280320498e-06,0,16275,0.09086063504219055,262,1.862645149230957e-09,3240,1.0,20.0,20.0,20.0,0.9523809523809523,0.9523809523809523,0.9523809523809523,3240,1.0,20.0,20.0,20.0,0.9523809523809523,0.9523809523809523,0.9523809523809523,4824,1.0,19.999999115898813,20.0,20.000001072883382,0.9523809503761878,0.9523809523809523,0.9523809548137944
233,3.8833333333333333,True,valid,0.005869654980018911,0.006716782249357439,0.17196606838001083,320.2544617524389,320.2616482475494,0.023930691708203892,321.9790869072154,1.5999139784128797,28.833451053962353,0.0004313744679089552,1585.0,2055.939655429465,6.9077526213583535e-06,0,16288,0.08430938422679901,263,1.862645149230957e-09,3240,1.0,20.0,20.0,20.0,0.9523809523809523,0.9523809523809523,0.9523809523809523,3240,1.0,20.0,20.0,20.0,0.9523809523809523,0.9523809523809523,0.9523809523809523,4824,1.0,19.999999115898813,20.0,20.000001072883382,0.9523809503761878,0.9523809523809523,0.9523809548137944
234,3.9,True,valid,0.005988085580446396,0.006892510264848046,0.17231921782637968,326.78147439496234,326.7890655643228,0.024832456530625813,328.34429818098914,1.6715935377314217,27.684209111485647,0.00044365061614588314,1585.0,1964.8737087426923,7.055364208334208e-06,0,16293,0.07751709967851639,263,2.7939677238464355e-09,3240,1.0,20.0,20.0,20.0,0.9523809523809523,0.9523809523809523,0.9523809523809523,3240,1.0,20.0,20.0,20.0,0.9523809523809523,0.9523809523809523,0.9523809523809523,4824,1.0,19.999999115898813,20.0,20.000001072883382,0.9523809503761878,0.9523809523809523,0.9523809548137944
235,3.9166666666666665,True,valid,0.0060240079100291185,0.007029129782134515,0.17339225813888456,328.01834028490936,328.0260411523126,0.02468833291709437,329.4513840354058,1.754025721347211,26.495435217728033,0.00044652363048807824,1585.0,1927.9975990346963,7.0837520194625e-06,0,16256,0.07047969847917557,264,3.725290298461914e-09,3240,1.0,20.0,20.0,20.0,0.9523809523809523,0.9523809523809523,0.9523809523809523,3240,1.0,20.0,20.0,20.0,0.9523809523809523,0.9523809523809523,0.9523809523809523,4824,1.0,19.999999115898813,20.0,20.000001072883382,0.9523809503761878,0.9523809523809523,0.9523809548137944
236,3.933333333333333,True,valid,0.005994057734168631,0.007098905984393764,0.17474441363039142,330.75228497323303,330.7603311042258,0.02558264977230013,332.0965102308011,1.7477991574797178,25.566937316424173,0.0004547464068791378,1585.0,1837.9824314109114,7.158117466997441e-06,0,16273,0.06300327181816101,264,2.561137080192566e-09,3240,1.0,20.0,20.0,20.0,0.9523809523809523,0.9523809523809523,0.9523809523809523,3240,1.0,20.0,20.0,20.0,0.9523809523809523,0.9523809523809523,0.9523809523809523,4824,1.0,19.999999115898813,20.0,20.000001072883382,0.9523809503761878,0.9523809523809523,0.9523809548137944
237,3.95,True,valid,0.00603534295386582,0.007180494067025084,0.1756232939639418,330.04815890809857,330.0563237682711,0.026072763666519394,331.36904221642396,1.8747325087684898,25.882244455754954,0.00045652195241326635,1585.0,1790.51312353744,7.168604731401209e-06,0,16205,0.062826968729496,261,3.4924596548080444e-09,3240,1.0,20.0,20.0,20.0,0.9523809523809523,0.9523809523809523,0.9523809523809523,3240,1.0,20.0,20.0,20.0,0.9523809523809523,0.9523809523809523,0.9523809523809523,4824,1.0,19.999999115898813,20.0,20.000001072883382,0.9523809503761878,0.9523809523809523,0.9523809548137944
238,3.966666666666667,True,valid,0.006102133893929478,0.00726980077774228,0.17639817134123137,329.29627292452255,329.30452427305755,0.025996780071087917,330.60379938157206,1.7665587081519365,25.846460618609175,0.00045638618221395684,1585.0,1659.3157395940505,7.165906996431796e-06,0,16257,0.0703229010105133,260,3.725290298461914e-09,3240,1.0,20.0,20.0,20.0,0.9523809523809523,0.9523809523809523,0.9523809523809523,3240,1.0,20.0,20.0,20.0,0.9523809523809523,0.9523809523809523,0.9523809523809523,4824,1.0,19.999999115898813,20.0,20.000001072883382,0.9523809503761878,0.9523809523809523,0.9523809548137944
239,3.9833333333333334,True,valid,0.006120577836814826,0.0073696472843922676,0.1782990539742982,326.3160474025353,326.3242712951817,0.025383966399782524,327.68824476835664,1.911397982018683,26.2808502507449,0.0004524178609633562,1585.0,1659.2033815289442,7.125527951782948e-06,0,16243,0.07767738401889801,256,5.587935447692871e-09,3240,1.0,20.0,20.0,20.0,0.9523809523809523,0.9523809523809523,0.9523809523809523,3240,1.0,20.0,20.0,20.0,0.9523809523809523,0.9523809523809523,0.9523809523809523,4824,1.0,19.999999115898813,20.0,20.000001072883382,0.9523809503761878,0.9523809523809523,0.9523809548137944
240,4.0,True,valid,0.006072085136143535,0.007429671212245752,0.1801203424214906,323.51758077964195,323.52582083027056,0.025270998515129418,325.1012807471793,1.7272244051325907,28.530716866791984,0.00044746850529503505,1585.0,1422.5592229810134,7.05770204639017e-06,0,16219,0.08483544737100601,255,7.450580596923828e-09,3240,1.0,20.0,20.0,20.0,0.9523809523809523,0.9523809523809523,0.9523809523809523,3240,1.0,20.0,20.0,20.0,0.9523809523809523,0.9523809523809523,0.9523809523809523,4824,1.0,19.999999115898813,20.0,20.000001072883382,0.9523809503761878,0.9523809523809523,0.9523809548137944
241,4.016666666666667,True,valid,0.0059782650279765195,0.007439789438592809,0.18179798294968225,315.6366528168883,315.64454433788677,0.02434724906980571,317.60775080697294,1.7921189130439477,31.56863004469029,0.00043943650629643796,1585.0,1389.577433209595,6.930387092112814e-06,0,16225,0.09183384478092194,255,5.587935447692871e-09,3240,1.0,20.0,20.0,20.0,0.9523809523809523,0.9523809523809523,0.9523809523809523,3240,1.0,20.0,20.0,20.0,0.9523809523809523,0.9523809523809523,0.9523809523809523,4824,1.0,19.999999115898813,20.0,20.000001072883382,0.9523809503761878,0.9523809523809523,0.9523809548137944
242,4.033333333333333,True,valid,0.005941737089203934,0.007444100696608048,0.18345758770996795,308.458565281667,308.4662112973385,0.023405714412055845,310.67891224614965,1.5344016418711497,33.690132688700345,0.00042570497077776124,1585.0,1382.3847620075,6.739487411621499e-06,0,16216,0.0986069068312645,252,3.725290298461914e-09,3240,1.0,20.0,20.0,20.0,0.9523809523809523,0.9523809523809523,0.9523809523809523,3240,1.0,20.0,20.0,20.0,0.9523809523809523,0.9523809523809523,0.9523809523809523,4824,1.0,19.999999115898813,20.0,20.000001072883382,0.9523809503761878,0.9523809523809523,0.9523809548137944
243,4.05,True,valid,0.005981394288154442,0.007537510043623744,0.18518955301966813,297.17567546985543,297.1826513766805,0.022787982768159746,299.85251296037114,1.5370859829413621,37.06751682359331,0.0004141785132197329,1585.0,1301.46101638092,6.546799027581994e-06,0,16185,0.10518191754817963,253,3.725290298461914e-09,3240,1.0,20.0,20.0,20.0,0.9523809523809523,0.9523809523809523,0.9523809523809523,3240,1.0,20.0,20.0,20.0,0.9523809523809523,0.9523809523809523,0.9523809523809523,4824,1.0,19.999999115898813,20.0,20.000001072883382,0.9523809503761878,0.9523809523809523,0.9523809548137944
244,4.066666666666666,True,valid,0.006067435811625736,0.007615764643745479,0.18691850813633806,289.3556594326375,289.36225252470905,0.021412137975520672,292.02336123981974,1.4436922810649266,37.549635553576096,0.0004009363417407497,1585.0,1288.731113299681,6.388387053312253e-06,0,16193,0.11142001301050186,252,7.450580596923828e-09,3240,1.0,20.0,20.0,20.0,0.9523809523809523,0.9523809523809523,0.9523809523809523,3240,1.0,20.0,20.0,20.0,0.9523809523809523,0.9523809523809523,0.9523809523809523,4824,1.0,19.999999115898813,20.0,20.000001072883382,0.9523809503761878,0.9523809523809523,0.9523809548137944
245,4.083333333333333,True,valid,0.006080467413861678,0.007615945219838315,0.18597549579456016,271.21083803274695,271.21705983786353,0.02042239639437224,274.06611173291526,1.4488985211265546,36.03435108921698,0.00037539612809966906,1585.0,1128.9626128260943,6.008622051384113e-06,0,16182,0.11726092547178268,254,7.450580596923828e-09,3240,1.0,20.0,20.0,20.0,0.9523809523809523,0.9523809523809523,0.9523809523809523,3240,1.0,20.0,20.0,20.0,0.9523809523809523,0.9523809523809523,0.9523809523809523,4824,1.0,19.999999115898813,20.0,20.000001072883382,0.9523809503761878,0.9523809523809523,0.9523809548137944
246,4.1,True,valid,0.006025117093774877,0.007404526762398161,0.18581934133220013,251.76292117217776,251.76860056312427,0.018386156695593434,254.8191472828061,1.3604577669933269,36.51320061296145,0.00034462027595781423,1585.0,1047.8958733627207,5.605569564125499e-06,0,16157,0.12257522344589233,254,7.450580596923828e-09,3240,1.0,20.0,20.0,20.0,0.9523809523809523,0.9523809523809523,0.9523809523809523,3240,1.0,20.0,20.0,20.0,0.9523809523809523,0.9523809523809523,0.9523809523809523,4824,1.0,19.999999115898813,20.0,20.000001072883382,0.9523809503761878,0.9523809523809523,0.9523809548137944
247,4.116666666666666,True,valid,0.005941912833476493,0.007014834862911642,0.1853886447578444,233.03542765703187,233.0404836800633,0.01649054721336757,236.34170141398238,1.1466386258124874,36.13704046847714,0.00031331772659268697,1585.0,899.9238605035422,5.192556010042598e-06,0,16102,0.12738294899463654,255,3.725290298461914e-09,3240,1.0,20.0,20.0,20.0,0.9523809523809523,0.9523809523809523,0.9523809523809523,3240,1.0,20.0,20.0,20.0,0.9523809523809523,0.9523809523809523,0.9523809523809523,4824,1.0,19.999999115898813,20.0,20.000001072883382,0.9523809503761878,0.9523809523809523,0.9523809548137944
248,4.133333333333334,True,valid,0.005900653172023324,0.006584531540152933,0.18556150259467832,214.31065050368073,214.315051884474,0.014881476244574495,217.52565721369353,1.015779778917298,34.709838016712204,0.00028737158885520946,1585.0,798.156758457042,4.828294662845349e-06,0,16067,0.13153678178787231,259,3.725290298461914e-09,3240,1.0,20.0,20.0,20.0,0.9523809523809523,0.9523809523809523,0.9523809523809523,3240,1.0,20.0,20.0,20.0,0.9523809523809523,0.9523809523809523,0.9523809523809523,4824,1.0,19.999999115898813,20.0,20.000001072883382,0.9523809503761878,0.9523809523809523,0.9523809548137944
249,4.15,True,valid,0.005805261836444876,0.0059588335046898795,0.1861342918645107,195.26914464263567,195.27294319752082,0.012597817485995463,199.05460158786985,0.903600493719164,35.20513457500618,0.00026025233694068026,1585.0,796.2579091934952,4.4389256980516874e-06,0,16055,0.13495023548603058,259,7.450580596923828e-09,3240,1.0,20.0,20.0,20.0,0.9523809523809523,0.9523809523809523,0.9523809523809523,3240,1.0,20.0,20.0,20.0,0.9523809523809523,0.9523809523809523,0.9523809523809523,4824,1.0,19.999999115898813,20.0,20.000001072883382,0.9523809503761878,0.9523809523809523,0.9523809548137944
250,4.166666666666667,True,valid,0.005685454915267426,0.005540803379992712,0.18604764670947846,172.85677583722338,172.859893757359,0.01086200546812688,176.59168898308312,0.798854207103105,33.612896311196856,0.000230508342445347,1585.0,587.225327699994,3.98514817902984e-06,0,16042,0.13773313164710999,261,7.450580596923828e-09,3240,1.0,20.0,20.0,20.0,0.9523809523809523,0.9523809523809523,0.9523809523809523,3240,1.0,20.0,20.0,20.0,0.9523809523809523,0.9523809523809523,0.9523809523809523,4824,1.0,19.999999115898813,20.0,20.000001072883382,0.9523809503761878,0.9523809523809523,0.9523809548137944
251,4.183333333333334,True,valid,0.005592701616193445,0.00523768590744111,0.1859258152396391,154.67627562447635,154.67892799574386,0.009247206149120913,158.6491205777055,0.7601316851344079,33.186633081753044,0.00020439758295493586,1585.0,489.19229137059017,3.6245687426032902e-06,0,16028,0.13973084092140198,255,7.450580596923828e-09,3240,1.0,20.0,20.0,20.0,0.9523809523809523,0.9523809523809523,0.9523809523809523,3240,1.0,20.0,20.0,20.0,0.9523809523809523,0.9523809523809523,0.9523809523809523,4824,1.0,19.999999115898813,20.0,20.000001072883382,0.9523809503761878,0.9523809523809523,0.9523809548137944
252,4.2,True,valid,0.005511611667567064,0.005239336027294471,0.18549910960826538,139.07141125178083,139.0732507129487,0.007211472022128832,143.39342823167704,0.5338643763273399,33.9053406769432,0.00017789146761650884,1585.0,394.05728972880587,3.2762476725961822e-06,0,15905,0.14118722081184387,253,7.450580596923828e-09,3240,1.0,20.0,20.0,20.0,0.9523809523809523,0.9523809523809523,0.9523809523809523,3240,1.0,20.0,20.0,20.0,0.9523809523809523,0.9523809523809523,0.9523809523809523,4824,1.0,19.999999115898813,20.0,20.000001072883382,0.9523809503761878,0.9523809523809523,0.9523809548137944
253,4.216666666666667,True,valid,0.005458508802210281,0.005168657827848368,0.18490435019334647,125.92367232652387,125.92489489562219,0.00578498411329832,130.44802411036,0.3855149964391724,30.839490369667907,0.00015708936417512654,1585.0,306.8454676505861,2.9935499114764955e-06,0,15744,0.14187447726726532,253,7.450580596923828e-09,3240,1.0,20.0,20.0,20.0,0.9523809523809523,0.9523809523809523,0.9523809523809523,3240,1.0,20.0,20.0,20.0,0.9523809523809523,0.9523809523809523,0.9523809523809523,4824,1.0,19.999999115898813,20.0,20.000001072883382,0.9523809503761878,0.9523809523809523,0.9523809548137944
254,4.233333333333333,True,valid,0.005404897291983516,0.004872194921750853,0.18353326232269426,116.25712955457224,116.25803408505125,0.004857605987312096,120.93026360680467,0.2648484969668884,31.290198962357383,0.00014303477680173668,1585.0,257.16028619375174,2.797683170626395e-06,0,15629,0.14180561900138855,256,7.450580596923828e-09,3240,1.0,20.0,20.0,20.0,0.9523809523809523,0.9523809523809523,0.9523809523809523,3240,1.0,20.0,20.0,20.0,0.9523809523809523,0.9523809523809523,0.9523809523809523,4824,1.0,19.999999115898813,20.0,20.000001072883382,0.9523809503761878,0.9523809523809523,0.9523809548137944
255,4.25,True,valid,0.005305769486209436,0.004565430486209912,0.18254481471709824,110.58184936918495,110.58261593514466,0.004587969739430052,115.21415623835411,0.2366124191996029,30.312870215634803,0.00013535262557300433,1585.0,250.45864550156838,2.675313073033382e-06,0,15646,0.1411307007074356,262,7.450580596923828e-09,3240,1.0,20.0,20.0,20.0,0.9523809523809523,0.9523809523809523,0.9523809523809523,3240,1.0,20.0,20.0,20.0,0.9523809523809523,0.9523809523809523,0.9523809523809523,4824,1.0,19.999999115898813,20.0,20.000001072883382,0.9523809503761878,0.9523809523809523,0.9523809548137944
256,4.266666666666667,True,valid,0.0052007446627495265,0.004282909366218148,0.18281703723922813,114.60916249283264,114.61014923806437,0.0051658289674613,118.61707515453452,0.25089064441004877,28.759857774061825,0.00014159925493633028,1585.0,289.08807099262054,2.7345014941300026e-06,0,15823,0.13985177874565125,265,7.450580596923828e-09,3240,1.0,20.0,20.0,20.0,0.9523809523809523,0.9523809523809523,0.9523809523809523,3240,1.0,20.0,20.0,20.0,0.9523809523809523,0.9523809523809523,0.9523809523809523,4824,1.0,19.999999115898813,20.0,20.000001072883382,0.9523809503761878,0.9523809523809523,0.9523809548137944
257,4.283333333333333,True,valid,0.0051024604815881934,0.004182688793781782,0.18341099126828006,126.79595545812293,126.79737157488255,0.006365492990103953,130.41934943370418,0.3052707898493191,28.70040513878589,0.00015860433749589366,1585.0,399.7982385722424,2.9568324871213747e-06,0,15915,0.13787510991096497,267,7.450580596923828e-09,3240,1.0,20.0,20.0,20.0,0.9523809523809523,0.9523809523809523,0.9523809523809523,3240,1.0,20.0,20.0,20.0,0.9523809523809523,0.9523809523809523,0.9523809523809523,4824,1.0,19.999999115898813,20.0,20.000001072883382,0.9523809503761878,0.9523809523809523,0.9523809548137944
258,4.3,True,valid,0.005048830631601622,0.004251129240430165,0.18348200930792746,142.32064095711488,142.32261098106707,0.007894056954619194,145.7876778539014,0.4102159134307182,29.94094995436975,0.00017991018098878318,1585.0,488.5754859680273,3.252505242075799e-06,0,16005,0.13568007946014404,267,7.450580596923828e-09,3240,1.0,20.0,20.0,20.0,0.9523809523809523,0.9523809523809523,0.9523809523809523,3240,1.0,20.0,20.0,20.0,0.9523809523809523,0.9523809523809523,0.9523809523809523,4824,1.0,19.999999115898813,20.0,20.000001072883382,0.9523809503761878,0.9523809523809523,0.9523809548137944
259,4.316666666666666,True,valid,0.005058823647346842,0.004438682608542641,0.18283045304842063,160.88827873335413,160.89085314332172,0.009567187694936943,163.89220882952873,0.5007080563407181,30.07066814733157,0.00020517811170037343,1585.0,616.093114960013,3.609853534294401e-06,0,16064,0.13254372775554657,269,7.450580596923828e-09,3240,1.0,20.0,20.0,20.0,0.9523809523809523,0.9523809523809523,0.9523809523809523,3240,1.0,20.0,20.0,20.0,0.9523809523809523,0.9523809523809523,0.9523809523809523,4824,1.0,19.999999115898813,20.0,20.000001072883382,0.9523809503761878,0.9523809523809523,0.9523809548137944
260,4.333333333333333,True,valid,0.005093537298094479,0.00467174949871195,0.18132011682762705,180.31385770377582,180.3170984058245,0.011378527303118816,182.86459163189645,0.6988071332986839,29.02881754541985,0.0002321552740452982,1585.0,678.8044269944309,4.000136462766334e-06,0,16103,0.12860290706157684,264,3.725290298461914e-09,3240,1.0,20.0,20.0,20.0,0.9523809523809523,0.9523809523809523,0.9523809523809523,3240,1.0,20.0,20.0,20.0,0.9523809523809523,0.9523809523809523,0.9523809523809523,4824,1.0,19.999999115898813,20.0,20.000001072883382,0.9523809503761878,0.9523809523809523,0.9523809548137944
261,4.35,True,valid,0.005111368132107931,0.004843720862815316,0.1797481886354347,200.07555853780167,200.0796064367383,0.013105886872828003,202.2305388953676,0.7985731594164086,27.523813819065445,0.00026235980032471046,1585.0,761.3201069692833,4.416416637565486e-06,0,16115,0.12363987416028976,262,3.725290298461914e-09,3240,1.0,20.0,20.0,20.0,0.9523809523809523,0.9523809523809523,0.9523809523809523,3240,1.0,20.0,20.0,20.0,0.9523809523809523,0.9523809523809523,0.9523809523809523,4824,1.0,19.999999115898813,20.0,20.000001072883382,0.9523809503761878,0.9523809523809523,0.9523809548137944
262,4.366666666666666,True,valid,0.005138894408282762,0.005001002171684386,0.17824956158606675,217.8860626038073,217.8909104673697,0.015014342591522137,219.8211633673958,1.0278103763942898,26.357388363257087,0.0002908247732131139,1585.0,802.1600628823504,4.802171846027316e-06,0,16109,0.11859875172376633,262,3.725290298461914e-09,3240,1.0,20.0,20.0,20.0,0.9523809523809523,0.9523809523809523,0.9523809523809523,3240,1.0,20.0,20.0,20.0,0.9523809523809523,0.9523809523809523,0.9523809523809523,4824,1.0,19.999999115898813,20.0,20.000001072883382,0.9523809503761878,0.9523809523809523,0.9523809548137944
263,4.383333333333334,True,valid,0.00517952950076544,0.005251200294216873,0.1775027805081828,239.33854238433673,239.34410579998647,0.017241467459429012,241.06497063161166,1.2287373686154055,25.006632531478147,0.00032439107579746877,1585.0,1125.9508063869407,5.261558907082045e-06,0,16120,0.11301451921463013,262,3.725290298461914e-09,3240,1.0,20.0,20.0,20.0,0.9523809523809523,0.9523809523809523,0.9523809523809523,3240,1.0,20.0,20.0,20.0,0.9523809523809523,0.9523809523809523,0.9523809523809523,4824,1.0,19.999999115898813,20.0,20.000001072883382,0.9523809503761878,0.9523809523809523,0.9523809548137944
264,4.4,True,valid,0.005262196011322119,0.0055786673920204905,0.1768587947600924,262.0097608718654,262.01588595660553,0.019380244830480176,263.554845616025,1.3400935848426592,23.933043705952745,0.00035689147430899315,1585.0,1474.1727513692326,5.7441137603037305e-06,0,16139,0.10692537575960159,264,7.450580596923828e-09,3240,1.0,20.0,20.0,20.0,0.9523809523809523,0.9523809523809523,0.9523809523809523,3240,1.0,20.0,20.0,20.0,0.9523809523809523,0.9523809523809523,0.9523809523809523,4824,1.0,19.999999115898813,20.0,20.000001072883382,0.9523809503761878,0.9523809523809523,0.9523809548137944
265,4.416666666666667,True,valid,0.005369377259827496,0.005877818722671734,0.1760807896840557,280.4389338685228,280.4456194559934,0.020969031253063836,281.7687149427807,1.395244593221044,22.957057386237498,0.000383696448486476,1585.0,1629.457878681492,6.1409542435068165e-06,0,16152,0.10048209130764008,264,7.450580596923828e-09,3240,1.0,20.0,20.0,20.0,0.9523809523809523,0.9523809523809523,0.9523809523809523,3240,1.0,20.0,20.0,20.0,0.9523809523809523,0.9523809523809523,0.9523809523809523,4824,1.0,19.999999115898813,20.0,20.000001072883382,0.9523809503761878,0.9523809523809523,0.9523809548137944
266,4.433333333333334,True,valid,0.005501772282106401,0.006164288198407526,0.17608864747072378,291.911482476357,291.918227755102,0.021859062139216536,293.11522233042166,1.4515772862867788,21.59342268984742,0.0003973041832115292,1585.0,1709.9061123364188,6.382330002111905e-06,0,16190,0.09412502497434616,265,7.450580596923828e-09,3240,1.0,20.0,20.0,20.0,0.9523809523809523,0.9523809523809523,0.9523809523809523,3240,1.0,20.0,20.0,20.0,0.9523809523809523,0.9523809523809523,0.9523809523809523,4824,1.0,19.999999115898813,20.0,20.000001072883382,0.9523809503761878,0.9523809523809523,0.9523809548137944
267,4.45,True,valid,0.005658649648626769,0.006473151145718936,0.1763483967888457,303.56466304347185,303.5715504659578,0.02236141579433195,304.69462516548816,1.495657365822535,21.698537498965507,0.0004116143251409786,1585.0,1712.5217090142658,6.614599848439559e-06,0,16331,0.08826740831136703,260,3.725290298461914e-09,3240,1.0,20.0,20.0,20.0,0.9523809523809523,0.9523809523809523,0.9523809523809523,3240,1.0,20.0,20.0,20.0,0.9523809523809523,0.9523809523809523,0.9523809523809523,4824,1.0,19.999999115898813,20.0,20.000001072883382,0.9523809503761878,0.9523809523809523,0.9523809548137944
268,4.466666666666667,True,valid,0.005802628874903642,0.00670030634367248,0.17667010962933385,312.2173274932333,312.2242714188367,0.023283132429466107,313.384755668191,1.5510684501943595,22.198345330904488,0.0004220827333688247,1585.0,1790.7135163457056,6.7939030587920454e-06,0,16362,0.08183988183736801,265,3.725290298461914e-09,3240,1.0,20.0,20.0,20.0,0.9523809523809523,0.9523809523809523,0.9523809523809523,3240,1.0,20.0,20.0,20.0,0.9523809523809523,0.9523809523809523,0.9523809523809523,4824,1.0,19.999999115898813,20.0,20.000001072883382,0.9523809503761878,0.9523809523809523,0.9523809548137944
269,4.483333333333333,True,valid,0.0058777589552387,0.006854149373353001,0.1767682017138922,317.98895541824464,317.9964217000358,0.023973113111626695,319.1652800230962,1.6303175492383166,22.940576227276782,0.00043311404284721586,1585.0,1658.9088705432928,6.917792048852876e-06,0,16378,0.07534169405698776,266,1.862645149230957e-09,3240,1.0,20.0,20.0,20.0,0.9523809523809523,0.9523809523809523,0.9523809523809523,3240,1.0,20.0,20.0,20.0,0.9523809523809523,0.9523809523809523,0.9523809523809523,4824,1.0,19.999999115898813,20.0,20.000001072883382,0.9523809503761878,0.9523809523809523,0.9523809548137944
270,4.5,True,valid,0.005927432370095,0.007050755886217132,0.17703520523636881,322.81069912027453,322.8184768169718,0.02473220455319134,324.1561647676043,1.6868772331600055,24.346612441762115,0.00044460401703835887,1585.0,1629.275874056289,7.0418671626640785e-06,0,16377,0.0686541274189949,269,3.725290298461914e-09,3240,1.0,20.0,20.0,20.0,0.9523809523809523,0.9523809523809523,0.9523809523809523,3240,1.0,20.0,20.0,20.0,0.9523809523809523,0.9523809523809523,0.9523809523809523,4824,1.0,19.999999115898813,20.0,20.000001072883382,0.9523809503761878,0.9523809523809523,0.9523809548137944
271,4.516666666666667,True,valid,0.00598988415369574,0.007286416113636921,0.17736333800808002,328.8124390314465,328.820433223532,0.025441235003675046,330.4113459039125,1.6961969170904136,26.9697956688679,0.00045305638828824186,1585.0,1680.6150639015211,7.174883282475033e-06,0,16335,0.06173095479607582,268,3.259629011154175e-09,3240,1.0,20.0,20.0,20.0,0.9523809523809523,0.9523809523809523,0.9523809523809523,3240,1.0,20.0,20.0,20.0,0.9523809523809523,0.9523809523809523,0.9523809523809523,4824,1.0,19.999999115898813,20.0,20.000001072883382,0.9523809503761878,0.9523809523809523,0.9523809548137944
272,4.533333333333333,True,valid,0.0060229033225637635,0.007464008816689758,0.1787707475738474,329.2172038429506,329.2246880689472,0.025309264663785403,330.99840592258323,1.7820014886810496,29.754116736233353,0.00045414889559365244,1585.0,1627.6468831875497,7.20811378235068e-06,0,16296,0.06257683783769608,269,3.14321368932724e-09,3240,1.0,20.0,20.0,20.0,0.9523809523809523,0.9523809523809523,0.9523809523809523,3240,1.0,20.0,20.0,20.0,0.9523809523809523,0.9523809523809523,0.9523809523809523,4824,1.0,19.999999115898813,20.0,20.000001072883382,0.9523809503761878,0.9523809523809523,0.9523809548137944
273,4.55,True,valid,0.006010942419454553,0.007597375509757296,0.1786102290084248,330.0225285051186,330.03022114001607,0.02516072526986721,332.1059151472289,1.7061412365892639,31.86753722535207,0.0004577272878966209,1585.0,1614.7251688462609,7.235544916765451e-06,0,16247,0.06998283416032791,269,2.3283064365386963e-09,3240,1.0,20.0,20.0,20.0,0.9523809523809523,0.9523809523809523,0.9523809523809523,3240,1.0,20.0,20.0,20.0,0.9523809523809523,0.9523809523809523,0.9523809523809523,4824,1.0,19.999999115898813,20.0,20.000001072883382,0.9523809503761878,0.9523809523809523,0.9523809548137944
274,4.566666666666666,True,valid,0.0060215203056428615,0.007677396375855356,0.17918456450479256,324.77842562122885,324.7861685712503,0.02561879052622389,327.18182943145405,1.7908276667639607,34.87273531084662,0.0004536194620405687,1585.0,1402.817818067227,7.149816690822361e-06,0,16208,0.07728267461061478,265,2.7939677238464355e-09,3240,1.0,20.0,20.0,20.0,0.9523809523809523,0.9523809523809523,0.9523809523809523,3240,1.0,20.0,20.0,20.0,0.9523809523809523,0.9523809523809523,0.9523809523809523,4824,1.0,19.999999115898813,20.0,20.000001072883382,0.9523809503761878,0.9523809523809523,0.9523809548137944
275,4.583333333333333,True,valid,0.0060510526542596026,0.007617295743390765,0.1790904613704386,320.1883896781905,320.196321094598,0.02561791961300747,322.4739039157968,1.705880678623679,34.50978134674296,0.00044877818174977494,1585.0,1395.919706536065,7.062632211736386e-06,0,16198,0.08436793088912964,265,3.725290298461914e-09,3240,1.0,20.0,20.0,20.0,0.9523809523809523,0.9523809523809523,0.9523809523809523,3240,1.0,20.0,20.0,20.0,0.9523809523809523,0.9523809523809523,0.9523809523809523,4824,1.0,19.999999115898813,20.0,20.000001072883382,0.9523809503761878,0.9523809523809523,0.9523809548137944
276,4.6,True,valid,0.006106257542895129,0.007550103579078562,0.17943351631671642,311.83697020793113,311.84451923614694,0.02495658245994052,313.7307332200249,1.796866804890668,31.59254926558284,0.00043782128003282844,1585.0,1465.4168335842785,6.904149227646114e-06,0,16240,0.09135446697473526,265,7.450580596923828e-09,3240,1.0,20.0,20.0,20.0,0.9523809523809523,0.9523809523809523,0.9523809523809523,3240,1.0,20.0,20.0,20.0,0.9523809523809523,0.9523809523809523,0.9523809523809523,4824,1.0,19.999999115898813,20.0,20.000001072883382,0.9523809503761878,0.9523809523809523,0.9523809548137944
277,4.616666666666666,True,valid,0.006177513262582627,0.007638627801333868,0.17893985425565484,306.9683707271697,306.9755805617213,0.02401193323980582,309.094888556412,1.6394850190622927,34.425813610118695,0.0004280328527337656,1585.0,1529.0369819129426,6.78864759207321e-06,0,16170,0.09803508222103119,268,3.725290298461914e-09,3240,1.0,20.0,20.0,20.0,0.9523809523809523,0.9523809523809523,0.9523809523809523,3240,1.0,20.0,20.0,20.0,0.9523809523809523,0.9523809523809523,0.9523809523809523,4824,1.0,19.999999115898813,20.0,20.000001072883382,0.9523809503761878,0.9523809523809523,0.9523809548137944
278,4.633333333333334,True,valid,0.0062466763674696914,0.0075891966979420794,0.18054166400135008,295.497150456439,295.5038830790175,0.022537622568640874,298.1783103189338,1.5803402868516316,37.54873905980161,0.0004133387122108183,1585.0,1418.1579105343433,6.560929561245812e-06,0,16202,0.10446576029062271,266,3.725290298461914e-09,3240,1.0,20.0,20.0,20.0,0.9523809523809523,0.9523809523809523,0.9523809523809523,3240,1.0,20.0,20.0,20.0,0.9523809523809523,0.9523809523809523,0.9523809523809523,4824,1.0,19.999999115898813,20.0,20.000001072883382,0.9523809503761878,0.9523809523809523,0.9523809548137944
279,4.65,True,valid,0.006356527382797119,0.007494749219525374,0.18159972531391222,287.85714761614884,287.8636548784988,0.021733346077626652,290.94612957002164,1.4808336138993616,41.517417124138895,0.00039773086793629483,1585.0,1288.9366239892208,6.397043825876307e-06,0,16160,0.11060967296361923,268,3.725290298461914e-09,3240,1.0,20.0,20.0,20.0,0.9523809523809523,0.9523809523809523,0.9523809523809523,3240,1.0,20.0,20.0,20.0,0.9523809523809523,0.9523809523809523,0.9523809523809523,4824,1.0,19.999999115898813,20.0,20.000001072883382,0.9523809503761878,0.9523809523809523,0.9523809548137944
280,4.666666666666667,True,valid,0.006375243871319833,0.007422785335152976,0.18138886025656623,276.2132469475025,276.2191820314569,0.020318333659649676,279.24866466274295,1.4613067945969243,39.68985993873075,0.00038271633350111297,1585.0,1177.9823170841357,6.174434227644897e-06,0,16174,0.11634089052677155,265,3.725290298461914e-09,3240,1.0,20.0,20.0,20.0,0.9523809523809523,0.9523809523809523,0.9523809523809523,3240,1.0,20.0,20.0,20.0,0.9523809523809523,0.9523809523809523,0.9523809523809523,4824,1.0,19.999999115898813,20.0,20.000001072883382,0.9523809503761878,0.9523809523809523,0.9523809548137944
281,4.683333333333334,True,valid,0.00622975799391472,0.007157708136193106,0.1813175447014994,259.49836836029357,259.50430716764834,0.01968129758389011,262.50386397489933,1.3814117315081331,37.25968270565283,0.0003604472922712304,1585.0,1172.3603448628082,5.812771390089746e-06,0,16167,0.12142740190029144,261,7.450580596923828e-09,3240,1.0,20.0,20.0,20.0,0.9523809523809523,0.9523809523809523,0.9523809523809523,3240,1.0,20.0,20.0,20.0,0.9523809523809523,0.9523809523809523,0.9523809523809523,4824,1.0,19.999999115898813,20.0,20.000001072883382,0.9523809503761878,0.9523809523809523,0.9523809548137944
282,4.7,True,valid,0.005998549959855205,0.0067873047180254205,0.18025780945076203,234.65511595214787,234.66057769744336,0.017658849459689496,237.57379688496616,1.345858618671158,36.07940049030948,0.0003273771909277402,1585.0,943.4384051904132,5.307240007993622e-06,0,16102,0.12617449462413788,259,3.725290298461914e-09,3240,1.0,20.0,20.0,20.0,0.9523809523809523,0.9523809523809523,0.9523809523809523,3240,1.0,20.0,20.0,20.0,0.9523809523809523,0.9523809523809523,0.9523809523809523,4824,1.0,19.999999115898813,20.0,20.000001072883382,0.9523809503761878,0.9523809523809523,0.9523809548137944
283,4.716666666666667,True,valid,0.0058314281644903645,0.006449088931649767,0.17964344030389232,214.43462518882342,214.43935566366468,0.015428954427618902,217.70090740007396,1.173252557145664,34.832795892930605,0.00029640549875270105,1585.0,808.5514033627825,4.878302429141049e-06,0,16027,0.13076235353946686,257,3.725290298461914e-09,3240,1.0,20.0,20.0,20.0,0.9523809523809523,0.9523809523809523,0.9523809523809523,3240,1.0,20.0,20.0,20.0,0.9523809523809523,0.9523809523809523,0.9523809523809523,4824,1.0,19.999999115898813,20.0,20.000001072883382,0.9523809503761878,0.9523809523809523,0.9523809548137944
284,4.733333333333333,True,valid,0.005752386667345908,0.006112298933255902,0.17773967952234865,196.8711065670039,196.8750982456569,0.013633902371371681,200.2474976945023,0.9912717539360975,34.26597481804154,0.00026899393856532396,1585.0,694.5337321272964,4.515204730780759e-06,0,16030,0.13491924107074738,257,7.450580596923828e-09,3240,1.0,20.0,20.0,20.0,0.9523809523809523,0.9523809523809523,0.9523809523809523,3240,1.0,20.0,20.0,20.0,0.9523809523809523,0.9523809523809523,0.9523809523809523,4824,1.0,19.999999115898813,20.0,20.000001072883382,0.9523809503761878,0.9523809523809523,0.9523809548137944
285,4.75,True,valid,0.00565314175082247,0.0056318025853855196,0.1769126407565495,176.0722342061874,176.07559024981703,0.011582767806916385,179.9096364724536,0.8521718273017442,34.73899234567972,0.00023917212635809806,1585.0,650.6752195972518,4.089841341008781e-06,0,16017,0.13858585059642792,258,7.450580596923828e-09,3240,1.0,20.0,20.0,20.0,0.9523809523809523,0.9523809523809523,0.9523809523809523,3240,1.0,20.0,20.0,20.0,0.9523809523809523,0.9523809523809523,0.9523809523809523,4824,1.0,19.999999115898813,20.0,20.000001072883382,0.9523809503761878,0.9523809523809523,0.9523809548137944
286,4.766666666666667,True,valid,0.0055832555572269855,0.005369947522662757,0.17584466590716188,157.68469192383245,157.68736562998762,0.00950241352374534,161.83800539362377,0.7406833320452098,34.26103199593305,0.00020899891528801848,1585.0,504.53873841536785,3.6975309180357637e-06,0,15967,0.1415180116891861,257,7.450580596923828e-09,3240,1.0,20.0,20.0,20.0,0.9523809523809523,0.9523809523809523,0.9523809523809523,3240,1.0,20.0,20.0,20.0,0.9523809523809523,0.9523809523809523,0.9523809523809523,4824,1.0,19.999999115898813,20.0,20.000001072883382,0.9523809503761878,0.9523809523809523,0.9523809548137944
287,4.783333333333333,True,valid,0.005557838766175623,0.00520248002630116,0.17464895065790292,142.73628525530214,142.73823693534942,0.007826060113738813,147.2406585090013,0.5868871311395207,34.157835524526334,0.00018671884910456771,1585.0,454.785503290292,3.40146280111761e-06,0,15903,0.14364375174045563,255,7.450580596923828e-09,3240,1.0,20.0,20.0,20.0,0.9523809523809523,0.9523809523809523,0.9523809523809523,3240,1.0,20.0,20.0,20.0,0.9523809523809523,0.9523809523809523,0.9523809523809523,4824,1.0,19.999999115898813,20.0,20.000001072883382,0.9523809503761878,0.9523809523809523,0.9523809548137944
288,4.8,True,valid,0.005525634361229168,0.004985349912906855,0.17452162981115013,127.09619607391281,127.09757646657899,0.006280002970030212,132.52549005493782,0.4271685546943769,35.59534447476718,0.00016370585693048316,1585.0,353.0049854110867,3.08464645013628e-06,0,15757,0.14525099098682404,254,7.450580596923828e-09,3240,1.0,20.0,20.0,20.0,0.9523809523809523,0.9523809523809523,0.9523809523809523,3240,1.0,20.0,20.0,20.0,0.9523809523809523,0.9523809523809523,0.9523809523809523,4824,1.0,19.999999115898813,20.0,20.000001072883382,0.9523809503761878,0.9523809523809523,0.9523809548137944
289,4.816666666666666,True,valid,0.005405040288072494,0.004787088022399726,0.17477536008898767,116.74587483261173,116.74689630242666,0.0054116948638140315,122.99746540854015,0.48171133327432264,36.5036609808813,0.0001467718726976687,1585.0,479.4938859896585,2.8639031073811116e-06,0,15676,0.14596761763095856,253,7.450580596923828e-09,3240,1.0,20.0,20.0,20.0,0.9523809523809523,0.9523809523809523,0.9523809523809523,3240,1.0,20.0,20.0,20.0,0.9523809523809523,0.9523809523809523,0.9523809523809523,4824,1.0,19.999999115898813,20.0,20.000001072883382,0.9523809503761878,0.9523809523809523,0.9523809548137944
290,4.833333333333333,True,valid,0.005261589348900901,0.004501595202153777,0.17459973399212167,110.91811898020532,110.91895669075382,0.004925193170669562,118.22722985955808,0.34958390415535706,39.17424801512378,0.00013705773552132955,1585.0,294.0994036046117,2.708906051162251e-06,0,15603,0.14601543545722961,253,7.450580596923828e-09,3240,1.0,20.0,20.0,20.0,0.9523809523809523,0.9523809523809523,0.9523809523809523,3240,1.0,20.0,20.0,20.0,0.9523809523809523,0.9523809523809523,0.9523809523809523,4824,1.0,19.999999115898813,20.0,20.000001072883382,0.9523809503761878,0.9523809523809523,0.9523809548137944
291,4.85,True,valid,0.0052126817350966175,0.004366940262949924,0.17385193572737606,114.09719426487526,114.09815865305173,0.005199160887612962,122.32948221560385,0.29470979680160203,42.14748568996527,0.0001411313283691131,1585.0,307.444143424667,2.7506708919623804e-06,0,15738,0.1453443467617035,252,7.450580596923828e-09,3240,1.0,20.0,20.0,20.0,0.9523809523809523,0.9523809523809523,0.9523809523809523,3240,1.0,20.0,20.0,20.0,0.9523809523809523,0.9523809523809523,0.9523809523809523,4824,1.0,19.999999115898813,20.0,20.000001072883382,0.9523809503761878,0.9523809523809523,0.9523809548137944
292,4.866666666666666,True,valid,0.005167203294947879,0.004370823709501538,0.1741402093161598,122.8776461498987,122.87897416669507,0.006072926019948588,130.77025899809627,0.3943023582716538,42.73497631086121,0.00015202039071887365,1585.0,359.3003738072722,2.883084927139725e-06,0,15861,0.14372235536575317,253,7.450580596923828e-09,3240,1.0,20.0,20.0,20.0,0.9523809523809523,0.9523809523809523,0.9523809523809523,3240,1.0,20.0,20.0,20.0,0.9523809523809523,0.9523809523809523,0.9523809523809523,4824,1.0,19.999999115898813,20.0,20.000001072883382,0.9523809503761878,0.9523809523809523,0.9523809548137944
293,4.883333333333334,True,valid,0.005172265844736859,0.004461533965329273,0.1751448158986088,139.35392464986356,139.35573848548,0.0074360362196291335,146.80849099905006,0.3828039239448677,43.71026714212667,0.00017403394027142458,1585.0,472.29146089185645,3.1767442033178503e-06,0,15935,0.1413215547800064,255,7.450580596923828e-09,3240,1.0,20.0,20.0,20.0,0.9523809523809523,0.9523809523809523,0.9523809523809523,3240,1.0,20.0,20.0,20.0,0.9523809523809523,0.9523809523809523,0.9523809523809523,4824,1.0,19.999999115898813,20.0,20.000001072883382,0.9523809503761878,0.9523809523809523,0.9523809548137944
294,4.9,True,valid,0.005184562071089419,0.004534051667386286,0.17585216461280564,156.78465997556637,156.7870050156471,0.009078181402215661,163.51263783854426,0.46418396799899186,43.150322694383654,0.0001977213457610911,1585.0,568.6660989690956,3.5081625716022603e-06,0,16026,0.13819125294685364,255,7.450580596923828e-09,3240,1.0,20.0,20.0,20.0,0.9523809523809523,0.9523809523809523,0.9523809523809523,3240,1.0,20.0,20.0,20.0,0.9523809523809523,0.9523809523809523,0.9523809523809523,4824,1.0,19.999999115898813,20.0,20.000001072883382,0.9523809503761878,0.9523809523809523,0.9523809548137944
295,4.916666666666667,True,valid,0.0051984013933883255,0.004647042671111316,0.1756408824616955,175.56412867411166,175.56705744133188,0.010696332334524815,181.72210125533266,0.5519481743460304,43.53111451209932,0.0002232979464595223,1585.0,664.4115824449875,3.870970943762e-06,0,16099,0.1343579739332199,258,3.725290298461914e-09,3240,1.0,20.0,20.0,20.0,0.9523809523809523,0.9523809523809523,0.9523809523809523,3240,1.0,20.0,20.0,20.0,0.9523809523809523,0.9523809523809523,0.9523809523809523,4824,1.0,19.999999115898813,20.0,20.000001072883382,0.9523809503761878,0.9523809523809523,0.9523809548137944
296,4.933333333333334,True,valid,0.0051852103823110856,0.004796417369527039,0.17515532519829322,194.49752799134998,194.5011059301023,0.012369543663014657,200.16779620073385,0.6865515702183637,43.28708455473361,0.0002507265558875816,1585.0,804.0579997845558,4.252669757181803e-06,0,16143,0.13013416528701782,258,7.450580596923828e-09,3240,1.0,20.0,20.0,20.0,0.9523809523809523,0.9523809523809523,0.9523809523809523,3240,1.0,20.0,20.0,20.0,0.9523809523809523,0.9523809523809523,0.9523809523809523,4824,1.0,19.999999115898813,20.0,20.000001072883382,0.9523809503761878,0.9523809523809523,0.9523809548137944
297,4.95,True,valid,0.005187319158329558,0.004979365763776536,0.1741775991197672,213.92677511211457,213.93108800862765,0.014113673245515943,219.030095168918,0.8890205120369473,42.83779864834211,0.00027986591501684963,1585.0,806.577285404037,4.65791079075334e-06,0,16166,0.1255103051662445,256,3.725290298461914e-09,3240,1.0,20.0,20.0,20.0,0.9523809523809523,0.9523809523809523,0.9523809523809523,3240,1.0,20.0,20.0,20.0,0.9523809523809523,0.9523809523809523,0.9523809523809523,4824,1.0,19.999999115898813,20.0,20.000001072883382,0.9523809503761878,0.9523809523809523,0.9523809548137944
298,4.966666666666667,True,valid,0.005226156326033685,0.005185966542853837,0.17206528177952374,235.13747558000208,235.14260558454342,0.0162202017989241,239.58135520139788,1.2380509738907393,41.847410163634386,0.00031257798369133306,1585.0,1088.4549224158404,5.121073899591059e-06,0,16184,0.12041083723306656,258,3.725290298461914e-09,3240,1.0,20.0,20.0,20.0,0.9523809523809523,0.9523809523809523,0.9523809523809523,3240,1.0,20.0,20.0,20.0,0.9523809523809523,0.9523809523809523,0.9523809523809523,4824,1.0,19.999999115898813,20.0,20.000001072883382,0.9523809503761878,0.9523809523809523,0.9523809548137944
299,4.983333333333333,True,valid,0.005248344301749949,0.005259464596714556,0.17072710164604724,256.8695045150246,256.8753690118994,0.01854952574984669,260.815917710481,1.3275670760414955,40.3519541268379,0.00034662258214627323,1585.0,1336.7816033255317,5.590472361590162e-06,0,16143,0.11481866240501404,259,7.450580596923828e-09,3240,1.0,20.0,20.0,20.0,0.9523809523809523,0.9523809523809523,0.9523809523809523,3240,1.0,20.0,20.0,20.0,0.9523809523809523,0.9523809523809523,0.9523809523809523,4824,1.0,19.999999115898813,20.0,20.000001072883382,0.9523809503761878,0.9523809523809523,0.9523809548137944
300,5.0,True,valid,0.0052758871777323765,0.005433146097482579,0.16988285491636892,275.26391706544257,275.27032657683554,0.020429638975593672,278.9228488270085,1.3935413098965235,39.773470946224535,0.00037531500080700467,1585.0,1708.5054978849323,5.997929182791657e-06,0,16139,0.10888925939798355,259,7.450580596923828e-09,3240,1.0,20.0,20.0,20.0,0.9523809523809523,0.9523809523809523,0.9523809523809523,3240,1.0,20.0,20.0,20.0,0.9523809523809523,0.9523809523809523,0.9523809523809523,4824,1.0,19.999999115898813,20.0,20.000001072883382,0.9523809503761878,0.9523809523809523,0.9523809548137944
301,5.016666666666667,True,valid,0.005327474644584808,0.0057713442769734245,0.16938727070511153,289.0099305948872,289.0165515925621,0.021808899279776008,292.2701533037309,1.5030144391056426,38.34353417651467,0.00039392456176746813,1585.0,1876.4355171318996,6.2811182855517454e-06,0,16116,0.10260939598083496,260,7.450580596923828e-09,3240,1.0,20.0,20.0,20.0,0.9523809523809523,0.9523809523809523,0.9523809523809523,3240,1.0,20.0,20.0,20.0,0.9523809523809523,0.9523809523809523,0.9523809523809523,4824,1.0,19.999999115898813,20.0,20.000001072883382,0.9523809503761878,0.9523809523809523,0.9523809548137944
302,5.033333333333333,True,valid,0.005464956609923096,0.006218619251973278,0.16937287688360236,304.9583625931163,304.96522122123946,0.022259672495280814,307.9943165574157,1.514825364191589,37.97059538930485,0.00041359039018375046,1585.0,1914.7179214243238,6.59469357740049e-06,0,16206,0.0956939309835434,260,7.450580596923828e-09,3240,1.0,20.0,20.0,20.0,0.9523809523809523,0.9523809523809523,0.9523809523809523,3240,1.0,20.0,20.0,20.0,0.9523809523809523,0.9523809523809523,0.9523809523809523,4824,1.0,19.999999115898813,20.0,20.000001072883382,0.9523809503761878,0.9523809523809523,0.9523809548137944
303,5.05,True,valid,0.005630063666313201,0.006564634755070551,0.169953956374624,314.5416372369999,314.5485742112061,0.022697782255776285,317.5262393848444,1.5847707630150076,38.29455182927112,0.00042337263343987324,1585.0,1828.415901562452,6.78869676561869e-06,0,16273,0.08855149894952774,261,5.587935447692871e-09,3240,1.0,20.0,20.0,20.0,0.9523809523809523,0.9523809523809523,0.9523809523809523,3240,1.0,20.0,20.0,20.0,0.9523809523809523,0.9523809523809523,0.9523809523809523,4824,1.0,19.999999115898813,20.0,20.000001072883382,0.9523809503761878,0.9523809523809523,0.9523809548137944
304,5.066666666666666,True,valid,0.005789348259587332,0.006882172667451418,0.17045594909725764,324.0301803069062,324.03744700576283,0.023272919124190928,326.8576760272701,1.590758623181095,37.70562694751856,0.0004368651298749907,1585.0,1833.620885775404,6.97811833874404e-06,0,16287,0.08170890063047409,261,3.725290298461914e-09,3240,1.0,20.0,20.0,20.0,0.9523809523809523,0.9523809523809523,0.9523809523809523,3240,1.0,20.0,20.0,20.0,0.9523809523809523,0.9523809523809523,0.9523809523809523,4824,1.0,19.999999115898813,20.0,20.000001072883382,0.9523809503761878,0.9523809523809523,0.9523809548137944
305,5.083333333333333,True,valid,0.005899272469723145,0.0071144460073563785,0.17129330585112054,329.9538221548696,329.9614190178145,0.024454818319524323,332.6458255208844,1.6121568999141185,37.266772828566694,0.0004476284918816697,1585.0,1776.9037560498848,7.119427421634091e-06,0,16280,0.07449252903461456,265,2.7939677238464355e-09,3240,1.0,20.0,20.0,20.0,0.9523809523809523,0.9523809523809523,0.9523809523809523,3240,1.0,20.0,20.0,20.0,0.9523809523809523,0.9523809523809523,0.9523809523809523,4824,1.0,19.999999115898813,20.0,20.000001072883382,0.9523809503761878,0.9523809523809523,0.9523809548137944
306,5.1,True,valid,0.006019930094806386,0.007284103260270459,0.17108388219834167,333.4151401541604,333.4227700891059,0.02474681871504071,335.91981277267325,1.6543798369888787,36.37335229917476,0.00045389809287598506,1585.0,1762.3793533358607,7.195846542263609e-06,0,16301,0.06688806414604187,264,1.862645149230957e-09,3240,1.0,20.0,20.0,20.0,0.9523809523809523,0.9523809523809523,0.9523809523809523,3240,1.0,20.0,20.0,20.0,0.9523809523809523,0.9523809523809523,0.9523809523809523,4824,1.0,19.999999115898813,20.0,20.000001072883382,0.9523809503761878,0.9523809523809523,0.9523809548137944
307,5.116666666666666,True,valid,0.006071732808109132,0.0073743816062322234,0.17151281596291593,332.98452213115155,332.99209638614366,0.025458584946117954,335.3792499599139,1.6841533748064783,35.57587212045622,0.00045287912303428117,1585.0,1742.0606924553158,7.194717813549432e-06,0,16296,0.05953346565365791,263,1.0477378964424133e-09,3240,1.0,20.0,20.0,20.0,0.9523809523809523,0.9523809523809523,0.9523809523809523,3240,1.0,20.0,20.0,20.0,0.9523809523809523,0.9523809523809523,0.9523809523809523,4824,1.0,19.999999115898813,20.0,20.000001072883382,0.9523809503761878,0.9523809523809523,0.9523809548137944
308,5.133333333333334,True,valid,0.006065275636416673,0.0073585393195553725,0.1730004579277108,331.2453442902832,331.25310295001884,0.025588938501488363,333.5648170005115,1.7097918070394977,35.49638570179536,0.00045571400226212047,1585.0,1585.0082619072023,7.1940278387283395e-06,0,16267,0.06685125827789307,262,3.725290298461914e-09,3240,1.0,20.0,20.0,20.0,0.9523809523809523,0.9523809523809523,0.9523809523809523,3240,1.0,20.0,20.0,20.0,0.9523809523809523,0.9523809523809523,0.9523809523809523,4824,1.0,19.999999115898813,20.0,20.000001072883382,0.9523809503761878,0.9523809523809523,0.9523809548137944
309,5.15,True,valid,0.0060797402523269095,0.00748548181637844,0.17363880752571176,331.4441604900467,331.45168584536526,0.025310065526116646,333.75988238467926,1.6770217150020499,35.52296262383841,0.00045516786104403607,1585.0,1493.7008802844764,7.212972008275481e-06,0,16225,0.07423509657382965,260,2.7939677238464355e-09,3240,1.0,20.0,20.0,20.0,0.9523809523809523,0.9523809523809523,0.9523809523809523,3240,1.0,20.0,20.0,20.0,0.9523809523809523,0.9523809523809523,0.9523809523809523,4824,1.0,19.999999115898813,20.0,20.000001072883382,0.9523809503761878,0.9523809523809523,0.9523809548137944
310,5.166666666666667,True,valid,0.006070252966794655,0.00750607960029325,0.1747826639534524,332.40967243550926,332.4178266975758,0.025844743667505343,334.71294171813423,1.6974403285612025,36.29269937016927,0.0004641618442883829,1585.0,1401.259198652508,7.278646783689675e-06,0,16232,0.0816042572259903,260,5.587935447692871e-09,3240,1.0,20.0,20.0,20.0,0.9523809523809523,0.9523809523809523,0.9523809523809523,3240,1.0,20.0,20.0,20.0,0.9523809523809523,0.9523809523809523,0.9523809523809523,4824,1.0,19.999999115898813,20.0,20.000001072883382,0.9523809503761878,0.9523809523809523,0.9523809548137944
311,5.183333333333334,True,valid,0.0060376508190107155,0.007392166352944568,0.17660177837490967,318.68484266835554,318.69252468226136,0.024807960018559592,321.2607775882621,1.628603952239926,38.109044392862884,0.000444226726862694,1585.0,1279.6952884007544,7.002382721614964e-06,0,16196,0.08896403759717941,257,1.862645149230957e-09,3240,1.0,20.0,20.0,20.0,0.9523809523809523,0.9523809523809523,0.9523809523809523,3240,1.0,20.0,20.0,20.0,0.9523809523809523,0.9523809523809523,0.9523809523809523,4824,1.0,19.999999115898813,20.0,20.000001072883382,0.9523809503761878,0.9523809523809523,0.9523809548137944
312,5.2,True,valid,0.0060574013960851625,0.007500517537051641,0.17856801501027714,313.39622598204863,313.4041340751503,0.02446471830170091,316.2102357237809,1.6771645368480577,39.41788782597693,0.0004412881504527059,1585.0,1344.3649074543512,6.909420739837659e-06,0,16182,0.09603693336248398,256,7.450580596923828e-09,3240,1.0,20.0,20.0,20.0,0.9523809523809523,0.9523809523809523,0.9523809523809523,3240,1.0,20.0,20.0,20.0,0.9523809523809523,0.9523809523809523,0.9523809523809523,4824,1.0,19.999999115898813,20.0,20.000001072883382,0.9523809503761878,0.9523809523809523,0.9523809548137944
313,5.216666666666667,True,valid,0.006006665432067227,0.007414938981972233,0.18081203023874406,295.7993832844742,295.80675473466573,0.022778501934166726,298.6637497831682,1.5690614545687074,38.88536138696702,0.0004123966580906226,1585.0,1260.6453299655377,6.533243730785484e-06,0,16212,0.10277143120765686,254,3.725290298461914e-09,3240,1.0,20.0,20.0,20.0,0.9523809523809523,0.9523809523809523,0.9523809523809523,3240,1.0,20.0,20.0,20.0,0.9523809523809523,0.9523809523809523,0.9523809523809523,4824,1.0,19.999999115898813,20.0,20.000001072883382,0.9523809503761878,0.9523809523809523,0.9523809548137944
314,5.233333333333333,True,valid,0.006011880588180372,0.007662258260632148,0.18249082117298224,288.4406458990682,288.44742161971914,0.021404184814507305,291.8081007984204,1.5503913676362895,42.180953196642896,0.00040093804916528457,1585.0,1238.3056895459413,6.364223976299995e-06,0,16185,0.1092001274228096,255,7.450580596923828e-09,3240,1.0,20.0,20.0,20.0,0.9523809523809523,0.9523809523809523,0.9523809523809523,3240,1.0,20.0,20.0,20.0,0.9523809523809523,0.9523809523809523,0.9523809523809523,4824,1.0,19.999999115898813,20.0,20.000001072883382,0.9523809503761878,0.9523809523809523,0.9523809548137944
315,5.25,True,valid,0.006066908554329055,0.007749017652244624,0.18242286817930062,276.85111043439497,276.8574022414746,0.020216623467312123,280.46019651931476,1.3400618960251947,42.94728589211473,0.00037993977406613,1585.0,1235.8193523903133,6.112108263490568e-06,0,16204,0.11511470377445221,253,7.450580596923828e-09,3240,1.0,20.0,20.0,20.0,0.9523809523809523,0.9523809523809523,0.9523809523809523,3240,1.0,20.0,20.0,20.0,0.9523809523809523,0.9523809523809523,0.9523809523809523,4824,1.0,19.999999115898813,20.0,20.000001072883382,0.9523809503761878,0.9523809523809523,0.9523809548137944
316,5.266666666666667,True,valid,0.0061237171665331274,0.0076285311680319295,0.18311884267865877,263.7070115190992,263.7127702177581,0.018816166968428454,267.75776182285296,1.2442604507058295,44.02510161815441,0.00036113627940433595,1585.0,1104.1811553371126,5.854816326053767e-06,0,16154,0.12059153616428375,253,7.450580596923828e-09,3240,1.0,20.0,20.0,20.0,0.9523809523809523,0.9523809523809523,0.9523809523809523,3240,1.0,20.0,20.0,20.0,0.9523809523809523,0.9523809523809523,0.9523809523809523,4824,1.0,19.999999115898813,20.0,20.000001072883382,0.9523809503761878,0.9523809523809523,0.9523809548137944
317,5.283333333333333,True,valid,0.006132741895293989,0.00731282734047341,0.18350205706138592,252.0364526308034,252.04196484786365,0.017558173896523217,256.53303558882607,1.1737491844291406,46.6856408196924,0.0003421223745055398,1585.0,962.0459340109484,5.610540080202252e-06,0,16152,0.12553323805332184,256,7.450580596923828e-09,3240,1.0,20.0,20.0,20.0,0.9523809523809523,0.9523809523809523,0.9523809523809523,3240,1.0,20.0,20.0,20.0,0.9523809523809523,0.9523809523809523,0.9523809523809523,4824,1.0,19.999999115898813,20.0,20.000001072883382,0.9523809503761878,0.9523809523809523,0.9523809548137944
318,5.3,True,valid,0.006061741868562483,0.0067807045246083865,0.18302373114390447,227.6776812885882,227.6826572290616,0.01625604714833852,233.04028936185597,1.1408834733924724,47.01044298042882,0.0003109000441428415,1585.0,904.0738298969447,5.123054723740732e-06,0,16127,0.12984010577201843,259,3.725290298461914e-09,3240,1.0,20.0,20.0,20.0,0.9523809523809523,0.9523809523809523,0.9523809523809523,3240,1.0,20.0,20.0,20.0,0.9523809523809523,0.9523809523809523,0.9523809523809523,4824,1.0,19.999999115898813,20.0,20.000001072883382,0.9523809503761878,0.9523809523809523,0.9523809548137944
319,5.316666666666666,True,valid,0.005949984494617592,0.006329140619152223,0.18212226751569674,205.46288538570295,205.4674753657548,0.014420692574459326,210.74054785656085,1.0675409492755026,44.57352733625905,0.000279436654848637,1585.0,779.6603291562697,4.670072799844439e-06,0,16076,0.13358739018440247,258,3.725290298461914e-09,3240,1.0,20.0,20.0,20.0,0.9523809523809523,0.9523809523809523,0.9523809523809523,3240,1.0,20.0,20.0,20.0,0.9523809523809523,0.9523809523809523,0.9523809523809523,4824,1.0,19.999999115898813,20.0,20.000001072883382,0.9523809503761878,0.9523809523809523,0.9523809548137944
320,5.333333333333333,True,valid,0.005777041110556341,0.00590190738497334,0.18120067781726834,184.4820549367708,184.48568928352762,0.012064211580373806,190.23369160939316,0.8719524833000986,42.483187176872185,0.0002487000591519929,1585.0,648.9867068851197,4.232807180948376e-06,0,16038,0.13669238984584808,261,7.450580596923828e-09,3240,1.0,20.0,20.0,20.0,0.9523809523809523,0.9523809523809523,0.9523809523809523,3240,1.0,20.0,20.0,20.0,0.9523809523809523,0.9523809523809523,0.9523809523809523,4824,1.0,19.999999115898813,20.0,20.000001072883382,0.9523809503761878,0.9523809523809523,0.9523809548137944
321,5.35,True,valid,0.005645542038794239,0.005575796690873764,0.18066130688676643,164.43866244229451,164.44144986241014,0.009964531554793928,170.41278302920034,0.7132686744264719,41.826509822502466,0.00021770619275000188,1585.0,538.3055951224138,3.805279227242465e-06,0,16001,0.1391037255525589,258,7.450580596923828e-09,3240,1.0,20.0,20.0,20.0,0.9523809523809523,0.9523809523809523,0.9523809523809523,3240,1.0,20.0,20.0,20.0,0.9523809523809523,0.9523809523809523,0.9523809523809523,4824,1.0,19.999999115898813,20.0,20.000001072883382,0.9523809503761878,0.9523809523809523,0.9523809548137944
322,5.366666666666666,True,valid,0.005573934629211982,0.005321515459768588,0.1794408534164805,150.44412694019957,150.44650834872388,0.008470069166359116,156.6482300986049,0.6724228399366525,40.628300581904966,0.00019756995318940371,1585.0,543.8712924969595,3.5281363996972065e-06,0,15956,0.14076675474643707,249,7.450580596923828e-09,3240,1.0,20.0,20.0,20.0,0.9523809523809523,0.9523809523809523,0.9523809523809523,3240,1.0,20.0,20.0,20.0,0.9523809523809523,0.9523809523809523,0.9523809523809523,4824,1.0,19.999999115898813,20.0,20.000001072883382,0.9523809503761878,0.9523809523809523,0.9523809548137944
323,5.383333333333334,True,valid,0.005420358038206433,0.005087129529098577,0.17911401555562428,132.13117027167593,132.13285271965879,0.0067667379957690775,138.60663740956005,0.5011036457840972,39.436604552245285,0.00016892466238506066,1585.0,375.7556297065208,3.13452162912126e-06,0,15851,0.14189811050891876,247,7.450580596923828e-09,3240,1.0,20.0,20.0,20.0,0.9523809523809523,0.9523809523809523,0.9523809523809523,3240,1.0,20.0,20.0,20.0,0.9523809523809523,0.9523809523809523,0.9523809523809523,4824,1.0,19.999999115898813,20.0,20.000001072883382,0.9523809503761878,0.9523809523809523,0.9523809548137944
324,5.4,True,valid,0.005315676973263501,0.004927786886385602,0.17865133245938875,119.31928998302968,119.32039277342585,0.005362217605168614,125.54676315741376,0.37441095128857255,35.90801782796246,0.00014908384128555833,1585.0,291.5391928555009,2.8685235142103654e-06,0,15736,0.14227667450904846,248,7.450580596923828e-09,3240,1.0,20.0,20.0,20.0,0.9523809523809523,0.9523809523809523,0.9523809523809523,3240,1.0,20.0,20.0,20.0,0.9523809523809523,0.9523809523809523,0.9523809523809523,4824,1.0,19.999999115898813,20.0,20.000001072883382,0.9523809503761878,0.9523809523809523,0.9523809548137944
325,5.416666666666667,True,valid,0.005278614150739126,0.004716220438690215,0.17783946621698976,113.44947323773164,113.45029226205608,0.004588830886122959,118.87691202241125,0.26115206768454635,32.093765777871695,0.00013885275707119837,1585.0,247.4765387751011,2.741019534956845e-06,0,15622,0.14179489016532898,246,7.450580596923828e-09,3240,1.0,20.0,20.0,20.0,0.9523809523809523,0.9523809523809523,0.9523809523809523,3240,1.0,20.0,20.0,20.0,0.9523809523809523,0.9523809523809523,0.9523809523809523,4824,1.0,19.999999115898813,20.0,20.000001072883382,0.9523809503761878,0.9523809523809523,0.9523809548137944
326,5.433333333333334,True,valid,0.005210628594555868,0.0044673801373632,0.17736425826331664,112.58328344921328,112.58410130159176,0.0047501273374599496,117.51316519217639,0.23679752445171068,31.219858662623977,0.00013777597110367014,1585.0,241.92777347739857,2.710571285567356e-06,0,15735,0.14072318375110626,255,7.450580596923828e-09,3240,1.0,20.0,20.0,20.0,0.9523809523809523,0.9523809523809523,0.9523809523809523,3240,1.0,20.0,20.0,20.0,0.9523809523809523,0.9523809523809523,0.9523809523809523,4824,1.0,19.999999115898813,20.0,20.000001072883382,0.9523809503761878,0.9523809523809523,0.9523809548137944
327,5.45,True,valid,0.005130924518354765,0.0042685654636227845,0.17706991924008894,119.17875066521587,119.17989937664169,0.0056368524906116125,123.75950462157256,0.3133039161775904,30.87465974317005,0.00014736141266931196,1585.0,321.4438665867877,2.81904665912446e-06,0,15864,0.13889232277870178,256,7.450580596923828e-09,3240,1.0,20.0,20.0,20.0,0.9523809523809523,0.9523809523809523,0.9523809523809523,3240,1.0,20.0,20.0,20.0,0.9523809523809523,0.9523809523809523,0.9523809523809523,4824,1.0,19.999999115898813,20.0,20.000001072883382,0.9523809503761878,0.9523809523809523,0.9523809548137944
328,5.466666666666667,True,valid,0.0050779909659456855,0.004233109743670489,0.17626435707720664,132.7640689387496,132.76571371182814,0.007032280836236011,136.91670958573235,0.35052471546683683,30.789782629708544,0.00016689315328364315,1585.0,459.99487348887914,3.0732740490193925e-06,0,15915,0.13629549741744995,259,7.450580596923828e-09,3240,1.0,20.0,20.0,20.0,0.9523809523809523,0.9523809523809523,0.9523809523809523,3240,1.0,20.0,20.0,20.0,0.9523809523809523,0.9523809523809523,0.9523809523809523,4824,1.0,19.999999115898813,20.0,20.000001072883382,0.9523809503761878,0.9523809523809523,0.9523809548137944
329,5.483333333333333,True,valid,0.005058470112608173,0.0043129158595613904,0.17550038117075606,149.62914784538523,149.63134759552435,0.008590182954965662,153.52711021589081,0.4535556488122201,31.544338677866513,0.0001898929636294141,1585.0,583.9711530855784,3.3919127587497063e-06,0,16020,0.13328781723976135,256,7.450580596923828e-09,3240,1.0,20.0,20.0,20.0,0.9523809523809523,0.9523809523809523,0.9523809523809523,3240,1.0,20.0,20.0,20.0,0.9523809523809523,0.9523809523809523,0.9523809523809523,4824,1.0,19.999999115898813,20.0,20.000001072883382,0.9523809503761878,0.9523809523809523,0.9523809548137944
330,5.5,True,valid,0.005053837865324114,0.00445797332420241,0.175355464015176,168.84771039622368,168.85052169400808,0.010337756035291946,172.22536051213936,0.5490861641422803,31.3701899207137,0.00021635215422324198,1585.0,706.6646795297698,3.7734209340765697e-06,0,16077,0.12980680167675018,254,7.450580596923828e-09,3240,1.0,20.0,20.0,20.0,0.9523809523809523,0.9523809523809523,0.9523809523809523,3240,1.0,20.0,20.0,20.0,0.9523809523809523,0.9523809523809523,0.9523809523809523,4824,1.0,19.999999115898813,20.0,20.000001072883382,0.9523809503761878,0.9523809523809523,0.9523809548137944
331,5.516666666666667,True,valid,0.005097057946189497,0.004680987313386335,0.17459315278099846,188.61763954823792,188.6211652892104,0.012066170304649107,191.6622523744751,0.7174442601522398,31.216256531641346,0.0002442866658447535,1585.0,728.4890620142786,4.172891134651023e-06,0,16111,0.12531951069831848,254,3.725290298461914e-09,3240,1.0,20.0,20.0,20.0,0.9523809523809523,0.9523809523809523,0.9523809523809523,3240,1.0,20.0,20.0,20.0,0.9523809523809523,0.9523809523809523,0.9523809523809523,4824,1.0,19.999999115898813,20.0,20.000001072883382,0.9523809503761878,0.9523809523809523,0.9523809548137944
332,5.533333333333333,True,valid,0.0051302483812654,0.004861466447891118,0.17384843094481126,208.5357844299399,208.5402083609505,0.013818349262598,211.32121079956397,0.8802430882338846,31.45751108955858,0.000276342128031252,1585.0,759.26019957756,4.606667809197475e-06,0,16115,0.12036080658435822,260,3.725290298461914e-09,3240,1.0,20.0,20.0,20.0,0.9523809523809523,0.9523809523809523,0.9523809523809523,3240,1.0,20.0,20.0,20.0,0.9523809523809523,0.9523809523809523,0.9523809523809523,4824,1.0,19.999999115898813,20.0,20.000001072883382,0.9523809503761878,0.9523809523809523,0.9523809548137944
333,5.55,True,valid,0.005160301320362473,0.005067347521772873,0.17326806317738602,228.27884894264943,228.28408903453305,0.016083560149911184,230.76164726384562,1.0790765530822193,29.830978347927285,0.0003079401321693059,1585.0,882.9966847069098,5.032240274091175e-06,0,16109,0.11544705182313919,259,3.725290298461914e-09,3240,1.0,20.0,20.0,20.0,0.9523809523809523,0.9523809523809523,0.9523809523809523,3240,1.0,20.0,20.0,20.0,0.9523809523809523,0.9523809523809523,0.9523809523809523,4824,1.0,19.999999115898813,20.0,20.000001072883382,0.9523809503761878,0.9523809523809523,0.9523809548137944
334,5.566666666666666,True,valid,0.005188752239185808,0.005331885013256496,0.1728626929012198,247.8584439808115,247.86430546466426,0.018224321159322314,250.23764606814674,1.2583204820414624,30.002161225095126,0.0003367005970447284,1585.0,1343.992743116583,5.440132882101911e-06,0,16134,0.11013493686914444,265,7.450580596923828e-09,3240,1.0,20.0,20.0,20.0,0.9523809523809523,0.9523809523809523,0.9523809523809523,3240,1.0,20.0,20.0,20.0,0.9523809523809523,0.9523809523809523,0.9523809523809523,4824,1.0,19.999999115898813,20.0,20.000001072883382,0.9523809503761878,0.9523809523809523,0.9523809548137944
335,5.583333333333333,True,valid,0.0052559743698644,0.005637086426878473,0.17251504387345698,267.4814439047662,267.48768337486786,0.01992444487901287,269.70134025873705,1.3836877167469093,30.13454145285194,0.0003646678752363903,1585.0,1463.503535149497,5.8559676445191e-06,0,16146,0.1044347733259201,265,3.725290298461914e-09,3240,1.0,20.0,20.0,20.0,0.9523809523809523,0.9523809523809523,0.9523809523809523,3240,1.0,20.0,20.0,20.0,0.9523809523809523,0.9523809523809523,0.9523809523809523,4824,1.0,19.999999115898813,20.0,20.000001072883382,0.9523809503761878,0.9523809523809523,0.9523809548137944
336,5.6,True,valid,0.005372653949792273,0.005964517401068188,0.1726545934091138,285.8864450905492,285.8933239466095,0.021536591785247604,287.99619519090584,1.4449343572981928,30.628550321755746,0.00038976627748266157,1585.0,1778.2434250959998,6.248190958848054e-06,0,16157,0.09848710149526596,265,7.450580596923828e-09,3240,1.0,20.0,20.0,20.0,0.9523809523809523,0.9523809523809523,0.9523809523809523,3240,1.0,20.0,20.0,20.0,0.9523809523809523,0.9523809523809523,0.9523809523809523,4824,1.0,19.999999115898813,20.0,20.000001072883382,0.9523809503761878,0.9523809523809523,0.9523809548137944
337,5.616666666666666,True,valid,0.005486729894000117,0.006260733658278825,0.17305623211852536,295.73382666282504,295.740605097227,0.021911034079930176,297.9245543992448,1.4964725367525207,31.835573117364767,0.00040107557513874666,1585.0,1695.704585737404,6.45040606699049e-06,0,16231,0.09230213612318039,265,7.450580596923828e-09,3240,1.0,20.0,20.0,20.0,0.9523809523809523,0.9523809523809523,0.9523809523809523,3240,1.0,20.0,20.0,20.0,0.9523809523809523,0.9523809523809523,0.9523809523809523,4824,1.0,19.999999115898813,20.0,20.000001072883382,0.9523809503761878,0.9523809523809523,0.9523809548137944
338,5.633333333333334,True,valid,0.005612872666571553,0.006473526795394779,0.1731141902278254,306.14168825616036,306.1486681969531,0.022492153035766484,308.3246331391498,1.541008864934526,32.17307062133966,0.0004138693457977015,1585.0,1777.2829133285481,6.661060561871673e-06,0,16282,0.08605513721704483,267,5.587935447692871e-09,3240,1.0,20.0,20.0,20.0,0.9523809523809523,0.9523809523809523,0.9523809523809523,3240,1.0,20.0,20.0,20.0,0.9523809523809523,0.9523809523809523,0.9523809523809523,4824,1.0,19.999999115898813,20.0,20.000001072883382,0.9523809503761878,0.9523809523809523,0.9523809548137944
339,5.65,True,valid,0.005700564618004627,0.006678330757060652,0.17283573799936178,313.0541980005705,313.0612792036757,0.023462925750679615,315.34563518034736,1.5717021447495052,32.83721349369659,0.00042320126381730183,1585.0,1862.1713215424754,6.8043427771987545e-06,0,16282,0.08002208173274994,271,1.862645149230957e-09,3240,1.0,20.0,20.0,20.0,0.9523809523809523,0.9523809523809523,0.9523809523809523,3240,1.0,20.0,20.0,20.0,0.9523809523809523,0.9523809523809523,0.9523809523809523,4824,1.0,19.999999115898813,20.0,20.000001072883382,0.9523809503761878,0.9523809523809523,0.9523809548137944
340,5.666666666666667,True,valid,0.005748751260249449,0.006904240628381194,0.17314820079171683,318.3797628197781,318.3872587707158,0.023857465658686523,320.71237459682226,1.7212376115828427,33.874138266740445,0.00043371488209704984,1585.0,1701.5580209306506,6.917434062937942e-06,0,16354,0.07396405190229416,270,2.7939677238464355e-09,3240,1.0,20.0,20.0,20.0,0.9523809523809523,0.9523809523809523,0.9523809523809523,3240,1.0,20.0,20.0,20.0,0.9523809523809523,0.9523809523809523,0.9523809523809523,4824,1.0,19.999999115898813,20.0,20.000001072883382,0.9523809503761878,0.9523809523809523,0.9523809548137944
341,5.683333333333334,True,valid,0.005819052443813778,0.0070792802603472085,0.17375273716405187,323.41333661619166,323.42101014806474,0.02456660169071269,325.62529634249313,1.7597963399505256,33.17881839548181,0.0004419864292835928,1585.0,1680.821398313237,7.028594244071158e-06,0,16311,0.06737536191940308,269,3.725290298461914e-09,3240,1.0,20.0,20.0,20.0,0.9523809523809523,0.9523809523809523,0.9523809523809523,3240,1.0,20.0,20.0,20.0,0.9523809523809523,0.9523809523809523,0.9523809523809523,4824,1.0,19.999999115898813,20.0,20.000001072883382,0.9523809503761878,0.9523809523809523,0.9523809548137944
342,5.7,True,valid,0.00584420129176051,0.007168045605728674,0.17431419289797428,324.1027756918438,324.11038294698744,0.024525628314458547,326.44786458462346,1.8557598201982952,35.332839257770644,0.0004444567423013814,1585.0,1777.2021551501784,7.070209997333032e-06,0,16268,0.06042296066880226,268,2.561137080192566e-09,3240,1.0,20.0,20.0,20.0,0.9523809523809523,0.9523809523809523,0.9523809523809523,3240,1.0,20.0,20.0,20.0,0.9523809523809523,0.9523809523809523,0.9523809523809523,4824,1.0,19.999999115898813,20.0,20.000001072883382,0.9523809503761878,0.9523809523809523,0.9523809548137944
343,5.716666666666667,True,valid,0.0059195192906673355,0.007398078548068475,0.17505982612151605,330.3386392784877,330.34616394757734,0.025058537371563674,332.62664907630784,1.7224411534099948,35.39344936544008,0.00045589582703971584,1585.0,1624.2543579118342,7.224475293698779e-06,0,16232,0.06573012471199036,269,2.7939677238464355e-09,3240,1.0,20.0,20.0,20.0,0.9523809523809523,0.9523809523809523,0.9523809523809523,3240,1.0,20.0,20.0,20.0,0.9523809523809523,0.9523809523809523,0.9523809523809523,4824,1.0,19.999999115898813,20.0,20.000001072883382,0.9523809503761878,0.9523809523809523,0.9523809548137944
344,5.733333333333333,True,valid,0.005964979691620581,0.007445391117417617,0.17485907136453507,326.32319491955315,326.3308737366899,0.024607722289597834,328.75799681645805,1.7774081703434592,36.123470117244416,0.0004536186344032743,1585.0,1568.3588696656795,7.175116120096312e-06,0,16214,0.07313434779644012,269,1.862645149230957e-09,3240,1.0,20.0,20.0,20.0,0.9523809523809523,0.9523809523809523,0.9523809523809523,3240,1.0,20.0,20.0,20.0,0.9523809523809523,0.9523809523809523,0.9523809523809523,4824,1.0,19.999999115898813,20.0,20.000001072883382,0.9523809503761878,0.9523809523809523,0.9523809548137944
345,5.75,True,valid,0.006048684448392764,0.007558143165222703,0.1750846430947916,329.49946813721067,329.5075576798307,0.02618366394722946,331.98116855977116,1.7425373085090057,37.956335403974066,0.00046798914257044377,1585.0,1404.1701005339164,7.2796598793596025e-06,0,16211,0.08030172437429428,270,3.725290298461914e-09,3240,1.0,20.0,20.0,20.0,0.9523809523809523,0.9523809523809523,0.9523809523809523,3240,1.0,20.0,20.0,20.0,0.9523809523809523,0.9523809523809523,0.9523809523809523,4824,1.0,19.999999115898813,20.0,20.000001072883382,0.9523809503761878,0.9523809523809523,0.9523809548137944
346,5.766666666666667,True,valid,0.0060675039001471184,0.007472499905291669,0.17445066525017652,320.82754087730126,320.83580189324766,0.025562403730309845,323.74433516167306,1.7528188812375003,40.22796661793576,0.00045739960564842485,1585.0,1367.7368846157995,7.126510041049972e-06,0,16213,0.08722634613513947,266,3.725290298461914e-09,3240,1.0,20.0,20.0,20.0,0.9523809523809523,0.9523809523809523,0.9523809523809523,3240,1.0,20.0,20.0,20.0,0.9523809523809523,0.9523809523809523,0.9523809523809523,4824,1.0,19.999999115898813,20.0,20.000001072883382,0.9523809503761878,0.9523809523809523,0.9523809548137944
347,5.783333333333333,True,valid,0.006126806054478871,0.007450089027225182,0.17568281225841975,313.337974893329,313.3458149802642,0.025828970540523122,316.48926163641727,1.8129620624681058,43.97828394466361,0.00045083845909451296,1585.0,1224.1861893048815,6.990108155910711e-06,0,16191,0.09398258477449417,268,5.587935447692871e-09,3240,1.0,20.0,20.0,20.0,0.9523809523809523,0.9523809523809523,0.9523809523809523,3240,1.0,20.0,20.0,20.0,0.9523809523809523,0.9523809523809523,0.9523809523809523,4824,1.0,19.999999115898813,20.0,20.000001072883382,0.9523809503761878,0.9523809523809523,0.9523809548137944
348,5.8,True,valid,0.006125560046036258,0.0074712831598840864,0.17559866875157182,300.7279731463192,300.73559377704777,0.023525491339059536,303.86163516343396,1.6531024511484993,40.97418019335501,0.0004252462949653426,1585.0,1227.781992696706,6.672700015931867e-06,0,16187,0.10056247562170029,269,7.450580596923828e-09,3240,1.0,20.0,20.0,20.0,0.9523809523809523,0.9523809523809523,0.9523809523809523,3240,1.0,20.0,20.0,20.0,0.9523809523809523,0.9523809523809523,0.9523809523809523,4824,1.0,19.999999115898813,20.0,20.000001072883382,0.9523809503761878,0.9523809523809523,0.9523809548137944
349,5.816666666666666,True,valid,0.006158301919691619,0.007315841795039863,0.1767997495644673,290.32770557058836,290.33450692190473,0.022564392447189455,293.75206184191154,1.6735323215266464,42.60535273887555,0.0004090006633704723,1585.0,1143.6181399469674,6.4704936956703315e-06,0,16174,0.10688365995883942,266,3.725290298461914e-09,3240,1.0,20.0,20.0,20.0,0.9523809523809523,0.9523809523809523,0.9523809523809523,3240,1.0,20.0,20.0,20.0,0.9523809523809523,0.9523809523809523,0.9523809523809523,4824,1.0,19.999999115898813,20.0,20.000001072883382,0.9523809503761878,0.9523809523809523,0.9523809548137944
350,5.833333333333333,True,valid,0.006143824928128869,0.007226728840408383,0.17670770975218109,280.147998335633,280.1545142064297,0.020985705333526353,283.9466518495323,1.4279763611293317,44.0372826616387,0.00039003775254843094,1585.0,1137.8758847083159,6.221125556714631e-06,0,16173,0.11285567283630371,265,3.725290298461914e-09,3240,1.0,20.0,20.0,20.0,0.9523809523809523,0.9523809523809523,0.9523809523809523,3240,1.0,20.0,20.0,20.0,0.9523809523809523,0.9523809523809523,0.9523809523809523,4824,1.0,19.999999115898813,20.0,20.000001072883382,0.9523809503761878,0.9523809523809523,0.9523809548137944
351,5.85,True,valid,0.006022387208147346,0.007126321126116045,0.17763313144905113,264.1024564850754,264.108512951897,0.019716162616553692,268.0677702071409,1.3309893388210419,44.170458016809924,0.0003672656021476833,1585.0,1049.0798397328597,5.899788450931531e-06,0,16127,0.11852343380451202,267,3.725290298461914e-09,3240,1.0,20.0,20.0,20.0,0.9523809523809523,0.9523809523809523,0.9523809523809523,3240,1.0,20.0,20.0,20.0,0.9523809523809523,0.9523809523809523,0.9523809523809523,4824,1.0,19.999999115898813,20.0,20.000001072883382,0.9523809503761878,0.9523809523809523,0.9523809548137944
352,5.866666666666666,True,valid,0.0060021905233621515,0.00703703037239724,0.1783137657323066,251.8696008759308,251.87496414395036,0.017499689352819075,255.9794425789184,1.2004811139308995,43.676914795204546,0.000346485309794739,1585.0,951.5333722719466,5.637367793415326e-06,0,16123,0.12392783164978027,267,7.450580596923828e-09,3240,1.0,20.0,20.0,20.0,0.9523809523809523,0.9523809523809523,0.9523809523809523,3240,1.0,20.0,20.0,20.0,0.9523809523809523,0.9523809523809523,0.9523809523809523,4824,1.0,19.999999115898813,20.0,20.000001072883382,0.9523809503761878,0.9523809523809523,0.9523809548137944
353,5.883333333333334,True,valid,0.005989980715394672,0.006792809601234448,0.17698117745644334,229.79063194910285,229.79560762324155,0.016512767039293812,234.25538093852492,1.2204646825955754,44.08795558570565,0.0003168299794760072,1585.0,869.9797012969349,5.191818836807898e-06,0,16057,0.12904340028762817,265,3.725290298461914e-09,3240,1.0,20.0,20.0,20.0,0.9523809523809523,0.9523809523809523,0.9523809523809523,3240,1.0,20.0,20.0,20.0,0.9523809523809523,0.9523809523809523,0.9523809523809523,4824,1.0,19.999999115898813,20.0,20.000001072883382,0.9523809503761878,0.9523809523809523,0.9523809548137944
354,5.9,True,valid,0.006001525673066481,0.006492298701622473,0.17725091890117436,211.37101952659953,211.375563363314,0.015199771015427894,216.3467605128383,1.1044664524396357,44.05619052144757,0.00029241353016380906,1585.0,844.2555817544846,4.831898491155883e-06,0,16059,0.13370470702648163,262,3.725290298461914e-09,3240,1.0,20.0,20.0,20.0,0.9523809523809523,0.9523809523809523,0.9523809523809523,3240,1.0,20.0,20.0,20.0,0.9523809523809523,0.9523809523809523,0.9523809523809523,4824,1.0,19.999999115898813,20.0,20.000001072883382,0.9523809503761878,0.9523809523809523,0.9523809548137944
355,5.916666666666667,True,valid,0.005925226897735339,0.006199641150300048,0.1764970991174419,189.83913284111992,189.84287615053177,0.01267558871849958,195.0692614724277,0.973715237764565,43.283302104626465,0.0002574190798875958,1585.0,667.6708153146162,4.3763207645447805e-06,0,16005,0.13769523799419403,260,7.450580596923828e-09,3240,1.0,20.0,20.0,20.0,0.9523809523809523,0.9523809523809523,0.9523809523809523,3240,1.0,20.0,20.0,20.0,0.9523809523809523,0.9523809523809523,0.9523809523809523,4824,1.0,19.999999115898813,20.0,20.000001072883382,0.9523809503761878,0.9523809523809523,0.9523809548137944
356,5.933333333333334,True,valid,0.005765747039294031,0.005764419976579593,0.17710075282188956,168.96958100761526,168.9727431923005,0.010955245004699308,174.60796129326684,0.8217317890931602,41.7179621135119,0.00022823182524605082,1585.0,560.7225233060815,3.953022125027171e-06,0,15990,0.14103077352046967,260,7.450580596923828e-09,3240,1.0,20.0,20.0,20.0,0.9523809523809523,0.9523809523809523,0.9523809523809523,3240,1.0,20.0,20.0,20.0,0.9523809523809523,0.9523809523809523,0.9523809523809523,4824,1.0,19.999999115898813,20.0,20.000001072883382,0.9523809503761878,0.9523809523809523,0.9523809548137944
357,5.95,True,valid,0.0056289066222545234,0.005459622813410544,0.17663616896841952,151.4790940290411,151.4814926532348,0.008879206199081419,157.86272378284738,0.6716354596918069,42.254989874848,0.0002001960958735936,1585.0,538.8788860291717,3.5695898691677736e-06,0,15921,0.14332877099514008,260,7.450580596923828e-09,3240,1.0,20.0,20.0,20.0,0.9523809523809523,0.9523809523809523,0.9523809523809523,3240,1.0,20.0,20.0,20.0,0.9523809523809523,0.9523809523809523,0.9523809523809523,4824,1.0,19.999999115898813,20.0,20.000001072883382,0.9523809503761878,0.9523809523809523,0.9523809548137944
358,5.966666666666667,True,valid,0.00553919475410004,0.0052866892164212765,0.1757802475204842,135.2299573230353,135.23168208264988,0.007170543493192515,142.7177735941805,0.5039763369217146,43.78985845355725,0.00017659045838635054,1585.0,380.22179541496666,3.2447689352390673e-06,0,15856,0.14485377073287964,258,7.450580596923828e-09,3240,1.0,20.0,20.0,20.0,0.9523809523809523,0.9523809523809523,0.9523809523809523,3240,1.0,20.0,20.0,20.0,0.9523809523809523,0.9523809523809523,0.9523809523809523,4824,1.0,19.999999115898813,20.0,20.000001072883382,0.9523809503761878,0.9523809523809523,0.9523809548137944
359,5.983333333333333,True,valid,0.005445612746599802,0.005068035240064996,0.17611717836813703,120.83553834303011,120.83670340039006,0.005675924286119798,129.75317617375705,0.44072038423060445,45.26099934213695,0.00015390622123975006,1585.0,309.47039802670946,2.937330427529273e-06,0,15735,0.14596958458423615,258,7.450580596923828e-09,3240,1.0,20.0,20.0,20.0,0.9523809523809523,0.9523809523809523,0.9523809523809523,3240,1.0,20.0,20.0,20.0,0.9523809523809523,0.9523809523809523,0.9523809523809523,4824,1.0,19.999999115898813,20.0,20.000001072883382,0.9523809503761878,0.9523809523809523,0.9523809548137944
360,6.0,True,valid,0.005396063030625515,0.0048922745235265895,0.17550885765985136,112.4804426309596,112.48125109525787,0.004796022123339906,122.17375550660847,0.26270687397108056,45.42749194395833,0.00013997549477261017,1585.0,247.65941822923645,2.752192449759308e-06,0,15628,0.1464507281780243,253,7.450580596923828e-09,3240,1.0,20.0,20.0,20.0,0.9523809523809523,0.9523809523809523,0.9523809523809523,3240,1.0,20.0,20.0,20.0,0.9523809523809523,0.9523809523809523,0.9523809523809523,4824,1.0,19.999999115898813,20.0,20.000001072883382,0.9523809503761878,0.9523809523809523,0.9523809548137944
