frame,time_s,valid,status,stretch_score,shear_score,bend_score,original_rms_N,alm_rms_N,constitutive_gap_rms_N,elastic_rms_N,damping_rms_N,contact_rms_N,inertia_rms_N,free_vertices,original_max_N,iterate_change_rms_m,self_contact_vt_candidates,self_contact_ee_candidates,body_max_abs_translation_m,soft_contact_count,pin_error_m,tri_stretch_active_rows,tri_stretch_floor_fraction,tri_stretch_rho_over_k_min,tri_stretch_rho_over_k_median,tri_stretch_rho_over_k_max,tri_stretch_effective_over_k_min,tri_stretch_effective_over_k_median,tri_stretch_effective_over_k_max,tri_area_active_rows,tri_area_floor_fraction,tri_area_rho_over_k_min,tri_area_rho_over_k_median,tri_area_rho_over_k_max,tri_area_effective_over_k_min,tri_area_effective_over_k_median,tri_area_effective_over_k_max,bend_active_rows,bend_floor_fraction,bend_rho_over_k_min,bend_rho_over_k_median,bend_rho_over_k_max,bend_effective_over_k_min,bend_effective_over_k_median,bend_effective_over_k_max
0,0.0,True,valid,0.0,0.0,0.0,,,,,,,,,,,0,0,0.1509999930858612,0,0.0,0,,,,,,,,0,,,,,,,,0,,,,,,,
1,0.016666666666666666,True,valid,0.0031257188791885254,0.0015063555902722885,4.966056690385342e-05,0.01257930846460246,0.012463145464172341,0.0008569042015297453,0.012400064174622399,0.00034502028394327257,0.0,9.563381889208063e-05,1585.0,0.07037993304900718,1.681558173886474e-06,0,15504,0.14950264990329742,0,0.0,3240,1.0,0.6,0.6,0.6,0.37499999999999994,0.37499999999999994,0.37499999999999994,3240,1.0,0.6,0.6,0.6,0.37499999999999994,0.37499999999999994,0.37499999999999994,4824,1.0,0.6,0.6000000134110477,0.6000000491465034,0.37499999999999994,0.3750000052386905,0.3750000191978523
2,0.03333333333333333,True,valid,0.010642402123498602,0.005124736374740648,0.0005611084258556056,0.044629287259122845,0.04459409144230508,0.0008598613196607536,0.044359666010483335,0.00048559034883416716,0.0,8.275866731842897e-05,1585.0,0.2629467934537803,1.4510327658311368e-06,0,15504,0.14528286457061768,0,0.0,3240,1.0,0.6,0.6,0.6,0.37499999999999994,0.37499999999999994,0.37499999999999994,3240,1.0,0.6,0.6,0.6,0.37499999999999994,0.37499999999999994,0.37499999999999994,4824,1.0,0.6,0.6000000134110477,0.6000000491465034,0.37499999999999994,0.3750000052386905,0.3750000191978523
3,0.05,True,valid,0.02156769479943995,0.010555409237942577,0.0016276512295729246,0.08613754599023947,0.08610230179013931,0.0008594104591006266,0.08576848504471866,0.000702277181867739,0.0,0.00010555371507246613,1585.0,0.4033065149313008,1.978230178529244e-06,0,15504,0.13834063708782196,0,0.0,3240,1.0,0.6,0.6,0.6,0.37499999999999994,0.37499999999999994,0.37499999999999994,3240,1.0,0.6,0.6,0.6,0.37499999999999994,0.37499999999999994,0.37499999999999994,4824,1.0,0.6,0.6000000134110477,0.6000000491465034,0.37499999999999994,0.3750000052386905,0.3750000191978523
4,0.06666666666666667,True,valid,0.03448191691424795,0.017233186394457638,0.003043221415517366,0.13773336637445616,0.1377137256644235,0.00090149614443073,0.13733404357450466,0.0008387740670692279,0.0,0.00012267738156524085,1585.0,0.6006973037811189,2.396442374321918e-06,0,15504,0.12867596745491028,0,0.0,3240,1.0,0.6,0.6,0.6,0.37499999999999994,0.37499999999999994,0.37499999999999994,3240,1.0,0.6,0.6,0.6,0.37499999999999994,0.37499999999999994,0.37499999999999994,4824,1.0,0.6,0.6000000134110477,0.6000000491465034,0.37499999999999994,0.3750000052386905,0.3750000191978523
5,0.08333333333333333,True,valid,0.04797349846908111,0.024393612327390506,0.004564706466185308,0.1922417061102693,0.1922298080735873,0.0008597989499262952,0.19184364049515495,0.0008871382229837606,0.0,0.00014310830897333276,1585.0,0.863028373150015,2.8912316974606708e-06,0,15504,0.11628885567188263,0,0.0,3240,1.0,0.6,0.6,0.6,0.37499999999999994,0.37499999999999994,0.37499999999999994,3240,1.0,0.6,0.6,0.6,0.37499999999999994,0.37499999999999994,0.37499999999999994,4824,1.0,0.6,0.6000000134110477,0.6000000491465034,0.37499999999999994,0.3750000052386905,0.3750000191978523
6,0.1,True,valid,0.06053782133885525,0.031076359269315325,0.005841231510082414,0.241435101635862,0.24144056604346378,0.0008555519465525842,0.24111123620520394,0.0008210021392544071,0.0,0.00016338963008819148,1585.0,1.0418459451030115,3.4022997678085854e-06,0,15504,0.10117930173873901,62,0.0,3240,1.0,0.6,0.6,0.6,0.37499999999999994,0.37499999999999994,0.37499999999999994,3240,1.0,0.6,0.6,0.6,0.37499999999999994,0.37499999999999994,0.37499999999999994,4824,1.0,0.6,0.6000000134110477,0.6000000491465034,0.37499999999999994,0.3750000052386905,0.3750000191978523
7,0.11666666666666667,True,valid,0.07069953409621538,0.036483132393996066,0.006900840956825741,0.27365450969671057,0.2740065132476123,0.007260785846460869,0.3154004587629055,0.004318785522664829,0.15370200874285933,0.00017630876983661844,1585.0,1.4270863490300538,3.7364629008760678e-06,0,15504,0.08334730565547943,104,0.0,3240,1.0,0.6,0.6,0.6,0.37499999999999994,0.37499999999999994,0.37499999999999994,3240,1.0,0.6,0.6,0.6,0.37499999999999994,0.37499999999999994,0.37499999999999994,4824,1.0,0.6,0.6000000134110477,0.6000000491465034,0.37499999999999994,0.3750000052386905,0.3750000191978523
8,0.13333333333333333,True,valid,0.07754182927831081,0.040573733445800085,0.00981415239032241,1.7136968108922501,1.5392000679067743,0.3263923466572189,1.110320663446138,0.2650887965219295,1.5895443700792535,0.0004162112416502813,1585.0,46.714029133017945,1.6092796948200325e-05,0,15504,0.06595097482204437,132,0.0,3240,1.0,0.6,0.6,0.6,0.37499999999999994,0.37499999999999994,0.37499999999999994,3240,1.0,0.6,0.6,0.6,0.37499999999999994,0.37499999999999994,0.37499999999999994,4824,1.0,0.6,0.6000000134110477,0.6000000491465034,0.37499999999999994,0.3750000052386905,0.3750000191978523
9,0.15,True,valid,0.0834712988812955,0.04423449071516522,0.010680245295000904,0.3632457217212598,0.3503811117561506,0.07614282736299192,0.7496333480709896,0.02877007581428991,0.6230288022939668,0.00019533103046369773,1585.0,2.6518192502142792,4.916943713735785e-06,0,15660,0.059381838887929916,129,0.0,3240,1.0,0.6,0.6,0.6,0.37499999999999994,0.37499999999999994,0.37499999999999994,3240,1.0,0.6,0.6,0.6,0.37499999999999994,0.37499999999999994,0.37499999999999994,4824,1.0,0.6,0.6000000134110477,0.6000000491465034,0.37499999999999994,0.3750000052386905,0.3750000191978523
10,0.16666666666666666,True,valid,0.08677402720993889,0.045965728895410826,0.009498918912749989,0.35172373727641004,0.3478088911648135,0.02724029081889315,0.43046758481977576,0.0057713511707730945,0.2511481512843226,0.0002524929911738078,1585.0,2.4956728901370053,5.03424905226049e-06,0,15806,0.05690576881170273,127,0.0,3240,1.0,0.6,0.6,0.6,0.37499999999999994,0.37499999999999994,0.37499999999999994,3240,1.0,0.6,0.6,0.6,0.37499999999999994,0.37499999999999994,0.37499999999999994,4824,1.0,0.6,0.6000000134110477,0.6000000491465034,0.37499999999999994,0.3750000052386905,0.3750000191978523
11,0.18333333333333332,True,valid,0.08495177175750436,0.04384283557980618,0.008572740715472309,0.5082626516545387,0.4589089488232202,0.09979275434382472,0.4582726058304165,0.01501972528585643,0.39807671009837675,0.0001905078594788098,1585.0,10.340447109385776,4.612981047841094e-06,0,15798,0.057319872081279755,131,0.0,3240,1.0,0.6,0.6,0.6,0.37499999999999994,0.37499999999999994,0.37499999999999994,3240,1.0,0.6,0.6,0.6,0.37499999999999994,0.37499999999999994,0.37499999999999994,4824,1.0,0.6,0.6000000134110477,0.6000000491465034,0.37499999999999994,0.3750000052386905,0.3750000191978523
12,0.2,True,valid,0.07853245163769874,0.04038533827465365,0.0069225185357046455,0.35367312976084153,0.33082377249341954,0.07411640836214214,0.3486269252618368,0.019087449785633228,0.1936619868494734,0.00019165609406704556,1585.0,5.221264925585131,4.418840794767447e-06,0,15552,0.06510357558727264,146,0.0,3240,1.0,0.6,0.6,0.6,0.37499999999999994,0.37499999999999994,0.37499999999999994,3240,1.0,0.6,0.6,0.6,0.37499999999999994,0.37499999999999994,0.37499999999999994,4824,1.0,0.6,0.6000000134110477,0.6000000491465034,0.37499999999999994,0.3750000052386905,0.3750000191978523
13,0.21666666666666667,True,valid,0.0669288895851747,0.03501078253886964,0.0058169361060718,0.4234390243216099,0.3091308870969774,0.18667550136466332,0.6534594680192671,0.045552443967461394,0.4792750007534255,0.00022593259004097014,1585.0,5.400745134286737,4.945460317519684e-06,0,15504,0.0690871849656105,164,0.0,3240,1.0,0.6,0.6,0.6,0.37499999999999994,0.37499999999999994,0.37499999999999994,3240,1.0,0.6,0.6,0.6,0.37499999999999994,0.37499999999999994,0.37499999999999994,4824,1.0,0.6,0.6000000134110477,0.6000000491465034,0.37499999999999994,0.3750000052386905,0.3750000191978523
14,0.23333333333333334,True,valid,0.05195312039620992,0.027947435342986188,0.006088695223740231,0.44960272286197944,0.3120346292624637,0.21429418319664606,0.7532159883001625,0.030099210338380197,0.5490876966202515,0.0001241549906943084,1585.0,7.562182473782758,3.583150829412144e-06,0,15510,0.06969542801380157,158,0.0,3240,1.0,0.6,0.6,0.6,0.37499999999999994,0.37499999999999994,0.37499999999999994,3240,1.0,0.6,0.6,0.6,0.37499999999999994,0.37499999999999994,0.37499999999999994,4824,1.0,0.6,0.6000000134110477,0.6000000491465034,0.37499999999999994,0.3750000052386905,0.3750000191978523
15,0.25,True,valid,0.03815853578974982,0.020476404371652292,0.00519923242761599,0.15816239612809,0.15842473644412794,0.002967054833443556,0.2835210217791418,0.0026746371162545608,0.23810380082104304,0.00010566605615062979,1585.0,0.9499484182664494,2.1323077072393927e-06,0,15504,0.07051349431276321,156,0.0,3240,1.0,0.6,0.6,0.6,0.37499999999999994,0.37499999999999994,0.37499999999999994,3240,1.0,0.6,0.6,0.6,0.37499999999999994,0.37499999999999994,0.37499999999999994,4824,1.0,0.6,0.6000000134110477,0.6000000491465034,0.37499999999999994,0.3750000052386905,0.3750000191978523
16,0.26666666666666666,True,valid,0.026490774155267925,0.01378378692889774,0.0031092128662480387,0.12405741258981902,0.12445064585228599,0.004417664066715065,0.148646032817839,0.01967676649095907,0.07976943637498961,0.00011817475695872842,1585.0,0.733528869162969,2.1639858650898006e-06,0,15504,0.07399776577949524,157,0.0,3240,1.0,0.6,0.6,0.6,0.37499999999999994,0.37499999999999994,0.37499999999999994,3240,1.0,0.6,0.6,0.6,0.37499999999999994,0.37499999999999994,0.37499999999999994,4824,1.0,0.6,0.6000000134110477,0.6000000491465034,0.37499999999999994,0.3750000052386905,0.3750000191978523
17,0.2833333333333333,True,valid,0.01705782189439219,0.008060027505348536,0.0018217742171347821,0.17255927797793613,0.1332350381893337,0.06800152953074955,0.32483834946622914,0.009891579496263873,0.325327638295559,0.0001293884885701164,1585.0,2.3941642456355527,3.881523614380942e-06,0,15504,0.078891322016716,157,0.0,3240,1.0,0.6,0.6,0.6,0.37499999999999994,0.37499999999999994,0.37499999999999994,3240,1.0,0.6,0.6,0.6,0.37499999999999994,0.37499999999999994,0.37499999999999994,4824,1.0,0.6,0.6000000134110477,0.6000000491465034,0.37499999999999994,0.3750000052386905,0.3750000191978523
18,0.3,True,valid,0.011321522542191294,0.005870845025411296,0.0020583665548677033,0.10343649733558356,0.10360702698698045,0.001118711463903324,0.10443833508681748,0.0011456134669671502,0.0111378801340158,0.00010394753103469839,1585.0,0.5648358665272152,1.9994516487473978e-06,0,15504,0.08064837753772736,161,0.0,3240,1.0,0.6,0.6,0.6,0.37499999999999994,0.37499999999999994,0.37499999999999994,3240,1.0,0.6,0.6,0.6,0.37499999999999994,0.37499999999999994,0.37499999999999994,4824,1.0,0.6,0.6000000134110477,0.6000000491465034,0.37499999999999994,0.3750000052386905,0.3750000191978523
19,0.31666666666666665,True,valid,0.00828700480776089,0.004616512479604613,0.0016439909671976804,0.08150822396315947,0.08167850725063286,0.0009666358642032982,0.08190194014581575,0.000931452772375441,0.0033162874621711987,0.00010260457878194313,1585.0,0.3466450650570973,1.8983875836589659e-06,0,15512,0.08077968657016754,160,0.0,3240,1.0,0.6,0.6,0.6,0.37499999999999994,0.37499999999999994,0.37499999999999994,3240,1.0,0.6,0.6,0.6,0.37499999999999994,0.37499999999999994,0.37499999999999994,4824,1.0,0.6,0.6000000134110477,0.6000000491465034,0.37499999999999994,0.3750000052386905,0.3750000191978523
20,0.3333333333333333,True,valid,0.007567022319279852,0.004107146417949403,0.00119110127088182,0.0615345685461601,0.06167120128254412,0.0010354582715438653,0.06268552491544409,0.000764374315511025,0.013178712448301759,8.43862966444789e-05,1585.0,0.36378420698137437,1.4939121020469613e-06,0,15504,0.07877480983734131,157,0.0,3240,1.0,0.6,0.6,0.6,0.37499999999999994,0.37499999999999994,0.37499999999999994,3240,1.0,0.6,0.6,0.6,0.37499999999999994,0.37499999999999994,0.37499999999999994,4824,1.0,0.6,0.6000000134110477,0.6000000491465034,0.37499999999999994,0.3750000052386905,0.3750000191978523
21,0.35,True,valid,0.0114856940045469,0.006189399763407562,0.0019589221774637595,0.07571919664212248,0.07576108808723457,0.0008687643893053648,0.07491518392944188,0.0006647346839834749,0.012099197969170349,7.829952110860455e-05,1585.0,0.4194999811979779,1.378101821895147e-06,0,15504,0.07447878271341324,156,0.0,3240,1.0,0.6,0.6,0.6,0.37499999999999994,0.37499999999999994,0.37499999999999994,3240,1.0,0.6,0.6,0.6,0.37499999999999994,0.37499999999999994,0.37499999999999994,4824,1.0,0.6,0.6000000134110477,0.6000000491465034,0.37499999999999994,0.3750000052386905,0.3750000191978523
22,0.36666666666666664,True,valid,0.019961209952544228,0.011303823622164793,0.0023153954642760708,0.08415573328956957,0.0842271999465708,0.0010215504720432033,0.09120250549502143,0.0009569935745106355,0.03423892890126212,9.761252641023222e-05,1585.0,0.4771610729710002,1.7594374117015808e-06,0,15504,0.07107194513082504,158,0.0,3240,1.0,0.6,0.6,0.6,0.37499999999999994,0.37499999999999994,0.37499999999999994,3240,1.0,0.6,0.6,0.6,0.37499999999999994,0.37499999999999994,0.37499999999999994,4824,1.0,0.6,0.6000000134110477,0.6000000491465034,0.37499999999999994,0.3750000052386905,0.3750000191978523
23,0.38333333333333336,True,valid,0.031790345729397054,0.017979942816196474,0.0029253146243911187,0.12782963134730008,0.1276550217034291,0.005926008448861656,0.1375071466799461,0.0009618635448798593,0.048578473107306536,0.0001191948517152843,1585.0,0.5481830790699714,2.312797701082573e-06,0,15504,0.06985608488321304,157,0.0,3240,1.0,0.6,0.6,0.6,0.37499999999999994,0.37499999999999994,0.37499999999999994,3240,1.0,0.6,0.6,0.6,0.37499999999999994,0.37499999999999994,0.37499999999999994,4824,1.0,0.6,0.6000000134110477,0.6000000491465034,0.37499999999999994,0.3750000052386905,0.3750000191978523
24,0.4,True,valid,0.04459541982710164,0.024526369227723933,0.004083646733034701,0.3510652467820066,0.25969741243130817,0.12283138018454265,0.28033835610300634,0.006709424764379251,0.1661483022951295,0.00014357807785305603,1585.0,8.598717134546888,7.909461410117979e-06,0,15504,0.06983816623687744,154,0.0,3240,1.0,0.6,0.6,0.6,0.37499999999999994,0.37499999999999994,0.37499999999999994,3240,1.0,0.6,0.6,0.6,0.37499999999999994,0.37499999999999994,0.37499999999999994,4824,1.0,0.6,0.6000000134110477,0.6000000491465034,0.37499999999999994,0.3750000052386905,0.3750000191978523
25,0.4166666666666667,True,valid,0.05666417273335835,0.03032559970056741,0.005702076566966966,1.0954343728440228,0.9024244458489296,0.24663833823779602,0.517493161351879,0.03599927200587149,0.7787162709862038,0.00015760463620703588,1585.0,28.430921518708683,9.47450178016926e-06,0,15504,0.07194202393293381,152,0.0,3240,1.0,0.6,0.6,0.6,0.37499999999999994,0.37499999999999994,0.37499999999999994,3240,1.0,0.6,0.6,0.6,0.37499999999999994,0.37499999999999994,0.37499999999999994,4824,1.0,0.6,0.6000000134110477,0.6000000491465034,0.37499999999999994,0.3750000052386905,0.3750000191978523
26,0.43333333333333335,True,valid,0.06744464678865472,0.035333148213782625,0.007433740723725991,0.3004816504078554,0.28755248023851737,0.03411670481410808,0.3909914729869388,0.003586213757680174,0.311253684044903,0.00017238307058656052,1585.0,6.264004505870947,3.5863946260768986e-06,0,15504,0.07305487245321274,155,0.0,3240,1.0,0.6,0.6,0.6,0.37499999999999994,0.37499999999999994,0.37499999999999994,3240,1.0,0.6,0.6,0.6,0.37499999999999994,0.37499999999999994,0.37499999999999994,4824,1.0,0.6,0.6000000134110477,0.6000000491465034,0.37499999999999994,0.3750000052386905,0.3750000191978523
27,0.45,True,valid,0.07605202846878209,0.039138223644468645,0.008321105357275153,0.3044573394591776,0.30010436433709764,0.017339499459978366,0.4485961831504969,0.0021671060433861144,0.35511805111224687,0.00016965969319111368,1585.0,4.2978458090772165,3.6239435214826283e-06,0,15504,0.0743250921368599,158,0.0,3240,1.0,0.6,0.6,0.6,0.37499999999999994,0.37499999999999994,0.37499999999999994,3240,1.0,0.6,0.6,0.6,0.37499999999999994,0.37499999999999994,0.37499999999999994,4824,1.0,0.6,0.6000000134110477,0.6000000491465034,0.37499999999999994,0.3750000052386905,0.3750000191978523
28,0.4666666666666667,True,valid,0.08149524294626048,0.04133841898439618,0.008247889393186627,0.2966640186430545,0.2970270170294645,0.005001623472150149,0.4257867792103071,0.0038006086166467077,0.3238343262472311,0.0001931510952411899,1585.0,2.0785270877800657,4.134547315322351e-06,0,15504,0.0747729167342186,158,0.0,3240,1.0,0.6,0.6,0.6,0.37499999999999994,0.37499999999999994,0.37499999999999994,3240,1.0,0.6,0.6,0.6,0.37499999999999994,0.37499999999999994,0.37499999999999994,4824,1.0,0.6,0.6000000134110477,0.6000000491465034,0.37499999999999994,0.3750000052386905,0.3750000191978523
29,0.48333333333333334,True,valid,0.08248745981707685,0.04156778713092315,0.007652528150420797,0.5260811595766305,0.4530244075869822,0.110145152249941,0.43176403331583296,0.019665559887998448,0.3542536412250368,0.00020777315192287445,1585.0,14.997799848197978,4.637354051996403e-06,0,15504,0.07477682828903198,157,0.0,3240,1.0,0.6,0.6,0.6,0.37499999999999994,0.37499999999999994,0.37499999999999994,3240,1.0,0.6,0.6,0.6,0.37499999999999994,0.37499999999999994,0.37499999999999994,4824,1.0,0.6,0.6000000134110477,0.6000000491465034,0.37499999999999994,0.3750000052386905,0.3750000191978523
30,0.5,True,valid,0.078213051264433,0.03975099833212884,0.0073518835721628215,0.28572055591547807,0.2817162267272782,0.02906311939386928,0.38816371702019914,0.004969920480929985,0.2749097829718659,0.00019754952068950577,1585.0,2.1559257124637607,4.3651002511011155e-06,0,15504,0.07424739748239517,169,0.0,3240,1.0,0.6,0.6,0.6,0.37499999999999994,0.37499999999999994,0.37499999999999994,3240,1.0,0.6,0.6,0.6,0.37499999999999994,0.37499999999999994,0.37499999999999994,4824,1.0,0.6,0.6000000134110477,0.6000000491465034,0.37499999999999994,0.3750000052386905,0.3750000191978523
31,0.5166666666666667,True,valid,0.06951616607319158,0.036170911825039,0.007306453439676582,0.25036076676427355,0.24654004549463993,0.03465592635294792,0.36540766135545993,0.005749777409950235,0.25241262348292115,0.00016779243148313052,1585.0,1.3046688983693469,3.5171966272839777e-06,0,15504,0.07347048074007034,174,0.0,3240,1.0,0.6,0.6,0.6,0.37499999999999994,0.37499999999999994,0.37499999999999994,3240,1.0,0.6,0.6,0.6,0.37499999999999994,0.37499999999999994,0.37499999999999994,4824,1.0,0.6,0.6000000134110477,0.6000000491465034,0.37499999999999994,0.3750000052386905,0.3750000191978523
32,0.5333333333333333,True,valid,0.05848654863039182,0.03135835350474971,0.006774970657494543,0.2640390506503222,0.25353453357866973,0.0245823368941374,0.33171115685198843,0.0073060958175491155,0.28093565293606126,0.00014247501846936558,1585.0,5.927718380948546,2.946190016796514e-06,0,15504,0.07309486716985703,186,0.0,3240,1.0,0.6,0.6,0.6,0.37499999999999994,0.37499999999999994,0.37499999999999994,3240,1.0,0.6,0.6,0.6,0.37499999999999994,0.37499999999999994,0.37499999999999994,4824,1.0,0.6,0.6000000134110477,0.6000000491465034,0.37499999999999994,0.3750000052386905,0.3750000191978523
33,0.55,True,valid,0.04681759513150531,0.02556008046728668,0.005275705900781152,0.22513155688717437,0.21185785803139792,0.04277572917818743,0.25412201682136093,0.013680683171688433,0.20339516772531258,0.0001471143782806074,1585.0,3.6617163910821575,3.6550197836864796e-06,0,15520,0.07275468856096268,200,0.0,3240,1.0,0.6,0.6,0.6,0.37499999999999994,0.37499999999999994,0.37499999999999994,3240,1.0,0.6,0.6,0.6,0.37499999999999994,0.37499999999999994,0.37499999999999994,4824,1.0,0.6,0.6000000134110477,0.6000000491465034,0.37499999999999994,0.3750000052386905,0.3750000191978523
34,0.5666666666666667,True,valid,0.03558094199973859,0.019186329007946222,0.003332817111204872,0.23350903159282219,0.20182027208383596,0.060751967444177594,0.19889204034406868,0.015690251295506333,0.20781542124598623,0.0001270347711950352,1585.0,5.344123424722647,4.795728367524877e-06,0,15542,0.07228240370750427,197,0.0,3240,1.0,0.6,0.6,0.6,0.37499999999999994,0.37499999999999994,0.37499999999999994,3240,1.0,0.6,0.6,0.6,0.37499999999999994,0.37499999999999994,0.37499999999999994,4824,1.0,0.6,0.6000000134110477,0.6000000491465034,0.37499999999999994,0.3750000052386905,0.3750000191978523
35,0.5833333333333334,True,valid,0.025454839605040157,0.01360198415786745,0.002021066904387737,0.10292054762544299,0.10300709719458565,0.003587153914123031,0.11244240379128698,0.0019030185827471902,0.036488577508153,0.00011207556893064947,1585.0,0.6542628716392203,2.190259373199028e-06,0,15510,0.0725269541144371,196,0.0,3240,1.0,0.6,0.6,0.6,0.37499999999999994,0.37499999999999994,0.37499999999999994,3240,1.0,0.6,0.6,0.6,0.37499999999999994,0.37499999999999994,0.37499999999999994,4824,1.0,0.6,0.6000000134110477,0.6000000491465034,0.37499999999999994,0.3750000052386905,0.3750000191978523
36,0.6,True,valid,0.017046103269273458,0.009119272061872009,0.0012546558502459049,0.08572172755902016,0.08206008690866269,0.017085455516393053,0.08035053779002924,0.0019935670612614854,0.04082442239493825,0.00010373500716352382,1585.0,1.3493043526173887,2.0246889858414663e-06,0,15504,0.072938933968544,201,0.0,3240,1.0,0.6,0.6,0.6,0.37499999999999994,0.37499999999999994,0.37499999999999994,3240,1.0,0.6,0.6,0.6,0.37499999999999994,0.37499999999999994,0.37499999999999994,4824,1.0,0.6,0.6000000134110477,0.6000000491465034,0.37499999999999994,0.3750000052386905,0.3750000191978523
37,0.6166666666666667,True,valid,0.011446332913871328,0.00596994430386848,0.0011842806504513642,0.056773131442493525,0.054408482608689586,0.008179421588859063,0.07402892586189691,0.001021532782067521,0.054800273712713156,8.809298209468281e-05,1585.0,0.9195718771892216,1.6904617368371636e-06,0,15504,0.07319168746471405,203,0.0,3240,1.0,0.6,0.6,0.6,0.37499999999999994,0.37499999999999994,0.37499999999999994,3240,1.0,0.6,0.6,0.6,0.37499999999999994,0.37499999999999994,0.37499999999999994,4824,1.0,0.6,0.6000000134110477,0.6000000491465034,0.37499999999999994,0.3750000052386905,0.3750000191978523
38,0.6333333333333333,True,valid,0.010128474132093375,0.005116795806156221,0.0013377628706570785,0.05020054529496221,0.05000794774859731,0.003313256266995261,0.070807961783511,0.0004708919452878301,0.04814311902032591,7.567225638296468e-05,1585.0,0.23983506696174556,1.2900943955810388e-06,0,15504,0.07318312674760818,206,0.0,3240,1.0,0.6,0.6,0.6,0.37499999999999994,0.37499999999999994,0.37499999999999994,3240,1.0,0.6,0.6,0.6,0.37499999999999994,0.37499999999999994,0.37499999999999994,4824,1.0,0.6,0.6000000134110477,0.6000000491465034,0.37499999999999994,0.3750000052386905,0.3750000191978523
39,0.65,True,valid,0.012886006092860667,0.006273580077429921,0.0013128868458563631,0.05549558128813865,0.055302601565263725,0.003127047034626495,0.07388428344226422,0.0007322780275622019,0.044241236162808,8.838156752189103e-05,1585.0,0.2433282781826893,1.549816988094989e-06,0,15504,0.07295959442853928,206,0.0,3240,1.0,0.6,0.6,0.6,0.37499999999999994,0.37499999999999994,0.37499999999999994,3240,1.0,0.6,0.6,0.6,0.37499999999999994,0.37499999999999994,0.37499999999999994,4824,1.0,0.6,0.6000000134110477,0.6000000491465034,0.37499999999999994,0.3750000052386905,0.3750000191978523
40,0.6666666666666666,True,valid,0.0189661338385017,0.009398637694476715,0.0016685950104053454,0.07697623778442983,0.07697637692271056,0.0012979565854353723,0.09935774859195762,0.002367530480824649,0.06100292382165018,0.0001005281094936376,1585.0,0.3870377240901287,1.8272800113570126e-06,0,15504,0.07243894785642624,206,0.0,3240,1.0,0.6,0.6,0.6,0.37499999999999994,0.37499999999999994,0.37499999999999994,3240,1.0,0.6,0.6,0.6,0.37499999999999994,0.37499999999999994,0.37499999999999994,4824,1.0,0.6,0.6000000134110477,0.6000000491465034,0.37499999999999994,0.3750000052386905,0.3750000191978523
41,0.6833333333333333,True,valid,0.027673639725348597,0.013957059034553207,0.002383224300316783,0.10648930024412524,0.10645295521453678,0.003827757875216264,0.13739905219226736,0.0012010267707348614,0.08270528584348406,0.00011242236150635027,1585.0,0.4735781076079799,2.1533757199032464e-06,0,15504,0.07160088419914246,203,0.0,3240,1.0,0.6,0.6,0.6,0.37499999999999994,0.37499999999999994,0.37499999999999994,3240,1.0,0.6,0.6,0.6,0.37499999999999994,0.37499999999999994,0.37499999999999994,4824,1.0,0.6,0.6000000134110477,0.6000000491465034,0.37499999999999994,0.3750000052386905,0.3750000191978523
42,0.7,True,valid,0.03789950915567091,0.01943402061108296,0.0034838556644536944,0.23222155085456014,0.2034554338425047,0.0598616500975574,0.22716074173732673,0.007190409279873193,0.18367641849395028,0.00012682931658650133,1585.0,4.4129843463376455,4.374231682411073e-06,0,15504,0.07060215622186661,201,0.0,3240,1.0,0.6,0.6,0.6,0.37499999999999994,0.37499999999999994,0.37499999999999994,3240,1.0,0.6,0.6,0.6,0.37499999999999994,0.37499999999999994,0.37499999999999994,4824,1.0,0.6,0.6000000134110477,0.6000000491465034,0.37499999999999994,0.3750000052386905,0.3750000191978523
43,0.7166666666666667,True,valid,0.048631072248396585,0.025388569923415313,0.0049750480533397754,0.17977687391203145,0.17986428357225487,0.002115822225097847,0.23885679436301838,0.0010669808286191647,0.1572652406409511,0.0001381912855006316,1585.0,1.3921659752862943,2.752323434081972e-06,0,15504,0.06971495598554611,202,0.0,3240,1.0,0.6,0.6,0.6,0.37499999999999994,0.37499999999999994,0.37499999999999994,3240,1.0,0.6,0.6,0.6,0.37499999999999994,0.37499999999999994,0.37499999999999994,4824,1.0,0.6,0.6000000134110477,0.6000000491465034,0.37499999999999994,0.3750000052386905,0.3750000191978523
44,0.7333333333333333,True,valid,0.05903162554074182,0.031184504542075813,0.006370570529612753,0.21935322727457685,0.2194411974939478,0.002129746744218709,0.30109875185964124,0.001284358197958283,0.2032795517346684,0.0001467059409523259,1585.0,1.8074912895999502,3.0064136656640963e-06,0,15504,0.06904517114162445,201,0.0,3240,1.0,0.6,0.6,0.6,0.37499999999999994,0.37499999999999994,0.37499999999999994,3240,1.0,0.6,0.6,0.6,0.37499999999999994,0.37499999999999994,0.37499999999999994,4824,1.0,0.6,0.6000000134110477,0.6000000491465034,0.37499999999999994,0.3750000052386905,0.3750000191978523
45,0.75,True,valid,0.06819015042682468,0.03606783302732718,0.007162397318204275,0.24269546840674025,0.24239097825339964,0.011141355779543456,0.35153297620531687,0.0018019059756722011,0.2368821581075746,0.0001652882884948677,1585.0,1.09706193741098,3.436864603124408e-06,0,15504,0.06863049417734146,199,0.0,3240,1.0,0.6,0.6,0.6,0.37499999999999994,0.37499999999999994,0.37499999999999994,3240,1.0,0.6,0.6,0.6,0.37499999999999994,0.37499999999999994,0.37499999999999994,4824,1.0,0.6,0.6000000134110477,0.6000000491465034,0.37499999999999994,0.3750000052386905,0.3750000191978523
46,0.7666666666666667,True,valid,0.07481004841225117,0.03931231991527311,0.007514555731763123,0.2632490170509937,0.2633965102306383,0.008878904786503208,0.36454078283623353,0.0014116184409691326,0.23460702396721544,0.00018185078610404528,1585.0,1.2225165928922803,3.8027789141612228e-06,0,15504,0.06843513250350952,199,0.0,3240,1.0,0.6,0.6,0.6,0.37499999999999994,0.37499999999999994,0.37499999999999994,3240,1.0,0.6,0.6,0.6,0.37499999999999994,0.37499999999999994,0.37499999999999994,4824,1.0,0.6,0.6000000134110477,0.6000000491465034,0.37499999999999994,0.3750000052386905,0.3750000191978523
47,0.7833333333333333,True,valid,0.07779938563077779,0.040589165611063314,0.007659914651073422,0.27367114391583813,0.2738585205042977,0.005953913962487014,0.37395299739049154,0.003929203469983071,0.24862113421874116,0.00018640884499311952,1585.0,1.1503321191314617,3.906111453096191e-06,0,15504,0.0683191567659378,197,0.0,3240,1.0,0.6,0.6,0.6,0.37499999999999994,0.37499999999999994,0.37499999999999994,3240,1.0,0.6,0.6,0.6,0.37499999999999994,0.37499999999999994,0.37499999999999994,4824,1.0,0.6,0.6000000134110477,0.6000000491465034,0.37499999999999994,0.3750000052386905,0.3750000191978523
48,0.8,True,valid,0.07681938231312492,0.03985104782718887,0.007657120985113411,0.29072778301211233,0.2866699728235704,0.013998973848340526,0.3716990643523086,0.003817496762224914,0.2664610033285878,0.00018401713944992768,1585.0,4.211068416046906,3.8572570287053335e-06,0,15504,0.06814766675233841,199,0.0,3240,1.0,0.6,0.6,0.6,0.37499999999999994,0.37499999999999994,0.37499999999999994,3240,1.0,0.6,0.6,0.6,0.37499999999999994,0.37499999999999994,0.37499999999999994,4824,1.0,0.6,0.6000000134110477,0.6000000491465034,0.37499999999999994,0.3750000052386905,0.3750000191978523
49,0.8166666666666667,True,valid,0.07218618936535225,0.037355799144662166,0.007432490693529435,0.2503342893214593,0.24887172012463718,0.01877592540659321,0.36218224907698693,0.000621351971034036,0.25179172531738986,0.00017092455502152226,1585.0,1.0753553939415383,3.5732682143046166e-06,0,15504,0.06799507141113281,201,0.0,3240,1.0,0.6,0.6,0.6,0.37499999999999994,0.37499999999999994,0.37499999999999994,3240,1.0,0.6,0.6,0.6,0.37499999999999994,0.37499999999999994,0.37499999999999994,4824,1.0,0.6,0.6000000134110477,0.6000000491465034,0.37499999999999994,0.3750000052386905,0.3750000191978523
50,0.8333333333333334,True,valid,0.06479074983181413,0.03346991891906477,0.006839965006375216,0.23015980487110257,0.22918618070449162,0.015298185720606502,0.3329118214185481,0.002285694495891091,0.2408908995140622,0.0001572326380887743,1585.0,1.2872550546954917,3.259077480933645e-06,0,15504,0.06791355460882187,203,0.0,3240,1.0,0.6,0.6,0.6,0.37499999999999994,0.37499999999999994,0.37499999999999994,3240,1.0,0.6,0.6,0.6,0.37499999999999994,0.37499999999999994,0.37499999999999994,4824,1.0,0.6,0.6000000134110477,0.6000000491465034,0.37499999999999994,0.3750000052386905,0.3750000191978523
51,0.85,True,valid,0.05556264138213217,0.028647248888503563,0.005674402806930676,0.23027569584445112,0.21841948546077816,0.029738637500042395,0.2967608465026127,0.008750248470443468,0.22262959683822447,0.00014912067582363662,1585.0,4.000538120281528,3.1606269684943384e-06,0,15504,0.06819204986095428,204,0.0,3240,1.0,0.6,0.6,0.6,0.37499999999999994,0.37499999999999994,0.37499999999999994,3240,1.0,0.6,0.6,0.6,0.37499999999999994,0.37499999999999994,0.37499999999999994,4824,1.0,0.6,0.6000000134110477,0.6000000491465034,0.37499999999999994,0.3750000052386905,0.3750000191978523
52,0.8666666666666667,True,valid,0.04524983133683898,0.023323907119580867,0.004425204910615781,0.1726110338875648,0.16962181483306146,0.019262067180092903,0.26117315432230376,0.006889725644781553,0.2025911919659182,0.00013447175760990853,1585.0,1.5298157577715095,3.1951293870720593e-06,0,15504,0.06877859681844711,205,0.0,3240,1.0,0.6,0.6,0.6,0.37499999999999994,0.37499999999999994,0.37499999999999994,3240,1.0,0.6,0.6,0.6,0.37499999999999994,0.37499999999999994,0.37499999999999994,4824,1.0,0.6,0.6000000134110477,0.6000000491465034,0.37499999999999994,0.3750000052386905,0.3750000191978523
53,0.8833333333333333,True,valid,0.03489429697325477,0.018026862442976008,0.0033441748889172875,0.12593890845597341,0.12581551740265495,0.005599395855508278,0.211386113804633,0.0013309545502347446,0.1739769120566445,0.00011973797138740736,1585.0,0.8723069147828255,2.431815645113274e-06,0,15504,0.0695805475115776,209,0.0,3240,1.0,0.6,0.6,0.6,0.37499999999999994,0.37499999999999994,0.37499999999999994,3240,1.0,0.6,0.6,0.6,0.37499999999999994,0.37499999999999994,0.37499999999999994,4824,1.0,0.6,0.6000000134110477,0.6000000491465034,0.37499999999999994,0.3750000052386905,0.3750000191978523
54,0.9,True,valid,0.025789032974323795,0.013464096434446212,0.002464047228820131,0.10325577242823612,0.10121693001553446,0.007123541689237235,0.19808837084449896,0.0022546716142616803,0.1799454534694855,0.0001036123989287112,1585.0,1.6720720473796034,2.153084951612447e-06,0,15504,0.07044105976819992,209,0.0,3240,1.0,0.6,0.6,0.6,0.37499999999999994,0.37499999999999994,0.37499999999999994,3240,1.0,0.6,0.6,0.6,0.37499999999999994,0.37499999999999994,0.37499999999999994,4824,1.0,0.6,0.6000000134110477,0.6000000491465034,0.37499999999999994,0.3750000052386905,0.3750000191978523
55,0.9166666666666666,True,valid,0.019044592122248922,0.010126329733788747,0.001906444330816103,0.10323618662852078,0.09462742071497089,0.01816842349547014,0.23377439377171322,0.0055317317856395645,0.23690886019022003,9.710349186516648e-05,1585.0,2.6600454863374123,2.2215728579678454e-06,0,15504,0.07122547924518585,209,0.0,3240,1.0,0.6,0.6,0.6,0.37499999999999994,0.37499999999999994,0.37499999999999994,3240,1.0,0.6,0.6,0.6,0.37499999999999994,0.37499999999999994,0.37499999999999994,4824,1.0,0.6,0.6000000134110477,0.6000000491465034,0.37499999999999994,0.3750000052386905,0.3750000191978523
56,0.9333333333333333,True,valid,0.015447306803721278,0.008405158983186433,0.0016540657446394392,0.05953800317783254,0.059537180927063255,0.005692459624059393,0.2380349574715291,0.0028222508290888294,0.23424075845583722,9.153806702166584e-05,1585.0,0.3697054663431923,1.6720604508665758e-06,0,15504,0.0721426010131836,208,0.0,3240,1.0,0.6,0.6,0.6,0.37499999999999994,0.37499999999999994,0.37499999999999994,3240,1.0,0.6,0.6,0.6,0.37499999999999994,0.37499999999999994,0.37499999999999994,4824,1.0,0.6,0.6000000134110477,0.6000000491465034,0.37499999999999994,0.3750000052386905,0.3750000191978523
57,0.95,True,valid,0.015123956543548697,0.008042509788930079,0.00155993193539154,0.06929823122496366,0.06635587123299476,0.015296014454540499,0.15250724401680843,0.004867402547579164,0.1464482490967515,9.192739647946191e-05,1585.0,0.6435211176224049,2.0411584131494897e-06,0,15504,0.07290293276309967,204,0.0,3240,1.0,0.6,0.6,0.6,0.37499999999999994,0.37499999999999994,0.37499999999999994,3240,1.0,0.6,0.6,0.6,0.37499999999999994,0.37499999999999994,0.37499999999999994,4824,1.0,0.6,0.6000000134110477,0.6000000491465034,0.37499999999999994,0.3750000052386905,0.3750000191978523
58,0.9666666666666667,True,valid,0.017987734753252264,0.009296224277466382,0.0016612039835181276,0.0697320854159176,0.06976335028247113,0.0030898065394746248,0.10744714415126402,0.005628323511083106,0.0813091360464864,9.91422556747783e-05,1585.0,0.3229131078673853,1.8189183124207422e-06,0,15504,0.07339759171009064,204,0.0,3240,1.0,0.6,0.6,0.6,0.37499999999999994,0.37499999999999994,0.37499999999999994,3240,1.0,0.6,0.6,0.6,0.37499999999999994,0.37499999999999994,0.37499999999999994,4824,1.0,0.6,0.6000000134110477,0.6000000491465034,0.37499999999999994,0.3750000052386905,0.3750000191978523
59,0.9833333333333333,True,valid,0.023670655306100376,0.012306674993078862,0.002130414899120724,0.0943285189672442,0.09193924756360163,0.013401914849960525,0.104831033947938,0.0014906091342132102,0.0410533593693057,0.00010441275096481758,1585.0,0.7363623254404896,1.966181953682018e-06,0,15504,0.07370159029960632,204,0.0,3240,1.0,0.6,0.6,0.6,0.37499999999999994,0.37499999999999994,0.37499999999999994,3240,1.0,0.6,0.6,0.6,0.37499999999999994,0.37499999999999994,0.37499999999999994,4824,1.0,0.6,0.6000000134110477,0.6000000491465034,0.37499999999999994,0.3750000052386905,0.3750000191978523
60,1.0,True,valid,0.03148230880223645,0.016579297482283498,0.0029161773290769656,0.12731756879789605,0.1218042473495199,0.023102571504646712,0.13944349035831902,0.004040317522900308,0.06571918720637232,0.00011435584769049012,1585.0,0.9651590902757017,2.8073190018010048e-06,0,15504,0.07391540706157684,204,0.0,3240,1.0,0.6,0.6,0.6,0.37499999999999994,0.37499999999999994,0.37499999999999994,3240,1.0,0.6,0.6,0.6,0.37499999999999994,0.37499999999999994,0.37499999999999994,4824,1.0,0.6,0.6000000134110477,0.6000000491465034,0.37499999999999994,0.3750000052386905,0.3750000191978523
61,1.0166666666666666,True,valid,0.040589764975810676,0.02153606491974297,0.003928847988565487,0.15379084266478807,0.15344268480596382,0.008930813246450089,0.18677140147298735,0.0032982068130335226,0.11231433267214787,0.00012530518073356056,1585.0,1.526338891476903,2.4799226379219196e-06,0,15504,0.07397207617759705,207,3.448803909122944e-09,3240,1.0,0.6,0.6,0.6,0.37499999999999994,0.37499999999999994,0.37499999999999994,3240,1.0,0.6,0.6,0.6,0.37499999999999994,0.37499999999999994,0.37499999999999994,4824,1.0,0.6,0.6000000134110477,0.6000000491465034,0.37499999999999994,0.3750000052386905,0.3750000191978523
62,1.0333333333333334,True,valid,0.05010278162461909,0.026725329011525006,0.005041264145486578,0.19370512689677954,0.19222888917901285,0.02003226475677524,0.23850335859897473,0.002148831746866055,0.1333946228138103,0.0001412112481846144,1585.0,1.5033802077339173,2.904275189003409e-06,0,15504,0.07394137978553772,206,1.7462298274040222e-09,3240,1.0,0.6,0.6,0.6,0.37499999999999994,0.37499999999999994,0.37499999999999994,3240,1.0,0.6,0.6,0.6,0.37499999999999994,0.37499999999999994,0.37499999999999994,4824,1.0,0.6,0.6000000134110477,0.6000000491465034,0.37499999999999994,0.3750000052386905,0.3750000191978523
63,1.05,True,valid,0.05904784780300333,0.031594743888314555,0.005972155908233153,0.3511687238108209,0.3324359820248506,0.04128201201774925,0.2785014120403385,0.00841759955354812,0.2913371475746267,0.00015206095230639824,1585.0,10.254519797607548,3.7412558258862013e-06,0,15536,0.0738956555724144,205,3.026798367500305e-09,3240,1.0,0.6,0.6,0.6,0.37499999999999994,0.37499999999999994,0.37499999999999994,3240,1.0,0.6,0.6,0.6,0.37499999999999994,0.37499999999999994,0.37499999999999994,4824,1.0,0.6,0.6000000134110477,0.6000000491465034,0.37499999999999994,0.3750000052386905,0.3750000191978523
64,1.0666666666666667,True,valid,0.06633437028157331,0.035551380960875775,0.00658602566734789,0.36193861467262595,0.3490661096370135,0.036851286668417596,0.3131963788951221,0.009046106499953532,0.29037697344813285,0.00017212958503951358,1585.0,9.68675036253589,4.093494744876333e-06,0,15624,0.07382883131504059,204,2.3283064365386963e-09,3240,1.0,0.6,0.6,0.6,0.37499999999999994,0.37499999999999994,0.37499999999999994,3240,1.0,0.6,0.6,0.6,0.37499999999999994,0.37499999999999994,0.37499999999999994,4824,1.0,0.6,0.6000000134110477,0.6000000491465034,0.37499999999999994,0.3750000052386905,0.3750000191978523
65,1.0833333333333333,True,valid,0.07086528692304979,0.03813376018261223,0.007058217231022961,0.3437645314516213,0.326447171357809,0.04737542807206283,0.35597757508366334,0.004604969698722091,0.2217297886650945,0.0001756436344413808,1585.0,5.298795553616658,3.942242677402786e-06,0,15628,0.0736786425113678,204,2.7939677238464355e-09,3240,1.0,0.6,0.6,0.6,0.37499999999999994,0.37499999999999994,0.37499999999999994,3240,1.0,0.6,0.6,0.6,0.37499999999999994,0.37499999999999994,0.37499999999999994,4824,1.0,0.6,0.6000000134110477,0.6000000491465034,0.37499999999999994,0.3750000052386905,0.3750000191978523
66,1.1,True,valid,0.07216834065240432,0.03899789579591013,0.007269154829488483,0.3059804113970266,0.3017409732204123,0.02962365701138127,0.3748612381161881,0.004323571697066455,0.24087295453534047,0.00017960469276311037,1585.0,3.9396099049910758,3.8288885187444445e-06,0,15628,0.07361710071563721,204,3.259629011154175e-09,3240,1.0,0.6,0.6,0.6,0.37499999999999994,0.37499999999999994,0.37499999999999994,3240,1.0,0.6,0.6,0.6,0.37499999999999994,0.37499999999999994,0.37499999999999994,4824,1.0,0.6,0.6000000134110477,0.6000000491465034,0.37499999999999994,0.3750000052386905,0.3750000191978523
67,1.1166666666666667,True,valid,0.07030358702722218,0.03828008161330572,0.007312655866373524,0.3504626390303129,0.33963996191193324,0.03843306165956833,0.3852494168469001,0.007987033647627973,0.2833796803324096,0.00017386292275608454,1585.0,7.212082088692354,3.7155424681966024e-06,0,15794,0.0735228955745697,205,2.7939677238464355e-09,3240,1.0,0.6,0.6,0.6,0.37499999999999994,0.37499999999999994,0.37499999999999994,3240,1.0,0.6,0.6,0.6,0.37499999999999994,0.37499999999999994,0.37499999999999994,4824,1.0,0.6,0.6000000134110477,0.6000000491465034,0.37499999999999994,0.3750000052386905,0.3750000191978523
68,1.1333333333333333,True,valid,0.06586146449974237,0.03619681400107804,0.006993910425059689,0.3055856223668569,0.30268078318312513,0.028942044659341994,0.3627358334706248,0.005489789829286668,0.19698850236620064,0.0001666691750127853,1585.0,2.419137551615037,3.92389619909052e-06,0,15886,0.07317506521940231,206,3.725290298461914e-09,3240,1.0,0.6,0.6,0.6,0.37499999999999994,0.37499999999999994,0.37499999999999994,3240,1.0,0.6,0.6,0.6,0.37499999999999994,0.37499999999999994,0.37499999999999994,4824,1.0,0.6,0.6000000134110477,0.6000000491465034,0.37499999999999994,0.3750000052386905,0.3750000191978523
69,1.15,True,valid,0.059557859886752745,0.03293238295493217,0.00621308818460903,0.4051390015506346,0.37702285954751563,0.05614882854028426,0.3639760672451849,0.009204197026025904,0.31792574177775057,0.00016080983415339492,1585.0,11.257093859771288,3.3985031398107175e-06,0,15955,0.07248751819133759,206,2.7939677238464355e-09,3240,1.0,0.6,0.6,0.6,0.37499999999999994,0.37499999999999994,0.37499999999999994,3240,1.0,0.6,0.6,0.6,0.37499999999999994,0.37499999999999994,0.37499999999999994,4824,1.0,0.6,0.6000000134110477,0.6000000491465034,0.37499999999999994,0.3750000052386905,0.3750000191978523
70,1.1666666666666667,True,valid,0.05194970087546732,0.028948847818513635,0.0053825796365053165,0.28206230387086645,0.2828286558588111,0.014645039910353,0.3476038110598434,0.006208806121398831,0.23529891333336803,0.00015604062621070173,1585.0,2.9751299601763614,3.2485940674908013e-06,0,15843,0.07137352228164673,207,6.51925802230835e-09,3240,1.0,0.6,0.6,0.6,0.37499999999999994,0.37499999999999994,0.37499999999999994,3240,1.0,0.6,0.6,0.6,0.37499999999999994,0.37499999999999994,0.37499999999999994,4824,1.0,0.6,0.6000000134110477,0.6000000491465034,0.37499999999999994,0.3750000052386905,0.3750000191978523
71,1.1833333333333333,True,valid,0.04378540691731091,0.02477715413818056,0.004582778465376083,0.25905718891221274,0.26166170483212525,0.01526202034928964,0.34045068234697795,0.006680143867929703,0.23169242872687942,0.00014644162866832958,1585.0,1.7892643748190835,3.057599074123045e-06,0,15757,0.0696442723274231,208,5.587935447692871e-09,3240,1.0,0.6,0.6,0.6,0.37499999999999994,0.37499999999999994,0.37499999999999994,3240,1.0,0.6,0.6,0.6,0.37499999999999994,0.37499999999999994,0.37499999999999994,4824,1.0,0.6,0.6000000134110477,0.6000000491465034,0.37499999999999994,0.3750000052386905,0.3750000191978523
72,1.2,True,valid,0.035878033554643904,0.020691447062247695,0.003951589126515978,0.23956140557524996,0.24275624599961076,0.015274459512161831,0.2994001560393398,0.0068208127509648405,0.18260553550582684,0.00013746080951855584,1585.0,1.026631971068708,3.068327846300039e-06,0,15801,0.06706319004297256,209,5.587935447692871e-09,3240,1.0,0.6,0.6,0.6,0.37499999999999994,0.37499999999999994,0.37499999999999994,3240,1.0,0.6,0.6,0.6,0.37499999999999994,0.37499999999999994,0.37499999999999994,4824,1.0,0.6,0.6000000134110477,0.6000000491465034,0.37499999999999994,0.3750000052386905,0.3750000191978523
73,1.2166666666666666,True,valid,0.029014660908600692,0.017164233272900047,0.0034190353979259547,0.27272715355109833,0.2583463077453422,0.04724766970874782,0.25265283459579835,0.008300099961356396,0.13847669389294898,0.0001355086070171744,1585.0,3.2060752322347685,3.887984847965045e-06,0,15864,0.0640026181936264,208,1.862645149230957e-09,3240,1.0,0.6,0.6,0.6,0.37499999999999994,0.37499999999999994,0.37499999999999994,3240,1.0,0.6,0.6,0.6,0.37499999999999994,0.37499999999999994,0.37499999999999994,4824,1.0,0.6,0.6000000134110477,0.6000000491465034,0.37499999999999994,0.3750000052386905,0.3750000191978523
74,1.2333333333333334,True,valid,0.02391285799264307,0.014494205328397035,0.0030147697087598143,0.215867914669836,0.22033534299110138,0.007256262507884076,0.2214172299508301,0.006223676614800526,0.04498955653777349,0.000123381871319499,1585.0,1.0266812749902865,2.470961736171849e-06,0,15880,0.06003769487142563,208,3.725290298461914e-09,3240,1.0,0.6,0.6,0.6,0.37499999999999994,0.37499999999999994,0.37499999999999994,3240,1.0,0.6,0.6,0.6,0.37499999999999994,0.37499999999999994,0.37499999999999994,4824,1.0,0.6,0.6000000134110477,0.6000000491465034,0.37499999999999994,0.3750000052386905,0.3750000191978523
75,1.25,True,valid,0.02096290094447699,0.012793322503803823,0.0027535161146995156,0.21673900087476491,0.21644169531799812,0.0222314654593141,0.2194055607160874,0.007107568458781786,0.09090593874404969,0.00011887004480489686,1585.0,2.466151448200536,2.848854584181647e-06,0,15882,0.05750952288508415,208,5.587935447692871e-09,3240,1.0,0.6,0.6,0.6,0.37499999999999994,0.37499999999999994,0.37499999999999994,3240,1.0,0.6,0.6,0.6,0.37499999999999994,0.37499999999999994,0.37499999999999994,4824,1.0,0.6,0.6000000134110477,0.6000000491465034,0.37499999999999994,0.3750000052386905,0.3750000191978523
76,1.2666666666666666,True,valid,0.020542874029492907,0.012204134331642075,0.002536420628703884,0.21029935036612385,0.2108944544448875,0.013713574573482292,0.19756634108985383,0.005855613901583729,0.07955350231237447,0.00011837235000680972,1585.0,3.0411724940016427,2.4003821776592974e-06,0,15858,0.06262242794036865,207,3.725290298461914e-09,3240,1.0,0.6,0.6,0.6,0.37499999999999994,0.37499999999999994,0.37499999999999994,3240,1.0,0.6,0.6,0.6,0.37499999999999994,0.37499999999999994,0.37499999999999994,4824,1.0,0.6,0.6000000134110477,0.6000000491465034,0.37499999999999994,0.3750000052386905,0.3750000191978523
77,1.2833333333333334,True,valid,0.022867966146920826,0.012807623668705928,0.0024949090808898526,0.2037312816990562,0.19253464138587334,0.05079704341950041,0.235453927596553,0.009665794083103783,0.10706811790868688,0.00012141601218551417,1585.0,1.9135625281449136,3.322083825025185e-06,0,15836,0.06797921657562256,207,7.450580596923828e-09,3240,1.0,0.6,0.6,0.6,0.37499999999999994,0.37499999999999994,0.37499999999999994,3240,1.0,0.6,0.6,0.6,0.37499999999999994,0.37499999999999994,0.37499999999999994,4824,1.0,0.6,0.6000000134110477,0.6000000491465034,0.37499999999999994,0.3750000052386905,0.3750000191978523
78,1.3,True,valid,0.027880741395655585,0.01488943199404489,0.0028888388930416262,0.1780771076362058,0.18120982245361555,0.0053814040898340415,0.19210105622137022,0.004717640017260193,0.07029329786662847,0.00012030589514783251,1585.0,0.7731207449251902,2.3390400254862297e-06,0,15745,0.07354094833135605,205,3.725290298461914e-09,3240,1.0,0.6,0.6,0.6,0.37499999999999994,0.37499999999999994,0.37499999999999994,3240,1.0,0.6,0.6,0.6,0.37499999999999994,0.37499999999999994,0.37499999999999994,4824,1.0,0.6,0.6000000134110477,0.6000000491465034,0.37499999999999994,0.3750000052386905,0.3750000191978523
79,1.3166666666666667,True,valid,0.03512185402869869,0.018440302828655587,0.003523166855343382,0.17919528372627122,0.18144733271890057,0.0043954638650024755,0.20117820249739557,0.003902879091382261,0.08031254168513466,0.0001288490545331317,1585.0,0.6536665214851092,2.5205889808280377e-06,0,15632,0.07923945784568787,203,7.450580596923828e-09,3240,1.0,0.6,0.6,0.6,0.37499999999999994,0.37499999999999994,0.37499999999999994,3240,1.0,0.6,0.6,0.6,0.37499999999999994,0.37499999999999994,0.37499999999999994,4824,1.0,0.6,0.6000000134110477,0.6000000491465034,0.37499999999999994,0.3750000052386905,0.3750000191978523
80,1.3333333333333333,True,valid,0.04360135141300043,0.02307136397066722,0.004352738306740965,0.1902241646587838,0.19151832227173732,0.006908732208513853,0.22147976446782253,0.0037818246579042745,0.10708239354208374,0.0001375733625033118,1585.0,1.0808309919759866,2.7270669538147034e-06,0,15627,0.08498848974704742,203,7.450580596923828e-09,3240,1.0,0.6,0.6,0.6,0.37499999999999994,0.37499999999999994,0.37499999999999994,3240,1.0,0.6,0.6,0.6,0.37499999999999994,0.37499999999999994,0.37499999999999994,4824,1.0,0.6,0.6000000134110477,0.6000000491465034,0.37499999999999994,0.3750000052386905,0.3750000191978523
81,1.35,True,valid,0.05236884957985634,0.028163223314030504,0.005228932766600944,0.2638227880899501,0.2460022057712925,0.03540828543062327,0.2738195894087555,0.0077638580052924715,0.20028657301698283,0.00014571528918959882,1585.0,4.463765259114281,2.9739886538323577e-06,0,15504,0.09062282741069794,203,3.725290298461914e-09,3240,1.0,0.6,0.6,0.6,0.37499999999999994,0.37499999999999994,0.37499999999999994,3240,1.0,0.6,0.6,0.6,0.37499999999999994,0.37499999999999994,0.37499999999999994,4824,1.0,0.6,0.6000000134110477,0.6000000491465034,0.37499999999999994,0.3750000052386905,0.3750000191978523
82,1.3666666666666667,True,valid,0.060472374377401904,0.03309055108741603,0.005956717780424665,0.2812403753691151,0.2634851992179394,0.03524385666657456,0.2968044504031973,0.0023883047695311154,0.2091717102273614,0.00015768854651570513,1585.0,6.13063018289197,3.264830309860048e-06,0,15504,0.09598753601312637,202,3.725290298461914e-09,3240,1.0,0.6,0.6,0.6,0.37499999999999994,0.37499999999999994,0.37499999999999994,3240,1.0,0.6,0.6,0.6,0.37499999999999994,0.37499999999999994,0.37499999999999994,4824,1.0,0.6,0.6000000134110477,0.6000000491465034,0.37499999999999994,0.3750000052386905,0.3750000191978523
83,1.3833333333333333,True,valid,0.06693429554661931,0.037336007867875345,0.006474346945331848,0.2423878367295796,0.2417425018740788,0.014985484213726495,0.3060856237923105,0.007343872967620444,0.19004272228814162,0.0001698149589974016,1585.0,1.3618946430033407,3.5193481958467436e-06,0,15504,0.10122686624526978,201,3.725290298461914e-09,3240,1.0,0.6,0.6,0.6,0.37499999999999994,0.37499999999999994,0.37499999999999994,3240,1.0,0.6,0.6,0.6,0.37499999999999994,0.37499999999999994,0.37499999999999994,4824,1.0,0.6,0.6000000134110477,0.6000000491465034,0.37499999999999994,0.3750000052386905,0.3750000191978523
84,1.4,True,valid,0.07096678722309338,0.04057271626072383,0.0068701344794959976,0.27211423457226175,0.26839694535467,0.03181610423324279,0.33604341772632146,0.004517254464306314,0.231344048418199,0.00017297988728345805,1585.0,3.9263745537438806,3.7672713187190465e-06,0,15736,0.1062806248664856,200,7.450580596923828e-09,3240,1.0,0.6,0.6,0.6,0.37499999999999994,0.37499999999999994,0.37499999999999994,3240,1.0,0.6,0.6,0.6,0.37499999999999994,0.37499999999999994,0.37499999999999994,4824,1.0,0.6,0.6000000134110477,0.6000000491465034,0.37499999999999994,0.3750000052386905,0.3750000191978523
85,1.4166666666666667,True,valid,0.07234482378671439,0.042635175100754374,0.007017212029905183,0.28912880896122733,0.285205243152389,0.02506760085154948,0.33854607707496837,0.004262678902419214,0.2360496252251995,0.00016965072517424775,1585.0,4.634011443655577,3.6382939684894903e-06,0,16401,0.11080814898014069,199,3.725290298461914e-09,3240,1.0,0.6,0.6,0.6,0.37499999999999994,0.37499999999999994,0.37499999999999994,3240,1.0,0.6,0.6,0.6,0.37499999999999994,0.37499999999999994,0.37499999999999994,4824,1.0,0.6,0.6000000134110477,0.6000000491465034,0.37499999999999994,0.3750000052386905,0.3750000191978523
86,1.4333333333333333,True,valid,0.07113551030693835,0.04356925097761075,0.006874687443144782,0.2688068894750312,0.2699140687687559,0.004075715651188052,0.3453972156844373,0.0031752768064147023,0.19934032249423803,0.00016810437653666532,1585.0,1.132613351839724,3.5403337245175517e-06,0,16811,0.11466596275568008,199,3.725290298461914e-09,3240,1.0,0.6,0.6,0.6,0.37499999999999994,0.37499999999999994,0.37499999999999994,3240,1.0,0.6,0.6,0.6,0.37499999999999994,0.37499999999999994,0.37499999999999994,4824,1.0,0.6,0.6000000134110477,0.6000000491465034,0.37499999999999994,0.3750000052386905,0.3750000191978523
87,1.45,True,valid,0.06766824099959086,0.04356481362527684,0.006621666319737944,0.2815263772498955,0.28092971658876276,0.029904233674210016,0.3462951764805964,0.007672850694481857,0.19290007800201625,0.00016089254923814798,1585.0,1.9985469153258517,3.4270561377742976e-06,0,17069,0.11765643209218979,199,7.450580596923828e-09,3240,1.0,0.6,0.6,0.6,0.37499999999999994,0.37499999999999994,0.37499999999999994,3240,1.0,0.6,0.6,0.6,0.37499999999999994,0.37499999999999994,0.37499999999999994,4824,1.0,0.6,0.6000000134110477,0.6000000491465034,0.37499999999999994,0.3750000052386905,0.3750000191978523
88,1.4666666666666666,True,valid,0.06268488331087077,0.04291886198127293,0.006173804126289633,0.2826869730256327,0.28581136007840635,0.00961839895743305,0.3476929167592533,0.005510337958721204,0.19394038537000843,0.00015384283310765245,1585.0,1.1061473927989298,3.2493435569245263e-06,0,17234,0.11937481164932251,200,3.725290298461914e-09,3240,1.0,0.6,0.6,0.6,0.37499999999999994,0.37499999999999994,0.37499999999999994,3240,1.0,0.6,0.6,0.6,0.37499999999999994,0.37499999999999994,0.37499999999999994,4824,1.0,0.6,0.6000000134110477,0.6000000491465034,0.37499999999999994,0.3750000052386905,0.3750000191978523
89,1.4833333333333334,True,valid,0.056960167723949365,0.0420129182832191,0.0056384046118999965,0.37330056038919485,0.36921639129510736,0.02121255153774593,0.3509201979842286,0.007926176275004637,0.300250824078862,0.0001505927700969916,1585.0,8.224585482931728,3.4983980817530694e-06,0,17401,0.11992855370044708,201,7.450580596923828e-09,3240,1.0,0.6,0.6,0.6,0.37499999999999994,0.37499999999999994,0.37499999999999994,3240,1.0,0.6,0.6,0.6,0.37499999999999994,0.37499999999999994,0.37499999999999994,4824,1.0,0.6,0.6000000134110477,0.6000000491465034,0.37499999999999994,0.3750000052386905,0.3750000191978523
90,1.5,True,valid,0.051299203545689315,0.041001585006286485,0.005219159532040693,0.3372285338327115,0.3363000086819935,0.026627696397894564,0.3641127575062882,0.008226155713986839,0.21445333810924733,0.00015044449381955161,1585.0,3.439042988292377,3.647684870478073e-06,0,17479,0.11898736655712128,202,3.725290298461914e-09,3240,1.0,0.6,0.6,0.6,0.37499999999999994,0.37499999999999994,0.37499999999999994,3240,1.0,0.6,0.6,0.6,0.37499999999999994,0.37499999999999994,0.37499999999999994,4824,1.0,0.6,0.6000000134110477,0.6000000491465034,0.37499999999999994,0.3750000052386905,0.3750000191978523
91,1.5166666666666666,True,valid,0.0463856384173627,0.04011548027350344,0.004856590115925753,0.3296160760336205,0.3360719071446649,0.010867636954159746,0.3833746835513152,0.009068247373234094,0.1940632685826875,0.000154612091688986,1585.0,1.621129070195274,3.269198916911318e-06,0,17512,0.11659654974937439,203,1.862645149230957e-09,3240,1.0,0.6,0.6,0.6,0.37499999999999994,0.37499999999999994,0.37499999999999994,3240,1.0,0.6,0.6,0.6,0.37499999999999994,0.37499999999999994,0.37499999999999994,4824,1.0,0.6,0.6000000134110477,0.6000000491465034,0.37499999999999994,0.3750000052386905,0.3750000191978523
92,1.5333333333333334,True,valid,0.0425946409683049,0.03928412235972153,0.004664344243471959,0.35717772562619143,0.3635929796258028,0.016233288611755374,0.4043033910346288,0.010512466246253729,0.20085147147802693,0.00016334559033344962,1585.0,1.8145994438729054,3.4644181289393497e-06,0,17525,0.11264102905988693,203,3.725290298461914e-09,3240,1.0,0.6,0.6,0.6,0.37499999999999994,0.37499999999999994,0.37499999999999994,3240,1.0,0.6,0.6,0.6,0.37499999999999994,0.37499999999999994,0.37499999999999994,4824,1.0,0.6,0.6000000134110477,0.6000000491465034,0.37499999999999994,0.3750000052386905,0.3750000191978523
93,1.55,True,valid,0.03986004908563434,0.03847756669571372,0.004648147901025911,0.3817553481002644,0.3903125856209827,0.011618346553674287,0.4141768148256461,0.012102672878129099,0.16220175705578338,0.0001744847363335967,1585.0,2.0076542193757057,3.6565398638340394e-06,0,17529,0.10729876160621643,202,2.7939677238464355e-09,3240,1.0,0.6,0.6,0.6,0.37499999999999994,0.37499999999999994,0.37499999999999994,3240,1.0,0.6,0.6,0.6,0.37499999999999994,0.37499999999999994,0.37499999999999994,4824,1.0,0.6,0.6000000134110477,0.6000000491465034,0.37499999999999994,0.3750000052386905,0.3750000191978523
94,1.5666666666666667,True,valid,0.03798429988587104,0.03753951917006862,0.004749676922566934,0.40916779254178204,0.41844386425237845,0.012232520305781558,0.42185142627220107,0.012247163337491783,0.09947989651202925,0.00018563057431780937,1585.0,2.1725294999327516,3.865308310510092e-06,0,17539,0.10095924139022827,203,2.7939677238464355e-09,3240,1.0,0.6,0.6,0.6,0.37499999999999994,0.37499999999999994,0.37499999999999994,3240,1.0,0.6,0.6,0.6,0.37499999999999994,0.37499999999999994,0.37499999999999994,4824,1.0,0.6,0.6000000134110477,0.6000000491465034,0.37499999999999994,0.3750000052386905,0.3750000191978523
95,1.5833333333333333,True,valid,0.03701177533913398,0.03631985917380288,0.004954513572605068,0.43587992502676204,0.44588916028106385,0.013240031657451776,0.4406068503248116,0.01309299316860964,0.05458795383545359,0.00019704290269094296,1585.0,2.294874632543803,4.119146170045692e-06,0,17546,0.09355616569519043,203,2.9103830456733704e-09,3240,1.0,0.6,0.6,0.6,0.37499999999999994,0.37499999999999994,0.37499999999999994,3240,1.0,0.6,0.6,0.6,0.37499999999999994,0.37499999999999994,0.37499999999999994,4824,1.0,0.6,0.6000000134110477,0.6000000491465034,0.37499999999999994,0.3750000052386905,0.3750000191978523
96,1.6,True,valid,0.03725496516122744,0.034854818335672354,0.005272697273573866,0.46687018347267795,0.47717810076151557,0.016496746177878965,0.46985258800048724,0.015060082808593873,0.07864280449509702,0.00020828339300276222,1585.0,2.4277614230540996,4.4113147724434245e-06,0,17542,0.08502884954214096,201,3.259629011154175e-09,3240,1.0,0.6,0.6,0.6,0.37499999999999994,0.37499999999999994,0.37499999999999994,3240,1.0,0.6,0.6,0.6,0.37499999999999994,0.37499999999999994,0.37499999999999994,4824,1.0,0.6,0.6000000134110477,0.6000000491465034,0.37499999999999994,0.3750000052386905,0.3750000191978523
97,1.6166666666666667,True,valid,0.03894002520508125,0.03307606625366604,0.00554438390265774,0.47096390062845145,0.4807560751798483,0.02371906926855095,0.4848820121308312,0.014898408221731115,0.12706701235280302,0.00021135908951620306,1585.0,2.343557253068799,4.770953097948158e-06,0,17504,0.07530753314495087,201,2.7939677238464355e-09,3240,1.0,0.6,0.6,0.6,0.37499999999999994,0.37499999999999994,0.37499999999999994,3240,1.0,0.6,0.6,0.6,0.37499999999999994,0.37499999999999994,0.37499999999999994,4824,1.0,0.6,0.6000000134110477,0.6000000491465034,0.37499999999999994,0.3750000052386905,0.3750000191978523
98,1.6333333333333333,True,valid,0.04234586179171222,0.03127384858424953,0.0058923396375085355,0.4743366717125719,0.48510914639273806,0.014877252557656295,0.4853162123378524,0.013882006509835365,0.09187367456003127,0.00020782958502602882,1585.0,2.313660378104514,4.381970078255136e-06,0,17433,0.06438234448432922,199,5.587935447692871e-09,3240,1.0,0.6,0.6,0.6,0.37499999999999994,0.37499999999999994,0.37499999999999994,3240,1.0,0.6,0.6,0.6,0.37499999999999994,0.37499999999999994,0.37499999999999994,4824,1.0,0.6,0.6000000134110477,0.6000000491465034,0.37499999999999994,0.3750000052386905,0.3750000191978523
99,1.65,True,valid,0.04733367760584954,0.029947283929524327,0.006248625624578366,0.4819030633099304,0.4891157685923667,0.03325303482303252,0.48711518408802,0.014706053512358671,0.12469078809266357,0.000209679326259118,1585.0,3.308366421391812,4.454838620294941e-06,0,17316,0.061315201222896576,198,1.862645149230957e-09,3240,1.0,0.6,0.6,0.6,0.37499999999999994,0.37499999999999994,0.37499999999999994,3240,1.0,0.6,0.6,0.6,0.37499999999999994,0.37499999999999994,0.37499999999999994,4824,1.0,0.6,0.6000000134110477,0.6000000491465034,0.37499999999999994,0.3750000052386905,0.3750000191978523
100,1.6666666666666667,True,valid,0.05312071632771898,0.02980436121140195,0.006614580987846698,0.5821123439295103,0.560416430029296,0.07406371673273046,0.5111408621670337,0.017123332571069915,0.30975994855655514,0.0002159182091637234,1585.0,12.34208611643894,4.874077122452899e-06,0,16998,0.07416047155857086,199,5.587935447692871e-09,3240,1.0,0.6,0.6,0.6,0.37499999999999994,0.37499999999999994,0.37499999999999994,3240,1.0,0.6,0.6,0.6,0.37499999999999994,0.37499999999999994,0.37499999999999994,4824,1.0,0.6,0.6000000134110477,0.6000000491465034,0.37499999999999994,0.3750000052386905,0.3750000191978523
101,1.6833333333333333,True,valid,0.05885248167115582,0.031103359310508415,0.007023737264989159,0.5190122000790931,0.5204198718441353,0.0361807678409313,0.498385522370421,0.01519661010162202,0.26418249391762216,0.00021566558946061005,1585.0,8.396236170210132,4.69540661912562e-06,0,16027,0.08860187977552414,202,7.450580596923828e-09,3240,1.0,0.6,0.6,0.6,0.37499999999999994,0.37499999999999994,0.37499999999999994,3240,1.0,0.6,0.6,0.6,0.37499999999999994,0.37499999999999994,0.37499999999999994,4824,1.0,0.6,0.6000000134110477,0.6000000491465034,0.37499999999999994,0.3750000052386905,0.3750000191978523
102,1.7,True,valid,0.0639296858617092,0.03367821199392919,0.0073510727775431915,0.4809813115273199,0.48610828466916645,0.020984016308202902,0.4914393075441457,0.01172159332339954,0.17660085217164553,0.0002232690433484927,1585.0,4.951519841588456,4.7156004291391395e-06,0,15806,0.10338713228702545,200,7.450580596923828e-09,3240,1.0,0.6,0.6,0.6,0.37499999999999994,0.37499999999999994,0.37499999999999994,3240,1.0,0.6,0.6,0.6,0.37499999999999994,0.37499999999999994,0.37499999999999994,4824,1.0,0.6,0.6000000134110477,0.6000000491465034,0.37499999999999994,0.3750000052386905,0.3750000191978523
103,1.7166666666666666,True,valid,0.06777724717134673,0.037015852150294376,0.0075543121730218595,0.458414931555168,0.46427207433148976,0.024380911901991213,0.48832909377842687,0.011173035427028811,0.18161199412041612,0.00022260148586966737,1585.0,2.2095109496999905,4.769806649209525e-06,0,15764,0.11856647580862045,200,7.450580596923828e-09,3240,1.0,0.6,0.6,0.6,0.37499999999999994,0.37499999999999994,0.37499999999999994,3240,1.0,0.6,0.6,0.6,0.37499999999999994,0.37499999999999994,0.37499999999999994,4824,1.0,0.6,0.6000000134110477,0.6000000491465034,0.37499999999999994,0.3750000052386905,0.3750000191978523
104,1.7333333333333334,True,valid,0.07017054638020741,0.04049069919483755,0.007473646503133859,0.45714284887154,0.4623124967876349,0.014386656700695683,0.467456552428881,0.010728750656986858,0.23170672284088054,0.00023038354073229132,1585.0,4.569024073844242,4.7946847270952685e-06,0,15949,0.1339685171842575,197,3.725290298461914e-09,3240,1.0,0.6,0.6,0.6,0.37499999999999994,0.37499999999999994,0.37499999999999994,3240,1.0,0.6,0.6,0.6,0.37499999999999994,0.37499999999999994,0.37499999999999994,4824,1.0,0.6,0.6000000134110477,0.6000000491465034,0.37499999999999994,0.3750000052386905,0.3750000191978523
105,1.75,True,valid,0.07083454771986315,0.04378972004965579,0.007229465577890362,0.4088461705733153,0.41402514330414397,0.029242970840640863,0.4473807919971752,0.009431369407806423,0.16289133985273904,0.00022310033205798116,1585.0,1.547654879474565,4.674899715122408e-06,0,16692,0.14881281554698944,200,3.725290298461914e-09,3240,1.0,0.6,0.6,0.6,0.37499999999999994,0.37499999999999994,0.37499999999999994,3240,1.0,0.6,0.6,0.6,0.37499999999999994,0.37499999999999994,0.37499999999999994,4824,1.0,0.6,0.6000000134110477,0.6000000491465034,0.37499999999999994,0.3750000052386905,0.3750000191978523
106,1.7666666666666666,True,valid,0.06991072616512492,0.04676889936763474,0.006938016901917925,0.3767923042866529,0.3826566099450885,0.01226778802595988,0.41730662440071087,0.008431961002369693,0.15906811070068103,0.00022030887386965557,1585.0,1.3714700313095889,4.520662315599534e-06,0,17046,0.1627347469329834,199,7.450580596923828e-09,3240,1.0,0.6,0.6,0.6,0.37499999999999994,0.37499999999999994,0.37499999999999994,3240,1.0,0.6,0.6,0.6,0.37499999999999994,0.37499999999999994,0.37499999999999994,4824,1.0,0.6,0.6000000134110477,0.6000000491465034,0.37499999999999994,0.3750000052386905,0.3750000191978523
107,1.7833333333333334,True,valid,0.06782805259329358,0.04964541385255572,0.006439903873402195,0.39243972099988195,0.3857308954541315,0.03943378844821539,0.3795356658700539,0.009430186688989962,0.20858963153496707,0.00020619815289636632,1585.0,5.0522828102949715,4.3083206115359874e-06,0,17272,0.17535723745822906,196,7.450580596923828e-09,3240,1.0,0.6,0.6,0.6,0.37499999999999994,0.37499999999999994,0.37499999999999994,3240,1.0,0.6,0.6,0.6,0.37499999999999994,0.37499999999999994,0.37499999999999994,4824,1.0,0.6,0.6000000134110477,0.6000000491465034,0.37499999999999994,0.3750000052386905,0.3750000191978523
108,1.8,True,valid,0.06506959419458014,0.052383298344555004,0.005796786040296316,0.3039374903765622,0.30801224419931306,0.009153323486935178,0.33503505053643384,0.006505382507973322,0.13731179918461608,0.00020066114309466593,1585.0,1.3622043349773418,4.032825920412756e-06,0,17417,0.1867750585079193,197,7.450580596923828e-09,3240,1.0,0.6,0.6,0.6,0.37499999999999994,0.37499999999999994,0.37499999999999994,3240,1.0,0.6,0.6,0.6,0.37499999999999994,0.37499999999999994,0.37499999999999994,4824,1.0,0.6,0.6000000134110477,0.6000000491465034,0.37499999999999994,0.3750000052386905,0.3750000191978523
109,1.8166666666666667,True,valid,0.061973231862536046,0.05517071127250565,0.005171084977761947,0.2835434898411676,0.279757356475603,0.023863314252885577,0.2848154202596796,0.006434311838604822,0.13608203301495048,0.00017784710860573312,1585.0,4.019816030997894,3.5859804170911433e-06,0,17512,0.19699710607528687,201,7.450580596923828e-09,3240,1.0,0.6,0.6,0.6,0.37499999999999994,0.37499999999999994,0.37499999999999994,3240,1.0,0.6,0.6,0.6,0.37499999999999994,0.37499999999999994,0.37499999999999994,4824,1.0,0.6,0.6000000134110477,0.6000000491465034,0.37499999999999994,0.3750000052386905,0.3750000191978523
110,1.8333333333333333,True,valid,0.059176843056475706,0.05784356438279594,0.004530293294685463,0.221611572756341,0.22366685321642463,0.008746313342989712,0.26082452932521394,0.0075898689994913435,0.13627759481773266,0.00016505540981645342,1585.0,1.2295580819747174,3.261023966013463e-06,0,17604,0.20523624122142792,201,7.450580596923828e-09,3240,1.0,0.6,0.6,0.6,0.37499999999999994,0.37499999999999994,0.37499999999999994,3240,1.0,0.6,0.6,0.6,0.37499999999999994,0.37499999999999994,0.37499999999999994,4824,1.0,0.6,0.6000000134110477,0.6000000491465034,0.37499999999999994,0.3750000052386905,0.3750000191978523
111,1.85,True,valid,0.05687622920080757,0.06027657273214283,0.004080199264110848,0.18228065908984034,0.1837462741498374,0.004761543546383891,0.22974922476677986,0.0030793927928272707,0.1313303386988781,0.00014656785916267114,1585.0,0.7078207879622261,2.8769959871034423e-06,0,17692,0.2108728140592575,202,7.450580596923828e-09,3240,1.0,0.6,0.6,0.6,0.37499999999999994,0.37499999999999994,0.37499999999999994,3240,1.0,0.6,0.6,0.6,0.37499999999999994,0.37499999999999994,0.37499999999999994,4824,1.0,0.6,0.6000000134110477,0.6000000491465034,0.37499999999999994,0.3750000052386905,0.3750000191978523
112,1.8666666666666667,True,valid,0.05521031656681782,0.062215910928612464,0.003859396825091168,0.1488853229179917,0.14965955998612418,0.003050225792393762,0.23815315837180376,0.0018996771075092118,0.17840789457360315,0.00013251889932454255,1585.0,0.6251619034203943,2.578532997365912e-06,0,17754,0.2147989124059677,202,7.450580596923828e-09,3240,1.0,0.6,0.6,0.6,0.37499999999999994,0.37499999999999994,0.37499999999999994,3240,1.0,0.6,0.6,0.6,0.37499999999999994,0.37499999999999994,0.37499999999999994,4824,1.0,0.6,0.6000000134110477,0.6000000491465034,0.37499999999999994,0.3750000052386905,0.3750000191978523
113,1.8833333333333333,True,valid,0.05414100520976698,0.06335013078153458,0.0038417771934268164,0.13320932779412964,0.1333842839075679,0.002726155500682992,0.21649823696995932,0.00076113075186034,0.16027796124465413,0.00011389491350141724,1585.0,0.5604840252664813,2.220206932817725e-06,0,17792,0.2168731689453125,198,7.450580596923828e-09,3240,1.0,0.6,0.6,0.6,0.37499999999999994,0.37499999999999994,0.37499999999999994,3240,1.0,0.6,0.6,0.6,0.37499999999999994,0.37499999999999994,0.37499999999999994,4824,1.0,0.6,0.6000000134110477,0.6000000491465034,0.37499999999999994,0.3750000052386905,0.3750000191978523
114,1.9,True,valid,0.0535158620126966,0.06346573179519181,0.0039205429997333525,0.23171957115516076,0.1969315552204572,0.05764143064187883,0.29468165175362926,0.010887497356631344,0.29010551357381675,0.00010821821572710758,1585.0,4.23839854768545,4.013386628283044e-06,0,17796,0.21705792844295502,198,7.450580596923828e-09,3240,1.0,0.6,0.6,0.6,0.37499999999999994,0.37499999999999994,0.37499999999999994,3240,1.0,0.6,0.6,0.6,0.37499999999999994,0.37499999999999994,0.37499999999999994,4824,1.0,0.6,0.6000000134110477,0.6000000491465034,0.37499999999999994,0.3750000052386905,0.3750000191978523
115,1.9166666666666667,True,valid,0.05341115188897406,0.06244240375634103,0.0040504479744034785,0.1665812497908465,0.15973677307259015,0.03494606771692077,0.24992554101446204,0.006813243136796799,0.19055882416359848,0.00011116745610576562,1585.0,1.4341131011057393,4.061966896432469e-06,0,17796,0.21555963158607483,199,7.450580596923828e-09,3240,1.0,0.6,0.6,0.6,0.37499999999999994,0.37499999999999994,0.37499999999999994,3240,1.0,0.6,0.6,0.6,0.37499999999999994,0.37499999999999994,0.37499999999999994,4824,1.0,0.6,0.6000000134110477,0.6000000491465034,0.37499999999999994,0.3750000052386905,0.3750000191978523
116,1.9333333333333333,True,valid,0.0537771505795385,0.060240810123121054,0.0042198673472881205,0.19291544320060386,0.19065046227946855,0.02323678267389511,0.24327306973189797,0.009889856333748066,0.13398554859415876,0.00011542856862839675,1585.0,1.0119538696479724,3.3492109451311193e-06,0,17788,0.21203237771987915,201,7.450580596923828e-09,3240,1.0,0.6,0.6,0.6,0.37499999999999994,0.37499999999999994,0.37499999999999994,3240,1.0,0.6,0.6,0.6,0.37499999999999994,0.37499999999999994,0.37499999999999994,4824,1.0,0.6,0.6000000134110477,0.6000000491465034,0.37499999999999994,0.3750000052386905,0.3750000191978523
117,1.95,True,valid,0.054762046117405136,0.057093690388166876,0.004457306674806208,0.21103151718176488,0.2130049542108912,0.009688531783557457,0.24726523695588895,0.005090506416599572,0.11648134571044186,0.0001227665948872319,1585.0,0.8827300753859819,2.5743716201010437e-06,0,17742,0.20628464221954346,201,7.450580596923828e-09,3240,1.0,0.6,0.6,0.6,0.37499999999999994,0.37499999999999994,0.37499999999999994,3240,1.0,0.6,0.6,0.6,0.37499999999999994,0.37499999999999994,0.37499999999999994,4824,1.0,0.6,0.6000000134110477,0.6000000491465034,0.37499999999999994,0.3750000052386905,0.3750000191978523
118,1.9666666666666666,True,valid,0.056341164493954245,0.05348813149858669,0.004935512307198216,0.2666683621929224,0.26705019783746153,0.01811152309897625,0.27569149592118525,0.006578570938035508,0.11213114005137167,0.00013481178814523734,1585.0,1.8743198496970421,3.045665785484545e-06,0,17686,0.19859766960144043,202,7.450580596923828e-09,3240,1.0,0.6,0.6,0.6,0.37499999999999994,0.37499999999999994,0.37499999999999994,3240,1.0,0.6,0.6,0.6,0.37499999999999994,0.37499999999999994,0.37499999999999994,4824,1.0,0.6,0.6000000134110477,0.6000000491465034,0.37499999999999994,0.3750000052386905,0.3750000191978523
119,1.9833333333333334,True,valid,0.058500094091281485,0.04983581274616113,0.0054562887226877336,0.28870654351744585,0.29214643899938236,0.015520743483638865,0.32064384771775845,0.00748666269429902,0.12577172563086345,0.00014632893272732483,1585.0,1.2743050981067754,3.1381187927103024e-06,0,17600,0.18910133838653564,202,3.725290298461914e-09,3240,1.0,0.6,0.6,0.6,0.37499999999999994,0.37499999999999994,0.37499999999999994,3240,1.0,0.6,0.6,0.6,0.37499999999999994,0.37499999999999994,0.37499999999999994,4824,1.0,0.6,0.6000000134110477,0.6000000491465034,0.37499999999999994,0.3750000052386905,0.3750000191978523
120,2.0,True,valid,0.06106730092107091,0.046449074650839445,0.0060141706310101566,0.331544246367698,0.33407497104740974,0.0261002101189515,0.3626056678278419,0.009847595355062504,0.1467194959026301,0.00016033931159962345,1585.0,1.4909275440776024,3.447511538673874e-06,0,17510,0.17790773510932922,202,3.725290298461914e-09,3240,1.0,0.6,0.6,0.6,0.37499999999999994,0.37499999999999994,0.37499999999999994,3240,1.0,0.6,0.6,0.6,0.37499999999999994,0.37499999999999994,0.37499999999999994,4824,1.0,0.6,0.6000000134110477,0.6000000491465034,0.37499999999999994,0.3750000052386905,0.3750000191978523
121,2.0166666666666666,True,valid,0.0637724114375597,0.04341398133430735,0.006532660981093719,0.4029530877103691,0.3946775336269665,0.048577667388902124,0.41235698334783355,0.009821020742859532,0.1882862002546676,0.00017276312241609778,1585.0,4.529556869941406,3.8033625364959733e-06,0,17406,0.1653108447790146,200,3.725290298461914e-09,3240,1.0,0.6,0.6,0.6,0.37499999999999994,0.37499999999999994,0.37499999999999994,3240,1.0,0.6,0.6,0.6,0.37499999999999994,0.37499999999999994,0.37499999999999994,4824,1.0,0.6,0.6000000134110477,0.6000000491465034,0.37499999999999994,0.3750000052386905,0.3750000191978523
122,2.033333333333333,True,valid,0.06610289101834962,0.0407990515432087,0.006905064172765408,0.41229212382531694,0.4130995783913716,0.03160393451809644,0.43807073074759634,0.011514566207038463,0.16523346538958608,0.0001891640068907635,1585.0,3.5493449309556686,4.0722489888531595e-06,0,17278,0.15157651901245117,198,7.450580596923828e-09,3240,1.0,0.6,0.6,0.6,0.37499999999999994,0.37499999999999994,0.37499999999999994,3240,1.0,0.6,0.6,0.6,0.37499999999999994,0.37499999999999994,0.37499999999999994,4824,1.0,0.6,0.6000000134110477,0.6000000491465034,0.37499999999999994,0.3750000052386905,0.3750000191978523
123,2.05,True,valid,0.06740802103055044,0.03846859346978849,0.007219159687800127,0.4539472117872829,0.45233705164124643,0.039763252591047495,0.47006972565359356,0.011629728712205722,0.17979958719235706,0.0002019250961951132,1585.0,3.3489528793502097,4.447834880991645e-06,0,17086,0.13687191903591156,199,3.725290298461914e-09,3240,1.0,0.6,0.6,0.6,0.37499999999999994,0.37499999999999994,0.37499999999999994,3240,1.0,0.6,0.6,0.6,0.37499999999999994,0.37499999999999994,0.37499999999999994,4824,1.0,0.6,0.6000000134110477,0.6000000491465034,0.37499999999999994,0.3750000052386905,0.3750000191978523
124,2.066666666666667,True,valid,0.06744483243271451,0.03630507999109238,0.007425937489723652,0.4859022082593528,0.4864016103282416,0.032145865566196585,0.49387178506788226,0.013433766712518815,0.24593228391361102,0.00021081845819648245,1585.0,5.489278258014012,4.4686808886152655e-06,0,16684,0.12132523208856583,198,7.450580596923828e-09,3240,1.0,0.6,0.6,0.6,0.37499999999999994,0.37499999999999994,0.37499999999999994,3240,1.0,0.6,0.6,0.6,0.37499999999999994,0.37499999999999994,0.37499999999999994,4824,1.0,0.6,0.6000000134110477,0.6000000491465034,0.37499999999999994,0.3750000052386905,0.3750000191978523
125,2.0833333333333335,True,valid,0.0661863337579277,0.03455302683282536,0.007438538369809355,0.4743763562129844,0.4830143265261255,0.013283124268184883,0.5199343551048928,0.012038322265573812,0.22066383115787205,0.00021637641741264907,1585.0,2.160529258990093,4.542409530610931e-06,0,15901,0.10534126311540604,199,3.725290298461914e-09,3240,1.0,0.6,0.6,0.6,0.37499999999999994,0.37499999999999994,0.37499999999999994,3240,1.0,0.6,0.6,0.6,0.37499999999999994,0.37499999999999994,0.37499999999999994,4824,1.0,0.6,0.6000000134110477,0.6000000491465034,0.37499999999999994,0.3750000052386905,0.3750000191978523
126,2.1,True,valid,0.0637796622693635,0.03356102195299458,0.007231105653249132,0.48073933564068244,0.4902170562794445,0.016287695300919978,0.5247574063230676,0.012694899122120521,0.1947160490506435,0.00022677762584855923,1585.0,2.2160544156248783,4.72312668147233e-06,0,15794,0.0892932116985321,196,5.587935447692871e-09,3240,1.0,0.6,0.6,0.6,0.37499999999999994,0.37499999999999994,0.37499999999999994,3240,1.0,0.6,0.6,0.6,0.37499999999999994,0.37499999999999994,0.37499999999999994,4824,1.0,0.6,0.6000000134110477,0.6000000491465034,0.37499999999999994,0.3750000052386905,0.3750000191978523
127,2.1166666666666667,True,valid,0.06047303166162363,0.033821342400806954,0.006899479690343845,0.4971469563794486,0.5054030795870713,0.018722821343314353,0.5199636525388783,0.013068378100688414,0.19043207913035223,0.00023014055159012206,1585.0,3.5572384120883878,4.736576262869295e-06,0,15806,0.07347998768091202,198,5.587935447692871e-09,3240,1.0,0.6,0.6,0.6,0.37499999999999994,0.37499999999999994,0.37499999999999994,3240,1.0,0.6,0.6,0.6,0.37499999999999994,0.37499999999999994,0.37499999999999994,4824,1.0,0.6,0.6000000134110477,0.6000000491465034,0.37499999999999994,0.3750000052386905,0.3750000191978523
128,2.1333333333333333,True,valid,0.05668788631750645,0.035565252121462075,0.006482429873052942,0.51170285731501,0.5180051360759466,0.03736590753593884,0.5414820085447343,0.023860130856627665,0.25111041148571206,0.00023754841099836438,1585.0,3.9560509173318255,5.885361699588803e-06,0,16106,0.058154016733169556,199,3.725290298461914e-09,3240,1.0,0.6,0.6,0.6,0.37499999999999994,0.37499999999999994,0.37499999999999994,3240,1.0,0.6,0.6,0.6,0.37499999999999994,0.37499999999999994,0.37499999999999994,4824,1.0,0.6,0.6000000134110477,0.6000000491465034,0.37499999999999994,0.3750000052386905,0.3750000191978523
129,2.15,True,valid,0.05289703147359328,0.03844074308975984,0.006133070749496844,0.5089822497837094,0.5161074563441932,0.026629054003091162,0.5174864488801155,0.015951255787236784,0.1678681240220534,0.00023774123639356604,1585.0,4.341685507152966,4.897786382274255e-06,0,17006,0.07116689532995224,199,3.725290298461914e-09,3240,1.0,0.6,0.6,0.6,0.37499999999999994,0.37499999999999994,0.37499999999999994,3240,1.0,0.6,0.6,0.6,0.37499999999999994,0.37499999999999994,0.37499999999999994,4824,1.0,0.6,0.6000000134110477,0.6000000491465034,0.37499999999999994,0.3750000052386905,0.3750000191978523
130,2.1666666666666665,True,valid,0.049740492004124316,0.04177006933000337,0.005645038397470854,0.4954042786825779,0.5042719987396224,0.032113165158759394,0.505618217466044,0.020834901885053658,0.13378188283291598,0.0002450489149642402,1585.0,2.374808321915354,5.094089419514633e-06,0,17345,0.08459865301847458,198,3.026798367500305e-09,3240,1.0,0.6,0.6,0.6,0.37499999999999994,0.37499999999999994,0.37499999999999994,3240,1.0,0.6,0.6,0.6,0.37499999999999994,0.37499999999999994,0.37499999999999994,4824,1.0,0.6,0.6000000134110477,0.6000000491465034,0.37499999999999994,0.3750000052386905,0.3750000191978523
131,2.183333333333333,True,valid,0.047326276716956536,0.04515533148441073,0.005268024812852929,0.5120069507730182,0.5103246370956178,0.05201988906719082,0.5081564454189873,0.01735113845925372,0.14450581400079113,0.0002456755136564453,1585.0,5.253884448004931,5.108854220094432e-06,0,17490,0.09705379605293274,197,3.4924596548080444e-09,3240,1.0,0.6,0.6,0.6,0.37499999999999994,0.37499999999999994,0.37499999999999994,3240,1.0,0.6,0.6,0.6,0.37499999999999994,0.37499999999999994,0.37499999999999994,4824,1.0,0.6,0.6000000134110477,0.6000000491465034,0.37499999999999994,0.3750000052386905,0.3750000191978523
132,2.2,True,valid,0.045903647477824855,0.04804592730617133,0.005076883311168203,0.531538274584743,0.5212318019054315,0.05997278331792996,0.4946440045667506,0.016541026645826497,0.16966492316902806,0.000243607650858954,1585.0,7.400272033003647,5.28243801290695e-06,0,17562,0.10806304961442947,197,2.7939677238464355e-09,3240,1.0,0.6,0.6,0.6,0.37499999999999994,0.37499999999999994,0.37499999999999994,3240,1.0,0.6,0.6,0.6,0.37499999999999994,0.37499999999999994,0.37499999999999994,4824,1.0,0.6,0.6000000134110477,0.6000000491465034,0.37499999999999994,0.3750000052386905,0.3750000191978523
133,2.216666666666667,True,valid,0.04559128691377954,0.04987127045372962,0.004882216278426107,0.4741825377109145,0.4826864957022655,0.03407159291412988,0.47939415334654223,0.014351321397281075,0.05881735079460733,0.0002464890578296603,1585.0,2.3855006614197842,5.0425584367988006e-06,0,17607,0.11759493499994278,200,1.862645149230957e-09,3240,1.0,0.6,0.6,0.6,0.37499999999999994,0.37499999999999994,0.37499999999999994,3240,1.0,0.6,0.6,0.6,0.37499999999999994,0.37499999999999994,0.37499999999999994,4824,1.0,0.6,0.6000000134110477,0.6000000491465034,0.37499999999999994,0.3750000052386905,0.3750000191978523
134,2.2333333333333334,True,valid,0.045772064886990003,0.050873558617503985,0.004676652215186184,0.4550514449507203,0.4649522277900247,0.02124052911493052,0.4617023439059754,0.018504519710470582,0.08692225512066333,0.00024106963134304797,1585.0,2.3589943554640938,4.99835504704963e-06,0,17642,0.12591314315795898,200,1.862645149230957e-09,3240,1.0,0.6,0.6,0.6,0.37499999999999994,0.37499999999999994,0.37499999999999994,3240,1.0,0.6,0.6,0.6,0.37499999999999994,0.37499999999999994,0.37499999999999994,4824,1.0,0.6,0.6000000134110477,0.6000000491465034,0.37499999999999994,0.3750000052386905,0.3750000191978523
135,2.25,True,valid,0.04643396620046959,0.050826437118550595,0.004751036817935218,0.4537833323596503,0.4623209049291888,0.02065203532318745,0.4582565200167288,0.0317026665774876,0.11492112042503888,0.00024210011411164275,1585.0,2.79415669998933,5.355634291763101e-06,0,17670,0.132914200425148,198,7.450580596923828e-09,3240,1.0,0.6,0.6,0.6,0.37499999999999994,0.37499999999999994,0.37499999999999994,3240,1.0,0.6,0.6,0.6,0.37499999999999994,0.37499999999999994,0.37499999999999994,4824,1.0,0.6,0.6000000134110477,0.6000000491465034,0.37499999999999994,0.3750000052386905,0.3750000191978523
136,2.2666666666666666,True,valid,0.0475037295289902,0.04992379142551956,0.004747083736526602,0.501506281424865,0.4655559089878902,0.12675626175720445,0.5533593894064242,0.02334399466134151,0.1888580104015662,0.0002382063733749565,1585.0,4.239047302462495,6.4881995048234624e-06,0,17674,0.13869306445121765,198,7.450580596923828e-09,3240,1.0,0.6,0.6,0.6,0.37499999999999994,0.37499999999999994,0.37499999999999994,3240,1.0,0.6,0.6,0.6,0.37499999999999994,0.37499999999999994,0.37499999999999994,4824,1.0,0.6,0.6000000134110477,0.6000000491465034,0.37499999999999994,0.3750000052386905,0.3750000191978523
137,2.283333333333333,True,valid,0.048893378062723494,0.04857550196893872,0.004792684722788377,0.48880407595097014,0.4630448696586929,0.09066798086808345,0.454427989271138,0.016641344452089816,0.16139735923879173,0.0002293653132040372,1585.0,6.2447675969772725,5.953017129348739e-06,0,17658,0.1428510844707489,195,7.450580596923828e-09,3240,1.0,0.6,0.6,0.6,0.37499999999999994,0.37499999999999994,0.37499999999999994,3240,1.0,0.6,0.6,0.6,0.37499999999999994,0.37499999999999994,0.37499999999999994,4824,1.0,0.6,0.6000000134110477,0.6000000491465034,0.37499999999999994,0.3750000052386905,0.3750000191978523
138,2.3,True,valid,0.050890129561635127,0.046824238053238924,0.004997327265235911,0.5096966902491467,0.47359418473497367,0.09675231207920634,0.4495407400966368,0.013098472790196724,0.21446005836672957,0.00022038646671495842,1585.0,9.606320040807486,5.390721083644802e-06,0,17617,0.14541703462600708,195,3.725290298461914e-09,3240,1.0,0.6,0.6,0.6,0.37499999999999994,0.37499999999999994,0.37499999999999994,3240,1.0,0.6,0.6,0.6,0.37499999999999994,0.37499999999999994,0.37499999999999994,4824,1.0,0.6,0.6000000134110477,0.6000000491465034,0.37499999999999994,0.3750000052386905,0.3750000191978523
139,2.316666666666667,True,valid,0.053440312601623144,0.044881682077206594,0.00521225884211358,0.40784969316853426,0.4118019052623121,0.020210225100364736,0.40539984002461404,0.015143351091827262,0.14194877592029218,0.00021664964664996686,1585.0,4.359393795415319,4.401565935839901e-06,0,17546,0.14621375501155853,192,3.725290298461914e-09,3240,1.0,0.6,0.6,0.6,0.37499999999999994,0.37499999999999994,0.37499999999999994,3240,1.0,0.6,0.6,0.6,0.37499999999999994,0.37499999999999994,0.37499999999999994,4824,1.0,0.6,0.6000000134110477,0.6000000491465034,0.37499999999999994,0.3750000052386905,0.3750000191978523
140,2.3333333333333335,True,valid,0.056232635905741846,0.042975916095439236,0.005536057318385814,0.3776136493233391,0.3839650351706836,0.024114301443521825,0.39490822847126056,0.009753445538716304,0.10961140193975806,0.00020979660918619768,1585.0,1.5863003849693116,4.368175333128181e-06,0,17449,0.14526818692684174,188,3.725290298461914e-09,3240,1.0,0.6,0.6,0.6,0.37499999999999994,0.37499999999999994,0.37499999999999994,3240,1.0,0.6,0.6,0.6,0.37499999999999994,0.37499999999999994,0.37499999999999994,4824,1.0,0.6,0.6000000134110477,0.6000000491465034,0.37499999999999994,0.3750000052386905,0.3750000191978523
141,2.35,True,valid,0.05894769652208786,0.04128165197810342,0.005883163941121054,0.41815266554724934,0.41028766149618845,0.048733530273247894,0.40047457271401965,0.015021789540474065,0.2190535604660215,0.00020472179075980979,1585.0,7.942132758461932,4.520872310801902e-06,0,17286,0.14253398776054382,187,7.450580596923828e-09,3240,1.0,0.6,0.6,0.6,0.37499999999999994,0.37499999999999994,0.37499999999999994,3240,1.0,0.6,0.6,0.6,0.37499999999999994,0.37499999999999994,0.37499999999999994,4824,1.0,0.6,0.6000000134110477,0.6000000491465034,0.37499999999999994,0.3750000052386905,0.3750000191978523
142,2.3666666666666667,True,valid,0.061248741670228174,0.039610151354855835,0.006107980253167843,0.4209841883151652,0.3998057896261715,0.064113598242774,0.3897145826024782,0.012082272058236001,0.22288209409253626,0.00020018513696243653,1585.0,5.943958514405754,4.2868934286461005e-06,0,17072,0.13806405663490295,193,3.725290298461914e-09,3240,1.0,0.6,0.6,0.6,0.37499999999999994,0.37499999999999994,0.37499999999999994,3240,1.0,0.6,0.6,0.6,0.37499999999999994,0.37499999999999994,0.37499999999999994,4824,1.0,0.6,0.6000000134110477,0.6000000491465034,0.37499999999999994,0.3750000052386905,0.3750000191978523
143,2.3833333333333333,True,valid,0.06263539300163541,0.03788805159819275,0.006226684470308864,0.327257563042951,0.3286938231691291,0.023668801046832614,0.35298624325980876,0.009093935039499965,0.14847005136917651,0.000194322138915111,1585.0,1.3366050838544719,4.14419415881484e-06,0,16789,0.13200202584266663,196,7.450580596923828e-09,3240,1.0,0.6,0.6,0.6,0.37499999999999994,0.37499999999999994,0.37499999999999994,3240,1.0,0.6,0.6,0.6,0.37499999999999994,0.37499999999999994,0.37499999999999994,4824,1.0,0.6,0.6000000134110477,0.6000000491465034,0.37499999999999994,0.3750000052386905,0.3750000191978523
144,2.4,True,valid,0.06260032704887314,0.03597177710472106,0.006700927842033665,0.29824508079005835,0.29582708709266986,0.05259720578385114,0.4663208752163784,0.03669347214799308,0.3759165556473763,0.00019500214516140216,1585.0,1.5568827499647304,4.290648811192778e-06,0,16319,0.1253318041563034,199,7.450580596923828e-09,3240,1.0,0.6,0.6,0.6,0.37499999999999994,0.37499999999999994,0.37499999999999994,3240,1.0,0.6,0.6,0.6,0.37499999999999994,0.37499999999999994,0.37499999999999994,4824,1.0,0.6,0.6000000134110477,0.6000000491465034,0.37499999999999994,0.3750000052386905,0.3750000191978523
145,2.4166666666666665,True,valid,0.06155343406213302,0.03426947688656064,0.007174758698183168,0.28356167572455054,0.28568398794748046,0.014243684056244715,0.33685742961860043,0.005711421971877379,0.17953558266927555,0.00015022495207637503,1585.0,1.6812889057997837,3.1365104527017907e-06,0,15716,0.12058018893003464,196,7.450580596923828e-09,3240,1.0,0.6,0.6,0.6,0.37499999999999994,0.37499999999999994,0.37499999999999994,3240,1.0,0.6,0.6,0.6,0.37499999999999994,0.37499999999999994,0.37499999999999994,4824,1.0,0.6,0.6000000134110477,0.6000000491465034,0.37499999999999994,0.3750000052386905,0.3750000191978523
146,2.433333333333333,True,valid,0.06017694012643924,0.03223788721703826,0.0063171132468732025,0.25098455810509024,0.25225698010276326,0.007277317461240131,0.28600429904585456,0.00346203985408757,0.13967347646813782,0.00018282451553331105,1585.0,1.2988232763925864,3.7315732276377997e-06,0,15504,0.11546186357736588,197,7.450580596923828e-09,3240,1.0,0.6,0.6,0.6,0.37499999999999994,0.37499999999999994,0.37499999999999994,3240,1.0,0.6,0.6,0.6,0.37499999999999994,0.37499999999999994,0.37499999999999994,4824,1.0,0.6,0.6000000134110477,0.6000000491465034,0.37499999999999994,0.3750000052386905,0.3750000191978523
147,2.45,True,valid,0.057379818307581466,0.029862226213543678,0.005613735476207434,0.38007103932219466,0.3355969638083,0.07827278671005697,0.32316636100057733,0.010937690693210758,0.27376826999314163,0.00015094199072104823,1585.0,10.112146272007251,3.6154654520401515e-06,0,15504,0.11098359525203705,198,7.450580596923828e-09,3240,1.0,0.6,0.6,0.6,0.37499999999999994,0.37499999999999994,0.37499999999999994,3240,1.0,0.6,0.6,0.6,0.37499999999999994,0.37499999999999994,0.37499999999999994,4824,1.0,0.6,0.6000000134110477,0.6000000491465034,0.37499999999999994,0.3750000052386905,0.3750000191978523
148,2.466666666666667,True,valid,0.05330846778710857,0.027692402162880964,0.004948349722987856,0.18940742324272405,0.18692362006508798,0.021628077973692025,0.2642014530547628,0.001987742001527349,0.17722160411166477,0.00015050030411389216,1585.0,0.9203137009037115,3.1401685887971783e-06,0,15504,0.10628917068243027,201,7.450580596923828e-09,3240,1.0,0.6,0.6,0.6,0.37499999999999994,0.37499999999999994,0.37499999999999994,3240,1.0,0.6,0.6,0.6,0.37499999999999994,0.37499999999999994,0.37499999999999994,4824,1.0,0.6,0.6000000134110477,0.6000000491465034,0.37499999999999994,0.3750000052386905,0.3750000191978523
149,2.4833333333333334,True,valid,0.04810812530037623,0.025886218318759105,0.004535794433103892,0.2568320978372916,0.23325443275166327,0.043511812464377936,0.21807107107437856,0.010539985458649252,0.1600691683128637,0.00014189173332283453,1585.0,6.796643687690687,2.9079645420724737e-06,0,15504,0.10225844383239746,201,7.450580596923828e-09,3240,1.0,0.6,0.6,0.6,0.37499999999999994,0.37499999999999994,0.37499999999999994,3240,1.0,0.6,0.6,0.6,0.37499999999999994,0.37499999999999994,0.37499999999999994,4824,1.0,0.6,0.6000000134110477,0.6000000491465034,0.37499999999999994,0.3750000052386905,0.3750000191978523
150,2.5,True,valid,0.04255422892905055,0.024172179681455217,0.004303329795737258,0.18444686049632164,0.17474272887845785,0.03204299588401965,0.203062233810014,0.002669696447920457,0.09949748404163829,0.00013250252123337588,1585.0,2.423673241451986,2.6591985372966407e-06,0,15504,0.09864094853401184,199,7.450580596923828e-09,3240,1.0,0.6,0.6,0.6,0.37499999999999994,0.37499999999999994,0.37499999999999994,3240,1.0,0.6,0.6,0.6,0.37499999999999994,0.37499999999999994,0.37499999999999994,4824,1.0,0.6,0.6000000134110477,0.6000000491465034,0.37499999999999994,0.3750000052386905,0.3750000191978523
151,2.5166666666666666,True,valid,0.037558875508467655,0.02266729337373573,0.003993587238002013,0.19467093832193333,0.18636055412336774,0.025158474162740318,0.19637431933608743,0.00916427437346123,0.12350866712156276,0.00011833729103060993,1585.0,3.3054693707809446,2.3286594616927904e-06,0,15577,0.09585016965866089,199,7.450580596923828e-09,3240,1.0,0.6,0.6,0.6,0.37499999999999994,0.37499999999999994,0.37499999999999994,3240,1.0,0.6,0.6,0.6,0.37499999999999994,0.37499999999999994,0.37499999999999994,4824,1.0,0.6,0.6000000134110477,0.6000000491465034,0.37499999999999994,0.3750000052386905,0.3750000191978523
152,2.533333333333333,True,valid,0.033747104017147256,0.021341617876898224,0.0034149511148106773,0.20390464926864926,0.1992169190835585,0.02462229346607326,0.19880372884604267,0.006702819781284802,0.10119597491664196,0.00012707689879577145,1585.0,3.330781347612958,2.546315446830377e-06,0,15704,0.0936603993177414,199,7.450580596923828e-09,3240,1.0,0.6,0.6,0.6,0.37499999999999994,0.37499999999999994,0.37499999999999994,3240,1.0,0.6,0.6,0.6,0.37499999999999994,0.37499999999999994,0.37499999999999994,4824,1.0,0.6,0.6000000134110477,0.6000000491465034,0.37499999999999994,0.3750000052386905,0.3750000191978523
153,2.55,True,valid,0.031094516074768166,0.020087963162714526,0.0030046326806394117,0.21853790461377107,0.21750141674049264,0.02492086843968818,0.21801165241703704,0.006051579154869515,0.06833917415114667,0.00013806392507167961,1585.0,2.111078694588057,2.8658707852943204e-06,0,15719,0.09194894134998322,199,7.450580596923828e-09,3240,1.0,0.6,0.6,0.6,0.37499999999999994,0.37499999999999994,0.37499999999999994,3240,1.0,0.6,0.6,0.6,0.37499999999999994,0.37499999999999994,0.37499999999999994,4824,1.0,0.6,0.6000000134110477,0.6000000491465034,0.37499999999999994,0.3750000052386905,0.3750000191978523
154,2.566666666666667,True,valid,0.029613021883116892,0.01870806176238821,0.00303353598298119,0.25157485275787633,0.24779701909930718,0.03283565296135629,0.25168142335753524,0.0073195825083523245,0.06346035115743266,0.0001403222083458634,1585.0,2.298140987280063,2.7691332179304708e-06,0,15887,0.09086620062589645,201,3.725290298461914e-09,3240,1.0,0.6,0.6,0.6,0.37499999999999994,0.37499999999999994,0.37499999999999994,3240,1.0,0.6,0.6,0.6,0.37499999999999994,0.37499999999999994,0.37499999999999994,4824,1.0,0.6,0.6000000134110477,0.6000000491465034,0.37499999999999994,0.3750000052386905,0.3750000191978523
155,2.5833333333333335,True,valid,0.029474126806295558,0.017559706911104082,0.0033306693441276453,0.2738790704484958,0.2774335430783348,0.017645277052545375,0.27578743791050103,0.007923373408870858,0.08034677180221254,0.0001464791981596165,1585.0,2.0889409580725116,2.9142385767188817e-06,0,15880,0.09019029140472412,200,7.450580596923828e-09,3240,1.0,0.6,0.6,0.6,0.37499999999999994,0.37499999999999994,0.37499999999999994,3240,1.0,0.6,0.6,0.6,0.37499999999999994,0.37499999999999994,0.37499999999999994,4824,1.0,0.6,0.6000000134110477,0.6000000491465034,0.37499999999999994,0.3750000052386905,0.3750000191978523
156,2.6,True,valid,0.0309755234639128,0.017267486189285104,0.0038154000053958314,0.3102526966388765,0.31272250033085625,0.027730535154765017,0.31134287054689713,0.009109967749798633,0.06134137492381949,0.00015516400569827367,1585.0,1.9952487959459615,3.1236444364002293e-06,0,15799,0.08988870680332184,201,3.725290298461914e-09,3240,1.0,0.6,0.6,0.6,0.37499999999999994,0.37499999999999994,0.37499999999999994,3240,1.0,0.6,0.6,0.6,0.37499999999999994,0.37499999999999994,0.37499999999999994,4824,1.0,0.6,0.6000000134110477,0.6000000491465034,0.37499999999999994,0.3750000052386905,0.3750000191978523
157,2.6166666666666667,True,valid,0.03413145481545606,0.018261948332022174,0.004390705715401652,0.3365484890295829,0.3437689431547908,0.00972221211217141,0.3449179153345788,0.009446841942787583,0.06985000096695894,0.0001646184986998874,1585.0,1.6959717936533993,3.3033300569459117e-06,0,15839,0.08978653699159622,200,3.725290298461914e-09,3240,1.0,0.6,0.6,0.6,0.37499999999999994,0.37499999999999994,0.37499999999999994,3240,1.0,0.6,0.6,0.6,0.37499999999999994,0.37499999999999994,0.37499999999999994,4824,1.0,0.6,0.6000000134110477,0.6000000491465034,0.37499999999999994,0.3750000052386905,0.3750000191978523
158,2.6333333333333333,True,valid,0.038816342244757676,0.020556231346348902,0.004890356466805482,0.4040123467635274,0.3976531298426677,0.04963029243039846,0.3935171939608895,0.01062729882188122,0.1163332387322897,0.00017525313036640457,1585.0,4.7305984695748835,3.6583474610459277e-06,0,15884,0.08995795994997025,201,3.725290298461914e-09,3240,1.0,0.6,0.6,0.6,0.37499999999999994,0.37499999999999994,0.37499999999999994,3240,1.0,0.6,0.6,0.6,0.37499999999999994,0.37499999999999994,0.37499999999999994,4824,1.0,0.6,0.6000000134110477,0.6000000491465034,0.37499999999999994,0.3750000052386905,0.3750000191978523
159,2.65,True,valid,0.044517846839487674,0.02368760142039661,0.00530918772566334,0.44150942099240215,0.4430675191306798,0.02714267405829342,0.42117085637539936,0.012007850169763192,0.17618271684820574,0.00018912092105595916,1585.0,5.8937755565877605,3.928303902245607e-06,0,15903,0.09045253694057465,200,7.450580596923828e-09,3240,1.0,0.6,0.6,0.6,0.37499999999999994,0.37499999999999994,0.37499999999999994,3240,1.0,0.6,0.6,0.6,0.37499999999999994,0.37499999999999994,0.37499999999999994,4824,1.0,0.6,0.6000000134110477,0.6000000491465034,0.37499999999999994,0.3750000052386905,0.3750000191978523
160,2.6666666666666665,True,valid,0.050311124869166945,0.02701385851410349,0.005825814060143675,0.5316767040708904,0.5118888212911933,0.06668042002208165,0.4633243701935113,0.016811861058667343,0.23841905929500942,0.0001987814713220116,1585.0,11.237990594291999,4.196230470805825e-06,0,15891,0.09078347682952881,199,3.725290298461914e-09,3240,1.0,0.6,0.6,0.6,0.37499999999999994,0.37499999999999994,0.37499999999999994,3240,1.0,0.6,0.6,0.6,0.37499999999999994,0.37499999999999994,0.37499999999999994,4824,1.0,0.6,0.6000000134110477,0.6000000491465034,0.37499999999999994,0.3750000052386905,0.3750000191978523
161,2.683333333333333,True,valid,0.05545772639791558,0.03018417716574237,0.0064580115998951314,0.462627698012985,0.47119448308344375,0.019828399553640682,0.47851240626603425,0.012705390309611627,0.11832881736000032,0.0002067196859050671,1585.0,2.2139556159587817,4.346352462264583e-06,0,15899,0.09085263311862946,197,7.450580596923828e-09,3240,1.0,0.6,0.6,0.6,0.37499999999999994,0.37499999999999994,0.37499999999999994,3240,1.0,0.6,0.6,0.6,0.37499999999999994,0.37499999999999994,0.37499999999999994,4824,1.0,0.6,0.6000000134110477,0.6000000491465034,0.37499999999999994,0.3750000052386905,0.3750000191978523
162,2.7,True,valid,0.059514690534894284,0.03301588616949128,0.007116672848918275,0.49112857508591085,0.49632921377787875,0.035643856038144545,0.5091433819611663,0.013313844753010305,0.18183857746226825,0.00021169163942728764,1585.0,2.3032930429272866,4.542957966255431e-06,0,15997,0.09066832810640335,195,3.725290298461914e-09,3240,1.0,0.6,0.6,0.6,0.37499999999999994,0.37499999999999994,0.37499999999999994,3240,1.0,0.6,0.6,0.6,0.37499999999999994,0.37499999999999994,0.37499999999999994,4824,1.0,0.6,0.6000000134110477,0.6000000491465034,0.37499999999999994,0.3750000052386905,0.3750000191978523
163,2.716666666666667,True,valid,0.062331909046021275,0.03531692887545515,0.007602882722213247,0.5029555192601878,0.5128870280290732,0.014709236622536146,0.5295769016103752,0.01310679804473994,0.1739774396366657,0.00021656360045540645,1585.0,2.277257493603509,4.6223618315824505e-06,0,16300,0.08972840011119843,193,7.450580596923828e-09,3240,1.0,0.6,0.6,0.6,0.37499999999999994,0.37499999999999994,0.37499999999999994,3240,1.0,0.6,0.6,0.6,0.37499999999999994,0.37499999999999994,0.37499999999999994,4824,1.0,0.6,0.6000000134110477,0.6000000491465034,0.37499999999999994,0.3750000052386905,0.3750000191978523
164,2.7333333333333334,True,valid,0.0636680507172947,0.03684626163744353,0.007704003656883222,0.5228872358943648,0.5312280411150017,0.01918081073717598,0.5362946660612041,0.015113152578204008,0.1782986178889668,0.0002208877106088703,1585.0,3.722873058860655,4.741254924562768e-06,0,16683,0.08777344226837158,193,3.725290298461914e-09,3240,1.0,0.6,0.6,0.6,0.37499999999999994,0.37499999999999994,0.37499999999999994,3240,1.0,0.6,0.6,0.6,0.37499999999999994,0.37499999999999994,0.37499999999999994,4824,1.0,0.6,0.6000000134110477,0.6000000491465034,0.37499999999999994,0.3750000052386905,0.3750000191978523
165,2.75,True,valid,0.06320615656900658,0.03736645134422352,0.0074703893561769985,0.5566518085552686,0.5488274496007373,0.07424903875564413,0.5500556590696548,0.021858805374605016,0.1869426977214981,0.00022246122549668878,1585.0,5.820276921663901,4.812468114089813e-06,0,16959,0.08461916446685791,193,2.7939677238464355e-09,3240,1.0,0.6,0.6,0.6,0.37499999999999994,0.37499999999999994,0.37499999999999994,3240,1.0,0.6,0.6,0.6,0.37499999999999994,0.37499999999999994,0.37499999999999994,4824,1.0,0.6,0.6000000134110477,0.6000000491465034,0.37499999999999994,0.3750000052386905,0.3750000191978523
166,2.7666666666666666,True,valid,0.06070035350047517,0.03677688786060521,0.007219250315495716,0.5152436275324841,0.5255176664440192,0.0203084852769651,0.5321584529794757,0.013949829608365851,0.13265945025119905,0.00022044297959259958,1585.0,2.343320783098361,4.73566111042484e-06,0,17091,0.07990506291389465,193,4.656612873077393e-10,3240,1.0,0.6,0.6,0.6,0.37499999999999994,0.37499999999999994,0.37499999999999994,3240,1.0,0.6,0.6,0.6,0.37499999999999994,0.37499999999999994,0.37499999999999994,4824,1.0,0.6,0.6000000134110477,0.6000000491465034,0.37499999999999994,0.3750000052386905,0.3750000191978523
167,2.783333333333333,True,valid,0.0563911745911552,0.03524336730415281,0.006979623584621015,0.5316880211157604,0.527924957510868,0.05935318313045437,0.5356243147511435,0.014790659177388164,0.14549378937049315,0.00021617607948670758,1585.0,4.969753497866984,4.6130123169524436e-06,0,17172,0.07399529218673706,194,3.725290298461914e-09,3240,1.0,0.6,0.6,0.6,0.37499999999999994,0.37499999999999994,0.37499999999999994,3240,1.0,0.6,0.6,0.6,0.37499999999999994,0.37499999999999994,0.37499999999999994,4824,1.0,0.6,0.6000000134110477,0.6000000491465034,0.37499999999999994,0.3750000052386905,0.3750000191978523
168,2.8,True,valid,0.05103750113004958,0.03289157824726509,0.006574037107445829,0.5202039476183887,0.5173613963469599,0.060764346712750356,0.5188008382453375,0.013555286706681184,0.14418790735737103,0.0002093303982644529,1585.0,5.004643770930467,4.414890757172548e-06,0,17212,0.0665346086025238,192,2.7939677238464355e-09,3240,1.0,0.6,0.6,0.6,0.37499999999999994,0.37499999999999994,0.37499999999999994,3240,1.0,0.6,0.6,0.6,0.37499999999999994,0.37499999999999994,0.37499999999999994,4824,1.0,0.6,0.6000000134110477,0.6000000491465034,0.37499999999999994,0.3750000052386905,0.3750000191978523
169,2.816666666666667,True,valid,0.04533699377607338,0.02992403667423179,0.006050960834723976,0.5176545433991994,0.5139837467231929,0.04899258543450856,0.4964028494931073,0.01615535219572665,0.18483964315212592,0.00020508823186518084,1585.0,7.147272566249748,4.4448624337903605e-06,0,17226,0.05825800076127052,198,5.587935447692871e-09,3240,1.0,0.6,0.6,0.6,0.37499999999999994,0.37499999999999994,0.37499999999999994,3240,1.0,0.6,0.6,0.6,0.37499999999999994,0.37499999999999994,0.37499999999999994,4824,1.0,0.6,0.6000000134110477,0.6000000491465034,0.37499999999999994,0.3750000052386905,0.3750000191978523
170,2.8333333333333335,True,valid,0.039865915335851196,0.026536487289962232,0.005533786796544029,0.45831782327384696,0.46888113999346387,0.013848870975418384,0.46641856540573945,0.013186597913279688,0.08269324905098545,0.00019877515074800007,1585.0,2.2988373632924857,4.130563936338324e-06,0,17198,0.0634830966591835,199,5.587935447692871e-09,3240,1.0,0.6,0.6,0.6,0.37499999999999994,0.37499999999999994,0.37499999999999994,3240,1.0,0.6,0.6,0.6,0.37499999999999994,0.37499999999999994,0.37499999999999994,4824,1.0,0.6,0.6000000134110477,0.6000000491465034,0.37499999999999994,0.3750000052386905,0.3750000191978523
171,2.85,True,valid,0.03512367144903603,0.022870438275251672,0.005014352343680548,0.46902025120084184,0.46485767176238457,0.05404116969309485,0.45466637657776005,0.013196040320666373,0.11254235904365728,0.00019539200876169164,1585.0,4.78884852715538,4.061504226327498e-06,0,17062,0.07262881100177765,199,3.725290298461914e-09,3240,1.0,0.6,0.6,0.6,0.37499999999999994,0.37499999999999994,0.37499999999999994,3240,1.0,0.6,0.6,0.6,0.37499999999999994,0.37499999999999994,0.37499999999999994,4824,1.0,0.6,0.6000000134110477,0.6000000491465034,0.37499999999999994,0.3750000052386905,0.3750000191978523
172,2.8666666666666667,True,valid,0.03142972277269014,0.019238277020354116,0.00474267682504387,0.4195159188592191,0.4294457489158285,0.012853719846535739,0.42499527755047933,0.01217132816976189,0.06323215009606076,0.0001910076536089283,1585.0,2.056385718298276,3.9403626283060186e-06,0,16768,0.08295070379972458,196,3.725290298461914e-09,3240,1.0,0.6,0.6,0.6,0.37499999999999994,0.37499999999999994,0.37499999999999994,3240,1.0,0.6,0.6,0.6,0.37499999999999994,0.37499999999999994,0.37499999999999994,4824,1.0,0.6,0.6000000134110477,0.6000000491465034,0.37499999999999994,0.3750000052386905,0.3750000191978523
173,2.8833333333333333,True,valid,0.029305035726071488,0.016503040643803903,0.004575371465353704,0.39448106845706293,0.40389132783672493,0.01294655727966511,0.40251902320401134,0.011975805418057926,0.071981067963327,0.00018258671393517445,1585.0,1.901901769821697,3.7411481283327507e-06,0,16263,0.09428756684064865,196,3.725290298461914e-09,3240,1.0,0.6,0.6,0.6,0.37499999999999994,0.37499999999999994,0.37499999999999994,3240,1.0,0.6,0.6,0.6,0.37499999999999994,0.37499999999999994,0.37499999999999994,4824,1.0,0.6,0.6000000134110477,0.6000000491465034,0.37499999999999994,0.3750000052386905,0.3750000191978523
174,2.9,True,valid,0.02953474512309294,0.015935989416195732,0.004444769304213106,0.37190086641135917,0.3807153485423011,0.012145149439449329,0.3799311551555657,0.014338959256828331,0.07460116914218336,0.0001787604027837262,1585.0,1.7695295779581244,3.6652678317754372e-06,0,16000,0.10605434328317642,196,3.725290298461914e-09,3240,1.0,0.6,0.6,0.6,0.37499999999999994,0.37499999999999994,0.37499999999999994,3240,1.0,0.6,0.6,0.6,0.37499999999999994,0.37499999999999994,0.37499999999999994,4824,1.0,0.6,0.6000000134110477,0.6000000491465034,0.37499999999999994,0.3750000052386905,0.3750000191978523
175,2.9166666666666665,True,valid,0.032365123330298805,0.01840449225394562,0.0044132900323887786,0.35014713338380715,0.35829646765664086,0.01171757464988232,0.36039483363782315,0.010343968744483388,0.07514250787040212,0.00017738850201213824,1585.0,1.6023683624420026,3.603968300643169e-06,0,15880,0.11823882162570953,197,7.450580596923828e-09,3240,1.0,0.6,0.6,0.6,0.37499999999999994,0.37499999999999994,0.37499999999999994,3240,1.0,0.6,0.6,0.6,0.37499999999999994,0.37499999999999994,0.37499999999999994,4824,1.0,0.6,0.6000000134110477,0.6000000491465034,0.37499999999999994,0.3750000052386905,0.3750000191978523
176,2.933333333333333,True,valid,0.037468294187024416,0.0233837931319531,0.004487727301504115,0.33981676665037175,0.34337708871106815,0.02934540551625866,0.3446838747350995,0.009324555733710365,0.10093911665304148,0.00017404377990994958,1585.0,2.5063327413836896,3.5468403436805935e-06,0,15878,0.1307697296142578,200,7.450580596923828e-09,3240,1.0,0.6,0.6,0.6,0.37499999999999994,0.37499999999999994,0.37499999999999994,3240,1.0,0.6,0.6,0.6,0.37499999999999994,0.37499999999999994,0.37499999999999994,4824,1.0,0.6,0.6000000134110477,0.6000000491465034,0.37499999999999994,0.3750000052386905,0.3750000191978523
177,2.95,True,valid,0.04411681232855194,0.029616312451576286,0.004706285665147595,0.31212600931510487,0.3181966354762965,0.008736182824435907,0.32721311137351633,0.008134524275849084,0.08731533211058674,0.00017800547342617453,1585.0,1.2544123743165374,3.6019532242367437e-06,0,16326,0.14339588582515717,200,3.725290298461914e-09,3240,1.0,0.6,0.6,0.6,0.37499999999999994,0.37499999999999994,0.37499999999999994,3240,1.0,0.6,0.6,0.6,0.37499999999999994,0.37499999999999994,0.37499999999999994,4824,1.0,0.6,0.6000000134110477,0.6000000491465034,0.37499999999999994,0.3750000052386905,0.3750000191978523
178,2.966666666666667,True,valid,0.051497200435426646,0.03612062827346969,0.005139070773509448,0.4747896253999098,0.43210648886341557,0.07669967921355639,0.3510266957446729,0.012745285908922094,0.2801181095449161,0.0001814419555546541,1585.0,11.71523332171139,3.860999803061721e-06,0,16910,0.15545934438705444,201,3.725290298461914e-09,3240,1.0,0.6,0.6,0.6,0.37499999999999994,0.37499999999999994,0.37499999999999994,3240,1.0,0.6,0.6,0.6,0.37499999999999994,0.37499999999999994,0.37499999999999994,4824,1.0,0.6,0.6000000134110477,0.6000000491465034,0.37499999999999994,0.3750000052386905,0.3750000191978523
179,2.9833333333333334,True,valid,0.05881210692591038,0.04231756588349988,0.0057126357046001835,0.3472907639972634,0.3256530303809777,0.0653126200278935,0.33749883699858396,0.006161095090016752,0.15702694280168822,0.0001802218504532,1585.0,4.621177643056211,3.830008149925502e-06,0,17196,0.16672122478485107,199,7.450580596923828e-09,3240,1.0,0.6,0.6,0.6,0.37499999999999994,0.37499999999999994,0.37499999999999994,3240,1.0,0.6,0.6,0.6,0.37499999999999994,0.37499999999999994,0.37499999999999994,4824,1.0,0.6,0.6000000134110477,0.6000000491465034,0.37499999999999994,0.3750000052386905,0.3750000191978523
180,3.0,True,valid,0.06536809014276605,0.04775106866600482,0.006168022543459455,0.4180987640394157,0.37706842898185106,0.07397260231739514,0.3462943033208527,0.005478575557912138,0.23817145162738135,0.00018510766375036292,1585.0,7.950030921302889,3.891978008843079e-06,0,17315,0.1768789440393448,198,7.450580596923828e-09,3240,1.0,0.6,0.6,0.6,0.37499999999999994,0.37499999999999994,0.37499999999999994,3240,1.0,0.6,0.6,0.6,0.37499999999999994,0.37499999999999994,0.37499999999999994,4824,1.0,0.6,0.6000000134110477,0.6000000491465034,0.37499999999999994,0.3750000052386905,0.3750000191978523
181,3.0166666666666666,True,valid,0.07046790908089141,0.0521263915530124,0.006406249572351052,0.3902092475352227,0.34922683016127076,0.0731104492974472,0.3420891341102336,0.00367034693647316,0.21068670400773254,0.00018678360431146224,1585.0,6.798207804089036,3.941144112459686e-06,0,17396,0.18575121462345123,197,7.450580596923828e-09,3240,1.0,0.6,0.6,0.6,0.37499999999999994,0.37499999999999994,0.37499999999999994,3240,1.0,0.6,0.6,0.6,0.37499999999999994,0.37499999999999994,0.37499999999999994,4824,1.0,0.6,0.6000000134110477,0.6000000491465034,0.37499999999999994,0.3750000052386905,0.3750000191978523
182,3.033333333333333,True,valid,0.07348773552665548,0.05533819152835442,0.006469394744359385,0.3148338310060701,0.2868224208612303,0.06728938235666707,0.33158301777430654,0.0029314516958679833,0.14298408863738615,0.00018384564078601743,1585.0,3.4928667432575553,3.9555688331070105e-06,0,17444,0.19319936633110046,197,7.450580596923828e-09,3240,1.0,0.6,0.6,0.6,0.37499999999999994,0.37499999999999994,0.37499999999999994,3240,1.0,0.6,0.6,0.6,0.37499999999999994,0.37499999999999994,0.37499999999999994,4824,1.0,0.6,0.6000000134110477,0.6000000491465034,0.37499999999999994,0.3750000052386905,0.3750000191978523
183,3.05,True,valid,0.07413306457416383,0.057409411004010875,0.006402571478714342,0.38797325425957796,0.34690170933687914,0.07220816254514878,0.31963036003300277,0.005921642315469027,0.25352776989147163,0.00017604641946937863,1585.0,7.538474595434453,3.7466482554587303e-06,0,17472,0.19917815923690796,198,7.450580596923828e-09,3240,1.0,0.6,0.6,0.6,0.37499999999999994,0.37499999999999994,0.37499999999999994,3240,1.0,0.6,0.6,0.6,0.37499999999999994,0.37499999999999994,0.37499999999999994,4824,1.0,0.6,0.6000000134110477,0.6000000491465034,0.37499999999999994,0.3750000052386905,0.3750000191978523
184,3.066666666666667,True,valid,0.07245767658589845,0.05843779048998995,0.00621687413121081,0.30040670622008137,0.27095061354011984,0.06313635787273435,0.3068308217289412,0.0005616485930379958,0.1677812677124862,0.0001655877237899995,1585.0,3.6470394704187528,3.47573011392776e-06,0,17515,0.20373812317848206,201,7.450580596923828e-09,3240,1.0,0.6,0.6,0.6,0.37499999999999994,0.37499999999999994,0.37499999999999994,3240,1.0,0.6,0.6,0.6,0.37499999999999994,0.37499999999999994,0.37499999999999994,4824,1.0,0.6,0.6000000134110477,0.6000000491465034,0.37499999999999994,0.3750000052386905,0.3750000191978523
185,3.0833333333333335,True,valid,0.0688873484961923,0.05853791184073648,0.005930594753093419,0.29309297082163743,0.26274560186365636,0.060132378762958426,0.2994326684150555,0.004375678380503333,0.16618114285549496,0.0001512408187947107,1585.0,3.8150482322331487,3.1753346403344164e-06,0,17564,0.20580482482910156,199,7.450580596923828e-09,3240,1.0,0.6,0.6,0.6,0.37499999999999994,0.37499999999999994,0.37499999999999994,3240,1.0,0.6,0.6,0.6,0.37499999999999994,0.37499999999999994,0.37499999999999994,4824,1.0,0.6,0.6000000134110477,0.6000000491465034,0.37499999999999994,0.3750000052386905,0.3750000191978523
186,3.1,True,valid,0.06412953016786063,0.057664497393660655,0.005522582165994504,0.3120858384517598,0.2872359425421083,0.048778343382742125,0.2827363749280149,0.0066068764326864165,0.21952188886942803,0.00013458344126811053,1585.0,6.815816716059633,2.8977292015217708e-06,0,17602,0.20533816516399384,199,7.450580596923828e-09,3240,1.0,0.6,0.6,0.6,0.37499999999999994,0.37499999999999994,0.37499999999999994,3240,1.0,0.6,0.6,0.6,0.37499999999999994,0.37499999999999994,0.37499999999999994,4824,1.0,0.6,0.6000000134110477,0.6000000491465034,0.37499999999999994,0.3750000052386905,0.3750000191978523
187,3.1166666666666667,True,valid,0.05872794834551192,0.05608002919886468,0.005056677182328306,0.3292357901403344,0.2974887619815732,0.05949096107902029,0.2940038867645815,0.0074764060996370535,0.22182001229984358,0.00013248951096111843,1585.0,6.62688427077862,2.9701379331470775e-06,0,17648,0.2030310481786728,200,7.450580596923828e-09,3240,1.0,0.6,0.6,0.6,0.37499999999999994,0.37499999999999994,0.37499999999999994,3240,1.0,0.6,0.6,0.6,0.37499999999999994,0.37499999999999994,0.37499999999999994,4824,1.0,0.6,0.6000000134110477,0.6000000491465034,0.37499999999999994,0.3750000052386905,0.3750000191978523
188,3.1333333333333333,True,valid,0.05321335142782441,0.05373057842579362,0.004607131656721285,0.24177208747788986,0.2369494774705844,0.0337503205595936,0.26815144727473245,0.007325794902710575,0.12635678046342977,0.00012320452240733969,1585.0,2.1480060894617115,2.635238658039876e-06,0,17682,0.1989150196313858,199,7.450580596923828e-09,3240,1.0,0.6,0.6,0.6,0.37499999999999994,0.37499999999999994,0.37499999999999994,3240,1.0,0.6,0.6,0.6,0.37499999999999994,0.37499999999999994,0.37499999999999994,4824,1.0,0.6,0.6000000134110477,0.6000000491465034,0.37499999999999994,0.3750000052386905,0.3750000191978523
189,3.15,True,valid,0.04806398397971955,0.05047544805452562,0.004293615379174162,0.24650285594727414,0.2504805081048306,0.007701750631338992,0.26921187403578695,0.006056613823674869,0.10101148051782945,0.00012734404466985296,1585.0,1.160633720905349,2.6627991426702985e-06,0,17694,0.19291222095489502,197,7.450580596923828e-09,3240,1.0,0.6,0.6,0.6,0.37499999999999994,0.37499999999999994,0.37499999999999994,3240,1.0,0.6,0.6,0.6,0.37499999999999994,0.37499999999999994,0.37499999999999994,4824,1.0,0.6,0.6000000134110477,0.6000000491465034,0.37499999999999994,0.3750000052386905,0.3750000191978523
190,3.1666666666666665,True,valid,0.043498801606954796,0.04638592650008783,0.004161153950061792,0.2721832983669643,0.2763542368952774,0.010315772591834022,0.28400270292085783,0.007232896985046826,0.08363557040550607,0.0001324754851807768,1585.0,1.4067962485042282,2.731432864427158e-06,0,17702,0.18524505198001862,196,7.450580596923828e-09,3240,1.0,0.6,0.6,0.6,0.37499999999999994,0.37499999999999994,0.37499999999999994,3240,1.0,0.6,0.6,0.6,0.37499999999999994,0.37499999999999994,0.37499999999999994,4824,1.0,0.6,0.6000000134110477,0.6000000491465034,0.37499999999999994,0.3750000052386905,0.3750000191978523
191,3.183333333333333,True,valid,0.03976037275182398,0.0415331041964529,0.0041399079781896135,0.2983030769758831,0.30337710076724583,0.01030143446279823,0.30206985714207246,0.008174295120121142,0.07964978308534859,0.00014017775954082348,1585.0,2.0049894093850633,2.8982237822407045e-06,0,17682,0.17611190676689148,193,7.450580596923828e-09,3240,1.0,0.6,0.6,0.6,0.37499999999999994,0.37499999999999994,0.37499999999999994,3240,1.0,0.6,0.6,0.6,0.37499999999999994,0.37499999999999994,0.37499999999999994,4824,1.0,0.6,0.6000000134110477,0.6000000491465034,0.37499999999999994,0.3750000052386905,0.3750000191978523
192,3.2,True,valid,0.03720339927221958,0.03625449302313952,0.004194847079993128,0.32582536448003074,0.33067939489026377,0.021856388077821448,0.3274172295230516,0.009405970292058627,0.0617941306864175,0.00015132666273233184,1585.0,1.7234379380928357,3.356781905408087e-06,0,17620,0.16573910415172577,192,7.450580596923828e-09,3240,1.0,0.6,0.6,0.6,0.37499999999999994,0.37499999999999994,0.37499999999999994,3240,1.0,0.6,0.6,0.6,0.37499999999999994,0.37499999999999994,0.37499999999999994,4824,1.0,0.6,0.6000000134110477,0.6000000491465034,0.37499999999999994,0.3750000052386905,0.3750000191978523
193,3.216666666666667,True,valid,0.03636608198041891,0.031053458769126185,0.004388846442700771,0.3530159765642582,0.36043295845162704,0.011337199946480008,0.3567737073381898,0.01833819145818527,0.07130657358950576,0.00016014152473934492,1585.0,1.8654004393147476,3.3079055542694223e-06,0,17502,0.15434427559375763,192,3.725290298461914e-09,3240,1.0,0.6,0.6,0.6,0.37499999999999994,0.37499999999999994,0.37499999999999994,3240,1.0,0.6,0.6,0.6,0.37499999999999994,0.37499999999999994,0.37499999999999994,4824,1.0,0.6,0.6000000134110477,0.6000000491465034,0.37499999999999994,0.3750000052386905,0.3750000191978523
194,3.2333333333333334,True,valid,0.03778808610662854,0.026917926584656478,0.0047429010273028795,0.39639283017634286,0.3977736268363826,0.04238700116217982,0.3951450729381798,0.011814469132278927,0.09768408643066746,0.00017339150137645162,1585.0,2.1808932675649078,4.545194043760745e-06,0,17311,0.1419149488210678,190,3.725290298461914e-09,3240,1.0,0.6,0.6,0.6,0.37499999999999994,0.37499999999999994,0.37499999999999994,3240,1.0,0.6,0.6,0.6,0.37499999999999994,0.37499999999999994,0.37499999999999994,4824,1.0,0.6,0.6000000134110477,0.6000000491465034,0.37499999999999994,0.3750000052386905,0.3750000191978523
195,3.25,True,valid,0.04166812100386098,0.02490620353659579,0.005227234904073027,0.41619223340346023,0.42147430769902144,0.03594757339493532,0.4304521631495402,0.01213151733514613,0.09832154942168399,0.00018901489356383161,1585.0,2.1096203973750423,4.081716638267935e-06,0,16974,0.1285608857870102,190,7.450580596923828e-09,3240,1.0,0.6,0.6,0.6,0.37499999999999994,0.37499999999999994,0.37499999999999994,3240,1.0,0.6,0.6,0.6,0.37499999999999994,0.37499999999999994,0.37499999999999994,4824,1.0,0.6,0.6000000134110477,0.6000000491465034,0.37499999999999994,0.3750000052386905,0.3750000191978523
196,3.2666666666666666,True,valid,0.04740811602427743,0.025609383508348384,0.005889190489563733,0.46424648900122556,0.45843878741322164,0.07361272490967107,0.47058227602133706,0.014840107540385748,0.13946525929226933,0.00020290258966210444,1585.0,2.201150573690392,6.13437493236379e-06,0,16308,0.1145317330956459,188,5.587935447692871e-09,3240,1.0,0.6,0.6,0.6,0.37499999999999994,0.37499999999999994,0.37499999999999994,3240,1.0,0.6,0.6,0.6,0.37499999999999994,0.37499999999999994,0.37499999999999994,4824,1.0,0.6,0.6000000134110477,0.6000000491465034,0.37499999999999994,0.3750000052386905,0.3750000191978523
197,3.283333333333333,True,valid,0.05412871839607979,0.028430681959677316,0.006580087426256335,0.4722598231737777,0.48190815274396176,0.01444700714696365,0.49446829014776333,0.029798891726550824,0.14183174256141148,0.00021600680461827251,1585.0,2.1824927501068654,4.516425882382596e-06,0,15923,0.09998507052659988,189,5.587935447692871e-09,3240,1.0,0.6,0.6,0.6,0.37499999999999994,0.37499999999999994,0.37499999999999994,3240,1.0,0.6,0.6,0.6,0.37499999999999994,0.37499999999999994,0.37499999999999994,4824,1.0,0.6,0.6000000134110477,0.6000000491465034,0.37499999999999994,0.3750000052386905,0.3750000191978523
198,3.3,True,valid,0.060778900747421864,0.03223914020274656,0.007134425971526952,0.5861497321166019,0.5639155019418182,0.08191259912488276,0.5479033017691675,0.01583411232533763,0.2728972012413381,0.00022937147202944995,1585.0,10.967415349380412,5.253484669481954e-06,0,15871,0.08507641404867172,191,5.587935447692871e-09,3240,1.0,0.6,0.6,0.6,0.37499999999999994,0.37499999999999994,0.37499999999999994,3240,1.0,0.6,0.6,0.6,0.37499999999999994,0.37499999999999994,0.37499999999999994,4824,1.0,0.6,0.6000000134110477,0.6000000491465034,0.37499999999999994,0.3750000052386905,0.3750000191978523
199,3.316666666666667,True,valid,0.06635521848952905,0.036169664055408814,0.0076121364413776595,0.5352499478071893,0.5330044597331804,0.07513498280212574,0.5690280663767994,0.016319190070733867,0.19410541697149516,0.00024202014879020093,1585.0,2.333053531694304,5.7365336358828576e-06,0,15824,0.07009907066822052,190,1.862645149230957e-09,3240,1.0,0.6,0.6,0.6,0.37499999999999994,0.37499999999999994,0.37499999999999994,3240,1.0,0.6,0.6,0.6,0.37499999999999994,0.37499999999999994,0.37499999999999994,4824,1.0,0.6,0.6000000134110477,0.6000000491465034,0.37499999999999994,0.3750000052386905,0.3750000191978523
200,3.3333333333333335,True,valid,0.07016257629502028,0.03967579538815191,0.007832462266295425,0.7578268306491966,0.6635999465533066,0.18633911286531762,0.6585335614061611,0.02416983354038712,0.37760325116626503,0.0002530888908582822,1585.0,17.058487688538346,5.469542404876328e-06,0,15780,0.059577926993370056,189,2.7939677238464355e-09,3240,1.0,0.6,0.6,0.6,0.37499999999999994,0.37499999999999994,0.37499999999999994,3240,1.0,0.6,0.6,0.6,0.37499999999999994,0.37499999999999994,0.37499999999999994,4824,1.0,0.6,0.6000000134110477,0.6000000491465034,0.37499999999999994,0.3750000052386905,0.3750000191978523
201,3.35,True,valid,0.07160643929365101,0.042463693818120624,0.007912611345691503,0.5339231346717612,0.5431414610074801,0.029528009046996446,0.576108566850513,0.014722309113206506,0.19344937143546861,0.0002580817926391472,1585.0,2.3721551157754144,5.327578351606547e-06,0,16256,0.07376683503389359,188,2.3283064365386963e-10,3240,1.0,0.6,0.6,0.6,0.37499999999999994,0.37499999999999994,0.37499999999999994,3240,1.0,0.6,0.6,0.6,0.37499999999999994,0.37499999999999994,0.37499999999999994,4824,1.0,0.6,0.6000000134110477,0.6000000491465034,0.37499999999999994,0.3750000052386905,0.3750000191978523
202,3.3666666666666667,True,valid,0.07070534490164353,0.044345709472238766,0.007771029925037101,0.5449325867762875,0.5517119809536701,0.02760966079301492,0.5657797011134469,0.014245881935153243,0.18370243761415436,0.0002600081438682244,1585.0,4.188416253965272,5.350934636041009e-06,0,16822,0.0867161899805069,188,3.725290298461914e-09,3240,1.0,0.6,0.6,0.6,0.37499999999999994,0.37499999999999994,0.37499999999999994,3240,1.0,0.6,0.6,0.6,0.37499999999999994,0.37499999999999994,0.37499999999999994,4824,1.0,0.6,0.6000000134110477,0.6000000491465034,0.37499999999999994,0.3750000052386905,0.3750000191978523
203,3.3833333333333333,True,valid,0.06755424438825249,0.04551864724254683,0.007321052958593193,0.5239562568483591,0.5342710660518971,0.01908385116822998,0.5532383839961372,0.013848152932822584,0.18414461903082907,0.0002623383796139901,1585.0,2.332809401094973,5.353234482575368e-06,0,17122,0.09855736792087555,188,2.7939677238464355e-09,3240,1.0,0.6,0.6,0.6,0.37499999999999994,0.37499999999999994,0.37499999999999994,3240,1.0,0.6,0.6,0.6,0.37499999999999994,0.37499999999999994,0.37499999999999994,4824,1.0,0.6,0.6000000134110477,0.6000000491465034,0.37499999999999994,0.3750000052386905,0.3750000191978523
204,3.4,True,valid,0.06253860945862243,0.04613816190781119,0.006757778840909765,0.4972273282113517,0.507878018836128,0.01884886161977196,0.5228628805412083,0.016771295427644713,0.15912937999659937,0.0002532377105749239,1585.0,2.248484408630196,5.15190097059601e-06,0,17291,0.10875391960144043,188,3.725290298461914e-09,3240,1.0,0.6,0.6,0.6,0.37499999999999994,0.37499999999999994,0.37499999999999994,3240,1.0,0.6,0.6,0.6,0.37499999999999994,0.37499999999999994,0.37499999999999994,4824,1.0,0.6,0.6000000134110477,0.6000000491465034,0.37499999999999994,0.3750000052386905,0.3750000191978523
205,3.4166666666666665,True,valid,0.05654540785361714,0.04625430955041811,0.006101911096152224,0.4852245767717378,0.49432759843655677,0.032422099126765545,0.507349178176874,0.027452212568732808,0.15123742239326118,0.00025158090224593226,1585.0,2.19520186126171,5.308567127112113e-06,0,17368,0.11755234003067017,188,3.725290298461914e-09,3240,1.0,0.6,0.6,0.6,0.37499999999999994,0.37499999999999994,0.37499999999999994,3240,1.0,0.6,0.6,0.6,0.37499999999999994,0.37499999999999994,0.37499999999999994,4824,1.0,0.6,0.6000000134110477,0.6000000491465034,0.37499999999999994,0.3750000052386905,0.3750000191978523
206,3.433333333333333,True,valid,0.050386616290808324,0.04595061920225124,0.005369645960904247,0.47268860066201795,0.4706725747891328,0.06498163818419699,0.5125057144376449,0.018288293674446704,0.1689525196363934,0.00023847822195706037,1585.0,2.126327381106441,5.066172989876372e-06,0,17404,0.12492624670267105,186,5.587935447692871e-09,3240,1.0,0.6,0.6,0.6,0.37499999999999994,0.37499999999999994,0.37499999999999994,3240,1.0,0.6,0.6,0.6,0.37499999999999994,0.37499999999999994,0.37499999999999994,4824,1.0,0.6,0.6000000134110477,0.6000000491465034,0.37499999999999994,0.3750000052386905,0.3750000191978523
207,3.45,True,valid,0.044747113882644886,0.04541681170559787,0.004789801753220345,0.4457721492578664,0.4447169026162882,0.058229306543688804,0.45881064027769086,0.01565398098760092,0.11986764355381037,0.00022706374103487686,1585.0,2.497609161522424,4.7353125641193415e-06,0,17458,0.13105842471122742,187,3.725290298461914e-09,3240,1.0,0.6,0.6,0.6,0.37499999999999994,0.37499999999999994,0.37499999999999994,3240,1.0,0.6,0.6,0.6,0.37499999999999994,0.37499999999999994,0.37499999999999994,4824,1.0,0.6,0.6000000134110477,0.6000000491465034,0.37499999999999994,0.3750000052386905,0.3750000191978523
208,3.466666666666667,True,valid,0.04028506015728535,0.044377295754666556,0.004356985410145259,0.40425138190066495,0.41390374804564467,0.01271429971085662,0.410945493463555,0.011929975045801967,0.06121273901191441,0.0002138618069040036,1585.0,2.0937669883887033,4.317127713721094e-06,0,17505,0.13611522316932678,189,3.725290298461914e-09,3240,1.0,0.6,0.6,0.6,0.37499999999999994,0.37499999999999994,0.37499999999999994,3240,1.0,0.6,0.6,0.6,0.37499999999999994,0.37499999999999994,0.37499999999999994,4824,1.0,0.6,0.6000000134110477,0.6000000491465034,0.37499999999999994,0.3750000052386905,0.3750000191978523
209,3.4833333333333334,True,valid,0.03714884557701563,0.042850367204507085,0.0038869430838965294,0.3754838190988143,0.38219085817401993,0.028495870597649,0.38919608947437867,0.014327824253214612,0.09450699827350459,0.00020441936606694304,1585.0,2.0123803871761696,4.426945916906153e-06,0,17530,0.14066572487354279,192,7.450580596923828e-09,3240,1.0,0.6,0.6,0.6,0.37499999999999994,0.37499999999999994,0.37499999999999994,3240,1.0,0.6,0.6,0.6,0.37499999999999994,0.37499999999999994,0.37499999999999994,4824,1.0,0.6,0.6000000134110477,0.6000000491465034,0.37499999999999994,0.3750000052386905,0.3750000191978523
210,3.5,True,valid,0.035265859752276,0.040836745467205095,0.0036162773057835723,0.34525843886801355,0.3534971752833023,0.012963937697394234,0.3473538868042222,0.016273600841585186,0.03712999754717875,0.00018932283586087573,1585.0,1.8692123910662897,3.832466994110846e-06,0,17572,0.14418363571166992,190,3.725290298461914e-09,3240,1.0,0.6,0.6,0.6,0.37499999999999994,0.37499999999999994,0.37499999999999994,3240,1.0,0.6,0.6,0.6,0.37499999999999994,0.37499999999999994,0.37499999999999994,4824,1.0,0.6,0.6000000134110477,0.6000000491465034,0.37499999999999994,0.3750000052386905,0.3750000191978523
211,3.5166666666666666,True,valid,0.03474029453861867,0.03842120466578533,0.003447106047111375,0.3256063331946134,0.3313385480909945,0.01588623731368247,0.33144726313241074,0.01005335199445377,0.0891595019383978,0.00018073390772091447,1585.0,2.0361559706853996,3.6258794436962106e-06,0,17584,0.14687508344650269,190,3.725290298461914e-09,3240,1.0,0.6,0.6,0.6,0.37499999999999994,0.37499999999999994,0.37499999999999994,3240,1.0,0.6,0.6,0.6,0.37499999999999994,0.37499999999999994,0.37499999999999994,4824,1.0,0.6,0.6000000134110477,0.6000000491465034,0.37499999999999994,0.3750000052386905,0.3750000191978523
212,3.533333333333333,True,valid,0.03570510847487336,0.036030254543209184,0.0033380910061551377,0.29217980236236435,0.298941420702166,0.009461043370216997,0.29638185468863476,0.00887311898714129,0.05080245262967062,0.00016963433676475993,1585.0,1.4922482763930318,3.351343823043669e-06,0,17545,0.1485641747713089,190,3.725290298461914e-09,3240,1.0,0.6,0.6,0.6,0.37499999999999994,0.37499999999999994,0.37499999999999994,3240,1.0,0.6,0.6,0.6,0.37499999999999994,0.37499999999999994,0.37499999999999994,4824,1.0,0.6,0.6000000134110477,0.6000000491465034,0.37499999999999994,0.3750000052386905,0.3750000191978523
213,3.55,True,valid,0.03847078463245323,0.03403432184738849,0.0035373500259541207,0.27181614720601993,0.27752054937870047,0.00794506071991815,0.27828674562725736,0.007851513751055387,0.056442079190213,0.00017583957603159526,1585.0,1.281235092764764,3.2678630112474262e-06,0,17489,0.14918828010559082,177,3.725290298461914e-09,3240,1.0,0.6,0.6,0.6,0.37499999999999994,0.37499999999999994,0.37499999999999994,3240,1.0,0.6,0.6,0.6,0.37499999999999994,0.37499999999999994,0.37499999999999994,4824,1.0,0.6,0.6000000134110477,0.6000000491465034,0.37499999999999994,0.3750000052386905,0.3750000191978523
214,3.566666666666667,True,valid,0.04296150134513659,0.03296843394414946,0.004009212823211365,0.25780604722969624,0.2615545403966655,0.012735834321821895,0.26985600380723723,0.006982990743784759,0.1045614332739917,0.00016361479495228938,1585.0,1.056613128354393,3.6013494604574444e-06,0,17357,0.14857539534568787,173,7.450580596923828e-09,3240,1.0,0.6,0.6,0.6,0.37499999999999994,0.37499999999999994,0.37499999999999994,3240,1.0,0.6,0.6,0.6,0.37499999999999994,0.37499999999999994,0.37499999999999994,4824,1.0,0.6,0.6000000134110477,0.6000000491465034,0.37499999999999994,0.3750000052386905,0.3750000191978523
215,3.5833333333333335,True,valid,0.04875747127902889,0.03295191473356301,0.00474748462401754,0.2419320212504888,0.24530982982421795,0.006153482571330779,0.27658927836573066,0.005136166786156596,0.13407649001640073,0.00015894393722488793,1585.0,0.9304163603593947,3.174155260897375e-06,0,17089,0.14676572382450104,172,7.450580596923828e-09,3240,1.0,0.6,0.6,0.6,0.37499999999999994,0.37499999999999994,0.37499999999999994,3240,1.0,0.6,0.6,0.6,0.37499999999999994,0.37499999999999994,0.37499999999999994,4824,1.0,0.6,0.6000000134110477,0.6000000491465034,0.37499999999999994,0.3750000052386905,0.3750000191978523
216,3.6,True,valid,0.05514553700057081,0.03384921846244546,0.005538429903048243,0.37342160080719533,0.34524132477860064,0.05139034833219441,0.2975050029169855,0.009284840595972134,0.25367639859971786,0.0001577889778812868,1585.0,10.6495909045097,3.672597150829704e-06,0,16755,0.14364401996135712,173,7.450580596923828e-09,3240,1.0,0.6,0.6,0.6,0.37499999999999994,0.37499999999999994,0.37499999999999994,3240,1.0,0.6,0.6,0.6,0.37499999999999994,0.37499999999999994,0.37499999999999994,4824,1.0,0.6,0.6000000134110477,0.6000000491465034,0.37499999999999994,0.3750000052386905,0.3750000191978523
217,3.6166666666666667,True,valid,0.06130243591504772,0.035160306754238334,0.0059942984727166335,0.34302952076218035,0.31615309296914995,0.04943801249335469,0.30523255801533805,0.0037002818618681634,0.22406812790227718,0.0001669821225189914,1585.0,8.928868931015947,3.4557494366160525e-06,0,16328,0.13934560120105743,174,7.450580596923828e-09,3240,1.0,0.6,0.6,0.6,0.37499999999999994,0.37499999999999994,0.37499999999999994,3240,1.0,0.6,0.6,0.6,0.37499999999999994,0.37499999999999994,0.37499999999999994,4824,1.0,0.6,0.6000000134110477,0.6000000491465034,0.37499999999999994,0.3750000052386905,0.3750000191978523
218,3.6333333333333333,True,valid,0.0659280010231286,0.036258556919860685,0.00637387807914926,0.248830304917092,0.2480008005406704,0.014318014240904287,0.29167579090284185,0.004177374917559853,0.16017865279359034,0.00017247596910630812,1585.0,1.0947596715366543,3.6057153577277357e-06,0,15510,0.1337825059890747,184,7.450580596923828e-09,3240,1.0,0.6,0.6,0.6,0.37499999999999994,0.37499999999999994,0.37499999999999994,3240,1.0,0.6,0.6,0.6,0.37499999999999994,0.37499999999999994,0.37499999999999994,4824,1.0,0.6,0.6000000134110477,0.6000000491465034,0.37499999999999994,0.3750000052386905,0.3750000191978523
219,3.65,True,valid,0.06825688262706278,0.03668642264786862,0.006729970052800943,0.3423375222250806,0.318509296297578,0.05342362072004711,0.3330142752546328,0.00986679291619478,0.2565603450161817,0.00017048496618518336,1585.0,8.509843471673063,3.6475149538869783e-06,0,15504,0.1268838793039322,186,7.450580596923828e-09,3240,1.0,0.6,0.6,0.6,0.37499999999999994,0.37499999999999994,0.37499999999999994,3240,1.0,0.6,0.6,0.6,0.37499999999999994,0.37499999999999994,0.37499999999999994,4824,1.0,0.6,0.6000000134110477,0.6000000491465034,0.37499999999999994,0.3750000052386905,0.3750000191978523
220,3.6666666666666665,True,valid,0.06819304901571137,0.03618880543412616,0.007080797998956161,0.30827450192753364,0.2990177349918179,0.019641540291268866,0.31371361209367477,0.0015520634630742632,0.2199629232599224,0.00015524741839835956,1585.0,6.574740036676069,3.372399245448126e-06,0,15504,0.12235883623361588,187,7.450580596923828e-09,3240,1.0,0.6,0.6,0.6,0.37499999999999994,0.37499999999999994,0.37499999999999994,3240,1.0,0.6,0.6,0.6,0.37499999999999994,0.37499999999999994,0.37499999999999994,4824,1.0,0.6,0.6000000134110477,0.6000000491465034,0.37499999999999994,0.3750000052386905,0.3750000191978523
221,3.683333333333333,True,valid,0.06586942128530643,0.03477476460275271,0.006728478186099951,0.3452758281925701,0.3346440483771808,0.023437971415379427,0.30556503678530383,0.003017416702040104,0.2525472971236366,0.00017299344418747475,1585.0,8.820304070692165,3.6103385231378547e-06,0,15565,0.11830893903970718,188,7.450580596923828e-09,3240,1.0,0.6,0.6,0.6,0.37499999999999994,0.37499999999999994,0.37499999999999994,3240,1.0,0.6,0.6,0.6,0.37499999999999994,0.37499999999999994,0.37499999999999994,4824,1.0,0.6,0.6000000134110477,0.6000000491465034,0.37499999999999994,0.3750000052386905,0.3750000191978523
222,3.7,True,valid,0.06120281187537945,0.03209537822857688,0.0061566925957314165,0.2898200798171618,0.2857978115857909,0.016645196713482628,0.2916947010207889,0.005729573778166835,0.1882511389869361,0.00016357776573524608,1585.0,5.221913443643704,3.3770098705796526e-06,0,15626,0.11430960148572922,191,7.450580596923828e-09,3240,1.0,0.6,0.6,0.6,0.37499999999999994,0.37499999999999994,0.37499999999999994,3240,1.0,0.6,0.6,0.6,0.37499999999999994,0.37499999999999994,0.37499999999999994,4824,1.0,0.6,0.6000000134110477,0.6000000491465034,0.37499999999999994,0.3750000052386905,0.3750000191978523
223,3.716666666666667,True,valid,0.05466265757180219,0.028619082028479386,0.005498510542148035,0.2713646024052353,0.2691768513625709,0.017778934542040915,0.29219513697237665,0.0045958022249982175,0.1593188433805741,0.0001529187091212313,1585.0,3.5352324885197137,3.1554175956267297e-06,0,15628,0.11046964675188065,195,7.450580596923828e-09,3240,1.0,0.6,0.6,0.6,0.37499999999999994,0.37499999999999994,0.37499999999999994,3240,1.0,0.6,0.6,0.6,0.37499999999999994,0.37499999999999994,0.37499999999999994,4824,1.0,0.6,0.6000000134110477,0.6000000491465034,0.37499999999999994,0.3750000052386905,0.3750000191978523
224,3.7333333333333334,True,valid,0.046981478789541745,0.024824818726567284,0.0047392932280061004,0.2577003553411953,0.26136089818389646,0.007076721005950904,0.28692031657366074,0.005724633790511354,0.12190192998418975,0.00015651392334935522,1585.0,1.0902461266693513,3.1572918322208607e-06,0,15628,0.1067449301481247,196,7.450580596923828e-09,3240,1.0,0.6,0.6,0.6,0.37499999999999994,0.37499999999999994,0.37499999999999994,3240,1.0,0.6,0.6,0.6,0.37499999999999994,0.37499999999999994,0.37499999999999994,4824,1.0,0.6,0.6000000134110477,0.6000000491465034,0.37499999999999994,0.3750000052386905,0.3750000191978523
225,3.75,True,valid,0.03889718405941753,0.020866309225911175,0.0041943595020319385,0.2690499563391473,0.2736321713981852,0.0077680137025998635,0.28231795619174316,0.006844750193001924,0.09788491430415887,0.0001502783946069245,1585.0,1.5140687658622298,3.013186812671311e-06,0,15652,0.10334785282611847,197,7.450580596923828e-09,3240,1.0,0.6,0.6,0.6,0.37499999999999994,0.37499999999999994,0.37499999999999994,3240,1.0,0.6,0.6,0.6,0.37499999999999994,0.37499999999999994,0.37499999999999994,4824,1.0,0.6,0.6000000134110477,0.6000000491465034,0.37499999999999994,0.3750000052386905,0.3750000191978523
226,3.7666666666666666,True,valid,0.03155067552098888,0.01721004701725416,0.0038324644778108888,0.285355641967851,0.2913646089060809,0.008365227997135677,0.29655692452707905,0.008050535207195474,0.07451047364006586,0.0001471763543034976,1585.0,1.437454493163961,2.9336180706511907e-06,0,15757,0.10010926425457001,197,3.725290298461914e-09,3240,1.0,0.6,0.6,0.6,0.37499999999999994,0.37499999999999994,0.37499999999999994,3240,1.0,0.6,0.6,0.6,0.37499999999999994,0.37499999999999994,0.37499999999999994,4824,1.0,0.6,0.6000000134110477,0.6000000491465034,0.37499999999999994,0.3750000052386905,0.3750000191978523
227,3.783333333333333,True,valid,0.025870238656235108,0.01433714650433866,0.003529679071781394,0.30700274482399104,0.31394706121853067,0.009815871621581979,0.3123223927378167,0.00907239340738079,0.054711598981278295,0.00015363941560121662,1585.0,1.591212035173703,3.0735896223523093e-06,0,15842,0.09690937399864197,194,3.725290298461914e-09,3240,1.0,0.6,0.6,0.6,0.37499999999999994,0.37499999999999994,0.37499999999999994,3240,1.0,0.6,0.6,0.6,0.37499999999999994,0.37499999999999994,0.37499999999999994,4824,1.0,0.6,0.6000000134110477,0.6000000491465034,0.37499999999999994,0.3750000052386905,0.3750000191978523
228,3.8,True,valid,0.022309127881425403,0.012432933297837062,0.003459857475234509,0.34946618595751044,0.35204126988321277,0.02263769023140216,0.33719634346686683,0.010707184651567453,0.08509796687488858,0.00016156952689958098,1585.0,2.842548044224393,3.243327040180051e-06,0,15895,0.09375332295894623,197,7.450580596923828e-09,3240,1.0,0.6,0.6,0.6,0.37499999999999994,0.37499999999999994,0.37499999999999994,3240,1.0,0.6,0.6,0.6,0.37499999999999994,0.37499999999999994,0.37499999999999994,4824,1.0,0.6,0.6000000134110477,0.6000000491465034,0.37499999999999994,0.3750000052386905,0.3750000191978523
229,3.816666666666667,True,valid,0.021145719395020406,0.011710764175329551,0.0036253356981047332,0.35736553292341117,0.3659175821332846,0.01120455697947196,0.36131860935433696,0.01098924670045212,0.050062253389981055,0.00016815910172261663,1585.0,1.8824146135327973,3.378150031620891e-06,0,15951,0.09096500277519226,196,3.725290298461914e-09,3240,1.0,0.6,0.6,0.6,0.37499999999999994,0.37499999999999994,0.37499999999999994,3240,1.0,0.6,0.6,0.6,0.37499999999999994,0.37499999999999994,0.37499999999999994,4824,1.0,0.6,0.6000000134110477,0.6000000491465034,0.37499999999999994,0.3750000052386905,0.3750000191978523
230,3.8333333333333335,True,valid,0.02252156775886764,0.012377774209434327,0.003908391672495511,0.3821446457316713,0.39118755490568025,0.01262483221095989,0.38573340294803915,0.011680995036117149,0.048536929821691735,0.00017679368706279022,1585.0,2.0061539296737547,3.598244120896335e-06,0,15997,0.08815492689609528,191,7.450580596923828e-09,3240,1.0,0.6,0.6,0.6,0.37499999999999994,0.37499999999999994,0.37499999999999994,3240,1.0,0.6,0.6,0.6,0.37499999999999994,0.37499999999999994,0.37499999999999994,4824,1.0,0.6,0.6000000134110477,0.6000000491465034,0.37499999999999994,0.3750000052386905,0.3750000191978523
231,3.85,True,valid,0.026272461543076515,0.01448064007273666,0.004332301080254824,0.40673375017553004,0.4164255339975281,0.013203355358536678,0.41431247162375,0.012347221452879777,0.0734699209821104,0.00018554302263879127,1585.0,2.10500008738276,3.791212822986157e-06,0,15997,0.0851389616727829,193,3.725290298461914e-09,3240,1.0,0.6,0.6,0.6,0.37499999999999994,0.37499999999999994,0.37499999999999994,3240,1.0,0.6,0.6,0.6,0.37499999999999994,0.37499999999999994,0.37499999999999994,4824,1.0,0.6,0.6000000134110477,0.6000000491465034,0.37499999999999994,0.3750000052386905,0.3750000191978523
232,3.8666666666666667,True,valid,0.03203865411194766,0.017710675091850227,0.00488811139370252,0.43171064056378194,0.4416861840463224,0.013583107876191576,0.43720915603132465,0.012724326551201088,0.06757872764152631,0.00019244604219625298,1585.0,2.1945847427672405,3.954637471101537e-06,0,15999,0.08182643353939056,191,1.862645149230957e-09,3240,1.0,0.6,0.6,0.6,0.37499999999999994,0.37499999999999994,0.37499999999999994,3240,1.0,0.6,0.6,0.6,0.37499999999999994,0.37499999999999994,0.37499999999999994,4824,1.0,0.6,0.6000000134110477,0.6000000491465034,0.37499999999999994,0.3750000052386905,0.3750000191978523
233,3.8833333333333333,True,valid,0.03924781909221051,0.021648511794948252,0.005492155858056071,0.4573001762202328,0.4674227142786302,0.01814065356549183,0.46625994183962893,0.013356411328767782,0.08827439584437699,0.00020232017329057858,1585.0,2.3020871054573004,4.177701651699094e-06,0,15994,0.0784364640712738,187,1.862645149230957e-09,3240,1.0,0.6,0.6,0.6,0.37499999999999994,0.37499999999999994,0.37499999999999994,3240,1.0,0.6,0.6,0.6,0.37499999999999994,0.37499999999999994,0.37499999999999994,4824,1.0,0.6,0.6000000134110477,0.6000000491465034,0.37499999999999994,0.3750000052386905,0.3750000191978523
234,3.9,True,valid,0.047032427570423085,0.025718236222820743,0.006115829562733603,0.49009526869583847,0.49961048885038434,0.016144464558210624,0.4929701946270871,0.013405529751565918,0.1285168654577239,0.00021262341787855815,1585.0,2.699801969335765,4.420114382567222e-06,0,15980,0.07449545711278915,186,2.7939677238464355e-09,3240,1.0,0.6,0.6,0.6,0.37499999999999994,0.37499999999999994,0.37499999999999994,3240,1.0,0.6,0.6,0.6,0.37499999999999994,0.37499999999999994,0.37499999999999994,4824,1.0,0.6,0.6000000134110477,0.6000000491465034,0.37499999999999994,0.3750000052386905,0.3750000191978523
235,3.9166666666666665,True,valid,0.05443904148309233,0.029492500504568725,0.0067516769655912275,0.5030106541543706,0.5132359259977826,0.017198928402982726,0.5215690252911985,0.013663196484904088,0.15505340400167844,0.00021980131562125184,1585.0,2.4337429036042666,4.621416872947133e-06,0,15945,0.07071512937545776,188,3.725290298461914e-09,3240,1.0,0.6,0.6,0.6,0.37499999999999994,0.37499999999999994,0.37499999999999994,3240,1.0,0.6,0.6,0.6,0.37499999999999994,0.37499999999999994,0.37499999999999994,4824,1.0,0.6,0.6000000134110477,0.6000000491465034,0.37499999999999994,0.3750000052386905,0.3750000191978523
236,3.933333333333333,True,valid,0.06074307503091651,0.032610913536535065,0.007389765160921048,0.5141237541466054,0.52486742095355,0.014629106203467317,0.5498715173517894,0.013445920502102656,0.1830810401114298,0.00022352405284877097,1585.0,2.443956650014428,4.7299469002490875e-06,0,15915,0.06617560982704163,183,2.561137080192566e-09,3240,1.0,0.6,0.6,0.6,0.37499999999999994,0.37499999999999994,0.37499999999999994,3240,1.0,0.6,0.6,0.6,0.37499999999999994,0.37499999999999994,0.37499999999999994,4824,1.0,0.6,0.6000000134110477,0.6000000491465034,0.37499999999999994,0.3750000052386905,0.3750000191978523
237,3.95,True,valid,0.06532888566702263,0.0347754411066069,0.007816156512831204,0.5259452648793165,0.5365980584268522,0.0146727111324188,0.5526795373445579,0.013517937335087476,0.16495522099993723,0.0002291042467785231,1585.0,2.4138965676486075,4.85074066644293e-06,0,15921,0.06117531657218933,183,3.4924596548080444e-09,3240,1.0,0.6,0.6,0.6,0.37499999999999994,0.37499999999999994,0.37499999999999994,3240,1.0,0.6,0.6,0.6,0.37499999999999994,0.37499999999999994,0.37499999999999994,4824,1.0,0.6,0.6000000134110477,0.6000000491465034,0.37499999999999994,0.3750000052386905,0.3750000191978523
238,3.966666666666667,True,valid,0.06756525518328248,0.03583634639386863,0.007909323495844885,0.5343492480436145,0.5447109496943838,0.014536058910758336,0.5539024285081472,0.013493683654833,0.169035770672151,0.00023535286563609786,1585.0,2.775032376789487,4.9829481904295455e-06,0,15917,0.060938090085983276,185,3.725290298461914e-09,3240,1.0,0.6,0.6,0.6,0.37499999999999994,0.37499999999999994,0.37499999999999994,3240,1.0,0.6,0.6,0.6,0.37499999999999994,0.37499999999999994,0.37499999999999994,4824,1.0,0.6,0.6000000134110477,0.6000000491465034,0.37499999999999994,0.3750000052386905,0.3750000191978523
239,3.9833333333333334,True,valid,0.06694646211582599,0.03558890066838786,0.00786211209682072,0.520906810020194,0.5306411454454886,0.026823599915955305,0.5595794690988815,0.01380625036219804,0.1918824846701243,0.00023339266564434915,1585.0,2.28833885991686,4.9860169991631815e-06,0,15931,0.06744426488876343,187,5.587935447692871e-09,3240,1.0,0.6,0.6,0.6,0.37499999999999994,0.37499999999999994,0.37499999999999994,3240,1.0,0.6,0.6,0.6,0.37499999999999994,0.37499999999999994,0.37499999999999994,4824,1.0,0.6,0.6000000134110477,0.6000000491465034,0.37499999999999994,0.3750000052386905,0.3750000191978523
240,4.0,True,valid,0.06376763782181098,0.03400401317627212,0.007566911864536872,0.513878004373337,0.5226494518877475,0.03091854760619002,0.5353241833176656,0.013375320873925537,0.14829880892752859,0.00022234712877866857,1585.0,2.2314099573023447,4.818446698586937e-06,0,15947,0.0751887857913971,185,7.450580596923828e-09,3240,1.0,0.6,0.6,0.6,0.37499999999999994,0.37499999999999994,0.37499999999999994,3240,1.0,0.6,0.6,0.6,0.37499999999999994,0.37499999999999994,0.37499999999999994,4824,1.0,0.6,0.6000000134110477,0.6000000491465034,0.37499999999999994,0.3750000052386905,0.3750000191978523
241,4.016666666666667,True,valid,0.05833494004740753,0.031208591897079665,0.007017109809081657,0.48918665029636554,0.49924189350355563,0.014062307711185898,0.5057169819123845,0.012846541780271474,0.13548093720798057,0.00022485951628694464,1585.0,2.1416893075139476,4.706539736075999e-06,0,15909,0.08337059617042542,187,5.587935447692871e-09,3240,1.0,0.6,0.6,0.6,0.37499999999999994,0.37499999999999994,0.37499999999999994,3240,1.0,0.6,0.6,0.6,0.37499999999999994,0.37499999999999994,0.37499999999999994,4824,1.0,0.6,0.6000000134110477,0.6000000491465034,0.37499999999999994,0.3750000052386905,0.3750000191978523
242,4.033333333333333,True,valid,0.05115483846095668,0.027517371836980234,0.0064143639025153075,0.49611403980545155,0.4938123307008063,0.042644370994075045,0.48788499738112406,0.012853766605344034,0.16418200258737256,0.00020867573546384002,1585.0,5.776236605677107,4.360274710619972e-06,0,15861,0.0923633724451065,188,3.725290298461914e-09,3240,1.0,0.6,0.6,0.6,0.37499999999999994,0.37499999999999994,0.37499999999999994,3240,1.0,0.6,0.6,0.6,0.37499999999999994,0.37499999999999994,0.37499999999999994,4824,1.0,0.6,0.6000000134110477,0.6000000491465034,0.37499999999999994,0.3750000052386905,0.3750000191978523
243,4.05,True,valid,0.04338784547331201,0.023328271673574742,0.005620408533539752,0.4281580549932622,0.4375973989133765,0.015427385181718512,0.44001094436730037,0.01188638051241539,0.10400051074055484,0.00019602654013290685,1585.0,1.9844535682306557,4.0455527634915744e-06,0,15893,0.10189573466777802,187,3.725290298461914e-09,3240,1.0,0.6,0.6,0.6,0.37499999999999994,0.37499999999999994,0.37499999999999994,3240,1.0,0.6,0.6,0.6,0.37499999999999994,0.37499999999999994,0.37499999999999994,4824,1.0,0.6,0.6000000134110477,0.6000000491465034,0.37499999999999994,0.3750000052386905,0.3750000191978523
244,4.066666666666666,True,valid,0.03606684448437946,0.019477816027610464,0.004826281387915845,0.39731292605936747,0.4063982709276506,0.012409106636980331,0.40425111174293266,0.01126664414344007,0.0682813049181434,0.000187231008496078,1585.0,1.9035989216435711,3.818217066393123e-06,0,15915,0.11137482523918152,187,7.450580596923828e-09,3240,1.0,0.6,0.6,0.6,0.37499999999999994,0.37499999999999994,0.37499999999999994,3240,1.0,0.6,0.6,0.6,0.37499999999999994,0.37499999999999994,0.37499999999999994,4824,1.0,0.6,0.6000000134110477,0.6000000491465034,0.37499999999999994,0.3750000052386905,0.3750000191978523
245,4.083333333333333,True,valid,0.030003313254176454,0.01677647559398022,0.0041804526904151585,0.36529099737487036,0.37393245455443996,0.01134572582409463,0.37123861415175025,0.01060589568013436,0.06524519992717819,0.00017784624985962575,1585.0,1.754415323734784,3.565938815503406e-06,0,15887,0.12126254290342331,188,7.450580596923828e-09,3240,1.0,0.6,0.6,0.6,0.37499999999999994,0.37499999999999994,0.37499999999999994,3240,1.0,0.6,0.6,0.6,0.37499999999999994,0.37499999999999994,0.37499999999999994,4824,1.0,0.6,0.6000000134110477,0.6000000491465034,0.37499999999999994,0.3750000052386905,0.3750000191978523
246,4.1,True,valid,0.026087466388682132,0.01620710199545276,0.0036358857267868704,0.33078756308199103,0.33836896641001957,0.014494773460855485,0.3348145402129444,0.010180853860708647,0.051324591729128934,0.00016548422884013884,1585.0,1.5824789978913143,3.3164589929447393e-06,0,15856,0.13101299107074738,188,7.450580596923828e-09,3240,1.0,0.6,0.6,0.6,0.37499999999999994,0.37499999999999994,0.37499999999999994,3240,1.0,0.6,0.6,0.6,0.37499999999999994,0.37499999999999994,0.37499999999999994,4824,1.0,0.6,0.6000000134110477,0.6000000491465034,0.37499999999999994,0.3750000052386905,0.3750000191978523
247,4.116666666666666,True,valid,0.024956927124763835,0.018056890984406514,0.003281364614535692,0.30016241236766367,0.30730786914521185,0.009499506110369645,0.30261504867773326,0.008917981566534134,0.056371822585019334,0.0001573722586140635,1585.0,1.4418533975945405,3.12270960461387e-06,0,15942,0.14057499170303345,188,3.725290298461914e-09,3240,1.0,0.6,0.6,0.6,0.37499999999999994,0.37499999999999994,0.37499999999999994,3240,1.0,0.6,0.6,0.6,0.37499999999999994,0.37499999999999994,0.37499999999999994,4824,1.0,0.6,0.6000000134110477,0.6000000491465034,0.37499999999999994,0.3750000052386905,0.3750000191978523
248,4.133333333333334,True,valid,0.026639433175734046,0.021671313562050293,0.003099406809457562,0.2676575628142866,0.2737058990480312,0.011034334122297079,0.27208157242082326,0.008127685586598769,0.04706401042742578,0.00015281030135443424,1585.0,1.2503328795615505,3.006800959859755e-06,0,16236,0.1495843380689621,188,3.725290298461914e-09,3240,1.0,0.6,0.6,0.6,0.37499999999999994,0.37499999999999994,0.37499999999999994,3240,1.0,0.6,0.6,0.6,0.37499999999999994,0.37499999999999994,0.37499999999999994,4824,1.0,0.6,0.6000000134110477,0.6000000491465034,0.37499999999999994,0.3750000052386905,0.3750000191978523
249,4.15,True,valid,0.030731735567674237,0.02634105194408285,0.003176056426491675,0.23899703789101695,0.2441739221932494,0.007604870668551735,0.2456166754847421,0.0068990155778502005,0.05358996668261308,0.00014530034184464258,1585.0,1.010482558635631,2.856271211603189e-06,0,16676,0.15831208229064941,189,7.450580596923828e-09,3240,1.0,0.6,0.6,0.6,0.37499999999999994,0.37499999999999994,0.37499999999999994,3240,1.0,0.6,0.6,0.6,0.37499999999999994,0.37499999999999994,0.37499999999999994,4824,1.0,0.6,0.6000000134110477,0.6000000491465034,0.37499999999999994,0.3750000052386905,0.3750000191978523
250,4.166666666666667,True,valid,0.03672322289941257,0.03150955327293046,0.0034939660182157473,0.22150724096741498,0.2254432195851396,0.006061533949335094,0.22956923794785075,0.005679177775952862,0.07514035824954095,0.00014625981739563133,1585.0,1.0828189677051547,2.8683638432196985e-06,0,16996,0.16636934876441956,190,7.450580596923828e-09,3240,1.0,0.6,0.6,0.6,0.37499999999999994,0.37499999999999994,0.37499999999999994,3240,1.0,0.6,0.6,0.6,0.37499999999999994,0.37499999999999994,0.37499999999999994,4824,1.0,0.6,0.6000000134110477,0.6000000491465034,0.37499999999999994,0.3750000052386905,0.3750000191978523
251,4.183333333333334,True,valid,0.04398690853056134,0.03678006186796834,0.003987040050981059,0.20703663939757938,0.20974115376522728,0.0049388284293144695,0.2243121759351152,0.00550294094663901,0.08864888912379272,0.00014840845785208225,1585.0,1.131096746387826,2.9129369353561248e-06,0,17170,0.1735895723104477,190,7.450580596923828e-09,3240,1.0,0.6,0.6,0.6,0.37499999999999994,0.37499999999999994,0.37499999999999994,3240,1.0,0.6,0.6,0.6,0.37499999999999994,0.37499999999999994,0.37499999999999994,4824,1.0,0.6,0.6000000134110477,0.6000000491465034,0.37499999999999994,0.3750000052386905,0.3750000191978523
252,4.2,True,valid,0.051815741303105525,0.04182758811675085,0.004676734177154233,0.20642626482012985,0.20774736863496787,0.0066633994815447125,0.23091264197750255,0.0035367212947488,0.1086518479654587,0.0001504169403134565,1585.0,1.5069629037451517,2.9759013392170412e-06,0,17288,0.18019166588783264,193,7.450580596923828e-09,3240,1.0,0.6,0.6,0.6,0.37499999999999994,0.37499999999999994,0.37499999999999994,3240,1.0,0.6,0.6,0.6,0.37499999999999994,0.37499999999999994,0.37499999999999994,4824,1.0,0.6,0.6000000134110477,0.6000000491465034,0.37499999999999994,0.3750000052386905,0.3750000191978523
253,4.216666666666667,True,valid,0.0594779655209358,0.046345600032482934,0.0054330124630047345,0.21177028906727105,0.21215669446728586,0.006289260634490483,0.249976051694752,0.002403239973215003,0.1218034865749453,0.00015437435966580553,1585.0,0.8485720003199093,3.1267114526554897e-06,0,17378,0.18562978506088257,192,7.450580596923828e-09,3240,1.0,0.6,0.6,0.6,0.37499999999999994,0.37499999999999994,0.37499999999999994,3240,1.0,0.6,0.6,0.6,0.37499999999999994,0.37499999999999994,0.37499999999999994,4824,1.0,0.6,0.6000000134110477,0.6000000491465034,0.37499999999999994,0.3750000052386905,0.3750000191978523
254,4.233333333333333,True,valid,0.06623216303191139,0.05003340851699536,0.006085517163833306,0.23307087880033284,0.23199463218597297,0.007054934336072924,0.2696859859368216,0.0011513963890686064,0.15792357402529297,0.00016113978718912387,1585.0,2.476063585484201,3.2933422606229613e-06,0,17412,0.18987378478050232,194,7.450580596923828e-09,3240,1.0,0.6,0.6,0.6,0.37499999999999994,0.37499999999999994,0.37499999999999994,3240,1.0,0.6,0.6,0.6,0.37499999999999994,0.37499999999999994,0.37499999999999994,4824,1.0,0.6,0.6000000134110477,0.6000000491465034,0.37499999999999994,0.3750000052386905,0.3750000191978523
255,4.25,True,valid,0.07127626085664582,0.052626134441208124,0.006547051468766458,0.2817604406834802,0.2676441998501067,0.0342301635536978,0.3044939252461064,0.0007467834075532255,0.16959695210210346,0.0001671994696649109,1585.0,4.184880324189319,3.494171449482683e-06,0,17438,0.19260503351688385,195,7.450580596923828e-09,3240,1.0,0.6,0.6,0.6,0.37499999999999994,0.37499999999999994,0.37499999999999994,3240,1.0,0.6,0.6,0.6,0.37499999999999994,0.37499999999999994,0.37499999999999994,4824,1.0,0.6,0.6000000134110477,0.6000000491465034,0.37499999999999994,0.3750000052386905,0.3750000191978523
256,4.266666666666667,True,valid,0.07393098405705166,0.0539887790421842,0.006847218266433052,0.31208261658770187,0.29275252058064893,0.04173380046836151,0.3236159365373897,0.0018387196033510392,0.18362826201110358,0.00016750329688276097,1585.0,4.648029345270801,3.554300377461633e-06,0,17460,0.19369609653949738,195,7.450580596923828e-09,3240,1.0,0.6,0.6,0.6,0.37499999999999994,0.37499999999999994,0.37499999999999994,3240,1.0,0.6,0.6,0.6,0.37499999999999994,0.37499999999999994,0.37499999999999994,4824,1.0,0.6,0.6000000134110477,0.6000000491465034,0.37499999999999994,0.3750000052386905,0.3750000191978523
257,4.283333333333333,True,valid,0.07394586623344254,0.054046251727336306,0.00691967496605929,0.3045275083082683,0.29277595113497656,0.03303091663266905,0.3329818901296091,0.0031209880163125788,0.17677245824098603,0.0001635353569746647,1585.0,4.29411244397768,3.518260210957795e-06,0,17474,0.19309969246387482,197,7.450580596923828e-09,3240,1.0,0.6,0.6,0.6,0.37499999999999994,0.37499999999999994,0.37499999999999994,3240,1.0,0.6,0.6,0.6,0.37499999999999994,0.37499999999999994,0.37499999999999994,4824,1.0,0.6,0.6000000134110477,0.6000000491465034,0.37499999999999994,0.3750000052386905,0.3750000191978523
258,4.3,True,valid,0.07140126844261722,0.05283076387624607,0.0067478231573639014,0.32849631114276817,0.31646196225596857,0.034435754532605764,0.3385047539972744,0.004710568270714712,0.20533005510931351,0.00015903910038826997,1585.0,6.281816074096835,3.4330886168918833e-06,0,17474,0.19076396524906158,197,7.450580596923828e-09,3240,1.0,0.6,0.6,0.6,0.37499999999999994,0.37499999999999994,0.37499999999999994,3240,1.0,0.6,0.6,0.6,0.37499999999999994,0.37499999999999994,0.37499999999999994,4824,1.0,0.6,0.6000000134110477,0.6000000491465034,0.37499999999999994,0.3750000052386905,0.3750000191978523
259,4.316666666666666,True,valid,0.06667407067157048,0.050423626647894064,0.006384688167926384,0.288547391632687,0.29086842428851767,0.016237808519980475,0.33444602659869044,0.006563508088732071,0.15045365249421322,0.00015201135162151738,1585.0,1.0482547520892407,3.2466677812069917e-06,0,17475,0.1867232322692871,197,7.450580596923828e-09,3240,1.0,0.6,0.6,0.6,0.37499999999999994,0.37499999999999994,0.37499999999999994,3240,1.0,0.6,0.6,0.6,0.37499999999999994,0.37499999999999994,0.37499999999999994,4824,1.0,0.6,0.6000000134110477,0.6000000491465034,0.37499999999999994,0.3750000052386905,0.3750000191978523
260,4.333333333333333,True,valid,0.060394388409986476,0.04697402033522115,0.005854366235153417,0.30753860580114983,0.30939878871922233,0.012361945705889549,0.33186248958477255,0.006947566044215591,0.14601293218857359,0.0001502611169158385,1585.0,2.691755309265497,3.205259174739002e-06,0,17472,0.18110311031341553,196,3.725290298461914e-09,3240,1.0,0.6,0.6,0.6,0.37499999999999994,0.37499999999999994,0.37499999999999994,3240,1.0,0.6,0.6,0.6,0.37499999999999994,0.37499999999999994,0.37499999999999994,4824,1.0,0.6,0.6000000134110477,0.6000000491465034,0.37499999999999994,0.3750000052386905,0.3750000191978523
261,4.35,True,valid,0.05315563361062309,0.04273472461109474,0.005342260112528245,0.30928705290176717,0.31441153390392296,0.008242001959846751,0.3315701585199091,0.007881205591792477,0.11083170247875847,0.00015127236574319908,1585.0,1.4546444717690303,3.1867769193938897e-06,0,17458,0.17408601939678192,196,3.725290298461914e-09,3240,1.0,0.6,0.6,0.6,0.37499999999999994,0.37499999999999994,0.37499999999999994,3240,1.0,0.6,0.6,0.6,0.37499999999999994,0.37499999999999994,0.37499999999999994,4824,1.0,0.6,0.6000000134110477,0.6000000491465034,0.37499999999999994,0.3750000052386905,0.3750000191978523
262,4.366666666666666,True,valid,0.0457674110531374,0.03791912253977415,0.004886955287013131,0.3224050932225822,0.3285910364020138,0.00949387928097167,0.33981234039285907,0.00864145948084795,0.09436487765351725,0.0001514875895929812,1585.0,1.637055934130806,3.132670206150791e-06,0,17441,0.1657959520816803,195,3.725290298461914e-09,3240,1.0,0.6,0.6,0.6,0.37499999999999994,0.37499999999999994,0.37499999999999994,3240,1.0,0.6,0.6,0.6,0.37499999999999994,0.37499999999999994,0.37499999999999994,4824,1.0,0.6,0.6000000134110477,0.6000000491465034,0.37499999999999994,0.3750000052386905,0.3750000191978523
263,4.383333333333334,True,valid,0.038994614045368726,0.032727248491495504,0.004523053348701098,0.33944374665838334,0.346560476855482,0.009911569733458884,0.3510324202055061,0.009513587499850469,0.07984045760062598,0.0001567051638954767,1585.0,1.7991624458450424,3.227309090255551e-06,0,17396,0.1563178151845932,195,3.725290298461914e-09,3240,1.0,0.6,0.6,0.6,0.37499999999999994,0.37499999999999994,0.37499999999999994,3240,1.0,0.6,0.6,0.6,0.37499999999999994,0.37499999999999994,0.37499999999999994,4824,1.0,0.6,0.6000000134110477,0.6000000491465034,0.37499999999999994,0.3750000052386905,0.3750000191978523
264,4.4,True,valid,0.033362996573830496,0.02737649465765536,0.004331103290081859,0.3611686743944246,0.3691157323291231,0.010715047147993371,0.3676163676616628,0.010449837281933695,0.07189345131920187,0.00016405955479943373,1585.0,1.9136329614275904,3.381548013512875e-06,0,17345,0.14585624635219574,194,7.450580596923828e-09,3240,1.0,0.6,0.6,0.6,0.37499999999999994,0.37499999999999994,0.37499999999999994,3240,1.0,0.6,0.6,0.6,0.37499999999999994,0.37499999999999994,0.37499999999999994,4824,1.0,0.6,0.6000000134110477,0.6000000491465034,0.37499999999999994,0.3750000052386905,0.3750000191978523
265,4.416666666666667,True,valid,0.02929147500943543,0.02224208012216811,0.004276077328643354,0.4228212055743523,0.400540394748929,0.09417600639796884,0.4521773772300586,0.018251991663822107,0.10621100535226242,0.000171454593209731,1585.0,4.57540347053208,3.650095183378355e-06,0,17226,0.1346072554588318,193,7.450580596923828e-09,3240,1.0,0.6,0.6,0.6,0.37499999999999994,0.37499999999999994,0.37499999999999994,3240,1.0,0.6,0.6,0.6,0.37499999999999994,0.37499999999999994,0.37499999999999994,4824,1.0,0.6,0.6000000134110477,0.6000000491465034,0.37499999999999994,0.3750000052386905,0.3750000191978523
266,4.433333333333334,True,valid,0.027315619604545312,0.017978037311500043,0.004326674412324792,0.40036999137131024,0.40981803904086234,0.012398331376543016,0.4080899938190368,0.01201339642216528,0.07031479946946327,0.00017932919991890014,1585.0,2.114295548867694,3.691132360885595e-06,0,16958,0.12263929843902588,191,7.450580596923828e-09,3240,1.0,0.6,0.6,0.6,0.37499999999999994,0.37499999999999994,0.37499999999999994,3240,1.0,0.6,0.6,0.6,0.37499999999999994,0.37499999999999994,0.37499999999999994,4824,1.0,0.6,0.6000000134110477,0.6000000491465034,0.37499999999999994,0.3750000052386905,0.3750000191978523
267,4.45,True,valid,0.028032363020350823,0.015785633345283188,0.004500971242200265,0.42104412460723,0.4310001348427344,0.012992029102616286,0.42983743224596754,0.01270451874688989,0.07544273567309866,0.00019170935913209397,1585.0,2.209988205304682,3.95518261476509e-06,0,16450,0.11011580377817154,189,3.725290298461914e-09,3240,1.0,0.6,0.6,0.6,0.37499999999999994,0.37499999999999994,0.37499999999999994,3240,1.0,0.6,0.6,0.6,0.37499999999999994,0.37499999999999994,0.37499999999999994,4824,1.0,0.6,0.6000000134110477,0.6000000491465034,0.37499999999999994,0.3750000052386905,0.3750000191978523
268,4.466666666666667,True,valid,0.03153507131479299,0.01686409733881882,0.004848186437652962,0.44305781636144315,0.45333240450447443,0.013529953236151589,0.451504990876216,0.013283535995987708,0.08427220373566599,0.0002002451362941146,1585.0,2.2800203682473033,4.093251273070553e-06,0,16024,0.09735534340143204,188,3.725290298461914e-09,3240,1.0,0.6,0.6,0.6,0.37499999999999994,0.37499999999999994,0.37499999999999994,3240,1.0,0.6,0.6,0.6,0.37499999999999994,0.37499999999999994,0.37499999999999994,4824,1.0,0.6,0.6000000134110477,0.6000000491465034,0.37499999999999994,0.3750000052386905,0.3750000191978523
269,4.483333333333333,True,valid,0.037322101405180996,0.020693023598397305,0.005311165764862051,0.4615978430347012,0.4722831006061256,0.014134763732477282,0.47582034831901127,0.014227281303371812,0.10816543154594271,0.0002094744909318618,1585.0,2.3012231503584974,4.292723557146506e-06,0,15986,0.08407160639762878,188,1.862645149230957e-09,3240,1.0,0.6,0.6,0.6,0.37499999999999994,0.37499999999999994,0.37499999999999994,3240,1.0,0.6,0.6,0.6,0.37499999999999994,0.37499999999999994,0.37499999999999994,4824,1.0,0.6,0.6000000134110477,0.6000000491465034,0.37499999999999994,0.3750000052386905,0.3750000191978523
270,4.5,True,valid,0.04453089222910288,0.025817535344176006,0.005877931348701548,0.4958667178511947,0.4990968961675856,0.05043159827982104,0.5050602332121529,0.01523685445894159,0.16868589461950215,0.0002239330483538943,1585.0,2.705990657205421,5.430108563534357e-06,0,15908,0.07031815499067307,190,3.725290298461914e-09,3240,1.0,0.6,0.6,0.6,0.37499999999999994,0.37499999999999994,0.37499999999999994,3240,1.0,0.6,0.6,0.6,0.37499999999999994,0.37499999999999994,0.37499999999999994,4824,1.0,0.6,0.6000000134110477,0.6000000491465034,0.37499999999999994,0.3750000052386905,0.3750000191978523
271,4.516666666666667,True,valid,0.052250632370195234,0.031215653288739355,0.006524985146938923,0.5186935642361409,0.5251203250572454,0.026324587560537557,0.5260334043807474,0.014536100940251952,0.18769140948180943,0.00023307049807445865,1585.0,5.091568878967773,4.9098459365420305e-06,0,15875,0.060189541429281235,189,3.259629011154175e-09,3240,1.0,0.6,0.6,0.6,0.37499999999999994,0.37499999999999994,0.37499999999999994,3240,1.0,0.6,0.6,0.6,0.37499999999999994,0.37499999999999994,0.37499999999999994,4824,1.0,0.6,0.6000000134110477,0.6000000491465034,0.37499999999999994,0.3750000052386905,0.3750000191978523
272,4.533333333333333,True,valid,0.05961918273209021,0.036115070649158754,0.006986170621295646,0.5620427906753152,0.5557443232368502,0.060370646124254294,0.5514293936202752,0.018563034411098456,0.2207622787927747,0.00024372329428172035,1585.0,4.57005631036946,5.276812412421907e-06,0,16002,0.07275217771530151,188,3.14321368932724e-09,3240,1.0,0.6,0.6,0.6,0.37499999999999994,0.37499999999999994,0.37499999999999994,3240,1.0,0.6,0.6,0.6,0.37499999999999994,0.37499999999999994,0.37499999999999994,4824,1.0,0.6,0.6000000134110477,0.6000000491465034,0.37499999999999994,0.3750000052386905,0.3750000191978523
273,4.55,True,valid,0.06559207048029145,0.040227638054510316,0.007344093094485336,0.6555435263032006,0.646499866745762,0.0436863587983354,0.5632165773405363,0.01528742662552756,0.40187762984842207,0.0002540020507649752,1585.0,15.621987069688851,5.435905089800208e-06,0,16339,0.08471092581748962,188,2.3283064365386963e-09,3240,1.0,0.6,0.6,0.6,0.37499999999999994,0.37499999999999994,0.37499999999999994,3240,1.0,0.6,0.6,0.6,0.37499999999999994,0.37499999999999994,0.37499999999999994,4824,1.0,0.6,0.6000000134110477,0.6000000491465034,0.37499999999999994,0.3750000052386905,0.3750000191978523
274,4.566666666666666,True,valid,0.06954655544616048,0.043323216199136226,0.007649416162848805,0.5442797541483855,0.5423003406000998,0.07379129624658663,0.6079720080072383,0.017806698155240698,0.2551870126351353,0.0002570899553625821,1585.0,3.065501266422076,5.469585175570629e-06,0,16634,0.09578724205493927,187,2.7939677238464355e-09,3240,1.0,0.6,0.6,0.6,0.37499999999999994,0.37499999999999994,0.37499999999999994,3240,1.0,0.6,0.6,0.6,0.37499999999999994,0.37499999999999994,0.37499999999999994,4824,1.0,0.6,0.6000000134110477,0.6000000491465034,0.37499999999999994,0.3750000052386905,0.3750000191978523
275,4.583333333333333,True,valid,0.0710699219629237,0.045308585052270034,0.007705193054659102,0.6256715066031496,0.6045810302443111,0.06956770650768454,0.5682594598538284,0.016774559844797858,0.32458640511755854,0.00025904517927502723,1585.0,12.722688992550175,5.519433319527414e-06,0,16826,0.10585130006074905,189,3.725290298461914e-09,3240,1.0,0.6,0.6,0.6,0.37499999999999994,0.37499999999999994,0.37499999999999994,3240,1.0,0.6,0.6,0.6,0.37499999999999994,0.37499999999999994,0.37499999999999994,4824,1.0,0.6,0.6000000134110477,0.6000000491465034,0.37499999999999994,0.3750000052386905,0.3750000191978523
276,4.6,True,valid,0.07008982462287151,0.046212736482722214,0.00755063369449684,0.530933147776818,0.5344921228540109,0.03112771141470291,0.5442149253141619,0.014753008027154105,0.23964974105720863,0.0002567887485381797,1585.0,6.416350892308856,5.362062529508559e-06,0,17014,0.1147279292345047,189,7.450580596923828e-09,3240,1.0,0.6,0.6,0.6,0.37499999999999994,0.37499999999999994,0.37499999999999994,3240,1.0,0.6,0.6,0.6,0.37499999999999994,0.37499999999999994,0.37499999999999994,4824,1.0,0.6,0.6000000134110477,0.6000000491465034,0.37499999999999994,0.3750000052386905,0.3750000191978523
277,4.616666666666666,True,valid,0.06686568524546865,0.04607534434529526,0.007131810512536788,0.5043403448119688,0.508391556422336,0.04312433687198307,0.5224426913590887,0.020527481825523632,0.22864156574443936,0.0002460226344894668,1585.0,4.21081832200167,5.16394769003615e-06,0,17146,0.12230230867862701,188,3.725290298461914e-09,3240,1.0,0.6,0.6,0.6,0.37499999999999994,0.37499999999999994,0.37499999999999994,3240,1.0,0.6,0.6,0.6,0.37499999999999994,0.37499999999999994,0.37499999999999994,4824,1.0,0.6,0.6000000134110477,0.6000000491465034,0.37499999999999994,0.3750000052386905,0.3750000191978523
278,4.633333333333334,True,valid,0.06177297081656005,0.04516728134540448,0.0065042552716348834,0.5389025630000772,0.4927525755659424,0.14249687887750165,0.6135359615172767,0.04041131028307202,0.25659277639262995,0.00024015752532257053,1585.0,5.462593071527487,5.305887169507486e-06,0,17246,0.1287669688463211,187,3.725290298461914e-09,3240,1.0,0.6,0.6,0.6,0.37499999999999994,0.37499999999999994,0.37499999999999994,3240,1.0,0.6,0.6,0.6,0.37499999999999994,0.37499999999999994,0.37499999999999994,4824,1.0,0.6,0.6000000134110477,0.6000000491465034,0.37499999999999994,0.3750000052386905,0.3750000191978523
279,4.65,True,valid,0.05546810316960634,0.043642205451245614,0.005771172620772742,0.6004638343208363,0.5499466014132014,0.11353926172086305,0.49570175104639025,0.019471054455788034,0.30736795385686455,0.0002269072233978154,1585.0,12.834876203881336,5.592336396759947e-06,0,17314,0.13401851058006287,187,3.725290298461914e-09,3240,1.0,0.6,0.6,0.6,0.37499999999999994,0.37499999999999994,0.37499999999999994,3240,1.0,0.6,0.6,0.6,0.37499999999999994,0.37499999999999994,0.37499999999999994,4824,1.0,0.6,0.6000000134110477,0.6000000491465034,0.37499999999999994,0.3750000052386905,0.3750000191978523
280,4.666666666666667,True,valid,0.048679822085341856,0.04164209769771358,0.005046130653140511,0.4369251470432021,0.4311583083891601,0.042963895796495816,0.41173587141653456,0.012765140921283597,0.16205689010733973,0.00021219080855749219,1585.0,6.566132331689125,4.384559806194613e-06,0,17355,0.13825176656246185,189,3.725290298461914e-09,3240,1.0,0.6,0.6,0.6,0.37499999999999994,0.37499999999999994,0.37499999999999994,3240,1.0,0.6,0.6,0.6,0.37499999999999994,0.37499999999999994,0.37499999999999994,4824,1.0,0.6,0.6000000134110477,0.6000000491465034,0.37499999999999994,0.3750000052386905,0.3750000191978523
281,4.683333333333334,True,valid,0.042167852050352894,0.03932639236184313,0.004401292405635506,0.3523522813549428,0.35970761668222223,0.016713336549810654,0.36352382766676966,0.012362828511590564,0.09067583829348937,0.0001939066175259299,1585.0,1.6558844509808517,3.931289394898968e-06,0,17386,0.14116474986076355,189,7.450580596923828e-09,3240,1.0,0.6,0.6,0.6,0.37499999999999994,0.37499999999999994,0.37499999999999994,3240,1.0,0.6,0.6,0.6,0.37499999999999994,0.37499999999999994,0.37499999999999994,4824,1.0,0.6,0.6000000134110477,0.6000000491465034,0.37499999999999994,0.3750000052386905,0.3750000191978523
282,4.7,True,valid,0.03673711336026761,0.03676083315601003,0.0038431568985134406,0.32200117613374307,0.32697068298328313,0.023766414001280066,0.32746669751293805,0.01664202055177635,0.07704283153837131,0.00017967406324977873,1585.0,1.558885283815112,3.9274579138601105e-06,0,17397,0.14298167824745178,185,3.725290298461914e-09,3240,1.0,0.6,0.6,0.6,0.37499999999999994,0.37499999999999994,0.37499999999999994,3240,1.0,0.6,0.6,0.6,0.37499999999999994,0.37499999999999994,0.37499999999999994,4824,1.0,0.6,0.6000000134110477,0.6000000491465034,0.37499999999999994,0.3750000052386905,0.3750000191978523
283,4.716666666666667,True,valid,0.03277134943183973,0.03404475681381389,0.0033656919152157713,0.2810659370425859,0.2873353501152537,0.009840625014941649,0.28386180676102535,0.015361727497565867,0.06046133041502452,0.00016577182689990466,1585.0,1.4279579540888812,3.383741989191035e-06,0,17374,0.14427366852760315,185,3.725290298461914e-09,3240,1.0,0.6,0.6,0.6,0.37499999999999994,0.37499999999999994,0.37499999999999994,3240,1.0,0.6,0.6,0.6,0.37499999999999994,0.37499999999999994,0.37499999999999994,4824,1.0,0.6,0.6000000134110477,0.6000000491465034,0.37499999999999994,0.3750000052386905,0.3750000191978523
284,4.733333333333333,True,valid,0.030526029618759862,0.031277730986066475,0.0030152313260855775,0.24379650846427034,0.24930206049656436,0.007561071174750198,0.24775130005450335,0.007353834301186345,0.03897187926626463,0.0001496789507269491,1585.0,1.257964286036601,2.9484323609562486e-06,0,17315,0.1447543203830719,188,7.450580596923828e-09,3240,1.0,0.6,0.6,0.6,0.37499999999999994,0.37499999999999994,0.37499999999999994,3240,1.0,0.6,0.6,0.6,0.37499999999999994,0.37499999999999994,0.37499999999999994,4824,1.0,0.6,0.6000000134110477,0.6000000491465034,0.37499999999999994,0.3750000052386905,0.3750000191978523
285,4.75,True,valid,0.03009222027925728,0.028686798794792665,0.0027769623485081702,0.21321107491841676,0.21772797995302154,0.006424757675012759,0.22127962915746568,0.006019440426617173,0.048588613984637145,0.00013852143709704767,1585.0,1.0713246550186335,2.6902213780161207e-06,0,17184,0.14446686208248138,195,7.450580596923828e-09,3240,1.0,0.6,0.6,0.6,0.37499999999999994,0.37499999999999994,0.37499999999999994,3240,1.0,0.6,0.6,0.6,0.37499999999999994,0.37499999999999994,0.37499999999999994,4824,1.0,0.6,0.6000000134110477,0.6000000491465034,0.37499999999999994,0.3750000052386905,0.3750000191978523
286,4.766666666666667,True,valid,0.031561901975258135,0.026663001212607854,0.002767996747975203,0.18507810065232308,0.1885034789345064,0.0065285183493698495,0.19443307273212096,0.006538033032901075,0.05361819410352372,0.00013525019597435115,1585.0,0.8411712434922239,2.5965315191889575e-06,0,16992,0.14349427819252014,199,7.450580596923828e-09,3240,1.0,0.6,0.6,0.6,0.37499999999999994,0.37499999999999994,0.37499999999999994,3240,1.0,0.6,0.6,0.6,0.37499999999999994,0.37499999999999994,0.37499999999999994,4824,1.0,0.6,0.6000000134110477,0.6000000491465034,0.37499999999999994,0.3750000052386905,0.3750000191978523
287,4.783333333333333,True,valid,0.034975340675463526,0.025627583667834436,0.003108870539488647,0.16597466729929455,0.16797276903547592,0.008313971744323943,0.1832884728585659,0.004187109972544434,0.07166451462456694,0.00012878540215721524,1585.0,0.6561500782994962,2.4845160990355933e-06,0,16777,0.1417969912290573,200,7.450580596923828e-09,3240,1.0,0.6,0.6,0.6,0.37499999999999994,0.37499999999999994,0.37499999999999994,3240,1.0,0.6,0.6,0.6,0.37499999999999994,0.37499999999999994,0.37499999999999994,4824,1.0,0.6,0.6000000134110477,0.6000000491465034,0.37499999999999994,0.3750000052386905,0.3750000191978523
288,4.8,True,valid,0.040127994256968794,0.025908386864721432,0.0037155813689286237,0.16070690327855475,0.1617812019678528,0.0035789006258142896,0.18504087955973955,0.003581617043113342,0.08496431988879317,0.00013471593375168907,1585.0,0.7396592020901153,2.6172078411930694e-06,0,16540,0.1394953727722168,201,7.450580596923828e-09,3240,1.0,0.6,0.6,0.6,0.37499999999999994,0.37499999999999994,0.37499999999999994,3240,1.0,0.6,0.6,0.6,0.37499999999999994,0.37499999999999994,0.37499999999999994,4824,1.0,0.6,0.6000000134110477,0.6000000491465034,0.37499999999999994,0.3750000052386905,0.3750000191978523
289,4.816666666666666,True,valid,0.04633406961976053,0.02750818831743091,0.004446146962825229,0.21725532433100947,0.2018921418080534,0.030737432015178076,0.21388971956840122,0.0012807655999292644,0.12619685944380435,0.00013315255091456406,1585.0,3.332603508094009,2.655481639872237e-06,0,16119,0.13664253056049347,197,7.450580596923828e-09,3240,1.0,0.6,0.6,0.6,0.37499999999999994,0.37499999999999994,0.37499999999999994,3240,1.0,0.6,0.6,0.6,0.37499999999999994,0.37499999999999994,0.37499999999999994,4824,1.0,0.6,0.6000000134110477,0.6000000491465034,0.37499999999999994,0.3750000052386905,0.3750000191978523
290,4.833333333333333,True,valid,0.0527929683024027,0.029709529810577756,0.005137798020558604,0.19133656529676496,0.19152946542778976,0.003947647723987698,0.22641287059367077,0.000861581814626417,0.11281836594149494,0.00014826980691089924,1585.0,0.846188843060411,3.0008599961927954e-06,0,15514,0.13333384692668915,198,7.450580596923828e-09,3240,1.0,0.6,0.6,0.6,0.37499999999999994,0.37499999999999994,0.37499999999999994,3240,1.0,0.6,0.6,0.6,0.37499999999999994,0.37499999999999994,0.37499999999999994,4824,1.0,0.6,0.6000000134110477,0.6000000491465034,0.37499999999999994,0.3750000052386905,0.3750000191978523
291,4.85,True,valid,0.05852496488483914,0.031969443536441405,0.00576722481799045,0.26266592444704595,0.2548455509189075,0.020070631747996566,0.26350503429026295,0.0019381556806981446,0.17679894006675453,0.00015257113024142428,1585.0,5.626808872420639,3.1681111829285174e-06,0,15624,0.12966041266918182,191,7.450580596923828e-09,3240,1.0,0.6,0.6,0.6,0.37499999999999994,0.37499999999999994,0.37499999999999994,3240,1.0,0.6,0.6,0.6,0.37499999999999994,0.37499999999999994,0.37499999999999994,4824,1.0,0.6,0.6000000134110477,0.6000000491465034,0.37499999999999994,0.3750000052386905,0.3750000191978523
292,4.866666666666666,True,valid,0.06275369930905988,0.03367245371062153,0.006235899071314663,0.28666594020592917,0.2805280377489111,0.017243546568631602,0.2896323047212685,0.00485516144038322,0.18678803672909533,0.00016342323554550543,1585.0,5.809051513928315,3.4104465726316223e-06,0,15628,0.12570972740650177,182,7.450580596923828e-09,3240,1.0,0.6,0.6,0.6,0.37499999999999994,0.37499999999999994,0.37499999999999994,3240,1.0,0.6,0.6,0.6,0.37499999999999994,0.37499999999999994,0.37499999999999994,4824,1.0,0.6,0.6000000134110477,0.6000000491465034,0.37499999999999994,0.3750000052386905,0.3750000191978523
293,4.883333333333334,True,valid,0.0648808946262401,0.034518389884958686,0.006591940594288137,0.3760304170960852,0.3619019366740095,0.0321093042529169,0.32719017773875586,0.006071755663056882,0.2944815363639547,0.00016525420393359905,1585.0,8.803531785420716,3.6057862842324856e-06,0,15628,0.12178009003400803,183,7.450580596923828e-09,3240,1.0,0.6,0.6,0.6,0.37499999999999994,0.37499999999999994,0.37499999999999994,3240,1.0,0.6,0.6,0.6,0.37499999999999994,0.37499999999999994,0.37499999999999994,4824,1.0,0.6,0.6000000134110477,0.6000000491465034,0.37499999999999994,0.3750000052386905,0.3750000191978523
294,4.9,True,valid,0.06474049846047655,0.034246324148186263,0.006749268540615492,0.2853688569932644,0.28799391007209135,0.00721769649697062,0.35669134175643546,0.004962202671064135,0.20098655271287838,0.0001717461461048276,1585.0,1.0572777053723412,3.5896929009636438e-06,0,15646,0.11793667078018188,183,7.450580596923828e-09,3240,1.0,0.6,0.6,0.6,0.37499999999999994,0.37499999999999994,0.37499999999999994,3240,1.0,0.6,0.6,0.6,0.37499999999999994,0.37499999999999994,0.37499999999999994,4824,1.0,0.6,0.6000000134110477,0.6000000491465034,0.37499999999999994,0.3750000052386905,0.3750000191978523
295,4.916666666666667,True,valid,0.06243112077608104,0.032911494999699434,0.006656971807544462,0.32025571381303236,0.3213946163488524,0.01708129101825745,0.3578002722677684,0.009436645993676778,0.1817176933118028,0.00016895905029015279,1585.0,3.346966758610469,3.517541311878976e-06,0,15656,0.1141229122877121,182,3.725290298461914e-09,3240,1.0,0.6,0.6,0.6,0.37499999999999994,0.37499999999999994,0.37499999999999994,3240,1.0,0.6,0.6,0.6,0.37499999999999994,0.37499999999999994,0.37499999999999994,4824,1.0,0.6,0.6000000134110477,0.6000000491465034,0.37499999999999994,0.3750000052386905,0.3750000191978523
296,4.933333333333334,True,valid,0.05833127534728497,0.030617928455346027,0.006206847797359428,0.3676882995869433,0.35961638718197475,0.03479337192576085,0.37645547215668,0.009669999752586641,0.226126906094485,0.0001732282369121149,1585.0,4.04427774453723,3.634175409743412e-06,0,15690,0.11059727519750595,183,7.450580596923828e-09,3240,1.0,0.6,0.6,0.6,0.37499999999999994,0.37499999999999994,0.37499999999999994,3240,1.0,0.6,0.6,0.6,0.37499999999999994,0.37499999999999994,0.37499999999999994,4824,1.0,0.6,0.6000000134110477,0.6000000491465034,0.37499999999999994,0.3750000052386905,0.3750000191978523
297,4.95,True,valid,0.05273387497421673,0.02767290388432549,0.0057230907666373605,0.3402197890639982,0.3459071593955395,0.010325050402098303,0.36516585152844167,0.008170706783735613,0.1360172206313404,0.00017293067992969524,1585.0,1.5455380715314762,3.5578779880976155e-06,0,15726,0.10698869079351425,184,3.725290298461914e-09,3240,1.0,0.6,0.6,0.6,0.37499999999999994,0.37499999999999994,0.37499999999999994,3240,1.0,0.6,0.6,0.6,0.37499999999999994,0.37499999999999994,0.37499999999999994,4824,1.0,0.6,0.6000000134110477,0.6000000491465034,0.37499999999999994,0.3750000052386905,0.3750000191978523
298,4.966666666666667,True,valid,0.04626012472379489,0.0243556232066116,0.0052272589461601895,0.37445454722777366,0.37523630307308165,0.024055501789379326,0.3729812895388394,0.00918448703343185,0.1425021169099379,0.00017491704288503544,1585.0,4.514110524342573,3.602467665558374e-06,0,15762,0.10344524681568146,186,3.725290298461914e-09,3240,1.0,0.6,0.6,0.6,0.37499999999999994,0.37499999999999994,0.37499999999999994,3240,1.0,0.6,0.6,0.6,0.37499999999999994,0.37499999999999994,0.37499999999999994,4824,1.0,0.6,0.6000000134110477,0.6000000491465034,0.37499999999999994,0.3750000052386905,0.3750000191978523
299,4.983333333333333,True,valid,0.039567387288694036,0.021065599017746305,0.00481436913135333,0.3675564470725122,0.3747026637092374,0.02125127083006948,0.38721541257950287,0.010411751307536446,0.11141489091011947,0.00017753133286919256,1585.0,1.8142746708748991,3.6217866686738915e-06,0,15809,0.09976769983768463,184,7.450580596923828e-09,3240,1.0,0.6,0.6,0.6,0.37499999999999994,0.37499999999999994,0.37499999999999994,3240,1.0,0.6,0.6,0.6,0.37499999999999994,0.37499999999999994,0.37499999999999994,4824,1.0,0.6,0.6000000134110477,0.6000000491465034,0.37499999999999994,0.3750000052386905,0.3750000191978523
300,5.0,True,valid,0.03344198528871074,0.01816783701457198,0.004591332961744968,0.3945844056778598,0.3985269730472881,0.026768856452004042,0.3937964959566591,0.01163985923692686,0.0981616665394816,0.00017652902588615306,1585.0,3.3182133246662526,3.6065391426806236e-06,0,15915,0.09591949731111526,183,7.450580596923828e-09,3240,1.0,0.6,0.6,0.6,0.37499999999999994,0.37499999999999994,0.37499999999999994,3240,1.0,0.6,0.6,0.6,0.37499999999999994,0.37499999999999994,0.37499999999999994,4824,1.0,0.6,0.6000000134110477,0.6000000491465034,0.37499999999999994,0.3750000052386905,0.3750000191978523
301,5.016666666666667,True,valid,0.028729369021622816,0.016030040637818006,0.0044818594773665685,0.43895514776052613,0.43872970547014767,0.0328265209646022,0.4074177805595071,0.01323664514596081,0.18308301306557168,0.0001819621086058981,1585.0,4.465220563282347,3.881723278125468e-06,0,15970,0.09201546013355255,183,7.450580596923828e-09,3240,1.0,0.6,0.6,0.6,0.37499999999999994,0.37499999999999994,0.37499999999999994,3240,1.0,0.6,0.6,0.6,0.37499999999999994,0.37499999999999994,0.37499999999999994,4824,1.0,0.6,0.6000000134110477,0.6000000491465034,0.37499999999999994,0.3750000052386905,0.3750000191978523
302,5.033333333333333,True,valid,0.025856761930379,0.014881120143898606,0.00447777791774051,0.41856386363760073,0.4273851136695724,0.016947610423452594,0.42288983875909647,0.013865961514195476,0.08699649040987611,0.00018660345178973272,1585.0,2.1995360710996827,3.829809926504926e-06,0,16016,0.08785614371299744,182,7.450580596923828e-09,3240,1.0,0.6,0.6,0.6,0.37499999999999994,0.37499999999999994,0.37499999999999994,3240,1.0,0.6,0.6,0.6,0.37499999999999994,0.37499999999999994,0.37499999999999994,4824,1.0,0.6,0.6000000134110477,0.6000000491465034,0.37499999999999994,0.3750000052386905,0.3750000191978523
303,5.05,True,valid,0.025157848747548797,0.014659381055648967,0.004480011859680602,0.4352187445500243,0.4435688117176622,0.023841742497239367,0.4369056605964295,0.013618593780174356,0.07295002265620597,0.0001924108104267822,1585.0,2.2355334702184093,3.963645748610845e-06,0,16034,0.0835108608007431,182,5.587935447692871e-09,3240,1.0,0.6,0.6,0.6,0.37499999999999994,0.37499999999999994,0.37499999999999994,3240,1.0,0.6,0.6,0.6,0.37499999999999994,0.37499999999999994,0.37499999999999994,4824,1.0,0.6,0.6000000134110477,0.6000000491465034,0.37499999999999994,0.3750000052386905,0.3750000191978523
304,5.066666666666666,True,valid,0.026542533199708944,0.015373389322717894,0.004633683325698586,0.44654552774353806,0.45728621038899886,0.013805881637802856,0.4521835779685105,0.013373105523342458,0.054855240480178286,0.00019910897689862667,1585.0,2.3384858508141355,4.101000891717536e-06,0,16062,0.0785672664642334,182,3.725290298461914e-09,3240,1.0,0.6,0.6,0.6,0.37499999999999994,0.37499999999999994,0.37499999999999994,3240,1.0,0.6,0.6,0.6,0.37499999999999994,0.37499999999999994,0.37499999999999994,4824,1.0,0.6,0.6000000134110477,0.6000000491465034,0.37499999999999994,0.3750000052386905,0.3750000191978523
305,5.083333333333333,True,valid,0.029724998204953126,0.01694917567954476,0.004873629588521057,0.46545530132649965,0.4742377372779422,0.027955862019841238,0.4674827096900169,0.01494872500766079,0.10279070769500162,0.00020300655450783523,1585.0,2.4010424394587,4.209629723228244e-06,0,16076,0.07294449955224991,184,2.7939677238464355e-09,3240,1.0,0.6,0.6,0.6,0.37499999999999994,0.37499999999999994,0.37499999999999994,3240,1.0,0.6,0.6,0.6,0.37499999999999994,0.37499999999999994,0.37499999999999994,4824,1.0,0.6,0.6000000134110477,0.6000000491465034,0.37499999999999994,0.3750000052386905,0.3750000191978523
306,5.1,True,valid,0.0344044930754297,0.019253733815087274,0.005237424664813671,0.48097029371198546,0.4907942790218172,0.01635002267437931,0.479452289478157,0.014043460260082151,0.1264107756072108,0.00020706180230795716,1585.0,3.199559876961932,4.2744992681205885e-06,0,16046,0.06690852344036102,184,1.862645149230957e-09,3240,1.0,0.6,0.6,0.6,0.37499999999999994,0.37499999999999994,0.37499999999999994,3240,1.0,0.6,0.6,0.6,0.37499999999999994,0.37499999999999994,0.37499999999999994,4824,1.0,0.6,0.6000000134110477,0.6000000491465034,0.37499999999999994,0.3750000052386905,0.3750000191978523
307,5.116666666666666,True,valid,0.04008816457613316,0.022073664858405825,0.005792646747628968,0.5204379301512759,0.526845542619071,0.025661101675334596,0.4950570889049939,0.01422272393120399,0.2070561510432057,0.00021364410367011975,1585.0,6.240836391924967,4.817805887091677e-06,0,16026,0.06106516718864441,181,1.0477378964424133e-09,3240,1.0,0.6,0.6,0.6,0.37499999999999994,0.37499999999999994,0.37499999999999994,3240,1.0,0.6,0.6,0.6,0.37499999999999994,0.37499999999999994,0.37499999999999994,4824,1.0,0.6,0.6000000134110477,0.6000000491465034,0.37499999999999994,0.3750000052386905,0.3750000191978523
308,5.133333333333334,True,valid,0.04628497337819197,0.025057771351011147,0.006285574766079965,0.4962030458079534,0.5070682983686512,0.020953641478658816,0.5095302689068032,0.013710185614786537,0.10590413422190642,0.0002170200950035855,1585.0,2.414338355670967,4.511376423475844e-06,0,16000,0.05479996278882027,183,3.725290298461914e-09,3240,1.0,0.6,0.6,0.6,0.37499999999999994,0.37499999999999994,0.37499999999999994,3240,1.0,0.6,0.6,0.6,0.37499999999999994,0.37499999999999994,0.37499999999999994,4824,1.0,0.6,0.6000000134110477,0.6000000491465034,0.37499999999999994,0.3750000052386905,0.3750000191978523
309,5.15,True,valid,0.05228599788716877,0.027901186480105665,0.006647665762623442,0.5004608391742688,0.5113818387939776,0.015113168071886915,0.5169684190685033,0.01340482454166432,0.10707907823790914,0.0002207029141987275,1585.0,2.372226939318738,4.627911261748202e-06,0,15967,0.05997495725750923,181,2.7939677238464355e-09,3240,1.0,0.6,0.6,0.6,0.37499999999999994,0.37499999999999994,0.37499999999999994,3240,1.0,0.6,0.6,0.6,0.37499999999999994,0.37499999999999994,0.37499999999999994,4824,1.0,0.6,0.6000000134110477,0.6000000491465034,0.37499999999999994,0.3750000052386905,0.3750000191978523
310,5.166666666666667,True,valid,0.057240968812221245,0.030318755445982157,0.007021631934935709,0.5049754750702858,0.5155502246029876,0.016099131200709303,0.5269750552332862,0.01331379769717484,0.14417089482593518,0.00022786084404409382,1585.0,2.3305740597918136,4.79511364221452e-06,0,15918,0.06663307547569275,183,5.587935447692871e-09,3240,1.0,0.6,0.6,0.6,0.37499999999999994,0.37499999999999994,0.37499999999999994,3240,1.0,0.6,0.6,0.6,0.37499999999999994,0.37499999999999994,0.37499999999999994,4824,1.0,0.6,0.6000000134110477,0.6000000491465034,0.37499999999999994,0.3750000052386905,0.3750000191978523
311,5.183333333333334,True,valid,0.06065740650909069,0.03198363383077271,0.007257966435707729,0.5430161213192898,0.5447694869091896,0.03484035930011413,0.5382388568889499,0.013423771600929642,0.24780529909413784,0.00022656785031048066,1585.0,8.135780855638119,4.859687904294095e-06,0,15881,0.0737580880522728,182,1.862645149230957e-09,3240,1.0,0.6,0.6,0.6,0.37499999999999994,0.37499999999999994,0.37499999999999994,3240,1.0,0.6,0.6,0.6,0.37499999999999994,0.37499999999999994,0.37499999999999994,4824,1.0,0.6,0.6000000134110477,0.6000000491465034,0.37499999999999994,0.3750000052386905,0.3750000191978523
312,5.2,True,valid,0.062167820373704254,0.03285315170812295,0.007402951532080137,0.4899838796488211,0.49989707160359964,0.016213852579543962,0.5178972231554659,0.012933717972764,0.14282884766444015,0.0002271024824393073,1585.0,2.147814534250667,4.8089365703165245e-06,0,15839,0.08163760602474213,183,7.450580596923828e-09,3240,1.0,0.6,0.6,0.6,0.37499999999999994,0.37499999999999994,0.37499999999999994,3240,1.0,0.6,0.6,0.6,0.37499999999999994,0.37499999999999994,0.37499999999999994,4824,1.0,0.6,0.6000000134110477,0.6000000491465034,0.37499999999999994,0.3750000052386905,0.3750000191978523
313,5.216666666666667,True,valid,0.0617165646099846,0.03279940857089589,0.0073314993953346175,0.4773854002394155,0.4867400982793727,0.01589633607356731,0.5040522476843978,0.01201499405732111,0.15615504726698318,0.00022276493505264848,1585.0,2.0884025610440724,4.700965033764417e-06,0,15816,0.09031123667955399,184,3.725290298461914e-09,3240,1.0,0.6,0.6,0.6,0.37499999999999994,0.37499999999999994,0.37499999999999994,3240,1.0,0.6,0.6,0.6,0.37499999999999994,0.37499999999999994,0.37499999999999994,4824,1.0,0.6,0.6000000134110477,0.6000000491465034,0.37499999999999994,0.3750000052386905,0.3750000191978523
314,5.233333333333333,True,valid,0.05949593677699462,0.03190997097796028,0.006968022281900366,0.4497855560082792,0.4588536794290162,0.0126645027313719,0.48196836510037866,0.011415550214329884,0.17579791062616199,0.0002152992397663836,1585.0,1.9254940077733707,4.50696672314603e-06,0,15777,0.09925645589828491,183,7.450580596923828e-09,3240,1.0,0.6,0.6,0.6,0.37499999999999994,0.37499999999999994,0.37499999999999994,3240,1.0,0.6,0.6,0.6,0.37499999999999994,0.37499999999999994,0.37499999999999994,4824,1.0,0.6,0.6000000134110477,0.6000000491465034,0.37499999999999994,0.3750000052386905,0.3750000191978523
315,5.25,True,valid,0.05580109937913164,0.0304898339748251,0.006462896540812347,0.5062381938905329,0.49263501166771256,0.057912924942696564,0.46282095311023663,0.012493239116877199,0.28455073688874105,0.00020790106022206044,1585.0,10.53663625796023,4.4076704504481706e-06,0,15768,0.10845156759023666,183,7.450580596923828e-09,3240,1.0,0.6,0.6,0.6,0.37499999999999994,0.37499999999999994,0.37499999999999994,3240,1.0,0.6,0.6,0.6,0.37499999999999994,0.37499999999999994,0.37499999999999994,4824,1.0,0.6,0.6000000134110477,0.6000000491465034,0.37499999999999994,0.3750000052386905,0.3750000191978523
316,5.266666666666667,True,valid,0.051136806698074425,0.028929424527679697,0.005800846953215794,0.3937287136407484,0.3999562996062944,0.017896757861194604,0.4215958606857725,0.010494412312627852,0.15888484723972568,0.0001976424930799531,1585.0,2.3614264752682117,4.062186057069187e-06,0,15746,0.11762592196464539,183,7.450580596923828e-09,3240,1.0,0.6,0.6,0.6,0.37499999999999994,0.37499999999999994,0.37499999999999994,3240,1.0,0.6,0.6,0.6,0.37499999999999994,0.37499999999999994,0.37499999999999994,4824,1.0,0.6,0.6000000134110477,0.6000000491465034,0.37499999999999994,0.3750000052386905,0.3750000191978523
317,5.283333333333333,True,valid,0.04606042100926098,0.027618249142784605,0.005174486170929691,0.377807928577881,0.3766078599233834,0.034250277652587265,0.3760966611038928,0.00973887509709008,0.1643750449142762,0.0001865935294605896,1585.0,5.133640256519996,3.8018687174440667e-06,0,15752,0.12675215303897858,185,7.450580596923828e-09,3240,1.0,0.6,0.6,0.6,0.37499999999999994,0.37499999999999994,0.37499999999999994,3240,1.0,0.6,0.6,0.6,0.37499999999999994,0.37499999999999994,0.37499999999999994,4824,1.0,0.6,0.6000000134110477,0.6000000491465034,0.37499999999999994,0.3750000052386905,0.3750000191978523
318,5.3,True,valid,0.04140414527760023,0.02699269171247652,0.004539296620002495,0.36910973025622323,0.35405722954860547,0.05057614378030958,0.3458623728755153,0.01093010194185475,0.14855459708322502,0.00017355269637086502,1585.0,4.020497739252,3.5279608007363237e-06,0,15968,0.13565239310264587,184,3.725290298461914e-09,3240,1.0,0.6,0.6,0.6,0.37499999999999994,0.37499999999999994,0.37499999999999994,3240,1.0,0.6,0.6,0.6,0.37499999999999994,0.37499999999999994,0.37499999999999994,4824,1.0,0.6,0.6000000134110477,0.6000000491465034,0.37499999999999994,0.3750000052386905,0.3750000191978523
319,5.316666666666666,True,valid,0.03787510903724951,0.027384732574001168,0.003922609342211602,0.28162929269326803,0.2833963988546459,0.02759530462690596,0.2890122005753567,0.009926371654647237,0.09322546708712316,0.00016021860943959368,1585.0,1.9309854202707573,3.1801991224025207e-06,0,16384,0.14431023597717285,182,3.725290298461914e-09,3240,1.0,0.6,0.6,0.6,0.37499999999999994,0.37499999999999994,0.37499999999999994,3240,1.0,0.6,0.6,0.6,0.37499999999999994,0.37499999999999994,0.37499999999999994,4824,1.0,0.6,0.6000000134110477,0.6000000491465034,0.37499999999999994,0.3750000052386905,0.3750000191978523
320,5.333333333333333,True,valid,0.03591927510606787,0.028865726230005523,0.0034621692223834534,0.3279696564224603,0.30299082729861027,0.05067900766257812,0.26608655804951253,0.009723450343705376,0.17016223615682402,0.0001496418896615121,1585.0,5.930395207128885,3.046451309578696e-06,0,16750,0.15269874036312103,186,7.450580596923828e-09,3240,1.0,0.6,0.6,0.6,0.37499999999999994,0.37499999999999994,0.37499999999999994,3240,1.0,0.6,0.6,0.6,0.37499999999999994,0.37499999999999994,0.37499999999999994,4824,1.0,0.6,0.6000000134110477,0.6000000491465034,0.37499999999999994,0.3750000052386905,0.3750000191978523
321,5.35,True,valid,0.035691604636238855,0.03118262236432932,0.0031936763713372256,0.20082339512358838,0.20440371196581886,0.007539585532983813,0.21318110041926666,0.005323954398118754,0.06651444561146781,0.00013800519174997169,1585.0,0.7760130193941506,2.67877612255942e-06,0,17096,0.16082876920700073,189,7.450580596923828e-09,3240,1.0,0.6,0.6,0.6,0.37499999999999994,0.37499999999999994,0.37499999999999994,3240,1.0,0.6,0.6,0.6,0.37499999999999994,0.37499999999999994,0.37499999999999994,4824,1.0,0.6,0.6000000134110477,0.6000000491465034,0.37499999999999994,0.3750000052386905,0.3750000191978523
322,5.366666666666666,True,valid,0.03707562446651296,0.03399213382421749,0.0030962282004805895,0.19941216812684864,0.1915731225140647,0.027205932668668626,0.19081537889200778,0.005585290624123538,0.08473059688442706,0.0001318117563754485,1585.0,3.3895180326820147,2.583432983280537e-06,0,17275,0.16871650516986847,198,7.450580596923828e-09,3240,1.0,0.6,0.6,0.6,0.37499999999999994,0.37499999999999994,0.37499999999999994,3240,1.0,0.6,0.6,0.6,0.37499999999999994,0.37499999999999994,0.37499999999999994,4824,1.0,0.6,0.6000000134110477,0.6000000491465034,0.37499999999999994,0.3750000052386905,0.3750000191978523
323,5.383333333333334,True,valid,0.03975820383354906,0.03700954773179742,0.0032183914631780516,0.15059128066704605,0.15203886789933563,0.0032227924152013706,0.16799987048733853,0.0027814144219575863,0.07078704826677713,0.00012673929338444018,1585.0,0.5508303202863951,2.4389285284942084e-06,0,17384,0.176254540681839,200,7.450580596923828e-09,3240,1.0,0.6,0.6,0.6,0.37499999999999994,0.37499999999999994,0.37499999999999994,3240,1.0,0.6,0.6,0.6,0.37499999999999994,0.37499999999999994,0.37499999999999994,4824,1.0,0.6,0.6000000134110477,0.6000000491465034,0.37499999999999994,0.3750000052386905,0.3750000191978523
324,5.4,True,valid,0.043432691277583195,0.04005704335060194,0.003564806261723904,0.14562439110496067,0.14609199949340682,0.002462212964012925,0.1661799210305107,0.0015397840900667583,0.07329601198043012,0.00012559307806000352,1585.0,0.5681545360575758,2.4403745872448923e-06,0,17472,0.18301890790462494,202,7.450580596923828e-09,3240,1.0,0.6,0.6,0.6,0.37499999999999994,0.37499999999999994,0.37499999999999994,3240,1.0,0.6,0.6,0.6,0.37499999999999994,0.37499999999999994,0.37499999999999994,4824,1.0,0.6,0.6000000134110477,0.6000000491465034,0.37499999999999994,0.3750000052386905,0.3750000191978523
325,5.416666666666667,True,valid,0.04782248768094091,0.04288563073320081,0.004021712333722539,0.1559150708707466,0.15602142428713728,0.001678280269637445,0.17609515538698445,0.0007770155485555299,0.07633874697798956,0.00013163138716041153,1585.0,0.5838670907957764,2.591397160414375e-06,0,17488,0.1869102269411087,200,7.450580596923828e-09,3240,1.0,0.6,0.6,0.6,0.37499999999999994,0.37499999999999994,0.37499999999999994,3240,1.0,0.6,0.6,0.6,0.37499999999999994,0.37499999999999994,0.37499999999999994,4824,1.0,0.6,0.6000000134110477,0.6000000491465034,0.37499999999999994,0.3750000052386905,0.3750000191978523
326,5.433333333333334,True,valid,0.05254800855274427,0.04516581120867094,0.0045992536050327255,0.18572341108954143,0.17992902311591838,0.027873102390800427,0.2123950933973907,0.0030200180286693162,0.10276633685547285,0.00013023832176690972,1585.0,1.2263420292341891,2.700154872766819e-06,0,17513,0.18850840628147125,201,7.450580596923828e-09,3240,1.0,0.6,0.6,0.6,0.37499999999999994,0.37499999999999994,0.37499999999999994,3240,1.0,0.6,0.6,0.6,0.37499999999999994,0.37499999999999994,0.37499999999999994,4824,1.0,0.6,0.6000000134110477,0.6000000491465034,0.37499999999999994,0.3750000052386905,0.3750000191978523
327,5.45,True,valid,0.05712414941622292,0.04696629056161401,0.005171383190349421,0.20773279882029314,0.2073649992706636,0.014324853616922116,0.24000050968722225,0.004243737073531681,0.10867066002422772,0.0001399008496844497,1585.0,1.1207078265019592,2.876916992952299e-06,0,17508,0.18886514008045197,201,7.450580596923828e-09,3240,1.0,0.6,0.6,0.6,0.37499999999999994,0.37499999999999994,0.37499999999999994,3240,1.0,0.6,0.6,0.6,0.37499999999999994,0.37499999999999994,0.37499999999999994,4824,1.0,0.6,0.6000000134110477,0.6000000491465034,0.37499999999999994,0.3750000052386905,0.3750000191978523
328,5.466666666666667,True,valid,0.06109088216215402,0.048010274088258025,0.005631512765449628,0.24829054500989167,0.24746360156710223,0.011706920420917468,0.2721736533156162,0.003599759981066105,0.14942985405424708,0.00014377651843018385,1585.0,3.0198144561011424,3.009234735294731e-06,0,17478,0.18774165213108063,200,7.450580596923828e-09,3240,1.0,0.6,0.6,0.6,0.37499999999999994,0.37499999999999994,0.37499999999999994,3240,1.0,0.6,0.6,0.6,0.37499999999999994,0.37499999999999994,0.37499999999999994,4824,1.0,0.6,0.6000000134110477,0.6000000491465034,0.37499999999999994,0.3750000052386905,0.3750000191978523
329,5.483333333333333,True,valid,0.06392818207002354,0.04827609383847688,0.005990298759375343,0.2807226727050957,0.2804251218886369,0.01169996216512525,0.3033911577153893,0.0047742721377360955,0.15877292161286974,0.00015222259462905846,1585.0,3.0330436485208034,3.2192802220839806e-06,0,17456,0.18524347245693207,200,7.450580596923828e-09,3240,1.0,0.6,0.6,0.6,0.37499999999999994,0.37499999999999994,0.37499999999999994,3240,1.0,0.6,0.6,0.6,0.37499999999999994,0.37499999999999994,0.37499999999999994,4824,1.0,0.6,0.6000000134110477,0.6000000491465034,0.37499999999999994,0.3750000052386905,0.3750000191978523
330,5.5,True,valid,0.06520006657833799,0.0476589508064014,0.006278391704778218,0.29645372818893323,0.29925597410430943,0.012904117976080627,0.33270898520279485,0.00653857488825678,0.1379893000164681,0.0001567486623790208,1585.0,1.1353697602333588,3.336508108802691e-06,0,17428,0.18130280077457428,200,7.450580596923828e-09,3240,1.0,0.6,0.6,0.6,0.37499999999999994,0.37499999999999994,0.37499999999999994,3240,1.0,0.6,0.6,0.6,0.37499999999999994,0.37499999999999994,0.37499999999999994,4824,1.0,0.6,0.6000000134110477,0.6000000491465034,0.37499999999999994,0.3750000052386905,0.3750000191978523
331,5.516666666666667,True,valid,0.0647712778192884,0.04612849673309673,0.006394652850190397,0.32509561361553446,0.3291710583705006,0.007445322069463422,0.35748911470843525,0.006738473267714296,0.14918940608063833,0.0001624977063630848,1585.0,1.6325099668222778,3.4632417307269755e-06,0,17395,0.1757766306400299,198,3.725290298461914e-09,3240,1.0,0.6,0.6,0.6,0.37499999999999994,0.37499999999999994,0.37499999999999994,3240,1.0,0.6,0.6,0.6,0.37499999999999994,0.37499999999999994,0.37499999999999994,4824,1.0,0.6,0.6000000134110477,0.6000000491465034,0.37499999999999994,0.3750000052386905,0.3750000191978523
332,5.533333333333333,True,valid,0.06264256716564011,0.0436853674336614,0.006363090130025654,0.37920276666102065,0.37154308714603856,0.040581071167234126,0.3860044543655254,0.007890891123760799,0.17521055615246695,0.0001672456258696533,1585.0,4.533645449288173,3.568487676790756e-06,0,17382,0.1688656061887741,198,3.725290298461914e-09,3240,1.0,0.6,0.6,0.6,0.37499999999999994,0.37499999999999994,0.37499999999999994,3240,1.0,0.6,0.6,0.6,0.37499999999999994,0.37499999999999994,0.37499999999999994,4824,1.0,0.6,0.6000000134110477,0.6000000491465034,0.37499999999999994,0.3750000052386905,0.3750000191978523
333,5.55,True,valid,0.05901389441179226,0.04034318114990295,0.0062232966983153505,0.38359205658367695,0.38154697703658624,0.037854445026376984,0.39886941351013505,0.009087175853988837,0.1515564657160936,0.00017140184998871907,1585.0,2.86225434282411,3.6620143323307204e-06,0,17330,0.16068574786186218,193,3.725290298461914e-09,3240,1.0,0.6,0.6,0.6,0.37499999999999994,0.37499999999999994,0.37499999999999994,3240,1.0,0.6,0.6,0.6,0.37499999999999994,0.37499999999999994,0.37499999999999994,4824,1.0,0.6,0.6000000134110477,0.6000000491465034,0.37499999999999994,0.3750000052386905,0.3750000191978523
334,5.566666666666666,True,valid,0.05423456924964268,0.03631842554445269,0.005989103937660096,0.38099342946496306,0.3881382408233135,0.01038623204657544,0.40714913866213803,0.009691666355702932,0.12439870970381818,0.0001747591530074026,1585.0,1.7570236383920972,3.6899688084376053e-06,0,17270,0.15135438740253448,191,7.450580596923828e-09,3240,1.0,0.6,0.6,0.6,0.37499999999999994,0.37499999999999994,0.37499999999999994,3240,1.0,0.6,0.6,0.6,0.37499999999999994,0.37499999999999994,0.37499999999999994,4824,1.0,0.6,0.6000000134110477,0.6000000491465034,0.37499999999999994,0.3750000052386905,0.3750000191978523
335,5.583333333333333,True,valid,0.048843093476775686,0.03179248948958106,0.005719014737600595,0.3974592293109653,0.40548375949621085,0.011224111181919186,0.4170627313610151,0.01057436151975057,0.11145749018121047,0.00017905722389671195,1585.0,1.9273976967810473,3.7272387464682544e-06,0,17204,0.1410982757806778,188,3.725290298461914e-09,3240,1.0,0.6,0.6,0.6,0.37499999999999994,0.37499999999999994,0.37499999999999994,3240,1.0,0.6,0.6,0.6,0.37499999999999994,0.37499999999999994,0.37499999999999994,4824,1.0,0.6,0.6000000134110477,0.6000000491465034,0.37499999999999994,0.3750000052386905,0.3750000191978523
336,5.6,True,valid,0.04348324359655201,0.02702960830770041,0.005429426617664793,0.41021940898951936,0.4190518024250849,0.012108652666475381,0.42732790618384353,0.01153118987045117,0.10419296325447383,0.0001835868972682688,1585.0,2.040597556650829,3.799361685526559e-06,0,17046,0.12974299490451813,189,7.450580596923828e-09,3240,1.0,0.6,0.6,0.6,0.37499999999999994,0.37499999999999994,0.37499999999999994,3240,1.0,0.6,0.6,0.6,0.37499999999999994,0.37499999999999994,0.37499999999999994,4824,1.0,0.6,0.6000000134110477,0.6000000491465034,0.37499999999999994,0.3750000052386905,0.3750000191978523
337,5.616666666666666,True,valid,0.03875969501236636,0.022579242099151388,0.005186061890073069,0.42829603167955743,0.43659031501346945,0.021491786593585513,0.44100381153366747,0.01250185258921752,0.09283290589115056,0.00018989918604454126,1585.0,2.1730578484450884,3.919469155709389e-06,0,16740,0.11754872649908066,188,7.450580596923828e-09,3240,1.0,0.6,0.6,0.6,0.37499999999999994,0.37499999999999994,0.37499999999999994,3240,1.0,0.6,0.6,0.6,0.37499999999999994,0.37499999999999994,0.37499999999999994,4824,1.0,0.6,0.6000000134110477,0.6000000491465034,0.37499999999999994,0.3750000052386905,0.3750000191978523
338,5.633333333333334,True,valid,0.035199539235593894,0.01921424785428229,0.004993561966589176,0.445207452584025,0.45088245655123743,0.03961491326986084,0.45499590569604675,0.013818313823500683,0.1137184585158345,0.00019957012890016055,1585.0,2.266033438506843,4.504392005897719e-06,0,16236,0.10505788028240204,187,5.587935447692871e-09,3240,1.0,0.6,0.6,0.6,0.37499999999999994,0.37499999999999994,0.37499999999999994,3240,1.0,0.6,0.6,0.6,0.37499999999999994,0.37499999999999994,0.37499999999999994,4824,1.0,0.6,0.6000000134110477,0.6000000491465034,0.37499999999999994,0.3750000052386905,0.3750000191978523
339,5.65,True,valid,0.03323889115736972,0.017764384871103055,0.004975335043232744,0.45379251666304743,0.46455148889491804,0.01484778092821989,0.4619097886018051,0.013396516423922405,0.07616550580097663,0.00020334458210886122,1585.0,2.339602456445609,4.1884686434854774e-06,0,15998,0.09318942576646805,187,1.862645149230957e-09,3240,1.0,0.6,0.6,0.6,0.37499999999999994,0.37499999999999994,0.37499999999999994,3240,1.0,0.6,0.6,0.6,0.37499999999999994,0.37499999999999994,0.37499999999999994,4824,1.0,0.6,0.6000000134110477,0.6000000491465034,0.37499999999999994,0.3750000052386905,0.3750000191978523
340,5.666666666666667,True,valid,0.03324510350300681,0.018702389390137863,0.0050177720206253,0.46254002594623045,0.4734567865533335,0.015417624170731805,0.4710487674826534,0.027005778400001956,0.08684179502842859,0.00021262120144841854,1585.0,2.3938545929423793,4.292936795001373e-06,0,15981,0.08053085207939148,190,2.7939677238464355e-09,3240,1.0,0.6,0.6,0.6,0.37499999999999994,0.37499999999999994,0.37499999999999994,3240,1.0,0.6,0.6,0.6,0.37499999999999994,0.37499999999999994,0.37499999999999994,4824,1.0,0.6,0.6000000134110477,0.6000000491465034,0.37499999999999994,0.3750000052386905,0.3750000191978523
341,5.683333333333334,True,valid,0.03515526197867981,0.021508473633577958,0.005104881012196467,0.47279427413794506,0.48240797232762334,0.029578861806678618,0.4761086634480926,0.014888833660360314,0.05219417789048999,0.0002239194567362822,1585.0,2.376181235157087,4.625668351798554e-06,0,15928,0.0680130273103714,191,3.725290298461914e-09,3240,1.0,0.6,0.6,0.6,0.37499999999999994,0.37499999999999994,0.37499999999999994,3240,1.0,0.6,0.6,0.6,0.37499999999999994,0.37499999999999994,0.37499999999999994,4824,1.0,0.6,0.6000000134110477,0.6000000491465034,0.37499999999999994,0.3750000052386905,0.3750000191978523
342,5.7,True,valid,0.038508026309053964,0.025379653610221563,0.005337186878716548,0.4850915767242206,0.495480325606125,0.02611487227809748,0.48570086036159027,0.024682628801482653,0.07693338513042564,0.00022535057338909803,1585.0,2.396333217677082,4.637503879536821e-06,0,15968,0.06490274518728256,192,2.561137080192566e-09,3240,1.0,0.6,0.6,0.6,0.37499999999999994,0.37499999999999994,0.37499999999999994,3240,1.0,0.6,0.6,0.6,0.37499999999999994,0.37499999999999994,0.37499999999999994,4824,1.0,0.6,0.6000000134110477,0.6000000491465034,0.37499999999999994,0.3750000052386905,0.3750000191978523
343,5.716666666666667,True,valid,0.042837932560781916,0.029663985456914916,0.005588055772337398,0.4913579028566883,0.49761540929645465,0.04985906912942024,0.5053577280293561,0.03856488128283864,0.09511934205674133,0.0002296364222668549,1585.0,2.370311470226592,4.831842138755039e-06,0,16184,0.07672513276338577,193,2.7939677238464355e-09,3240,1.0,0.6,0.6,0.6,0.37499999999999994,0.37499999999999994,0.37499999999999994,3240,1.0,0.6,0.6,0.6,0.37499999999999994,0.37499999999999994,0.37499999999999994,4824,1.0,0.6,0.6000000134110477,0.6000000491465034,0.37499999999999994,0.3750000052386905,0.3750000191978523
344,5.733333333333333,True,valid,0.0476391801565706,0.03376931730335115,0.005806711373878271,0.7989159335486122,0.6300421481766206,0.2673664690161725,0.6810764372843284,0.042195311625302497,0.2864172172648734,0.0002344601633289637,1585.0,19.591291491287365,5.806786908256809e-06,0,16595,0.08813679218292236,193,1.862645149230957e-09,3240,1.0,0.6,0.6,0.6,0.37499999999999994,0.37499999999999994,0.37499999999999994,3240,1.0,0.6,0.6,0.6,0.37499999999999994,0.37499999999999994,0.37499999999999994,4824,1.0,0.6,0.6000000134110477,0.6000000491465034,0.37499999999999994,0.3750000052386905,0.3750000191978523
345,5.75,True,valid,0.05227651134494504,0.03751792640616797,0.006090392104480074,0.9846066648173012,0.7360471529806623,0.35758209487092646,0.9230082847121868,0.03316099880169336,0.4659765431063476,0.0002401095245938024,1585.0,24.171685254797133,6.291878109841346e-06,0,16898,0.09872205555438995,191,3.725290298461914e-09,3240,1.0,0.6,0.6,0.6,0.37499999999999994,0.37499999999999994,0.37499999999999994,3240,1.0,0.6,0.6,0.6,0.37499999999999994,0.37499999999999994,0.37499999999999994,4824,1.0,0.6,0.6000000134110477,0.6000000491465034,0.37499999999999994,0.3750000052386905,0.3750000191978523
346,5.766666666666667,True,valid,0.05630927611931685,0.04059570370360361,0.006379426435107882,0.5049223948369377,0.5017794526876405,0.06942773936676282,0.5220521222609913,0.014990388976746124,0.140259505719928,0.0002412553127057911,1585.0,2.606929916598257,5.015169266745815e-06,0,17068,0.10831403732299805,190,3.725290298461914e-09,3240,1.0,0.6,0.6,0.6,0.37499999999999994,0.37499999999999994,0.37499999999999994,3240,1.0,0.6,0.6,0.6,0.37499999999999994,0.37499999999999994,0.37499999999999994,4824,1.0,0.6,0.6000000134110477,0.6000000491465034,0.37499999999999994,0.3750000052386905,0.3750000191978523
347,5.783333333333333,True,valid,0.0593952040229083,0.042899050918367085,0.006491512804514094,0.48137617809468,0.49146814638971636,0.015396672174883283,0.49946285828431086,0.013102789484266254,0.14036284583066497,0.00024237115992426756,1585.0,2.101191540519388,5.016907503187567e-06,0,17126,0.1168900653719902,191,5.587935447692871e-09,3240,1.0,0.6,0.6,0.6,0.37499999999999994,0.37499999999999994,0.37499999999999994,3240,1.0,0.6,0.6,0.6,0.37499999999999994,0.37499999999999994,0.37499999999999994,4824,1.0,0.6,0.6000000134110477,0.6000000491465034,0.37499999999999994,0.3750000052386905,0.3750000191978523
348,5.8,True,valid,0.061150562821378956,0.044299473528386674,0.006532383441596987,0.4713890806659123,0.480769358734338,0.015057575026857272,0.48540943661415653,0.017604892464245497,0.14348614147030608,0.0002482964823404472,1585.0,2.0190865490708387,5.026281499560566e-06,0,17206,0.12438755482435226,191,7.450580596923828e-09,3240,1.0,0.6,0.6,0.6,0.37499999999999994,0.37499999999999994,0.37499999999999994,3240,1.0,0.6,0.6,0.6,0.37499999999999994,0.37499999999999994,0.37499999999999994,4824,1.0,0.6,0.6000000134110477,0.6000000491465034,0.37499999999999994,0.3750000052386905,0.3750000191978523
349,5.816666666666666,True,valid,0.0614403177722062,0.04467371252249357,0.0064897179325119365,0.4558531637763583,0.46300697107682115,0.025898414428547383,0.47471300839217845,0.012050077227046272,0.15848858385824932,0.0002350309365957325,1585.0,2.425307645406648,4.970569952956051e-06,0,17220,0.1305687129497528,194,3.725290298461914e-09,3240,1.0,0.6,0.6,0.6,0.37499999999999994,0.37499999999999994,0.37499999999999994,3240,1.0,0.6,0.6,0.6,0.37499999999999994,0.37499999999999994,0.37499999999999994,4824,1.0,0.6,0.6000000134110477,0.6000000491465034,0.37499999999999994,0.3750000052386905,0.3750000191978523
350,5.833333333333333,True,valid,0.0603057847180702,0.04413482791452575,0.0062744926233620005,0.42600180829886625,0.4323997850234054,0.032156437428050536,0.45057692484023515,0.012909755867954675,0.1343127569458659,0.0002290037657180176,1585.0,1.768956987123599,4.6980779914212865e-06,0,17215,0.13565248250961304,193,3.725290298461914e-09,3240,1.0,0.6,0.6,0.6,0.37499999999999994,0.37499999999999994,0.37499999999999994,3240,1.0,0.6,0.6,0.6,0.37499999999999994,0.37499999999999994,0.37499999999999994,4824,1.0,0.6,0.6000000134110477,0.6000000491465034,0.37499999999999994,0.3750000052386905,0.3750000191978523
351,5.85,True,valid,0.057940080104091275,0.04283500151973014,0.005903969038238763,0.4092266999605384,0.4148699403055309,0.019324858874592243,0.4265282376164285,0.01964148748813536,0.1594141169557388,0.00022033910594605838,1585.0,3.4613138840536517,4.503893977704819e-06,0,17212,0.13958752155303955,192,3.725290298461914e-09,3240,1.0,0.6,0.6,0.6,0.37499999999999994,0.37499999999999994,0.37499999999999994,3240,1.0,0.6,0.6,0.6,0.37499999999999994,0.37499999999999994,0.37499999999999994,4824,1.0,0.6,0.6000000134110477,0.6000000491465034,0.37499999999999994,0.3750000052386905,0.3750000191978523
352,5.866666666666666,True,valid,0.05451980017026555,0.04088225544588207,0.005490827702371472,0.37672682462439216,0.37740082755346765,0.0484588546693207,0.40205805623563007,0.012984246998777664,0.13816070606966163,0.00020444249782767494,1585.0,2.0929709760774213,4.251553955893929e-06,0,17192,0.14236541092395782,192,7.450580596923828e-09,3240,1.0,0.6,0.6,0.6,0.37499999999999994,0.37499999999999994,0.37499999999999994,3240,1.0,0.6,0.6,0.6,0.37499999999999994,0.37499999999999994,0.37499999999999994,4824,1.0,0.6,0.6000000134110477,0.6000000491465034,0.37499999999999994,0.3750000052386905,0.3750000191978523
353,5.883333333333334,True,valid,0.05044548421662345,0.038508279063841036,0.0050254686473264485,0.3289932542996967,0.33539668584086607,0.012391662135548313,0.35477246719937827,0.01135719623000445,0.13546574551933255,0.00019218721620041054,1585.0,1.3609848911601155,3.851771017950372e-06,0,17188,0.14432258903980255,193,3.725290298461914e-09,3240,1.0,0.6,0.6,0.6,0.37499999999999994,0.37499999999999994,0.37499999999999994,3240,1.0,0.6,0.6,0.6,0.37499999999999994,0.37499999999999994,0.37499999999999994,4824,1.0,0.6,0.6000000134110477,0.6000000491465034,0.37499999999999994,0.3750000052386905,0.3750000191978523
354,5.9,True,valid,0.0462429225885694,0.03581997445685056,0.00460621470313897,0.31605821059326206,0.3168847683666737,0.02485676149494559,0.3187749192892269,0.009290688607212085,0.16994631544532268,0.00017227836175530146,1585.0,4.627777280277373,3.5652511484078233e-06,0,17180,0.1450108289718628,192,3.725290298461914e-09,3240,1.0,0.6,0.6,0.6,0.37499999999999994,0.37499999999999994,0.37499999999999994,3240,1.0,0.6,0.6,0.6,0.37499999999999994,0.37499999999999994,0.37499999999999994,4824,1.0,0.6,0.6000000134110477,0.6000000491465034,0.37499999999999994,0.3750000052386905,0.3750000191978523
355,5.916666666666667,True,valid,0.04243844683529964,0.03298469747027121,0.004158721912225829,0.3816201332981847,0.3415297932823149,0.08557653927836077,0.31801519436113546,0.013708755652880416,0.24296942021035287,0.00016146341423820755,1585.0,6.096082386141684,4.491663466517362e-06,0,17113,0.14479923248291016,193,7.450580596923828e-09,3240,1.0,0.6,0.6,0.6,0.37499999999999994,0.37499999999999994,0.37499999999999994,3240,1.0,0.6,0.6,0.6,0.37499999999999994,0.37499999999999994,0.37499999999999994,4824,1.0,0.6,0.6000000134110477,0.6000000491465034,0.37499999999999994,0.3750000052386905,0.3750000191978523
356,5.933333333333334,True,valid,0.03932140008992686,0.03032818171776251,0.0037588526978358365,0.3017025091093176,0.2610928794099442,0.084818479589146,0.29282999007406524,0.012247385816437657,0.15341752749142312,0.00014742872514065568,1585.0,5.0584690293143115,3.995564635925507e-06,0,16988,0.14383471012115479,193,7.450580596923828e-09,3240,1.0,0.6,0.6,0.6,0.37499999999999994,0.37499999999999994,0.37499999999999994,3240,1.0,0.6,0.6,0.6,0.37499999999999994,0.37499999999999994,0.37499999999999994,4824,1.0,0.6,0.6000000134110477,0.6000000491465034,0.37499999999999994,0.3750000052386905,0.3750000191978523
357,5.95,True,valid,0.03718963730045327,0.027865981076296453,0.0035012815630735615,0.21508057293267344,0.20745536257164102,0.026306616064722652,0.2244973608416548,0.005028726816431391,0.11841334206544298,0.00013654248559793588,1585.0,3.7214709259161958,2.886959359125661e-06,0,16870,0.1422557234764099,193,7.450580596923828e-09,3240,1.0,0.6,0.6,0.6,0.37499999999999994,0.37499999999999994,0.37499999999999994,3240,1.0,0.6,0.6,0.6,0.37499999999999994,0.37499999999999994,0.37499999999999994,4824,1.0,0.6,0.6000000134110477,0.6000000491465034,0.37499999999999994,0.3750000052386905,0.3750000191978523
358,5.966666666666667,True,valid,0.03624586889762387,0.025794774221251638,0.0033867962347201488,0.17627368345148736,0.17293060350386566,0.02162958210416881,0.18821930609972595,0.004560817161077858,0.10508921434711609,0.0001286337055877362,1585.0,2.5934823242638916,2.5249163768330318e-06,0,16711,0.14009621739387512,195,7.450580596923828e-09,3240,1.0,0.6,0.6,0.6,0.37499999999999994,0.37499999999999994,0.37499999999999994,3240,1.0,0.6,0.6,0.6,0.37499999999999994,0.37499999999999994,0.37499999999999994,4824,1.0,0.6,0.6000000134110477,0.6000000491465034,0.37499999999999994,0.3750000052386905,0.3750000191978523
359,5.983333333333333,True,valid,0.03656229679148461,0.024316801772701836,0.0034527966715480335,0.15950389258063497,0.15371773760126722,0.017549646009776543,0.18008977226783296,0.003602076629359909,0.09920750847230297,0.0001232538708943307,1585.0,2.1201792123705308,2.3980306029552092e-06,0,16509,0.13736142218112946,195,7.450580596923828e-09,3240,1.0,0.6,0.6,0.6,0.37499999999999994,0.37499999999999994,0.37499999999999994,3240,1.0,0.6,0.6,0.6,0.37499999999999994,0.37499999999999994,0.37499999999999994,4824,1.0,0.6,0.6000000134110477,0.6000000491465034,0.37499999999999994,0.3750000052386905,0.3750000191978523
360,6.0,True,valid,0.03807515897822364,0.023593503953234493,0.003767152721324324,0.1360999171703733,0.13623276785029087,0.0022765138440812185,0.1812079155702766,0.0008374845843310425,0.10621848183183126,0.00012098314316204952,1585.0,0.6354859346740542,2.3399557456385243e-06,0,16264,0.13432563841342926,194,7.450580596923828e-09,3240,1.0,0.6,0.6,0.6,0.37499999999999994,0.37499999999999994,0.37499999999999994,3240,1.0,0.6,0.6,0.6,0.37499999999999994,0.37499999999999994,0.37499999999999994,4824,1.0,0.6,0.6000000134110477,0.6000000491465034,0.37499999999999994,0.3750000052386905,0.3750000191978523
