frame,time_s,valid,status,stretch_score,shear_score,bend_score,original_rms_N,alm_rms_N,constitutive_gap_rms_N,elastic_rms_N,damping_rms_N,contact_rms_N,inertia_rms_N,free_vertices,original_max_N,iterate_change_rms_m,self_contact_vt_candidates,self_contact_ee_candidates,body_max_abs_translation_m,soft_contact_count,pin_error_m,tri_stretch_active_rows,tri_stretch_floor_fraction,tri_stretch_rho_over_k_min,tri_stretch_rho_over_k_median,tri_stretch_rho_over_k_max,tri_stretch_effective_over_k_min,tri_stretch_effective_over_k_median,tri_stretch_effective_over_k_max,tri_area_active_rows,tri_area_floor_fraction,tri_area_rho_over_k_min,tri_area_rho_over_k_median,tri_area_rho_over_k_max,tri_area_effective_over_k_min,tri_area_effective_over_k_median,tri_area_effective_over_k_max,bend_active_rows,bend_floor_fraction,bend_rho_over_k_min,bend_rho_over_k_median,bend_rho_over_k_max,bend_effective_over_k_min,bend_effective_over_k_median,bend_effective_over_k_max
0,0.0,True,valid,0.0,0.0,0.0,,,,,,,,,,,0,0,0.1509999930858612,0,0.0,0,,,,,,,,0,,,,,,,,0,,,,,,,
1,0.016666666666666666,True,valid,0.002762682847146902,0.0014690144155690566,0.0047384991014717435,90.10191975774994,90.26278107648179,1.0102852568030871,90.11384416635205,0.13162378110290787,0.0,0.0001447443056414848,1585.0,192.2809023856568,2.7119783831441354e-06,0,15504,0.14950264990329742,0,0.0,3240,1.0,1.0,1.0,1.0,0.5,0.5,0.5,3240,1.0,1.0,1.0,1.0,0.5,0.5,0.5,4824,1.0,1.0,1.0,1.0,0.5,0.5,0.5
2,0.03333333333333333,True,valid,0.0040528622266480605,0.002330721809045156,0.046850746423974084,125.93398443288207,126.10998992962058,1.1592588748823227,125.93953618850081,0.2722745995194866,0.0,0.00018909832780827836,1585.0,276.3644440189614,3.672526829428583e-06,0,15504,0.14528286457061768,0,0.0,3240,1.0,1.0,1.0,1.0,0.5,0.5,0.5,3240,1.0,1.0,1.0,1.0,0.5,0.5,0.5,4824,1.0,1.0,1.0,1.0,0.5,0.5,0.5
3,0.05,True,valid,0.003128669162066277,0.002593045337466007,0.09807784076984116,89.47656908405345,89.76522402473617,1.1795002855791699,89.4650508064716,0.24192740531594734,0.0,0.0001050125011813218,1585.0,349.81685298801966,2.3108487305540755e-06,0,15504,0.13834063708782196,0,0.0,3240,1.0,1.0,1.0,1.0,0.5,0.5,0.5,3240,1.0,1.0,1.0,1.0,0.5,0.5,0.5,4824,1.0,1.0,1.0,1.0,0.5,0.5,0.5
4,0.06666666666666667,True,valid,0.00497241960276044,0.004568287535949233,0.12288900490883437,110.02231082134746,110.32464647416803,1.2016205375682767,110.03194307873471,0.2677217354901515,0.0,0.0001269521852189563,1585.0,469.3019473169709,2.863647155053858e-06,0,15596,0.12867596745491028,0,0.0,3240,1.0,1.0,1.0,1.0,0.5,0.5,0.5,3240,1.0,1.0,1.0,1.0,0.5,0.5,0.5,4824,1.0,1.0,1.0,1.0,0.5,0.5,0.5
5,0.08333333333333333,True,valid,0.007493653190490445,0.006624512112074254,0.14745696737732325,153.68932105358485,154.00311321699158,1.3918309931358326,153.81400952513627,0.36599592267957176,5.588324072859152,0.00018055580608318847,1585.0,589.3167187533364,4.061140031903602e-06,0,15638,0.11628885567188263,9,0.0,3240,1.0,1.0,1.0,1.0,0.5,0.5,0.5,3240,1.0,1.0,1.0,1.0,0.5,0.5,0.5,4824,1.0,1.0,1.0,1.0,0.5,0.5,0.5
6,0.1,True,valid,0.007558666163105178,0.006990240439059151,0.17683636360120406,162.33551054613184,162.63166382968305,1.828396700358351,163.3103309017852,0.7735936883339031,16.245629024677744,0.0001950095228916484,1585.0,646.8215775994903,4.352777295051054e-06,0,15652,0.10117930173873901,84,0.0,3240,1.0,1.0,1.0,1.0,0.5,0.5,0.5,3240,1.0,1.0,1.0,1.0,0.5,0.5,0.5,4824,1.0,1.0,1.0,1.0,0.5,0.5,0.5
7,0.11666666666666667,True,valid,0.004996630078076038,0.005073170712012403,0.19359574268237847,120.85051136742452,121.14434682558985,3.6965443068810337,127.52128484710741,1.124195711152879,55.634603034378785,0.00015458992891277952,1585.0,773.6181018567235,3.2503137576751114e-06,0,15642,0.085417740046978,170,0.0,3240,1.0,1.0,1.0,1.0,0.5,0.5,0.5,3240,1.0,1.0,1.0,1.0,0.5,0.5,0.5,4824,1.0,1.0,1.0,1.0,0.5,0.5,0.5
8,0.13333333333333333,True,valid,0.0033269865444874804,0.003900346334140922,0.2025074812972803,92.49199455160957,92.8195107309977,1.6817128446449812,108.29745784304973,0.9862354564448276,55.41689188272028,0.00013214114797360966,1585.0,368.31013121404123,2.468489071564164e-06,0,15704,0.0861504003405571,176,0.0,3240,1.0,1.0,1.0,1.0,0.5,0.5,0.5,3240,1.0,1.0,1.0,1.0,0.5,0.5,0.5,4824,1.0,1.0,1.0,1.0,0.5,0.5,0.5
9,0.15,True,valid,0.003653349138291935,0.003714385243174646,0.1996846250353456,108.43107870796645,108.8265693613175,1.862546543085764,122.45691874394382,0.9386762889051057,55.47534427589975,0.00016079891027167398,1585.0,472.41389751459263,2.9274678370085614e-06,0,15684,0.0855209231376648,173,0.0,3240,1.0,1.0,1.0,1.0,0.5,0.5,0.5,3240,1.0,1.0,1.0,1.0,0.5,0.5,0.5,4824,1.0,1.0,1.0,1.0,0.5,0.5,0.5
10,0.16666666666666666,True,valid,0.004676530249300425,0.004182096855265202,0.18901704338664466,121.6317911565504,121.95964777813074,1.739679605841499,131.88351270627678,0.8808144584956692,49.566981214371296,0.0001669451691594049,1585.0,814.5353086683228,3.2908297148597824e-06,0,15670,0.08425454050302505,158,0.0,3240,1.0,1.0,1.0,1.0,0.5,0.5,0.5,3240,1.0,1.0,1.0,1.0,0.5,0.5,0.5,4824,1.0,1.0,1.0,1.0,0.5,0.5,0.5
11,0.18333333333333332,True,valid,0.004865440910073266,0.004122096770192228,0.18480058411759528,114.84209320155314,115.11314972851018,1.50419580103002,123.31047242943761,0.6643740817372286,41.36110355728279,0.0001539975540289309,1585.0,383.7863744848167,3.135395868861917e-06,0,15598,0.0830499678850174,167,0.0,3240,1.0,1.0,1.0,1.0,0.5,0.5,0.5,3240,1.0,1.0,1.0,1.0,0.5,0.5,0.5,4824,1.0,1.0,1.0,1.0,0.5,0.5,0.5
12,0.2,True,valid,0.004887797002331638,0.004121998656913362,0.18283719010941754,107.88084550044307,108.1084142066694,1.339388159075577,113.50367290317632,0.5562852029169328,32.624354007921575,0.00014823965263108883,1585.0,472.71822967251694,2.983467360679665e-06,0,15568,0.08263250440359116,164,0.0,3240,1.0,1.0,1.0,1.0,0.5,0.5,0.5,3240,1.0,1.0,1.0,1.0,0.5,0.5,0.5,4824,1.0,1.0,1.0,1.0,0.5,0.5,0.5
13,0.21666666666666667,True,valid,0.004664369899768227,0.003839438144150951,0.17961576333570609,105.16598141000736,105.38403748435718,1.2675521867776651,108.78048471091083,0.6104217046145953,25.59738877175417,0.00014319819896136787,1585.0,307.4788256466644,2.8911411293299784e-06,0,15555,0.08102726191282272,167,0.0,3240,1.0,1.0,1.0,1.0,0.5,0.5,0.5,3240,1.0,1.0,1.0,1.0,0.5,0.5,0.5,4824,1.0,1.0,1.0,1.0,0.5,0.5,0.5
14,0.23333333333333334,True,valid,0.004381513373745486,0.0035246488292685,0.17354529918299563,100.28362373591176,100.50137407916594,1.3391864504257514,102.4446309924778,0.6521663644241241,19.792424918179,0.0001407979633449513,1585.0,336.5120011976565,2.7848464376989354e-06,0,15559,0.07852931320667267,173,0.0,3240,1.0,1.0,1.0,1.0,0.5,0.5,0.5,3240,1.0,1.0,1.0,1.0,0.5,0.5,0.5,4824,1.0,1.0,1.0,1.0,0.5,0.5,0.5
15,0.25,True,valid,0.004235319935759778,0.0032976049577390387,0.16859066902973546,98.36708943444091,98.54204153873164,1.1309174297520734,100.27710229113164,0.44212969910956684,17.599483245873845,0.0001399585963054746,1585.0,286.6775069638613,2.7535477167711217e-06,0,15559,0.0739293247461319,194,0.0,3240,1.0,1.0,1.0,1.0,0.5,0.5,0.5,3240,1.0,1.0,1.0,1.0,0.5,0.5,0.5,4824,1.0,1.0,1.0,1.0,0.5,0.5,0.5
16,0.26666666666666666,True,valid,0.004263853480282185,0.0033249334742334433,0.16500592862466518,98.89343838295737,99.0897613776491,1.1061666185785624,100.36700973624617,0.35659338609224084,15.278304547446345,0.00014309847300854615,1585.0,327.378248836197,2.789497195062326e-06,0,15558,0.07142086327075958,206,0.0,3240,1.0,1.0,1.0,1.0,0.5,0.5,0.5,3240,1.0,1.0,1.0,1.0,0.5,0.5,0.5,4824,1.0,1.0,1.0,1.0,0.5,0.5,0.5
17,0.2833333333333333,True,valid,0.004364169576840161,0.0035361974965470943,0.16437151987095852,97.86068223797709,98.03291936499339,1.018710999571767,99.10744526692429,0.3300643685676059,13.968730805514198,0.00014000081988057705,1585.0,332.98924550465466,2.7558847306532213e-06,0,15533,0.07171668857336044,215,0.0,3240,1.0,1.0,1.0,1.0,0.5,0.5,0.5,3240,1.0,1.0,1.0,1.0,0.5,0.5,0.5,4824,1.0,1.0,1.0,1.0,0.5,0.5,0.5
18,0.3,True,valid,0.0045258635248554705,0.0035274327793563417,0.16411450737716501,98.21348254415057,98.42402194256186,1.2110061965362502,99.06693986996629,0.37176183679563063,11.350068115924293,0.00014096419705791018,1585.0,533.1902665686405,2.762153087713027e-06,0,15545,0.07085783034563065,207,0.0,3240,1.0,1.0,1.0,1.0,0.5,0.5,0.5,3240,1.0,1.0,1.0,1.0,0.5,0.5,0.5,4824,1.0,1.0,1.0,1.0,0.5,0.5,0.5
19,0.31666666666666665,True,valid,0.0047925904803794534,0.003533224062895567,0.16563579549326557,101.21086089653173,101.3814288284156,1.0904656537761785,101.31969722306198,0.37831052290922285,3.053863315330413,0.00014455660883163756,1585.0,298.861077703028,2.8699145269204705e-06,0,15535,0.06952071189880371,216,0.0,3240,1.0,1.0,1.0,1.0,0.5,0.5,0.5,3240,1.0,1.0,1.0,1.0,0.5,0.5,0.5,4824,1.0,1.0,1.0,1.0,0.5,0.5,0.5
20,0.3333333333333333,True,valid,0.004786956232794637,0.003640202539855275,0.1650176705452226,100.09553283635834,100.26297051906178,1.045973176371683,100.87526121724565,0.2957433788134702,18.650319085045385,0.00014128266084639226,1585.0,246.92068271610873,2.8269151962079805e-06,0,15528,0.06714065372943878,229,0.0,3240,1.0,1.0,1.0,1.0,0.5,0.5,0.5,3240,1.0,1.0,1.0,1.0,0.5,0.5,0.5,4824,1.0,1.0,1.0,1.0,0.5,0.5,0.5
21,0.35,True,valid,0.004425035493065402,0.0035294191810785213,0.16479417741278848,95.30871238392655,95.49963880866585,1.1407314238453106,98.02915809106248,0.42853480877303296,20.02647385024964,0.00013362228535212817,1585.0,485.668414629267,2.6851305784301654e-06,0,15536,0.06682673841714859,233,0.0,3240,1.0,1.0,1.0,1.0,0.5,0.5,0.5,3240,1.0,1.0,1.0,1.0,0.5,0.5,0.5,4824,1.0,1.0,1.0,1.0,0.5,0.5,0.5
22,0.36666666666666664,True,valid,0.0043082371620569585,0.0033818600789857723,0.16375175405312065,90.72109278500167,90.88387981305965,1.0267204025557455,90.72737094008039,0.27417547590840646,0.779824956493994,0.0001306376402515901,1585.0,371.6269353977791,2.577102780834124e-06,0,15551,0.0654454231262207,235,0.0,3240,1.0,1.0,1.0,1.0,0.5,0.5,0.5,3240,1.0,1.0,1.0,1.0,0.5,0.5,0.5,4824,1.0,1.0,1.0,1.0,0.5,0.5,0.5
23,0.38333333333333336,True,valid,0.004571610117309451,0.0033305550731588095,0.16167970081597655,91.44542734976939,91.59868286565481,0.9953425241577956,91.48606222216964,0.20719445192332675,4.815607402587295,0.00013390508985564885,1585.0,178.90889736610987,2.625474149162044e-06,0,15550,0.06326407194137573,240,0.0,3240,1.0,1.0,1.0,1.0,0.5,0.5,0.5,3240,1.0,1.0,1.0,1.0,0.5,0.5,0.5,4824,1.0,1.0,1.0,1.0,0.5,0.5,0.5
24,0.4,True,valid,0.004867046483551814,0.003432265455566967,0.1625271158612334,94.07463978963955,94.22137566824573,0.9840236232481698,95.06767607856182,0.1983223873080354,13.447272723471059,0.00013449381477917004,1585.0,206.10989448916035,2.688412394459537e-06,0,15541,0.06335696578025818,246,0.0,3240,1.0,1.0,1.0,1.0,0.5,0.5,0.5,3240,1.0,1.0,1.0,1.0,0.5,0.5,0.5,4824,1.0,1.0,1.0,1.0,0.5,0.5,0.5
25,0.4166666666666667,True,valid,0.005068037647588468,0.003639739316574481,0.1637694517488272,97.80966435696581,97.95315980323785,0.9712950175820878,99.07654552499878,0.19251272634079647,14.875731980274814,0.00013845486762689772,1585.0,191.38419287334122,2.7872035989092343e-06,0,15535,0.06436815112829208,246,0.0,3240,1.0,1.0,1.0,1.0,0.5,0.5,0.5,3240,1.0,1.0,1.0,1.0,0.5,0.5,0.5,4824,1.0,1.0,1.0,1.0,0.5,0.5,0.5
26,0.43333333333333335,True,valid,0.005043394095450237,0.0037740453066214237,0.16455934754234175,99.03173242415458,99.17536277055795,0.9634781009731955,100.36378281704098,0.16213586777555178,15.526952695374742,0.00014011426575951476,1585.0,210.15729471362852,2.8150871805378588e-06,0,15524,0.06529174745082855,245,0.0,3240,1.0,1.0,1.0,1.0,0.5,0.5,0.5,3240,1.0,1.0,1.0,1.0,0.5,0.5,0.5,4824,1.0,1.0,1.0,1.0,0.5,0.5,0.5
27,0.45,True,valid,0.0048107410465048125,0.003695617918718701,0.16344808666992947,93.65146418402804,93.79303853357257,0.9479105532044032,95.12375187823892,0.14623001538414282,16.037953428147187,0.000133535084742789,1585.0,195.87392909744975,2.6631042950187342e-06,0,15524,0.06605149805545807,242,0.0,3240,1.0,1.0,1.0,1.0,0.5,0.5,0.5,3240,1.0,1.0,1.0,1.0,0.5,0.5,0.5,4824,1.0,1.0,1.0,1.0,0.5,0.5,0.5
28,0.4666666666666667,True,valid,0.0045960761370545085,0.003521384302928292,0.1618708625903571,90.14121860957356,90.28083177968938,0.9439827487801615,91.39777545942175,0.14569797237415916,14.194684798888108,0.00013093761261850377,1585.0,177.36562242410713,2.5810516845106353e-06,0,15527,0.06659716367721558,240,0.0,3240,1.0,1.0,1.0,1.0,0.5,0.5,0.5,3240,1.0,1.0,1.0,1.0,0.5,0.5,0.5,4824,1.0,1.0,1.0,1.0,0.5,0.5,0.5
29,0.48333333333333334,True,valid,0.004537257788942309,0.003409509205317705,0.16175489220917497,92.96082342819712,93.10173758918738,0.9480911726142007,93.79901925533352,0.13342497178075652,12.21423126701633,0.00013459401221694965,1585.0,192.06000722327855,2.658743090172041e-06,0,15539,0.06715357303619385,237,0.0,3240,1.0,1.0,1.0,1.0,0.5,0.5,0.5,3240,1.0,1.0,1.0,1.0,0.5,0.5,0.5,4824,1.0,1.0,1.0,1.0,0.5,0.5,0.5
30,0.5,True,valid,0.004496737715173131,0.003367574509020338,0.16261642363140985,94.68200790547907,94.82125588476144,0.9539216249607543,95.10898067840924,0.13778963309724143,8.558514941178071,0.00013619290224234866,1585.0,189.94405190872817,2.704012518437841e-06,0,15539,0.0677277147769928,237,0.0,3240,1.0,1.0,1.0,1.0,0.5,0.5,0.5,3240,1.0,1.0,1.0,1.0,0.5,0.5,0.5,4824,1.0,1.0,1.0,1.0,0.5,0.5,0.5
31,0.5166666666666667,True,valid,0.0044078842400209674,0.003373690339384184,0.16283617422077504,92.35559475968974,92.49515374323502,0.9471689655687168,92.454389218804,0.16446295127717206,3.73901075346291,0.00013329280083339713,1585.0,171.0806572871017,2.637739818983171e-06,0,15541,0.06845282763242722,232,0.0,3240,1.0,1.0,1.0,1.0,0.5,0.5,0.5,3240,1.0,1.0,1.0,1.0,0.5,0.5,0.5,4824,1.0,1.0,1.0,1.0,0.5,0.5,0.5
32,0.5333333333333333,True,valid,0.004396929487361529,0.0034685800669167492,0.16264840422167842,91.66997965607959,91.81062358369904,0.9463002357622765,91.70762558266274,0.20458565342095578,3.0969321950894164,0.0001321260043208971,1585.0,168.4701313848923,2.6140758298755195e-06,0,15541,0.06916821002960205,228,0.0,3240,1.0,1.0,1.0,1.0,0.5,0.5,0.5,3240,1.0,1.0,1.0,1.0,0.5,0.5,0.5,4824,1.0,1.0,1.0,1.0,0.5,0.5,0.5
33,0.55,True,valid,0.004521212596702275,0.0035991851891318187,0.16259272083466453,93.28206682935689,93.42494924293095,0.9616665824545494,93.43083452798557,0.20346100021779207,3.946762594761473,0.00013312649225038017,1585.0,190.24853120473526,2.652459149077584e-06,0,15539,0.06963080912828445,225,0.0,3240,1.0,1.0,1.0,1.0,0.5,0.5,0.5,3240,1.0,1.0,1.0,1.0,0.5,0.5,0.5,4824,1.0,1.0,1.0,1.0,0.5,0.5,0.5
34,0.5666666666666667,True,valid,0.0047062186609681134,0.0037295946937839636,0.16291059741958172,96.118270567734,96.25933382678224,0.970503565145221,96.2165767581575,0.20930043675921758,3.4228797855036905,0.0001360374897043264,1585.0,212.66828110003883,2.7205397392874663e-06,0,15533,0.07015515863895416,220,0.0,3240,1.0,1.0,1.0,1.0,0.5,0.5,0.5,3240,1.0,1.0,1.0,1.0,0.5,0.5,0.5,4824,1.0,1.0,1.0,1.0,0.5,0.5,0.5
35,0.5833333333333334,True,valid,0.004784405846311726,0.0037072438537726535,0.16169893646922345,96.12538801564824,96.26400894202943,0.96261944741104,96.17838361350233,0.20588177968126495,2.4977440666855943,0.00013622739029403656,1585.0,221.26473788460936,2.7231198878669806e-06,0,15534,0.07060691714286804,213,0.0,3240,1.0,1.0,1.0,1.0,0.5,0.5,0.5,3240,1.0,1.0,1.0,1.0,0.5,0.5,0.5,4824,1.0,1.0,1.0,1.0,0.5,0.5,0.5
36,0.6,True,valid,0.004701818280702595,0.0036022156111729566,0.158924958485631,93.346814629659,93.48649653611255,0.9556130789492017,93.43303108264067,0.211210222548384,3.388342128114444,0.00013380956825432403,1585.0,220.48479922082342,2.65980434914505e-06,0,15533,0.07066170126199722,213,0.0,3240,1.0,1.0,1.0,1.0,0.5,0.5,0.5,3240,1.0,1.0,1.0,1.0,0.5,0.5,0.5,4824,1.0,1.0,1.0,1.0,0.5,0.5,0.5
37,0.6166666666666667,True,valid,0.004574988056685894,0.0035270505574937984,0.15605275186298825,92.60558446928961,92.76356325023038,1.150375126989044,92.69244993232287,0.4076885927497471,2.975032101942493,0.00013267669437903016,1585.0,278.49784829389324,2.631214941016457e-06,0,15551,0.07013742625713348,203,0.0,3240,1.0,1.0,1.0,1.0,0.5,0.5,0.5,3240,1.0,1.0,1.0,1.0,0.5,0.5,0.5,4824,1.0,1.0,1.0,1.0,0.5,0.5,0.5
38,0.6333333333333333,True,valid,0.004538259794191097,0.003545031117594767,0.15361667521697617,91.92420501805096,92.07054480029348,0.9770507497870876,91.93388429074065,0.24085690696181444,0.10523622636805963,0.00013275301874755363,1585.0,193.15579294445158,2.61659643855816e-06,0,15562,0.06925751268863678,194,0.0,3240,1.0,1.0,1.0,1.0,0.5,0.5,0.5,3240,1.0,1.0,1.0,1.0,0.5,0.5,0.5,4824,1.0,1.0,1.0,1.0,0.5,0.5,0.5
39,0.65,True,valid,0.004627101847442996,0.0036495711742887335,0.15166605993138318,94.62169100380812,94.77873607167275,1.0472270647816737,94.66119639790945,0.44990384889458646,0.10148067638095185,0.0001355772373887438,1585.0,344.0253047017404,2.6779135197930573e-06,0,15571,0.06812196969985962,191,0.0,3240,1.0,1.0,1.0,1.0,0.5,0.5,0.5,3240,1.0,1.0,1.0,1.0,0.5,0.5,0.5,4824,1.0,1.0,1.0,1.0,0.5,0.5,0.5
40,0.6666666666666666,True,valid,0.0047142831465097354,0.003759878650194135,0.15064836950541324,97.1098432333845,97.2746731354894,1.0862994875174876,97.11881650483647,0.3441922129830918,0.07455612105226811,0.0001369396034028614,1585.0,367.1036953396427,2.7430251649147503e-06,0,15581,0.06701770424842834,182,0.0,3240,1.0,1.0,1.0,1.0,0.5,0.5,0.5,3240,1.0,1.0,1.0,1.0,0.5,0.5,0.5,4824,1.0,1.0,1.0,1.0,0.5,0.5,0.5
41,0.6833333333333333,True,valid,0.004788400531557729,0.004105057974889588,0.14813777146929785,97.38962283797416,97.54666800700392,1.073467803542035,97.41238116075696,0.3653038290045919,1.3029725791582125,0.0001383312875313562,1585.0,360.3034171457506,2.7539262543981865e-06,0,15589,0.06530200690031052,174,0.0,3240,1.0,1.0,1.0,1.0,0.5,0.5,0.5,3240,1.0,1.0,1.0,1.0,0.5,0.5,0.5,4824,1.0,1.0,1.0,1.0,0.5,0.5,0.5
42,0.7,True,valid,0.004634058303610254,0.004104615609277166,0.1452280223364314,96.70275343938772,96.91142819969643,1.3813273212715251,96.70642513219774,0.48239778915242354,0.05678039402697384,0.0001356774252613501,1585.0,380.7675620504797,2.6924796618011812e-06,0,15589,0.06356832385063171,171,0.0,3240,1.0,1.0,1.0,1.0,0.5,0.5,0.5,3240,1.0,1.0,1.0,1.0,0.5,0.5,0.5,4824,1.0,1.0,1.0,1.0,0.5,0.5,0.5
43,0.7166666666666667,True,valid,0.004496254140961314,0.00377764576224583,0.14456694460086608,95.56946843993555,95.77082292818591,1.2702448077599793,95.56993423677379,0.4655504224242248,0.13521019110718568,0.00013343443959098043,1585.0,290.18813204739223,2.679604002545033e-06,0,15598,0.06287869811058044,175,0.0,3240,1.0,1.0,1.0,1.0,0.5,0.5,0.5,3240,1.0,1.0,1.0,1.0,0.5,0.5,0.5,4824,1.0,1.0,1.0,1.0,0.5,0.5,0.5
44,0.7333333333333333,True,valid,0.004566339097173824,0.0037076733948137658,0.14433227305403998,95.21797677111581,95.37460141180053,1.0269682803244513,95.22993835767096,0.33621049288140403,0.05727499986458878,0.00013666584223800867,1585.0,319.274023355864,2.701632234112053e-06,0,15598,0.06273987889289856,190,0.0,3240,1.0,1.0,1.0,1.0,0.5,0.5,0.5,3240,1.0,1.0,1.0,1.0,0.5,0.5,0.5,4824,1.0,1.0,1.0,1.0,0.5,0.5,0.5
45,0.75,True,valid,0.004605286806527269,0.0037207159381840993,0.1461004536514232,92.32779919881919,92.47287955032456,0.9790718427791051,92.3477841596253,0.27001498866196466,0.36628445509705454,0.00013174028070171514,1585.0,195.21483760702716,2.6243030133112467e-06,0,15592,0.06331230700016022,192,0.0,3240,1.0,1.0,1.0,1.0,0.5,0.5,0.5,3240,1.0,1.0,1.0,1.0,0.5,0.5,0.5,4824,1.0,1.0,1.0,1.0,0.5,0.5,0.5
46,0.7666666666666667,True,valid,0.004798534155814764,0.0038240032014744112,0.1465191760497682,94.48548763543285,94.63701491640711,1.0020442264389533,94.51632377872933,0.40680297433582124,0.05481746092080759,0.00013440661889047893,1585.0,452.805013272236,2.68495760673535e-06,0,15594,0.0641101747751236,198,0.0,3240,1.0,1.0,1.0,1.0,0.5,0.5,0.5,3240,1.0,1.0,1.0,1.0,0.5,0.5,0.5,4824,1.0,1.0,1.0,1.0,0.5,0.5,0.5
47,0.7833333333333333,True,valid,0.004894992891863625,0.0038883031960952356,0.14738848415807482,95.45913529349471,95.60074113224749,0.9859523650608724,95.46624192819237,0.23571521077810215,0.07518193952220378,0.00013561558542424417,1585.0,246.96887081476103,2.719235532555862e-06,0,15565,0.06357213109731674,197,0.0,3240,1.0,1.0,1.0,1.0,0.5,0.5,0.5,3240,1.0,1.0,1.0,1.0,0.5,0.5,0.5,4824,1.0,1.0,1.0,1.0,0.5,0.5,0.5
48,0.8,True,valid,0.004871339490187423,0.003916043560750014,0.14784591729442012,93.46976662353048,93.61123586754003,0.9942282733264262,93.56561823868462,0.33892455658437454,3.5713327074346686,0.00013382334433414384,1585.0,204.02953947392896,2.6597571839827744e-06,0,15545,0.06271501630544662,197,0.0,3240,1.0,1.0,1.0,1.0,0.5,0.5,0.5,3240,1.0,1.0,1.0,1.0,0.5,0.5,0.5,4824,1.0,1.0,1.0,1.0,0.5,0.5,0.5
49,0.8166666666666667,True,valid,0.004701969492070709,0.003654670114737818,0.15077740688680155,92.74210263442252,92.89207882393377,1.0544151201607328,93.0761297404213,0.49906022716492937,5.370089898478382,0.0001323509302213044,1585.0,341.31431837193213,2.6365995193406063e-06,0,15537,0.06145774945616722,199,0.0,3240,1.0,1.0,1.0,1.0,0.5,0.5,0.5,3240,1.0,1.0,1.0,1.0,0.5,0.5,0.5,4824,1.0,1.0,1.0,1.0,0.5,0.5,0.5
50,0.8333333333333334,True,valid,0.004704630523194806,0.003652506241590709,0.15200607442387645,92.65957972196999,92.79391630304161,1.1664068516932766,94.62593443860257,0.2629393686727373,18.516737779845087,0.0001321003867461015,1585.0,215.1997283341613,2.6472281358221945e-06,0,15535,0.06018698960542679,203,0.0,3240,1.0,1.0,1.0,1.0,0.5,0.5,0.5,3240,1.0,1.0,1.0,1.0,0.5,0.5,0.5,4824,1.0,1.0,1.0,1.0,0.5,0.5,0.5
51,0.85,True,valid,0.004815679279848981,0.0037837017059454427,0.15283499813077933,93.59483490371737,93.7359401282017,0.9711301750877539,97.89652556917632,0.24872181418588035,27.731352409570558,0.00013303916243535125,1585.0,198.18032901913335,2.657384110264732e-06,0,15529,0.06267749518156052,219,0.0,3240,1.0,1.0,1.0,1.0,0.5,0.5,0.5,3240,1.0,1.0,1.0,1.0,0.5,0.5,0.5,4824,1.0,1.0,1.0,1.0,0.5,0.5,0.5
52,0.8666666666666667,True,valid,0.004854759293759228,0.0038059069710149225,0.1545902989095516,94.0943197373056,94.23337306172509,0.9913561880481039,98.17778196244785,0.21149228762351702,30.02700285495618,0.00013407337958580418,1585.0,206.2239438207708,2.6819415420005123e-06,0,15530,0.06320458650588989,226,0.0,3240,1.0,1.0,1.0,1.0,0.5,0.5,0.5,3240,1.0,1.0,1.0,1.0,0.5,0.5,0.5,4824,1.0,1.0,1.0,1.0,0.5,0.5,0.5
53,0.8833333333333333,True,valid,0.004856169971052568,0.0037747791957045322,0.15587623352132732,92.86973867304893,93.00729215872614,0.9739725334896523,98.85101155343958,0.18469267602263617,32.44562372359625,0.00013306197643236673,1585.0,166.7417265675649,2.6605218820303294e-06,0,15535,0.0632234662771225,226,0.0,3240,1.0,1.0,1.0,1.0,0.5,0.5,0.5,3240,1.0,1.0,1.0,1.0,0.5,0.5,0.5,4824,1.0,1.0,1.0,1.0,0.5,0.5,0.5
54,0.9,True,valid,0.004835563571325677,0.0037229116663420624,0.15695858449477262,93.05097622243586,93.18693965208088,0.9764437832976415,98.59632578902439,0.18708833988285956,31.30546584948151,0.00013266100576513951,1585.0,186.71812949988347,2.6589840652207253e-06,0,15534,0.063194639980793,226,0.0,3240,1.0,1.0,1.0,1.0,0.5,0.5,0.5,3240,1.0,1.0,1.0,1.0,0.5,0.5,0.5,4824,1.0,1.0,1.0,1.0,0.5,0.5,0.5
55,0.9166666666666666,True,valid,0.004780020901301084,0.003628523963073023,0.1573100596040225,93.96571836812238,94.10304225991949,0.9838787722287902,99.61045268689628,0.1378674467450485,31.793148801768346,0.0001348132615895595,1585.0,176.33121408738128,2.689375839657704e-06,0,15529,0.06340891122817993,227,0.0,3240,1.0,1.0,1.0,1.0,0.5,0.5,0.5,3240,1.0,1.0,1.0,1.0,0.5,0.5,0.5,4824,1.0,1.0,1.0,1.0,0.5,0.5,0.5
56,0.9333333333333333,True,valid,0.004687161178366464,0.003520549631507769,0.1565052357400444,92.31630560554404,92.45508169647982,0.9673737075978525,97.80452572034656,0.11861758799506918,31.47269697044326,0.00013307468047533445,1585.0,163.23930217668416,2.648322661618485e-06,0,15529,0.06375890970230103,227,0.0,3240,1.0,1.0,1.0,1.0,0.5,0.5,0.5,3240,1.0,1.0,1.0,1.0,0.5,0.5,0.5,4824,1.0,1.0,1.0,1.0,0.5,0.5,0.5
57,0.95,True,valid,0.004607018005979098,0.003429581879053677,0.15530977797615617,90.6813437528884,90.82062036020076,0.9640352477876487,95.39930700768932,0.12229202033001801,28.535091284119233,0.00013173211852350836,1585.0,179.93462092867895,2.612185173331618e-06,0,15529,0.06412776559591293,226,0.0,3240,1.0,1.0,1.0,1.0,0.5,0.5,0.5,3240,1.0,1.0,1.0,1.0,0.5,0.5,0.5,4824,1.0,1.0,1.0,1.0,0.5,0.5,0.5
58,0.9666666666666667,True,valid,0.004548333579482655,0.003399775396322118,0.15493423418103972,90.83702603774897,90.97626063291185,0.9765457559597635,95.00723585589131,0.16881228957432823,26.520580511532934,0.00013192927583325162,1585.0,173.85667637695641,2.6164075214496188e-06,0,15522,0.06443754583597183,227,0.0,3240,1.0,1.0,1.0,1.0,0.5,0.5,0.5,3240,1.0,1.0,1.0,1.0,0.5,0.5,0.5,4824,1.0,1.0,1.0,1.0,0.5,0.5,0.5
59,0.9833333333333333,True,valid,0.004501773695351447,0.0034008730507505422,0.1553874030165369,91.88940123546851,92.02667279204742,0.9655762632880849,95.86619109562709,0.11308130451491898,26.01055530551934,0.00013288691499088685,1585.0,170.53011390642075,2.6409663987329796e-06,0,15520,0.06475595384836197,227,0.0,3240,1.0,1.0,1.0,1.0,0.5,0.5,0.5,3240,1.0,1.0,1.0,1.0,0.5,0.5,0.5,4824,1.0,1.0,1.0,1.0,0.5,0.5,0.5
60,1.0,True,valid,0.004491602635236444,0.0034242971990225703,0.15520486187077287,91.68233915147233,91.81858165410037,0.9586048232521833,95.50845500958738,0.08495705483754687,25.616495995842442,0.0001325268876665757,1585.0,163.75177465105403,2.6333635234686557e-06,0,15518,0.06499742716550827,225,0.0,3240,1.0,1.0,1.0,1.0,0.5,0.5,0.5,3240,1.0,1.0,1.0,1.0,0.5,0.5,0.5,4824,1.0,1.0,1.0,1.0,0.5,0.5,0.5
61,1.0166666666666666,True,valid,0.004509606828189745,0.003452496816027175,0.15509273131333381,91.6113032632427,91.74988826216583,0.9613010045257357,95.42712925512974,0.09586911432953776,25.615189986655185,0.00013237381250559875,1585.0,168.7142462828822,2.6304076789236093e-06,0,15518,0.06512181460857391,221,3.448803909122944e-09,3240,1.0,1.0,1.0,1.0,0.5,0.5,0.5,3240,1.0,1.0,1.0,1.0,0.5,0.5,0.5,4824,1.0,1.0,1.0,1.0,0.5,0.5,0.5
62,1.0333333333333334,True,valid,0.004576074278845854,0.0034939623499942326,0.15538455711165713,93.53432075508958,93.68797092976088,1.008212802245844,97.41432865211142,0.1544907129978879,25.76921752927475,0.00013572403791016493,1585.0,188.71727533507215,2.679588101279789e-06,0,15641,0.06525342911481857,220,1.7462298274040222e-09,3240,1.0,1.0,1.0,1.0,0.5,0.5,0.5,3240,1.0,1.0,1.0,1.0,0.5,0.5,0.5,4824,1.0,1.0,1.0,1.0,0.5,0.5,0.5
63,1.05,True,valid,0.004675894673120995,0.0035297121935695015,0.15604645028247036,97.86647974475808,98.04879984029539,1.104887330702064,101.82111089453527,0.22644073165438794,26.544037084036844,0.00014382022097609933,1585.0,221.13083062296369,2.7992665210246533e-06,0,15725,0.06531869620084763,223,3.026798367500305e-09,3240,1.0,1.0,1.0,1.0,0.5,0.5,0.5,3240,1.0,1.0,1.0,1.0,0.5,0.5,0.5,4824,1.0,1.0,1.0,1.0,0.5,0.5,0.5
64,1.0666666666666667,True,valid,0.0047553854321566395,0.0035316256840750614,0.15669229833219492,102.75779354519602,102.97922959092809,1.2313623041866113,107.1218356918047,0.2751545219822927,28.634550085957546,0.0001530663484693287,1585.0,257.4626184204497,2.932557427010526e-06,0,15916,0.06555929780006409,225,2.3283064365386963e-09,3240,1.0,1.0,1.0,1.0,0.5,0.5,0.5,3240,1.0,1.0,1.0,1.0,0.5,0.5,0.5,4824,1.0,1.0,1.0,1.0,0.5,0.5,0.5
65,1.0833333333333333,True,valid,0.004757388793846444,0.003560068637780516,0.1576880430020326,107.43907260055241,107.70389929786968,1.3672943138145992,111.94701792302803,0.36181962582578997,29.883374372073074,0.00016229406850275891,1585.0,294.47866339860775,3.0508240335580993e-06,0,16001,0.06577468663454056,229,2.7939677238464355e-09,3240,1.0,1.0,1.0,1.0,0.5,0.5,0.5,3240,1.0,1.0,1.0,1.0,0.5,0.5,0.5,4824,1.0,1.0,1.0,1.0,0.5,0.5,0.5
66,1.1,True,valid,0.004675433683236757,0.003599432508604007,0.15906374330303608,112.37466689488606,112.68510977883275,1.5025018511575776,116.93329488428853,0.42352143098144773,31.133722726188907,0.00017258038530122005,1585.0,318.906702708307,3.1745656060173875e-06,0,16034,0.06555798649787903,229,3.259629011154175e-09,3240,1.0,1.0,1.0,1.0,0.5,0.5,0.5,3240,1.0,1.0,1.0,1.0,0.5,0.5,0.5,4824,1.0,1.0,1.0,1.0,0.5,0.5,0.5
67,1.1166666666666667,True,valid,0.004586879870276988,0.003666491438136506,0.16052000492872723,118.53818833407783,118.89055826974413,1.638402440014743,122.98266198180895,0.46284773824714764,31.38515412431661,0.00018466083625106393,1585.0,335.37524588195197,3.333962056302352e-06,0,16051,0.0650191679596901,235,2.7939677238464355e-09,3240,1.0,1.0,1.0,1.0,0.5,0.5,0.5,3240,1.0,1.0,1.0,1.0,0.5,0.5,0.5,4824,1.0,1.0,1.0,1.0,0.5,0.5,0.5
68,1.1333333333333333,True,valid,0.0045611604680366215,0.0037933416095083453,0.1613933716589921,124.18226034422084,124.57366802174072,1.7625963683528976,127.92177858548293,0.5166405147324674,29.545710003038387,0.00019565017718106353,1585.0,385.15751701766635,3.4879439946512915e-06,0,16065,0.06323803216218948,234,3.725290298461914e-09,3240,1.0,1.0,1.0,1.0,0.5,0.5,0.5,3240,1.0,1.0,1.0,1.0,0.5,0.5,0.5,4824,1.0,1.0,1.0,1.0,0.5,0.5,0.5
69,1.15,True,valid,0.00457763701742237,0.003925011503714458,0.16178153825373182,127.3315785393381,127.75612463253624,1.8533075930756069,129.86105193898308,0.5470396173841237,24.25804660818376,0.00020216205682858685,1585.0,387.07039696687195,3.5707312369397803e-06,0,16081,0.0605095811188221,237,2.7939677238464355e-09,3240,1.0,1.0,1.0,1.0,0.5,0.5,0.5,3240,1.0,1.0,1.0,1.0,0.5,0.5,0.5,4824,1.0,1.0,1.0,1.0,0.5,0.5,0.5
70,1.1666666666666667,True,valid,0.00461632893118813,0.004070263710140616,0.16286464802913256,130.74792581491033,131.1935172575214,1.9156198391651436,132.59174174942572,0.5791070936811118,21.19071838750819,0.00020764502914977275,1585.0,394.23269931341144,3.651705679456783e-06,0,16110,0.05756335332989693,239,6.51925802230835e-09,3240,1.0,1.0,1.0,1.0,0.5,0.5,0.5,3240,1.0,1.0,1.0,1.0,0.5,0.5,0.5,4824,1.0,1.0,1.0,1.0,0.5,0.5,0.5
71,1.1833333333333333,True,valid,0.004698850185899603,0.004208983923821331,0.16359982911550244,135.39885674677194,135.85122675227805,1.9505220836457977,136.71330234277912,0.5868631571959014,18.254376306204616,0.00021447080849469632,1585.0,402.4689731047321,3.778316414118706e-06,0,16099,0.05492257699370384,232,5.587935447692871e-09,3240,1.0,1.0,1.0,1.0,0.5,0.5,0.5,3240,1.0,1.0,1.0,1.0,0.5,0.5,0.5,4824,1.0,1.0,1.0,1.0,0.5,0.5,0.5
72,1.2,True,valid,0.004722546279460063,0.0042994676721875786,0.16376388558014005,137.2361386416597,137.69480655613788,1.9895294125882805,137.72241554956733,0.5984521277985685,11.189654224073795,0.00021708462479078309,1585.0,403.81833798837965,3.831307884023748e-06,0,16110,0.05544734746217728,237,5.587935447692871e-09,3240,1.0,1.0,1.0,1.0,0.5,0.5,0.5,3240,1.0,1.0,1.0,1.0,0.5,0.5,0.5,4824,1.0,1.0,1.0,1.0,0.5,0.5,0.5
73,1.2166666666666666,True,valid,0.004646858686514536,0.004343902804455599,0.1636879635027018,137.05307576818393,137.51978879371424,2.0313825687523086,137.16344683920286,0.6262657152810543,6.388064326653472,0.00021761895973316543,1585.0,410.2973990199786,3.82185755051938e-06,0,16125,0.05788818374276161,214,1.862645149230957e-09,3240,1.0,1.0,1.0,1.0,0.5,0.5,0.5,3240,1.0,1.0,1.0,1.0,0.5,0.5,0.5,4824,1.0,1.0,1.0,1.0,0.5,0.5,0.5
74,1.2333333333333334,True,valid,0.004574779633623513,0.004253011857378584,0.16340822998878482,134.31119239997685,134.76611146446996,1.9791911178762729,134.4984732789411,0.6446132556127712,7.582213154668387,0.00021431593950313536,1585.0,407.42311957346175,3.7622301932152615e-06,0,16123,0.060689397156238556,201,3.725290298461914e-09,3240,1.0,1.0,1.0,1.0,0.5,0.5,0.5,3240,1.0,1.0,1.0,1.0,0.5,0.5,0.5,4824,1.0,1.0,1.0,1.0,0.5,0.5,0.5
75,1.25,True,valid,0.0045833432851661625,0.0041701125019720856,0.16186477221044765,132.02682822563256,132.45354179164516,1.896845376848813,132.19062424526362,0.5722367229540009,6.9950349640028255,0.00020958099300486134,1585.0,395.13088426103656,3.705569073762545e-06,0,16134,0.06369301676750183,193,5.587935447692871e-09,3240,1.0,1.0,1.0,1.0,0.5,0.5,0.5,3240,1.0,1.0,1.0,1.0,0.5,0.5,0.5,4824,1.0,1.0,1.0,1.0,0.5,0.5,0.5
76,1.2666666666666666,True,valid,0.00458944578189694,0.004117006449021458,0.15975692690980395,129.9713243948739,130.37633426277625,1.833909591467192,130.0907652816893,0.5615672280955085,5.289711429773223,0.00020419806937298536,1585.0,382.1631894406066,3.650254615071714e-06,0,16129,0.06701022386550903,192,3.725290298461914e-09,3240,1.0,1.0,1.0,1.0,0.5,0.5,0.5,3240,1.0,1.0,1.0,1.0,0.5,0.5,0.5,4824,1.0,1.0,1.0,1.0,0.5,0.5,0.5
77,1.2833333333333334,True,valid,0.004641584145745126,0.004183607878695262,0.15639033721655518,126.17313535839476,126.54506129127536,1.7409573119644102,126.36819707218397,0.4998232648466306,9.454222698434315,0.00019646018667403677,1585.0,357.975948009202,3.5500629535393375e-06,0,16109,0.07035242766141891,186,7.450580596923828e-09,3240,1.0,1.0,1.0,1.0,0.5,0.5,0.5,3240,1.0,1.0,1.0,1.0,0.5,0.5,0.5,4824,1.0,1.0,1.0,1.0,0.5,0.5,0.5
78,1.3,True,valid,0.004692343840627641,0.004216378400989855,0.15455184050690557,120.28578967447568,120.61918592666652,1.5937537755061288,120.9560295437191,0.4967083749004917,13.12241783225656,0.0001849632960485136,1585.0,336.9530424338931,3.384714804139195e-06,0,16063,0.07373899966478348,184,3.725290298461914e-09,3240,1.0,1.0,1.0,1.0,0.5,0.5,0.5,3240,1.0,1.0,1.0,1.0,0.5,0.5,0.5,4824,1.0,1.0,1.0,1.0,0.5,0.5,0.5
79,1.3166666666666667,True,valid,0.0048516760356273865,0.004363331625809649,0.152552114857619,115.79188474777084,116.09050251137747,1.5500174534910023,116.79851094165254,0.43731796446440097,15.091742030384562,0.00017431131155182385,1585.0,513.0145262938254,3.261787357627804e-06,0,16007,0.07716729491949081,180,7.450580596923828e-09,3240,1.0,1.0,1.0,1.0,0.5,0.5,0.5,3240,1.0,1.0,1.0,1.0,0.5,0.5,0.5,4824,1.0,1.0,1.0,1.0,0.5,0.5,0.5
80,1.3333333333333333,True,valid,0.005128686687148842,0.0046002925339924715,0.15221262343884204,110.92069865531883,111.17657235512398,1.357926916145621,112.14907146255966,0.4031193615644761,20.464643782022257,0.00016325385778964363,1585.0,294.10352451102,3.1150849504911443e-06,0,15948,0.08051958680152893,176,7.450580596923828e-09,3240,1.0,1.0,1.0,1.0,0.5,0.5,0.5,3240,1.0,1.0,1.0,1.0,0.5,0.5,0.5,4824,1.0,1.0,1.0,1.0,0.5,0.5,0.5
81,1.35,True,valid,0.0054164701253909065,0.0049876373896164195,0.15437879290745554,107.42076641684004,107.64204014180856,1.2464076052418955,112.25575679025675,0.401998450150531,32.23698326919832,0.00015452178415700297,1585.0,330.37516550514596,3.0008982539111773e-06,0,15846,0.08337710797786713,178,3.725290298461914e-09,3240,1.0,1.0,1.0,1.0,0.5,0.5,0.5,3240,1.0,1.0,1.0,1.0,0.5,0.5,0.5,4824,1.0,1.0,1.0,1.0,0.5,0.5,0.5
82,1.3666666666666667,True,valid,0.005659343718720961,0.005268453337501183,0.15774570364305313,109.62707003200617,109.85329364374694,1.342184724954832,118.26706312392066,0.5766460347567047,44.32492793403607,0.00015024130928210794,1585.0,453.56919636437897,3.002457160312104e-06,0,15739,0.08577895164489746,179,3.725290298461914e-09,3240,1.0,1.0,1.0,1.0,0.5,0.5,0.5,3240,1.0,1.0,1.0,1.0,0.5,0.5,0.5,4824,1.0,1.0,1.0,1.0,0.5,0.5,0.5
83,1.3833333333333333,True,valid,0.005782951138892525,0.005426378657177348,0.16490711854785775,108.52822262649411,108.74941717581385,1.2626820078736691,119.96063968764436,0.6738138654446275,51.88249927642388,0.00014929670790343597,1585.0,457.68663304515474,2.9303253279728087e-06,0,15670,0.08785303682088852,181,3.725290298461914e-09,3240,1.0,1.0,1.0,1.0,0.5,0.5,0.5,3240,1.0,1.0,1.0,1.0,0.5,0.5,0.5,4824,1.0,1.0,1.0,1.0,0.5,0.5,0.5
84,1.4,True,valid,0.00561936926595457,0.004928381654513628,0.1770300228179369,118.18630301058683,118.59707241153971,2.331386426794688,128.1485461493665,1.0018491116128334,49.18293897322427,0.00015964401669305218,1585.0,812.9799290826569,3.0629802652410305e-06,0,15787,0.08913718163967133,189,7.450580596923828e-09,3240,1.0,1.0,1.0,1.0,0.5,0.5,0.5,3240,1.0,1.0,1.0,1.0,0.5,0.5,0.5,4824,1.0,1.0,1.0,1.0,0.5,0.5,0.5
85,1.4166666666666667,True,valid,0.005459422784580892,0.004820525829539439,0.1831400385679194,119.6826871356703,120.04778162287103,1.6829380837811423,126.10497533657336,0.7612877446713542,39.42673519488634,0.00016889279535063927,1585.0,622.5485085600262,3.1722766353814936e-06,0,15889,0.09000544250011444,196,3.725290298461914e-09,3240,1.0,1.0,1.0,1.0,0.5,0.5,0.5,3240,1.0,1.0,1.0,1.0,0.5,0.5,0.5,4824,1.0,1.0,1.0,1.0,0.5,0.5,0.5
86,1.4333333333333333,True,valid,0.005539916453031197,0.004906731524314169,0.18203861614650396,124.3240223330102,124.78418313001528,1.9454568368495229,129.19111226831936,0.9934438350636665,34.60611453384375,0.0001769179880802662,1585.0,935.2821076836594,3.2555747082095407e-06,0,16074,0.09017512202262878,198,3.725290298461914e-09,3240,1.0,1.0,1.0,1.0,0.5,0.5,0.5,3240,1.0,1.0,1.0,1.0,0.5,0.5,0.5,4824,1.0,1.0,1.0,1.0,0.5,0.5,0.5
87,1.45,True,valid,0.005525978855738967,0.005032471198241802,0.18287854143353585,132.64553458611894,133.10655283324593,1.9195929770386537,138.16320729252604,0.837022079386979,37.224415526922684,0.0001984114624538263,1585.0,413.57801422548374,3.564701500198439e-06,0,16122,0.08980991691350937,198,7.450580596923828e-09,3240,1.0,1.0,1.0,1.0,0.5,0.5,0.5,3240,1.0,1.0,1.0,1.0,0.5,0.5,0.5,4824,1.0,1.0,1.0,1.0,0.5,0.5,0.5
88,1.4666666666666666,True,valid,0.005244160333879542,0.005019332337732208,0.18655345970805023,148.39254074068793,149.05728964162418,2.777782469818606,155.2025726197839,1.0535082224720895,46.411437793583595,0.00022527994813952013,1585.0,649.4960527629125,3.950659155547836e-06,0,16205,0.08888967335224152,203,3.725290298461914e-09,3240,1.0,1.0,1.0,1.0,0.5,0.5,0.5,3240,1.0,1.0,1.0,1.0,0.5,0.5,0.5,4824,1.0,1.0,1.0,1.0,0.5,0.5,0.5
89,1.4833333333333334,True,valid,0.005146297960262459,0.0050010057325369445,0.18955003702941692,155.09856482895995,155.8952426739525,2.555567509957442,166.16555344888323,1.1346511634992527,59.14412861970107,0.00024007790819871325,1585.0,551.240825439054,4.092336287399689e-06,0,16240,0.08755388855934143,201,7.450580596923828e-09,3240,1.0,1.0,1.0,1.0,0.5,0.5,0.5,3240,1.0,1.0,1.0,1.0,0.5,0.5,0.5,4824,1.0,1.0,1.0,1.0,0.5,0.5,0.5
90,1.5,True,valid,0.005295782462811128,0.004867234839454258,0.19129375512076957,175.63534829126488,176.63548190903109,3.237184052159216,187.14733709547718,1.270833487495666,64.5678572349759,0.0002808424133350726,1585.0,688.6662012456845,4.674575797480323e-06,0,16251,0.08514901250600815,209,3.725290298461914e-09,3240,1.0,1.0,1.0,1.0,0.5,0.5,0.5,3240,1.0,1.0,1.0,1.0,0.5,0.5,0.5,4824,1.0,1.0,1.0,1.0,0.5,0.5,0.5
91,1.5166666666666666,True,valid,0.005446108948140814,0.005019757881468026,0.19176100270632349,185.64438384185922,186.68670309477307,3.1638657009015767,199.1215365975138,1.4286313544371423,67.6055328773492,0.0003014198376372651,1585.0,668.4774661964964,4.978416995196501e-06,0,16259,0.08214157819747925,211,1.862645149230957e-09,3240,1.0,1.0,1.0,1.0,0.5,0.5,0.5,3240,1.0,1.0,1.0,1.0,0.5,0.5,0.5,4824,1.0,1.0,1.0,1.0,0.5,0.5,0.5
92,1.5333333333333334,True,valid,0.005501302281693154,0.00525158865722487,0.19207781974326874,211.23377791276252,212.56582064538216,3.871056517663719,226.5890482966327,1.6673069018381539,80.6075825494738,0.0003470288265063034,1585.0,1089.7499969585697,5.629439399313607e-06,0,16248,0.07760927081108093,218,3.725290298461914e-09,3240,1.0,1.0,1.0,1.0,0.5,0.5,0.5,3240,1.0,1.0,1.0,1.0,0.5,0.5,0.5,4824,1.0,1.0,1.0,1.0,0.5,0.5,0.5
93,1.55,True,valid,0.00506990108995931,0.0049944148069541545,0.19445515248408551,224.57717575098727,226.06817240095714,4.3881726820024305,237.54365558802692,1.860069952560401,72.18615381946809,0.00037293451084321474,1585.0,985.8888217634133,5.9582143363819385e-06,0,16236,0.07147865742444992,220,2.7939677238464355e-09,3240,1.0,1.0,1.0,1.0,0.5,0.5,0.5,3240,1.0,1.0,1.0,1.0,0.5,0.5,0.5,4824,1.0,1.0,1.0,1.0,0.5,0.5,0.5
94,1.5666666666666667,True,valid,0.004833188471273294,0.005042241819151919,0.19443760070581406,240.10794697241113,241.69449567210822,4.984319562505485,249.6252096272457,2.030723916908577,63.118624199711356,0.0003974959852091822,1585.0,1798.9337513404091,6.353063222370646e-06,0,16228,0.0650932788848877,226,2.7939677238464355e-09,3240,1.0,1.0,1.0,1.0,0.5,0.5,0.5,3240,1.0,1.0,1.0,1.0,0.5,0.5,0.5,4824,1.0,1.0,1.0,1.0,0.5,0.5,0.5
95,1.5833333333333333,True,valid,0.0048715039848183156,0.005374022358230173,0.19395373344504954,258.25286838313934,259.91042354078365,5.31247424072676,264.24794705728107,2.0336787966407024,52.550303163634965,0.0004311761683211597,1585.0,1895.935977468628,6.824242172211399e-06,0,16299,0.057799167931079865,246,2.9103830456733704e-09,3240,1.0,1.0,1.0,1.0,0.5,0.5,0.5,3240,1.0,1.0,1.0,1.0,0.5,0.5,0.5,4824,1.0,1.0,1.0,1.0,0.5,0.5,0.5
96,1.6,True,valid,0.005117498954108938,0.005799523576243193,0.19062929376415672,272.6492797980423,274.2539163953735,5.370414319744777,277.06364797777974,2.0735604818834252,44.78032828567364,0.0004566916534644066,1585.0,1645.096766468178,7.228500526559096e-06,0,16400,0.05550676956772804,242,3.259629011154175e-09,3240,1.0,1.0,1.0,1.0,0.5,0.5,0.5,3240,1.0,1.0,1.0,1.0,0.5,0.5,0.5,4824,1.0,1.0,1.0,1.0,0.5,0.5,0.5
97,1.6166666666666667,True,valid,0.005106162375916552,0.006042377979533047,0.18604099528277057,268.8874358171971,270.3892263686936,5.035366007742473,272.2424584403528,1.8990182084676157,39.1078872428203,0.0004487075888246708,1585.0,1657.1397792852258,7.132124936601796e-06,0,16444,0.06426788866519928,239,2.7939677238464355e-09,3240,1.0,1.0,1.0,1.0,0.5,0.5,0.5,3240,1.0,1.0,1.0,1.0,0.5,0.5,0.5,4824,1.0,1.0,1.0,1.0,0.5,0.5,0.5
98,1.6333333333333333,True,valid,0.005165260997161005,0.006286569711104072,0.1838098031206645,263.9667190422752,265.455622158036,4.91951097728059,266.36010543082756,1.9460975635208357,32.25699482963292,0.0004338694689019999,1585.0,1215.7654582430107,6.9797175281033544e-06,0,16434,0.07326508313417435,233,5.587935447692871e-09,3240,1.0,1.0,1.0,1.0,0.5,0.5,0.5,3240,1.0,1.0,1.0,1.0,0.5,0.5,0.5,4824,1.0,1.0,1.0,1.0,0.5,0.5,0.5
99,1.65,True,valid,0.00556906017846972,0.00667416457363986,0.18071246210404643,259.59624527900786,261.1259163334286,4.899075410671934,261.74901920000366,1.8911196818810252,28.586003470705954,0.0004293132345190483,1585.0,1087.1113232344553,6.8696938893337376e-06,0,16418,0.08211936801671982,225,1.862645149230957e-09,3240,1.0,1.0,1.0,1.0,0.5,0.5,0.5,3240,1.0,1.0,1.0,1.0,0.5,0.5,0.5,4824,1.0,1.0,1.0,1.0,0.5,0.5,0.5
100,1.6666666666666667,True,valid,0.005916744224750409,0.007036261254112427,0.17900795724915447,262.35962503863016,263.9698822132522,5.090057347036275,264.1891753483773,1.8587988302193204,26.462547599060454,0.00043550379116756566,1585.0,1034.5397800854907,6.929912617566255e-06,0,16346,0.09074673056602478,226,5.587935447692871e-09,3240,1.0,1.0,1.0,1.0,0.5,0.5,0.5,3240,1.0,1.0,1.0,1.0,0.5,0.5,0.5,4824,1.0,1.0,1.0,1.0,0.5,0.5,0.5
101,1.6833333333333333,True,valid,0.00618838568785222,0.007344774188617447,0.1802029244051411,258.97553141707607,260.55428255150014,5.264665767870853,260.4671001813926,1.8319087499403244,24.557676652563423,0.0004328601725684821,1585.0,1050.5399344379769,6.879820300560168e-06,0,16374,0.09893228858709335,217,7.450580596923828e-09,3240,1.0,1.0,1.0,1.0,0.5,0.5,0.5,3240,1.0,1.0,1.0,1.0,0.5,0.5,0.5,4824,1.0,1.0,1.0,1.0,0.5,0.5,0.5
102,1.7,True,valid,0.006334899390607881,0.007558817002546843,0.17980163655136117,252.0907643535464,253.48221063436748,4.711392845630207,253.426388645649,1.7390216029642207,22.339405170562113,0.0004134028617962369,1585.0,850.6679619729459,6.679391288901669e-06,0,16324,0.1066959947347641,216,7.450580596923828e-09,3240,1.0,1.0,1.0,1.0,0.5,0.5,0.5,3240,1.0,1.0,1.0,1.0,0.5,0.5,0.5,4824,1.0,1.0,1.0,1.0,0.5,0.5,0.5
103,1.7166666666666666,True,valid,0.00631426992473468,0.007579146953520035,0.18001077029116966,235.12465343487216,236.33028671614682,4.313663356385932,235.95082696016178,1.6229436605816676,17.846609415426297,0.0003757376373946915,1585.0,800.7894647191472,6.226271028869278e-06,0,16281,0.11425865441560745,210,7.450580596923828e-09,3240,1.0,1.0,1.0,1.0,0.5,0.5,0.5,3240,1.0,1.0,1.0,1.0,0.5,0.5,0.5,4824,1.0,1.0,1.0,1.0,0.5,0.5,0.5
104,1.7333333333333334,True,valid,0.006132315723620187,0.007288688306273581,0.1824182205686996,226.2303287161204,227.38411433190456,4.021095303289466,226.42219991889024,1.4442701038333434,20.12847180581874,0.000356349337999746,1585.0,1008.8219628564949,5.953312634934957e-06,0,16209,0.122135229408741,207,3.725290298461914e-09,3240,1.0,1.0,1.0,1.0,0.5,0.5,0.5,3240,1.0,1.0,1.0,1.0,0.5,0.5,0.5,4824,1.0,1.0,1.0,1.0,0.5,0.5,0.5
105,1.75,True,valid,0.005933854085137516,0.006843393664349529,0.18615446001849364,205.18703181381647,206.28436840789664,3.9272635375309415,205.5199233640001,1.5614427338005272,17.09222420888134,0.0003214993093926389,1585.0,752.113884242711,5.406170817809084e-06,0,16204,0.13012534379959106,206,3.725290298461914e-09,3240,1.0,1.0,1.0,1.0,0.5,0.5,0.5,3240,1.0,1.0,1.0,1.0,0.5,0.5,0.5,4824,1.0,1.0,1.0,1.0,0.5,0.5,0.5
106,1.7666666666666666,True,valid,0.006026684199816926,0.006640356230563574,0.19386606040318743,199.31056425161933,200.3935200775407,3.786346399277819,199.87021638036967,1.363134992889621,19.19790629005996,0.0003015582739573047,1585.0,1051.2526819280333,5.200526015477696e-06,0,16212,0.13797518610954285,213,7.450580596923828e-09,3240,1.0,1.0,1.0,1.0,0.5,0.5,0.5,3240,1.0,1.0,1.0,1.0,0.5,0.5,0.5,4824,1.0,1.0,1.0,1.0,0.5,0.5,0.5
107,1.7833333333333334,True,valid,0.006417789190960043,0.006854184999000166,0.19870550886356272,183.0965862673412,184.0223789587976,3.5946824124784027,183.67746678817713,1.5269618875214659,17.591414883050927,0.00027474128679332184,1585.0,737.4331565629836,4.733711471094809e-06,0,16202,0.14580753445625305,227,7.450580596923828e-09,3240,1.0,1.0,1.0,1.0,0.5,0.5,0.5,3240,1.0,1.0,1.0,1.0,0.5,0.5,0.5,4824,1.0,1.0,1.0,1.0,0.5,0.5,0.5
108,1.8,True,valid,0.006720253101861766,0.006705873058336755,0.2039584320849413,181.14747280140114,181.9769762310984,2.930968937008102,182.3471276344839,1.2935163806741226,24.55032821631504,0.00026491609626927795,1585.0,648.1757272229942,4.729315544290711e-06,0,16158,0.14919880032539368,246,7.450580596923828e-09,3240,1.0,1.0,1.0,1.0,0.5,0.5,0.5,3240,1.0,1.0,1.0,1.0,0.5,0.5,0.5,4824,1.0,1.0,1.0,1.0,0.5,0.5,0.5
109,1.8166666666666667,True,valid,0.006462206277743761,0.006200208672300197,0.20450112104995302,160.40701110824676,161.13927412036853,3.5711032139709866,165.39533698565694,1.2011877479913327,41.77760451082751,0.00023422869597885843,1585.0,905.3724455437772,4.26200656508138e-06,7,16146,0.1530580222606659,253,7.450580596923828e-09,3240,1.0,1.0,1.0,1.0,0.5,0.5,0.5,3240,1.0,1.0,1.0,1.0,0.5,0.5,0.5,4824,1.0,1.0,1.0,1.0,0.5,0.5,0.5
110,1.8333333333333333,True,valid,0.00620990944372811,0.006373263372029586,0.20516646187895468,142.77200777932117,143.35849675913036,2.255924998216573,155.3819386341743,0.9937509562997388,63.25053671189208,0.00021286467336773757,1585.0,566.1361459277132,3.844734596215521e-06,212,16933,0.1574033498764038,255,7.450580596923828e-09,3240,1.0,1.0,1.0,1.0,0.5,0.5,0.5,3240,1.0,1.0,1.0,1.0,0.5,0.5,0.5,4824,1.0,1.0,1.0,1.0,0.5,0.5,0.5
111,1.85,True,valid,0.005736444717869708,0.006020852421718208,0.21332645724794766,131.4189716654146,131.89407375940362,2.0643041566069074,152.53741595248425,0.944860855112998,77.73620839758878,0.00018536930385428825,1585.0,450.5201878513818,3.5227322116755247e-06,301,17463,0.15820597112178802,243,7.450580596923828e-09,3240,1.0,1.0,1.0,1.0,0.5,0.5,0.5,3240,1.0,1.0,1.0,1.0,0.5,0.5,0.5,4824,1.0,1.0,1.0,1.0,0.5,0.5,0.5
112,1.8666666666666667,True,valid,0.00567665820908905,0.006211345632591282,0.21833898973799948,122.43459993649914,122.73743590749989,1.4651938433894585,148.79363287361699,0.7143395524125296,82.78515722745996,0.00016686524686572676,1585.0,379.2089261558761,3.2897873412864106e-06,316,17653,0.15977180004119873,242,7.450580596923828e-09,3240,1.0,1.0,1.0,1.0,0.5,0.5,0.5,3240,1.0,1.0,1.0,1.0,0.5,0.5,0.5,4824,1.0,1.0,1.0,1.0,0.5,0.5,0.5
113,1.8833333333333333,True,valid,0.0055342921692073865,0.005878296271137135,0.217345538267957,111.79572208233857,112.0458929127699,1.432549794797997,135.75374697930926,0.6188278038699342,74.10096612434798,0.00015207170272058971,1585.0,593.8597994531059,3.038770256056202e-06,309,17556,0.16006042063236237,248,7.450580596923828e-09,3240,1.0,1.0,1.0,1.0,0.5,0.5,0.5,3240,1.0,1.0,1.0,1.0,0.5,0.5,0.5,4824,1.0,1.0,1.0,1.0,0.5,0.5,0.5
114,1.9,True,valid,0.005284321119610181,0.005491702254579966,0.2136801839917492,104.99189667127126,105.23906277639227,1.317636847015226,127.32190899416346,0.790664334561656,69.60047139879035,0.00014444498603450456,1585.0,370.7896053288873,2.877147154406341e-06,274,17445,0.15996895730495453,260,7.450580596923828e-09,3240,1.0,1.0,1.0,1.0,0.5,0.5,0.5,3240,1.0,1.0,1.0,1.0,0.5,0.5,0.5,4824,1.0,1.0,1.0,1.0,0.5,0.5,0.5
115,1.9166666666666667,True,valid,0.00493613007129338,0.0050313467132058936,0.20980328062086093,106.09576017168817,106.36921971718093,1.465815618812513,124.23484965968558,0.7401137338080316,62.39051986845595,0.00014691254491336805,1585.0,423.1529964479907,2.8711914060294366e-06,85,16324,0.15813502669334412,254,7.450580596923828e-09,3240,1.0,1.0,1.0,1.0,0.5,0.5,0.5,3240,1.0,1.0,1.0,1.0,0.5,0.5,0.5,4824,1.0,1.0,1.0,1.0,0.5,0.5,0.5
116,1.9333333333333333,True,valid,0.004708489475482004,0.0044913634582752085,0.2071143553881647,116.83672745552363,117.1650256068265,1.5587743059501633,131.60661202194103,0.9005835314049968,59.127436815783064,0.00016410731830512123,1585.0,480.7742849696055,3.127836455488515e-06,9,16134,0.15390850603580475,239,7.450580596923828e-09,3240,1.0,1.0,1.0,1.0,0.5,0.5,0.5,3240,1.0,1.0,1.0,1.0,0.5,0.5,0.5,4824,1.0,1.0,1.0,1.0,0.5,0.5,0.5
117,1.95,True,valid,0.004728743883390055,0.004240703929598637,0.20217326339424746,127.43715739517931,127.81927562720637,1.6537136457065462,138.7142618305995,0.7430366378944763,54.24175879248575,0.0001872816285824721,1585.0,355.2215430905889,3.449463656526582e-06,0,16192,0.14922484755516052,233,7.450580596923828e-09,3240,1.0,1.0,1.0,1.0,0.5,0.5,0.5,3240,1.0,1.0,1.0,1.0,0.5,0.5,0.5,4824,1.0,1.0,1.0,1.0,0.5,0.5,0.5
118,1.9666666666666666,True,valid,0.0046473450348830155,0.004433823211864247,0.19775356593642515,141.25724630612214,141.73850183655662,2.013936477943495,147.20278837383796,1.1260756030555563,41.506148980484056,0.00021212523743128643,1585.0,785.5274224430443,3.826761523917572e-06,0,16181,0.1449187844991684,247,7.450580596923828e-09,3240,1.0,1.0,1.0,1.0,0.5,0.5,0.5,3240,1.0,1.0,1.0,1.0,0.5,0.5,0.5,4824,1.0,1.0,1.0,1.0,0.5,0.5,0.5
119,1.9833333333333334,True,valid,0.00461150921776318,0.004432742900118876,0.19603212444999052,151.8468429605761,152.42040729738596,2.3248550814803344,156.23781049655898,1.1127229304796096,35.100599874115915,0.00023411706124091435,1585.0,954.8423122793613,4.143148630728353e-06,0,16166,0.13956840336322784,254,3.725290298461914e-09,3240,1.0,1.0,1.0,1.0,0.5,0.5,0.5,3240,1.0,1.0,1.0,1.0,0.5,0.5,0.5,4824,1.0,1.0,1.0,1.0,0.5,0.5,0.5
120,2.0,True,valid,0.0047575511317438195,0.004890162598788184,0.1933854886260614,169.63690592591826,170.34180145696592,2.8449007161208617,173.40293340113524,1.093791760653762,33.32902780581666,0.00026907643740545147,1585.0,889.6336938691173,4.627987310848694e-06,0,16126,0.13300721347332,262,3.725290298461914e-09,3240,1.0,1.0,1.0,1.0,0.5,0.5,0.5,3240,1.0,1.0,1.0,1.0,0.5,0.5,0.5,4824,1.0,1.0,1.0,1.0,0.5,0.5,0.5
121,2.0166666666666666,True,valid,0.004691076025241791,0.005182070454833386,0.19033705520757377,177.0298670184845,177.8367799342778,2.987489050356328,179.44643257321593,1.1213964229087252,27.9320734627093,0.000288418415393045,1585.0,656.4522870276196,4.843034143800584e-06,0,16121,0.12578800320625305,248,3.725290298461914e-09,3240,1.0,1.0,1.0,1.0,0.5,0.5,0.5,3240,1.0,1.0,1.0,1.0,0.5,0.5,0.5,4824,1.0,1.0,1.0,1.0,0.5,0.5,0.5
122,2.033333333333333,True,valid,0.004697740105079477,0.005569724402997237,0.18593804810818165,193.160572523747,194.10687027737572,3.215834163754384,194.4901691661702,1.320974579651952,19.56140345482045,0.0003168254044564855,1585.0,685.7371969210004,5.273363162489006e-06,0,16162,0.11883325129747391,222,7.450580596923828e-09,3240,1.0,1.0,1.0,1.0,0.5,0.5,0.5,3240,1.0,1.0,1.0,1.0,0.5,0.5,0.5,4824,1.0,1.0,1.0,1.0,0.5,0.5,0.5
123,2.05,True,valid,0.00464227824437187,0.0056935285205018,0.18115661057754023,206.4387193186466,207.48896573098475,3.5287593025631283,207.54130678819786,1.4663584876288345,25.53228040913291,0.0003417512262307662,1585.0,798.2049612621006,5.624594882582249e-06,0,16168,0.11329901218414307,212,3.725290298461914e-09,3240,1.0,1.0,1.0,1.0,0.5,0.5,0.5,3240,1.0,1.0,1.0,1.0,0.5,0.5,0.5,4824,1.0,1.0,1.0,1.0,0.5,0.5,0.5
124,2.066666666666667,True,valid,0.004760988974104058,0.0060032995399182795,0.17819852334571204,219.7650021677485,220.9605625049829,4.007751610793853,220.12714258490337,1.5260999249841483,12.05637400046562,0.00036746007590499074,1585.0,913.8790905083282,5.986212771395725e-06,0,16210,0.10666706413030624,227,7.450580596923828e-09,3240,1.0,1.0,1.0,1.0,0.5,0.5,0.5,3240,1.0,1.0,1.0,1.0,0.5,0.5,0.5,4824,1.0,1.0,1.0,1.0,0.5,0.5,0.5
125,2.0833333333333335,True,valid,0.004896797214686836,0.0062134587007596,0.17649011260318395,233.7593586998356,235.01179888425702,4.346203148522814,233.8528947474436,1.5941280619132432,1.1098713009081274,0.00038952083409840755,1585.0,1070.9964377568435,6.346805719591281e-06,0,16212,0.09840602427721024,223,3.725290298461914e-09,3240,1.0,1.0,1.0,1.0,0.5,0.5,0.5,3240,1.0,1.0,1.0,1.0,0.5,0.5,0.5,4824,1.0,1.0,1.0,1.0,0.5,0.5,0.5
126,2.1,True,valid,0.005105515635047791,0.006509817923519969,0.1733612723549296,246.92494489959856,248.23317302831117,4.425290531000656,247.0161525286573,1.6216419902762091,0.0838310933202896,0.00041227215357936926,1585.0,1232.136169397597,6.6836365367185146e-06,0,16286,0.09007176011800766,230,5.587935447692871e-09,3240,1.0,1.0,1.0,1.0,0.5,0.5,0.5,3240,1.0,1.0,1.0,1.0,0.5,0.5,0.5,4824,1.0,1.0,1.0,1.0,0.5,0.5,0.5
127,2.1166666666666667,True,valid,0.005110653985945328,0.00648870405597821,0.17546737293213288,255.2759624031251,256.63945977681595,4.60713619658469,255.38021131461676,1.6168185631372334,1.5730234693986793,0.0004226978901953359,1585.0,1364.6956291926558,6.866210919241372e-06,0,16290,0.08303963392972946,230,5.587935447692871e-09,3240,1.0,1.0,1.0,1.0,0.5,0.5,0.5,3240,1.0,1.0,1.0,1.0,0.5,0.5,0.5,4824,1.0,1.0,1.0,1.0,0.5,0.5,0.5
128,2.1333333333333333,True,valid,0.00527094012858308,0.0064771407787255824,0.17884860496354124,262.33756636557814,263.7276862529094,4.801032297987124,262.3537993508912,1.741810268824108,1.4350825191320253,0.0004345495789861287,1585.0,1414.6814497702333,7.043724064151605e-06,0,16344,0.07647644728422165,228,3.725290298461914e-09,3240,1.0,1.0,1.0,1.0,0.5,0.5,0.5,3240,1.0,1.0,1.0,1.0,0.5,0.5,0.5,4824,1.0,1.0,1.0,1.0,0.5,0.5,0.5
129,2.15,True,valid,0.005569720711960763,0.00642218641914952,0.1806732567684953,268.23016026968736,269.71665593669593,5.008547921989889,268.51359892336814,1.7672255050733963,8.362639561500636,0.0004426405714438906,1585.0,1415.6045277612966,7.194550251878295e-06,0,16314,0.06990012526512146,227,3.725290298461914e-09,3240,1.0,1.0,1.0,1.0,0.5,0.5,0.5,3240,1.0,1.0,1.0,1.0,0.5,0.5,0.5,4824,1.0,1.0,1.0,1.0,0.5,0.5,0.5
130,2.1666666666666665,True,valid,0.005754796111817643,0.006486025858328496,0.18336993685575528,270.2882702705764,271.7975853986286,5.116914266682477,271.07386023787006,1.9978150370061412,17.957339908884638,0.00044395823630761485,1585.0,1308.1058685575645,7.206275995873116e-06,0,16274,0.06353200227022171,230,3.026798367500305e-09,3240,1.0,1.0,1.0,1.0,0.5,0.5,0.5,3240,1.0,1.0,1.0,1.0,0.5,0.5,0.5,4824,1.0,1.0,1.0,1.0,0.5,0.5,0.5
131,2.183333333333333,True,valid,0.005638294531562449,0.006586104613978925,0.18465227578121732,272.9595524065036,274.553458677699,5.2754474581888,274.3409371869538,1.9044657824881157,22.965187750625514,0.0004514147538748381,1585.0,1405.15162769153,7.25858583596025e-06,0,16260,0.05672061815857887,243,3.4924596548080444e-09,3240,1.0,1.0,1.0,1.0,0.5,0.5,0.5,3240,1.0,1.0,1.0,1.0,0.5,0.5,0.5,4824,1.0,1.0,1.0,1.0,0.5,0.5,0.5
132,2.2,True,valid,0.005549331215774045,0.006711692796804556,0.18298392567276628,270.4542357033257,272.1365169632898,5.473812397211554,272.45164651043234,2.023855952886916,31.60727356424436,0.00045174806941483117,1585.0,1171.4332714110353,7.199067440887647e-06,0,16244,0.0597328320145607,260,2.7939677238464355e-09,3240,1.0,1.0,1.0,1.0,0.5,0.5,0.5,3240,1.0,1.0,1.0,1.0,0.5,0.5,0.5,4824,1.0,1.0,1.0,1.0,0.5,0.5,0.5
133,2.216666666666667,True,valid,0.00554067138052435,0.006810717415084336,0.18193689198553575,267.8573651917814,269.551331446063,5.504448612634156,270.04813008499474,1.924585079983579,31.988473162437156,0.0004469348816616661,1585.0,1160.4432496348913,7.118145573412594e-06,0,16294,0.06667468696832657,259,1.862645149230957e-09,3240,1.0,1.0,1.0,1.0,0.5,0.5,0.5,3240,1.0,1.0,1.0,1.0,0.5,0.5,0.5,4824,1.0,1.0,1.0,1.0,0.5,0.5,0.5
134,2.2333333333333334,True,valid,0.0056953260321845845,0.0068765515278885235,0.18188427829971748,264.4866183608943,266.1957535544315,5.613486880595353,266.84674816878646,2.0920553496053946,35.53014499625998,0.0004396588736361761,1585.0,1106.9865861160756,7.0136854281731635e-06,0,16295,0.0742863267660141,260,1.862645149230957e-09,3240,1.0,1.0,1.0,1.0,0.5,0.5,0.5,3240,1.0,1.0,1.0,1.0,0.5,0.5,0.5,4824,1.0,1.0,1.0,1.0,0.5,0.5,0.5
135,2.25,True,valid,0.005874356551914951,0.007103943663811512,0.1798678941912915,263.90085606063343,265.52791854536184,5.234405824478218,266.8215636857221,1.8903756778131835,39.241184495843434,0.00043112990911806483,1585.0,1003.5344727995374,6.983244982515102e-06,0,16226,0.08176084607839584,261,7.450580596923828e-09,3240,1.0,1.0,1.0,1.0,0.5,0.5,0.5,3240,1.0,1.0,1.0,1.0,0.5,0.5,0.5,4824,1.0,1.0,1.0,1.0,0.5,0.5,0.5
136,2.2666666666666666,True,valid,0.005827451747269454,0.0069703846981079105,0.17929705467852144,253.2404989910178,254.750317618036,4.963679720444228,257.2521475825179,1.9956491442292361,44.93083567657664,0.0004118747482968418,1585.0,927.1224499267474,6.67601742399933e-06,0,16251,0.08788162469863892,259,7.450580596923828e-09,3240,1.0,1.0,1.0,1.0,0.5,0.5,0.5,3240,1.0,1.0,1.0,1.0,0.5,0.5,0.5,4824,1.0,1.0,1.0,1.0,0.5,0.5,0.5
137,2.283333333333333,True,valid,0.005842926952352907,0.006899820473276147,0.17894137605885294,255.88723043672513,257.3817049075051,4.743711634450035,260.07765683343683,1.7659557771707668,45.54911696904341,0.0004103236190824528,1585.0,1227.0280537628046,6.668009240131177e-06,0,16275,0.09321528673171997,254,7.450580596923828e-09,3240,1.0,1.0,1.0,1.0,0.5,0.5,0.5,3240,1.0,1.0,1.0,1.0,0.5,0.5,0.5,4824,1.0,1.0,1.0,1.0,0.5,0.5,0.5
138,2.3,True,valid,0.005790157092989433,0.006492313652426733,0.1781437913988239,240.71264117231334,242.1379539234091,4.593814966461749,244.3040115313578,1.846123942263895,40.141264514064375,0.00038375167112709486,1585.0,1198.819151981595,6.2490999976245054e-06,0,16203,0.0981660783290863,251,3.725290298461914e-09,3240,1.0,1.0,1.0,1.0,0.5,0.5,0.5,3240,1.0,1.0,1.0,1.0,0.5,0.5,0.5,4824,1.0,1.0,1.0,1.0,0.5,0.5,0.5
139,2.316666666666667,True,valid,0.00557196541784546,0.006229292690609478,0.17890728077733634,237.89948989975954,239.3496196601216,4.722023611315656,240.87262601457593,1.6238796175919716,35.64401299614344,0.0003843518531783242,1585.0,1143.0554761488968,6.1727966830200666e-06,0,16179,0.10294817388057709,255,3.725290298461914e-09,3240,1.0,1.0,1.0,1.0,0.5,0.5,0.5,3240,1.0,1.0,1.0,1.0,0.5,0.5,0.5,4824,1.0,1.0,1.0,1.0,0.5,0.5,0.5
140,2.3333333333333335,True,valid,0.0053593824380726044,0.006007287941010624,0.174203812833252,216.18612141760104,217.55814337680638,4.502091515194825,219.3149184351781,1.6340600989809846,35.02643003082511,0.0003528330899488908,1585.0,1050.6434258918848,5.6374125275348884e-06,0,16155,0.10801210254430771,252,3.725290298461914e-09,3240,1.0,1.0,1.0,1.0,0.5,0.5,0.5,3240,1.0,1.0,1.0,1.0,0.5,0.5,0.5,4824,1.0,1.0,1.0,1.0,0.5,0.5,0.5
141,2.35,True,valid,0.005408032156232091,0.0058783631957379685,0.16945788452364366,200.63039059730875,201.77887410741252,3.776364284334314,203.36696910199865,1.5340524391790513,31.58709597626712,0.0003253765550391653,1585.0,814.3518331727541,5.297493313437984e-06,0,16164,0.11317547410726547,251,7.450580596923828e-09,3240,1.0,1.0,1.0,1.0,0.5,0.5,0.5,3240,1.0,1.0,1.0,1.0,0.5,0.5,0.5,4824,1.0,1.0,1.0,1.0,0.5,0.5,0.5
142,2.3666666666666667,True,valid,0.0053614070502460255,0.005765678060642097,0.17020221828909884,180.6023224325788,181.54346823519225,3.2431899039088634,183.3051001466513,1.3389762187776948,29.080185661767324,0.0002914261395102821,1585.0,730.3106227723035,4.839846021837476e-06,0,16110,0.11859647929668427,250,3.725290298461914e-09,3240,1.0,1.0,1.0,1.0,0.5,0.5,0.5,3240,1.0,1.0,1.0,1.0,0.5,0.5,0.5,4824,1.0,1.0,1.0,1.0,0.5,0.5,0.5
143,2.3833333333333333,True,valid,0.005451127699853519,0.005644987508651296,0.17082358086357144,162.93564981523807,163.73679277108184,2.7449138224436123,165.77709786914954,1.2471289376816599,27.9717445219187,0.00025574934106765247,1585.0,553.1903621092448,4.365708838426909e-06,0,16093,0.12381798028945923,253,7.450580596923828e-09,3240,1.0,1.0,1.0,1.0,0.5,0.5,0.5,3240,1.0,1.0,1.0,1.0,0.5,0.5,0.5,4824,1.0,1.0,1.0,1.0,0.5,0.5,0.5
144,2.4,True,valid,0.005576813243623509,0.005496774111178465,0.17004690925472432,155.50672678363023,156.16174387015127,2.359226303012846,159.63247434982688,0.9958824492690078,33.9994294118704,0.00023744527685500195,1585.0,642.6993961448386,4.167238248458939e-06,0,16018,0.1265847384929657,250,7.450580596923828e-09,3240,1.0,1.0,1.0,1.0,0.5,0.5,0.5,3240,1.0,1.0,1.0,1.0,0.5,0.5,0.5,4824,1.0,1.0,1.0,1.0,0.5,0.5,0.5
145,2.4166666666666665,True,valid,0.005475209692604023,0.005177721412946663,0.1704364715983215,143.30565699630517,143.82879447930142,2.039547329006593,148.74560138066423,0.8138025266327823,37.02544063283177,0.00021406357590811692,1585.0,547.5224221487213,3.847806271674105e-06,0,15990,0.1290123611688614,242,7.450580596923828e-09,3240,1.0,1.0,1.0,1.0,0.5,0.5,0.5,3240,1.0,1.0,1.0,1.0,0.5,0.5,0.5,4824,1.0,1.0,1.0,1.0,0.5,0.5,0.5
146,2.433333333333333,True,valid,0.005225241163841107,0.004725092574822036,0.17177050825307585,123.38677612539598,123.78674262964728,1.673987582493369,130.4190708471215,0.7101904670500774,39.4594187324329,0.0001818201626971532,1585.0,381.8576010554469,3.3507358590368935e-06,0,15940,0.13087601959705353,247,7.450580596923828e-09,3240,1.0,1.0,1.0,1.0,0.5,0.5,0.5,3240,1.0,1.0,1.0,1.0,0.5,0.5,0.5,4824,1.0,1.0,1.0,1.0,0.5,0.5,0.5
147,2.45,True,valid,0.005062446718404908,0.004398222139225288,0.17155295807148907,107.41576242672825,107.69523284019347,1.3352347730313618,116.05662493289076,0.557151939675876,41.935140941692715,0.00015679593402243344,1585.0,289.76461416099335,2.9749624742440437e-06,0,15806,0.13267825543880463,248,7.450580596923828e-09,3240,1.0,1.0,1.0,1.0,0.5,0.5,0.5,3240,1.0,1.0,1.0,1.0,0.5,0.5,0.5,4824,1.0,1.0,1.0,1.0,0.5,0.5,0.5
148,2.466666666666667,True,valid,0.005059966004389879,0.004255173116786822,0.17216206514297966,101.16444399832079,101.36471200436054,1.1387430431738608,110.15401758458137,0.40105912191266907,40.903273210101105,0.00014449151542190983,1585.0,259.4499347083282,2.832062522389431e-06,0,15624,0.13365866243839264,248,7.450580596923828e-09,3240,1.0,1.0,1.0,1.0,0.5,0.5,0.5,3240,1.0,1.0,1.0,1.0,0.5,0.5,0.5,4824,1.0,1.0,1.0,1.0,0.5,0.5,0.5
149,2.4833333333333334,True,valid,0.005076826820766049,0.0042292537837397,0.17187478441882648,101.83481493718574,102.00282891896516,1.0692449176617502,110.37390611155121,0.4227287438820864,39.84644572577108,0.0001428853217011771,1585.0,236.87127887645352,2.8409715423043265e-06,0,15605,0.13405799865722656,247,7.450580596923828e-09,3240,1.0,1.0,1.0,1.0,0.5,0.5,0.5,3240,1.0,1.0,1.0,1.0,0.5,0.5,0.5,4824,1.0,1.0,1.0,1.0,0.5,0.5,0.5
150,2.5,True,valid,0.0048558979792115535,0.00405522595942871,0.1734081478444509,102.51639524451303,102.73594300475365,1.2905929138405288,111.7136732734948,0.48934886881742024,42.65427843788996,0.00014314167976307488,1585.0,566.1378177550394,2.818711422574198e-06,0,15776,0.13367711007595062,243,7.450580596923828e-09,3240,1.0,1.0,1.0,1.0,0.5,0.5,0.5,3240,1.0,1.0,1.0,1.0,0.5,0.5,0.5,4824,1.0,1.0,1.0,1.0,0.5,0.5,0.5
151,2.5166666666666666,True,valid,0.004687264001937521,0.0037810656920612613,0.1738747942065146,105.38154212904442,105.63935588871874,1.3658355537060112,114.82595899332969,0.4381097336580758,44.95819166080126,0.00015449531505774285,1585.0,278.68370830825205,2.918858479717439e-06,0,15991,0.13262857496738434,244,7.450580596923828e-09,3240,1.0,1.0,1.0,1.0,0.5,0.5,0.5,3240,1.0,1.0,1.0,1.0,0.5,0.5,0.5,4824,1.0,1.0,1.0,1.0,0.5,0.5,0.5
152,2.533333333333333,True,valid,0.004713634867091464,0.0038697845599852698,0.1719220950857821,117.2424798438156,117.61654053223093,1.820353682333533,125.85563112498706,0.5160298712616007,45.41084337811143,0.0001766380473920395,1585.0,556.9858436724314,3.224454146854304e-06,0,16155,0.13113540410995483,246,7.450580596923828e-09,3240,1.0,1.0,1.0,1.0,0.5,0.5,0.5,3240,1.0,1.0,1.0,1.0,0.5,0.5,0.5,4824,1.0,1.0,1.0,1.0,0.5,0.5,0.5
153,2.55,True,valid,0.004757353848029028,0.004078653385903336,0.17143493041915117,127.18417506186073,127.60803232068803,1.7822570723394857,134.96845851702406,0.6323591035770202,45.231062774206556,0.0001944207890243394,1585.0,384.42402318634834,3.4771077318069424e-06,0,16177,0.12891341745853424,249,7.450580596923828e-09,3240,1.0,1.0,1.0,1.0,0.5,0.5,0.5,3240,1.0,1.0,1.0,1.0,0.5,0.5,0.5,4824,1.0,1.0,1.0,1.0,0.5,0.5,0.5
154,2.566666666666667,True,valid,0.004875833040890863,0.004209575756702439,0.17036989768945499,142.56687165011553,143.10445210883177,2.068868302739474,149.13008763878682,0.7032319862034913,42.8342486221607,0.00022520428264621623,1585.0,486.91967929872334,3.8942111816807855e-06,0,16188,0.12652498483657837,251,3.725290298461914e-09,3240,1.0,1.0,1.0,1.0,0.5,0.5,0.5,3240,1.0,1.0,1.0,1.0,0.5,0.5,0.5,4824,1.0,1.0,1.0,1.0,0.5,0.5,0.5
155,2.5833333333333335,True,valid,0.004892792180211491,0.004335920145972129,0.16909097379887322,155.40036294056378,156.12098175367427,2.371895647012743,161.34522555988323,0.8539358345869843,42.39152419605884,0.0002509723974570404,1585.0,533.4492906063978,4.229173996931857e-06,0,16196,0.12318094074726105,247,7.450580596923828e-09,3240,1.0,1.0,1.0,1.0,0.5,0.5,0.5,3240,1.0,1.0,1.0,1.0,0.5,0.5,0.5,4824,1.0,1.0,1.0,1.0,0.5,0.5,0.5
156,2.6,True,valid,0.004929666828395879,0.004411649802588575,0.167036064562895,169.2305428455631,170.1722899252746,2.742974025817932,174.5546676220304,1.1403540183140948,41.86708219750087,0.0002784111457893938,1585.0,694.8430766372509,4.587815559663537e-06,0,16187,0.11842942982912064,248,3.725290298461914e-09,3240,1.0,1.0,1.0,1.0,0.5,0.5,0.5,3240,1.0,1.0,1.0,1.0,0.5,0.5,0.5,4824,1.0,1.0,1.0,1.0,0.5,0.5,0.5
157,2.6166666666666667,True,valid,0.004945179950114958,0.00456156612379678,0.16645866502439682,183.27091607388786,184.38278153429005,3.1760314012665956,187.91600574012313,1.4824967887316973,40.06555851309126,0.00030401582061769953,1585.0,794.252722130246,4.939004475182178e-06,0,16195,0.11290635913610458,246,3.725290298461914e-09,3240,1.0,1.0,1.0,1.0,0.5,0.5,0.5,3240,1.0,1.0,1.0,1.0,0.5,0.5,0.5,4824,1.0,1.0,1.0,1.0,0.5,0.5,0.5
158,2.6333333333333333,True,valid,0.005001872794208069,0.004815204981174864,0.16691024210149621,203.21261635712472,204.4330005083977,3.8000545076121544,207.3998710721269,1.699160624268397,39.15634672530382,0.0003371966954824778,1585.0,925.1464004928372,5.433490271781418e-06,0,16186,0.10721905529499054,239,3.725290298461914e-09,3240,1.0,1.0,1.0,1.0,0.5,0.5,0.5,3240,1.0,1.0,1.0,1.0,0.5,0.5,0.5,4824,1.0,1.0,1.0,1.0,0.5,0.5,0.5
159,2.65,True,valid,0.005104483141563389,0.00514500805672819,0.1665134780648878,223.60583123008362,224.92379279636953,4.237410999278324,227.4979280326898,1.7993182242544838,38.946048098439995,0.00036851984229115353,1585.0,1254.3183683537554,5.955963868893862e-06,0,16193,0.10106074810028076,237,7.450580596923828e-09,3240,1.0,1.0,1.0,1.0,0.5,0.5,0.5,3240,1.0,1.0,1.0,1.0,0.5,0.5,0.5,4824,1.0,1.0,1.0,1.0,0.5,0.5,0.5
160,2.6666666666666665,True,valid,0.0051734898068085,0.005442541737775528,0.16716637498496925,240.6312681712102,242.00572683974931,4.647989807392003,244.28289514275957,1.7673717166187877,38.872152190008926,0.00039677247081628645,1585.0,1735.9447901810136,6.39506994980597e-06,0,16202,0.09436384588479996,237,3.725290298461914e-09,3240,1.0,1.0,1.0,1.0,0.5,0.5,0.5,3240,1.0,1.0,1.0,1.0,0.5,0.5,0.5,4824,1.0,1.0,1.0,1.0,0.5,0.5,0.5
161,2.683333333333333,True,valid,0.005235776338328793,0.005743739505018139,0.16680425719659023,246.12746594231095,247.49862659626731,4.544120661195809,249.58642022513524,1.8204901163437823,37.69605306947086,0.0004050956637253401,1585.0,1461.2664529624078,6.559877414490168e-06,0,16337,0.08697884529829025,235,7.450580596923828e-09,3240,1.0,1.0,1.0,1.0,0.5,0.5,0.5,3240,1.0,1.0,1.0,1.0,0.5,0.5,0.5,4824,1.0,1.0,1.0,1.0,0.5,0.5,0.5
162,2.7,True,valid,0.005308517566026641,0.006111702035034223,0.16642884747209016,255.72604089713755,257.13258132336244,4.658173347021028,258.7608302937334,1.803324665051455,35.683135973145006,0.00042204819705289387,1585.0,1585.2202710604604,6.811344888134282e-06,0,16425,0.07954544574022293,235,3.725290298461914e-09,3240,1.0,1.0,1.0,1.0,0.5,0.5,0.5,3240,1.0,1.0,1.0,1.0,0.5,0.5,0.5,4824,1.0,1.0,1.0,1.0,0.5,0.5,0.5
163,2.716666666666667,True,valid,0.005319843920144638,0.0063055908562709906,0.16574577690918033,262.11999910471746,263.5491565701941,4.728306253616658,264.66071378453654,1.8683991573490113,32.63347050455456,0.0004318189728328928,1585.0,1438.3855157311968,6.986428306127384e-06,0,16470,0.07221906632184982,236,7.450580596923828e-09,3240,1.0,1.0,1.0,1.0,0.5,0.5,0.5,3240,1.0,1.0,1.0,1.0,0.5,0.5,0.5,4824,1.0,1.0,1.0,1.0,0.5,0.5,0.5
164,2.7333333333333334,True,valid,0.005386360038593414,0.0065032783293594645,0.16447714194513507,264.77747713104094,266.328359249266,4.99612491512655,267.0373997238631,1.901412039743526,29.94140015202598,0.00044031503066301275,1585.0,1463.5234523850274,7.0688668022116115e-06,0,16493,0.06505098938941956,236,3.725290298461914e-09,3240,1.0,1.0,1.0,1.0,0.5,0.5,0.5,3240,1.0,1.0,1.0,1.0,0.5,0.5,0.5,4824,1.0,1.0,1.0,1.0,0.5,0.5,0.5
165,2.75,True,valid,0.00541994570896519,0.00677031198946723,0.16340070038280768,263.1577181243856,264.6918364474346,4.968001309226296,265.0816196926337,1.9404980028200223,28.104021078651687,0.00043983499820315626,1585.0,1238.7451881036704,7.045360486457025e-06,0,16475,0.05997768044471741,236,2.7939677238464355e-09,3240,1.0,1.0,1.0,1.0,0.5,0.5,0.5,3240,1.0,1.0,1.0,1.0,0.5,0.5,0.5,4824,1.0,1.0,1.0,1.0,0.5,0.5,0.5
166,2.7666666666666666,True,valid,0.005510507222051144,0.006972551901335771,0.16315038171786372,265.5695386942198,267.1533779580076,5.137201095937337,267.31813417723373,1.8746207031857822,26.95174502826715,0.0004449983519924939,1585.0,1197.1903346318932,7.105558728044856e-06,0,16356,0.06754711270332336,234,4.656612873077393e-10,3240,1.0,1.0,1.0,1.0,0.5,0.5,0.5,3240,1.0,1.0,1.0,1.0,0.5,0.5,0.5,4824,1.0,1.0,1.0,1.0,0.5,0.5,0.5
167,2.783333333333333,True,valid,0.005627834255624839,0.006909245694731604,0.16455035798911427,264.4058318879234,265.9734647077551,5.377655344822122,266.1280782711706,1.940682621513862,26.713891559442068,0.0004454983043307421,1585.0,1142.0761583156627,7.070832637909493e-06,0,16340,0.074978306889534,234,3.725290298461914e-09,3240,1.0,1.0,1.0,1.0,0.5,0.5,0.5,3240,1.0,1.0,1.0,1.0,0.5,0.5,0.5,4824,1.0,1.0,1.0,1.0,0.5,0.5,0.5
168,2.8,True,valid,0.005772404808484938,0.006883832375113299,0.16696261882109978,267.34995065000845,268.9608851948797,5.462000223854977,269.00312092845536,1.8983043947994673,26.96365798625194,0.00044735838623792133,1585.0,1082.3718355368917,7.0970885292497405e-06,0,16270,0.08257969468832016,233,2.7939677238464355e-09,3240,1.0,1.0,1.0,1.0,0.5,0.5,0.5,3240,1.0,1.0,1.0,1.0,0.5,0.5,0.5,4824,1.0,1.0,1.0,1.0,0.5,0.5,0.5
169,2.816666666666667,True,valid,0.005903215737344042,0.006887466958613624,0.16874446281317648,265.6272055851657,267.2098604930192,5.526553072760175,267.43936617802325,1.9828575680522844,28.875334822237576,0.00044552510222230717,1585.0,1150.0010491184776,7.036052584300918e-06,0,16264,0.0904034823179245,234,5.587935447692871e-09,3240,1.0,1.0,1.0,1.0,0.5,0.5,0.5,3240,1.0,1.0,1.0,1.0,0.5,0.5,0.5,4824,1.0,1.0,1.0,1.0,0.5,0.5,0.5
170,2.8333333333333335,True,valid,0.006048688420221634,0.006933734236016371,0.17152028834075836,269.6297133146607,271.2030508583259,5.4542383818643785,271.74152630575884,1.8657548137312685,31.880535027958686,0.00044809711515943196,1585.0,1225.9391196897202,7.10495902089336e-06,0,16246,0.09717008471488953,237,5.587935447692871e-09,3240,1.0,1.0,1.0,1.0,0.5,0.5,0.5,3240,1.0,1.0,1.0,1.0,0.5,0.5,0.5,4824,1.0,1.0,1.0,1.0,0.5,0.5,0.5
171,2.85,True,valid,0.00609021359404723,0.006886193504225636,0.17333148704526724,258.5460627467117,260.02851807572887,5.226564511325166,261.2564054177337,1.9926303193901305,35.30881213270322,0.00042999250068524595,1585.0,1139.1530933061324,6.8141844043039015e-06,0,16247,0.10351165384054184,241,3.725290298461914e-09,3240,1.0,1.0,1.0,1.0,0.5,0.5,0.5,3240,1.0,1.0,1.0,1.0,0.5,0.5,0.5,4824,1.0,1.0,1.0,1.0,0.5,0.5,0.5
172,2.8666666666666667,True,valid,0.006142476262419644,0.006950251651593743,0.17545509982414326,258.9445139467007,260.4901292044914,5.152271889970997,262.6893205931338,1.820545503871409,43.04870667958683,0.00042813671785464684,1585.0,1195.6710739572068,6.780781532536896e-06,0,16283,0.10947128385305405,245,3.725290298461914e-09,3240,1.0,1.0,1.0,1.0,0.5,0.5,0.5,3240,1.0,1.0,1.0,1.0,0.5,0.5,0.5,4824,1.0,1.0,1.0,1.0,0.5,0.5,0.5
173,2.8833333333333333,True,valid,0.006096969934114618,0.006793633516593125,0.1775245389066835,245.88705531238347,247.51580620758224,5.139223802760269,251.15661690196177,1.9278506356063076,49.20927307400649,0.00040977809430239436,1585.0,1063.0472959478266,6.450636574669327e-06,0,16260,0.1152002140879631,253,3.725290298461914e-09,3240,1.0,1.0,1.0,1.0,0.5,0.5,0.5,3240,1.0,1.0,1.0,1.0,0.5,0.5,0.5,4824,1.0,1.0,1.0,1.0,0.5,0.5,0.5
174,2.9,True,valid,0.0060931028113221375,0.006704538695058075,0.1822804442994743,240.71209548801158,242.2781763293822,4.950045427512019,247.56075285469925,1.7808566569292674,57.45320061209138,0.00039594721797842883,1585.0,911.4949993975073,6.2897237042994385e-06,0,16271,0.12045472115278244,254,3.725290298461914e-09,3240,1.0,1.0,1.0,1.0,0.5,0.5,0.5,3240,1.0,1.0,1.0,1.0,0.5,0.5,0.5,4824,1.0,1.0,1.0,1.0,0.5,0.5,0.5
175,2.9166666666666665,True,valid,0.005929343040142271,0.006531844924682389,0.18540757687322668,222.84662842859677,224.1806188610107,4.1788389748487145,231.4429566242352,1.74530156671729,60.402568101452104,0.00036286144252699413,1585.0,850.0613547757807,5.875212585840377e-06,0,16246,0.12563617527484894,259,7.450580596923828e-09,3240,1.0,1.0,1.0,1.0,0.5,0.5,0.5,3240,1.0,1.0,1.0,1.0,0.5,0.5,0.5,4824,1.0,1.0,1.0,1.0,0.5,0.5,0.5
176,2.933333333333333,True,valid,0.005849789265023562,0.006421807477614258,0.18706534607517536,203.36272439406537,204.4818909904419,3.604252349882399,213.03418796962362,1.509289177767297,62.19139005764043,0.000329649579088557,1585.0,669.6172243654869,5.4017670129611426e-06,5,16202,0.1304960697889328,261,7.450580596923828e-09,3240,1.0,1.0,1.0,1.0,0.5,0.5,0.5,3240,1.0,1.0,1.0,1.0,0.5,0.5,0.5,4824,1.0,1.0,1.0,1.0,0.5,0.5,0.5
177,2.95,True,valid,0.005711132042841351,0.0061478255399353785,0.18738114730932875,184.78500651682106,185.683278030417,3.1057977146804445,195.74766834929466,1.413477906376677,62.21174584001595,0.0002947897592439238,1585.0,680.2306295605674,4.945255063690117e-06,2,16174,0.13504265248775482,264,3.725290298461914e-09,3240,1.0,1.0,1.0,1.0,0.5,0.5,0.5,3240,1.0,1.0,1.0,1.0,0.5,0.5,0.5,4824,1.0,1.0,1.0,1.0,0.5,0.5,0.5
178,2.966666666666667,True,valid,0.0054649518937366455,0.005816453459714154,0.18822483361069803,168.60533410129767,169.36420209094945,2.737543981540313,180.4522337811416,1.1968332937596486,61.817687992115225,0.0002646064385309679,1585.0,593.3324405533458,4.522438656514741e-06,0,16178,0.13951709866523743,273,3.725290298461914e-09,3240,1.0,1.0,1.0,1.0,0.5,0.5,0.5,3240,1.0,1.0,1.0,1.0,0.5,0.5,0.5,4824,1.0,1.0,1.0,1.0,0.5,0.5,0.5
179,2.9833333333333334,True,valid,0.005307151964872097,0.005642051756196979,0.18827709975370288,158.08106518706177,158.71953020495462,2.356586320610892,170.36841021505788,1.0109466215430392,60.840631116542816,0.00024711292822182803,1585.0,546.1643925761276,4.260726737312153e-06,0,16129,0.14294388890266418,272,7.450580596923828e-09,3240,1.0,1.0,1.0,1.0,0.5,0.5,0.5,3240,1.0,1.0,1.0,1.0,0.5,0.5,0.5,4824,1.0,1.0,1.0,1.0,0.5,0.5,0.5
180,3.0,True,valid,0.005082421523872417,0.005090814492897523,0.1868593164505439,141.20565669534227,141.74871498597545,2.0270361484764585,156.0351411623679,0.8844112367314432,64.09070185097109,0.00021680952443465238,1585.0,512.0183741920612,3.826689275592185e-06,0,16073,0.14542898535728455,268,7.450580596923828e-09,3240,1.0,1.0,1.0,1.0,0.5,0.5,0.5,3240,1.0,1.0,1.0,1.0,0.5,0.5,0.5,4824,1.0,1.0,1.0,1.0,0.5,0.5,0.5
181,3.0166666666666666,True,valid,0.004913307353688065,0.004878353645904559,0.18447141051345714,125.51267250717353,125.94312565389627,1.654366222124663,142.08831653492965,0.7151647464693823,63.708451221516746,0.00018932422447374216,1585.0,441.3106516743893,3.4235514602446793e-06,0,16021,0.14727520942687988,265,7.450580596923828e-09,3240,1.0,1.0,1.0,1.0,0.5,0.5,0.5,3240,1.0,1.0,1.0,1.0,0.5,0.5,0.5,4824,1.0,1.0,1.0,1.0,0.5,0.5,0.5
182,3.033333333333333,True,valid,0.004939623091480781,0.004607750882322038,0.18202510346181314,110.73193339891581,111.01164736557845,1.2990278069351575,127.20359091280264,0.5386204046249594,60.017265136486934,0.00016185657984933626,1585.0,303.9655935238189,3.050913596934939e-06,0,15910,0.14847509562969208,259,7.450580596923828e-09,3240,1.0,1.0,1.0,1.0,0.5,0.5,0.5,3240,1.0,1.0,1.0,1.0,0.5,0.5,0.5,4824,1.0,1.0,1.0,1.0,0.5,0.5,0.5
183,3.05,True,valid,0.005063872069923316,0.004364366840029135,0.1799000972615744,105.02946788133107,105.22266549393355,1.0859176902160175,121.27248728179043,0.43459234507179206,57.391179688790864,0.00015014718598978897,1585.0,208.01871260005683,2.9383905128746644e-06,0,15746,0.14906999468803406,262,7.450580596923828e-09,3240,1.0,1.0,1.0,1.0,0.5,0.5,0.5,3240,1.0,1.0,1.0,1.0,0.5,0.5,0.5,4824,1.0,1.0,1.0,1.0,0.5,0.5,0.5
184,3.066666666666667,True,valid,0.0049350918140599,0.0041037786858514076,0.18002390557366196,101.1000871052071,101.26776233940629,1.0406865598915531,116.58675418801585,0.29449499159795905,54.638876018717866,0.00014097832927143221,1585.0,249.93251578978342,2.8133836903853144e-06,0,15631,0.14901955425739288,257,7.450580596923828e-09,3240,1.0,1.0,1.0,1.0,0.5,0.5,0.5,3240,1.0,1.0,1.0,1.0,0.5,0.5,0.5,4824,1.0,1.0,1.0,1.0,0.5,0.5,0.5
185,3.0833333333333335,True,valid,0.004816444111117719,0.0039908851896521425,0.17714046352836102,98.00267318591257,98.16852583896977,1.0307765416118773,111.82804258606642,0.29652259889891963,51.84211944625964,0.0001375395106982823,1585.0,214.01952117414825,2.7076621576497507e-06,0,15752,0.14815983176231384,249,7.450580596923828e-09,3240,1.0,1.0,1.0,1.0,0.5,0.5,0.5,3240,1.0,1.0,1.0,1.0,0.5,0.5,0.5,4824,1.0,1.0,1.0,1.0,0.5,0.5,0.5
186,3.1,True,valid,0.004717761828065187,0.0038816385243783114,0.17366238325469474,101.83737103115985,102.05753654528453,1.1911836569639016,114.43549088839055,0.38461892873233605,50.101127887551336,0.00014858866079783513,1585.0,257.4547821730727,2.8252444330563897e-06,0,15901,0.14645469188690186,247,7.450580596923828e-09,3240,1.0,1.0,1.0,1.0,0.5,0.5,0.5,3240,1.0,1.0,1.0,1.0,0.5,0.5,0.5,4824,1.0,1.0,1.0,1.0,0.5,0.5,0.5
187,3.1166666666666667,True,valid,0.0046612446036839094,0.003682221055505331,0.17078023217522492,111.89272939371389,112.2168920581377,1.5011631669462062,121.412690998655,0.5349853378139567,45.13977939135998,0.00016742439502790937,1585.0,388.78750022299766,3.1000133462479624e-06,0,16091,0.14416128396987915,243,7.450580596923828e-09,3240,1.0,1.0,1.0,1.0,0.5,0.5,0.5,3240,1.0,1.0,1.0,1.0,0.5,0.5,0.5,4824,1.0,1.0,1.0,1.0,0.5,0.5,0.5
188,3.1333333333333333,True,valid,0.0046999067804746044,0.003650902870575725,0.16933430118823775,123.05296072487846,123.44343229747734,1.6928978272329103,130.53218588136255,0.6208351866050934,41.15309538513076,0.00018926370186675106,1585.0,356.70128135969617,3.4120631425552486e-06,0,16124,0.14085893332958221,234,7.450580596923828e-09,3240,1.0,1.0,1.0,1.0,0.5,0.5,0.5,3240,1.0,1.0,1.0,1.0,0.5,0.5,0.5,4824,1.0,1.0,1.0,1.0,0.5,0.5,0.5
189,3.15,True,valid,0.004695893785589781,0.0037548192276955915,0.16988159067850053,135.75003027344732,136.24802087653492,1.9981688999472833,142.47401474570694,0.7114941964459697,40.29326753705802,0.00021279504287949281,1585.0,412.4734587131903,3.747313641320472e-06,0,16149,0.13702161610126495,235,7.450580596923828e-09,3240,1.0,1.0,1.0,1.0,0.5,0.5,0.5,3240,1.0,1.0,1.0,1.0,0.5,0.5,0.5,4824,1.0,1.0,1.0,1.0,0.5,0.5,0.5
190,3.1666666666666665,True,valid,0.0047077176623080055,0.003966090084387355,0.17017878584497345,149.90999752595587,150.51608371890143,2.254207266152298,155.7387762718233,0.8573771998876448,39.3060551055394,0.0002405218870310384,1585.0,487.99797579398114,4.137448094756922e-06,0,16168,0.13296709954738617,231,7.450580596923828e-09,3240,1.0,1.0,1.0,1.0,0.5,0.5,0.5,3240,1.0,1.0,1.0,1.0,0.5,0.5,0.5,4824,1.0,1.0,1.0,1.0,0.5,0.5,0.5
191,3.183333333333333,True,valid,0.004677021278214151,0.004197463069956678,0.1699160600705354,165.08577511381733,165.90744745842878,2.6203302507658925,169.8721089729595,1.0592038920464586,37.12050675043871,0.00027143042508080256,1585.0,545.2943911426203,4.531591967570575e-06,0,16157,0.12846589088439941,238,7.450580596923828e-09,3240,1.0,1.0,1.0,1.0,0.5,0.5,0.5,3240,1.0,1.0,1.0,1.0,0.5,0.5,0.5,4824,1.0,1.0,1.0,1.0,0.5,0.5,0.5
192,3.2,True,valid,0.004672367765973678,0.004464007230948756,0.1690356735483805,181.5503083342033,182.57477026841306,3.0858094365721427,185.85304149578977,1.277813217946596,36.748835478509726,0.0003034561273156809,1585.0,630.5675024172274,4.953545973225512e-06,0,16150,0.1235336884856224,238,7.450580596923828e-09,3240,1.0,1.0,1.0,1.0,0.5,0.5,0.5,3240,1.0,1.0,1.0,1.0,0.5,0.5,0.5,4824,1.0,1.0,1.0,1.0,0.5,0.5,0.5
193,3.216666666666667,True,valid,0.004730832162691597,0.004750785812801453,0.16796086754194986,198.544582736207,199.71566509461212,3.5349936079429196,202.17919375140968,1.4862477226257775,35.05414763566059,0.0003336468369274825,1585.0,798.9495118274816,5.393831073566192e-06,0,16166,0.11828376352787018,244,3.725290298461914e-09,3240,1.0,1.0,1.0,1.0,0.5,0.5,0.5,3240,1.0,1.0,1.0,1.0,0.5,0.5,0.5,4824,1.0,1.0,1.0,1.0,0.5,0.5,0.5
194,3.2333333333333334,True,valid,0.004773691394172271,0.004999896406118353,0.16815654236473876,214.26291930948068,215.4619253081874,3.9112914379683184,217.20249546768375,1.6035399974156936,32.97228692761267,0.0003600408824158303,1585.0,1071.3715920767718,5.796767956816976e-06,0,16169,0.11235026270151138,251,3.725290298461914e-09,3240,1.0,1.0,1.0,1.0,0.5,0.5,0.5,3240,1.0,1.0,1.0,1.0,0.5,0.5,0.5,4824,1.0,1.0,1.0,1.0,0.5,0.5,0.5
195,3.25,True,valid,0.004822441800776824,0.005253568043218815,0.16923518272012883,227.2674479340691,228.5382342855914,4.136807714208805,229.70449091740136,1.650864142910045,30.45359561816041,0.0003776635479277054,1585.0,1397.7498455956613,6.120895516690245e-06,0,16207,0.10566536337137222,254,7.450580596923828e-09,3240,1.0,1.0,1.0,1.0,0.5,0.5,0.5,3240,1.0,1.0,1.0,1.0,0.5,0.5,0.5,4824,1.0,1.0,1.0,1.0,0.5,0.5,0.5
196,3.2666666666666666,True,valid,0.0049112733510481305,0.005499403700516638,0.17073083620007426,238.49615086996337,239.8379303507612,4.583246611442492,240.48215448858596,1.6900982589284925,28.29488494998954,0.0003989713540591839,1585.0,1455.110071730995,6.409589010749863e-06,0,16329,0.09982240945100784,257,5.587935447692871e-09,3240,1.0,1.0,1.0,1.0,0.5,0.5,0.5,3240,1.0,1.0,1.0,1.0,0.5,0.5,0.5,4824,1.0,1.0,1.0,1.0,0.5,0.5,0.5
197,3.283333333333333,True,valid,0.005048732618019215,0.005743920382490808,0.1731402650221356,248.40485867347388,249.8256214565468,4.806867644040264,250.20740785331125,1.7875195225982834,27.679589693142784,0.0004117662605225079,1585.0,1514.3614490509876,6.644482504109144e-06,0,16404,0.09339889138936996,252,5.587935447692871e-09,3240,1.0,1.0,1.0,1.0,0.5,0.5,0.5,3240,1.0,1.0,1.0,1.0,0.5,0.5,0.5,4824,1.0,1.0,1.0,1.0,0.5,0.5,0.5
198,3.3,True,valid,0.005186250263287024,0.006015148816718256,0.17561532511642336,259.6299697777445,261.19014404737726,5.14990072134679,261.2885313204088,1.8193360619813936,26.990946931711143,0.00043499749642999434,1585.0,1518.1764291120373,6.937191509563889e-06,0,16436,0.08671334385871887,257,5.587935447692871e-09,3240,1.0,1.0,1.0,1.0,0.5,0.5,0.5,3240,1.0,1.0,1.0,1.0,0.5,0.5,0.5,4824,1.0,1.0,1.0,1.0,0.5,0.5,0.5
199,3.316666666666667,True,valid,0.005299154374173042,0.006250240561325076,0.17732765558323516,268.0996365007437,269.7020352914519,5.390633977316342,269.6758310838333,1.955763865264615,26.232576774357476,0.0004501157105267912,1585.0,1609.105208032617,7.1514278883126985e-06,0,16414,0.07953131198883057,257,1.862645149230957e-09,3240,1.0,1.0,1.0,1.0,0.5,0.5,0.5,3240,1.0,1.0,1.0,1.0,0.5,0.5,0.5,4824,1.0,1.0,1.0,1.0,0.5,0.5,0.5
200,3.3333333333333335,True,valid,0.005410172007616053,0.006464426328088595,0.17642266305006746,271.8745548894643,273.50196764015936,5.498232418025432,273.6118280971553,1.9032147182483412,27.974902490617808,0.0004568138636359713,1585.0,1634.279840082617,7.243861567847423e-06,0,16401,0.07207977771759033,259,2.7939677238464355e-09,3240,1.0,1.0,1.0,1.0,0.5,0.5,0.5,3240,1.0,1.0,1.0,1.0,0.5,0.5,0.5,4824,1.0,1.0,1.0,1.0,0.5,0.5,0.5
201,3.35,True,valid,0.005503021852825555,0.006628641855655208,0.17577678956928167,270.80370612105133,272.3706809232327,5.443250229703528,272.77000413511286,2.0003896300805426,29.256479195908785,0.00045034214609076937,1585.0,1533.7785944211853,7.201834498400838e-06,0,16382,0.06452422589063644,262,2.3283064365386963e-10,3240,1.0,1.0,1.0,1.0,0.5,0.5,0.5,3240,1.0,1.0,1.0,1.0,0.5,0.5,0.5,4824,1.0,1.0,1.0,1.0,0.5,0.5,0.5
202,3.3666666666666667,True,valid,0.005556372306856176,0.006686137496942198,0.17499314634663277,268.36155460660916,269.8672065999983,5.205266772779481,270.59371864272777,1.944821548383273,30.851636562165716,0.000446098090560293,1585.0,1390.8154846807547,7.150514038810796e-06,0,16328,0.05731355398893356,260,3.725290298461914e-09,3240,1.0,1.0,1.0,1.0,0.5,0.5,0.5,3240,1.0,1.0,1.0,1.0,0.5,0.5,0.5,4824,1.0,1.0,1.0,1.0,0.5,0.5,0.5
203,3.3833333333333333,True,valid,0.005598872682009898,0.00665053675467458,0.1742382596172907,264.3202580083174,265.8292592094309,5.109033179552902,266.84769570546985,2.0821284673820633,34.31140191424216,0.0004384088370280627,1585.0,1208.3506672772066,7.030724420492959e-06,0,16338,0.06404940783977509,264,2.7939677238464355e-09,3240,1.0,1.0,1.0,1.0,0.5,0.5,0.5,3240,1.0,1.0,1.0,1.0,0.5,0.5,0.5,4824,1.0,1.0,1.0,1.0,0.5,0.5,0.5
204,3.4,True,valid,0.005626832212377642,0.006625661561459981,0.17288087783864323,261.33767914922055,262.8566024906169,4.966143395298345,264.1015930278131,1.9084752339707274,35.42899141737288,0.0004362189642337729,1585.0,1011.3566714148889,6.943531361295634e-06,0,16286,0.07068818062543869,262,3.725290298461914e-09,3240,1.0,1.0,1.0,1.0,0.5,0.5,0.5,3240,1.0,1.0,1.0,1.0,0.5,0.5,0.5,4824,1.0,1.0,1.0,1.0,0.5,0.5,0.5
205,3.4166666666666665,True,valid,0.005670489160490719,0.006518963763267336,0.17301189329916927,258.7608206411562,260.3447815639646,5.129133621751308,261.7073955128776,2.0518818194132877,36.592047195881115,0.00043457540541870987,1585.0,1003.2465858157566,6.868964794334015e-06,0,16258,0.07723644375801086,265,3.725290298461914e-09,3240,1.0,1.0,1.0,1.0,0.5,0.5,0.5,3240,1.0,1.0,1.0,1.0,0.5,0.5,0.5,4824,1.0,1.0,1.0,1.0,0.5,0.5,0.5
206,3.433333333333333,True,valid,0.005752542433080641,0.006563426468387981,0.17395334725485198,256.23423833356816,257.7213049962231,4.73322272504199,258.98649154666293,1.796502295368235,37.329046508896894,0.0004259346045996108,1585.0,1018.3244045252491,6.785265695217337e-06,0,16251,0.08369448035955429,261,5.587935447692871e-09,3240,1.0,1.0,1.0,1.0,0.5,0.5,0.5,3240,1.0,1.0,1.0,1.0,0.5,0.5,0.5,4824,1.0,1.0,1.0,1.0,0.5,0.5,0.5
207,3.45,True,valid,0.005816998781813023,0.00647834638114964,0.17462437230358566,249.12737886565074,250.6311676195216,4.801018610603686,251.85186426153226,1.9063840090193815,36.66880806263721,0.0004148917236504321,1585.0,1117.5462213468563,6.58786811871656e-06,0,16260,0.0902039036154747,258,3.725290298461914e-09,3240,1.0,1.0,1.0,1.0,0.5,0.5,0.5,3240,1.0,1.0,1.0,1.0,0.5,0.5,0.5,4824,1.0,1.0,1.0,1.0,0.5,0.5,0.5
208,3.466666666666667,True,valid,0.005915441648681506,0.006482034293244389,0.1750347170404923,249.19161639585963,250.58944041994414,4.634137732597318,251.86557478683866,1.6827238986647541,35.00575696274644,0.0004091195998270893,1585.0,1043.6092279154077,6.5587581907171506e-06,0,16215,0.09650013595819473,259,3.725290298461914e-09,3240,1.0,1.0,1.0,1.0,0.5,0.5,0.5,3240,1.0,1.0,1.0,1.0,0.5,0.5,0.5,4824,1.0,1.0,1.0,1.0,0.5,0.5,0.5
209,3.4833333333333334,True,valid,0.005894051524234941,0.006293783675578987,0.1743936398969057,235.7797990441586,237.15375091790833,4.697666215923487,238.51679099081488,1.7713114400703394,33.922949903319356,0.00039138894766015526,1585.0,1109.3490146579059,6.242756992002698e-06,0,16221,0.10266578942537308,259,7.450580596923828e-09,3240,1.0,1.0,1.0,1.0,0.5,0.5,0.5,3240,1.0,1.0,1.0,1.0,0.5,0.5,0.5,4824,1.0,1.0,1.0,1.0,0.5,0.5,0.5
210,3.5,True,valid,0.005785312314192726,0.006073694529536689,0.17571348103280074,229.0742994069562,230.48871819668219,4.552336128689873,231.75019621695762,1.5926386900140732,34.175408064102214,0.0003778947329016607,1585.0,1145.1266785405746,6.049376508463167e-06,0,16210,0.10843920707702637,260,3.725290298461914e-09,3240,1.0,1.0,1.0,1.0,0.5,0.5,0.5,3240,1.0,1.0,1.0,1.0,0.5,0.5,0.5,4824,1.0,1.0,1.0,1.0,0.5,0.5,0.5
211,3.5166666666666666,True,valid,0.005646126843086127,0.0058835078343021,0.17473619424898154,207.52526396273691,208.72700514293257,3.9804728272159515,210.71779782424883,1.5515405698997737,35.48158889106633,0.00034168095738477906,1585.0,835.7456872324321,5.511319286680458e-06,0,16166,0.11390267312526703,264,3.725290298461914e-09,3240,1.0,1.0,1.0,1.0,0.5,0.5,0.5,3240,1.0,1.0,1.0,1.0,0.5,0.5,0.5,4824,1.0,1.0,1.0,1.0,0.5,0.5,0.5
212,3.533333333333333,True,valid,0.0055132860467875374,0.0056604931951711925,0.1762680506884127,193.97651449408124,194.9957593104589,3.4337308226223477,198.17242801690406,1.389543114123935,39.62523873310706,0.00031368603432484275,1585.0,750.4837752608776,5.155944614814843e-06,0,16134,0.1189349815249443,271,3.725290298461914e-09,3240,1.0,1.0,1.0,1.0,0.5,0.5,0.5,3240,1.0,1.0,1.0,1.0,0.5,0.5,0.5,4824,1.0,1.0,1.0,1.0,0.5,0.5,0.5
213,3.55,True,valid,0.005394243674132932,0.005604702086355277,0.17625235823150504,172.59665141357158,173.41841523007406,2.9199570377492847,177.06558316436005,1.260836632077255,38.08522130201668,0.00027747911207227785,1585.0,714.9502250928582,4.6344044275241416e-06,0,16127,0.1235734149813652,272,3.725290298461914e-09,3240,1.0,1.0,1.0,1.0,0.5,0.5,0.5,3240,1.0,1.0,1.0,1.0,0.5,0.5,0.5,4824,1.0,1.0,1.0,1.0,0.5,0.5,0.5
214,3.566666666666667,True,valid,0.005360408206722344,0.0054364287566974895,0.1776917490709836,158.05216248678974,158.771001029933,2.560942576648616,163.4995150388579,1.0616976461802337,40.30802405801414,0.000249443040425567,1585.0,531.7458251175756,4.251227229944123e-06,0,16105,0.12789291143417358,272,7.450580596923828e-09,3240,1.0,1.0,1.0,1.0,0.5,0.5,0.5,3240,1.0,1.0,1.0,1.0,0.5,0.5,0.5,4824,1.0,1.0,1.0,1.0,0.5,0.5,0.5
215,3.5833333333333335,True,valid,0.00541879725411845,0.005377852098872226,0.17928229618089997,143.98935773848322,144.57797316368175,2.213859110261504,150.9035606733043,0.9347722265011971,43.889548259223034,0.00022263552974559242,1585.0,502.33162964576144,3.906146311898938e-06,0,16048,0.13185933232307434,273,7.450580596923828e-09,3240,1.0,1.0,1.0,1.0,0.5,0.5,0.5,3240,1.0,1.0,1.0,1.0,0.5,0.5,0.5,4824,1.0,1.0,1.0,1.0,0.5,0.5,0.5
216,3.6,True,valid,0.005405870792741466,0.005112508388879703,0.1809329535494024,132.03690922199655,132.49731224802517,1.8739168533793689,141.68169479780278,0.772031615904179,50.24852091843151,0.00019816625587961573,1585.0,417.77401915242535,3.59597756345892e-06,0,16021,0.1350436955690384,273,7.450580596923828e-09,3240,1.0,1.0,1.0,1.0,0.5,0.5,0.5,3240,1.0,1.0,1.0,1.0,0.5,0.5,0.5,4824,1.0,1.0,1.0,1.0,0.5,0.5,0.5
217,3.6166666666666667,True,valid,0.005362151162009277,0.004907225937527407,0.18009027226771662,119.46843552266303,119.81560338258308,1.5154863539615415,132.27950177384176,0.6770658150548875,55.2123063908511,0.00017541624289049007,1585.0,330.24568106106227,3.294144047920626e-06,0,15872,0.1373692899942398,276,7.450580596923828e-09,3240,1.0,1.0,1.0,1.0,0.5,0.5,0.5,3240,1.0,1.0,1.0,1.0,0.5,0.5,0.5,4824,1.0,1.0,1.0,1.0,0.5,0.5,0.5
218,3.6333333333333333,True,valid,0.005079671846972973,0.004625348441654132,0.18002874414266679,106.20292518270293,106.43992169966633,1.2925038424929205,121.69730253178857,0.5732725209613283,57.412370164885566,0.00015255620092721145,1585.0,274.2667551795812,2.9554095323177224e-06,0,15708,0.13860639929771423,274,7.450580596923828e-09,3240,1.0,1.0,1.0,1.0,0.5,0.5,0.5,3240,1.0,1.0,1.0,1.0,0.5,0.5,0.5,4824,1.0,1.0,1.0,1.0,0.5,0.5,0.5
219,3.65,True,valid,0.0049270401707063255,0.004420260911248152,0.17856439777545235,98.5081178737639,98.68793640186581,1.254718161108336,114.00014984622301,0.3603607242750758,56.1381068853105,0.00013943599240631742,1585.0,329.0605906469013,2.751077670255196e-06,0,15621,0.13884799182415009,271,7.450580596923828e-09,3240,1.0,1.0,1.0,1.0,0.5,0.5,0.5,3240,1.0,1.0,1.0,1.0,0.5,0.5,0.5,4824,1.0,1.0,1.0,1.0,0.5,0.5,0.5
220,3.6666666666666665,True,valid,0.004907275790908939,0.004342067919600011,0.17578251000479492,96.6498849976515,96.81422567050674,1.2035477521266649,111.17390927755064,0.33121177971758636,53.78533654729042,0.00013642283439561616,1585.0,199.27483849425812,2.70269442045979e-06,0,15741,0.13832128047943115,268,7.450580596923828e-09,3240,1.0,1.0,1.0,1.0,0.5,0.5,0.5,3240,1.0,1.0,1.0,1.0,0.5,0.5,0.5,4824,1.0,1.0,1.0,1.0,0.5,0.5,0.5
221,3.683333333333333,True,valid,0.004900404822273015,0.004124674883434207,0.17352719096804398,102.69082772613673,102.93752308373926,1.4449271300927986,115.4432564360938,0.37563622123925794,51.82575271358252,0.0001460190654210682,1585.0,362.61276718802424,2.8458271189207725e-06,0,15885,0.13720974326133728,263,7.450580596923828e-09,3240,1.0,1.0,1.0,1.0,0.5,0.5,0.5,3240,1.0,1.0,1.0,1.0,0.5,0.5,0.5,4824,1.0,1.0,1.0,1.0,0.5,0.5,0.5
222,3.7,True,valid,0.004916016019282274,0.0039573944911195464,0.17140075849748973,108.1226209775304,108.39821494613676,1.4397142125246556,119.409504571428,0.42703787198975235,49.91800505895331,0.00015893135244646086,1585.0,276.4070011630373,2.9874971480714866e-06,0,16104,0.13518574833869934,260,7.450580596923828e-09,3240,1.0,1.0,1.0,1.0,0.5,0.5,0.5,3240,1.0,1.0,1.0,1.0,0.5,0.5,0.5,4824,1.0,1.0,1.0,1.0,0.5,0.5,0.5
223,3.716666666666667,True,valid,0.004847995415378221,0.003845449636241022,0.17011445547074022,119.8693055983816,120.24002222055684,1.6603094338754008,129.77792508733518,0.5280701113376636,49.25037608115655,0.00018206864005478073,1585.0,354.23304061745125,3.300771764607361e-06,0,16129,0.13197015225887299,258,7.450580596923828e-09,3240,1.0,1.0,1.0,1.0,0.5,0.5,0.5,3240,1.0,1.0,1.0,1.0,0.5,0.5,0.5,4824,1.0,1.0,1.0,1.0,0.5,0.5,0.5
224,3.7333333333333334,True,valid,0.004742656597790729,0.003907481812751743,0.1692758722607499,131.9329735229197,132.40624963267945,1.903555897052747,140.50238303469445,0.6670884647654355,48.093264543791975,0.00020497049753639418,1585.0,428.52811838375135,3.6151130695566664e-06,0,16160,0.1278410702943802,252,7.450580596923828e-09,3240,1.0,1.0,1.0,1.0,0.5,0.5,0.5,3240,1.0,1.0,1.0,1.0,0.5,0.5,0.5,4824,1.0,1.0,1.0,1.0,0.5,0.5,0.5
225,3.75,True,valid,0.004707359600292829,0.004105864921828268,0.16890090645181483,146.16715659893163,146.75906695079556,2.1884855336462663,154.3058223268664,0.8100287206082525,48.75079200632581,0.0002306143191358669,1585.0,458.89545978838214,3.9890620904005805e-06,0,16168,0.12306416034698486,252,7.450580596923828e-09,3240,1.0,1.0,1.0,1.0,0.5,0.5,0.5,3240,1.0,1.0,1.0,1.0,0.5,0.5,0.5,4824,1.0,1.0,1.0,1.0,0.5,0.5,0.5
226,3.7666666666666666,True,valid,0.004809339416815231,0.004329816712151414,0.1677911166293027,160.56912477928026,161.34002942348724,2.4781696309133494,168.90656942366383,1.0436170394529485,51.23891740807367,0.00025792926696663104,1585.0,523.4609044083677,4.354063180773132e-06,0,16166,0.11810555309057236,249,3.725290298461914e-09,3240,1.0,1.0,1.0,1.0,0.5,0.5,0.5,3240,1.0,1.0,1.0,1.0,0.5,0.5,0.5,4824,1.0,1.0,1.0,1.0,0.5,0.5,0.5
227,3.783333333333333,True,valid,0.004923551429942279,0.004609176419749567,0.16638407972931904,175.9643911839306,176.95535460234893,2.937400462310434,182.89245651136912,1.317631904375417,48.418998435151885,0.0002878966208852034,1585.0,605.6897052763554,4.757899256263243e-06,0,16168,0.11267241835594177,245,3.725290298461914e-09,3240,1.0,1.0,1.0,1.0,0.5,0.5,0.5,3240,1.0,1.0,1.0,1.0,0.5,0.5,0.5,4824,1.0,1.0,1.0,1.0,0.5,0.5,0.5
228,3.8,True,valid,0.00500263321167726,0.0048244503885353516,0.1631728223537268,195.62333955403395,196.7582379018582,3.4778954198718863,201.1335123978521,1.515034168228707,44.85353928394208,0.0003230705803291522,1585.0,820.4318231771234,5.273315562179803e-06,0,16174,0.10719600319862366,241,7.450580596923828e-09,3240,1.0,1.0,1.0,1.0,0.5,0.5,0.5,3240,1.0,1.0,1.0,1.0,0.5,0.5,0.5,4824,1.0,1.0,1.0,1.0,0.5,0.5,0.5
229,3.816666666666667,True,valid,0.00504513777599542,0.005073586742636044,0.16191205498505487,212.04223181723412,213.27867916299738,3.9060963147015055,216.7170284676267,1.632447786748198,40.73210946885581,0.0003519363239394623,1585.0,1051.596665870511,5.69031849713348e-06,0,16168,0.10120631009340286,238,3.725290298461914e-09,3240,1.0,1.0,1.0,1.0,0.5,0.5,0.5,3240,1.0,1.0,1.0,1.0,0.5,0.5,0.5,4824,1.0,1.0,1.0,1.0,0.5,0.5,0.5
230,3.8333333333333335,True,valid,0.00509800928108284,0.005430185590657356,0.15986366179082348,229.72316650060714,230.99318300539073,4.32507992900021,233.33169172810895,1.7042672806706585,37.72908043259314,0.00038044643053264236,1585.0,1356.5993063727153,6.140294294780604e-06,0,16171,0.09461165964603424,237,7.450580596923828e-09,3240,1.0,1.0,1.0,1.0,0.5,0.5,0.5,3240,1.0,1.0,1.0,1.0,0.5,0.5,0.5,4824,1.0,1.0,1.0,1.0,0.5,0.5,0.5
231,3.85,True,valid,0.0051403578648801075,0.00579032279155957,0.15892349977399153,243.03024999406546,244.34335031318508,4.475279299961235,246.08752084877761,1.7598836094982309,34.57747969916422,0.00040118891353984275,1585.0,1518.6015375194847,6.491834906083719e-06,0,16227,0.08774944394826889,234,3.725290298461914e-09,3240,1.0,1.0,1.0,1.0,0.5,0.5,0.5,3240,1.0,1.0,1.0,1.0,0.5,0.5,0.5,4824,1.0,1.0,1.0,1.0,0.5,0.5,0.5
232,3.8666666666666667,True,valid,0.0051557436051919425,0.005989541303686333,0.15934630631162153,249.0902495682552,250.44645480320904,4.629222370648052,251.29594908364194,1.6866818770696426,29.647314854746238,0.00041309455191498076,1585.0,1460.6629361560629,6.645669210263888e-06,0,16334,0.08063746988773346,233,1.862645149230957e-09,3240,1.0,1.0,1.0,1.0,0.5,0.5,0.5,3240,1.0,1.0,1.0,1.0,0.5,0.5,0.5,4824,1.0,1.0,1.0,1.0,0.5,0.5,0.5
233,3.8833333333333333,True,valid,0.0053568474732545255,0.006323080711861636,0.15890452632189567,258.1234366776643,259.5391658227674,4.742659310416381,259.9335020816558,1.7677249635251389,26.852128036138247,0.000428809679654168,1585.0,1432.99231031329,6.885803294640265e-06,0,16366,0.07329633831977844,233,1.862645149230957e-09,3240,1.0,1.0,1.0,1.0,0.5,0.5,0.5,3240,1.0,1.0,1.0,1.0,0.5,0.5,0.5,4824,1.0,1.0,1.0,1.0,0.5,0.5,0.5
234,3.9,True,valid,0.005523480950046459,0.006593905565848118,0.16009250660308483,266.5715410936118,268.08105734630124,5.065696226869904,268.20459737619217,1.7816208634101012,25.150146977539634,0.00044607553236752597,1585.0,1537.4345192706185,7.106935776945794e-06,0,16371,0.06588625907897949,235,2.7939677238464355e-09,3240,1.0,1.0,1.0,1.0,0.5,0.5,0.5,3240,1.0,1.0,1.0,1.0,0.5,0.5,0.5,4824,1.0,1.0,1.0,1.0,0.5,0.5,0.5
235,3.9166666666666665,True,valid,0.00564025747443191,0.006716131840639004,0.16277418897362572,269.9069350485684,271.48757384691334,5.131296469396178,271.5586588001468,1.8444620902922868,24.516871500973828,0.0004519456604865741,1585.0,1530.8740234283111,7.192517776652267e-06,0,16353,0.05916508287191391,237,3.725290298461914e-09,3240,1.0,1.0,1.0,1.0,0.5,0.5,0.5,3240,1.0,1.0,1.0,1.0,0.5,0.5,0.5,4824,1.0,1.0,1.0,1.0,0.5,0.5,0.5
236,3.933333333333333,True,valid,0.005769529075005835,0.006799449325923336,0.16408539239810832,271.8136466752879,273.38823831582295,5.2975978836201945,273.5943114900129,1.9285889539713421,27.297025092281157,0.0004550451043328679,1585.0,1568.9548550155682,7.2313884569730625e-06,0,16310,0.06490463018417358,236,2.561137080192566e-09,3240,1.0,1.0,1.0,1.0,0.5,0.5,0.5,3240,1.0,1.0,1.0,1.0,0.5,0.5,0.5,4824,1.0,1.0,1.0,1.0,0.5,0.5,0.5
237,3.95,True,valid,0.005862985771498571,0.00683793914692692,0.16619735674674427,275.56134730232407,277.22162511205863,5.500882008279062,277.56734340003095,1.9682561785063675,28.931648647215916,0.0004593154093575952,1585.0,1421.6974319133944,7.307502697106162e-06,0,16260,0.07211671769618988,237,3.4924596548080444e-09,3240,1.0,1.0,1.0,1.0,0.5,0.5,0.5,3240,1.0,1.0,1.0,1.0,0.5,0.5,0.5,4824,1.0,1.0,1.0,1.0,0.5,0.5,0.5
238,3.966666666666667,True,valid,0.005944083814127398,0.00685983874005071,0.16588760726214463,270.57507234977794,272.2069907041064,5.452273552260476,272.64339172413554,2.035387082409758,29.849142780440467,0.0004523262205400531,1585.0,1267.7365711348875,7.1880170920739225e-06,0,16272,0.0790037140250206,239,3.725290298461914e-09,3240,1.0,1.0,1.0,1.0,0.5,0.5,0.5,3240,1.0,1.0,1.0,1.0,0.5,0.5,0.5,4824,1.0,1.0,1.0,1.0,0.5,0.5,0.5
239,3.9833333333333334,True,valid,0.0059445123810141125,0.0068329934455268575,0.16764785284559308,267.274419991494,268.88175613535276,5.2144760496619575,269.9172073283697,1.993662233319431,34.4015939448699,0.00044281543268630247,1585.0,1024.472699079323,7.077953387962866e-06,0,16244,0.08538319915533066,242,5.587935447692871e-09,3240,1.0,1.0,1.0,1.0,0.5,0.5,0.5,3240,1.0,1.0,1.0,1.0,0.5,0.5,0.5,4824,1.0,1.0,1.0,1.0,0.5,0.5,0.5
240,4.0,True,valid,0.005881817815378314,0.0067875906692551665,0.169291334776096,262.30569643832354,263.9150726319013,5.207715901523374,265.885379220975,2.0493644401341364,40.444768257822005,0.0004375297464091463,1585.0,982.5050418892681,6.951577463713741e-06,0,16266,0.09145794063806534,245,7.450580596923828e-09,3240,1.0,1.0,1.0,1.0,0.5,0.5,0.5,3240,1.0,1.0,1.0,1.0,0.5,0.5,0.5,4824,1.0,1.0,1.0,1.0,0.5,0.5,0.5
241,4.016666666666667,True,valid,0.005882561325216019,0.006768998607415333,0.1705811025566972,261.2544668304146,262.82074917957306,4.993017582378527,265.37357225075544,1.9132544707625811,43.99730237520398,0.0004329601937001153,1585.0,1040.2691793427541,6.887242057089943e-06,0,16269,0.09755969792604446,244,5.587935447692871e-09,3240,1.0,1.0,1.0,1.0,0.5,0.5,0.5,3240,1.0,1.0,1.0,1.0,0.5,0.5,0.5,4824,1.0,1.0,1.0,1.0,0.5,0.5,0.5
242,4.033333333333333,True,valid,0.005802739642888959,0.006625246865327753,0.17192348708043623,253.39244088304565,254.87609229337698,4.878902240867407,258.04608942092005,1.9008598170066215,46.51159589068119,0.0004209823508966996,1585.0,1020.4447887402575,6.6719792584198655e-06,0,16222,0.10375050455331802,248,3.725290298461914e-09,3240,1.0,1.0,1.0,1.0,0.5,0.5,0.5,3240,1.0,1.0,1.0,1.0,0.5,0.5,0.5,4824,1.0,1.0,1.0,1.0,0.5,0.5,0.5
243,4.05,True,valid,0.005710302734045575,0.006509261489118003,0.17341263305760188,251.98580783777922,253.52255570430162,4.862556638604315,256.7160503201929,1.7465837221567568,47.07337129959403,0.0004152619278024373,1585.0,1202.212770196582,6.596375752244636e-06,0,16204,0.11014927923679352,253,3.725290298461914e-09,3240,1.0,1.0,1.0,1.0,0.5,0.5,0.5,3240,1.0,1.0,1.0,1.0,0.5,0.5,0.5,4824,1.0,1.0,1.0,1.0,0.5,0.5,0.5
244,4.066666666666666,True,valid,0.005631559540583029,0.0062983306924487914,0.174662937050447,236.83971014673085,238.27040670168702,4.586152032982405,241.52671261561028,1.7241904429379529,46.1217604693356,0.00039448730520650027,1585.0,989.3620160825307,6.24735644983321e-06,0,16194,0.11611315608024597,260,7.450580596923828e-09,3240,1.0,1.0,1.0,1.0,0.5,0.5,0.5,3240,1.0,1.0,1.0,1.0,0.5,0.5,0.5,4824,1.0,1.0,1.0,1.0,0.5,0.5,0.5
245,4.083333333333333,True,valid,0.005591302058947074,0.006261208462325934,0.177401619862723,230.5919410917085,232.03463598061236,4.488014676120699,234.78084677929607,1.5959896386809675,42.9578990934572,0.0003808750429369603,1585.0,1186.6742802220492,6.062727332963172e-06,0,16185,0.1216287612915039,260,7.450580596923828e-09,3240,1.0,1.0,1.0,1.0,0.5,0.5,0.5,3240,1.0,1.0,1.0,1.0,0.5,0.5,0.5,4824,1.0,1.0,1.0,1.0,0.5,0.5,0.5
246,4.1,True,valid,0.0055062994760140035,0.006120767379625332,0.17893247106187105,213.82037631355976,215.15793012497332,4.1940283786635915,218.71437014487935,1.5813485237998786,44.457620762884154,0.0003542393988650857,1585.0,977.1396643655385,5.669023475324097e-06,0,16209,0.12673142552375793,259,7.450580596923828e-09,3240,1.0,1.0,1.0,1.0,0.5,0.5,0.5,3240,1.0,1.0,1.0,1.0,0.5,0.5,0.5,4824,1.0,1.0,1.0,1.0,0.5,0.5,0.5
247,4.116666666666666,True,valid,0.005447535167616515,0.00614832016436947,0.17792443611731773,200.1357399696117,201.31055717205604,3.720312061607474,205.10842447054557,1.4318866225548292,42.25298074488783,0.00032640268354289253,1585.0,914.2505803684709,5.3006149540560045e-06,0,16208,0.1314414143562317,257,3.725290298461914e-09,3240,1.0,1.0,1.0,1.0,0.5,0.5,0.5,3240,1.0,1.0,1.0,1.0,0.5,0.5,0.5,4824,1.0,1.0,1.0,1.0,0.5,0.5,0.5
248,4.133333333333334,True,valid,0.005362822759202791,0.005869519345556563,0.17617644751076203,182.85964117089276,183.8653825880447,3.2379869427404606,189.2672714950788,1.3151893077131667,45.96573126336593,0.0002950954219745056,1585.0,737.1193011896262,4.880287412254253e-06,0,16194,0.1356019526720047,257,3.725290298461914e-09,3240,1.0,1.0,1.0,1.0,0.5,0.5,0.5,3240,1.0,1.0,1.0,1.0,0.5,0.5,0.5,4824,1.0,1.0,1.0,1.0,0.5,0.5,0.5
249,4.15,True,valid,0.0052366357901152665,0.005535759614918476,0.17564236409007833,163.52761148931438,164.32437038983136,2.6599404477015183,170.93156592584376,1.1176822368029178,47.83541049231025,0.0002582405184845937,1585.0,596.6542483902986,4.392828291709747e-06,0,16134,0.139226496219635,251,7.450580596923828e-09,3240,1.0,1.0,1.0,1.0,0.5,0.5,0.5,3240,1.0,1.0,1.0,1.0,0.5,0.5,0.5,4824,1.0,1.0,1.0,1.0,0.5,0.5,0.5
250,4.166666666666667,True,valid,0.005168289823187318,0.005326789460952091,0.17493303864740517,147.76565953474744,148.40800827058536,2.2338852426819935,156.73543402962994,0.9097637277293925,49.78889212802558,0.00022830994695166313,1585.0,585.2119436171939,3.974192358502201e-06,0,16092,0.1423269659280777,249,7.450580596923828e-09,3240,1.0,1.0,1.0,1.0,0.5,0.5,0.5,3240,1.0,1.0,1.0,1.0,0.5,0.5,0.5,4824,1.0,1.0,1.0,1.0,0.5,0.5,0.5
251,4.183333333333334,True,valid,0.005111051109959042,0.0050282195086201,0.17558353531681464,134.9431933793258,135.4085459675233,1.7904426011237553,145.11002741960723,0.7811857259815547,50.575862906066334,0.00020411798116736401,1585.0,446.07520012836346,3.663848535019131e-06,0,16035,0.14491887390613556,250,7.450580596923828e-09,3240,1.0,1.0,1.0,1.0,0.5,0.5,0.5,3240,1.0,1.0,1.0,1.0,0.5,0.5,0.5,4824,1.0,1.0,1.0,1.0,0.5,0.5,0.5
252,4.2,True,valid,0.005034685318252582,0.004670032388189724,0.17500145392664412,120.57388495788841,120.93910480199462,1.4936615820305936,131.6402437991556,0.6780077584441824,50.532138815322526,0.00017879616590141956,1585.0,370.70682819836975,3.3130005525387652e-06,0,15947,0.14676973223686218,245,7.450580596923828e-09,3240,1.0,1.0,1.0,1.0,0.5,0.5,0.5,3240,1.0,1.0,1.0,1.0,0.5,0.5,0.5,4824,1.0,1.0,1.0,1.0,0.5,0.5,0.5
253,4.216666666666667,True,valid,0.004907547096646848,0.00434122013196576,0.17373247218103566,106.38291461327898,106.62355042880259,1.213558629016492,117.48421972909036,0.593881551025138,47.52060567266601,0.00015410085152600894,1585.0,368.36470997274375,2.9539509539914545e-06,0,15791,0.14792057871818542,247,7.450580596923828e-09,3240,1.0,1.0,1.0,1.0,0.5,0.5,0.5,3240,1.0,1.0,1.0,1.0,0.5,0.5,0.5,4824,1.0,1.0,1.0,1.0,0.5,0.5,0.5
254,4.233333333333333,True,valid,0.004829421119614645,0.00408218308182905,0.171766873515893,97.83470563764034,98.00643283391442,1.0453918956895574,108.88997875474001,0.31326231459306175,45.00175626479089,0.00014051396281879015,1585.0,229.06731215660196,2.748460288990188e-06,0,15634,0.14845064282417297,243,7.450580596923828e-09,3240,1.0,1.0,1.0,1.0,0.5,0.5,0.5,3240,1.0,1.0,1.0,1.0,0.5,0.5,0.5,4824,1.0,1.0,1.0,1.0,0.5,0.5,0.5
255,4.25,True,valid,0.004811350570920785,0.003978766469897259,0.1702807907955217,95.68417195272508,95.84513260974224,0.995079621476693,109.0817796192415,0.2817172475294806,50.51462870060623,0.0001353323793803709,1585.0,192.06333089781464,2.6763395061029057e-06,0,15631,0.14861461520195007,248,7.450580596923828e-09,3240,1.0,1.0,1.0,1.0,0.5,0.5,0.5,3240,1.0,1.0,1.0,1.0,0.5,0.5,0.5,4824,1.0,1.0,1.0,1.0,0.5,0.5,0.5
256,4.266666666666667,True,valid,0.004780357959960746,0.003937183399866933,0.17033485285666067,98.72596315538574,98.91090822089696,1.0835618717818234,111.3761061429785,0.3207794942486343,49.42899231589833,0.00014107269689266365,1585.0,229.91956332720792,2.7512137007429006e-06,0,15827,0.14815229177474976,248,7.450580596923828e-09,3240,1.0,1.0,1.0,1.0,0.5,0.5,0.5,3240,1.0,1.0,1.0,1.0,0.5,0.5,0.5,4824,1.0,1.0,1.0,1.0,0.5,0.5,0.5
257,4.283333333333333,True,valid,0.004772106328858014,0.003878008039293562,0.17041902488318378,105.15536271285727,105.40861076939106,1.266578093980619,115.87876362486904,0.38047774806123147,46.741517086577694,0.00015448250105308946,1585.0,263.35353883684064,2.9173012326448164e-06,0,16055,0.14674849808216095,249,7.450580596923828e-09,3240,1.0,1.0,1.0,1.0,0.5,0.5,0.5,3240,1.0,1.0,1.0,1.0,0.5,0.5,0.5,4824,1.0,1.0,1.0,1.0,0.5,0.5,0.5
258,4.3,True,valid,0.004785231731894742,0.003786778695983756,0.1712049804762343,114.54230854787644,114.8819070182382,1.5128309727330629,123.87878541879299,0.4838938256853042,44.85218884342016,0.00017335935727703258,1585.0,335.417654363547,3.1778096395921487e-06,0,16144,0.14419879019260406,249,7.450580596923828e-09,3240,1.0,1.0,1.0,1.0,0.5,0.5,0.5,3240,1.0,1.0,1.0,1.0,0.5,0.5,0.5,4824,1.0,1.0,1.0,1.0,0.5,0.5,0.5
259,4.316666666666666,True,valid,0.004852786367475642,0.0038709163895968906,0.1710725534661457,128.01823621072836,128.44378667896268,1.7815021675221183,136.07333657717265,0.6045120291745183,43.96438507034465,0.0001987938021061178,1585.0,390.54596122262205,3.546312727239854e-06,0,16158,0.14076365530490875,252,7.450580596923828e-09,3240,1.0,1.0,1.0,1.0,0.5,0.5,0.5,3240,1.0,1.0,1.0,1.0,0.5,0.5,0.5,4824,1.0,1.0,1.0,1.0,0.5,0.5,0.5
260,4.333333333333333,True,valid,0.004859251609148908,0.004047267681353565,0.17089867972133058,142.12061439948488,142.65294154023064,2.065783695074485,149.23297246701478,0.7404158183907509,43.85511028517725,0.00022593643706675083,1585.0,469.6728034780745,3.9280652922924e-06,0,16149,0.136583149433136,254,3.725290298461914e-09,3240,1.0,1.0,1.0,1.0,0.5,0.5,0.5,3240,1.0,1.0,1.0,1.0,0.5,0.5,0.5,4824,1.0,1.0,1.0,1.0,0.5,0.5,0.5
261,4.35,True,valid,0.004741530258901056,0.004178155241527475,0.17125317395654424,155.91016711121637,156.61529511103822,2.370788172753496,162.36210729517495,0.9192753834180436,43.85149925916095,0.00025411489901112,1585.0,534.6011327055332,4.291450081438995e-06,0,16152,0.13160079717636108,258,3.725290298461914e-09,3240,1.0,1.0,1.0,1.0,0.5,0.5,0.5,3240,1.0,1.0,1.0,1.0,0.5,0.5,0.5,4824,1.0,1.0,1.0,1.0,0.5,0.5,0.5
262,4.366666666666666,True,valid,0.004678135540468413,0.0043667506777767895,0.17076938002468697,171.21929695726024,172.13625481773752,2.7441546281051883,176.86202161038864,1.1485443499427512,43.37183258299847,0.00028539858211459114,1585.0,704.523443074218,4.69046182684947e-06,0,16157,0.12585482001304626,257,3.725290298461914e-09,3240,1.0,1.0,1.0,1.0,0.5,0.5,0.5,3240,1.0,1.0,1.0,1.0,0.5,0.5,0.5,4824,1.0,1.0,1.0,1.0,0.5,0.5,0.5
263,4.383333333333334,True,valid,0.004704204205636753,0.004603721099454811,0.16983251995828272,186.13191726199182,187.20902136758033,3.204595016466808,190.90360378561,1.3930798888264782,41.64647863558655,0.00031368682716665476,1585.0,696.2753230643835,5.0749828136802665e-06,0,16170,0.1198168620467186,258,3.725290298461914e-09,3240,1.0,1.0,1.0,1.0,0.5,0.5,0.5,3240,1.0,1.0,1.0,1.0,0.5,0.5,0.5,4824,1.0,1.0,1.0,1.0,0.5,0.5,0.5
264,4.4,True,valid,0.00479046833303613,0.004904166805306264,0.16958663217086795,204.56199816556966,205.74943666384286,3.697305054796546,208.40541055616822,1.5535560518905152,38.05003444618567,0.0003452742819737652,1585.0,901.6484714955907,5.55099125431565e-06,0,16168,0.11420328915119171,258,7.450580596923828e-09,3240,1.0,1.0,1.0,1.0,0.5,0.5,0.5,3240,1.0,1.0,1.0,1.0,0.5,0.5,0.5,4824,1.0,1.0,1.0,1.0,0.5,0.5,0.5
265,4.416666666666667,True,valid,0.004880704129759465,0.005182720551529087,0.17023151010857118,222.93605072517957,224.17716898199785,4.119850223725981,226.11706067311647,1.627781498113218,35.37265624013718,0.0003742646514343541,1585.0,1173.6905655795942,6.012409009964331e-06,0,16165,0.10835381597280502,259,7.450580596923828e-09,3240,1.0,1.0,1.0,1.0,0.5,0.5,0.5,3240,1.0,1.0,1.0,1.0,0.5,0.5,0.5,4824,1.0,1.0,1.0,1.0,0.5,0.5,0.5
266,4.433333333333334,True,valid,0.004956695627110211,0.005434840731604536,0.17060325444843355,237.97929552916122,239.32698571288952,4.526595684898007,240.79594202169255,1.660312357000953,33.576107087791094,0.00039380955063704845,1585.0,1568.062608044177,6.3621985483221004e-06,0,16265,0.10277704894542694,256,7.450580596923828e-09,3240,1.0,1.0,1.0,1.0,0.5,0.5,0.5,3240,1.0,1.0,1.0,1.0,0.5,0.5,0.5,4824,1.0,1.0,1.0,1.0,0.5,0.5,0.5
267,4.45,True,valid,0.004992212130648171,0.005655003946429187,0.17108167096487192,244.95504523933494,246.27299267730208,4.575454396126676,247.53671113327638,1.7634243566554946,33.3422874669498,0.0004069362321710593,1585.0,1433.7258779930883,6.5495642292007516e-06,0,16417,0.09652350097894669,249,3.725290298461914e-09,3240,1.0,1.0,1.0,1.0,0.5,0.5,0.5,3240,1.0,1.0,1.0,1.0,0.5,0.5,0.5,4824,1.0,1.0,1.0,1.0,0.5,0.5,0.5
268,4.466666666666667,True,valid,0.005084337441243301,0.005956179168663493,0.17112273901150454,255.361988320953,256.82214430776895,4.818318924267494,258.07404005652137,1.796419868688805,33.540212197369975,0.0004253115890704158,1585.0,1655.576265126637,6.803393656704165e-06,0,16459,0.08951723575592041,253,3.725290298461914e-09,3240,1.0,1.0,1.0,1.0,0.5,0.5,0.5,3240,1.0,1.0,1.0,1.0,0.5,0.5,0.5,4824,1.0,1.0,1.0,1.0,0.5,0.5,0.5
269,4.483333333333333,True,valid,0.005211609547098011,0.0062868318128100386,0.17077474524739364,264.9713079227501,266.544129992394,5.087791538532086,268.045370353327,1.8524767582553436,36.38833712122483,0.00044697012444425545,1585.0,1565.7544370301957,7.06579473993764e-06,0,16437,0.08261087536811829,251,1.862645149230957e-09,3240,1.0,1.0,1.0,1.0,0.5,0.5,0.5,3240,1.0,1.0,1.0,1.0,0.5,0.5,0.5,4824,1.0,1.0,1.0,1.0,0.5,0.5,0.5
270,4.5,True,valid,0.005291989486235104,0.006443520118511595,0.17181903049910124,271.9456172842404,273.5629709522495,5.296889752807866,275.6154103168237,1.9038357149471017,40.71733860946552,0.0004576387045247483,1585.0,1651.771484495127,7.234153859925109e-06,0,16399,0.07558748871088028,256,3.725290298461914e-09,3240,1.0,1.0,1.0,1.0,0.5,0.5,0.5,3240,1.0,1.0,1.0,1.0,0.5,0.5,0.5,4824,1.0,1.0,1.0,1.0,0.5,0.5,0.5
271,4.516666666666667,True,valid,0.005426876150714362,0.006658499487448255,0.17268499686690056,273.2844141643619,274.82226425522055,5.266304213517018,278.1386895291616,1.8965416858163557,49.465167727765106,0.000459385880076751,1585.0,1548.2603640347415,7.2836288532678144e-06,0,16370,0.06852293014526367,257,3.259629011154175e-09,3240,1.0,1.0,1.0,1.0,0.5,0.5,0.5,3240,1.0,1.0,1.0,1.0,0.5,0.5,0.5,4824,1.0,1.0,1.0,1.0,0.5,0.5,0.5
272,4.533333333333333,True,valid,0.005561329716354655,0.006648195040684377,0.17342894096819744,274.0717137060166,275.669624349281,5.506167313890901,279.0300050114502,2.0411979228701975,50.46818551097358,0.00045849582637572583,1585.0,1554.542622618452,7.2596213413386515e-06,0,16345,0.06134127825498581,259,3.14321368932724e-09,3240,1.0,1.0,1.0,1.0,0.5,0.5,0.5,3240,1.0,1.0,1.0,1.0,0.5,0.5,0.5,4824,1.0,1.0,1.0,1.0,0.5,0.5,0.5
273,4.55,True,valid,0.005712758761529224,0.006702277590825011,0.1736375803885205,275.56471981434186,277.161374439488,5.472328208522328,280.1926235361719,1.9851080752168184,47.74818564786439,0.0004618998747931602,1585.0,1420.6131607862935,7.300510707919083e-06,0,16302,0.05953741446137428,258,2.3283064365386963e-09,3240,1.0,1.0,1.0,1.0,0.5,0.5,0.5,3240,1.0,1.0,1.0,1.0,0.5,0.5,0.5,4824,1.0,1.0,1.0,1.0,0.5,0.5,0.5
274,4.566666666666666,True,valid,0.00571393003423949,0.006724256631521673,0.17322659594407333,277.33840892470005,279.00426323486244,5.6017503112006715,281.60510876452935,2.1346888129477666,46.734388235745115,0.00046632390880460925,1585.0,1404.1087307308114,7.336611384322347e-06,0,16267,0.06626753509044647,258,2.7939677238464355e-09,3240,1.0,1.0,1.0,1.0,0.5,0.5,0.5,3240,1.0,1.0,1.0,1.0,0.5,0.5,0.5,4824,1.0,1.0,1.0,1.0,0.5,0.5,0.5
275,4.583333333333333,True,valid,0.005636578831982713,0.0066351789795062,0.17118223584604747,266.8230400969934,268.33805656706454,5.130776433782747,271.08818588736693,1.9334453845811357,45.24359592391379,0.000445044029348772,1585.0,1117.5684275691824,7.068374783518055e-06,0,16278,0.07326693087816238,259,3.725290298461914e-09,3240,1.0,1.0,1.0,1.0,0.5,0.5,0.5,3240,1.0,1.0,1.0,1.0,0.5,0.5,0.5,4824,1.0,1.0,1.0,1.0,0.5,0.5,0.5
276,4.6,True,valid,0.005617285272953233,0.006523728622885304,0.16910891067776204,256.6465060355727,258.09211196738556,4.825303517299861,260.70474017494206,2.038939354359823,44.454552458670086,0.0004278681269215379,1585.0,1212.4749604674514,6.811914437957649e-06,0,16261,0.079994335770607,256,7.450580596923828e-09,3240,1.0,1.0,1.0,1.0,0.5,0.5,0.5,3240,1.0,1.0,1.0,1.0,0.5,0.5,0.5,4824,1.0,1.0,1.0,1.0,0.5,0.5,0.5
277,4.616666666666666,True,valid,0.005744947333276594,0.006703719987836223,0.16837383853862248,253.55026003090214,254.87866237312682,4.552699079990353,257.7028880239503,1.8604716992288783,44.45912590112732,0.0004177186433963586,1585.0,1087.515939554604,6.723722615309434e-06,0,16232,0.08643089979887009,254,3.725290298461914e-09,3240,1.0,1.0,1.0,1.0,0.5,0.5,0.5,3240,1.0,1.0,1.0,1.0,0.5,0.5,0.5,4824,1.0,1.0,1.0,1.0,0.5,0.5,0.5
278,4.633333333333334,True,valid,0.0058636238377162185,0.006734905307135726,0.16775976881247198,244.94623612801578,246.2327219859295,4.3813160839600345,249.08887624908348,1.9338221943611804,45.39906699721725,0.00040425758056579486,1585.0,1089.5408860127877,6.509721505505311e-06,0,16230,0.09296619147062302,256,3.725290298461914e-09,3240,1.0,1.0,1.0,1.0,0.5,0.5,0.5,3240,1.0,1.0,1.0,1.0,0.5,0.5,0.5,4824,1.0,1.0,1.0,1.0,0.5,0.5,0.5
279,4.65,True,valid,0.005998603925227061,0.006694481293347755,0.1696265061514783,241.95527283329602,243.20859770078448,4.187080530442686,246.1807229398834,1.627368741162325,44.787126019169,0.00039332125479673365,1585.0,968.9904059279428,6.391544705108736e-06,0,16221,0.09946565330028534,257,3.725290298461914e-09,3240,1.0,1.0,1.0,1.0,0.5,0.5,0.5,3240,1.0,1.0,1.0,1.0,0.5,0.5,0.5,4824,1.0,1.0,1.0,1.0,0.5,0.5,0.5
280,4.666666666666667,True,valid,0.006045861251306613,0.0065940918600113484,0.1704488778502614,229.3986365084888,230.60965753852565,4.167746429192982,233.5956946268381,1.7307329623793224,43.25497295581614,0.000374540154465492,1585.0,914.3572692383235,6.076811996204593e-06,0,16218,0.10576190799474716,255,3.725290298461914e-09,3240,1.0,1.0,1.0,1.0,0.5,0.5,0.5,3240,1.0,1.0,1.0,1.0,0.5,0.5,0.5,4824,1.0,1.0,1.0,1.0,0.5,0.5,0.5
281,4.683333333333334,True,valid,0.005941269580737517,0.006404412614009571,0.17296443048436058,221.4065973728726,222.62885949560297,4.057997189635223,225.67701747501633,1.5315690552764363,42.600102623556616,0.0003579324933928135,1585.0,1121.870565822262,5.8405455253688e-06,0,16153,0.11154833436012268,256,7.450580596923828e-09,3240,1.0,1.0,1.0,1.0,0.5,0.5,0.5,3240,1.0,1.0,1.0,1.0,0.5,0.5,0.5,4824,1.0,1.0,1.0,1.0,0.5,0.5,0.5
282,4.7,True,valid,0.005789770207499669,0.0061292711560385765,0.17124396642446135,199.4948462895119,200.58768320571392,3.7784892082217025,204.2976847468117,1.4960288778209638,42.88905080287599,0.0003245555056722428,1585.0,904.6259629366467,5.309005287197494e-06,0,16162,0.1164947897195816,255,3.725290298461914e-09,3240,1.0,1.0,1.0,1.0,0.5,0.5,0.5,3240,1.0,1.0,1.0,1.0,0.5,0.5,0.5,4824,1.0,1.0,1.0,1.0,0.5,0.5,0.5
283,4.716666666666667,True,valid,0.005605481653785674,0.005906570771799813,0.17159803036755003,184.03006456168112,184.98199995928087,3.1997074353693287,189.3729552392609,1.2801992084604448,43.37429750713932,0.0002957032460895029,1585.0,740.5907439175728,4.9198759862901215e-06,0,16151,0.12085887044668198,255,3.725290298461914e-09,3240,1.0,1.0,1.0,1.0,0.5,0.5,0.5,3240,1.0,1.0,1.0,1.0,0.5,0.5,0.5,4824,1.0,1.0,1.0,1.0,0.5,0.5,0.5
284,4.733333333333333,True,valid,0.005497839820639692,0.0057517776511172404,0.17080589035395677,165.1133774717613,165.90782606729064,2.6838666809662324,171.287584449636,1.179698688022183,44.20856647787597,0.0002633562958827616,1585.0,569.1137803363604,4.46583423172448e-06,0,16098,0.12498245388269424,255,7.450580596923828e-09,3240,1.0,1.0,1.0,1.0,0.5,0.5,0.5,3240,1.0,1.0,1.0,1.0,0.5,0.5,0.5,4824,1.0,1.0,1.0,1.0,0.5,0.5,0.5
285,4.75,True,valid,0.005386744637699409,0.005359076759223888,0.1703235574653299,150.46193022129134,151.12982479720196,2.392510501047261,157.55142035276197,1.0491277012495224,45.373064613824994,0.00023423353443845945,1585.0,459.2085139749121,4.0791507248692864e-06,0,16054,0.12877728044986725,254,7.450580596923828e-09,3240,1.0,1.0,1.0,1.0,0.5,0.5,0.5,3240,1.0,1.0,1.0,1.0,0.5,0.5,0.5,4824,1.0,1.0,1.0,1.0,0.5,0.5,0.5
286,4.766666666666667,True,valid,0.005282795264869546,0.005118942145853448,0.16907010062206534,134.2794233315447,134.8049452890761,1.9668610848004264,142.56204473434508,0.8289185995142816,46.79377765955957,0.00020774263098985682,1585.0,424.6737024115271,3.681299389764676e-06,0,15998,0.13185805082321167,255,7.450580596923828e-09,3240,1.0,1.0,1.0,1.0,0.5,0.5,0.5,3240,1.0,1.0,1.0,1.0,0.5,0.5,0.5,4824,1.0,1.0,1.0,1.0,0.5,0.5,0.5
287,4.783333333333333,True,valid,0.005148062597517881,0.004860964497031173,0.16838799707869762,119.03793906903691,119.4367719933208,1.6378810875120424,128.93887174744305,0.6341783861905191,48.530376970680734,0.00018046308454440415,1585.0,351.13672193676143,3.2875840100787066e-06,0,15953,0.13375650346279144,257,7.450580596923828e-09,3240,1.0,1.0,1.0,1.0,0.5,0.5,0.5,3240,1.0,1.0,1.0,1.0,0.5,0.5,0.5,4824,1.0,1.0,1.0,1.0,0.5,0.5,0.5
288,4.8,True,valid,0.00510644267738035,0.0046281843426285866,0.16887770525298015,111.19467074078615,111.46825428833732,1.3750248636882072,122.86198258880931,0.6557964151289568,50.52965428774388,0.00016335966733357695,1585.0,420.15671075400195,3.0940977718622637e-06,0,15853,0.13510707020759583,256,7.450580596923828e-09,3240,1.0,1.0,1.0,1.0,0.5,0.5,0.5,3240,1.0,1.0,1.0,1.0,0.5,0.5,0.5,4824,1.0,1.0,1.0,1.0,0.5,0.5,0.5
289,4.816666666666666,True,valid,0.0051173272234484295,0.004450367145202682,0.16708222663871833,104.04908207549015,104.24917521716746,1.2289654478543321,118.03548928566786,0.390307860556122,54.22636404993605,0.00014972496789822482,1585.0,215.25698897305455,2.9259279474800187e-06,0,15660,0.13553638756275177,255,7.450580596923828e-09,3240,1.0,1.0,1.0,1.0,0.5,0.5,0.5,3240,1.0,1.0,1.0,1.0,0.5,0.5,0.5,4824,1.0,1.0,1.0,1.0,0.5,0.5,0.5
290,4.833333333333333,True,valid,0.0050279531374881805,0.00427018497354323,0.16594878166898058,97.70015595625455,97.85684228002805,1.1149709679852335,115.55094487344947,0.2891006027331212,61.458039680648625,0.00013830714061067816,1585.0,254.6258977189786,2.741378796944371e-06,0,15590,0.13508571684360504,249,7.450580596923828e-09,3240,1.0,1.0,1.0,1.0,0.5,0.5,0.5,3240,1.0,1.0,1.0,1.0,0.5,0.5,0.5,4824,1.0,1.0,1.0,1.0,0.5,0.5,0.5
291,4.85,True,valid,0.004876967898287265,0.004099961309800533,0.165704539345471,94.90301129954487,95.08121143161706,1.1569225894694397,113.07516211861375,0.3220035858031062,60.569576596316196,0.00013366270265532788,1585.0,190.7992458576339,2.6479395545926925e-06,0,15731,0.1337575614452362,245,7.450580596923828e-09,3240,1.0,1.0,1.0,1.0,0.5,0.5,0.5,3240,1.0,1.0,1.0,1.0,0.5,0.5,0.5,4824,1.0,1.0,1.0,1.0,0.5,0.5,0.5
292,4.866666666666666,True,valid,0.004893699123448839,0.004006746153552144,0.16400345644284411,103.73129445633931,103.96404745749841,1.3079285952221584,119.84027217219948,0.36835366770711636,59.155867500840856,0.0001500149448912815,1585.0,247.55548791898346,2.8829670393376355e-06,0,15901,0.1318136751651764,241,7.450580596923828e-09,3240,1.0,1.0,1.0,1.0,0.5,0.5,0.5,3240,1.0,1.0,1.0,1.0,0.5,0.5,0.5,4824,1.0,1.0,1.0,1.0,0.5,0.5,0.5
293,4.883333333333334,True,valid,0.004848364084677644,0.0039603500613250115,0.16312539090953398,113.41528742744518,113.72549197108737,1.5063453136476475,128.19192511455591,0.4914955870704835,58.893459939224606,0.0001687989298638861,1585.0,311.44132784033576,3.125310730948598e-06,0,16056,0.1292966604232788,240,7.450580596923828e-09,3240,1.0,1.0,1.0,1.0,0.5,0.5,0.5,3240,1.0,1.0,1.0,1.0,0.5,0.5,0.5,4824,1.0,1.0,1.0,1.0,0.5,0.5,0.5
294,4.9,True,valid,0.004766743482275927,0.0039557362861647235,0.16321371448023989,123.88335195376915,124.28132529938125,1.7536631945760093,137.54085376719578,0.5575627153197401,59.13971122793917,0.000189614501973349,1585.0,386.23100196598654,3.4027142711171127e-06,0,16094,0.12626630067825317,241,7.450580596923828e-09,3240,1.0,1.0,1.0,1.0,0.5,0.5,0.5,3240,1.0,1.0,1.0,1.0,0.5,0.5,0.5,4824,1.0,1.0,1.0,1.0,0.5,0.5,0.5
295,4.916666666666667,True,valid,0.004741097609863974,0.004057108079560343,0.1629379299602944,135.9828472165861,136.47881850471188,2.043620091594927,148.09888006516346,0.7120131632686504,58.22599049984179,0.00021364716596115971,1585.0,465.93157290111395,3.7396614189629075e-06,0,16122,0.12252853810787201,240,3.725290298461914e-09,3240,1.0,1.0,1.0,1.0,0.5,0.5,0.5,3240,1.0,1.0,1.0,1.0,0.5,0.5,0.5,4824,1.0,1.0,1.0,1.0,0.5,0.5,0.5
296,4.933333333333334,True,valid,0.004792335189136401,0.004248194251650366,0.1623651278586694,150.15912250392478,150.78541955624502,2.3330729577162836,160.25738376654462,0.8333650039762528,55.76437611046689,0.0002399136791763655,1585.0,497.9840521067399,4.1192318591668536e-06,0,16142,0.11806876957416534,234,7.450580596923828e-09,3240,1.0,1.0,1.0,1.0,0.5,0.5,0.5,3240,1.0,1.0,1.0,1.0,0.5,0.5,0.5,4824,1.0,1.0,1.0,1.0,0.5,0.5,0.5
297,4.95,True,valid,0.00486937325244605,0.0044898848881708775,0.16162469228642531,166.03960667612023,166.87054002177632,2.6463198959368333,174.30080550875647,1.047719011685281,52.34553056556154,0.0002699520916717965,1585.0,560.8036277362356,4.524115013372489e-06,0,16139,0.11312498152256012,234,3.725290298461914e-09,3240,1.0,1.0,1.0,1.0,0.5,0.5,0.5,3240,1.0,1.0,1.0,1.0,0.5,0.5,0.5,4824,1.0,1.0,1.0,1.0,0.5,0.5,0.5
298,4.966666666666667,True,valid,0.004890203554795653,0.004613325707525249,0.16053471587882187,184.47605368762865,185.51688719936922,3.124152760072634,190.83313349346784,1.2941906621579515,47.35933362028684,0.00030508793174838233,1585.0,694.1910196868873,4.9985497744749305e-06,0,16155,0.10802388191223145,232,3.725290298461914e-09,3240,1.0,1.0,1.0,1.0,0.5,0.5,0.5,3240,1.0,1.0,1.0,1.0,0.5,0.5,0.5,4824,1.0,1.0,1.0,1.0,0.5,0.5,0.5
299,4.983333333333333,True,valid,0.004898391955386431,0.0047533067215408354,0.15993436363717006,199.96453124352735,201.1375038143021,3.6381140758575525,205.7028493402508,1.4862609775552535,45.767477401541946,0.0003345153819659079,1585.0,821.6212451244536,5.408212141838726e-06,0,16168,0.10292652994394302,233,7.450580596923828e-09,3240,1.0,1.0,1.0,1.0,0.5,0.5,0.5,3240,1.0,1.0,1.0,1.0,0.5,0.5,0.5,4824,1.0,1.0,1.0,1.0,0.5,0.5,0.5
300,5.0,True,valid,0.004919340851190548,0.005010754269296163,0.15942344622002777,214.80031699537096,216.0646955522278,4.0009934438090475,219.82393441950717,1.6267382899485185,44.076809733106764,0.0003600418890342017,1585.0,1011.8330093559413,5.7883005275240195e-06,0,16174,0.0969427227973938,232,7.450580596923828e-09,3240,1.0,1.0,1.0,1.0,0.5,0.5,0.5,3240,1.0,1.0,1.0,1.0,0.5,0.5,0.5,4824,1.0,1.0,1.0,1.0,0.5,0.5,0.5
301,5.016666666666667,True,valid,0.005005681530785822,0.005352479395838481,0.15950088575492907,233.48988009892264,234.84021542072563,4.456361133749498,237.66594781267196,1.6592635964769702,41.29536902524111,0.00039158387600605863,1585.0,1545.3250807001914,6.25855134905724e-06,0,16177,0.09040451794862747,231,7.450580596923828e-09,3240,1.0,1.0,1.0,1.0,0.5,0.5,0.5,3240,1.0,1.0,1.0,1.0,0.5,0.5,0.5,4824,1.0,1.0,1.0,1.0,0.5,0.5,0.5
302,5.033333333333333,True,valid,0.005122212899202967,0.005623856345866763,0.16057256572557052,244.04458778702787,245.39284828912295,4.581931586853569,247.5630181972845,1.7283519103635165,38.96012947466126,0.0004065812073168115,1585.0,1413.0515604962186,6.532141065848852e-06,0,16234,0.08383619785308838,231,7.450580596923828e-09,3240,1.0,1.0,1.0,1.0,0.5,0.5,0.5,3240,1.0,1.0,1.0,1.0,0.5,0.5,0.5,4824,1.0,1.0,1.0,1.0,0.5,0.5,0.5
303,5.05,True,valid,0.005270818973263583,0.005869813735151967,0.16166168604036205,254.63192433554212,256.0517902040942,4.8605834946996564,257.797129706163,1.727653043834621,37.86464648899718,0.00042560379208384896,1585.0,1588.2966125279745,6.811534421718831e-06,0,16338,0.07726950943470001,231,5.587935447692871e-09,3240,1.0,1.0,1.0,1.0,0.5,0.5,0.5,3240,1.0,1.0,1.0,1.0,0.5,0.5,0.5,4824,1.0,1.0,1.0,1.0,0.5,0.5,0.5
304,5.066666666666666,True,valid,0.0054135494995567815,0.006148239572542444,0.1637465209772978,263.0547181513574,264.4766031451101,4.891443534595309,266.1752185280045,1.8065024290756597,38.21204566110196,0.00043699943154380653,1585.0,1459.2801009249906,7.005686871034499e-06,0,16406,0.07046657800674438,233,3.725290298461914e-09,3240,1.0,1.0,1.0,1.0,0.5,0.5,0.5,3240,1.0,1.0,1.0,1.0,0.5,0.5,0.5,4824,1.0,1.0,1.0,1.0,0.5,0.5,0.5
305,5.083333333333333,True,valid,0.005503692778075962,0.006353009376820876,0.16464732900012724,271.95671624745046,273.51228054956624,5.202432258171109,275.2805390714918,1.815856485609071,39.77904069035303,0.00045351211626464,1585.0,1628.6752591744585,7.228084531883943e-06,0,16417,0.0636487677693367,234,2.7939677238464355e-09,3240,1.0,1.0,1.0,1.0,0.5,0.5,0.5,3240,1.0,1.0,1.0,1.0,0.5,0.5,0.5,4824,1.0,1.0,1.0,1.0,0.5,0.5,0.5
306,5.1,True,valid,0.005596605550776458,0.006541947804138746,0.16511900544357078,277.4626866812819,279.0502381442562,5.239438088550655,281.0898925396058,1.8858109866765647,42.35959011752707,0.0004627066929950432,1585.0,1537.591590669828,7.35786612648097e-06,0,16409,0.05774194374680519,235,1.862645149230957e-09,3240,1.0,1.0,1.0,1.0,0.5,0.5,0.5,3240,1.0,1.0,1.0,1.0,0.5,0.5,0.5,4824,1.0,1.0,1.0,1.0,0.5,0.5,0.5
307,5.116666666666666,True,valid,0.005689920602435775,0.006651935658196608,0.16465023321850328,278.8706799859912,280.52684811016616,5.394259226992481,282.66634158651993,1.9110042667291776,43.36677066766758,0.00046678106111586556,1585.0,1574.759246746882,7.398806500039803e-06,0,16355,0.0651329979300499,236,1.0477378964424133e-09,3240,1.0,1.0,1.0,1.0,0.5,0.5,0.5,3240,1.0,1.0,1.0,1.0,0.5,0.5,0.5,4824,1.0,1.0,1.0,1.0,0.5,0.5,0.5
308,5.133333333333334,True,valid,0.005743979440027469,0.006699490496169716,0.16592640220729427,279.7339398870397,281.346805208161,5.294818367040433,283.6398403714392,1.9210284800189077,44.217852333473544,0.00046590646706305423,1585.0,1554.4614774181234,7.400003450000792e-06,0,16279,0.07263123244047165,238,3.725290298461914e-09,3240,1.0,1.0,1.0,1.0,0.5,0.5,0.5,3240,1.0,1.0,1.0,1.0,0.5,0.5,0.5,4824,1.0,1.0,1.0,1.0,0.5,0.5,0.5
309,5.15,True,valid,0.0057872202427652845,0.0067044501020144,0.16672691464786063,277.0956405912346,278.8112883587306,5.551713236073442,281.1487013333587,1.963541392761917,45.19048600665672,0.0004628650757036674,1585.0,1554.1231414398678,7.319397327239693e-06,0,16228,0.07998976856470108,239,2.7939677238464355e-09,3240,1.0,1.0,1.0,1.0,0.5,0.5,0.5,3240,1.0,1.0,1.0,1.0,0.5,0.5,0.5,4824,1.0,1.0,1.0,1.0,0.5,0.5,0.5
310,5.166666666666667,True,valid,0.0058328472278270475,0.006678983026197068,0.16736411272169988,271.7793193310393,273.40291321856046,5.1914453133554135,276.0710047662241,1.9019084219292715,46.36599883322983,0.00044974211340904126,1585.0,1328.2544654725723,7.162638126278737e-06,0,16230,0.0869995579123497,240,5.587935447692871e-09,3240,1.0,1.0,1.0,1.0,0.5,0.5,0.5,3240,1.0,1.0,1.0,1.0,0.5,0.5,0.5,4824,1.0,1.0,1.0,1.0,0.5,0.5,0.5
311,5.183333333333334,True,valid,0.005832885237442113,0.006696271276290111,0.16753915313149767,264.4202353444984,266.0630039968879,5.216207351454321,268.880717723023,1.9840223272936925,46.87387157688093,0.00044035110028925,1585.0,1380.7524286169937,6.987570737331819e-06,0,16221,0.09378951787948608,240,1.862645149230957e-09,3240,1.0,1.0,1.0,1.0,0.5,0.5,0.5,3240,1.0,1.0,1.0,1.0,0.5,0.5,0.5,4824,1.0,1.0,1.0,1.0,0.5,0.5,0.5
312,5.2,True,valid,0.005737241898542358,0.0065944375407263455,0.16862604776605783,257.9733326621243,259.56049818670743,5.009403732853801,262.36132435494045,1.8557226280171566,46.150151457259746,0.0004263422571853005,1585.0,1093.697833038201,6.800332505344116e-06,0,16244,0.10055863112211227,240,7.450580596923828e-09,3240,1.0,1.0,1.0,1.0,0.5,0.5,0.5,3240,1.0,1.0,1.0,1.0,0.5,0.5,0.5,4824,1.0,1.0,1.0,1.0,0.5,0.5,0.5
313,5.216666666666667,True,valid,0.005676336219449598,0.0066026392872088925,0.16804919027252652,249.64691976740997,251.26013942535073,5.003610417862015,254.03130109060933,1.8743147768503905,45.56697607875756,0.00041773214929197215,1585.0,1060.7323297522478,6.600052143764038e-06,0,16205,0.10739675164222717,240,3.725290298461914e-09,3240,1.0,1.0,1.0,1.0,0.5,0.5,0.5,3240,1.0,1.0,1.0,1.0,0.5,0.5,0.5,4824,1.0,1.0,1.0,1.0,0.5,0.5,0.5
314,5.233333333333333,True,valid,0.00564589901003537,0.006418615859057034,0.16998603551316804,245.6840781944046,247.26037409709042,4.905049234420059,250.37777431587358,1.7074793161390494,46.95697676097951,0.0004064640083741938,1585.0,1131.2511424587342,6.463999705498842e-06,0,16245,0.11388597637414932,245,7.450580596923828e-09,3240,1.0,1.0,1.0,1.0,0.5,0.5,0.5,3240,1.0,1.0,1.0,1.0,0.5,0.5,0.5,4824,1.0,1.0,1.0,1.0,0.5,0.5,0.5
315,5.25,True,valid,0.005641895817200127,0.006352151733771229,0.17111210372600444,231.43444753404475,232.90451510614605,4.68318094819393,236.89737597852195,1.7148338572715398,49.21666246822895,0.00038614369713864193,1585.0,976.5989663048437,6.1394592293482e-06,0,16176,0.11983023583889008,245,7.450580596923828e-09,3240,1.0,1.0,1.0,1.0,0.5,0.5,0.5,3240,1.0,1.0,1.0,1.0,0.5,0.5,0.5,4824,1.0,1.0,1.0,1.0,0.5,0.5,0.5
316,5.266666666666667,True,valid,0.005595587790749728,0.006194924424040125,0.1737311863012225,221.01532105842386,222.40775069945198,4.355414892307494,227.3391800105735,1.5872129869207785,52.23024285026892,0.0003638797506095541,1585.0,993.3546330497222,5.84735454374596e-06,0,16145,0.12516796588897705,244,7.450580596923828e-09,3240,1.0,1.0,1.0,1.0,0.5,0.5,0.5,3240,1.0,1.0,1.0,1.0,0.5,0.5,0.5,4824,1.0,1.0,1.0,1.0,0.5,0.5,0.5
317,5.283333333333333,True,valid,0.005514874148146416,0.006097161473735766,0.17491833642590576,202.56577863857973,203.76614661449864,3.88827398693995,210.00324563144966,1.440157378354629,54.59538602969186,0.0003328498689305083,1585.0,882.364227187127,5.399515141549527e-06,0,16146,0.12995000183582306,247,7.450580596923828e-09,3240,1.0,1.0,1.0,1.0,0.5,0.5,0.5,3240,1.0,1.0,1.0,1.0,0.5,0.5,0.5,4824,1.0,1.0,1.0,1.0,0.5,0.5,0.5
318,5.3,True,valid,0.005397798733680657,0.005896363895499015,0.1765862470537683,187.9752850494758,188.97738793037212,3.2795331732578505,196.08476536056233,1.3460454152460526,54.773278768210155,0.0003032237473639738,1585.0,821.0025414052807,5.0066751921628206e-06,0,16145,0.13441583514213562,245,3.725290298461914e-09,3240,1.0,1.0,1.0,1.0,0.5,0.5,0.5,3240,1.0,1.0,1.0,1.0,0.5,0.5,0.5,4824,1.0,1.0,1.0,1.0,0.5,0.5,0.5
319,5.316666666666666,True,valid,0.00535545008709175,0.005774740246068607,0.17666191848789412,170.0328637956547,170.96807853003756,3.009780248555509,178.82162726948405,1.157790361317454,54.24252275807727,0.0002737996092517964,1585.0,615.4077175679327,4.562196348103685e-06,0,16168,0.13852041959762573,246,3.725290298461914e-09,3240,1.0,1.0,1.0,1.0,0.5,0.5,0.5,3240,1.0,1.0,1.0,1.0,0.5,0.5,0.5,4824,1.0,1.0,1.0,1.0,0.5,0.5,0.5
320,5.333333333333333,True,valid,0.0053142367661879,0.005411118660056637,0.17731535714723412,154.9647558290584,155.75585555011875,2.760916702254328,165.07321122584486,1.1629294056571098,54.1226750904803,0.00024322912948070486,1585.0,555.3953514199357,4.181704989120975e-06,0,16132,0.14214643836021423,247,7.450580596923828e-09,3240,1.0,1.0,1.0,1.0,0.5,0.5,0.5,3240,1.0,1.0,1.0,1.0,0.5,0.5,0.5,4824,1.0,1.0,1.0,1.0,0.5,0.5,0.5
321,5.35,True,valid,0.0053898381629301695,0.005298906819814183,0.17674795120719694,140.53398145985236,141.12190673443405,2.036228047195123,151.4718124669775,0.849629448967455,54.06671371024542,0.00021639713228631635,1585.0,488.644012711255,3.8261163087309115e-06,0,16066,0.14550548791885376,253,7.450580596923828e-09,3240,1.0,1.0,1.0,1.0,0.5,0.5,0.5,3240,1.0,1.0,1.0,1.0,0.5,0.5,0.5,4824,1.0,1.0,1.0,1.0,0.5,0.5,0.5
322,5.366666666666666,True,valid,0.005295077020291051,0.005125592047682707,0.1769803572555145,126.99178019664548,127.41227793798036,1.641007441443433,138.5776543459096,0.7150427247824255,54.18400278800617,0.0001906433305616236,1585.0,415.92066363624485,3.4649538318133174e-06,0,16006,0.14741773903369904,254,7.450580596923828e-09,3240,1.0,1.0,1.0,1.0,0.5,0.5,0.5,3240,1.0,1.0,1.0,1.0,0.5,0.5,0.5,4824,1.0,1.0,1.0,1.0,0.5,0.5,0.5
323,5.383333333333334,True,valid,0.005134108269501073,0.004915723141761192,0.176808063277351,115.20550656973076,115.51264621139558,1.3644737263105216,128.28662770444564,0.5796218696682729,54.61174086671067,0.00016998473780442485,1585.0,335.8168259779811,3.176966221605981e-06,0,15935,0.14870679378509521,252,7.450580596923828e-09,3240,1.0,1.0,1.0,1.0,0.5,0.5,0.5,3240,1.0,1.0,1.0,1.0,0.5,0.5,0.5,4824,1.0,1.0,1.0,1.0,0.5,0.5,0.5
324,5.4,True,valid,0.004959523223166459,0.004637285485800897,0.1761832200991751,103.11341948649049,103.32151450249212,1.1017307333625466,116.94569502579276,0.41113493833322695,53.73013736216785,0.00014970761302840759,1585.0,199.35795226698107,2.8774191733488537e-06,0,15737,0.1492677927017212,249,7.450580596923828e-09,3240,1.0,1.0,1.0,1.0,0.5,0.5,0.5,3240,1.0,1.0,1.0,1.0,0.5,0.5,0.5,4824,1.0,1.0,1.0,1.0,0.5,0.5,0.5
325,5.416666666666667,True,valid,0.004851132456392132,0.004313803455291112,0.17566496187840183,95.72505588331745,95.88655970187436,0.9893474723214083,109.35338053342993,0.3421366195834227,51.80614075710243,0.00013538195593846062,1585.0,222.09940652114787,2.672217151612929e-06,0,15618,0.14917241036891937,244,7.450580596923828e-09,3240,1.0,1.0,1.0,1.0,0.5,0.5,0.5,3240,1.0,1.0,1.0,1.0,0.5,0.5,0.5,4824,1.0,1.0,1.0,1.0,0.5,0.5,0.5
326,5.433333333333334,True,valid,0.004911847068749368,0.00411032071394524,0.17344478328776858,97.35669659460758,97.5287570819806,1.0595907075554452,110.51422642248787,0.2974039217216477,52.862770258358545,0.00013763387262057054,1585.0,301.5108464969518,2.718219622541848e-06,0,15734,0.14819592237472534,250,7.450580596923828e-09,3240,1.0,1.0,1.0,1.0,0.5,0.5,0.5,3240,1.0,1.0,1.0,1.0,0.5,0.5,0.5,4824,1.0,1.0,1.0,1.0,0.5,0.5,0.5
327,5.45,True,valid,0.004884492509976744,0.003930928264803903,0.17257749394117686,101.59918590862752,101.8022229870861,1.1479754711972963,112.13816037866614,0.3784746242615037,47.31621086000127,0.00014489869638468933,1585.0,226.85649959695127,2.814916508299316e-06,0,15893,0.14639228582382202,251,7.450580596923828e-09,3240,1.0,1.0,1.0,1.0,0.5,0.5,0.5,3240,1.0,1.0,1.0,1.0,0.5,0.5,0.5,4824,1.0,1.0,1.0,1.0,0.5,0.5,0.5
328,5.466666666666667,True,valid,0.004752945764893739,0.0037738063401107284,0.1722030310800032,109.30559942931767,109.58903740628404,1.3700136893713801,117.770593673017,0.43024922749330724,43.15691431080973,0.00016246784731186923,1585.0,288.40477577172993,3.0239116066388042e-06,0,16117,0.14376932382583618,248,7.450580596923828e-09,3240,1.0,1.0,1.0,1.0,0.5,0.5,0.5,3240,1.0,1.0,1.0,1.0,0.5,0.5,0.5,4824,1.0,1.0,1.0,1.0,0.5,0.5,0.5
329,5.483333333333333,True,valid,0.004631150925703756,0.003783213597860815,0.17116118163976768,119.34261952160246,119.71617156878787,1.623297908689534,126.17921451491794,0.5338235252566356,40.87877917628407,0.00018323572040739714,1585.0,349.46921974174734,3.290698113715193e-06,0,16136,0.14022840559482574,253,7.450580596923828e-09,3240,1.0,1.0,1.0,1.0,0.5,0.5,0.5,3240,1.0,1.0,1.0,1.0,0.5,0.5,0.5,4824,1.0,1.0,1.0,1.0,0.5,0.5,0.5
330,5.5,True,valid,0.004616925491434035,0.003907966600585689,0.16988649198064296,132.31654288029867,132.78907870844864,1.8982337233594415,138.04260241649393,0.6625508455574463,39.789423483716945,0.0002079315783855172,1585.0,416.33786307177235,3.64188089185682e-06,0,16153,0.1355055719614029,255,7.450580596923828e-09,3240,1.0,1.0,1.0,1.0,0.5,0.5,0.5,3240,1.0,1.0,1.0,1.0,0.5,0.5,0.5,4824,1.0,1.0,1.0,1.0,0.5,0.5,0.5
331,5.516666666666667,True,valid,0.004728209789211547,0.004157166954922956,0.16837530704955525,147.16794314464963,147.76720853514576,2.197856194736079,152.10928336433935,0.8255494789135038,38.39605523770136,0.00023557879636069488,1585.0,507.2964247188668,4.046905061631184e-06,0,16147,0.13107287883758545,250,3.725290298461914e-09,3240,1.0,1.0,1.0,1.0,0.5,0.5,0.5,3240,1.0,1.0,1.0,1.0,0.5,0.5,0.5,4824,1.0,1.0,1.0,1.0,0.5,0.5,0.5
332,5.533333333333333,True,valid,0.0048169460119916255,0.004383893022430806,0.16747847181369654,163.39408208728068,164.20204313050576,2.5651836970355606,167.47225943256444,1.0363064253209158,36.11851018274144,0.00026850130662248867,1585.0,525.5648035375812,4.481281714649518e-06,0,16146,0.1268368363380432,254,3.725290298461914e-09,3240,1.0,1.0,1.0,1.0,0.5,0.5,0.5,3240,1.0,1.0,1.0,1.0,0.5,0.5,0.5,4824,1.0,1.0,1.0,1.0,0.5,0.5,0.5
333,5.55,True,valid,0.004828409257879686,0.004555129829763852,0.16731542652920856,178.71587659745498,179.733697211222,3.032840543974303,182.15442625799713,1.277882562701405,33.552778973158055,0.0002996558051768789,1585.0,635.9178467633855,4.890488647570039e-06,0,16161,0.12191247195005417,254,3.725290298461914e-09,3240,1.0,1.0,1.0,1.0,0.5,0.5,0.5,3240,1.0,1.0,1.0,1.0,0.5,0.5,0.5,4824,1.0,1.0,1.0,1.0,0.5,0.5,0.5
334,5.566666666666666,True,valid,0.004828530953574746,0.004775302871371245,0.16764212184140456,196.78974288916015,197.91653891312052,3.543916072548614,199.6401101720194,1.4614737424640019,30.798230365969044,0.00033166298725238557,1585.0,757.160489075924,5.352440137525742e-06,0,16171,0.11669223010540009,258,7.450580596923828e-09,3240,1.0,1.0,1.0,1.0,0.5,0.5,0.5,3240,1.0,1.0,1.0,1.0,0.5,0.5,0.5,4824,1.0,1.0,1.0,1.0,0.5,0.5,0.5
335,5.583333333333333,True,valid,0.004854738568777929,0.005073568222039581,0.1678917306136824,215.0482164006291,216.3064257137769,4.0201394469234035,217.6082297783009,1.5769483189971798,29.393503486174414,0.00035940909514557446,1585.0,1199.7178548814618,5.810538789881505e-06,0,16175,0.11109723895788193,259,3.725290298461914e-09,3240,1.0,1.0,1.0,1.0,0.5,0.5,0.5,3240,1.0,1.0,1.0,1.0,0.5,0.5,0.5,4824,1.0,1.0,1.0,1.0,0.5,0.5,0.5
336,5.6,True,valid,0.004905653483596177,0.005370689828980118,0.16685249880370207,228.59768175722215,229.86578397181285,4.276197693827532,231.1276178976711,1.6493356967312431,29.836312261833445,0.000381933598932612,1585.0,1290.2150394733324,6.164709611289993e-06,0,16175,0.10589054971933365,255,7.450580596923828e-09,3240,1.0,1.0,1.0,1.0,0.5,0.5,0.5,3240,1.0,1.0,1.0,1.0,0.5,0.5,0.5,4824,1.0,1.0,1.0,1.0,0.5,0.5,0.5
337,5.616666666666666,True,valid,0.004940679725691223,0.0055622537638214415,0.1662814272906803,237.9473403163686,239.28786198836474,4.4963420683162205,240.25603839636554,1.693221040858048,29.036044067083193,0.0003941537329446214,1585.0,1490.4260503050536,6.386802024847267e-06,0,16271,0.09993996471166611,247,7.450580596923828e-09,3240,1.0,1.0,1.0,1.0,0.5,0.5,0.5,3240,1.0,1.0,1.0,1.0,0.5,0.5,0.5,4824,1.0,1.0,1.0,1.0,0.5,0.5,0.5
338,5.633333333333334,True,valid,0.005012854259763632,0.005823684827708431,0.16590402624589023,246.83384124315612,248.21003619442575,4.6238039791345855,248.91424149752723,1.7307390355367043,28.45290674167323,0.00041283087654866307,1585.0,1440.1881572514985,6.630568187891333e-06,0,16405,0.09317457675933838,247,5.587935447692871e-09,3240,1.0,1.0,1.0,1.0,0.5,0.5,0.5,3240,1.0,1.0,1.0,1.0,0.5,0.5,0.5,4824,1.0,1.0,1.0,1.0,0.5,0.5,0.5
339,5.65,True,valid,0.005116770830579043,0.006106084980197566,0.1662453672548782,257.31989121141316,258.82571392214186,4.938213393937497,259.063215841607,1.8037771572582788,26.596465800836086,0.0004302998501056516,1585.0,1501.161092039168,6.8872322144189485e-06,0,16414,0.08612333238124847,245,1.862645149230957e-09,3240,1.0,1.0,1.0,1.0,0.5,0.5,0.5,3240,1.0,1.0,1.0,1.0,0.5,0.5,0.5,4824,1.0,1.0,1.0,1.0,0.5,0.5,0.5
340,5.666666666666667,True,valid,0.005241454308582553,0.006354636811962137,0.16663119433437087,264.3281140158371,265.9516798995458,5.180288343033026,265.9924503866854,1.8093573895229753,26.292135206936074,0.00044789487923867064,1585.0,1517.9416398335377,7.076933133637688e-06,0,16405,0.07890354841947556,246,2.7939677238464355e-09,3240,1.0,1.0,1.0,1.0,0.5,0.5,0.5,3240,1.0,1.0,1.0,1.0,0.5,0.5,0.5,4824,1.0,1.0,1.0,1.0,0.5,0.5,0.5
341,5.683333333333334,True,valid,0.005449565288361252,0.00651893961492599,0.16783302685593923,271.0365044560735,272.7263736585231,5.518892972442705,272.73225317079067,1.9151044398462802,27.35391201848984,0.0004591277028219011,1585.0,1484.1318843781464,7.239730050730576e-06,0,16347,0.07166333496570587,247,3.725290298461914e-09,3240,1.0,1.0,1.0,1.0,0.5,0.5,0.5,3240,1.0,1.0,1.0,1.0,0.5,0.5,0.5,4824,1.0,1.0,1.0,1.0,0.5,0.5,0.5
342,5.7,True,valid,0.005673308699722547,0.006719386262466251,0.16825001308781223,273.2775754845716,274.88302327146573,5.550571320580368,275.2618363731755,1.9485198533183439,30.706690009817272,0.0004636336694239871,1585.0,1462.8371381312038,7.315239818345835e-06,0,16354,0.064507395029068,252,2.561137080192566e-09,3240,1.0,1.0,1.0,1.0,0.5,0.5,0.5,3240,1.0,1.0,1.0,1.0,0.5,0.5,0.5,4824,1.0,1.0,1.0,1.0,0.5,0.5,0.5
343,5.716666666666667,True,valid,0.005718112992092379,0.006715193178452112,0.1688122103970731,270.83684412902863,272.4419790044394,5.532406532004161,272.8743490742235,2.042011156559209,30.46988319261725,0.0004552622972868311,1585.0,1277.340008679065,7.2028449838089445e-06,0,16269,0.05734284594655037,252,2.7939677238464355e-09,3240,1.0,1.0,1.0,1.0,0.5,0.5,0.5,3240,1.0,1.0,1.0,1.0,0.5,0.5,0.5,4824,1.0,1.0,1.0,1.0,0.5,0.5,0.5
344,5.733333333333333,True,valid,0.005664153119690525,0.006692705261722391,0.16831647854576653,267.8631232131234,269.44054309401827,5.3920629398677615,270.01760802943176,1.9303350972481648,30.82023531897714,0.00045068069090254586,1585.0,1202.4609177700083,7.129768647051545e-06,0,16253,0.06265353411436081,254,1.862645149230957e-09,3240,1.0,1.0,1.0,1.0,0.5,0.5,0.5,3240,1.0,1.0,1.0,1.0,0.5,0.5,0.5,4824,1.0,1.0,1.0,1.0,0.5,0.5,0.5
345,5.75,True,valid,0.0056313530467033855,0.00670376878029852,0.16808783755803783,262.13345013760363,263.73042766060314,5.2968693311123785,264.3053320863496,2.076763763713869,31.425206923795095,0.00043985048199181716,1585.0,1097.810444266517,6.9868971693030465e-06,0,16219,0.06984429061412811,251,3.725290298461914e-09,3240,1.0,1.0,1.0,1.0,0.5,0.5,0.5,3240,1.0,1.0,1.0,1.0,0.5,0.5,0.5,4824,1.0,1.0,1.0,1.0,0.5,0.5,0.5
346,5.766666666666667,True,valid,0.005681720369401628,0.006791012364541188,0.16696858240808246,257.34715268986014,258.7694648473827,4.883809662963956,259.4090585673297,1.8645779040811816,31.186484719672368,0.0004286956244185611,1585.0,1029.0265575856556,6.8746712813112625e-06,0,16279,0.07680480927228928,251,3.725290298461914e-09,3240,1.0,1.0,1.0,1.0,0.5,0.5,0.5,3240,1.0,1.0,1.0,1.0,0.5,0.5,0.5,4824,1.0,1.0,1.0,1.0,0.5,0.5,0.5
347,5.783333333333333,True,valid,0.0057090528106845655,0.00673686367116381,0.16676220937894207,250.55257479741525,251.9485616519531,4.799022843296598,252.62228370734283,1.9645865355497696,32.41664105704269,0.0004156902940511444,1585.0,1023.8972811567919,6.684194210815627e-06,0,16226,0.0836697444319725,249,5.587935447692871e-09,3240,1.0,1.0,1.0,1.0,0.5,0.5,0.5,3240,1.0,1.0,1.0,1.0,0.5,0.5,0.5,4824,1.0,1.0,1.0,1.0,0.5,0.5,0.5
348,5.8,True,valid,0.005779734967162264,0.006739007499015624,0.1665519463115958,250.98548796638718,252.33419388312845,4.733344729186459,253.08917664539644,1.7384102142081608,31.81160311201515,0.0004153662382340132,1585.0,927.9558228063075,6.677090095644611e-06,0,16244,0.090364970266819,247,7.450580596923828e-09,3240,1.0,1.0,1.0,1.0,0.5,0.5,0.5,3240,1.0,1.0,1.0,1.0,0.5,0.5,0.5,4824,1.0,1.0,1.0,1.0,0.5,0.5,0.5
349,5.816666666666666,True,valid,0.005797908777488433,0.006571667752665015,0.167448198314934,240.04767071251038,241.45815105145581,4.771078758137851,242.08661717169517,1.8932158760889806,31.260349368275655,0.00039762708902134185,1585.0,947.5032374995884,6.384170522679646e-06,0,16232,0.0967562273144722,247,3.725290298461914e-09,3240,1.0,1.0,1.0,1.0,0.5,0.5,0.5,3240,1.0,1.0,1.0,1.0,0.5,0.5,0.5,4824,1.0,1.0,1.0,1.0,0.5,0.5,0.5
350,5.833333333333333,True,valid,0.00584311806551581,0.006338416381800208,0.17031117225799688,238.67263913251756,240.11383784959432,4.751603464673254,240.66769167237086,1.6365431124372087,31.004027248251962,0.00039331806037110355,1585.0,1175.365094157395,6.307448377912042e-06,0,16190,0.10286366939544678,249,3.725290298461914e-09,3240,1.0,1.0,1.0,1.0,0.5,0.5,0.5,3240,1.0,1.0,1.0,1.0,0.5,0.5,0.5,4824,1.0,1.0,1.0,1.0,0.5,0.5,0.5
351,5.85,True,valid,0.005836209442355643,0.0063172650773777725,0.17005447320300965,225.40237481626698,226.78123163061497,4.5144588859156185,227.6272978403385,1.7520758049045277,31.71648487200533,0.0003752217177483901,1585.0,984.8441050590524,5.988379689912852e-06,0,16211,0.10863835364580154,252,3.725290298461914e-09,3240,1.0,1.0,1.0,1.0,0.5,0.5,0.5,3240,1.0,1.0,1.0,1.0,0.5,0.5,0.5,4824,1.0,1.0,1.0,1.0,0.5,0.5,0.5
352,5.866666666666666,True,valid,0.005737739703287389,0.006172561113070911,0.1709957099877635,217.10517001691176,218.39302057101153,4.120848250339157,219.76097070867732,1.4626864320066113,34.11643482277888,0.0003553991429323208,1585.0,934.0475039848332,5.748549112032021e-06,0,16151,0.11385779082775116,256,7.450580596923828e-09,3240,1.0,1.0,1.0,1.0,0.5,0.5,0.5,3240,1.0,1.0,1.0,1.0,0.5,0.5,0.5,4824,1.0,1.0,1.0,1.0,0.5,0.5,0.5
353,5.883333333333334,True,valid,0.005571188825855834,0.0060712146645491615,0.16856052314524597,193.4233089393745,194.45687433640805,3.4523400271320823,196.46621520371602,1.3985079605836823,34.56847438181071,0.0003141011969825623,1585.0,768.3380078371671,5.160131631689012e-06,0,16148,0.1185733899474144,257,3.725290298461914e-09,3240,1.0,1.0,1.0,1.0,0.5,0.5,0.5,3240,1.0,1.0,1.0,1.0,0.5,0.5,0.5,4824,1.0,1.0,1.0,1.0,0.5,0.5,0.5
354,5.9,True,valid,0.005475987831814064,0.005865912000733625,0.16820392365401557,175.59920483831522,176.4505996260598,2.9085258472526827,179.0979344107938,1.1890008595911994,34.15623751841838,0.00028030818660545873,1585.0,642.3376214691579,4.701813875801724e-06,0,16148,0.12271786481142044,257,3.725290298461914e-09,3240,1.0,1.0,1.0,1.0,0.5,0.5,0.5,3240,1.0,1.0,1.0,1.0,0.5,0.5,0.5,4824,1.0,1.0,1.0,1.0,0.5,0.5,0.5
355,5.916666666666667,True,valid,0.005475935062937966,0.005687880558006212,0.16763040677668284,159.34267155024864,160.11350568598036,2.698954427491598,163.17221359851914,1.102771418231501,34.67269428702002,0.00025202191811525586,1585.0,522.0859857010034,4.306547781851282e-06,0,16087,0.1266772747039795,253,7.450580596923828e-09,3240,1.0,1.0,1.0,1.0,0.5,0.5,0.5,3240,1.0,1.0,1.0,1.0,0.5,0.5,0.5,4824,1.0,1.0,1.0,1.0,0.5,0.5,0.5
356,5.933333333333334,True,valid,0.00542623191656123,0.005359956741130587,0.16827810566826337,143.16492880779208,143.77061705780267,2.1914745175062733,147.50867849374524,0.9028124846338539,34.73429270616312,0.00022205743372062027,1585.0,457.09520165783437,3.902266836069515e-06,0,16046,0.12985192239284515,253,7.450580596923828e-09,3240,1.0,1.0,1.0,1.0,0.5,0.5,0.5,3240,1.0,1.0,1.0,1.0,0.5,0.5,0.5,4824,1.0,1.0,1.0,1.0,0.5,0.5,0.5
357,5.95,True,valid,0.005371863614502252,0.005187892303396538,0.16922890579946182,129.5831449030671,130.05500713382656,1.8100042205556413,134.73165009004344,0.7589609104538044,36.23230174236739,0.0001972127627401088,1585.0,440.37928095778057,3.546239898604331e-06,0,15990,0.13239774107933044,251,7.450580596923828e-09,3240,1.0,1.0,1.0,1.0,0.5,0.5,0.5,3240,1.0,1.0,1.0,1.0,0.5,0.5,0.5,4824,1.0,1.0,1.0,1.0,0.5,0.5,0.5
358,5.966666666666667,True,valid,0.005219434772580917,0.00481783282966118,0.17052157249595667,120.55127673660739,120.93188589192948,2.0413877649506325,126.38516352796168,0.6249907989367026,36.20880768151495,0.00017811578175716352,1585.0,562.1185624173459,3.3023680167191906e-06,0,15957,0.1341562569141388,248,7.450580596923828e-09,3240,1.0,1.0,1.0,1.0,0.5,0.5,0.5,3240,1.0,1.0,1.0,1.0,0.5,0.5,0.5,4824,1.0,1.0,1.0,1.0,0.5,0.5,0.5
359,5.983333333333333,True,valid,0.005127077391289292,0.004504332195281347,0.16887399073557716,108.39573170292111,108.6445974909449,1.3187983771165763,115.07590075023455,0.49407338474996754,37.94251710420928,0.00015816519797863017,1585.0,471.1636917256139,3.031614477783467e-06,0,15755,0.13512803614139557,246,7.450580596923828e-09,3240,1.0,1.0,1.0,1.0,0.5,0.5,0.5,3240,1.0,1.0,1.0,1.0,0.5,0.5,0.5,4824,1.0,1.0,1.0,1.0,0.5,0.5,0.5
360,6.0,True,valid,0.005013998946823249,0.0042890855251370135,0.16748782966750378,99.28789598511104,99.48802746342447,1.311341749817587,107.78507680572065,0.5939676631061392,40.940597615686514,0.00014003843552393754,1585.0,681.5956343801656,2.7671987814050495e-06,0,15601,0.13559071719646454,244,7.450580596923828e-09,3240,1.0,1.0,1.0,1.0,0.5,0.5,0.5,3240,1.0,1.0,1.0,1.0,0.5,0.5,0.5,4824,1.0,1.0,1.0,1.0,0.5,0.5,0.5
