step,time_s,residual_l2_N,residual_rms_N,initial_residual_l2_N,relative_to_initial,max_vertex_residual_N,min_det_F,max_free_speed_m_s,free_vertices,elastic_l2_N,damping_l2_N,inertia_l2_N
1,0.00333333341,4.52884685e-05,2.89337412e-06,4.53134777e-05,0.999448085,6.18787944e-06,0.999999988,6.39859055e-09,245,4.53074772e-05,6.52273253e-07,6.13605586e-07
2,0.00666666683,4.52837499e-05,2.89307266e-06,4.53284048e-05,0.999014859,6.18787944e-06,0.999999988,1.07814149e-08,245,4.52981457e-05,1.07823458e-06,4.22944672e-07
3,0.0100000002,4.52815542e-05,2.89293238e-06,4.53351621e-05,0.998817521,6.18787944e-06,0.999999988,1.35818814e-08,245,4.5287709e-05,1.33689485e-06,2.82750859e-07
4,0.0133333337,4.52804631e-05,2.89286268e-06,4.53336691e-05,0.998826349,6.18787944e-06,0.999999988,1.51553579e-08,245,4.52776782e-05,1.47314498e-06,1.82961523e-07
5,0.0166666671,4.52795178e-05,2.89280228e-06,4.53263484e-05,0.998966812,6.18787944e-06,0.999999988,1.57918301e-08,245,4.52688887e-05,1.52104057e-06,1.18709143e-07
6,0.0200000005,0.0206543132,0.00131955567,15.8624613,0.00130208754,0.00367850187,0.964940855,0.0371227097,245,14.1531415,7.21116989,7.95238727
7,0.0233333339,0.0241704596,0.00154419402,21.7970339,0.00110888756,0.00456770122,0.967087175,0.0506083812,245,11.9779298,8.90262764,4.59058723
8,0.0266666673,0.0241393424,0.00154220601,23.7106214,0.00101808139,0.00463067384,0.96994887,0.0537608787,245,9.82473616,8.67404728,2.98917751
9,0.0300000007,0.0249015458,0.0015909014,23.8271494,0.00104509127,0.00439647936,0.973273415,0.0534296036,245,7.88181711,7.77410121,2.23100304
10,0.0333333341,0.022083963,0.00141089264,23.1185381,0.000955249111,0.00408508155,0.976832016,0.0501036644,245,6.21192474,6.67907884,1.88378039
11,0.0366666676,0.023726021,0.00151579988,35.8335833,0.000662116898,0.00417627685,0.945224751,0.0815240977,245,18.7716986,12.1422193,7.63892284
12,0.040000001,0.0243234237,0.00155396654,40.6952808,0.000597696421,0.00453512312,0.950848803,0.0901850825,245,15.4000127,12.9841676,4.30484388
13,0.0433333344,0.0224789564,0.00143612784,41.6072699,0.000540265113,0.00400451233,0.956915417,0.0892281532,245,12.2818886,11.9970552,2.97173693
14,0.0466666678,0.0232848477,0.00148761435,40.6924221,0.000572215819,0.00423097002,0.96226792,0.0849573821,245,9.58079197,10.432776,2.56976216
15,0.0500000012,0.0243411834,0.00155510117,38.9204596,0.000625408427,0.00413753379,0.967253258,0.0816654724,245,7.32966045,8.78513758,2.49405293
16,0.0533333346,0.0245481105,0.00156832125,48.7748934,0.000503293985,0.00426338835,0.937398433,0.102823695,245,19.3200625,13.4183977,6.51935313
17,0.056666668,0.0238804305,0.00152566474,52.2800434,0.000456779086,0.00476365784,0.944243437,0.10801229,245,15.5766893,13.9341603,3.09443548
18,0.0600000015,0.0239132629,0.00152776232,52.1439871,0.000458600582,0.0044496478,0.951000226,0.103461742,245,12.1831015,12.6994855,2.1474372
19,0.0633333349,0.0232730603,0.00148686129,50.2195783,0.000463426041,0.00452068557,0.957358825,0.102447377,245,9.28904816,10.9467756,2.37163609
20,0.0666666683,0.0222679827,0.00142264923,47.4034365,0.000469754607,0.00469746919,0.963152402,0.0985417564,245,6.91719577,9.15959742,2.74199824
21,0.0700000017,0.0233246698,0.00149015849,55.1392397,0.00042301399,0.00404998517,0.933943713,0.110531848,245,18.8403425,13.5173059,5.59166352
22,0.0733333351,0.0237768187,0.00151904522,57.3657856,0.000414477348,0.00395866122,0.941287032,0.113643355,245,15.0223669,13.9529325,1.79683896
23,0.0766666685,0.0229372405,0.00146540654,56.1732046,0.000408330638,0.00432301623,0.948403834,0.109830563,245,11.5858513,12.6634379,1.41919539
24,0.0800000019,0.0202733999,0.00129522001,53.2507183,0.000380715988,0.00362121687,0.954996114,0.106470991,245,8.68215108,10.8702682,2.40132577
25,0.0833333354,0.0242891958,0.00155177979,49.453634,0.000491150878,0.0052008898,0.960916054,0.100290235,245,6.33698399,9.05783706,3.09579644
26,0.0866666688,0.0238215937,0.0015219058,55.9526283,0.000425745751,0.00373896492,0.931740743,0.110642949,245,18.3514932,13.3664621,5.16734539
27,0.0900000022,0.0231535764,0.00147922774,57.2850909,0.000404181543,0.00375383994,0.939038743,0.112822907,245,14.5428337,13.780441,1.10773996
28,0.0933333356,0.0234519824,0.00149829219,55.3184302,0.000423945189,0.00418150387,0.946041104,0.106380194,245,11.1265958,12.4753209,1.38812386
29,0.096666669,0.0236379113,0.00151017075,51.6854424,0.000457341761,0.00425603435,0.952461722,0.101941387,245,8.25947553,10.6660371,2.63867576
30,0.100000002,0.0216877537,0.00138557976,47.2421981,0.00045907588,0.00406833882,0.958164701,0.0949375352,245,5.97338979,8.83670464,3.39252386
31,0.103333336,0.0240420192,0.00153598826,53.4285694,0.000449984333,0.00473128744,0.928734282,0.107445556,245,18.0590792,13.1785807,5.09429144
32,0.106666669,0.0223349776,0.00142692938,54.4323011,0.000410325803,0.00418094564,0.935750947,0.109379558,245,14.270409,13.5894809,1.09378929
33,0.110000003,0.0216814163,0.00138517488,52.1421022,0.000415814004,0.00457347415,0.9424529,0.101674714,245,10.8777371,12.2733561,1.51401049
34,0.113333336,0.0218703717,0.00139724679,48.2259703,0.000453497805,0.00444443501,0.948558837,0.0949216663,245,8.040454,10.451935,2.72579068
35,0.116666669,0.0226097554,0.00144448428,43.5603382,0.000519044532,0.00417408977,0.95393995,0.087928822,245,5.79180206,8.60888515,3.4393422
36,0.120000003,0.0221016307,0.00141202139,50.1025808,0.000441127589,0.00402116277,0.924192433,0.103847053,245,17.9143607,13.0004078,5.1326316
37,0.123333336,0.0220737816,0.00141024218,51.2200578,0.000430959716,0.00378930126,0.930899136,0.106234695,245,14.1351582,13.4134597,1.15518371
38,0.12666667,0.0216434084,0.00138274664,48.9729061,0.000441946581,0.00435094768,0.937300681,0.098669529,245,10.7507267,12.096614,1.44790479
39,0.130000003,0.021621415,0.00138134153,45.1039919,0.000479368102,0.00348543136,0.943122869,0.0890456938,245,7.92168069,10.2698764,2.61976778
40,0.133333337,0.0232900614,0.00148794744,40.5204437,0.00057477311,0.00454624348,0.948236952,0.0821631183,245,5.67876715,8.42131826,3.29649615
41,0.13666667,0.0236559169,0.00151132109,47.6416021,0.000496539072,0.0040751033,0.918243854,0.101548076,245,17.8410599,12.8420587,5.20712639
42,0.140000003,0.0224608484,0.00143497097,49.0588476,0.000457834815,0.00363618736,0.924728845,0.104409602,245,14.0595167,13.2583325,1.2112569
43,0.143333337,0.0209291532,0.00133711455,47.0222089,0.000445090813,0.00410837916,0.930939636,0.0971674919,245,10.6717592,11.9443096,1.31126755
44,0.14666667,0.0217991226,0.00139269485,43.3483616,0.000502882272,0.00425898664,0.936594931,0.0871539116,245,7.83809139,10.1211189,2.46257327
45,0.150000004,0.0225857326,0.00144294953,38.9743947,0.00057950182,0.00403783464,0.941565982,0.0789964956,245,5.58545844,8.2788918,3.12000126
46,0.153333337,0.0221528205,0.00141529179,46.5394782,0.000476000621,0.0037612239,0.91145607,0.100833535,245,17.7863566,12.6981181,5.30220866
47,0.15666667,0.0241202393,0.00154098557,48.2327815,0.000500079792,0.00403420319,0.917855231,0.103981367,245,13.9949928,13.1169744,1.32951813
48,0.160000004,0.024136134,0.00154200104,46.4172351,0.000519982157,0.00430140833,0.924006436,0.096988678,245,10.5971846,11.8129865,1.24741904
49,0.163333337,0.0215889149,0.00137926518,42.9513129,0.000502636903,0.00432712095,0.929623584,0.0871181489,245,7.75427594,9.99832096,2.36688492
50,0.166666671,0.0240050191,0.00153362442,38.7822154,0.000618969775,0.00441182136,0.934575543,0.0784788302,245,5.49144597,8.16507504,3.01162644
51,0.170000004,0.0238008917,0.00152058319,46.5349659,0.000511462537,0.0043649161,0.904470398,0.1011569,245,17.7177669,12.552331,5.38450742
52,0.173333338,0.0209104982,0.00133592273,48.3957173,0.000432073319,0.00436238938,0.91089817,0.104483515,245,13.9133263,12.9783929,1.44439806
53,0.176666671,0.0213912844,0.00136663903,46.7354866,0.000457709675,0.00371445721,0.917092291,0.0975966455,245,10.5047671,11.683639,1.2561795
54,0.180000004,0.0229829221,0.00146832503,43.4118171,0.000529416266,0.00345860505,0.92276189,0.0877261162,245,7.65440716,9.88086027,2.34162618
55,0.183333338,0.0226996987,0.00145023055,39.3762984,0.000576481275,0.00394394131,0.92777107,0.0796627823,245,5.38701741,8.06087995,2.98256208
56,0.186666671,0.0236558332,0.00151131575,47.1022063,0.000502223464,0.0039947357,0.89773748,0.101909383,245,17.6221356,12.4110075,5.43382498
57,0.190000005,0.0217125791,0.0013871658,49.0173727,0.000442956811,0.00367633962,0.90424393,0.105342811,245,13.8029565,12.8420389,1.48882851
58,0.193333338,0.0223123833,0.00142548588,47.4205493,0.000470521402,0.00427189915,0.910519114,0.098347664,245,10.383133,11.5567229,1.2692361
59,0.196666671,0.0207076035,0.00132296026,44.1522263,0.000469004742,0.00356794883,0.91627216,0.0885758916,245,7.52657268,9.76675572,2.35579334
60,0.200000005,0.0214555698,0.00137074607,40.1556787,0.000534309728,0.00375259867,0.921362372,0.0815240853,245,5.25929883,7.95957946,3.00845277
61,0.203333338,0.0223967169,0.00143087376,47.7369717,0.000469169202,0.00384004794,0.891407442,0.102589328,245,17.4977445,12.2680667,5.4460116
62,0.206666672,0.0216807935,0.00138513509,49.6204394,0.000436932718,0.00409945983,0.89799257,0.106022616,245,13.6647194,12.7043878,1.46684947
63,0.210000005,0.0204166025,0.00130436889,48.0070847,0.000425283114,0.00356196376,0.904341663,0.0989556314,245,10.2349325,11.4289993,1.27243368
64,0.213333338,0.0225218669,0.0014388693,44.7157854,0.000503667032,0.0046101648,0.910159082,0.0893695322,245,7.3749634,9.64927234,2.38990055
65,0.216666672,0.0238182015,0.00152168907,40.6838883,0.000585445553,0.00405484131,0.91530416,0.0829652066,245,5.112468,7.85383529,3.05871506
66,0.220000005,0.021823384,0.00139424486,48.1027893,0.000453682298,0.00404784276,0.885404056,0.102982408,245,17.3550837,12.1241018,5.43662093
67,0.223333339,0.0221977394,0.00141816155,49.9164618,0.000444697774,0.004048114,0.892034484,0.106343967,245,13.5113474,12.5624979,1.42029603
68,0.226666672,0.0227752758,0.001455059,48.2476747,0.000472049191,0.00436512239,0.898421724,0.0991702081,245,10.0751319,11.2941832,1.27483682
69,0.230000006,0.0212734612,0.00135911158,44.8963373,0.000473835117,0.00416077032,0.904267753,0.0897346139,245,7.2155722,9.52328716,2.42793461
70,0.233333339,0.0224011944,0.00143115981,40.799722,0.000549052624,0.00429765599,0.909429521,0.0835912637,245,4.96250692,7.73717035,3.11268958
71,0.236666672,0.0211669727,0.00135230828,48.1054754,0.000440011714,0.00334803142,0.879541337,0.103040911,245,17.2136149,11.9810146,5.43409173
72,0.240000006,0.0227815931,0.00145546259,49.8619616,0.000456893238,0.0041257621,0.886181301,0.106414596,245,13.3602464,12.4227412,1.38495799
73,0.243333339,0.0211686968,0.00135241843,48.1384062,0.000439746525,0.00445492947,0.892568542,0.0991344453,245,9.9179666,11.1620974,1.28030631
74,0.246666673,0.0226968811,0.00145005054,44.7297018,0.000507423036,0.0038509252,0.898407419,0.0895718519,245,7.05911698,9.39775485,2.45996729
75,0.250000006,0.021783761,0.00139171344,40.5756977,0.000536867196,0.00390271024,0.903552497,0.0834157859,245,4.81585467,7.61758607,3.15388092
76,0.253333339,0.0202722414,0.00129514599,47.8359539,0.000423786706,0.0037888868,0.87364524,0.102837602,245,17.0771139,11.8341164,5.43941869
77,0.256666673,0.0216596393,0.0013837836,49.5679734,0.000436968426,0.00422712914,0.88026613,0.10623478,245,13.2160555,12.2792139,1.37321098
78,0.260000006,0.0226571516,0.00144751232,47.8155741,0.0004738446,0.00413915025,0.886627163,0.0989556314,245,9.76931978,11.0259687,1.28658297
79,0.26333334,0.0218460029,0.00139568993,44.3754374,0.000492299439,0.00382465366,0.892435046,0.0892031183,245,6.91214762,9.26823432,2.47940422
80,0.266666673,0.0212566851,0.00135803979,40.1900319,0.000528904408,0.00439941135,0.897544361,0.0827593419,245,4.67815491,7.49489825,3.17719179
81,0.270000007,0.0209243015,0.00133680458,47.4586967,0.000440894987,0.00409855534,0.867603725,0.102586446,245,16.9499676,11.6894611,5.45839735
82,0.27333334,0.0213581352,0.0013645212,49.2024193,0.000434087093,0.00407519762,0.874193603,0.106019314,245,13.0814502,12.1353199,1.38176142
83,0.276666673,0.0202486701,0.00129364008,47.4497943,0.000426738837,0.00356864933,0.880526007,0.0987410546,245,9.63042792,10.8891135,1.28959406
84,0.280000007,0.0203900844,0.00130267471,44.0065141,0.000463342412,0.00358477407,0.886302895,0.0888040727,245,6.77437582,9.1389465,2.48594046
85,0.28333334,0.0214807592,0.00137235536,39.8202628,0.000539442929,0.00371330419,0.891378832,0.0820785293,245,4.54773218,7.37432973,3.18407587
86,0.286666674,0.0214259907,0.00136885633,47.1203644,0.000454707661,0.00333367044,0.861407202,0.102406985,245,16.8308497,11.5440292,5.48388611
87,0.290000007,0.0222910173,0.00142412086,48.8937305,0.000455907477,0.00343140697,0.867970872,0.105911302,245,12.9542244,11.9928801,1.40209934
88,0.29333334,0.0235383736,0.00150381153,47.1609927,0.00049910683,0.00413460346,0.874284174,0.098669529,245,9.49809359,10.7542453,1.29079431
89,0.296666674,0.0208523175,0.0013322057,43.7315178,0.000476825836,0.00342870211,0.880039604,0.088549377,245,6.64223958,9.01216533,2.48815894
90,0.300000007,0.021292883,0.0013603524,39.5617315,0.000538219189,0.00385907922,0.885094083,0.0816133826,245,4.4215018,7.25729294,3.18570667
91,0.303333341,0.0227745372,0.00145501181,46.888341,0.000485718555,0.00444624695,0.855105764,0.102299173,245,16.715039,11.4005392,5.5126283
92,0.306666674,0.0230573508,0.00147308011,48.696194,0.000473493901,0.00453035773,0.861657513,0.105910654,245,12.8294538,11.8518579,1.42464955
93,0.310000008,0.0212998913,0.00136080014,46.98816,0.000453303371,0.00435186042,0.867958951,0.0986337663,245,9.36787464,10.6198938,1.29409267
94,0.313333341,0.0202538365,0.00129397015,43.5801861,0.000464748737,0.00323970108,0.873704845,0.0884719503,245,6.5115059,8.88799733,2.49055925
95,0.316666674,0.0219418193,0.00140181142,39.4297933,0.000556478173,0.00369495714,0.878747403,0.0814666332,245,4.29650605,7.1429133,3.19035163
96,0.320000008,0.0217939759,0.00139236605,46.7609968,0.000466071671,0.00431076284,0.848754333,0.102298679,245,16.5988076,11.2559406,5.53904176
97,0.323333341,0.0207379071,0.00132489628,48.5941347,0.00042675741,0.00392923231,0.855303698,0.105945934,245,12.7044171,11.7095516,1.44446114
98,0.326666675,0.0208520506,0.00133218864,46.907702,0.00044453362,0.00395954803,0.861605107,0.0987052918,245,9.23649777,10.4886717,1.29662649
99,0.330000008,0.0208381942,0.00133130339,43.5145452,0.000478878824,0.00362839303,0.867348617,0.0885000857,245,6.3798404,8.76491628,2.49985492
100,0.333333341,0.0207746252,0.00132724212,39.3771764,0.000527580366,0.00388391395,0.872388791,0.0815289293,245,4.17173824,7.02915087,3.20164024
101,0.336666675,0.0206381169,0.00131852092,46.6946605,0.000441980232,0.00383769014,0.842398087,0.10233407,245,16.4831196,11.113493,5.56420974
102,0.340000008,0.0199765563,0.00127625537,48.5439139,0.000411515155,0.00388040036,0.848954604,0.106088492,245,12.5781916,11.573424,1.45832938
103,0.343333342,0.0206542136,0.0013195493,46.870816,0.000440662556,0.00363799378,0.855263167,0.0987768173,245,9.10342333,10.3598017,1.3014932
104,0.346666675,0.0221717461,0.0014165009,43.48405,0.00050988227,0.00441440389,0.861011444,0.0885614946,245,6.24612962,8.64440365,2.51205306
105,0.350000008,0.0207049647,0.00132279167,39.3495998,0.000526179803,0.00429155119,0.866051618,0.0816228098,245,4.0446854,6.91949064,3.21714642
106,0.353333342,0.0204249643,0.0013049031,46.6398116,0.00043792982,0.00326487926,0.836065683,0.102405182,245,16.3632842,10.9719355,5.58318716
107,0.356666675,0.0228017881,0.00145675281,48.4937652,0.000470200407,0.00420753495,0.842629353,0.106159467,245,12.4491498,11.4333574,1.46626954
108,0.360000009,0.0213134064,0.00136166359,46.824454,0.000455176827,0.0038130127,0.84894504,0.0988125801,245,8.9681896,10.2297871,1.3051406
109,0.363333342,0.0217706381,0.00139087505,43.4371133,0.000501199009,0.003659812,0.854698086,0.0885867359,245,6.11080767,8.52405499,2.52566175
110,0.366666676,0.0208675834,0.001333181,39.2994915,0.000530988635,0.0031606432,0.859735876,0.0817489498,245,3.91779111,6.80843704,3.23790984
111,0.370000009,0.0204940435,0.00130931641,46.5591089,0.000440172589,0.00372595158,0.829749941,0.102404707,245,16.2420142,10.8327032,5.60442324
112,0.373333342,0.0201067056,0.0012845703,48.4160088,0.000415290441,0.00384408376,0.836313621,0.106230565,245,12.3176081,11.2978744,1.47030574
113,0.376666676,0.0226466737,0.00144684291,46.7457135,0.000484465249,0.00379650265,0.842629335,0.0988841057,245,8.83091787,10.0993551,1.31246416
114,0.380000009,0.0205976956,0.0013159385,43.3519971,0.000475126799,0.00360939044,0.848379997,0.0886108859,245,5.97434959,8.40239069,2.54044742
115,0.383333343,0.0210682681,0.00134600227,39.2080685,0.000537345217,0.00378385759,0.853413019,0.0817332241,245,3.7907915,6.69688361,3.25831048
116,0.386666676,0.0218179892,0.0013939002,46.4408861,0.000469801312,0.0036758012,0.823422315,0.102368481,245,16.1216373,10.6896999,5.62176038
117,0.390000009,0.0212279249,0.00135620237,48.3008639,0.000439493689,0.00423024037,0.829985985,0.10626569,245,12.1882574,11.1591497,1.47419079
118,0.393333343,0.0203935813,0.00130289811,46.6296476,0.000437352249,0.00335853439,0.8363017,0.0988841058,245,8.69561092,9.97043674,1.31571114
119,0.396666676,0.0200088095,0.00127831595,43.2310718,0.000462833991,0.00349298594,0.842049978,0.0885286404,245,5.83935178,8.28294236,2.55623541
120,0.40000001,0.0203891631,0.00130261585,39.079041,0.000521741644,0.00311621567,0.847075846,0.0816462355,245,3.66429215,6.58830065,3.27613048
121,0.403333343,0.0210337593,0.00134379759,46.2931445,0.000454360133,0.00414361564,0.817080365,0.102332034,245,16.0014035,10.5480999,5.64038146
122,0.406666677,0.0204237074,0.0013048228,48.1584625,0.000424093843,0.00365489306,0.823639266,0.106265034,245,12.0595837,11.0192154,1.48272619
123,0.41000001,0.0222551987,0.00142183249,46.490071,0.000478708642,0.00399676177,0.829947828,0.0988841057,245,8.56211272,9.83872566,1.32103929
124,0.413333343,0.021316776,0.00136187886,43.0891525,0.000494713281,0.00353398495,0.835686569,0.0884822482,245,5.70661157,8.16292865,2.56640795
125,0.416666677,0.0212471589,0.00135743119,38.9356419,0.000545699462,0.00374354793,0.840700517,0.0815240536,245,3.54139446,6.47802231,3.29283043
126,0.42000001,0.0181897183,0.00116209847,46.1358742,0.000394264087,0.00301263212,0.810697893,0.10229575,245,15.8823366,10.409492,5.661226
127,0.423333344,0.0221281064,0.00141371286,48.0096138,0.000460909902,0.00346034797,0.817252026,0.106264534,245,11.9313985,10.8818128,1.49262328
128,0.426666677,0.0206792962,0.00132115177,46.3460266,0.000446193509,0.00382695671,0.82355582,0.0988125801,245,8.42795067,9.71101314,1.32506289
129,0.43000001,0.0190484359,0.00121695993,42.9444088,0.000443560324,0.00353919481,0.829287408,0.0883648263,245,5.57371748,8.04230214,2.57930416
130,0.433333344,0.0212029015,0.00135460369,38.7899093,0.000546608689,0.00392101818,0.834289435,0.0814034052,245,3.41895558,6.36752223,3.30837295
131,0.436666677,0.0195906093,0.00125159811,45.9796005,0.000426071759,0.00417102711,0.804277274,0.102223645,245,15.7663424,10.2684717,5.68322776
132,0.440000011,0.0195643618,0.00124992123,47.866252,0.000408729762,0.00316986384,0.810826622,0.106263905,245,11.8062704,10.7450473,1.5028197
133,0.443333344,0.0219425026,0.00140185507,46.2098804,0.000474844392,0.00391676301,0.817125647,0.0988125802,245,8.29785274,9.58069182,1.32992313
134,0.446666677,0.02074973,0.00132565162,42.8116643,0.000484674688,0.00336591266,0.822850083,0.0882820101,245,5.44432826,7.92399626,2.59053247
135,0.450000011,0.0214580886,0.00137090699,38.6588171,0.000555063249,0.00339780261,0.827840189,0.0812801926,245,3.29923116,6.25990445,3.32447146
136,0.453333344,0.0202807025,0.00129568656,45.8358078,0.000442464168,0.00361413456,0.797820876,0.102187274,245,15.6511362,10.1290984,5.70682305
137,0.456666678,0.0202246698,0.00129210676,47.7367534,0.000423670827,0.0034629479,0.804365472,0.10629895,245,11.6821834,10.6075755,1.51464018
138,0.460000011,0.0185319108,0.00118396035,46.0900732,0.000402080307,0.00356539252,0.810664497,0.098848343,245,8.16747507,9.45465791,1.33145994
139,0.463333345,0.0204814752,0.00130851345,42.6972146,0.000479691133,0.00359353843,0.816386549,0.0882711641,245,5.31434319,7.80717216,2.601505
140,0.466666678,0.0215895439,0.00137930537,38.5467094,0.000560087859,0.0040315989,0.821371886,0.0812281333,245,3.17893066,6.15439142,3.33886499
141,0.470000011,0.0218135545,0.00139361688,45.7100257,0.000477215976,0.00395479975,0.791345421,0.102186675,245,15.5342499,9.9918408,5.72794467
142,0.473333345,0.0194871804,0.00124499028,47.621212,0.000409212188,0.0039272831,0.797887633,0.106334113,245,11.5555997,10.472979,1.52583769
143,0.476666678,0.0194592514,0.00124320597,45.9824048,0.000423189076,0.00340128907,0.80418189,0.0988841058,245,8.03563356,9.32630901,1.33807843
144,0.480000012,0.0200445754,0.00128060094,42.5916465,0.000470622222,0.00321845311,0.809899173,0.0882244436,245,5.18375701,7.68923683,2.61383417
145,0.483333345,0.020391375,0.00130275716,38.4422733,0.000530441445,0.00326981842,0.814874974,0.0811757968,245,3.05955477,6.04749913,3.355286
146,0.486666678,0.0194370709,0.00124178891,45.5881715,0.000426362151,0.0030073486,0.784848508,0.102150332,245,15.418131,9.85306907,5.75010968
147,0.490000012,0.0202047361,0.00129083324,47.5112087,0.000425262515,0.00318127749,0.791393105,0.106369292,245,11.4311217,10.3348387,1.53612605
148,0.493333345,0.0203064338,0.00129733047,45.8787702,0.000442610682,0.00371433422,0.797689746,0.0988841057,245,7.90555222,9.19955811,1.3408462
149,0.496666679,0.0210268778,0.00134335795,42.4903445,0.000494862493,0.00346413962,0.803407029,0.0882129553,245,5.05514848,7.57185276,2.62696954
150,0.500000012,0.0205758527,0.00131454301,38.3418018,0.00053664282,0.0037049189,0.808378061,0.0811230697,245,2.94267986,5.94211111,3.37229015
151,0.503333346,0.0204294056,0.00130518685,45.4678744,0.000449315168,0.00359205431,0.778346827,0.102114002,245,15.3035376,9.71518475,5.77093932
152,0.506666679,0.0215937024,0.00137957104,47.3992166,0.000455570872,0.00348681095,0.784886655,0.106404456,245,11.3072131,10.2003222,1.54612456
153,0.510000012,0.0196361152,0.00125450539,45.7733878,0.000428985403,0.00374513155,0.791180912,0.0989198686,245,7.77609906,9.07336433,1.34570166
154,0.513333346,0.0202980982,0.00129679792,42.3861785,0.000478884836,0.00355057108,0.796893427,0.088201352,245,4.92655775,7.45688344,2.63876964
155,0.516666679,0.020612989,0.00131691556,38.2383702,0.000539065574,0.00357117244,0.801854939,0.0810704198,245,2.82644012,5.83722222,3.38944599
156,0.520000013,0.0201997915,0.00129051734,45.344177,0.000445477079,0.00367630806,0.771818936,0.102093036,245,15.1881175,9.57718089,5.79154125
157,0.523333346,0.02048628,0.00130882042,47.2837306,0.000433262768,0.00405501064,0.778358764,0.106439607,245,11.1830146,10.0646421,1.55593469
158,0.526666679,0.0191459004,0.00122318671,45.6630226,0.000419286752,0.00326976012,0.784653021,0.0989198685,245,7.64652828,8.94731409,1.34988066
159,0.530000013,0.0204499875,0.00130650178,42.2759622,0.000483726128,0.00343950397,0.790363135,0.0881544115,245,4.79833,7.34180206,2.65157472
160,0.533333346,0.0207196305,0.00132372863,38.1276129,0.000543428474,0.00367127159,0.795317478,0.0810171675,245,2.71062359,5.73489083,3.40508162
161,0.53666668,0.0196263142,0.00125387922,45.2165987,0.000434051095,0.0038457646,0.765276708,0.102077081,245,15.0735274,9.4418867,5.81346383
162,0.540000013,0.0185747129,0.00118669488,47.1661288,0.000393814659,0.00325404324,0.771816536,0.106474777,245,11.0592946,9.9305102,1.56415783
163,0.543333346,0.02053694,0.00131205697,45.5497772,0.000450868067,0.00335572402,0.778108408,0.0989556313,245,7.51741315,8.82186819,1.35493242
164,0.54666668,0.019757425,0.00126225558,42.1630585,0.000468595632,0.00340043061,0.783813771,0.0881073415,245,4.67071665,7.22725489,2.66433957
165,0.550000013,0.0214660384,0.00137141489,38.0134614,0.000564695705,0.00423372895,0.788763345,0.0810345086,245,2.59708716,5.63095566,3.42395824
166,0.553333347,0.0202726088,0.00129516947,45.0832942,0.000449670087,0.00331171403,0.758717806,0.102050495,245,14.9599133,9.30583939,5.83390974
167,0.55666668,0.0196146045,0.00125313111,47.041384,0.000416964868,0.0035631712,0.76525525,0.106509939,245,10.9365142,9.79713238,1.57550321
168,0.560000014,0.0199812719,0.00127655664,45.432069,0.000439805459,0.00328473932,0.771544764,0.0989198685,245,7.3886857,8.69848466,1.3572961
169,0.563333347,0.0194618326,0.00124337088,42.0480818,0.000462847098,0.00346432167,0.777245358,0.0880603372,245,4.54328256,7.11379147,2.67677642
170,0.56666668,0.0188139715,0.00120198055,37.89932,0.000496419765,0.00356959864,0.782185396,0.0809809374,245,2.48408832,5.52850949,3.4421359
171,0.570000014,0.01972729,0.00126033033,44.9500412,0.000438871456,0.00383157616,0.752135087,0.101975774,245,14.8469022,9.1678171,5.85286085
172,0.573333347,0.0192925352,0.00123255486,46.916515,0.000411209895,0.00325955602,0.758670147,0.106509334,245,10.8153834,9.66149699,1.58486605
173,0.576666681,0.0201769694,0.00128905929,45.3136637,0.000445273407,0.00383642251,0.764959636,0.0989556313,245,7.26224339,8.57403147,1.35999827
174,0.580000014,0.0196429926,0.00125494476,41.9326856,0.000468441081,0.00319217556,0.770655462,0.0880484337,245,4.41865595,7.0000456,2.68934557
175,0.583333347,0.0188450859,0.00120396837,37.7849315,0.000498746066,0.00386509799,0.775588347,0.0809268887,245,2.3736688,5.42847322,3.45707655
176,0.586666681,0.0195800154,0.0012509213,44.8196709,0.000436862096,0.00350577946,0.745535646,0.101972262,245,14.7335318,9.03612928,5.87634149
177,0.590000014,0.0191259065,0.00122190935,46.796999,0.000408699424,0.00399335307,0.752068321,0.106544486,245,10.6925467,9.52989176,1.59748347
178,0.593333348,0.0191981606,0.00122652549,45.2022444,0.000424716977,0.00319452542,0.758355425,0.0989556313,245,7.13415242,8.45002045,1.36634872
179,0.596666681,0.0193418972,0.00123570848,41.8219056,0.000462482444,0.00315742587,0.764048867,0.0880014502,245,4.29202437,6.88794457,2.70228888
180,0.600000015,0.0189319342,0.00120951691,37.6747683,0.000502509639,0.00351753075,0.7689746,0.080837252,245,2.26326729,5.32727127,3.47345662
181,0.603333348,0.0193753959,0.00123784864,44.6909692,0.000433541636,0.0034827322,0.738914755,0.101933129,245,14.6206938,8.90058298,5.89706652
182,0.606666681,0.0199518297,0.00127467564,46.6786846,0.000427429132,0.00305659702,0.745447431,0.106579639,245,10.5715482,9.39570748,1.60592058
183,0.610000015,0.0206493331,0.0013192375,45.0901764,0.000457956361,0.00352960889,0.75173216,0.0989556313,245,7.00831662,8.32579225,1.36997755
184,0.613333348,0.0183472672,0.00117216391,41.7129509,0.000439845824,0.00340291821,0.757420833,0.0879900583,245,4.16826206,6.77540023,2.71379982
185,0.616666682,0.0198108057,0.00126566595,37.5677294,0.000527335722,0.00313550267,0.762339413,0.080818754,245,2.15618383,5.2276425,3.49095933
186,0.620000015,0.0185904257,0.00118769873,44.56372,0.000417165033,0.00307450164,0.732279568,0.101894174,245,14.5089959,8.76597303,5.91774983
187,0.623333348,0.0188907195,0.0012068838,46.5605777,0.000405723478,0.00315273778,0.73880986,0.106579106,245,10.4513291,9.26283491,1.61745176
188,0.626666682,0.0173180222,0.00110640785,44.9796516,0.000385019038,0.00296245236,0.745096964,0.0989556313,245,6.88266612,8.20353232,1.37306385
189,0.630000015,0.0190786446,0.00121888989,41.6058402,0.000458556888,0.00285438893,0.750785628,0.0879431457,245,4.04465945,6.66382749,2.72807932
190,0.633333349,0.0187884131,0.00120034768,37.4613618,0.000501541114,0.0033372668,0.755697056,0.0808007571,245,2.05078458,5.128123,3.5077514
191,0.636666682,0.0205215716,0.00131107512,44.4388694,0.000461793289,0.00391393598,0.725630058,0.101854943,245,14.3995125,8.63272624,5.94007513
192,0.640000015,0.0195356119,0.00124808447,46.447024,0.000420599863,0.00321517308,0.73216035,0.106614311,245,10.3325971,9.13271431,1.62891347
193,0.643333349,0.0197875631,0.00126418103,44.8735954,0.000440962283,0.00363881303,0.73844507,0.0989913941,245,6.75826787,8.08255162,1.37736919
194,0.646666682,0.0190447757,0.00121672609,41.5009644,0.000458899593,0.00307059765,0.744128975,0.0879322681,245,3.92160904,6.55452305,2.73963499
195,0.650000016,0.019659132,0.00125597587,37.3584505,0.000526229856,0.00324044329,0.749035634,0.0807823811,245,1.94614908,5.031052,3.5257779
196,0.653333349,0.0186274233,0.00119006242,44.3149563,0.000420341682,0.00334336121,0.718963892,0.101815816,245,14.2882618,8.50106806,5.96016757
197,0.656666683,0.0180369923,0.00115234117,46.3314811,0.000389303166,0.00341247847,0.725494184,0.106649501,245,10.2130078,9.00081409,1.63978009
198,0.660000016,0.019871157,0.00126952165,44.7649684,0.000443899722,0.00347510272,0.731781249,0.0989913941,245,6.63394372,7.95991792,1.38165854
199,0.663333349,0.0190425484,0.00121658379,41.3952646,0.000460017556,0.00333969486,0.737462769,0.0879212882,245,3.7990163,6.44532556,2.75118589
200,0.666666683,0.0179565724,0.00114720333,37.2533886,0.000482011786,0.00280289107,0.742362276,0.0807642867,245,1.84309616,4.93533787,3.54195778
201,0.670000016,0.0182608377,0.00116664213,44.1911388,0.000413223968,0.00349405465,0.712288127,0.101812447,245,14.1774884,8.36887055,5.98035809
202,0.67333335,0.0183902677,0.00117491111,46.216807,0.000397912987,0.00354856303,0.718816034,0.106684723,245,10.0933422,8.87108437,1.65062381
203,0.676666683,0.0178664359,0.00114144472,44.6577347,0.000400074837,0.00315210581,0.725100754,0.0989913941,245,6.50856902,7.84039572,1.38567851
204,0.680000016,0.0199033422,0.00127157789,41.2900497,0.000482037254,0.00324517528,0.730782274,0.0879109072,245,3.676227,6.33528957,2.76481954
205,0.68333335,0.0177580241,0.00113451855,37.1503468,0.000478004262,0.00285888158,0.735674628,0.0808178317,245,1.74345125,4.83764589,3.56144639
206,0.686666683,0.018484459,0.00118092876,44.0653162,0.000419478641,0.00344589571,0.70559571,0.101737879,245,14.068228,8.23641264,6.00104379
207,0.690000017,0.0191130949,0.00122109084,46.1006953,0.000414594505,0.00305925957,0.712123618,0.106719976,245,9.97586764,8.74036643,1.66050987
208,0.69333335,0.018274836,0.00116753645,44.5483401,0.000410224848,0.00301196022,0.718408337,0.098991394,245,6.38648314,7.71893334,1.39032834
209,0.696666684,0.017975882,0.00114843698,41.182563,0.000436492551,0.00329123605,0.724087474,0.0879006808,245,3.55608968,6.22732412,2.77657993
210,0.700000017,0.020002976,0.00127794326,37.0448818,0.000539965983,0.00339329901,0.728975059,0.0807648785,245,1.64655904,4.74270627,3.5775487
211,0.70333335,0.0185365318,0.00118425558,43.9405375,0.000421854917,0.00327218976,0.698893758,0.101698993,245,13.9592812,8.10713778,6.02231407
212,0.706666684,0.0194118521,0.00124017774,45.9847892,0.000422136371,0.00325665896,0.705421665,0.106719501,245,9.85849651,8.61115112,1.67169074
213,0.710000017,0.0188999587,0.00120747407,44.4404554,0.000425287242,0.0038869208,0.711706408,0.098991394,245,6.26358315,7.60053632,1.39334241
214,0.713333351,0.0194983281,0.00124570249,41.0784472,0.000474660787,0.00365298391,0.717380776,0.0878911147,245,3.43486527,6.1206021,2.78971208
215,0.716666684,0.0182624432,0.0011667447,36.9419823,0.000494354718,0.00303626162,0.722261209,0.0807838179,245,1.55001663,4.64909768,3.5925636
216,0.720000017,0.0186496839,0.0011914846,43.8179995,0.000425616965,0.00297377204,0.692179906,0.101660039,245,13.8492859,7.97540377,6.03954107
217,0.723333351,0.0184904389,0.00118131081,45.8693951,0.00040311059,0.00355238509,0.698707814,0.106754753,245,9.7410882,8.48034088,1.68299697
218,0.726666684,0.0196246668,0.00125377397,44.3324732,0.000442670246,0.00362576669,0.704994918,0.0990271569,245,6.14170309,7.48048185,1.39644418
219,0.730000018,0.0182932368,0.00116871203,40.9749208,0.000446449595,0.00280024103,0.710669286,0.0878815355,245,3.31585114,6.01262711,2.80323146
220,0.733333351,0.0183452703,0.00117203633,36.83967,0.000497975967,0.00297365579,0.715544951,0.0807677222,245,1.4592207,4.55525598,3.61079302
221,0.736666685,0.0177511549,0.00113407969,43.69369,0.00040626358,0.00317394492,0.685458872,0.101621239,245,13.7439668,7.84478832,6.06014432
222,0.740000018,0.0177423758,0.00113351881,45.7557296,0.00038776293,0.00312494267,0.691986779,0.106790047,245,9.62749138,8.35234998,1.69526895
223,0.743333351,0.017804129,0.00113746408,44.2285415,0.000402548408,0.00315243881,0.698273869,0.0990271568,245,6.02246535,7.36373078,1.39906158
224,0.746666685,0.018072298,0.00115459676,40.8738514,0.000442148155,0.00324687333,0.703945852,0.0878728252,245,3.19806822,5.90829096,2.81550281
225,0.750000018,0.01910002,0.00122025552,36.7409122,0.00051985699,0.0031166877,0.708816749,0.0808236218,245,1.37150117,4.46282422,3.6291645
226,0.753333352,0.018947318,0.00121049974,43.5736103,0.000434834705,0.00328362311,0.678728294,0.10158266,245,13.6368053,7.71830016,6.08238592
227,0.756666685,0.0181410823,0.00115899123,45.6463307,0.000397426956,0.0030188074,0.685258586,0.106789649,245,9.51187084,8.22580231,1.70729511
228,0.760000018,0.0192890421,0.0012323317,44.1270029,0.000437125589,0.00308292432,0.691548074,0.0990271568,245,5.90192782,7.24615713,1.40339306
229,0.763333352,0.0186681954,0.00119266726,40.7766201,0.000457816155,0.00329092222,0.697220095,0.0879005211,245,3.07940104,5.80388922,2.82672385
230,0.766666685,0.0177389622,0.00113330072,36.6473985,0.00048404424,0.00315852416,0.702086223,0.0808807863,245,1.28577236,4.37261135,3.64600609
231,0.770000019,0.0181979595,0.00116262498,43.458164,0.000418746624,0.00307591678,0.671992999,0.101544189,245,13.5292144,7.58928874,6.09968856
232,0.773333352,0.0177345515,0.00113301894,45.5384451,0.000389441306,0.00308529268,0.678523268,0.106825001,245,9.3970041,8.09746906,1.71838107
233,0.776666685,0.0191775703,0.00122521003,44.0285024,0.000435571716,0.00337993048,0.684812757,0.0990304117,245,5.78237101,7.12926043,1.4065253
234,0.780000019,0.0184453825,0.00117843226,40.6819625,0.000453404442,0.00306618659,0.690482379,0.0879644076,245,2.96243732,5.6994329,2.83825032
235,0.783333352,0.0183631157,0.00117317643,36.5574153,0.000502308917,0.00305170121,0.695343739,0.0809393822,245,1.20763365,4.28091734,3.66430652
236,0.786666686,0.0189465455,0.00121045039,43.3437552,0.000437122844,0.00299516049,0.665250514,0.101470115,245,13.4244815,7.46190576,6.12144927
237,0.790000019,0.0184633289,0.00117957881,45.4349219,0.000406368672,0.00278991926,0.67178319,0.106824639,245,9.28480078,7.97061598,1.72732396
238,0.793333353,0.0168402803,0.00107588605,43.93034,0.000383340541,0.00341874031,0.678077411,0.0990629196,245,5.66539571,7.01327406,1.40921371
239,0.796666686,0.0189028227,0.00120765704,40.587401,0.000465731292,0.00292874315,0.683749395,0.0879579173,245,2.84778388,5.5968084,2.85126184
240,0.800000019,0.0179750567,0.00114838425,36.4635302,0.000492959857,0.00345495667,0.68836522,0.0809987535,245,1.13555022,4.19219522,3.68111034
241,0.803333353,0.0172361047,0.00110117434,43.2290505,0.000398715783,0.00317926977,0.658510379,0.101467717,245,13.319547,7.33739996,6.14025051
242,0.806666686,0.018825611,0.00120272417,45.3268237,0.000415330471,0.00314088337,0.665043054,0.106860087,245,9.17187087,7.8462489,1.73978495
243,0.81000002,0.0177459,0.00113374396,43.8315268,0.000404866115,0.00333990877,0.671337311,0.0990289399,245,5.54753669,6.89900319,1.4138141
244,0.813333353,0.0184652251,0.00117969996,40.4912267,0.000456030271,0.00300165244,0.677009295,0.0879521573,245,2.73184154,5.49552273,2.8633602
245,0.816666686,0.0181705098,0.00116087129,36.3703168,0.000499597238,0.00323865153,0.681379548,0.0810241998,245,1.06707674,4.10380912,3.69836545
246,0.82000002,0.0171737728,0.0010971921,43.1110535,0.000398361242,0.00292622998,0.651770279,0.101394089,245,13.2134968,7.21137784,6.15954254
247,0.823333353,0.0173208154,0.00110658631,45.2186054,0.00038304621,0.00275104439,0.658305339,0.106895568,245,9.05914409,7.72043254,1.75006502
248,0.826666687,0.0186605804,0.00119218075,43.7314284,0.000426708687,0.00309063812,0.664604364,0.0990629197,245,5.43076742,6.78392605,1.41623939
249,0.83000002,0.017703447,0.00113103174,40.3961502,0.000438245896,0.00301781234,0.670276383,0.0880190922,245,2.61814859,5.39357435,2.87621994
250,0.833333354,0.0179989017,0.00114990765,36.2771946,0.000496149216,0.0028891946,0.674401007,0.0811228444,245,1.00682086,4.01739209,3.71496178
251,0.836666687,0.0181932917,0.00116232677,42.995859,0.000423140556,0.00328113182,0.645025445,0.101356407,245,13.1106756,7.08735965,6.17818679
252,0.84000002,0.0174414143,0.00111429108,45.1126575,0.000386619082,0.0029884913,0.651560505,0.106895341,245,8.94905848,7.59697329,1.76253044
253,0.843333354,0.0175708723,0.00112256185,43.6350397,0.000402678041,0.00327013974,0.657859531,0.0990278475,245,5.31595633,6.6714937,1.41939667
254,0.846666687,0.0175764011,0.00112291507,40.305319,0.000436081428,0.00303693396,0.663533899,0.0880512149,245,2.50604602,5.29352751,2.88827584
255,0.850000021,0.0171189211,0.00109368775,36.1914674,0.000473009866,0.00307926474,0.667424872,0.0812235951,245,0.955979643,3.93184116,3.7303666
256,0.853333354,0.0184596122,0.00117934136,42.8884782,0.000430409588,0.00275112048,0.638285324,0.10128323,245,13.0082925,6.96389286,6.19610711
257,0.856666687,0.0174042202,0.00111191484,45.0129867,0.000386648865,0.00311458962,0.644822776,0.106930914,245,8.8397968,7.47403569,1.77381888
258,0.860000021,0.0176119277,0.00112518479,43.544904,0.000404454393,0.00294680919,0.651124185,0.0990986824,245,5.20257726,6.55899467,1.42215756
259,0.863333354,0.0174655281,0.00111583166,40.2203301,0.000434246264,0.00304268858,0.656800938,0.0881204475,245,2.39523419,5.19535397,2.89935058
260,0.866666688,0.0177962687,0.0011369619,36.1102311,0.000492831759,0.00275636454,0.660460645,0.0812907203,245,0.915483465,3.84715491,3.74977488
261,0.870000021,0.0165099936,0.0010547848,42.7806017,0.000385922427,0.00254438797,0.631547616,0.101210388,245,12.9069298,6.84133178,6.215377
262,0.873333354,0.0163696496,0.00104581855,44.9142649,0.000364464377,0.00262217871,0.638089828,0.106930793,245,8.73199423,7.35168579,1.78415384
263,0.876666688,0.0160543107,0.00102567229,43.4549194,0.000369447485,0.0030210545,0.644396006,0.0990272502,245,5.09051517,6.44846062,1.42428218
264,0.880000021,0.0169083173,0.00108023277,40.1357987,0.000421277708,0.0025393026,0.650072758,0.0881553462,245,2.28640028,5.09789368,2.91219525
265,0.883333355,0.0175380438,0.00112046452,36.0296191,0.000486767394,0.00339550658,0.653498851,0.0814319074,245,0.886140155,3.76449853,3.76570874
266,0.886666688,0.0177402672,0.0011333841,42.676756,0.000415689214,0.00282959176,0.624817066,0.101173656,245,12.8063416,6.71995637,6.23287255
267,0.890000022,0.018774793,0.00119947753,44.8181799,0.000418910206,0.00330026217,0.631361662,0.106966499,245,8.62474471,7.23142784,1.79637149
268,0.893333355,0.0161397926,0.00103113353,43.3687859,0.000372152282,0.00271530707,0.637672609,0.0990629201,245,4.97924436,6.33897013,1.42731867
269,0.896666688,0.017319988,0.00110653345,40.0554077,0.000432400743,0.002934621,0.643351745,0.0882276007,245,2.17823879,5.00254737,2.92368437
270,0.900000022,0.0176261984,0.00112609651,35.9535477,0.000490249213,0.00294634783,0.646551326,0.0816117242,245,0.868950517,3.68271659,3.78443788
271,0.903333355,0.0163251432,0.00104297514,42.572728,0.000383464814,0.00313667393,0.618096019,0.101101552,245,12.705788,6.60028169,6.25120366
272,0.906666689,0.0167244885,0.00106848838,44.7228544,0.000373958433,0.0032909487,0.624645384,0.106966517,245,8.5187674,7.11057882,1.80677304
273,0.910000022,0.0175788547,0.00112307183,43.2821239,0.000406145843,0.00319456563,0.630961098,0.0990272356,245,4.8698573,6.23020724,1.42892782
274,0.913333355,0.0184156492,0.00117653267,39.9740627,0.000460689956,0.00367400971,0.636645003,0.0883015368,245,2.07296268,4.90790916,2.93519003
275,0.916666689,0.0165433767,0.00105691756,35.8774224,0.000461108283,0.00300726496,0.639622875,0.0817232258,245,0.864881206,3.60299793,3.80022044
276,0.920000022,0.0178797359,0.00114229443,42.4714533,0.000420982438,0.00309052122,0.61139645,0.101065649,245,12.605522,6.48238257,6.26861378
277,0.923333356,0.017260584,0.00110273826,44.6295782,0.000386752121,0.00285391136,0.617948199,0.107002376,245,8.41289627,6.99205789,1.8177521
278,0.926666689,0.0179397339,0.00114612756,43.1990308,0.000415280935,0.00311788736,0.624266298,0.0990274961,245,4.76125822,6.12216241,1.43259279
279,0.930000023,0.0173064419,0.00110566801,39.8985723,0.000433760931,0.0027241924,0.629950223,0.0883773987,245,1.97004006,4.81340832,2.94727889
280,0.933333356,0.0165386005,0.00105661243,35.80711,0.000461880349,0.00242629191,0.632708729,0.0819096315,245,0.873321311,3.52472957,3.81622885
281,0.936666689,0.0175617992,0.00112198219,42.3764418,0.000414423638,0.00316427339,0.604699265,0.100994514,245,12.5083854,6.36626039,6.28730449
282,0.940000023,0.0174201164,0.00111293041,44.5435033,0.000391080968,0.00292479904,0.611258167,0.107002562,245,8.31023917,6.8752691,1.8303056
283,0.943333356,0.0172332981,0.00110099503,43.1228665,0.000399632481,0.00283381963,0.617585802,0.0990279452,245,4.65489845,6.01795385,1.43392436
284,0.94666669,0.0170704586,0.00109059159,39.8280287,0.000428604155,0.0027992826,0.623274496,0.0884910156,245,1.86815758,4.72351485,2.95740376
285,0.950000023,0.0170316105,0.00108810968,35.7436378,0.000476493484,0.00268646809,0.62582316,0.0821713859,245,0.893029834,3.44919594,3.83218392
286,0.953333356,0.0178583764,0.00114092982,42.2858851,0.000422324764,0.00314705175,0.59802593,0.100923892,245,12.4097239,6.25049453,6.30254875
287,0.95666669,0.0170205094,0.00108740046,44.4592332,0.000382834075,0.00291935113,0.6045896,0.107002841,245,8.20684684,6.75935352,1.83990822
288,0.960000023,0.0168870536,0.00107887428,43.048788,0.000392277096,0.0028127938,0.610922004,0.0990271568,245,4.55006472,5.91216605,1.43851177
289,0.963333357,0.0173697434,0.0011097122,39.7604512,0.000436859815,0.00294709584,0.616615445,0.0885714069,245,1.77114289,4.63256345,2.96840126
290,0.96666669,0.0173840565,0.00111062663,35.6823278,0.00048718953,0.00313945428,0.618951929,0.0824016848,245,0.925545089,3.37424146,3.84823088
291,0.970000023,0.01776404,0.00113490288,42.1980969,0.000420967799,0.00305594149,0.59137166,0.100853915,245,12.3146044,6.13619492,6.32039666
292,0.973333357,0.0166735538,0.00106523428,44.379992,0.000375699793,0.00307508176,0.597942483,0.107038983,245,8.10739104,6.64478318,1.85170802
293,0.97666669,0.0186839472,0.0011936736,42.9798298,0.000434714313,0.00275462234,0.604284424,0.0990295216,245,4.44894046,5.80932525,1.44041492
294,0.980000024,0.0179472488,0.00114660767,39.6988301,0.000452085081,0.00259374063,0.609984998,0.0887254859,245,1.67850118,4.54533711,2.97854133
295,0.983333357,0.0174064243,0.00111205566,35.6283337,0.000488555666,0.00300211761,0.612114078,0.0826721215,245,0.968664184,3.30252376,3.86417143
296,0.986666691,0.0172537246,0.00110230003,42.1171591,0.000409660217,0.00333847962,0.584746001,0.100784691,245,12.2205178,6.02420557,6.33530887
297,0.990000024,0.0166033905,0.00106075171,44.3058294,0.000374745056,0.00316351552,0.591323977,0.107039491,245,8.00952666,6.53198798,1.86382786
298,0.993333357,0.0177511673,0.00113408048,42.917751,0.000413608983,0.0033581586,0.597673082,0.0990307534,245,4.34934594,5.70946559,1.43978049
299,0.996666691,0.0177685867,0.00113519336,39.6455511,0.000448186144,0.00301588667,0.603380829,0.0888468915,245,1.58993032,4.45992803,2.99172768
300,1.00000002,0.0163079577,0.0010418772,35.5795663,0.000458351783,0.0025356211,0.605309605,0.0829122929,245,1.02107521,3.23255717,3.8825344
301,1.00333336,0.0178663737,0.00114144075,42.0380011,0.00042500531,0.00284185979,0.578148946,0.100751834,245,12.1271184,5.91482767,6.35162713
302,1.00666669,0.0167605388,0.00107079154,44.2344353,0.000378902514,0.0027758992,0.584734073,0.10704015,245,7.91271859,6.42146376,1.87655681
303,1.01000002,0.0168675187,0.00107762624,42.8592424,0.000393556156,0.00246299865,0.591090319,0.0990322265,245,4.25222653,5.61074286,1.44197397
304,1.01333336,0.0157419804,0.00100571824,39.5960213,0.000397564702,0.00282439551,0.596802834,0.0890071775,245,1.50670016,4.37643433,3.00242067
305,1.01666669,0.0171756577,0.00109731252,35.5381328,0.000483302197,0.00284651297,0.598543299,0.0832294452,245,1.0803106,3.16616757,3.89685175
306,1.02000002,0.017221086,0.00110021483,41.9667822,0.000410350404,0.00307694142,0.571582891,0.100648539,245,12.0339059,5.80631646,6.36622287
307,1.02333336,0.0160552076,0.00102572959,44.1696717,0.000363489404,0.0031597142,0.57817994,0.107040929,245,7.8170395,6.31219279,1.88640395
308,1.02666669,0.0161057673,0.00102895973,42.8047529,0.000376261191,0.00291991289,0.584548107,0.0989982844,245,4.15739823,5.51360553,1.44418219
309,1.03000002,0.017138345,0.0010949287,39.5495887,0.000433338136,0.0026504015,0.590270158,0.0891702277,245,1.4302349,4.29463564,3.01326184
310,1.03333336,0.0167172258,0.00106802438,35.5005307,0.000470900728,0.00258789477,0.591807979,0.0835878159,245,1.14701802,3.10156813,3.91345581
311,1.03666669,0.017044881,0.0010889575,41.8999547,0.000406799509,0.00285224242,0.564806528,0.10058171,245,11.944564,5.70112164,6.38267093
312,1.04000003,0.0165001237,0.00105415423,44.1109672,0.00037405944,0.00247576734,0.571193784,0.107041868,245,7.72511479,6.20650625,1.8985719
313,1.04333336,0.0167675364,0.00107123861,42.7578746,0.00039215084,0.00282726461,0.577558055,0.0990004882,245,4.06691581,5.41958526,1.44614954
314,1.04666669,0.0173617359,0.00110920062,39.5126775,0.000439396594,0.00289514126,0.583689056,0.0893726705,245,1.36185639,4.21708841,3.02277226
315,1.05000003,0.0169538533,0.00108314196,35.4724376,0.000477944412,0.00278543342,0.585136989,0.0839884884,245,1.21918319,3.04126943,3.92931983
316,1.05333336,0.0166198525,0.00106180343,41.8408968,0.000397215495,0.00281629986,0.556523461,0.100516058,245,11.8551178,5.59835055,6.39691876
317,1.05666669,0.0166013174,0.00106061926,44.0584744,0.000376801912,0.00245444106,0.562895447,0.107043002,245,7.63449195,6.10215718,1.90861796
318,1.06000003,0.017458815,0.00111540278,42.7177397,0.000408701751,0.00316091612,0.569251857,0.0989672628,245,3.97834644,5.32934144,1.44526465
319,1.06333336,0.0168632213,0.00107735169,39.4832012,0.000427098633,0.00270472841,0.575378649,0.0897434291,245,1.30144147,4.14202472,3.03354766
320,1.06666669,0.017354383,0.00110873086,35.4526013,0.000489509441,0.00324934993,0.577891931,0.0844319155,245,1.2961891,2.98375275,3.94520186
321,1.07000003,0.0172135352,0.00109973243,41.78859,0.000411919503,0.00270903205,0.548277715,0.100415884,245,11.7671986,5.49746987,6.41102258
322,1.07333336,0.0180504861,0.00115320325,44.013332,0.000410114055,0.00326291442,0.554636143,0.107077232,245,7.5462745,6.00007404,1.92089506
323,1.07666669,0.0161062255,0.001028989,42.6870349,0.00037730954,0.0026017781,0.560977401,0.0989703523,245,3.89537309,5.23878957,1.448509
324,1.08000003,0.0166224383,0.00106196863,39.4644612,0.000421200185,0.00276464228,0.567096689,0.0902072401,245,1.25491236,4.0691994,3.04352904
325,1.08333336,0.0158537243,0.00101285729,35.4455794,0.000447269435,0.00283360251,0.569481954,0.0848829644,245,1.37769909,2.93115262,3.95855355
326,1.08666669,0.015863857,0.00101350464,41.75033,0.000379969618,0.00262780637,0.540070004,0.100352795,245,11.6818104,5.40110102,6.42365037
327,1.09000003,0.0170796334,0.00109117775,43.9805741,0.00038834494,0.00258620968,0.546417572,0.107051199,245,7.46154344,5.90091463,1.93240642
328,1.09333336,0.0161655481,0.00103277898,42.6680442,0.0003788678,0.00261067966,0.552751618,0.0989381704,245,3.81639682,5.15339398,1.44828915
329,1.09666669,0.0163287909,0.00104320818,39.4573337,0.000413834118,0.00279860039,0.558864925,0.0907167934,245,1.22003052,4.00085244,3.05242869
330,1.10000003,0.0156237398,0.00099816412,35.4512668,0.000440710338,0.00281725633,0.56112044,0.08541257,245,1.46276394,2.882296,3.97428896
331,1.10333336,0.0156890945,0.00100233948,41.7213884,0.0003760444,0.00236873804,0.531920625,0.100291073,245,11.5988081,5.30676751,6.43709806
332,1.10666669,0.0167040719,0.00106718401,43.9575941,0.000380004235,0.00281975763,0.538258968,0.107097594,245,7.37998486,5.80517066,1.94307392
333,1.11000003,0.0171691466,0.00109689654,42.6581492,0.000402482219,0.00256107937,0.544584547,0.0989422344,245,3.74237939,5.07146909,1.44825586
334,1.11333336,0.0160236676,0.00102371457,39.460447,0.000406069085,0.0029722383,0.550695093,0.0913405249,245,1.19895312,3.93776623,3.06054411
335,1.11666669,0.0158983596,0.00101570894,35.4670546,0.000448257116,0.00273828345,0.552820271,0.085987039,245,1.55210729,2.83853249,3.99062277
336,1.12000003,0.0176997523,0.0011307957,41.7004815,0.000424449591,0.00279985612,0.523850332,0.10023082,245,11.5150596,5.21705829,6.44886171
337,1.12333336,0.0162229037,0.0010364433,43.9407334,0.000369199656,0.00301851295,0.530178601,0.107110247,245,7.29866449,5.71310763,1.95486431
338,1.12666669,0.0143913527,0.0009194298,42.6562324,0.000337379837,0.00244913688,0.536496792,0.0989112479,245,3.67180941,4.99195516,1.45057159
339,1.13000003,0.016312415,0.00104216196,39.4732461,0.000413252432,0.00286359536,0.542603824,0.0919388563,245,1.1941706,3.87649836,3.07149684
340,1.13333336,0.0166836667,0.00106588037,35.4941318,0.000470040141,0.00251814447,0.544612207,0.0866057483,245,1.64506384,2.79975664,4.00408325
341,1.13666669,0.0156552411,0.00100017666,41.692056,0.000375496979,0.0023087022,0.515859667,0.100137096,245,11.4365761,5.13075663,6.46113265
342,1.14000003,0.0160686242,0.00102658674,43.9382088,0.000365709586,0.00282033263,0.522182835,0.107124557,245,7.22451896,5.62376819,1.96534008
343,1.14333336,0.0159693414,0.0010202438,42.6685729,0.000374264718,0.0030311447,0.528494709,0.0988810087,245,3.6104417,4.91730609,1.44960816
344,1.14666669,0.0172097836,0.00109949275,39.5017158,0.0004356718,0.00287915344,0.534599781,0.0926195453,245,1.20737594,3.82160536,3.07926037
345,1.15000003,0.0161961422,0.00103473357,35.538511,0.000455734968,0.00255899907,0.536507745,0.0872702027,245,1.73997507,2.76764098,4.01890708
346,1.15333336,0.0157094732,0.00100364143,41.6983116,0.000376741231,0.00266160934,0.507973472,0.100045108,245,11.3602139,5.04982699,6.47379369
347,1.15666669,0.0163580929,0.00104508022,43.9499052,0.000372198593,0.00263854114,0.514292742,0.10714111,245,7.15232599,5.54097967,1.97706734
348,1.16000003,0.0160515011,0.00102549279,42.6974477,0.000375935846,0.00281083228,0.520604649,0.0988591238,245,3.55354805,4.847869,1.45124186
349,1.16333336,0.0167672274,0.00107121886,39.5464161,0.000423988544,0.00281230358,0.52671581,0.0933471844,245,1.23574668,3.77284991,3.08585807
350,1.16666669,0.0160552481,0.00102573217,35.6025555,0.000450957742,0.00269611234,0.52852663,0.0880162943,245,1.83957465,2.74232426,4.03192849
351,1.17000003,0.0168812266,0.00107850201,41.7239685,0.000404593025,0.00291891132,0.50022217,0.0999911903,245,11.2835474,4.97355219,6.48316897
352,1.17333336,0.0160129787,0.00102303168,43.9782905,0.000364110986,0.00260881769,0.506541789,0.107159499,245,7.08305007,5.46016919,1.98797834
353,1.1766667,0.015709575,0.00100364793,42.7428232,0.00036753714,0.00277872399,0.512852567,0.0989689824,245,3.50338728,4.78281814,1.44978329
354,1.18000003,0.0152272664,0.000972834367,39.6098615,0.000384431196,0.00260841638,0.518968854,0.0941921959,245,1.28245304,3.72786143,3.09736068
355,1.18333336,0.0162649672,0.00103913064,35.6835945,0.000455810784,0.0022865402,0.520698995,0.0888787873,245,1.94277637,2.72388665,4.04356879
356,1.1866667,0.016578191,0.00105914177,41.7650182,0.000396939634,0.00266622657,0.492620491,0.0999040264,245,11.2118251,4.90178956,6.49334475
357,1.19000003,0.0168400543,0.00107587161,44.0247109,0.000382513683,0.00253200821,0.498939391,0.107180935,245,7.01947691,5.38596517,1.9993699
358,1.19333336,0.0157531092,0.00100642923,42.8077784,0.000367996421,0.0023932603,0.505257244,0.0991191962,245,3.46274761,4.72348522,1.45027317
359,1.1966667,0.0155028114,0.000990438289,39.6964401,0.000390534047,0.00273335225,0.511387359,0.0951202417,245,1.34551826,3.69164149,3.10347651
360,1.20000003,0.0157951155,0.00100911291,35.7927411,0.000441293822,0.00257479518,0.513047832,0.0898221371,245,2.04975145,2.71428485,4.05735912
361,1.20333336,0.0160980536,0.00102846692,41.8300581,0.000384844161,0.00271142934,0.485208344,0.099820103,245,11.1421789,4.83635995,6.50234108
362,1.2066667,0.0168432704,0.00107607707,44.0922467,0.000382000728,0.00278625253,0.491538384,0.107204665,245,6.96073705,5.31597367,2.00965864
363,1.21000003,0.0155999149,0.000996642002,42.8942971,0.000363682725,0.00276854086,0.49786735,0.0995206719,245,3.43081623,4.67078158,1.44733375
364,1.21333336,0.017476451,0.0011165295,39.8059405,0.000439041279,0.00267576808,0.504010644,0.0961277098,245,1.42498708,3.6617149,3.11318948
365,1.2166667,0.0156114923,0.000997381656,35.9256831,0.000434549629,0.00275605816,0.505590203,0.0908137108,245,2.16107316,2.71287746,4.07124414
366,1.22000003,0.0164937366,0.00105374618,41.9163387,0.000393491825,0.0024965084,0.478004681,0.0997388434,245,11.0759029,4.77781304,6.51162614
367,1.22333336,0.0163850371,0.00104680162,44.1823139,0.000370850587,0.00260498406,0.484341619,0.10719582,245,6.90703116,5.25328161,2.02082806
368,1.2266667,0.0152123865,0.000971883725,43.0043899,0.000353740317,0.00233786429,0.490680411,0.100098692,245,3.40967761,4.62420431,1.4480774
369,1.23000003,0.0159845863,0.00102121776,39.9400755,0.000400214225,0.00237522176,0.496843551,0.0971857858,245,1.51981286,3.64072358,3.11813379
370,1.23333336,0.0155350998,0.000992501121,36.0879467,0.000430478907,0.00275122668,0.498386153,0.0918522866,245,2.27716067,2.72195066,4.08249027
371,1.2366667,0.015023262,0.000959801005,42.0331697,0.000357414445,0.0027991113,0.47103297,0.0996613699,245,11.0152872,4.72700438,6.52070736
372,1.24000003,0.0152861204,0.000976594409,44.3023199,0.000345041082,0.00252228419,0.47738746,0.107226498,245,6.86079721,5.19848647,2.03266794
373,1.24333336,0.0160148097,0.00102314866,43.147335,0.000371165674,0.00267423424,0.483747678,0.100923574,245,3.4002405,4.58671958,1.44683321
374,1.2466667,0.015809566,0.00101003612,40.1111291,0.000394144127,0.00282894809,0.489937191,0.0983974816,245,1.62903832,3.62864566,3.12712718
375,1.25000003,0.0145884277,0.000932020456,36.2883262,0.000402014345,0.0026801492,0.491449504,0.0930805207,245,2.39816339,2.74217819,4.09492017
376,1.25333336,0.0153691082,0.000981896308,42.1815056,0.000364356559,0.0027609829,0.464347813,0.0995881718,245,10.9587606,4.68395964,6.52800672
377,1.2566667,0.0140677054,0.000898752731,44.4523785,0.000316466877,0.00231876511,0.470723283,0.107260935,245,6.82170979,5.15085978,2.0459819
378,1.26000003,0.0159056471,0.00101617452,43.3220942,0.000367148619,0.00272641429,0.477104258,0.102261501,245,3.40423862,4.5577365,1.44597931
379,1.26333336,0.0147831009,0.000944457674,40.3149811,0.000366690012,0.00245747181,0.483322083,0.0997247464,245,1.75287934,3.62809124,3.13283333
380,1.2666667,0.0153658356,0.000981687227,36.5261625,0.000420680261,0.00266021965,0.484830755,0.0944243596,245,2.5263647,2.77526183,4.10607444
381,1.27000003,0.0155961413,0.00099640092,42.3675307,0.000368115419,0.00250793791,0.457969623,0.100060718,245,10.9055551,4.65136899,6.53425201
382,1.27333336,0.0158388724,0.00101190844,44.6391267,0.000354820391,0.00254088081,0.464380508,0.107300048,245,6.78975406,5.11188663,2.05580801
383,1.2766667,0.0142182738,0.000908372196,43.534465,0.000326598107,0.00248660884,0.470802907,0.103754225,245,3.42266511,4.53813417,1.44410166
384,1.28000003,0.0156767635,0.00100155168,40.5630199,0.000386479201,0.00269714263,0.477070024,0.101275293,245,1.89147951,3.63884326,3.1373483
385,1.28333336,0.0161667197,0.00103285384,36.8144086,0.000439141096,0.00309747263,0.478574619,0.0959574557,245,2.6623746,2.82246697,4.11623027
386,1.2866667,0.0152446027,0.000973941942,42.6002326,0.00035785257,0.0027117105,0.45199279,0.1016574,245,10.8572912,4.63015826,6.54100245
387,1.29000003,0.0168449395,0.00107618371,44.873633,0.00037538613,0.00277806967,0.458442987,0.107343639,245,6.76511633,5.08484608,2.06902099
388,1.29333336,0.0160194136,0.00102344279,43.7980534,0.000365756292,0.00262933741,0.464908585,0.105329102,245,3.45549832,4.53084161,1.44488977
389,1.2966667,0.0145979177,0.000932626751,40.8632824,0.00035723801,0.00248767234,0.471226169,0.102873915,245,2.04472398,3.662746,3.1437361
390,1.30000003,0.0153235589,0.000978986266,37.158456,0.000412384166,0.00255664733,0.472743548,0.0976057253,245,2.80780826,2.88399915,4.12830058
391,1.30333336,0.0152702491,0.000975580431,42.8831987,0.000356089321,0.0023114558,0.446431998,0.103369622,245,10.8168661,4.61934827,6.54732168
392,1.3066667,0.0154556409,0.000987424677,45.1594127,0.000342246278,0.00243059707,0.452931071,0.107357109,245,6.75395418,5.06736346,2.08147277
393,1.31000003,0.0156098165,0.000997274593,44.117276,0.000353825483,0.00252019795,0.459449756,0.107125111,245,3.50997668,4.53580468,1.44279619
394,1.31333337,0.0152930034,0.000977034146,41.2268803,0.000370947384,0.00259883982,0.465832268,0.104691528,245,2.21523015,3.70253226,3.148602
395,1.3166667,0.0154804383,0.000989008924,37.5718124,0.000412022666,0.00223223204,0.467401934,0.0994402,245,2.96430056,2.9645076,4.13746118
396,1.32000003,0.0148650549,0.000949693522,43.2312671,0.000343849623,0.00251020859,0.441380861,0.105298606,245,10.7829906,4.62502021,6.55044986
397,1.32333337,0.0139952936,0.000894126508,45.5058983,0.000307549001,0.00247382166,0.447947217,0.108639899,245,6.75347331,5.06537228,2.09344685
398,1.3266667,0.0153262999,0.000979161383,44.4991646,0.000344417699,0.0022314017,0.454533717,0.109170268,245,3.58395765,4.55711877,1.44090303
399,1.33000003,0.0154732714,0.00098855105,41.6599129,0.000371418717,0.00252346584,0.460990354,0.106764091,245,2.40366433,3.75986216,3.15311242
400,1.33333337,0.0146801776,0.000937882143,38.063784,0.000385673101,0.00224716746,0.46262881,0.101496202,245,3.13463679,3.06389163,4.14684201
401,1.3366667,0.0149625627,0.000955923067,43.655528,0.000342741536,0.00239787308,0.436890102,0.107380913,245,10.7603518,4.64616774,6.55597687
402,1.34000003,0.0145578613,0.000930067641,45.9320379,0.000316943509,0.00254262369,0.443535831,0.110768883,245,6.76963004,5.07980191,2.10849588
403,1.34333337,0.0139472768,0.000891058832,44.9660302,0.000310173631,0.00261324402,0.450209209,0.111335161,245,3.68407312,4.59628759,1.44163701
404,1.3466667,0.0139140633,0.000888936898,42.1838215,0.000329843595,0.00216396781,0.456763615,0.108991268,245,2.6130313,3.83793439,3.15766951
405,1.35000003,0.0148864371,0.00095105958,38.655714,0.000385103146,0.00230391431,0.458500704,0.1037769,245,3.32138851,3.18640505,4.15498295
406,1.35333337,0.0144536098,0.000923407256,44.1751363,0.000327188799,0.00235131313,0.433070604,0.109751553,245,10.7487577,4.68841567,6.56190694
407,1.3566667,0.0149341777,0.000954109612,46.4538715,0.000321484027,0.00274847217,0.439816518,0.113253982,245,6.80361706,5.11350187,2.12325644
408,1.36000003,0.0149682987,0.000956289523,45.5340419,0.000328727651,0.00264007906,0.446596899,0.113887869,245,3.81256247,4.65719843,1.44213129
409,1.36333337,0.0156005052,0.000996679715,42.8185312,0.000364340035,0.00276299697,0.453267503,0.111602199,245,2.84738833,3.94101339,3.16145842
410,1.3666667,0.0156436799,0.000999438048,39.3686489,0.000397363901,0.00257319678,0.455143099,0.106409469,245,3.53096076,3.33576579,4.16242205
411,1.37000003,0.0144639475,0.000924067709,44.8094864,0.000322787621,0.00264955849,0.430026934,0.112474511,245,10.7495538,4.75413246,6.56512848
412,1.37333337,0.0158826738,0.00101470681,47.0906882,0.000337278439,0.00248506123,0.436891222,0.116020342,245,6.85868173,5.17085584,2.13994073
413,1.3766667,0.0147113671,0.000939874766,46.2255357,0.000318251955,0.00250952989,0.443799401,0.116756069,245,3.97470652,4.74382877,1.44415004
414,1.38000003,0.0155100102,0.000990898203,43.5888301,0.000355825338,0.00244918713,0.450609951,0.114533924,245,3.11267623,4.07354354,3.16561342
415,1.38333337,0.0152002742,0.000971109898,40.2305644,0.000377829008,0.0025283286,0.452688562,0.109395846,245,3.76890162,3.51673717,4.1710909
416,1.3866667,0.0146247499,0.000934340999,45.5881786,0.000320801365,0.00225082335,0.427882771,0.115578073,245,10.7684179,4.84841828,6.56805126
417,1.39000003,0.0151127309,0.000965516958,47.8731911,0.000315682546,0.00253409533,0.434898538,0.119199863,245,6.94309595,5.25614512,2.1581319
418,1.39333337,0.0151264813,0.00096639544,47.0710351,0.000321354337,0.0026569587,0.441968251,0.120006341,245,4.17947324,4.86195791,1.44758083
419,1.3966667,0.0141844902,0.000906213835,44.527788,0.000318553667,0.00268730144,0.448956343,0.117880952,245,3.41529874,4.24125044,3.16862278
420,1.40000003,0.0144719512,0.000924579046,41.2809613,0.000350572049,0.00265283724,0.451278862,0.11287253,245,4.04115233,3.73626725,4.17705923
421,1.40333337,0.0148263274,0.000947219312,46.5509282,0.000318496923,0.00265042582,0.426820396,0.119172476,245,10.8121605,4.97977666,6.57380181
422,1.4066667,0.0139565123,0.000891648865,48.8451815,0.000285729562,0.0026209939,0.434027286,0.122901029,245,7.06400295,5.37893786,2.18148289
423,1.41000003,0.014479516,0.000925062342,48.1200659,0.00030090391,0.00238134396,0.441293527,0.123807676,245,4.43522917,5.02019882,1.45699475
424,1.41333337,0.0149590458,0.000955698383,45.68887,0.000327411158,0.00239578813,0.448493147,0.121781584,245,3.76582767,4.45339106,3.17271701
425,1.4166667,0.0141647343,0.000904951682,42.5753691,0.000332697863,0.00240796721,0.451114075,0.116835328,245,4.36059527,4.00281482,4.18383601
426,1.42000003,0.0145413162,0.000929010614,47.7517453,0.000304519052,0.00261078883,0.427030702,0.123244692,245,10.8860252,5.15646963,6.57969395
427,1.42333337,0.0147699237,0.000943615811,50.05966,0.000295046424,0.00229553648,0.434467607,0.127146828,245,7.23226459,5.54739482,2.20981431
428,1.4266667,0.0140677432,0.000898755148,49.4287944,0.000284606238,0.00244405798,0.441981328,0.128189828,245,4.75529124,5.22900702,1.47048216
429,1.43000003,0.0142666715,0.000911464207,47.1337306,0.000302684962,0.0021835795,0.449446019,0.126264739,245,4.17910313,4.72156234,3.17711022
430,1.43333337,0.0146651274,0.000936920622,44.1823471,0.000331922778,0.00268649235,0.452466806,0.121453546,245,4.74350116,4.32907223,4.18905392
431,1.4366667,0.0141723319,0.00090543707,49.2668096,0.0002876649,0.00230133571,0.428767137,0.128069273,245,11.003569,5.39219413,6.58819214
432,1.44000003,0.0141264281,0.000902504387,51.5997049,0.000273769552,0.00236536218,0.436499704,0.132142483,245,7.46557989,5.77595891,2.24448546
433,1.44333337,0.0145330098,0.000928479935,51.0861351,0.00028448051,0.00211283496,0.444324443,0.133391704,245,5.15905538,5.50401646,1.49169878
434,1.4466667,0.0149724644,0.000956555662,48.961299,0.000305802025,0.0026057449,0.452120966,0.131673896,245,4.67497292,5.06175163,3.18698828
435,1.45000004,0.0140471736,0.000897441004,46.208427,0.000303995928,0.00210353351,0.452420723,0.128047778,245,5.2104616,4.73232782,4.19665923
436,1.45333337,0.0151159403,0.000965722001,51.1987067,0.000295240667,0.0023929398,0.432371909,0.133888258,245,11.1814408,5.70588714,6.59892697
437,1.4566667,0.0150244065,0.00095987412,53.5707479,0.000280459151,0.00283966059,0.440474773,0.138193406,245,7.78641545,6.08528812,2.29382114
438,1.46000004,0.0138130732,0.000882484876,53.2079875,0.000259605256,0.00228449248,0.445637392,0.139682907,245,5.6729503,5.86564015,1.53263504
439,1.46333337,0.0139505057,0.000891265119,51.2986972,0.00027194659,0.00256451768,0.443596737,0.138211849,245,5.28254489,5.49676736,3.19922271
440,1.4666667,0.015191816,0.000970569521,48.7992737,0.000311312338,0.00245650568,0.441975582,0.14024734,245,5.79356795,5.23649522,4.20573456
441,1.47000004,0.0150519493,0.000961633767,53.7069182,0.000280260901,0.0023908766,0.435921298,0.142888623,245,11.4477952,6.12320814,6.61941591
442,1.47333337,0.0138160637,0.000882675933,56.1477448,0.000246066227,0.00211335433,0.437834325,0.145990414,245,8.23260811,6.50300529,2.36254994
443,1.4766667,0.0143351458,0.000915838874,55.9828828,0.000256063017,0.00238318329,0.435749536,0.1494107,245,6.33720471,6.34560649,1.60072511
444,1.48000004,0.0147644174,0.000943264027,54.3502434,0.000271653197,0.00241933541,0.43393833,0.152818608,245,6.04484524,6.0598522,3.22523372
445,1.48333337,0.0136926333,0.000874790251,52.1726832,0.000262448324,0.00244487149,0.432580947,0.155833342,245,6.53957204,5.87788313,4.22251772
446,1.4866667,0.0138568156,0.000885279475,57.0205849,0.000243014266,0.0023189778,0.430060955,0.159313375,245,11.8466476,6.68548831,6.65559353
447,1.49000004,0.0145164465,0.00092742175,59.5749708,0.000243666868,0.00241502299,0.428994806,0.163318415,245,8.85812629,7.07279111,2.47024454
448,1.49333337,0.0136188595,0.000870077018,59.6806607,0.000228195522,0.00226587873,0.427233329,0.167722434,245,7.21012349,6.98956695,1.71741004
449,1.4966667,0.0142845808,0.000912608391,58.4140646,0.000244540093,0.00210996942,0.42579033,0.172172111,245,7.02590886,6.79993055,3.27601567
450,1.50000004,0.0141274109,0.000902567173,56.6605344,0.000249334233,0.00244612677,0.420616356,0.176278798,245,7.51933335,6.70835372,4.25469075
451,1.50333337,0.01386784,0.000885983801,61.500031,0.00022549322,0.00279012759,0.41234534,0.180962018,245,12.4479579,7.44876161,6.71558934
452,1.5066667,0.0132229145,0.000844781021,64.2435003,0.000205824939,0.00219082184,0.40376314,0.186271693,245,9.7480436,7.85674774,2.63960328
453,1.51000004,0.0150460172,0.000961254779,64.7275401,0.000232451553,0.0024057577,0.394848454,0.192078803,245,8.38265698,7.86509154,1.92158441
454,1.51333337,0.0135043237,0.000862759595,63.9626237,0.000211128358,0.00264116821,0.385603586,0.198051137,245,8.32398572,7.79028181,3.37545905
455,1.5166667,0.014018571,0.000895613646,62.7796627,0.000223297965,0.00234067158,0.376045302,0.203780251,245,8.83971656,7.80683744,4.32506291
456,1.52000004,0.0132839131,0.000848678076,67.705426,0.000196201603,0.0024780546,0.366128621,0.210262798,245,13.3691538,8.50041749,6.82568569
457,1.52333337,0.0131496574,0.000840100794,70.768689,0.000185811798,0.00211150854,0.355812157,0.217562865,245,11.0357809,8.94993084,2.92815829
458,1.5266667,0.013076786,0.000835445215,71.8048175,0.00018211572,0.0022889141,0.345073809,0.225511866,245,9.99497362,9.07387463,2.27556982
459,1.53000004,0.014363655,0.000917660254,71.746323,0.000200200573,0.00215861181,0.333909383,0.233782028,245,10.0925625,9.13899157,3.58012368
460,1.53333337,0.0140366213,0.000896766841,71.3629863,0.0001966933,0.00259189581,0.322338971,0.242025073,245,10.6706447,9.29021686,4.48528304
461,1.5366667,0.0135252023,0.00086409348,76.5639005,0.000176652473,0.00211821673,0.310314361,0.251240297,245,14.8030166,9.97050915,7.04405446
462,1.54000004,0.0141549483,0.000904326475,80.1785517,0.000176542829,0.00219705267,0.297791458,0.261590929,245,12.9314388,10.4939864,3.43236318
463,1.54333337,0.0141481469,0.000903891949,82.0498305,0.000172433591,0.00245510069,0.284746681,0.272906145,245,12.2692747,10.7686438,2.89619728
464,1.5466667,0.0130759143,0.000835389523,83.0239997,0.000157495596,0.00223429041,0.271178947,0.284882268,245,12.5731485,11.009844,4.01381165
465,1.55000004,0.01345912,0.000859871634,83.7995681,0.000160610851,0.00224156475,0.257113033,0.298908731,245,13.2757223,11.3336518,4.85289996
466,1.55333337,0.0143374476,0.000915985924,89.6184689,0.000159983179,0.0024459947,0.242503018,0.316447542,245,17.0574157,12.048442,7.48593723
467,1.5566667,0.0131883791,0.000842574636,94.1877219,0.000140022276,0.00206435344,0.227317329,0.335636542,245,15.7579838,12.6923568,4.33182309
468,1.56000004,0.0135767226,0.000867384991,97.3693797,0.000139435238,0.00251402696,0.211545526,0.356682791,245,15.5437804,13.1628039,3.97581186
469,1.56333337,0.0135259611,0.000864141956,99.9126448,0.000135377871,0.00214525335,0.195208716,0.379836373,245,16.1289832,13.6251981,4.91086562
470,1.5666667,0.0135829677,0.000867783973,102.436135,0.000132599377,0.00231346451,0.178362852,0.405309609,245,17.0449987,14.1672331,5.68843891
471,1.57000004,0.0134675425,0.000860409729,109.492639,0.000122999524,0.00239018808,0.161002486,0.433362338,245,20.591643,14.9755379,8.41116725
472,1.57333337,0.0135598419,0.000866306522,115.717529,0.000117180534,0.00226047028,0.143146648,0.464298766,245,19.9703038,15.7909012,5.92723037
473,1.5766667,0.0129755715,0.000828978855,120.994168,0.000107241297,0.00218162959,0.124859136,0.498466984,245,20.2759326,16.4986803,5.82317264
474,1.58000004,0.0144429983,0.000922729315,125.96757,0.000114656481,0.00227472587,0.10625164,0.536216455,245,21.223782,17.2147008,6.65660963
475,1.58333337,0.0136958603,0.000874996416,131.163409,0.0001044183,0.00204631826,0.0874932502,0.577879701,245,22.438959,17.9994358,7.42011714
476,1.58666671,0.0138495695,0.000884816538,140.472129,9.85930064e-05,0.00205005211,0.0687150147,0.623790504,245,25.9108204,18.9296834,10.2665155
477,1.59000004,0.0140069621,0.000894871981,149.43762,9.37311643e-05,0.00229725675,0.0501091008,0.674279002,245,25.9898964,19.9225844,8.58702737
478,1.59333337,0.0132639607,0.000847403367,157.939992,8.39810144e-05,0.00207340465,0.0319357909,0.729592655,245,26.7983598,20.843079,8.75347506
479,1.59666671,0.0135379616,0.000864908638,166.485509,8.13161559e-05,0.00217366724,0.0145387969,0.789824736,245,28.0741017,21.7607601,9.55459666
480,1.60000004,0.013259596,0.000847124517,175.46462,7.55684883e-05,0.0024409208,-0.00166958832,0.854785823,245,29.5129575,22.7074847,10.3024166
481,1.60333337,0.0142683612,0.000911572158,188.152033,7.58342122e-05,0.00228155835,-0.0163081104,0.923939261,245,32.9325605,23.6628283,13.2485165
482,1.60666671,0.0138257069,0.000883292011,200.828843,6.8843233e-05,0.00216843722,-0.028962193,0.99625826,245,33.4168666,24.7057133,12.0925541
483,1.61000004,0.0133144959,0.000850631942,213.245233,6.24374844e-05,0.00221527554,-0.0392051942,1.0700468,245,34.3683004,25.675689,12.2034591
484,1.61333337,0.0134223144,0.000857520212,225.643155,5.94846957e-05,0.00219599694,-0.0466678091,1.1428161,245,35.5616893,26.6161145,12.6565615
485,1.61666671,0.0133499121,0.000852894597,238.142895,5.60584101e-05,0.00197557792,-0.0510999491,1.21131515,245,36.7553017,27.5524803,12.9723528
486,1.62000004,0.0127969364,0.000817566279,253.47928,5.0485138e-05,0.00227223106,-0.0525056676,1.27184344,245,39.8274028,28.3765343,15.7777975
487,1.62333337,0.0130378779,0.000832959466,268.346789,4.85859286e-05,0.00237751066,-0.0511022828,1.32083452,245,40.0670166,29.3712767,14.3424426
488,1.62666671,0.0130803845,0.000835675114,282.259969,4.63416212e-05,0.00222497851,-0.0473237474,1.35551496,245,40.5722629,30.3487885,13.9543426
489,1.63000004,0.0137280253,0.000877051365,295.242461,4.64974627e-05,0.00213934063,-0.0417717894,1.37459577,245,41.1786836,31.3415743,13.9381856
490,1.63333337,0.0138756969,0.000886485757,307.294358,4.51544147e-05,0.00225161746,-0.0351268338,1.37857561,245,41.6991821,32.3609061,13.9044102
491,1.63666671,0.0133455151,0.000852613685,321.094998,4.15625133e-05,0.00204404479,-0.0280586834,1.36957667,245,44.2032223,33.1413975,16.634282
492,1.64000004,0.0132330182,0.00084542652,333.667251,3.96593257e-05,0.00204450629,-0.0210892528,1.35069033,245,43.7276357,34.1999127,14.7147946
493,1.64333337,0.0143432367,0.000916355781,344.432976,4.16430415e-05,0.00238357785,-0.0145514502,1.32516244,245,43.3337185,35.2396296,13.6656737
494,1.64666671,0.0139027699,0.000888215387,353.31566,3.93494301e-05,0.00218602817,-0.0243461864,1.29571378,245,42.8514086,36.255477,12.8491722
495,1.65000004,0.0142823996,0.00091246904,360.180394,3.96534621e-05,0.00222384677,-0.0329177987,1.26419029,245,42.0982678,37.2349842,11.964894
496,1.65333337,0.0134395742,0.000858622898,367.648903,3.65554584e-05,0.00256520845,-0.0388918865,1.23157106,245,43.3687005,37.7565089,13.5574533
497,1.65666671,0.0156497099,0.000999823291,372.592002,4.20022701e-05,0.00303228158,-0.042273984,1.19817044,245,41.2938433,38.6440116,10.5042882
498,1.66000004,0.0134134483,0.000856953776,374.198327,3.58458264e-05,0.00275295576,-0.0432191328,1.16382797,245,39.1788899,39.4363163,9.32439477
499,1.66333337,0.0145866859,0.000931909181,372.340091,3.9175706e-05,0.00258753948,-0.0420476446,1.12813409,245,36.984185,40.0544227,9.6801995
500,1.66666671,0.0139584358,0.000891771752,367.010308,3.80328168e-05,0.00229830549,-0.0392079288,1.09060184,245,34.6653048,40.4110353,11.0229009
501,1.67000004,0.0142819957,0.000912443234,361.315715,3.95277457e-05,0.00259922598,-0.0352732625,1.0508652,245,34.9555317,39.9969834,12.6337865
502,1.67333337,0.0143486461,0.000916701372,352.413851,4.07153295e-05,0.0026515449,-0.0307359819,1.00875074,245,31.6959642,39.7990321,12.7984415
503,1.67666671,0.0152038166,0.000971336214,339.990598,4.47183443e-05,0.00261821189,-0.0259921529,0.964268934,245,28.7535417,39.2164966,14.6531606
504,1.68000004,0.0152540536,0.000974545735,324.517467,4.70053391e-05,0.00264878687,-0.0213337707,0.917634998,245,26.1454724,38.2213087,16.6998069
505,1.68333337,0.0160150737,0.00102316553,306.560955,5.22410745e-05,0.00280388673,-0.0169595709,0.869219362,245,23.8328665,36.841739,18.4165831
506,1.68666671,0.0153441655,0.000980302775,289.957583,5.29186557e-05,0.00251343938,-0.0130134109,0.819577406,245,24.9950435,34.9184517,18.0030903
507,1.69000004,0.0157099421,0.00100367139,271.741053,5.78121781e-05,0.00261924795,-0.00956264398,0.769345108,245,22.018452,33.3587305,18.2587498
508,1.69333337,0.0151713586,0.000969262548,251.782534,6.02558024e-05,0.00274586245,-0.00663107675,0.719176747,245,19.7193349,31.5403175,19.1367161
509,1.69666671,0.0149012192,0.000952003971,230.659203,6.46027515e-05,0.00270961796,-0.00847372611,0.669702656,245,18.1227597,29.5193531,19.8856786
510,1.70000004,0.015494363,0.00098989854,208.965782,7.41478479e-05,0.00264729345,-0.010223138,0.62150461,245,17.1074553,27.3841129,20.2806512
511,1.70333337,0.0153255731,0.000979114949,190.978691,8.02475556e-05,0.00310787878,-0.0116739036,0.575142393,245,20.0973723,25.4532509,18.604642
512,1.70666671,0.0153724196,0.000982107863,172.899853,8.89093851e-05,0.00255771838,-0.0129034244,0.531036085,245,18.0831216,23.9230092,17.9392885
513,1.71000004,0.0150956447,0.000964425365,154.543937,9.76786605e-05,0.00209240141,-0.0139505769,0.48951412,245,16.7895562,22.1954135,17.7666245
514,1.71333337,0.0151398177,0.000967247476,136.439447,0.00011096364,0.00260896916,-0.014835499,0.450772116,245,16.1531629,20.4164198,17.526321
515,1.71666671,0.0159171825,0.00101691149,119.130407,0.000133611416,0.00288107185,-0.01556352,0.414961909,245,15.9488605,18.727765,17.0512554
516,1.72000004,0.0168280862,0.00107510699,107.975916,0.000155850367,0.00269456409,-0.0162147472,0.382191122,245,19.5112661,18.0030947,15.1343293
517,1.72333338,0.01687394,0.00107803648,97.5683378,0.000172944834,0.00239791782,-0.0168239731,0.352474528,245,17.786041,17.41238,13.6581787
518,1.72666671,0.0159151507,0.00101678168,87.5817206,0.000181717721,0.00307184808,-0.017397874,0.325754232,245,16.6636584,16.5391975,12.88343
519,1.73000004,0.0159385662,0.00101827764,78.5534224,0.000202900977,0.00273376394,-0.0179271059,0.301938115,245,16.0964005,15.6598743,12.2271317
520,1.73333338,0.0159036428,0.00101604647,71.0054775,0.000223977689,0.00265585501,-0.0183946902,0.280892499,245,15.8859731,14.9481877,11.4850746
521,1.73666671,0.0152076791,0.00097158298,71.0689669,0.000213984806,0.00246929264,-0.0188538279,0.262546629,245,19.2938882,15.4894736,10.0311413
522,1.74000004,0.0158107387,0.00101011104,70.7097085,0.000223600677,0.00283220488,-0.0193182273,0.246754012,245,17.5014571,15.737547,7.88769825
523,1.74333338,0.0157356355,0.00100531288,69.481212,0.000226473245,0.00279276285,-0.0197820174,0.233329464,245,16.3174199,15.552705,6.98971672
524,1.74666671,0.0154492617,0.000987017127,67.9075268,0.000227504409,0.00269510251,-0.02041505,0.222085563,245,15.7053437,15.2800306,6.54086458
525,1.75000004,0.0165176367,0.0010552731,66.3751573,0.000248852694,0.00279986889,-0.0210785166,0.212797656,245,15.4637165,15.0851072,6.15356145
526,1.75333338,0.0164969965,0.00105395444,70.0117471,0.000235631836,0.00266026755,-0.0217341975,0.205346082,245,18.8112522,15.9209406,6.0172403
527,1.75666671,0.0160001111,0.0010222096,71.6032076,0.000223455229,0.00257623396,-0.0223802561,0.199525998,245,17.0229228,16.2941174,2.80775616
528,1.76000004,0.0148499121,0.000948726084,71.2074131,0.000208544468,0.00226080643,-0.0230138128,0.196835218,245,15.8657702,16.1935273,2.21832948
529,1.76333338,0.0170851173,0.00109152811,69.6159045,0.000245419742,0.00330496118,-0.0236311432,0.194286886,245,15.2827483,15.952508,3.00036128
530,1.76666671,0.0167354296,0.00106918738,67.4216471,0.00024822042,0.00288107411,-0.0242337373,0.1906716,245,15.049301,15.724158,3.66108467
531,1.77000004,0.0161185006,0.00102977323,69.6611875,0.000231384235,0.0030210015,-0.0248206565,0.190030634,245,18.544751,16.3666608,5.46262138
532,1.77333338,0.0159026581,0.00101598356,69.9938913,0.000227200657,0.00286432043,-0.0253898171,0.190016323,245,16.7591634,16.5711097,2.29227642
533,1.77666671,0.0160195687,0.0010234527,68.4587971,0.00023400307,0.00271656197,-0.0259388046,0.189489635,245,15.5827059,16.3185867,2.31830493
534,1.78000004,0.0155790129,0.000995306627,65.8484091,0.000236589056,0.00255427811,-0.0264679121,0.189500357,245,14.9500825,15.9178311,3.41595111
535,1.78333338,0.0153604126,0.000981340764,62.7918613,0.00024462426,0.00235613959,-0.0269779641,0.190668189,245,14.6355692,15.5180365,4.15817554
536,1.78666671,0.0164263878,0.00104944342,64.9398533,0.00025294772,0.00271290328,-0.0274669549,0.192174227,245,18.4874785,16.0045004,6.46270157
537,1.79000004,0.0154054455,0.000984217813,65.4374444,0.000235422481,0.00285815758,-0.0282683216,0.193903969,245,16.6116096,16.0949073,3.79342645
538,1.79333338,0.0161864264,0.00103411285,64.2151358,0.000252065595,0.00293635091,-0.0291168701,0.195796712,245,15.3159799,15.7351112,3.47730771
539,1.79666671,0.0171564784,0.0010960872,62.0626278,0.000276438157,0.00290566776,-0.0298878868,0.197765368,245,14.549595,15.2276287,4.02521901
540,1.80000004,0.0175054445,0.00111838182,59.5997261,0.000293716861,0.00281488714,-0.0305881457,0.199691058,245,14.1000128,14.7274224,4.45296257
541,1.80333338,0.0158502644,0.00101263625,63.1991515,0.00025079869,0.00286629589,-0.0312275994,0.201615515,245,18.4381004,15.2356032,6.83259056
542,1.80666671,0.0152990901,0.000977423014,64.986151,0.000235420776,0.0025600586,-0.0318116849,0.203456356,245,16.4166125,15.3538581,3.9820096
543,1.81000004,0.0154644808,0.000987989436,64.8890138,0.000238322019,0.00269867149,-0.032344958,0.205157308,245,14.9621732,14.9940121,3.34836765
544,1.81333338,0.0155967083,0.00099643714,63.7215192,0.000244763597,0.00276139261,-0.0328305935,0.206656678,245,14.0450784,14.4755592,3.71636942
545,1.81666671,0.0156941269,0.00100266099,62.0965631,0.000252737449,0.00267000466,-0.0332750178,0.207910235,245,13.4661284,13.9603665,4.06995919
546,1.82000004,0.0170884474,0.00109174086,66.6533828,0.000256377797,0.00287048846,-0.0336849389,0.208951548,245,18.2606442,14.5938183,6.51305392
547,1.82333338,0.014839989,0.000948092118,69.0863938,0.000214803352,0.00252276545,-0.0340644379,0.20975529,245,16.0923482,14.806976,3.28311319
548,1.82666671,0.0159954146,0.00102190956,69.3957412,0.000230495624,0.00268736192,-0.0344167297,0.210285201,245,14.4917526,14.493218,2.4794383
549,1.83000004,0.0161324475,0.00103066427,68.4229419,0.000235775415,0.00305168496,-0.0347441331,0.210481422,245,13.4496087,13.9933253,3.04394314
550,1.83333338,0.016290667,0.00104077254,66.7897963,0.000243909517,0.00285794849,-0.0350481529,0.210304444,245,12.7757759,13.4812939,3.57668098
551,1.83666671,0.0161216791,0.0010299763,71.1569499,0.000226565067,0.00265445884,-0.0353334541,0.209849655,245,17.9298564,14.2234558,5.98493283
552,1.84000004,0.0149564556,0.0009555329,73.2807923,0.000204097897,0.00288353466,-0.0356022874,0.209093052,245,15.6485452,14.5082937,2.36801199
553,1.84333338,0.0156539224,0.00100009242,73.1917098,0.000213875621,0.00256228601,-0.0358564461,0.208013706,245,13.943342,14.2167728,1.55835302
554,1.84666671,0.0155753969,0.000995075608,71.7323147,0.000217132222,0.00280507736,-0.0360958359,0.206580197,245,12.820898,13.7123184,2.62740273
555,1.85000004,0.0155075331,0.000990739948,69.5349771,0.000223017735,0.00299351867,-0.0363218577,0.204793372,245,12.0957124,13.1796641,3.40709975
556,1.85333338,0.0164959387,0.00105388686,73.2824316,0.000225100864,0.00287422584,-0.036537958,0.202778826,245,17.5226504,13.9807247,5.61832537
557,1.85666671,0.0170509139,0.00108934293,74.7992325,0.000227955734,0.00307355594,-0.0367448546,0.200498517,245,15.1728392,14.2916943,1.79819334
558,1.86000005,0.0162436907,0.00103777133,74.1127924,0.000219175262,0.00313533844,-0.0369428302,0.197951629,245,13.4067966,13.9928608,1.19107411
559,1.86333338,0.01573462,0.001005248,72.0584814,0.000218359029,0.00251182312,-0.0371343857,0.195151988,245,12.2432628,13.4627851,2.62194958
560,1.86666671,0.0159317345,0.00101784118,69.2760857,0.00022997452,0.00266183966,-0.0373172874,0.192095456,245,11.4990063,12.8948341,3.49969404
561,1.87000005,0.0157359718,0.00100533436,72.5556601,0.000216881382,0.00269950656,-0.0374936198,0.190807567,245,17.1339869,13.7309189,5.47181731
562,1.87333338,0.0145289732,0.00092822205,73.6311485,0.000197321019,0.00268787724,-0.0376644226,0.190811446,245,14.7475184,14.0487192,1.69296959
563,1.87666671,0.0151908962,0.00097051076,72.5244236,0.000209459041,0.00232312412,-0.0378288585,0.189569302,245,12.9498505,13.7319227,1.31401777
564,1.88000005,0.0161038289,0.00102883589,70.074457,0.000229810257,0.0027102828,-0.0379857315,0.186629282,245,11.7683604,13.174032,2.7435468
565,1.88333338,0.01678391,0.00107228468,66.9279433,0.000250775823,0.00324588465,-0.0381348275,0.18195674,245,11.0211235,12.5739931,3.6135151
566,1.88666671,0.0165074568,0.00105462273,70.0594292,0.000235620773,0.00285405137,-0.0382765167,0.181107634,245,16.8064039,13.4473397,5.42322295
567,1.89000005,0.0155731161,0.000994929893,70.9770347,0.000219410633,0.00306610232,-0.038412505,0.180570208,245,14.4022233,13.7692402,1.72366721
568,1.89333338,0.0160823382,0.0010274629,69.7040928,0.000230723011,0.00270297415,-0.0385411648,0.178904601,245,12.5888626,13.440324,1.41500324
569,1.89666671,0.0164359992,0.00105005747,67.0987174,0.00024495251,0.0029751129,-0.0386595509,0.175644162,245,11.4001588,12.8627629,2.79286069
570,1.90000005,0.0149838966,0.00095728604,63.8194571,0.000234785711,0.00261365983,-0.0387666153,0.170785619,245,10.6544368,12.2410147,3.63748226
571,1.90333338,0.0157987406,0.00100934452,67.0595865,0.000235592575,0.00288254214,-0.038864476,0.169844997,245,16.5463514,13.1570854,5.3884112
572,1.90666671,0.0152497313,0.000974269593,68.0297679,0.000224162624,0.00286717986,-0.0389537271,0.169278003,245,14.1349633,13.4889971,1.70072439
573,1.91000005,0.016667483,0.00106484643,66.7765943,0.000249600674,0.00300500757,-0.0390322215,0.16764872,245,12.3144005,13.1533131,1.38031375
574,1.91333338,0.0165495578,0.00105731246,64.1807932,0.000257858418,0.00305235531,-0.0390990239,0.16453517,245,11.1221433,12.5636921,2.75653728
575,1.91666671,0.0157894649,0.00100875191,60.9204624,0.000259181632,0.00283387741,-0.0391517738,0.159924758,245,10.376331,11.930351,3.59242508
576,1.92000005,0.0167090706,0.00106750336,64.3885346,0.000259503819,0.00267984629,-0.0391922898,0.159265098,245,16.3538925,12.8935889,5.3611909
577,1.92333338,0.014803176,0.000945740222,65.5137493,0.000225955256,0.00252552607,-0.0392207239,0.158993517,245,13.9405312,13.2390694,1.64892727
578,1.92666671,0.0166067919,0.00106096902,64.3698306,0.0002579903,0.00271590934,-0.0392384762,0.157729921,245,12.1160906,12.9024175,1.28274452
579,1.93000005,0.0159105653,0.00101648873,61.866479,0.000257175866,0.00240099526,-0.0392427328,0.155021653,245,10.919758,12.3084711,2.68681767
580,1.93333338,0.016267853,0.001039315,58.6987281,0.00027714149,0.0028406633,-0.0392309626,0.150871533,245,10.1699062,11.668227,3.5263344
581,1.93666671,0.0173583116,0.00110898185,62.41342,0.000278118258,0.00264216131,-0.0392054662,0.150654198,245,16.2292759,12.680726,5.3500768
582,1.94000005,0.0145889099,0.000932051263,63.7141448,0.000228974428,0.0028439048,-0.0391669643,0.15083509,245,13.8168315,13.0412768,1.62251157
583,1.94333338,0.0165907383,0.00105994339,62.7021,0.000264596215,0.00310619398,-0.0391155857,0.150029427,245,11.988793,12.7094053,1.19857316
584,1.94666671,0.0162947856,0.00104103567,60.3142233,0.000270164892,0.00246574496,-0.0390500762,0.147806981,245,10.7860002,12.1139296,2.62699054
585,1.95000005,0.0161233221,0.00103008126,57.2548934,0.000281606009,0.00343760073,-0.0389687035,0.144150309,245,10.0279133,11.4698704,3.46691029
586,1.95333338,0.0156800288,0.00100176029,61.1812267,0.000256288238,0.0033304389,-0.0388736749,0.14441087,245,16.1689351,12.5308395,5.35573431
587,1.95666671,0.0163376199,0.00104377225,62.6329648,0.000260846983,0.00272702813,-0.038766676,0.145040611,245,13.758362,12.9103245,1.6298887
588,1.96000005,0.0155747036,0.000995031314,61.7394293,0.000252265105,0.0029808993,-0.0386457408,0.144660671,245,11.9267468,12.5849035,1.15222799
589,1.96333338,0.01613908,0.001031088,59.4535511,0.000271456956,0.00303753434,-0.0385105629,0.142860648,245,10.7160492,11.9910123,2.58599893
590,1.96666671,0.0160058921,0.00102257894,56.4887196,0.000283346697,0.00275801346,-0.0383589292,0.139626573,245,9.94768092,11.3455932,3.42766767
591,1.97000005,0.0167006947,0.00106696825,60.5646328,0.000275749954,0.0034343822,-0.0381926567,0.140276326,245,16.1600279,12.4523738,5.36048446
592,1.97333338,0.0153473771,0.000980507958,62.1216941,0.000247053422,0.00272200318,-0.0380128238,0.141247725,245,13.7527186,12.8497994,1.64451048
593,1.97666671,0.015714394,0.00100395581,61.3116053,0.000256303745,0.00304047869,-0.0378192681,0.141199122,245,11.9191864,12.5308143,1.13197846
594,1.98000005,0.0155824532,0.000995526417,59.096643,0.000263677468,0.00307342746,-0.0376113612,0.139700943,245,10.701484,11.9394135,2.5630431
595,1.98333338,0.0157131509,0.00100387639,56.1958401,0.00027961413,0.00329353051,-0.0373855379,0.136776944,245,9.92324898,11.2933831,3.40498484
596,1.98666671,0.0155286308,0.000992087833,60.3575625,0.000257277302,0.00285051956,-0.0371436975,0.137685339,245,16.1888442,12.4376367,5.35897051
597,1.99000005,0.0156089706,0.000997220549,61.9748345,0.000251859818,0.00300167319,-0.0368875085,0.138881271,245,13.7877847,12.8494044,1.65273289
598,1.99333338,0.0165481059,0.0010572197,61.2127302,0.000270337654,0.00332753153,-0.036616611,0.139026846,245,11.9550594,12.5371243,1.12052602
599,1.99666672,0.0168745092,0.00107807285,59.0390792,0.000285819315,0.00291012885,-0.036328987,0.137718323,245,10.7326279,11.9485459,2.54991767
600,2.00000005,0.0155346008,0.000992469243,56.175086,0.000276538978,0.00279940913,-0.0360225361,0.134975065,245,9.94634228,11.3023976,3.3913269
601,2.00333338,0.0160098046,0.0010228289,60.374848,0.000265173415,0.00323364705,-0.0356987916,0.13600917,245,16.2432208,12.4739047,5.34858383
602,2.00666672,0.0157934346,0.00100900553,62.0139067,0.000254675693,0.00290898074,-0.0353583758,0.137309331,245,13.8511352,12.8958695,1.65389612
603,2.01000005,0.01581134,0.00101014946,61.2721327,0.00025805108,0.00253568965,-0.0350004565,0.137529594,245,12.0227004,12.5892203,1.11312129
604,2.01333338,0.0158550414,0.00101294144,59.1164539,0.000268200144,0.00315306096,-0.0346234937,0.136298956,245,10.7989444,12.0029985,2.54457797
605,2.01666672,0.0157024584,0.00100319327,56.2675758,0.000279067619,0.00255972959,-0.0342260829,0.133644191,245,10.0072815,11.3568495,3.38626454
606,2.02000005,0.0144920743,0.000925864667,60.4739389,0.000239641647,0.00250385299,-0.0338086918,0.134746273,245,16.3117427,12.5465315,5.33408612
607,2.02333338,0.0163741333,0.001046105,62.1150453,0.000263609778,0.00258329818,-0.0333725363,0.13606648,245,13.9324841,12.9746214,1.6512565
608,2.02666672,0.0147720853,0.000943753913,61.3793148,0.000240668789,0.00307026033,-0.0329164891,0.136297232,245,12.1123046,12.6715285,1.11070078
609,2.03000005,0.0148803855,0.000950672959,59.2313282,0.000251224917,0.00288968204,-0.03243978,0.13510344,245,10.890398,12.0888485,2.53873498
610,2.03333338,0.0153439224,0.000980287242,56.3933401,0.00027208749,0.00317592344,-0.0319393084,0.132495172,245,10.0958359,11.4428433,3.38183499
611,2.03666672,0.0160124699,0.00102299918,60.5940402,0.000264258165,0.00307279785,-0.0314167108,0.133596613,245,16.3914089,12.6420557,5.32088272
612,2.04000005,0.0140332717,0.000896552843,62.2313861,0.000225501513,0.00290230542,-0.0308721427,0.136084621,245,14.0273025,13.0729192,1.65022395
613,2.04333338,0.0159275794,0.00101757572,61.4979681,0.000258993587,0.00314738734,-0.0303043707,0.135150975,245,12.2183046,12.7738284,1.10816641
614,2.04666672,0.015402669,0.000984040424,59.3566257,0.000259493676,0.00294902666,-0.0297123354,0.133949305,245,11.0014785,12.1934473,2.53614026
615,2.05000005,0.0165259468,0.00105580401,56.5266133,0.000292356924,0.00281807811,-0.0290943673,0.13135783,245,10.2066461,11.5484274,3.37786279
616,2.05333338,0.0165253247,0.00105576427,60.7166937,0.000272171025,0.00315433257,-0.0284495231,0.132807311,245,16.4777581,12.7512022,5.30652762
617,2.05666672,0.0149869903,0.000957483688,62.3494778,0.000240370743,0.00278963358,-0.0277791202,0.13611667,245,14.1316682,13.1837524,1.64835477
618,2.06000005,0.0162620041,0.00103894133,61.6198385,0.000263908581,0.00270922985,-0.0270829974,0.133958553,245,12.3366352,12.8880052,1.10525494
619,2.06333338,0.0164265863,0.0010494561,59.4878033,0.000276133685,0.0030308745,-0.0263595957,0.132769419,245,11.1271411,12.3110306,2.53056316
620,2.06666672,0.0144982939,0.00092626202,56.6702956,0.000255835861,0.0030258991,-0.0256066509,0.130221548,245,10.3337742,11.6678762,3.3736851
621,2.07000005,0.0167157699,0.00106793137,60.8501248,0.000274703955,0.00281029624,-0.0248244026,0.132832596,245,16.5694795,12.8702926,5.29288876
622,2.07333338,0.0145875377,0.000931963596,62.4808585,0.000233472107,0.00340862904,-0.0240143784,0.136096465,245,14.2434311,13.3024789,1.64794986
623,2.07666672,0.0163173806,0.00104247921,61.7589919,0.000264210605,0.0030557402,-0.0231754794,0.133642329,245,12.4645828,13.0092367,1.10335768
624,2.08000005,0.015302964,0.00097767051,59.6397234,0.000256590124,0.00319910713,-0.0223064336,0.131637325,245,11.2640037,12.4364592,2.5267637
625,2.08333338,0.0174575151,0.00111531973,56.8384535,0.000307142682,0.00315445879,-0.0214048084,0.129128199,245,10.4730004,11.7960568,3.36548579
626,2.08666672,0.015613751,0.000997525962,61.0077324,0.00025593069,0.00320235905,-0.0204713605,0.132798578,245,16.6685367,12.9954747,5.28039464
627,2.09000005,0.0145390271,0.000928864369,62.6368786,0.000232116086,0.00279097065,-0.0195063142,0.136056407,245,14.3633034,13.4273656,1.64827163
628,2.09333338,0.016789991,0.00107267318,61.9246281,0.00027113592,0.00283238771,-0.0185094061,0.13353785,245,12.6011344,13.1380781,1.09809542
629,2.09666672,0.0153494722,0.000980641808,59.8223372,0.000256584295,0.00297805455,-0.0174788052,0.130534177,245,11.4100239,12.5699836,2.51829592
630,2.10000005,0.0167796582,0.00107201304,57.0408036,0.000294169386,0.00309954376,-0.0164130228,0.128066565,245,10.6218462,11.9332102,3.35795511
631,2.10333338,0.0162001557,0.00103498998,61.1971991,0.000264720541,0.00272503712,-0.0153123221,0.132752468,245,16.7725096,13.1285106,5.26855638
632,2.10666672,0.014541004,0.000928990668,62.8248974,0.000231452889,0.00254202868,-0.0141770052,0.136039363,245,14.48879,13.5584601,1.64796669
633,2.11000005,0.0167644228,0.00107103968,62.1224932,0.000269860752,0.00352097631,-0.0130066876,0.133426348,245,12.7437478,13.2732344,1.0938646
634,2.11333338,0.0156692273,0.00100107021,60.0348622,0.000261002137,0.00306337852,-0.0118000213,0.130300231,245,11.5622432,12.7103851,2.51094308
635,2.11666672,0.0160658608,0.00102641019,57.2712253,0.000280522386,0.00300625454,-0.0105548185,0.127134681,245,10.7769686,12.0768212,3.34999042
636,2.12000005,0.0151836542,0.000970048083,61.4113605,0.000247245038,0.00318259504,-0.00928917058,0.132737373,245,16.8807063,13.2664827,5.25779914
637,2.12333338,0.0167390605,0.00106941935,63.0355337,0.000265549597,0.00284697673,-0.00955525974,0.135987368,245,14.6182969,13.6958844,1.64667348
638,2.12666672,0.0161366037,0.00103092979,62.3396809,0.000258849636,0.00288320885,-0.0098190929,0.133293628,245,12.8901811,13.4144193,1.08881939
639,2.13000005,0.0154683637,0.000988237506,60.2649982,0.000256672433,0.00272791716,-0.0100791034,0.130152068,245,11.7182132,12.8556157,2.50501034
640,2.13333338,0.0161108779,0.00102928623,57.5153684,0.000280114312,0.00317222089,-0.0103361693,0.126264011,245,10.93571,12.2259429,3.34224755
641,2.13666672,0.0163900165,0.00104711975,61.6374063,0.000265910224,0.00284975258,-0.0105901149,0.132681245,245,16.9925661,13.4081324,5.24555244
642,2.14000005,0.015304804,0.00097778806,63.254377,0.000241956442,0.00257335633,-0.0108403366,0.135962285,245,14.7511406,13.8359552,1.6480178
643,2.14333339,0.0165648211,0.0010582876,62.5637349,0.000264767138,0.00328185653,-0.0110875548,0.133187565,245,13.0394878,13.5584929,1.0845973
644,2.14666672,0.0160553934,0.00102574146,60.4981811,0.000265386382,0.0029138745,-0.0113300745,0.130043417,245,11.8764824,13.0044541,2.49838504
645,2.15000005,0.0160123638,0.0010229924,57.7602138,0.000277221339,0.00265074369,-0.01156874,0.125451491,245,11.0962974,12.3786263,3.33572473
646,2.15333339,0.0161810039,0.00103376642,61.8612503,0.000261569299,0.00296401147,-0.0118033951,0.132620098,245,17.1059043,13.5533648,5.23283916
647,2.15666672,0.0157971605,0.00100924357,63.4684944,0.000248897673,0.00296018108,-0.012033672,0.135892028,245,14.8846701,13.97943,1.64627842
648,2.16000005,0.0164205631,0.00104907129,62.7791903,0.000261560606,0.00298828399,-0.0122601075,0.133055804,245,13.188707,13.7049742,1.07943242
649,2.16333339,0.0161193498,0.00102982749,60.720862,0.00026546642,0.00274607257,-0.0124837133,0.129894565,245,12.0341912,13.1552902,2.49199059
650,2.16666672,0.0155639448,0.00099434396,57.9899026,0.000268390601,0.00318230425,-0.0127033262,0.124668452,245,11.2561287,12.532437,3.32951545
651,2.17000005,0.0150979615,0.000964573376,62.068121,0.000243248244,0.00284547787,-0.0129190124,0.132575211,245,17.2179763,13.6997241,5.21893694
652,2.17333339,0.0148936336,0.000951519347,63.6630342,0.000233944765,0.00275986634,-0.0131302724,0.13580585,245,15.0165921,14.1228677,1.641434
653,2.17666672,0.0150873003,0.000963892257,62.9699247,0.000239595336,0.00288696225,-0.0133375905,0.132904701,245,13.3359922,13.8506183,1.07686859
654,2.18000005,0.0156057245,0.000997013167,60.9131062,0.000256196499,0.00265564776,-0.0135407936,0.12973875,245,12.1893979,13.3041478,2.48769594
655,2.18333339,0.0154215614,0.00098524742,58.1843991,0.00026504633,0.00344745555,-0.0137398652,0.124462588,245,11.4128171,12.6837447,3.32340661
656,2.18666672,0.0157390019,0.00100552795,62.2391103,0.000252879609,0.00314704027,-0.0139347033,0.132475334,245,17.3292544,13.8437533,5.20630098
657,2.19000005,0.0140367295,0.000896773753,63.8204747,0.000219940851,0.0029227408,-0.0141246112,0.135695667,245,15.1462442,14.2646078,1.6394804
658,2.19333339,0.0159067161,0.00101624281,63.1232005,0.000251994765,0.00365332498,-0.0143104446,0.132726574,245,13.4795168,13.9944595,1.07282082
659,2.19666672,0.0166192724,0.00106176637,61.0650457,0.000272156882,0.00321562899,-0.0144918144,0.129555426,245,12.3399121,13.4503776,2.48329639
660,2.20000005,0.0156207629,0.000997973931,58.3368345,0.000267768435,0.00274253552,-0.0146685137,0.124189403,245,11.5642557,12.831514,3.31954364
661,2.20333339,0.0158433788,0.00101219634,62.3691418,0.000254025922,0.00297187419,-0.0148399742,0.13235518,245,17.4366377,13.9846242,5.19383526
662,2.20666672,0.0157893221,0.00100874278,63.9371463,0.000246950685,0.00298192855,-0.0150069435,0.13555523,245,15.2710985,14.4028963,1.63526815
663,2.21000005,0.0157867851,0.00100858071,63.2331061,0.000249660124,0.00280655343,-0.0151690075,0.132517554,245,13.6173925,14.1331756,1.06995118
664,2.21333339,0.0152447546,0.000973951645,61.1717426,0.000249212364,0.00294350594,-0.0153270097,0.129326317,245,12.4838073,13.5910573,2.4806544
665,2.21666672,0.0157935217,0.00100901109,58.4391855,0.000270255678,0.00390645102,-0.0154797249,0.123962306,245,11.7081014,12.9730194,3.31565711
666,2.22000005,0.0153950905,0.000983556256,62.4512266,0.000246513822,0.00353381801,-0.0156277189,0.132137916,245,17.5397325,14.1195671,5.17996535
667,2.22333339,0.0141846162,0.000906221887,64.0048556,0.000221617814,0.00262300679,-0.0157702558,0.13535178,245,15.3901904,14.5347061,1.63249219
668,2.22666672,0.0154071578,0.000984327206,63.293142,0.000243425391,0.00272386285,-0.0159077762,0.132264243,245,13.7477089,14.2665471,1.06594533
669,2.23000005,0.0152749624,0.000975881549,61.2270452,0.000249480639,0.00328524338,-0.0160403831,0.129048703,245,12.6186868,13.7255991,2.47649867
670,2.23333339,0.0144718221,0.000924570797,58.4886632,0.000247429523,0.00313053514,-0.0161675041,0.123654439,245,11.8422775,13.1063071,3.31069083
671,2.23666672,0.014847307,0.000948559652,62.4840751,0.000237617457,0.00278100675,-0.0162886618,0.131920458,245,17.6374324,14.2480216,5.16729754
672,2.24000005,0.0149461969,0.000954877492,64.0249111,0.000233443461,0.00289971,-0.0164045964,0.13509892,245,15.5022329,14.6601457,1.62677738
673,2.24333339,0.0153374565,0.00097987415,63.3042462,0.000242281638,0.00244627348,-0.0166836812,0.131967236,245,13.8697726,14.3911998,1.06395881
674,2.24666672,0.0152061712,0.000971486641,61.2310579,0.000248340821,0.00276923089,-0.0170625958,0.128765801,245,12.744336,13.8508693,2.47254995
675,2.25000005,0.0145693483,0.000930801518,58.4863914,0.000249106637,0.00283640674,-0.0174336035,0.123222126,245,11.9662276,13.2305847,3.30671581
676,2.25333339,0.0156211207,0.000997996797,62.4684912,0.000250063999,0.00300831884,-0.0177972046,0.131644063,245,17.7286756,14.3675696,5.15242852
677,2.25666672,0.0150096224,0.000958929599,63.9970769,0.000234536062,0.00272563182,-0.018155166,0.134806087,245,15.6064642,14.7762486,1.62299477
678,2.26000005,0.0148003183,0.000945557652,63.267126,0.000233933786,0.00290346742,-0.0185091842,0.131630529,245,13.9822894,14.507329,1.06164235
679,2.26333339,0.0156879609,0.00100226706,61.1855165,0.00025639991,0.00295138365,-0.0188580729,0.128408925,245,12.8590063,13.9660268,2.4681762
680,2.26666672,0.0146322591,0.000934820745,58.4323886,0.000250413503,0.00306828031,-0.0191987099,0.122856001,245,12.0781979,13.3432066,3.30270779
681,2.27000005,0.0147966207,0.000945321423,62.404781,0.000237107166,0.00319142689,-0.019531393,0.131308375,245,17.812777,14.4779616,5.13948685
682,2.27333339,0.0162703356,0.00103947361,63.9215085,0.000254536164,0.0031978276,-0.0198594964,0.134488034,245,15.7015791,14.883878,1.61944809
683,2.27666672,0.015556454,0.000993865389,63.182605,0.000246214191,0.00256367917,-0.0201839366,0.131282496,245,14.0843387,14.6122748,1.05941542
684,2.28000006,0.0150534396,0.000961728977,61.0916635,0.000246407426,0.00271108472,-0.0205028847,0.128059086,245,12.9623421,14.0689121,2.4653938
685,2.28333339,0.017082955,0.00109138996,58.3286711,0.000292874065,0.00329439437,-0.0208130272,0.122461339,245,12.1780893,13.4440324,3.29831901
686,2.28666672,0.0164087476,0.00104831643,62.2952905,0.000263402698,0.00357102264,-0.0211154806,0.130951613,245,17.8888707,14.5778489,5.12511434
687,2.29000006,0.0162364701,0.00103731003,63.8022243,0.000254481255,0.00278431053,-0.0214125408,0.134115103,245,15.7875133,14.9803139,1.6148351
688,2.29333339,0.0156746714,0.00100141803,63.0542773,0.000248590137,0.00293964692,-0.0217055935,0.130870056,245,14.1756064,14.7069038,1.05736501
689,2.29666672,0.0150511178,0.000961580642,60.9540629,0.000246925587,0.00253381954,-0.0219931589,0.127626722,245,13.0533277,14.1610357,2.46077422
690,2.30000006,0.0152984061,0.000977379314,58.1809719,0.00026294518,0.00349165834,-0.0222719273,0.122050033,245,12.264603,13.5316414,3.2934928
691,2.30333339,0.0145344322,0.00092857081,62.1457497,0.000233876528,0.00321351206,-0.0225426072,0.130590446,245,17.9568766,14.6665976,5.11322158
692,2.30666672,0.017075943,0.00109094198,63.6448185,0.000268300601,0.00280659157,-0.0228078853,0.133736932,245,15.8634034,15.066656,1.61132277
693,2.31000006,0.0155724203,0.000994885437,62.8882016,0.000247620696,0.00325077763,-0.0230691455,0.130443226,245,14.2554917,14.790151,1.05566948
694,2.31333339,0.0164496284,0.00105092821,60.7781641,0.000270650301,0.00368995474,-0.0233248928,0.127195199,245,13.1321037,14.2411602,2.45782092
695,2.31666672,0.0152782607,0.000976092269,57.9949669,0.000263441148,0.00301620782,-0.0235714092,0.121613505,245,12.3382287,13.6072881,3.289813
696,2.32000006,0.0161106845,0.00102927388,61.9594142,0.000260019962,0.00337508477,-0.0238102601,0.130188737,245,18.0158297,14.7452859,5.09992188
697,2.32333339,0.0166545123,0.00106401776,63.4517272,0.000262475319,0.00302261832,-0.0240440191,0.13330173,245,15.929079,15.1423141,1.60640399
698,2.32666672,0.0145745246,0.000931132219,62.6855408,0.000232502175,0.00252302937,-0.024273375,0.130030082,245,14.3236522,14.8631571,1.05203493
699,2.33000006,0.0160960438,0.00102833852,60.5658755,0.000265760937,0.00345606928,-0.024496521,0.126778857,245,13.1980128,14.3097435,2.45606845
700,2.33333339,0.0153437921,0.000980278918,57.7715684,0.000265594176,0.00283496712,-0.024710356,0.121158639,245,12.3982682,13.6700987,3.28553273
701,2.33666672,0.0161154418,0.00102957781,61.7399173,0.000261021435,0.00276085691,-0.0249166879,0.129765342,245,18.0671683,14.8118952,5.08853876
702,2.34000006,0.0161732072,0.0010332683,63.2272387,0.000255794931,0.00350326556,-0.0251174873,0.1328813,245,15.985364,15.2070886,1.60362032
703,2.34333339,0.0159216997,0.00101720008,62.4526822,0.000254940207,0.00316823223,-0.0253139436,0.129549104,245,14.3813172,14.9239109,1.05133947
704,2.34666672,0.0152190182,0.000972307409,60.3231301,0.000252291587,0.00277819454,-0.0255047631,0.126295727,245,13.2526188,14.3657527,2.45055077
705,2.35000006,0.016243193,0.00103773954,57.5179283,0.000282402261,0.00333137043,-0.0256866288,0.120672716,245,12.4466829,13.7192887,3.28218093
706,2.35333339,0.0154853286,0.000989321356,61.4926956,0.000251823871,0.00309367535,-0.0258610261,0.129309656,245,18.1105338,14.8681607,5.07550525
707,2.35666672,0.0167189066,0.00106813176,62.976197,0.000265479775,0.00282646464,-0.0260300294,0.13242768,245,16.0327748,15.2614909,1.59981887
708,2.36000006,0.0151657218,0.000968902425,62.1946531,0.000243842855,0.00313901577,-0.0261943164,0.129071631,245,14.4290803,14.9748181,1.04894219
709,2.36333339,0.0159705722,0.00102032243,60.055677,0.000265929435,0.00371080753,-0.0263522162,0.12579585,245,13.2965031,14.4120351,2.44665314
710,2.36666672,0.0154552706,0.000987401022,57.240358,0.000270006534,0.00339082078,-0.0265005842,0.120167213,245,12.4835622,13.7593832,3.27742202
711,2.37000006,0.0150656817,0.0009625111,61.2253798,0.000246069225,0.00289861673,-0.0266413687,0.128852789,245,18.1460964,14.9152575,5.06400226
712,2.37333339,0.0162345433,0.00103718693,62.7059374,0.00025889962,0.00361173126,-0.0267773754,0.131973931,245,16.0714549,15.3070497,1.59587094
713,2.37666672,0.0147093681,0.000939747059,61.9170827,0.000237565588,0.0023003501,-0.026909289,0.128587988,245,14.4673274,15.0160032,1.04579274
714,2.38000006,0.0162246354,0.00103655393,59.7696938,0.000271452543,0.00271123034,-0.0270351831,0.125310489,245,13.3305208,14.4476312,2.44285891
715,2.38333339,0.0164705259,0.0010522633,56.9446034,0.000289237697,0.00346193798,-0.0271518506,0.119676451,245,12.5106546,13.7880472,3.27221786
716,2.38666672,0.0156649049,0.00100079406,60.9414364,0.000257048502,0.00341488844,-0.0272616575,0.128412374,245,18.1750934,14.9543664,5.05297308
717,2.39000006,0.0153767509,0.000982384578,62.4207921,0.000246340207,0.00305375641,-0.0273665555,0.131536472,245,16.1024293,15.3448945,1.59350045
718,2.39333339,0.0171591329,0.00109625679,61.625659,0.00027844137,0.00356227436,-0.0274665799,0.12812075,245,14.4973858,15.0492411,1.04585535
719,2.39666672,0.0149725891,0.000956563626,59.4689276,0.000251771634,0.00315156448,-0.0275607527,0.124807271,245,13.3561285,14.4746692,2.43943311
720,2.40000006,0.0140439994,0.000897238209,56.6337579,0.000247979296,0.00250960943,-0.0276455065,0.119187921,245,12.5291036,13.8088431,3.26776147
721,2.40333339,0.0150265913,0.000960013702,60.6451042,0.000247779132,0.00342812908,-0.0277227852,0.127955962,245,18.1986127,14.9845602,5.04198238
722,2.40666672,0.0148884738,0.000951189701,62.1241134,0.000239656922,0.00284778996,-0.0277955158,0.131065979,245,16.1276919,15.3743721,1.58969981
723,2.41000006,0.0143849192,0.000919018774,61.3234684,0.000234574455,0.00321768318,-0.0278646297,0.127608211,245,14.5211541,15.0753405,1.0427502
724,2.41333339,0.0170925361,0.00109200207,59.1598124,0.000288921404,0.00334808363,-0.0279280333,0.124310006,245,13.3751112,14.4952239,2.43606152
725,2.41666673,0.0156833828,0.00100197457,56.3165256,0.000278486335,0.00345415407,-0.0279823124,0.118668893,245,12.5410377,13.8216599,3.26315177
726,2.42000006,0.0156513898,0.000999930614,60.34229,0.000259376795,0.00287940501,-0.0280294148,0.127519087,245,18.2173627,15.0092144,5.03045737
727,2.42333339,0.0157701258,0.00100751638,61.8216163,0.000255090804,0.00326936083,-0.0282219359,0.13063165,245,16.1478445,15.3984412,1.58776562
728,2.42666673,0.0162252774,0.00103659495,61.0166197,0.000265915704,0.00318437275,-0.0284613594,0.127097008,245,14.5397601,15.0955711,1.0399573
729,2.43000006,0.016528951,0.00105599594,58.8467429,0.000280881322,0.00281489474,-0.0286961824,0.123811214,245,13.3892534,14.5093287,2.43088592
730,2.43333339,0.0167514079,0.0010702082,55.995442,0.000299156634,0.00292735956,-0.0289259105,0.118164822,245,12.5484844,13.829407,3.25940007
731,2.43666673,0.0149530926,0.000955318044,60.0377295,0.000249061594,0.00280665521,-0.0291495465,0.127067579,245,18.2340396,15.0287651,5.02068803
732,2.44000006,0.0173389162,0.00110774272,61.5184814,0.000281848898,0.00382505707,-0.0293673913,0.130184075,245,16.1655201,15.4187756,1.58542835
733,2.44333339,0.015405358,0.000984212223,60.7097202,0.000253754391,0.00367755198,-0.0295804259,0.126620049,245,14.5558663,15.1119163,1.03732628
734,2.44666673,0.0163378654,0.00104378793,58.5331539,0.000279121563,0.00295438133,-0.0297881905,0.123317581,245,13.4009025,14.5211557,2.42670061
735,2.45000006,0.017294531,0.00110490706,55.675658,0.000310630025,0.00349956631,-0.0299914685,0.117666178,245,12.5536993,13.833922,3.25409871
736,2.45333339,0.0157948419,0.00100909543,59.7356166,0.000264412469,0.00312461188,-0.0301888719,0.12665266,245,18.2481218,15.0466958,5.00955517
737,2.45666673,0.0153024638,0.000977638554,61.2183515,0.000249965304,0.00341755006,-0.0303805412,0.129772657,245,16.1810495,15.4363836,1.58227067
738,2.46000006,0.016015237,0.00102317596,60.4060379,0.000265126427,0.0029254073,-0.0305665069,0.126165929,245,14.5702016,15.1267973,1.03554096
739,2.46333339,0.0164632446,0.00105179812,58.2242857,0.00028275563,0.00376398313,-0.0307481484,0.122843906,245,13.411206,14.5303941,2.42269558
740,2.46666673,0.0157860747,0.00100853532,55.3604172,0.000285150935,0.00368033027,-0.0309245349,0.117188353,245,12.5579562,13.8371338,3.24734458
741,2.47000006,0.0156517403,0.000999953008,59.4390196,0.000263324335,0.00289040651,-0.0310954585,0.126244174,245,18.2618962,15.0636465,5.00132653
742,2.47333339,0.0158485408,0.00101252613,60.9242209,0.000260135306,0.00299588244,-0.0312609665,0.129366617,245,16.1959908,15.4544989,1.58011987
743,2.47666673,0.0156092052,0.000997235538,60.1093222,0.000259680272,0.00251329527,-0.0314213006,0.125761156,245,14.5841394,15.1414108,1.03339911
744,2.48000006,0.0159085621,0.00101636075,57.9226432,0.000274651867,0.00284305017,-0.0315762724,0.122359909,245,13.4215831,14.5399942,2.4196452
745,2.48333339,0.0164797221,0.00105285082,55.0533687,0.000299340848,0.00269340875,-0.0317258088,0.116701012,245,12.5628522,13.8402486,3.2436426
746,2.48666673,0.016960148,0.00108354411,59.1491018,0.000286735511,0.00335702862,-0.0318711889,0.125858885,245,18.2757657,15.0808725,4.99110769
747,2.49000006,0.0158865403,0.00101495383,60.6371296,0.000261993607,0.00283942826,-0.0320121033,0.128985721,245,16.211551,15.4718709,1.5783519
748,2.49333339,0.0161910249,0.00103440664,59.8201191,0.000270661864,0.00329889836,-0.0321478407,0.125361707,245,14.5992468,15.1549728,1.03092902
749,2.49666673,0.0156631657,0.00100068295,57.6298052,0.000271789322,0.00360774993,-0.0322793229,0.12190248,245,13.433791,14.5491383,2.41476092
750,2.50000006,0.0148509121,0.000948789971,54.7565431,0.000271217123,0.00299052193,-0.0326663749,0.116241656,245,12.5701956,13.8443901,3.23890163
751,2.50333339,0.0164470688,0.000959212529,210.656183,7.80754142e-05,0.0028030551,-0.0331168922,1.65531635,294,183.528963,41.3206805,154.833344
752,2.50666673,0.0173311492,0.00101077315,339.750716,5.10113691e-05,0.00317626902,-0.0334543742,2.68106461,294,156.680372,68.2293148,112.250921
753,2.51000006,0.0179978031,0.00104965319,417.532244,4.31051813e-05,0.00298466264,-0.0335366414,3.10903788,294,132.868235,84.2274076,87.1210043
754,2.51333339,0.0179039103,0.00104417725,463.295328,3.8644703e-05,0.00304689739,-0.0331498392,3.17841768,294,114.725836,88.9186659,73.6607247
755,2.51666673,0.0184451492,0.00107574295,491.272872,3.75456294e-05,0.00335621392,-0.0320189061,3.09891701,294,101.910961,87.3349418,63.5222232
756,2.52000006,0.0171471348,0.00100004121,507.032652,3.38186007e-05,0.00290077745,-0.0377561816,2.95629502,294,93.4163193,85.4346695,57.8514456
757,2.52333339,0.0183096191,0.00106783867,513.042449,3.56883122e-05,0.00288880417,-0.0442381162,2.76578667,294,88.2664615,84.4184562,56.3915332
758,2.52666673,0.018634907,0.00108680985,512.382918,3.63691028e-05,0.00310940946,-0.0503986339,2.53143316,294,85.6085433,83.18757,56.0312453
759,2.53000006,0.0186998444,0.00109059707,508.375949,3.67834954e-05,0.00337714941,-0.0555435124,2.26711043,294,84.5689421,81.3437893,55.3707646
760,2.53333339,0.0194264996,0.00113297647,503.70781,3.8567001e-05,0.00356926621,-0.0591835738,1.99352514,294,84.2000975,79.0587184,54.436708
761,2.53666673,0.0180189933,0.00105088903,500.281124,3.60177357e-05,0.00386317189,-0.0611158197,1.80433993,294,83.6645216,76.3768681,53.2241607
762,2.54000006,0.0190133834,0.00110888304,499.28561,3.80811765e-05,0.00350114037,-0.0614142142,1.63761383,294,82.4436189,73.2073192,51.5855127
763,2.54333339,0.0204293443,0.00119146355,501.246861,4.07570519e-05,0.00406104561,-0.0603509657,1.52145335,294,80.3835435,69.5606636,49.5525011
764,2.54666673,0.0206543996,0.00120458904,506.149388,4.08069239e-05,0.00469819168,-0.0583010119,1.48738752,294,77.6029305,65.5948713,47.3213377
765,2.55000006,0.0206047936,0.00120169597,513.657977,4.01138393e-05,0.00377966438,-0.0556527272,1.44064305,294,74.359055,61.5370527,45.0698001
766,2.5533334,0.0195074364,0.0011376968,523.324759,3.72759669e-05,0.00461688355,-0.0527482715,1.38586712,294,70.9350274,57.6048115,42.8846509
767,2.55666673,0.0190529693,0.00111119173,534.697664,3.56331635e-05,0.00416734219,-0.0498536028,1.32798848,294,67.5722297,53.9664521,40.7727297
768,2.56000006,0.0210376402,0.00122694009,547.364021,3.84344593e-05,0.00401761033,-0.0471518432,1.27177494,294,64.4447214,50.7409305,38.7162597
769,2.5633334,0.022226094,0.00129625212,560.948808,3.96223214e-05,0.00391930427,-0.0447510251,1.35611027,294,61.6667301,47.9928833,36.7131422
770,2.56666673,0.0200574533,0.00116977443,575.124066,3.48750025e-05,0.00342085833,-0.0426958671,1.45421701,294,59.3102031,45.7492268,34.7943843
771,2.57000006,0.0203154505,0.00118482113,589.612313,3.44556076e-05,0.0036067327,-0.040986388,1.549406,294,57.4188569,44.0055703,33.0169173
772,2.5733334,0.0202092472,0.00117862723,604.198339,3.34480351e-05,0.00366653725,-0.0395900759,1.64088254,294,56.0120049,42.7379219,31.4407839
773,2.57666673,0.0189995176,0.00110807437,618.734533,3.07070587e-05,0.0034146226,-0.038454918,1.72808198,294,55.0814267,41.909135,30.1125729
774,2.58000006,0.0208144521,0.0012139235,633.135508,3.28751932e-05,0.00353156456,-0.0375176385,1.81055496,294,54.5899422,41.4781688,29.0495563
775,2.5833334,0.0200585892,0.00116984068,647.362435,3.09850991e-05,0.00379615049,-0.0367115003,1.88818663,294,54.4774534,41.4066229,28.2399824
776,2.58666673,0.0203621485,0.00118754461,661.413528,3.07858058e-05,0.0032482072,-0.0359726253,1.96093371,294,54.6758879,41.6614977,27.6444969
777,2.59000006,0.0191517852,0.00111695479,675.3006,2.83603853e-05,0.00362488216,-0.0352421035,2.02893005,294,55.125069,42.2212352,27.2189327
778,2.5933334,0.021553783,0.00125704215,689.040305,3.12808741e-05,0.00397317475,-0.0344699471,2.09244944,294,55.7828968,43.0652509,26.9349876
779,2.59666673,0.0204507664,0.00119271292,702.645633,2.91053775e-05,0.00379237269,-0.0336162208,2.15188767,294,56.6235093,44.1678903,26.7904543
780,2.60000006,0.0209982032,0.00122464008,716.127247,2.93218884e-05,0.0040821674,-0.0326516627,2.20755841,294,57.62792,45.4835362,26.7909196
781,2.6033334,0.0222571324,0.00129806232,729.504577,3.05099284e-05,0.00339867646,-0.0315565028,2.2598325,294,58.7727066,46.9463414,26.9204239
782,2.60666673,0.0216804433,0.00126442913,742.803781,2.91873088e-05,0.00383201525,-0.0303205872,2.30902185,294,60.0246075,48.4832173,27.1310229
783,2.61000006,0.0195351129,0.00113931092,756.057779,2.58381218e-05,0.00365156524,-0.0289425793,2.355389,294,61.3433497,50.0261571,27.3573881
784,2.6133334,0.0213175479,0.00124326464,769.292619,2.77105843e-05,0.00533974867,-0.027425542,2.39914677,294,62.687445,51.5339498,27.5620905
785,2.61666673,0.0233306434,0.00136067076,782.516782,2.98148793e-05,0.00428191745,-0.0336459811,2.44042697,294,64.0213737,52.9814138,27.7511822
786,2.62000006,0.020784185,0.00121215828,795.722323,2.61198968e-05,0.00341043324,-0.046388219,2.47928678,294,65.316888,54.3517266,27.9610837
787,2.6233334,0.0229487926,0.00133840076,808.889772,2.83707291e-05,0.0046591766,-0.0584771955,2.51570783,294,66.5528814,55.6227017,28.2331305
788,2.62666673,0.0240058897,0.00140005192,821.995531,2.92044042e-05,0.00467943689,-0.0695716582,2.54960561,294,67.7113752,56.7660167,28.5933451
789,2.63000006,0.0219537935,0.00128037124,835.016749,2.62914409e-05,0.00386429078,-0.0792298138,2.58085015,294,68.773984,57.7465267,29.0604445
790,2.6333334,0.0223572384,0.00130390062,847.939892,2.63665369e-05,0.00404635302,-0.0870230889,2.6091984,294,69.7189028,58.5299256,29.6396402
791,2.63666673,0.0239390391,0.00139615311,860.759812,2.78115205e-05,0.00428460775,-0.0924793826,2.63445019,294,70.5222333,59.0814673,30.3174829
792,2.64000006,0.0226147845,0.00131892102,873.474072,2.58906191e-05,0.00413296637,-0.0950832717,2.65627178,294,71.1591929,59.3864309,31.0843226
793,2.6433334,0.0207256314,0.00120874337,886.084905,2.3390119e-05,0.00327390584,-0.0942878097,2.67431564,294,71.6112826,59.4460621,31.9150752
794,2.64666673,0.0219098284,0.00127780714,898.590224,2.43824469e-05,0.00452773846,-0.0895283797,2.71409092,294,71.8752722,59.2867565,32.7869689
795,2.65000006,0.0218392534,0.00127369112,910.976456,2.39734553e-05,0.00401532446,-0.0839179472,2.80620613,294,71.9715847,58.969382,33.6821425
796,2.6533334,0.0228795884,0.00133436469,923.213283,2.47825598e-05,0.00409593102,-0.0864292662,2.90217075,294,71.9504245,58.5867923,34.5891521
797,2.65666673,0.0229321178,0.00133742827,935.242979,2.45199572e-05,0.00435637573,-0.0838368283,3.00133261,294,71.8928612,58.2599107,35.5144116
798,2.66000006,0.0229038972,0.00133578241,946.984416,2.41861396e-05,0.00334978912,-0.0756480605,3.10272459,294,71.9040335,58.1214161,36.4763919
799,2.6633334,0.0213745964,0.00124659178,958.325695,2.23041045e-05,0.00361561188,-0.0615048987,3.20487429,294,72.0983278,58.3007148,37.4938616
800,2.66666673,0.0246510914,0.00143768085,969.140943,2.54360231e-05,0.00460707157,-0.0412254205,3.30611072,294,72.5840455,58.8919926,38.5819689
801,2.67000006,0.0232587341,0.00135647692,979.291606,2.37505703e-05,0.00558756488,-0.0148265443,3.40427555,294,73.4490513,59.9503051,39.7385368
802,2.6733334,0.0235538801,0.00137369018,988.635977,2.38246236e-05,0.00347743538,0.00687533784,3.49702004,294,74.7592759,61.4899968,40.9242997
803,2.67666673,0.0228358118,0.00133181159,997.040635,2.29035919e-05,0.00373231004,0.0202816933,3.58168549,294,76.5673718,63.4825237,42.0871255
804,2.68000006,0.0231192177,0.00134834016,1004.37023,2.30186211e-05,0.00388589214,0.0315143855,3.65530152,294,78.9223719,65.8791559,43.1727478
805,2.6833334,0.0247959026,0.0014461264,1010.49199,2.45384453e-05,0.00440555089,0.0376380255,3.71522419,294,81.8719974,68.6233752,44.1742097
806,2.68666673,0.024575508,0.00143327274,1015.2679,2.42059343e-05,0.00420858743,0.047680237,3.75878053,294,85.4569802,71.6727814,45.1599871
807,2.69000007,0.0245037339,0.00142908678,1018.57164,2.40569568e-05,0.00400536955,-0.00170977771,3.7838894,294,89.7045371,75.0151268,46.2961157
808,2.6933334,0.023513546,0.00137133785,1020.3244,2.30451669e-05,0.00433774474,-0.0523346812,3.78927636,294,94.6261168,78.6615334,47.8032742
809,2.69666673,0.0240678351,0.00140366465,1020.57748,2.35825652e-05,0.00359380729,-0.0964235182,3.77470871,294,100.213587,82.6152861,49.8525201
810,2.70000007,0.0240068861,0.00140011003,1019.59211,2.35455784e-05,0.00426639158,-0.131139815,3.74153412,294,106.42784,86.8357618,52.4236856
811,2.7033334,0.0239764693,0.00139833608,1017.90009,2.35548355e-05,0.00360190645,-0.153457324,3.6928493,294,113.176994,91.2666894,55.2799772
812,2.70666673,0.0249903924,0.00145746928,1016.26578,2.45904103e-05,0.00480863012,-0.160233132,3.63357048,294,120.287765,95.8923564,58.072908
813,2.71000007,0.0268864771,0.00156805119,1015.51789,2.64756312e-05,0.0049351805,-0.148300431,3.56990578,294,127.458595,100.710732,60.4851811
814,2.7133334,0.0255973588,0.00149286828,1016.25218,2.51879989e-05,0.00494312949,-0.126185572,3.50832012,294,134.164187,105.58678,62.4287968
815,2.71666673,0.0258865176,0.00150973236,1018.47044,2.54170534e-05,0.0043989125,-0.127085787,3.45359317,294,139.518649,110.075373,64.2313528
816,2.72000007,0.025458275,0.00148475675,1021.3053,2.49271935e-05,0.00420804977,-0.0950657576,3.40591326,294,142.20851,113.392541,66.4799209
817,2.7233334,0.0275333004,0.00160577469,1022.90735,2.69167098e-05,0.00475664665,-0.0223957007,3.5637651,294,140.699941,114.679598,69.4028773
818,2.72666673,0.0279234138,0.00162852656,1020.40309,2.73650814e-05,0.00509080152,0.0933506814,3.74122549,294,133.918467,113.441324,72.864877
819,2.73000007,0.0272003535,0.00158635683,1010.01334,2.69306874e-05,0.0060362483,0.245259359,3.92458591,294,122.370431,109.702349,77.5676666
820,2.7333334,0.0265832663,0.00155036757,988.020319,2.69055866e-05,0.00498244141,0.360526426,4.09391361,294,108.894638,103.876581,84.921698
821,2.73666673,0.0298805656,0.00174266998,952.781236,3.13614128e-05,0.00485535819,0.267931237,4.22288485,294,97.5830902,97.0640908,94.26747
822,2.74000007,0.0283684583,0.00165448209,905.798326,3.13187357e-05,0.00545847951,0.0291783731,4.50943946,294,91.791042,90.9629713,102.425607
823,2.7433334,0.0281363074,0.00164094277,850.083571,3.30982839e-05,0.005083015,-0.248684767,4.79216828,294,94.4119462,86.3221796,107.409786
824,2.74666673,0.0284060289,0.00165667325,788.460706,3.60271967e-05,0.00561603682,-0.506995734,4.96415668,294,106.153889,83.1510272,110.123826
825,2.75000007,0.0260662824,0.00152021646,724.844631,3.59611995e-05,0.00460726091,-0.676393498,4.98523848,294,121.332079,82.1468646,111.544771
826,2.7533334,0.0279631123,0.00163084183,665.200599,4.20371123e-05,0.00548598959,-0.700585373,4.87700855,294,131.457849,81.4649007,111.102471
827,2.75666673,0.0305190177,0.00177990526,615.029521,4.96220371e-05,0.00509531865,-0.545874581,4.70542026,294,131.163042,76.4583798,108.321514
828,2.76000007,0.0270293599,0.00157638428,576.034848,4.69231333e-05,0.00476572585,-0.205453018,4.51636449,294,120.004046,68.1502077,102.342988
829,2.7633334,0.0296027152,0.00172646541,542.189282,5.45984883e-05,0.00586997628,0.273119748,4.24558469,294,102.619145,65.7618238,92.0535867
830,2.76666673,0.0267983032,0.00156290878,495.763009,5.40546646e-05,0.00544594323,0.769406901,3.75800219,294,87.4918135,73.5193206,91.6111445
831,2.77000007,0.0299365342,0.00174593413,422.415312,7.08699078e-05,0.00531326087,0.988115256,3.06933544,294,80.1370742,79.3129851,103.667054
832,2.7733334,0.0306046186,0.0017848976,338.084302,9.0523631e-05,0.00578766887,0.977167041,2.36739735,294,77.2122041,70.3358894,102.652074
833,2.77666673,0.0293925019,0.00171420552,274.214575,0.000107187964,0.00511030065,0.966890511,1.82529575,294,73.8735979,52.8914002,87.175159
834,2.78000007,0.027497298,0.00160367498,243.804758,0.000112784091,0.00498481871,0.957354459,1.50332139,294,69.3613284,38.5943556,68.2475691
835,2.7833334,0.0294438735,0.00171720157,237.097048,0.000124184901,0.00494551635,0.948602155,1.36084552,294,64.7156606,32.7549501,52.6139678
836,2.78666673,0.0310589486,0.00181139467,240.142647,0.000129335413,0.00510395784,0.940653673,1.31734532,294,60.573927,32.9725728,41.8427373
837,2.79000007,0.0280602541,0.00163650725,245.220905,0.000114428474,0.00599780739,0.93351503,1.31012866,294,56.9147917,34.8169826,35.106107
838,2.7933334,0.0299139548,0.00174461727,249.557481,0.000119867995,0.00479762793,0.92718328,1.30738877,294,53.497597,36.1872442,31.0752402
839,2.79666673,0.0275214396,0.00160508295,252.540203,0.000108978449,0.00476367816,0.921635779,1.29678366,294,50.1636052,36.5998901,28.6903785
840,2.80000007,0.0279280332,0.00162879597,254.340433,0.000109805716,0.00523870679,0.915896036,1.27479357,294,46.8920929,36.1149243,27.2735766
841,2.8033334,0.0272657825,0.00159017273,255.38462,0.000106763604,0.00468973361,0.907887584,1.24137197,294,43.7477459,34.9287568,26.4236078
842,2.80666673,0.0283782571,0.00165505356,256.159379,0.000110783596,0.00518196294,0.90072356,1.19776225,294,40.8183771,33.2485466,25.8939897
843,2.81000007,0.0287489701,0.00167667399,257.119168,0.000111811851,0.00515846147,0.894494595,1.14579059,294,38.1747203,31.2529389,25.5201743
844,2.8133334,0.0251819926,0.00146864363,258.644773,9.73613047e-05,0.0052261616,0.889250922,1.08764351,294,35.8520098,29.0863929,25.1859624
845,2.81666673,0.0276377055,0.00161186372,261.010788,0.000105887216,0.00495766955,0.885021777,1.02604645,294,33.8476629,26.857632,24.8049677
846,2.82000007,0.0285389612,0.00166442602,264.370061,0.000107950806,0.0055452233,0.879659792,0.964251503,294,32.1277345,24.6495337,24.3174898
847,2.8233334,0.0272730709,0.0015905978,268.754261,0.000101479585,0.00459885302,0.874959031,0.906165705,294,30.6374259,22.5287992,23.6822781
848,2.82666674,0.025966085,0.00151437283,274.079492,9.47392482e-05,0.00515246307,0.871548037,0.856258361,294,29.3125833,20.5487333,22.8801767
849,2.83000007,0.025328287,0.00147717569,280.171907,9.04026646e-05,0.0047810688,0.869468038,0.819134159,294,28.0897176,18.750741,21.9044996
850,2.8333334,0.0281195863,0.00163996758,286.791593,9.80488517e-05,0.00537642387,0.868737707,0.798521185,294,26.9128098,17.1671642,20.7626943
851,2.83666674,0.0261009595,0.00152223887,293.664069,8.88803305e-05,0.00446976735,0.869351864,0.79670513,294,25.7373796,15.8202391,19.4694247
852,2.84000007,0.0265110711,0.00154615707,300.502656,8.82224185e-05,0.00440771109,0.871277871,0.812997615,294,24.5326003,14.7164563,18.0479166
853,2.8433334,0.0273529938,0.00159525899,307.033044,8.90881107e-05,0.0044763011,0.874454125,0.844462268,294,23.2808901,13.8534132,16.5228544
854,2.84666674,0.0252480149,0.00147249413,312.999096,8.06648173e-05,0.00432398345,0.878818816,0.886839728,294,21.9774564,13.2103109,14.9281996
855,2.85000007,0.0262594061,0.00153147967,318.179358,8.25302003e-05,0.00484029933,0.884285558,0.935506034,294,20.6284728,12.7586939,13.3017432
856,2.8533334,0.0271010258,0.00158056392,322.389754,8.40629253e-05,0.00536185026,0.890750787,0.986237654,294,19.2494422,12.463171,11.6873647
857,2.85666674,0.0267005778,0.00155720932,325.48193,8.20339788e-05,0.00414943507,0.898104201,1.03562527,294,17.863611,12.2853589,10.1409254
858,2.86000007,0.025112088,0.00146456671,327.344007,7.67146714e-05,0.00405858453,0.90622318,1.081008,294,16.5004001,12.1892437,8.73521108
859,2.8633334,0.0244771866,0.00142753851,327.898812,7.4648598e-05,0.00444905887,0.9149812,1.12056777,294,15.1938575,12.1446493,7.56097443
860,2.86666674,0.0247082258,0.00144101299,327.101583,7.5536858e-05,0.00405893671,0.924242188,1.15302189,294,13.9811879,12.1261669,6.72953599
861,2.87000007,0.0256088969,0.0014935412,324.935212,7.88123169e-05,0.00478332754,0.933873891,1.17768035,294,12.9006494,12.1140973,6.34032986
862,2.8733334,0.0250443245,0.00146061467,321.404722,7.7921458e-05,0.0042067284,0.943738194,1.19422163,294,11.9887203,12.0922525,6.41879197
863,2.87666674,0.026479345,0.00154430676,316.537948,8.36529874e-05,0.0053865114,0.95370761,1.20262806,294,11.2754237,12.0495698,6.88723934
864,2.88000007,0.0261455331,0.00152483845,310.377322,8.42378976e-05,0.00430220909,0.963646878,1.20301132,294,10.7787105,11.9783071,7.61333442
865,2.8833334,0.0245717283,0.0014330523,302.975854,8.11012757e-05,0.00457961068,0.97343773,1.19568109,294,10.4998521,11.8730306,8.47391373
866,2.88666674,0.0237878049,0.00138733296,294.400293,8.08008875e-05,0.00500375905,0.971969597,1.18100344,294,10.4225037,11.7289586,9.38442796
867,2.89000007,0.0228194285,0.00133085609,284.721382,8.01465218e-05,0.00402174516,0.965603355,1.15940127,294,10.5161811,11.5428187,10.2930906
868,2.8933334,0.0251688887,0.0014678794,274.014252,9.18524804e-05,0.00420057327,0.959535494,1.13136169,294,10.7431226,11.3132628,11.1660914
869,2.89666674,0.0247891921,0.00144573504,262.35704,9.44864759e-05,0.00470323648,0.952018263,1.0972831,294,11.0657093,11.0379188,11.9863944
870,2.90000007,0.0238936881,0.00139350819,249.829753,9.5639882e-05,0.00373246778,0.944837089,1.05765038,294,11.450278,10.7193876,12.7442062
871,2.9033334,0.0232647414,0.00135682727,236.512809,9.83656719e-05,0.00354660082,0.938127983,1.01296621,294,11.8704854,10.3557675,13.4327325
872,2.90666674,0.0239965167,0.00139950528,222.488185,0.000107855241,0.00396247038,0.931902868,0.963641992,294,12.3064104,9.94922713,14.0524823
873,2.91000007,0.0236436526,0.00137892582,207.834903,0.000113761704,0.00409981523,0.926173663,0.910051957,294,12.7433623,9.50342497,14.6019461
874,2.9133334,0.0245502598,0.00143180023,192.633256,0.000127445594,0.00423700949,0.920947523,0.852661417,294,13.1705208,9.02303156,15.0819209
875,2.91666674,0.0226160236,0.00131899328,176.962438,0.000127801266,0.00426546197,0.916231599,0.791876619,294,13.5804707,8.50809975,15.4915486
876,2.92000007,0.0237029195,0.00138238234,160.903315,0.000147311567,0.00364273045,0.912028275,0.728182658,294,13.9669575,7.96586039,15.832142
877,2.9233334,0.023783323,0.00138707156,144.535669,0.000164549853,0.00393240723,0.908335167,0.661957729,294,14.3246237,7.40097415,16.1022478
878,2.92666674,0.02252974,0.00131396112,127.942335,0.000176092925,0.00472163219,0.905149892,0.59368537,294,14.6487888,6.81676602,16.301811
879,2.93000007,0.0236663219,0.00138024792,111.207282,0.000212812699,0.00408878255,0.902470065,0.523796038,294,14.9347434,6.21918265,16.4340035
880,2.9333334,0.0235351594,0.00137259837,94.4149119,0.000249273753,0.00398508494,0.900290917,0.452807605,294,15.1776668,5.61631704,16.4940614
881,2.93666674,0.0241436847,0.00140808829,77.6613274,0.000310884265,0.00376444396,0.898602911,0.381136054,294,15.3733149,5.01033039,16.4851533
882,2.94000007,0.0228901422,0.0013349802,61.0558537,0.000374904957,0.00373160084,0.897396512,0.309295094,294,15.5176033,4.40904881,16.4030842
883,2.9433334,0.0239792063,0.00139849571,44.7593583,0.000535736151,0.00384250519,0.896662182,0.237792688,294,15.6068879,3.82074118,16.2518942
884,2.94666674,0.0254398009,0.00148367932,29.1069641,0.000874010799,0.00451907926,0.896390385,0.167189068,294,15.638442,3.25152965,16.0293006
885,2.95000007,0.0251333485,0.00146580665,15.4598476,0.00162571774,0.00406091706,0.896566815,0.0982541994,294,15.6103385,2.71338323,15.7360943
886,2.9533334,0.0245913921,0.00143419911,12.2247443,0.00201160789,0.00404510274,0.897179551,0.0343149802,294,15.5214845,2.22562581,15.3754112
887,2.95666674,0.0228924844,0.0013351168,23.2593768,0.000984226042,0.00406870708,0.898214289,0.0476110202,294,15.371789,1.81877361,14.9497035
888,2.96000007,0.0225082226,0.0013127062,37.0017197,0.000608302069,0.00421662996,0.899656722,0.103957462,294,15.1621121,1.54367568,14.4579665
889,2.96333341,0.0231157092,0.00134813554,50.8226137,0.000454831176,0.00361482008,0.901492547,0.164083381,294,14.8942242,1.45837949,13.9088781
890,2.96666674,0.0245491048,0.00143173287,64.2430477,0.000382128583,0.00420168174,0.90370269,0.221418596,294,14.5707879,1.57456509,13.298704
891,2.97000007,0.0237352909,0.00138427028,77.0852155,0.000307909769,0.00392119738,0.906275229,0.275450525,294,14.1951895,1.8383403,12.6396586
892,2.97333341,0.0248239566,0.00144776255,89.2577309,0.000278115479,0.0046512634,0.909193475,0.325817686,294,13.7715483,2.18155769,11.9329163
893,2.97666674,0.0232778577,0.00135759223,100.695051,0.000231171815,0.00433574483,0.912435971,0.372295261,294,13.3046004,2.5588732,11.1802076
894,2.98000007,0.0246841613,0.00143960952,111.343598,0.000221693585,0.00421401192,0.915986027,0.414702713,294,12.7996062,2.94492775,10.3920776
895,2.98333341,0.0236232564,0.00137773629,121.164868,0.000194967871,0.00411945869,0.919822186,0.452865792,294,12.2622891,3.32549752,9.57187436
896,2.98666674,0.0242375124,0.00141356043,130.126171,0.000186261628,0.00393380792,0.923925374,0.486740593,294,11.6986604,3.6936275,8.72627464
897,2.99000007,0.0230812097,0.00134612348,138.202519,0.00016701005,0.00357175635,0.928274133,0.516315137,294,11.1151782,4.0422169,7.85995353
898,2.99333341,0.0242432476,0.00141389491,145.373999,0.000166764674,0.00384185604,0.932844622,0.541509377,294,10.5184942,4.36879667,6.98106703
899,2.99666674,0.0208904266,0.00121835442,151.62855,0.000137773702,0.00403678168,0.937612998,0.562412847,294,9.91573199,4.66858528,6.09556462
900,3.00000007,0.0238911708,0.00139336137,156.959172,0.000152212646,0.00363978614,0.942557805,0.579071281,294,9.31400394,4.9424273,5.21212323
901,3.00333341,0.0239847515,0.00139881911,161.365886,0.000148635825,0.00422160182,0.947650431,0.591603884,294,8.72113642,5.18517731,4.33712846
902,3.00666674,0.0241627337,0.00140919924,164.852012,0.000146572271,0.00405810894,0.952867034,0.60009336,294,8.14488723,5.39886169,3.48406915
903,3.01000007,0.0239887707,0.00139905352,167.427496,0.000143278561,0.0041526644,0.958179006,0.604727877,294,7.59343561,5.58176003,2.6701904
904,3.01333341,0.0239797656,0.00139852833,169.106326,0.000141802889,0.00462769023,0.963557734,0.605655593,294,7.07536724,5.73298919,1.93649395
905,3.01666674,0.0251332451,0.00146580062,169.90957,0.000147921304,0.004183328,0.968976994,0.603033626,294,6.59978106,5.85110057,1.38418699
906,3.02000007,0.0245046551,0.00142914051,169.860767,0.000144263185,0.00389448743,0.974408175,0.597119296,294,6.17556085,5.93772791,1.23044088
907,3.02333341,0.025230134,0.00147145129,168.984436,0.000149304484,0.00470833593,0.979827434,0.588104904,294,5.81173513,5.99084513,1.55916045
908,3.02666674,0.0257407031,0.00150122829,167.314225,0.000153846471,0.00515796599,0.985206163,0.576227027,294,5.5156877,6.01368873,2.12412338
909,3.03000007,0.0236322946,0.00137826341,164.88411,0.000143326696,0.00389942165,0.990518134,0.561657303,294,5.2934346,6.00443529,2.75648792
910,3.03333341,0.024149976,0.0014084552,161.731545,0.00014932137,0.00430733405,0.993516794,0.544633998,294,5.14745727,5.9659472,3.39592819
911,3.03666674,0.0258464423,0.00150739513,157.894154,0.000163694739,0.00451508993,0.991061933,0.525372974,294,5.0766451,5.8982805,4.01514278
912,3.04000007,0.0242298832,0.00141311549,153.416558,0.000157935255,0.00454923921,0.988749319,0.504157873,294,5.07602911,5.80244238,4.60557901
913,3.04333341,0.0251699958,0.00146794397,148.341427,0.000169676107,0.00392181551,0.986588708,0.481182826,294,5.13741161,5.67953473,5.15945927
914,3.04666674,0.0251584657,0.00146727151,142.71485,0.000176284848,0.00446577889,0.984593172,0.456644684,294,5.25021057,5.53218866,5.67286236
915,3.05000007,0.0252121348,0.00147040156,136.584464,0.000184590063,0.0051566825,0.98276354,0.430773625,294,5.40325271,5.36106236,6.14668658
916,3.05333341,0.0250957325,0.00146361284,129.995321,0.000193051044,0.00390808321,0.981106264,0.403774604,294,5.58551969,5.16851752,6.57530182
917,3.05666674,0.0252012695,0.00146976788,122.997544,0.00020489246,0.00526811555,0.979627738,0.375889423,294,5.78722436,4.95516476,6.95885133
918,3.06000007,0.0258192664,0.00150581019,115.639876,0.000223273037,0.00433549821,0.978331383,0.347292064,294,5.99941646,4.72500319,7.29903599
919,3.06333341,0.0258103491,0.00150529013,107.969671,0.000239051845,0.00545139117,0.977217139,0.318128129,294,6.21500266,4.47745764,7.59176838
920,3.06666674,0.0263790866,0.00153845957,100.037757,0.000263691304,0.0043453566,0.976288033,0.288637932,294,6.42777743,4.21635323,7.8398041
921,3.07000007,0.026000665,0.00151638958,91.8924413,0.000282946722,0.00485330487,0.975543992,0.258936576,294,6.63270898,3.94326872,8.04432045
922,3.07333341,0.024869717,0.00145043135,83.5810116,0.000297552238,0.00438294884,0.974981918,0.229235412,294,6.82566389,3.66067917,8.20299044
923,3.07666674,0.0255186103,0.00148827558,75.1537415,0.000339552094,0.00448767945,0.974600556,0.199681732,294,7.00343076,3.36936256,8.31798146
924,3.08000007,0.0240306404,0.00140149541,66.6598857,0.000360496273,0.00499178436,0.974393044,0.170452699,294,7.16323476,3.07285172,8.39283696
925,3.08333341,0.0253474983,0.00147829612,58.1475258,0.000435917056,0.00426617107,0.974357222,0.141636449,294,7.30297131,2.77274563,8.42259731
926,3.08666674,0.02673644,0.00155930085,49.673598,0.000538242468,0.00461308414,0.974486727,0.11343348,294,7.42091517,2.4718508,8.41411191
927,3.09000007,0.0267102544,0.00155777367,41.2973833,0.000646778374,0.00489643668,0.974768445,0.0881546103,294,7.51567748,2.1740439,8.36734316
928,3.09333341,0.0258572209,0.00150802375,33.0966045,0.000781265066,0.00428408088,0.975198684,0.0724662347,294,7.58628132,1.88187675,8.28403821
929,3.09666674,0.0249727236,0.00145643882,25.1949741,0.000991178775,0.00387037653,0.975767764,0.0590455423,294,7.63199271,1.60103721,8.16748946
930,3.10000008,0.0244991513,0.00142881952,17.8542679,0.00137217339,0.00433604521,0.976465091,0.0458852115,294,7.65242893,1.33692094,8.01539171
931,3.10333341,0.0264464714,0.00154238953,11.848791,0.00223199746,0.00434308278,0.977277042,0.0328324637,294,7.64742483,1.10153436,7.83164455
932,3.10666674,0.0254912003,0.00148667699,9.52037471,0.0026775417,0.00503291082,0.978189074,0.0456730142,294,7.6170246,0.912594012,7.62196813
933,3.11000008,0.0262434667,0.00153055006,12.6068958,0.00208167555,0.00449388315,0.979191895,0.0666418511,294,7.56152362,0.794958423,7.38344376
934,3.11333341,0.0237907449,0.00138750442,18.2586074,0.00130298792,0.00443773063,0.980270749,0.0870202191,294,7.48136333,0.774190493,7.12157703
935,3.11666674,0.0255280927,0.0014888286,24.5170606,0.0010412379,0.00459725412,0.981414262,0.106418304,294,7.37718308,0.846758296,6.83671869
936,3.12000008,0.0236793636,0.00138100853,30.7969669,0.000768886225,0.00502815306,0.982609327,0.124653731,294,7.24979446,0.983036188,6.52980115
937,3.12333341,0.0253951542,0.00148107547,36.8958588,0.000688292806,0.00430013652,0.983848211,0.141651526,294,7.10013942,1.15282846,6.20576258
938,3.12666674,0.0268453106,0.00156565031,42.7257701,0.0006283166,0.00544800845,0.985115706,0.157394229,294,6.92928397,1.33614071,5.86742875
939,3.13000008,0.0262156602,0.00152892835,48.2398023,0.000543444603,0.004612834,0.986398869,0.171873396,294,6.73848727,1.51987275,5.51451166
940,3.13333341,0.0268750984,0.00156738757,53.4066139,0.00050321667,0.00473321424,0.987688648,0.18506442,294,6.52908688,1.69907107,5.14726606
941,3.13666674,0.0244862081,0.00142806466,58.2029479,0.000420703917,0.00529064113,0.988972429,0.196908595,294,6.30245231,1.87137168,4.7705972
942,3.14000008,0.0245806563,0.00143357299,62.6143526,0.000392572235,0.00497807379,0.990242682,0.207478373,294,6.060193,2.03176735,4.38740215
943,3.14333341,0.0238389972,0.00139031855,66.631324,0.000357774628,0.00414771101,0.991491098,0.216748441,294,5.80405984,2.17890172,3.9970088
944,3.14666674,0.0243496595,0.00142010098,70.2449504,0.000346639287,0.00451270219,0.992708547,0.22469962,294,5.53588869,2.31265891,3.60145028
945,3.15000008,0.0264552196,0.00154289974,73.4492755,0.000360183533,0.00499395951,0.993736416,0.231410326,294,5.25755719,2.43350924,3.20520868
946,3.15333341,0.0261002824,0.00152219938,76.2432029,0.000342329302,0.00452473441,0.994684914,0.236856077,294,4.97117092,2.54009797,2.80629307
947,3.15666674,0.0242968163,0.0014170191,78.6231968,0.000309028598,0.00488082745,0.995602992,0.241047592,294,4.67912063,2.63148951,2.40972683
948,3.16000008,0.0251458229,0.00146653417,80.5908025,0.00031201852,0.00527831767,0.996484279,0.244033714,294,4.38381747,2.709555,2.01904498
949,3.16333341,0.0240496532,0.00140260426,82.1502745,0.000292751952,0.00472740693,0.997327579,0.245887956,294,4.08821843,2.77231606,1.63653219
950,3.16666674,0.0247945365,0.00144604673,83.3062261,0.000297631253,0.00458665367,0.998131738,0.246620932,294,3.79556901,2.82088303,1.26495753
951,3.17000008,0.0251411577,0.00146626209,84.0627098,0.000299076222,0.00421759731,0.998896838,0.246241093,294,3.50951395,2.85590298,0.92016155
952,3.17333341,0.0238659233,0.00139188892,84.4281369,0.000282677366,0.0042511048,0.999470437,0.244823919,294,3.23423596,2.87802865,0.632452917
953,3.17666674,0.0258333447,0.00150663126,84.410728,0.000306043383,0.00455587801,0.999522492,0.242411272,294,2.9749335,2.88616655,0.494498606
954,3.18000008,0.0236603807,0.00137990142,84.0214761,0.000281599203,0.00444919537,0.998623886,0.239075986,294,2.73724685,2.88271889,0.599774835
955,3.18333341,0.0244379114,0.00142524794,83.2705075,0.000293476192,0.00424232375,0.997752283,0.234825175,294,2.52799655,2.86649601,0.850886123
956,3.18666674,0.0231740646,0.00135153889,82.169828,0.000282026447,0.00430839008,0.996910425,0.229732738,294,2.35445932,2.83856167,1.14432185
957,3.19000008,0.0252726764,0.00147393242,80.7348782,0.000313032942,0.00417513764,0.996097505,0.223802398,294,2.22357257,2.80012233,1.44636568
958,3.19333341,0.0250901078,0.0014632848,78.9794725,0.000317678848,0.00549418405,0.995036617,0.217138084,294,2.14091916,2.75102855,1.74299011
959,3.19666674,0.0254873959,0.00148645511,76.9202436,0.000331348351,0.00441069166,0.994020888,0.209777669,294,2.10879871,2.69269736,2.03089404
960,3.20000008,0.0238572884,0.00139138532,74.5721175,0.000319922368,0.00420197834,0.993054854,0.201759354,294,2.12568481,2.62463077,2.30550468
961,3.20333341,0.0259361658,0.00151262791,71.9530387,0.000360459632,0.00421859316,0.991805239,0.193153223,294,2.18600366,2.54774996,2.56375772
962,3.20666674,0.0251633239,0.00146755485,69.082401,0.00036425086,0.00401907479,0.990162035,0.184030046,294,2.28149342,2.46291346,2.80710488
963,3.21000008,0.0258262773,0.00150621908,65.9777676,0.000391439089,0.00497009306,0.988477302,0.174425814,294,2.40296614,2.3709864,3.03169627
964,3.21333341,0.0244217053,0.00142430278,62.6599795,0.000389749653,0.00447643202,0.986431668,0.164375912,294,2.54191522,2.27153826,3.23857752
965,3.21666674,0.0251629282,0.00146753178,59.1485573,0.000425419137,0.00395286839,0.984498091,0.153915759,294,2.69074447,2.16629488,3.42615871
966,3.22000008,0.026651573,0.0015543513,55.4644635,0.000480516195,0.00404541101,0.982686108,0.143186125,294,2.84332455,2.05536466,3.59360952
967,3.22333341,0.0252037402,0.00146991198,51.6291462,0.000488168836,0.004573299,0.981000487,0.132178207,294,2.99472469,1.93956975,3.74208057
968,3.22666674,0.0242728616,0.00141562203,47.6628154,0.000509262018,0.00416068753,0.979445996,0.120980043,294,3.14107267,1.81965432,3.87065655
969,3.23000008,0.0237327261,0.00138412069,43.58661,0.0005444958,0.00461601678,0.978027404,0.109580004,294,3.27946029,1.69529085,3.97810061
970,3.23333341,0.0246680864,0.00143867201,39.4227656,0.00062573201,0.00441071878,0.976747095,0.0980875426,294,3.40745806,1.5688724,4.06371892
971,3.23666675,0.0251876539,0.00146897381,35.1944106,0.000715671991,0.00455676644,0.975607453,0.0865646767,294,3.52339284,1.43892834,4.12900834
972,3.24000008,0.0240731485,0.00140397453,30.9232969,0.000778479364,0.00388918781,0.974610863,0.0749811786,294,3.62582094,1.30794834,4.17448125
973,3.24333341,0.0240576985,0.00140307347,26.6311363,0.000903367332,0.00410773735,0.973759707,0.0634425041,294,3.71376818,1.17545481,4.19900934
974,3.24666675,0.0230885763,0.00134655312,22.3419532,0.00103341799,0.00378826591,0.973053988,0.0519831095,294,3.78640104,1.04399327,4.20596943
975,3.25000008,0.0240453483,0.00140235319,18.0788196,0.00133002866,0.00387002946,0.972491319,0.0406377614,294,3.84330739,0.912476234,4.18982085
976,3.25333341,0.023558851,0.00137398009,13.8762954,0.0016977767,0.00418166355,0.972071702,0.029623815,294,3.88420321,0.782689971,4.15727226
977,3.25666675,0.0243659501,0.00142105107,9.78125217,0.00249108699,0.00396311873,0.971795136,0.020598884,294,3.90900108,0.655925277,4.10602854
978,3.26000008,0.0245420913,0.00143132383,5.92282694,0.00414364485,0.00404678585,0.971661622,0.0126604283,294,3.91772871,0.535720132,4.03524042
979,3.26333341,0.0254546122,0.00148454313,3.01001458,0.00845664084,0.00420555906,0.97166639,0.00759028635,294,3.91058638,0.425910054,3.94858965
980,3.26666675,0.0239492985,0.00139675146,3.9163768,0.00611516709,0.00495257266,0.971804673,0.0132245759,294,3.88794547,0.332496594,3.84605423
981,3.27000008,0.0235906606,0.00137583527,7.15616034,0.00329655283,0.00432306614,0.972071702,0.0230200111,294,3.85024253,0.273909464,3.72672404
982,3.27333341,0.0254979033,0.00148706792,10.6566993,0.00239266423,0.00477482508,0.972462709,0.0324689572,294,3.79804071,0.267831043,3.59424302
983,3.27666675,0.0229823346,0.00134035697,14.10756,0.00162907935,0.00422755797,0.972975309,0.0415267395,294,3.73197357,0.313911638,3.44969296
984,3.28000008,0.0259619467,0.00151413148,17.4358819,0.00148899533,0.00477184873,0.973602351,0.0501543474,294,3.65275022,0.392105784,3.28993546
985,3.28333341,0.0234143743,0.00136555404,20.607507,0.00113620606,0.00386313938,0.974336681,0.0583503662,294,3.56119966,0.482155127,3.11967649
986,3.28666675,0.025294588,0.00147521033,23.6045387,0.00107159849,0.00503127505,0.975171147,0.0660451433,294,3.45819396,0.576542342,2.94056981
987,3.29000008,0.024285928,0.00141638408,26.414937,0.000919401322,0.00483730105,0.97610098,0.0732713043,294,3.34469168,0.670349043,2.75144183
988,3.29333341,0.0258414149,0.00150710192,29.0272808,0.000890245803,0.00463665908,0.977119029,0.0799953009,294,3.22168822,0.76200555,2.55445852
989,3.29666675,0.0248916981,0.00145171331,31.433319,0.000791888953,0.00433815749,0.978215755,0.0862146256,294,3.09026918,0.849490094,2.3516433
990,3.30000008,0.0248000073,0.0014463658,33.6274107,0.000737493811,0.00431420767,0.979384008,0.0918936437,294,2.9516303,0.931379649,2.14265463
991,3.30333341,0.0238062284,0.00138840744,35.6037105,0.00066864459,0.00385306091,0.980614249,0.0970375811,294,2.80688647,1.00920207,1.92983626
992,3.30666675,0.0236413233,0.00137878998,37.3589758,0.000632815083,0.00399288783,0.98190171,0.101636371,294,2.65729181,1.08115158,1.7139179
993,3.31000008,0.0230364856,0.00134351512,38.8906807,0.000592339481,0.00413980121,0.983236856,0.105693157,294,2.50422813,1.14653121,1.49577071
994,3.31333341,0.0251992106,0.00146964781,40.1972544,0.000626888851,0.00463364452,0.984612532,0.109206108,294,2.34910955,1.20575648,1.2773544
995,3.31666675,0.0231556678,0.00135046597,41.2789581,0.000560955724,0.00420278607,0.986021588,0.112138482,294,2.19347368,1.25833229,1.06002297
996,3.32000008,0.0241323313,0.00140742614,42.1373581,0.000572706319,0.00409785755,0.987454485,0.114489576,294,2.03908551,1.30372451,0.845339668
997,3.32333341,0.0246267946,0.00143626383,42.7752449,0.00057572539,0.00448312812,0.988906455,0.116296606,294,1.88777806,1.34261581,0.631749937
998,3.32666675,0.0255963896,0.00149281176,43.1926395,0.000592609989,0.00449297563,0.990367963,0.117554602,294,1.74158986,1.37504328,0.429126911
999,3.33000008,0.0225325269,0.00131412366,43.3973311,0.000519214577,0.0043960093,0.991831854,0.118264729,294,1.60323603,1.39905437,0.243904882
1000,3.33333341,0.0235520441,0.0013735831,43.3934493,0.000542755749,0.00392127212,0.993288593,0.118425292,294,1.47538555,1.41703978,0.14620311
1001,3.33666675,0.0241660126,0.00140939048,43.1876963,0.000559557807,0.00443715155,0.994733412,0.118072615,294,1.36127037,1.42780832,0.251640843
1002,3.34000008,0.0253305873,0.00147730985,42.7855766,0.000592035665,0.00421067448,0.996159156,0.117242049,294,1.26416988,1.43244847,0.421581376
1003,3.34333341,0.0242881378,0.00141651296,42.1950615,0.000575615651,0.00456151146,0.997561059,0.115896432,294,1.18761341,1.42999208,0.596509579
1004,3.34666675,0.0249837133,0.00145707975,41.4244797,0.000603114716,0.0045080391,0.998929583,0.114070393,294,1.13443766,1.4212584,0.767050487
1005,3.35000008,0.0230075826,0.00134182947,40.4830412,0.000568326438,0.00395119767,0.999720741,0.111763848,294,1.10639741,1.40585341,0.930739901
1006,3.35333341,0.0255029328,0.00148736125,39.37989,0.000647613105,0.00416760645,0.999432805,0.109047307,294,1.10361189,1.38331501,1.08564894
1007,3.35666675,0.0224631112,0.00131007525,38.125341,0.00058919109,0.00326443384,0.99907933,0.105887459,294,1.12345268,1.35658119,1.23139677
1008,3.36000008,0.0255665338,0.00149107053,36.7297682,0.0006960712,0.00449291977,0.998735872,0.102351165,294,1.16233844,1.32410355,1.36636226
1009,3.36333341,0.0239306297,0.00139566266,35.2048933,0.000679752939,0.00477221005,0.998403654,0.09844061,294,1.21586713,1.28635304,1.49256573
1010,3.36666675,0.0240957013,0.00140528984,33.5602683,0.000717982976,0.00401804157,0.998080718,0.0941907876,294,1.27982174,1.24310674,1.60738819
1011,3.37000008,0.025318246,0.00147659009,31.8079888,0.000795971294,0.00420725886,0.997771111,0.0896390162,294,1.35012304,1.19587137,1.71282271
1012,3.37333342,0.0253069372,0.00147593055,29.9580463,0.000844745913,0.00453094647,0.997477794,0.0848185592,294,1.42365217,1.14368823,1.8054926
1013,3.37666675,0.0245435868,0.00143141105,28.0237518,0.000875813737,0.00450874554,0.997203334,0.0797331543,294,1.49753046,1.0889314,1.88774672
1014,3.38000008,0.0251450865,0.00146649123,26.0160256,0.000966522976,0.00458297091,0.996947634,0.0743859539,294,1.5699364,1.02932456,1.95772686
1015,3.38333342,0.0245787968,0.00143346454,23.9476246,0.00102635636,0.00444807889,0.996709257,0.0688445222,294,1.63912052,0.967517869,2.01832038
1016,3.38666675,0.026100769,0.00152222776,21.8283573,0.00119572759,0.00454681772,0.996491077,0.0631471149,294,1.70382043,0.902994645,2.06707764
1017,3.39000008,0.0245186882,0.00142995893,19.6706533,0.00124646029,0.00402135509,0.996294621,0.0572968154,294,1.7630387,0.836570658,2.10464915
1018,3.39333342,0.025087882,0.00146315499,17.4861055,0.00143473239,0.00423265092,0.996119495,0.0513276177,294,1.81620622,0.76686238,2.13123993
1019,3.39666675,0.025503277,0.00148738132,15.2862684,0.0016683782,0.00402645093,0.99596475,0.0453116588,294,1.86264251,0.69691347,2.14772603
1020,3.40000008,0.0263858366,0.00153885324,13.0824278,0.00201689143,0.00433722754,0.995833,0.0392192938,294,1.90199818,0.62557787,2.15332085
1021,3.40333342,0.0256164714,0.00149398295,10.886863,0.00235297085,0.00488616207,0.995726831,0.0331229475,294,1.93393742,0.554478583,2.14966091
1022,3.40666675,0.0249587609,0.0014556245,8.71195929,0.00286488494,0.00385506074,0.995642432,0.0270279401,294,1.95829601,0.483693045,2.13505288
1023,3.41000008,0.0265996625,0.00155132382,6.57515506,0.00404548065,0.00438592021,0.995579534,0.0210105805,294,1.97501804,0.413337438,2.1107819
1024,3.41333342,0.0256674472,0.00149695592,4.50468143,0.00569794947,0.00491522745,0.995541415,0.0150553929,294,1.98402676,0.345966338,2.07871325
1025,3.41666675,0.0247789648,0.00144513857,2.58422325,0.00958855422,0.00424221561,0.995524686,0.00928506279,294,1.98543481,0.280829864,2.03762325
1026,3.42000008,0.0234446054,0.00136731715,1.36624691,0.0171598597,0.00442089307,0.995532739,0.00407056087,294,1.97935424,0.221691013,1.98786875
1027,3.42333342,0.0240603832,0.00140323004,2.28206869,0.0105432335,0.00446867668,0.995562923,0.00440477991,294,1.96593485,0.173697762,1.93263593
1028,3.42666675,0.0258660515,0.00150853876,3.99509926,0.00647444527,0.00431282787,0.995611838,0.00890654348,294,1.94539778,0.146069758,1.86706296
1029,3.43000008,0.0242414956,0.00141379273,5.76844282,0.00420243319,0.00412821805,0.995681682,0.0141241728,294,1.91799232,0.147628862,1.79785214
1030,3.43333342,0.0249612262,0.00145576828,7.50178821,0.00332737015,0.00485645548,0.995770036,0.0191908928,294,1.88402209,0.17568714,1.72014199
1031,3.43666675,0.0237241864,0.00138362265,9.16476801,0.00258862924,0.00432997683,0.995877165,0.0240610528,294,1.8438268,0.217972817,1.63645735
1032,3.44000008,0.0252524459,0.00147275256,10.7441876,0.00235033554,0.00479455082,0.996001279,0.028719695,294,1.79774754,0.266778998,1.55074277
1033,3.44333342,0.0248434596,0.00144889999,12.2352267,0.00203048625,0.00423703623,0.996141192,0.0331260492,294,1.74619103,0.316642922,1.45799173
1034,3.44666675,0.026722982,0.00155851596,13.6294264,0.0019606828,0.00426996806,0.996295566,0.0372749005,294,1.68959491,0.365669889,1.36452371
1035,3.45000008,0.025441121,0.00148375631,14.9257183,0.00170451569,0.00410301637,0.996466888,0.0411319055,294,1.62837901,0.413749872,1.26443372
1036,3.45333342,0.0240502618,0.00140263975,16.1172494,0.00149220635,0.00393233467,0.996651718,0.044657838,294,1.5630796,0.458473854,1.16190942
1037,3.45666675,0.0248455108,0.00144901961,17.2016864,0.00144436483,0.00387402408,0.996847211,0.0479228973,294,1.49421918,0.500493584,1.0579821
1038,3.46000008,0.0248339541,0.00144834562,18.1778826,0.00136616319,0.00463927835,0.997051116,0.0508889056,294,1.4222762,0.540346282,0.951289371
1039,3.46333342,0.0243815836,0.00142196283,19.0433606,0.00128031938,0.00425272522,0.997265919,0.0535235954,294,1.34789123,0.576094862,0.843929683
1040,3.46666675,0.0253250139,0.0014769848,19.7977641,0.00127918556,0.00456034655,0.997488479,0.0558567583,294,1.27165992,0.608800516,0.736030764
1041,3.47000008,0.02337217,0.00136309264,20.4409174,0.00114340123,0.00385301433,0.997718323,0.0578564066,294,1.19431775,0.6373453,0.628293711
1042,3.47333342,0.0232779043,0.00135759495,20.9734192,0.00110987646,0.00383769668,0.997951126,0.059554284,294,1.11656257,0.6627891,0.519638887
1043,3.47666675,0.0250399353,0.00146035868,21.3945649,0.00117038769,0.00486771458,0.998185969,0.0609189619,294,1.03924993,0.684263216,0.412973409
1044,3.48000008,0.0260720699,0.00152055399,21.7066683,0.00120110878,0.00461348515,0.998426122,0.0619493197,294,0.963325755,0.701964033,0.305211718
1045,3.48333342,0.0243559405,0.00142046729,21.9084454,0.00111171469,0.00430327314,0.998664091,0.0626789173,294,0.889686031,0.716913285,0.204512229
1046,3.48666675,0.0260064476,0.00151672683,22.0065744,0.0011817581,0.00414965172,0.998892447,0.0631103072,294,0.819678401,0.727364437,0.108571626
1047,3.49000008,0.0244949361,0.00142857368,22.0019233,0.00111330886,0.00436216556,0.999114817,0.0632063185,294,0.754639656,0.73450543,0.0518433292
1048,3.49333342,0.0266045148,0.00155160681,21.89715,0.00121497614,0.00445482638,0.999332836,0.0630043774,294,0.69608707,0.73848238,0.114529094
1049,3.49666675,0.0267557154,0.00156042501,21.694958,0.00123326883,0.00429885539,0.999545928,0.0625384049,294,0.645904174,0.738282447,0.205362294
1050,3.50000008,0.0229692666,0.00133959483,21.3977944,0.00107344085,0.00382845479,0.999334667,0.0617754973,294,0.605759798,0.735382376,0.293120381
1051,3.50333342,0.0246318026,0.0014365559,21.0120695,0.00117226923,0.00421389212,0.999041098,0.0607857968,294,0.577118636,0.729678941,0.376924788
1052,3.50666675,0.0225636379,0.00131593808,20.5432706,0.00109834691,0.00378283456,0.998760446,0.0595018524,294,0.561181693,0.720067006,0.460675633
1053,3.51000008,0.0249034598,0.00145239927,19.9921571,0.00124566147,0.00488141039,0.998466086,0.0579935302,294,0.558069612,0.707561528,0.538582933
1054,3.51333342,0.0250595131,0.00146150048,19.3652943,0.00129404246,0.00462189389,0.99810003,0.0562247114,294,0.566904421,0.69204221,0.612287263
1055,3.51666675,0.0248430435,0.00144887572,18.667326,0.00133083033,0.00443044014,0.997663788,0.0543011934,294,0.585786661,0.674346013,0.68180822
1056,3.52000009,0.0241628408,0.00140920549,17.9029081,0.0013496601,0.00464519026,0.997249896,0.0521238478,294,0.612521105,0.654073586,0.74563145
1057,3.52333342,0.0256649168,0.00149680834,17.0779956,0.00150280615,0.00434684526,0.996767091,0.0497909546,294,0.644918525,0.631417375,0.80392661
1058,3.52666675,0.0242667075,0.00141526312,16.1984707,0.00149808632,0.00397724596,0.996244954,0.0473085255,294,0.680793993,0.607104873,0.855891381
1059,3.53000009,0.0236695066,0.00138043366,15.2709175,0.00154997279,0.00399051091,0.995753812,0.0446428068,294,0.718505146,0.580529775,0.904633351
1060,3.53333342,0.025213861,0.00147050223,14.2989232,0.00176333984,0.00461238022,0.995296047,0.0418616887,294,0.75661967,0.552216413,0.948056593
1061,3.53666675,0.0246258265,0.00143620737,13.2880003,0.00185323795,0.00454286578,0.994871662,0.0389355281,294,0.794122355,0.521777218,0.985888987
1062,3.54000009,0.0269471123,0.00157158751,12.2440275,0.00220083729,0.00432834055,0.994483039,0.0359304743,294,0.830141922,0.489856797,1.0158722
1063,3.54333342,0.025422248,0.00148265561,11.1750028,0.00227492096,0.0050882372,0.994130179,0.0328504417,294,0.86396817,0.456763045,1.04382284
1064,3.54666675,0.0247276615,0.00144214651,10.0833621,0.00245232307,0.00401227551,0.993813082,0.029695501,294,0.895106689,0.422236579,1.06427418
1065,3.55000009,0.0247111578,0.00144118399,8.97667824,0.0027528176,0.00430214835,0.993531748,0.0265031499,294,0.923041618,0.387980574,1.07870653
1066,3.55333342,0.0240704164,0.00140381519,7.86135389,0.00306186654,0.00450960539,0.993288561,0.023239216,294,0.947559573,0.352271584,1.08858169
1067,3.55666675,0.0237490488,0.00138507265,6.74234622,0.00352237159,0.00427113045,0.993081137,0.0200055033,294,0.968436886,0.316098473,1.09229345
1068,3.56000009,0.0224878205,0.00131151632,5.62647854,0.00399678419,0.00384159652,0.992911859,0.0167740649,294,0.985497979,0.279972949,1.09143925
1069,3.56333342,0.0253833787,0.00148038871,4.51962086,0.00561626283,0.00447410356,0.992780729,0.0135450189,294,0.998617699,0.244333417,1.08521005
1070,3.56666675,0.0250792719,0.00146265284,3.42988959,0.00731197644,0.0041963665,0.992685361,0.0103547652,294,1.00770439,0.20966793,1.07725434
1071,3.57000009,0.0251256575,0.0014653581,2.36681714,0.0106158,0.00477926611,0.992625757,0.00717633411,294,1.01277634,0.175580345,1.06159124
1072,3.57333342,0.0253554615,0.00147876055,1.36853706,0.0185274204,0.00450897659,0.992601915,0.00406400149,294,1.01388011,0.142515127,1.04252018
1073,3.57666675,0.0229973658,0.00134123361,0.668027072,0.0344257992,0.0044599947,0.992611451,0.00174486757,294,1.01105198,0.112685388,1.0184243
1074,3.58000009,0.0248058675,0.00144670757,1.07822786,0.0230061459,0.00415438848,0.992654367,0.00247612407,294,1.00441699,0.0876220178,0.987881209
1075,3.58333342,0.0247203589,0.00144172061,1.95492674,0.0126451587,0.00435186817,0.992728277,0.0051618801,294,0.99406523,0.0728656322,0.956601759
1076,3.58666675,0.0246544564,0.00143787709,2.86593348,0.00860259197,0.00423046569,0.992835565,0.00789746813,294,0.980134957,0.0724308688,0.923323217
1077,3.59000009,0.0234767764,0.0013691934,3.75789333,0.00624732379,0.00419742323,0.992971464,0.0105361748,294,0.962802374,0.084793271,0.884203616
1078,3.59333342,0.0258834394,0.00150955284,4.6139176,0.00560986166,0.00444358559,0.993133589,0.0130665831,294,0.942227851,0.106281897,0.842902412
1079,3.59666675,0.0237575758,0.00138556996,5.42834921,0.0043765747,0.00409863645,0.993324324,0.0154502111,294,0.918593338,0.13089205,0.798016883
1080,3.60000009,0.0249959618,0.00145779409,6.19617329,0.00403409662,0.00449282135,0.993538901,0.0176867619,294,0.892114467,0.156693737,0.751512691
1081,3.60333342,0.0241680955,0.00140951196,6.9151931,0.00349492707,0.00411423092,0.993777319,0.0197758812,294,0.863044123,0.181382824,0.702700468
1082,3.60666675,0.0239579799,0.00139725777,7.58298467,0.00315943932,0.00423757949,0.994037196,0.0217518182,294,0.831604958,0.205882715,0.651903954
1083,3.61000009,0.0237657433,0.0013860463,8.19747631,0.00289915365,0.00415264854,0.99431853,0.023544742,294,0.798047634,0.229225723,0.599277701
1084,3.61333342,0.0259662655,0.00151438336,8.75691114,0.00296523113,0.00476113407,0.994616554,0.0251886815,294,0.762666625,0.251013761,0.545764948
1085,3.61666675,0.0227240363,0.00132529271,9.26049516,0.00245386839,0.00426606488,0.994931267,0.0266476617,294,0.725719688,0.27144852,0.490840274
1086,3.62000009,0.0244473747,0.00142579984,9.70703321,0.00251852179,0.00394945437,0.995260285,0.0279572514,294,0.687619321,0.28921812,0.436095129
1087,3.62333342,0.0248479904,0.00144916423,10.0968362,0.00246096797,0.00444793114,0.995601223,0.0290817682,294,0.648577767,0.306766842,0.379146033
1088,3.62666675,0.0246223708,0.00143600583,10.4279147,0.00236119796,0.00491222814,0.995951699,0.0300219278,294,0.609049333,0.321565517,0.324314472
1089,3.63000009,0.0253042452,0.00147577355,10.7026297,0.00236430166,0.00459118553,0.996309327,0.0308131298,294,0.569394738,0.334765108,0.267532252
1090,3.63333342,0.0246911671,0.00144001811,10.9190209,0.00226129865,0.00421399528,0.996674108,0.0314190479,294,0.52993512,0.346837041,0.213165422
1091,3.63666675,0.0250333833,0.00145997656,11.0796738,0.00225939715,0.00497524015,0.997043657,0.0319037196,294,0.491187611,0.356671737,0.15862605
1092,3.64000009,0.0260895089,0.00152157106,11.1842319,0.00233270458,0.00440362959,0.997415591,0.0322136975,294,0.453757154,0.364293966,0.106516891
1093,3.64333342,0.0236344402,0.00137838854,11.2345213,0.00210373362,0.00387015578,0.997787524,0.032362782,294,0.418290041,0.369829714,0.0576162345
1094,3.64666675,0.0259795944,0.00151516071,11.2307052,0.00231326474,0.00498107111,0.998159457,0.0323454428,294,0.385491675,0.373834038,0.0326946569
1095,3.65000009,0.0256227547,0.0014943494,11.1759053,0.00229267823,0.00472505647,0.998526622,0.0321959125,294,0.356125349,0.376028262,0.0631407206
1096,3.65333342,0.0250104305,0.00145863793,11.071171,0.00225905918,0.0043678924,0.998889019,0.0319093936,294,0.331094617,0.376405007,0.107751503
1097,3.65666676,0.0244716437,0.00142721524,10.9182746,0.00224134714,0.0050141303,0.999246647,0.0314452358,294,0.311199221,0.375285316,0.152851647
1098,3.66000009,0.0246163165,0.00143565273,10.7193537,0.00229643662,0.00448560312,0.999599507,0.0308956057,294,0.297156966,0.372550806,0.197264456
1099,3.66333342,0.0248358185,0.00144845435,10.4761665,0.00237069719,0.00430694042,0.999805075,0.0301992986,294,0.289489098,0.367959102,0.238761682
1100,3.66666676,0.0238298567,0.00138978547,10.1921572,0.00233805819,0.0045810186,0.999705872,0.0293891237,294,0.288139339,0.361962219,0.279137534
1101,3.67000009,0.0241012557,0.00140561378,9.8688199,0.00244216187,0.00427779242,0.999605469,0.0284561492,294,0.292636237,0.354709815,0.316338134
1102,3.67333342,0.0255675889,0.00149113207,9.50951906,0.00268863113,0.00381163286,0.999511442,0.0274229125,294,0.302075743,0.345941926,0.351946098
1103,3.67666676,0.0241624566,0.00140918309,9.11617291,0.00265050442,0.00416688902,0.999421711,0.0262945567,294,0.315583497,0.334986492,0.384670956
1104,3.68000009,0.0235972408,0.00137621903,8.69182154,0.00271487866,0.00430172104,0.999339106,0.0250762209,294,0.331768635,0.323757185,0.414422402
1105,3.68333342,0.0237526156,0.00138528067,8.2396155,0.0028827335,0.00408070331,0.999258976,0.0237828786,294,0.349822427,0.310562382,0.441422228
1106,3.68666676,0.0252300271,0.00147144506,7.76244527,0.00325026796,0.00437388657,0.999183783,0.0224131755,294,0.368819073,0.296500653,0.465318933
1107,3.69000009,0.0248668778,0.00145026577,7.2635952,0.00342349444,0.00427588783,0.999115877,0.0210048045,294,0.388004542,0.281872068,0.486902146
1108,3.69333342,0.0235571933,0.00137388341,6.74553403,0.00349226514,0.00447575062,0.999052729,0.0195226799,294,0.40683608,0.266224792,0.504600879
1109,3.69666676,0.0238299707,0.00138979211,6.21223304,0.00383597501,0.00441304506,0.998997321,0.0180021788,294,0.42485003,0.25000496,0.5217907
1110,3.70000009,0.0262754461,0.00153241514,5.66438805,0.0046387087,0.00456577878,0.998947869,0.0164100709,294,0.441772284,0.232813291,0.5343476
1111,3.70333342,0.0255504644,0.00149013334,5.10669316,0.00500332868,0.00451922956,0.998906606,0.0148000388,294,0.457253001,0.215840151,0.543672845
1112,3.70666676,0.0248973875,0.00145204513,4.54257913,0.00548089243,0.00469594606,0.998871456,0.013185763,294,0.471082522,0.19869958,0.550274388
1113,3.71000009,0.0252771689,0.00147419443,3.97494926,0.00635911738,0.00450558033,0.998843164,0.0115556638,294,0.48322627,0.180220638,0.554384714
1114,3.71333342,0.0222898971,0.0012999732,3.40661499,0.0065431219,0.00429626971,0.998818757,0.00992711865,294,0.49351614,0.161747531,0.557882104
1115,3.71666676,0.0252299036,0.00147143786,2.83877952,0.00888758829,0.00411152338,0.99880047,0.00830010992,294,0.501951026,0.142656745,0.555667948
1116,3.72000009,0.0242073311,0.00141180022,2.27806979,0.0106262465,0.00455129071,0.998788155,0.0066778532,294,0.508385367,0.124543142,0.554724028
1117,3.72333342,0.0249206249,0.00145340036,1.7255783,0.0144418975,0.00472252589,0.998781069,0.00506593606,294,0.512833363,0.106173952,0.548730414
1118,3.72666676,0.0246773751,0.00143921374,1.19232068,0.0206969279,0.00414886382,0.998780852,0.00350787557,294,0.515241841,0.0894758164,0.53991247
1119,3.73000009,0.0260460559,0.00151903683,0.704564613,0.0369675902,0.00442186083,0.998788543,0.00204745125,294,0.515646855,0.0736871932,0.529561017
1120,3.73333342,0.0240133224,0.0014004854,0.406661728,0.0590498706,0.00400797352,0.998801016,0.0010339071,294,0.514119781,0.0572921925,0.517125237
1121,3.73666676,0.0240868964,0.00140477632,0.620800871,0.0387997142,0.00485639943,0.998816195,0.00171505309,294,0.51068077,0.0449847093,0.501377429
1122,3.74000009,0.0232240226,0.0013544525,1.05072494,0.0221028566,0.0039664616,0.998838387,0.003038114,294,0.505395801,0.0369219085,0.485873513
1123,3.74333342,0.0244834281,0.00142790252,1.50616786,0.0162554445,0.0043025881,0.99886447,0.00437174472,294,0.498295305,0.0390837584,0.467271297
1124,3.74666676,0.024359635,0.00142068276,1.95350668,0.0124696963,0.00443965066,0.998893708,0.00566461882,294,0.489470057,0.046786132,0.447185155
1125,3.75000009,0.0253175434,0.00147654911,2.38382497,0.0106205547,0.00472208444,0.998929806,0.0069242711,294,0.479005709,0.0578714508,0.427306641
1126,3.75333342,0.0258612576,0.00150825917,2.79489501,0.00925303368,0.00480551751,0.998969777,0.00811312871,294,0.46700322,0.0703266651,0.404775496
1127,3.75666676,0.0252404928,0.00147205544,3.18301762,0.00792973708,0.00412084428,0.999014834,0.00926408799,294,0.453572458,0.0831357596,0.380437211
1128,3.76000009,0.0255716737,0.0014913703,3.54596466,0.00721148578,0.00416589175,0.999061246,0.0103058397,294,0.438836447,0.0955724538,0.354844892
1129,3.76333342,0.0239172211,0.00139488066,3.88226333,0.00616063854,0.0043760674,0.999110203,0.0112745272,294,0.422887578,0.107874986,0.330231168
1130,3.76666676,0.02571601,0.00149978816,4.19278005,0.00613340308,0.00473828354,0.999161848,0.0121703401,294,0.40583246,0.120303447,0.302886656
1131,3.77000009,0.025021732,0.00145929705,4.47486734,0.00559161426,0.00478648107,0.999217966,0.0129551399,294,0.387869065,0.130765276,0.276030931
1132,3.77333342,0.0254825523,0.00148617263,4.72897627,0.00538859804,0.00348813785,0.999275432,0.0136996871,294,0.369122822,0.140777004,0.248318033
1133,3.77666676,0.0244627073,0.00142669406,4.95431214,0.00493765968,0.00498123752,0.999331195,0.0143347337,294,0.349767005,0.149880457,0.219616433
1134,3.78000009,0.0241574325,0.00140889008,5.14997098,0.00469079003,0.00451363243,0.999388672,0.0148948805,294,0.329910283,0.158592724,0.19154165
1135,3.78333342,0.0232314193,0.00135488389,5.31668554,0.00436953044,0.00459568928,0.999447338,0.0153795944,294,0.309810605,0.165746583,0.163271835
1136,3.78666676,0.0233389089,0.00136115281,5.45433819,0.00427896256,0.00344596385,0.999507996,0.0157906148,294,0.289662925,0.1719336,0.134488847
1137,3.79000009,0.0229366746,0.00133769403,5.56239645,0.00412352389,0.00406388262,0.99956898,0.0160919747,294,0.26959598,0.17795477,0.106527192
1138,3.79333343,0.0240023536,0.00139984569,5.64175503,0.00425441259,0.00365075088,0.999630464,0.0163180712,294,0.249886286,0.182748271,0.0807666972
1139,3.79666676,0.0230443168,0.00134397185,5.6946018,0.00404669503,0.00356679955,0.999692387,0.016468229,294,0.2307853,0.186501082,0.0536833847
1140,3.80000009,0.026122886,0.00152351765,5.71863283,0.00456802994,0.00429957074,0.999750036,0.0165450553,294,0.212608764,0.189502579,0.0305567966
1141,3.80333343,0.0247318032,0.00144238805,5.71603572,0.00432674049,0.00456509573,0.999804184,0.0165459432,294,0.195752358,0.191315277,0.0192270161
1142,3.80666676,0.0254463406,0.00148406072,5.68859945,0.00447321715,0.00429329703,0.999857969,0.0164743003,294,0.180639486,0.192142505,0.033978421
1143,3.81000009,0.0270367012,0.00157681243,5.63459321,0.00479834128,0.00524877389,0.999882901,0.0162942221,294,0.167782926,0.191985807,0.0556519319
1144,3.81333343,0.0256629558,0.00149669398,5.55693455,0.00461818572,0.00411614835,0.99980323,0.0160720447,294,0.157578081,0.191167481,0.0788078708
1145,3.81666676,0.0259208625,0.0015117354,5.45513876,0.00475164127,0.00437183969,0.999726083,0.0157767449,294,0.150458543,0.189338448,0.101034367
1146,3.82000009,0.024719011,0.001441642,5.33119225,0.00463667596,0.00428118256,0.999651091,0.0154064734,294,0.146651959,0.186698522,0.122198802
1147,3.82333343,0.023755696,0.00138546032,5.18623052,0.00458053221,0.00422161756,0.999582071,0.0149657099,294,0.146257524,0.182956477,0.142140296
1148,3.82666676,0.0237295161,0.00138393349,5.0217694,0.00472532971,0.00413203946,0.999502687,0.0145164098,294,0.148636548,0.179794687,0.160616151
1149,3.83000009,0.026869746,0.00156707541,4.83949133,0.00555218393,0.00475177531,0.999392136,0.013997264,294,0.153675995,0.174799988,0.180262127
1150,3.83333343,0.0242905104,0.00141665133,4.63840198,0.00523682735,0.0044597305,0.999268084,0.0134072382,294,0.160415556,0.170590569,0.194700106
1151,3.83666676,0.0237160764,0.00138314966,4.42367515,0.00536117043,0.00454610813,0.999127417,0.0128121486,294,0.16873717,0.164047328,0.210765889
1152,3.84000009,0.0244551831,0.00142625524,4.19380061,0.00583126986,0.00409991139,0.998996287,0.0121454114,294,0.177938402,0.157828077,0.224399892
1153,3.84333343,0.0241322484,0.00140742131,3.95129919,0.00610742118,0.00435818158,0.998872309,0.0114415143,294,0.187575207,0.151071526,0.236016702
1154,3.84666676,0.0249867697,0.001457258,3.69825886,0.00675636041,0.00444202669,0.998755516,0.010735495,294,0.197253767,0.144036197,0.247402316
1155,3.85000009,0.0256558707,0.00149628076,3.43506534,0.0074688159,0.0047507126,0.998645832,0.00999071394,294,0.206824644,0.135884183,0.257193623
1156,3.85333343,0.0244045335,0.0014233013,3.16335443,0.00771476421,0.00402572222,0.998543312,0.00921108849,294,0.216033228,0.127503596,0.265247982
1157,3.85666676,0.0260714344,0.00152051693,2.88476712,0.00903762186,0.00492458454,0.998450328,0.00839840796,294,0.224686974,0.118804399,0.271805932
1158,3.86000009,0.0246721314,0.00143890792,2.60110444,0.00948525213,0.00452396902,0.998366914,0.00758330063,294,0.232610016,0.110216426,0.276696348
1159,3.86333343,0.0243647658,0.001420982,2.31399838,0.0105292925,0.00437248204,0.998293005,0.00676595219,294,0.239678989,0.101736877,0.281451978
1160,3.86666676,0.0242407368,0.00141374848,2.02362934,0.0119788423,0.00404291413,0.998228632,0.00595153989,294,0.245938963,0.0917500967,0.283444817
1161,3.87000009,0.0256474407,0.00149578912,1.73293543,0.0147999979,0.00542297945,0.998173795,0.0051343943,294,0.251271606,0.0824915759,0.283177274
1162,3.87333343,0.0231616841,0.00135081685,1.44438735,0.016035646,0.0043258188,0.99813088,0.00431847558,294,0.255575323,0.0736476962,0.283460837
1163,3.87666676,0.0250762642,0.00146247743,1.15796129,0.0216555289,0.00432498115,0.998095117,0.00346930409,294,0.258892569,0.0646929571,0.281388356
1164,3.88000009,0.0237338489,0.00138418618,0.876756352,0.0270700621,0.0036930265,0.998068891,0.00265362118,294,0.261172596,0.0560017813,0.27842593
1165,3.88333343,0.02473905,0.0014428107,0.604396474,0.0409318239,0.00420905727,0.998054586,0.0018438046,294,0.262474125,0.0465172337,0.27445959
1166,3.88666676,0.0246607477,0.00143824401,0.351813164,0.0700961482,0.0047060717,0.998049817,0.0010774542,294,0.262750639,0.0384478236,0.270298004
1167,3.89000009,0.0249948364,0.00145772846,0.188976811,0.13226404,0.00398179471,0.998054553,0.000511071489,294,0.262006201,0.0316197781,0.26369568
1168,3.89333343,0.0253235234,0.00147689787,0.301941349,0.0838690145,0.00419287329,0.998066474,0.000833410084,294,0.260253203,0.0269063665,0.256919969
1169,3.89666676,0.0255070439,0.00148760101,0.526679546,0.0484299118,0.0045339779,0.998085548,0.00155918682,294,0.257551189,0.0239756991,0.246510624
1170,3.90000009,0.0254629654,0.0014850303,0.759488095,0.0335264839,0.00429871355,0.998111774,0.00226403675,294,0.253949576,0.0240529694,0.238211232
1171,3.90333343,0.0244225848,0.00142435407,0.98832852,0.0247109987,0.00417053378,0.998147536,0.00293209747,294,0.249458557,0.0262076505,0.227923176
1172,3.90666676,0.0264410297,0.00154207217,1.20804993,0.0218873649,0.00444662666,0.998190452,0.00356259819,294,0.244114884,0.031837216,0.218490274
1173,3.91000009,0.0254333982,0.0014833059,1.41841212,0.0179308945,0.00434334786,0.998238168,0.00416091673,294,0.23798782,0.0375366275,0.205783117
1174,3.91333343,0.0257157513,0.00149977307,1.61572596,0.0159159114,0.00415824899,0.998293005,0.00471926568,294,0.231163606,0.0436249744,0.192939182
1175,3.91666676,0.024154803,0.00140873672,1.79973094,0.0134213412,0.00383799328,0.998354961,0.00524016671,294,0.223661985,0.0494170552,0.18198095
1176,3.92000009,0.0238716705,0.0013922241,1.97214404,0.0121044254,0.00450847697,0.998421718,0.00575776853,294,0.215519763,0.055835824,0.168284964
1177,3.92333343,0.0243944983,0.00142271603,2.1302559,0.0114514403,0.00405323915,0.998493244,0.00620536169,294,0.206840287,0.061582913,0.15502552
1178,3.92666676,0.024076652,0.00140417886,2.27444586,0.0105857222,0.00425419114,0.998569538,0.00661617429,294,0.197650057,0.0672361995,0.142101194
1179,3.9300001,0.0268960447,0.00156860918,2.40501849,0.0111833006,0.00481330409,0.998648249,0.00698948779,294,0.188028467,0.0731773616,0.126873772
1180,3.93333343,0.0233771137,0.00136338096,2.5197686,0.00927748432,0.00443509707,0.998729311,0.00729074764,294,0.178177536,0.0764266971,0.114004647
1181,3.93666676,0.0254125957,0.00148209268,2.62121461,0.00969496949,0.00401256895,0.998815142,0.00758801719,294,0.168002264,0.0816852667,0.0981091041
1182,3.9400001,0.0258345581,0.00150670203,2.70613699,0.00954665571,0.00460391974,0.998905741,0.00784841873,294,0.157771119,0.0848023287,0.0855643932
1183,3.94333343,0.0232693675,0.00135709707,2.77804593,0.00837616368,0.00430844815,0.998998724,0.0080371519,294,0.147553387,0.0875699989,0.0697307616
1184,3.94666676,0.0245070387,0.00142927952,2.83362785,0.00864864408,0.00469909305,0.999094092,0.00819005025,294,0.137422061,0.0906100351,0.056237062
1185,3.9500001,0.0237412187,0.00138461599,2.87514301,0.00825740445,0.00413346077,0.999189459,0.00830283021,294,0.127420427,0.0933471435,0.0425382705
1186,3.95333343,0.026315144,0.00153473036,2.90203112,0.00906783659,0.00426589893,0.999284827,0.00837759455,294,0.11772184,0.0955646846,0.0298896801
1187,3.95666676,0.0268903776,0.00156827867,2.91449313,0.00922643369,0.00495357001,0.999380194,0.00841509255,294,0.108664153,0.0964110182,0.0194468108
1188,3.9600001,0.024900529,0.00145222834,2.91288202,0.00854841662,0.00430553449,0.999475562,0.00841541269,294,0.100229596,0.097699182,0.01500032
1189,3.96333343,0.0264476146,0.00154245621,2.897697,0.00912711529,0.00462315007,0.99957093,0.00834827979,294,0.0926422661,0.0984511564,0.0210998007
1190,3.96666676,0.0248788536,0.00145096421,2.87042656,0.00866730191,0.00368495156,0.999666297,0.00827531906,294,0.0861853279,0.0982761424,0.0305306937
1191,3.9700001,0.0266540555,0.00155449608,2.83094581,0.0094152475,0.00426582479,0.99975928,0.00816570861,294,0.0810649538,0.0982460666,0.0420450119
1192,3.97333343,0.0244955243,0.00142860799,2.77901555,0.00881446104,0.00413353992,0.99984988,0.00801973946,294,0.0774696947,0.097301203,0.052343656
1193,3.97666676,0.0246648498,0.00143848325,2.71641337,0.00907993243,0.00465984486,0.999938095,0.00783596318,294,0.075403514,0.0964873343,0.0627759083
1194,3.9800001,0.0265887452,0.00155068711,2.64323978,0.0100591499,0.00471069637,0.999920483,0.00761608357,294,0.0750617639,0.0947170651,0.0745481017
1195,3.98333343,0.0251336,0.00146582132,2.55845048,0.00982375866,0.00458277992,0.999892469,0.00739408491,294,0.0762216756,0.0928488832,0.0822720658
1196,3.98666676,0.0244356196,0.00142511428,2.46614067,0.00990844518,0.00405010801,0.999869371,0.0071356666,294,0.078571884,0.0907405203,0.0916535783
1197,3.9900001,0.0257999342,0.00150468272,2.36483109,0.0109098423,0.00443437887,0.999845675,0.00684119538,294,0.0820763596,0.0877375426,0.0999515936
1198,3.99333343,0.0253385392,0.00147777362,2.25554969,0.0112338643,0.00453183334,0.999824511,0.00651065395,294,0.0864022504,0.0844864829,0.107844434
1199,3.99666676,0.0245550059,0.00143207703,2.13886364,0.011480398,0.00437148358,0.999804091,0.00617749317,294,0.0911554493,0.0811112499,0.11427543
1200,4.0000001,0.0263957573,0.00153943183,2.0162063,0.0130917939,0.00443039004,0.99978367,0.00580940129,294,0.0960818094,0.0780277261,0.121154737
1201,4.00333343,0.0248264703,0.00144790915,1.88735238,0.0131541256,0.00436724894,0.999766228,0.0054401377,294,0.101082401,0.0738967827,0.127016194
1202,4.00666676,0.0250642006,0.00146177386,1.75317945,0.0142964262,0.00523573942,0.999751764,0.00506889784,294,0.105993541,0.0700406996,0.129653237
1203,4.0100001,0.0254698858,0.0014854339,1.61713988,0.0157499584,0.0042021444,0.999740281,0.0046623317,294,0.110630629,0.0664075472,0.134539666
1204,4.01333343,0.0245433832,0.00143139918,1.47688334,0.0166183628,0.00423015446,0.999729839,0.00425580405,294,0.114985329,0.062161378,0.138932816
1205,4.01666676,0.0235935379,0.00137600308,1.3331179,0.017698013,0.00410405529,0.999721038,0.00384835245,294,0.118993004,0.0574223354,0.140772187
1206,4.0200001,0.0233620317,0.00136250136,1.18841676,0.0196581136,0.00513237169,0.999710868,0.00340933339,294,0.122602254,0.0528656789,0.143022354
1207,4.02333343,0.0226253411,0.00131953669,1.04247124,0.0217035638,0.00369958896,0.999701176,0.00300572406,294,0.125717141,0.0487071721,0.145847138
1208,4.02666676,0.0254710358,0.00148550098,0.894979112,0.0284599221,0.0045012953,0.999692825,0.00260374825,294,0.128394403,0.0441533112,0.144789165
1209,4.0300001,0.0259033834,0.001510716,0.750149493,0.0345309616,0.00454286888,0.999687752,0.00217058817,294,0.130534952,0.0399223702,0.145701313
1210,4.03333343,0.0249253811,0.00145367775,0.606701224,0.0410834528,0.00443713158,0.999686553,0.00177427562,294,0.132199511,0.0353254238,0.144758283
1211,4.03666676,0.0251205155,0.00146505822,0.467789961,0.053700416,0.00412163657,0.999685801,0.00138649304,294,0.133375875,0.0309693322,0.142046535
1212,4.0400001,0.0230329277,0.00134330762,0.338336163,0.0680770494,0.00429135899,0.999684581,0.00101188181,294,0.13399302,0.0266317301,0.140936451
1213,4.04333343,0.0230484311,0.0013442118,0.227584109,0.101274343,0.00538699271,0.99968294,0.000702462215,294,0.134114441,0.02258329,0.138012842
1214,4.04666676,0.024738425,0.00144277424,0.171153743,0.144539199,0.00490028182,0.999686811,0.000541779664,294,0.133685601,0.0210062942,0.134320496
1215,4.0500001,0.0250176813,0.0014590608,0.209327527,0.119514531,0.00444424637,0.99969128,0.00062355248,294,0.132772861,0.0188686065,0.131059628
1216,4.05333343,0.0236046485,0.00137665106,0.30344895,0.0777878733,0.00483591832,0.999696197,0.000892624026,294,0.131367897,0.0172409941,0.12618078
1217,4.05666676,0.024948881,0.00145504829,0.412070956,0.0605451092,0.00438613292,0.999704094,0.00118466749,294,0.129532183,0.0169869779,0.121483881
1218,4.0600001,0.0248589615,0.00144980407,0.522562569,0.0475712631,0.00464877201,0.999710356,0.00152723195,294,0.127249109,0.0185998854,0.116759686
1219,4.06333343,0.0253098879,0.00147610264,0.631121821,0.040103015,0.00464385247,0.999719299,0.00181687936,294,0.124512241,0.0212702508,0.111541848
1220,4.06666677,0.0234771129,0.00136921303,0.735551476,0.0319177021,0.00444947017,0.999730627,0.00213429536,294,0.121373103,0.0229695893,0.105688849
1221,4.0700001,0.0258360779,0.00150679066,0.834681191,0.0309532288,0.00438410674,0.999739126,0.00242445439,294,0.117877753,0.0258037164,0.0993780277
1222,4.07333343,0.0256167794,0.00149400091,0.927524031,0.0276184535,0.00441365632,0.999747329,0.00269185681,294,0.114052717,0.0282940738,0.0936296954
1223,4.07666677,0.0230779444,0.00134593305,1.01450542,0.0227479754,0.00408205888,0.999758214,0.00294995438,294,0.109925988,0.0308577637,0.0864826168
1224,4.0800001,0.0223134358,0.001301346,1.09442224,0.0203883245,0.00483649766,0.999770738,0.00317312636,294,0.105504327,0.0331502899,0.0779974952
1225,4.08333343,0.0252211103,0.00147092502,1.16547156,0.0216402622,0.00444376384,0.999783113,0.00339415788,294,0.100841444,0.036750879,0.0728739811
1226,4.08666677,0.0255632169,0.00149087709,1.23121796,0.0207625439,0.00416117648,0.999796979,0.00358057234,294,0.0959744868,0.0393794479,0.0655322331
1227,4.0900001,0.0259529156,0.00151360477,1.2892039,0.0201309627,0.00442807621,0.999812335,0.00375068411,294,0.0909359929,0.0415737753,0.0579084436
1228,4.09333343,0.0235620034,0.00137416395,1.33905342,0.0175960145,0.00405037627,0.99982635,0.00393242736,294,0.0858296803,0.0425292577,0.0507576472
1229,4.09666677,0.0260637437,0.0015200684,1.38139173,0.0188677426,0.00416199708,0.999843642,0.00404699017,294,0.0805895904,0.045705859,0.0446357208
1230,4.1000001,0.0245393198,0.00143116219,1.41731446,0.0173139557,0.00409190309,0.99986153,0.00415910823,294,0.0753910415,0.0465698929,0.0375334428
1231,4.10333343,0.0239823005,0.00139867617,1.44551499,0.0165908349,0.00420422748,0.99987763,0.00426846754,294,0.070179449,0.0485325406,0.0308485166
1232,4.10666677,0.0267199611,0.00155833978,1.46685358,0.0182158339,0.00458848403,0.999894325,0.00434408639,294,0.065130603,0.0492571711,0.0245246114
1233,4.1100001,0.0238046565,0.00138831576,1.47992069,0.0160850893,0.00484747505,0.999911318,0.00438158546,294,0.0602398819,0.0499125937,0.0188266372
1234,4.11333343,0.0256672246,0.00149694294,1.48598202,0.0172729039,0.00440010509,0.999926375,0.0043850198,294,0.0556261249,0.0511823524,0.0140045316
1235,4.11666677,0.0244831603,0.0014278869,1.48513965,0.0164854263,0.0040931122,0.99994441,0.00438649536,294,0.051414138,0.0508496135,0.0140165368
1236,4.1200001,0.0252052,0.00146999712,1.47729539,0.0170617199,0.00430803058,0.999959253,0.00435156248,294,0.0475352752,0.0520869037,0.0149280193
1237,4.12333343,0.0238303152,0.00138981221,1.46278521,0.0162910556,0.00411047173,0.999949648,0.00431498779,294,0.0442419479,0.0517294321,0.019161798
1238,4.12666677,0.0232585197,0.00135646442,1.44219418,0.0161271763,0.00361599045,0.999928877,0.00427692716,294,0.0416348863,0.051260589,0.0231188274
1239,4.1300001,0.0246679267,0.0014386627,1.41658297,0.017413683,0.00435946975,0.999905748,0.00420313766,294,0.039811683,0.0507475698,0.0299458877
1240,4.13333343,0.022854532,0.00133290337,1.38375697,0.0165162904,0.00387624924,0.999885516,0.0041284176,294,0.0388616048,0.0500245896,0.032893044
1241,4.13666677,0.0251689442,0.00146788263,1.34715403,0.0186830486,0.00439187333,0.999868153,0.00402113917,294,0.0387565943,0.049599317,0.0396110336
1242,4.1400001,0.0251142942,0.00146469538,1.30391948,0.0192606174,0.00437083654,0.999840322,0.0039098586,294,0.0392792852,0.0488813561,0.0433193087
1243,4.14333343,0.0249811253,0.00145692881,1.25700595,0.0198735139,0.00385132865,0.999802175,0.00376447654,294,0.0404866254,0.0478776651,0.0484409445
1244,4.14666677,0.0249521363,0.00145523814,1.2048931,0.0207090043,0.005044744,0.999764028,0.00358199993,294,0.0423169672,0.0462970007,0.0510530615
1245,4.1500001,0.0233651686,0.00136268431,1.15017891,0.0203143776,0.0039637959,0.999728265,0.00343303977,294,0.0443550703,0.044995737,0.0556073529
1246,4.15333343,0.0262401318,0.00153035557,1.09106529,0.0240500105,0.00422044459,0.999694886,0.00324746701,294,0.0467441721,0.0436015281,0.0591544488
1247,4.15666677,0.0245236285,0.00143024706,1.02869783,0.0238394868,0.003753476,0.999663892,0.00309703688,294,0.0492225739,0.0416786084,0.0611874849
1248,4.1600001,0.0240949989,0.00140524887,0.964617358,0.0249788154,0.00417556759,0.999635282,0.00291036584,294,0.05165578,0.040355738,0.0654549905
1249,4.16333343,0.0241549425,0.00140874485,0.896373363,0.0269474122,0.00479222392,0.999609056,0.00268996065,294,0.0541730079,0.0380630641,0.0685740856
1250,4.16666677,0.0253405767,0.00147789245,0.825257222,0.0307062769,0.00462061189,0.999585214,0.00246926169,294,0.056597876,0.0356230898,0.0705580404
1251,4.1700001,0.025584563,0.00149212201,0.752917068,0.0339805857,0.00483444163,0.999563756,0.0022482315,294,0.0588995778,0.0334234117,0.07275326
1252,4.17333343,0.0233184398,0.00135995903,0.678677344,0.0343586536,0.00398386457,0.999544683,0.00205798033,294,0.0609307122,0.0316893133,0.0724119877
1253,4.17666677,0.0237984902,0.00138795613,0.605104861,0.0393295306,0.00337235912,0.999527993,0.00183512692,294,0.0627770356,0.0293217385,0.0742086705
1254,4.1800001,0.0252292474,0.00147139959,0.530432609,0.0475635302,0.00419367775,0.999513688,0.0016484404,294,0.0643956725,0.027801107,0.0743390518
1255,4.18333343,0.0258291159,0.00150638463,0.456347526,0.0565996624,0.00511604076,0.999501767,0.00146014282,294,0.0657517751,0.0260674399,0.0757748506
1256,4.18666677,0.024740765,0.00144291072,0.381948102,0.0647752008,0.00479859286,0.99949223,0.00124182069,294,0.0668717526,0.0227724231,0.0744696879
1257,4.1900001,0.0252106538,0.00147031519,0.310232747,0.0812636771,0.00473641906,0.999485078,0.00102028746,294,0.0676967503,0.0218866181,0.0739700429
1258,4.19333343,0.0251248522,0.00146531114,0.241060564,0.104226306,0.00456541263,0.99948031,0.000803385501,294,0.0683191435,0.0197785145,0.0738583527
1259,4.19666677,0.0260308394,0.00151814939,0.176492819,0.14748951,0.00520664548,0.999477925,0.00062807451,294,0.0686690094,0.0189220621,0.0723287283
1260,4.2000001,0.0246301424,0.00143645908,0.12392645,0.198748068,0.00427630253,0.999477925,0.000454575991,294,0.0687364894,0.0171478404,0.0713692078
1261,4.20333344,0.0259331101,0.00151244969,0.0992840753,0.261201104,0.00420210563,0.999480298,0.000343743766,294,0.0685512056,0.0167883783,0.0698533354
1262,4.20666677,0.0231028578,0.00134738603,0.119012074,0.194121967,0.00468317136,0.999482682,0.000371165836,294,0.0680969548,0.0144448296,0.0673622846
1263,4.2100001,0.0233328336,0.00136079849,0.164706836,0.141662813,0.00421749443,0.99948745,0.000549146777,294,0.0673348183,0.0153320159,0.0662183203
1264,4.21333344,0.0245695946,0.00143292785,0.219867913,0.111747068,0.00463749081,0.999494603,0.000714790382,294,0.0663612508,0.0151453569,0.0630894704
1265,4.21666677,0.0255334638,0.00148914185,0.275682694,0.0926190303,0.004246481,0.99950414,0.000891998476,294,0.0652108735,0.0164184913,0.0601923181
1266,4.2200001,0.0236925568,0.00138177797,0.33025171,0.0717409058,0.00457207231,0.99951606,0.00104008664,294,0.063828353,0.0165417336,0.0569558988
1267,4.22333344,0.0242227314,0.00141269838,0.382357074,0.0633510742,0.00456588543,0.999527981,0.00121767548,294,0.062263269,0.0169020068,0.0549715504
1268,4.22666677,0.0228472008,0.00133247581,0.432687676,0.0528029848,0.0044342471,0.999542287,0.0013276276,294,0.0604749799,0.0168596378,0.0515771762
1269,4.2300001,0.0230803354,0.00134607249,0.479749379,0.0481091511,0.00340803377,0.999558976,0.00147434767,294,0.0585420632,0.0180148953,0.0482372971
1270,4.23333344,0.0251139896,0.00146467762,0.523537334,0.0479698161,0.00456580147,0.999575665,0.00161792676,294,0.0564649269,0.0206054684,0.0444707659
1271,4.23666677,0.0233803882,0.00136357193,0.563368408,0.0415010637,0.00417630214,0.999592354,0.0017287399,294,0.0542211206,0.0203943938,0.0421947452
1272,4.2400001,0.0263164646,0.00153480738,0.600720693,0.043808154,0.00437718381,0.999611428,0.00183960206,294,0.0518322343,0.0231920087,0.0389454231
1273,4.24333344,0.0244209358,0.0014242579,0.634552284,0.0384853013,0.00427726103,0.999632886,0.00195019105,294,0.0493543437,0.0236125807,0.0352346367
1274,4.24666677,0.0250455641,0.00146068696,0.664344284,0.0376996757,0.00492725729,0.999654343,0.00202721723,294,0.0468146043,0.0246993515,0.0313646152
1275,4.2500001,0.0259555379,0.00151375771,0.689919584,0.0376211061,0.00379698266,0.999675801,0.00206759121,294,0.044252062,0.0251841487,0.0286324477
1276,4.25333344,0.0241464587,0.00140825007,0.712211127,0.0339035124,0.00356800174,0.999697259,0.00211106796,294,0.0415514381,0.0264792123,0.0248022485
1277,4.25666677,0.0257819824,0.00150363575,0.730394899,0.0352986891,0.00451199274,0.999718716,0.00215092253,294,0.0389226009,0.0272549362,0.021370278
1278,4.2600001,0.0246155459,0.00143560779,0.74433156,0.0330706734,0.00466980026,0.999742558,0.00218756701,294,0.0363136457,0.0277393344,0.0182319702
1279,4.26333344,0.0261956971,0.00152776408,0.754588713,0.0347151987,0.00421624486,0.999768784,0.00222409048,294,0.0337745704,0.0285076946,0.0160047929
1280,4.26666677,0.0264883037,0.00154482924,0.760742725,0.0348190036,0.00398515163,0.99979501,0.00226062595,294,0.0313199164,0.0291066689,0.0140062536
1281,4.2700001,0.0257529311,0.00150194144,0.763060378,0.0337495326,0.00444062665,0.999818852,0.00229372802,294,0.0289670533,0.0287573208,0.0137542358
1282,4.27333344,0.0228728925,0.00133397418,0.762355012,0.0300029411,0.00423503812,0.999842694,0.00229367826,294,0.0268410697,0.0287201947,0.0110319773
1283,4.27666677,0.0231430187,0.00134972826,0.759193969,0.0304836703,0.00376198454,0.999864152,0.0022900782,294,0.024862103,0.0288824534,0.0124776153
1284,4.2800001,0.0245112896,0.00142952744,0.751484375,0.0326171647,0.00408498073,0.99988561,0.00225650889,294,0.0232593494,0.0290938385,0.0134827162
1285,4.28333344,0.025433371,0.00148330432,0.741577489,0.0342963094,0.00423087279,0.999907067,0.00221954561,294,0.022068887,0.0290328013,0.0160310757
1286,4.28666677,0.0249903337,0.00145746586,0.728278241,0.0343142666,0.00414020049,0.999928525,0.00218567726,294,0.0210673747,0.0295371896,0.0187937076
1287,4.2900001,0.0241224634,0.00140685063,0.710810975,0.0339365376,0.00511518232,0.999949983,0.00214859728,294,0.0206069505,0.028225191,0.0198247946
1288,4.29333344,0.0252141304,0.00147051795,0.69231086,0.0364202439,0.00449082575,0.99997144,0.00207798884,294,0.0207606231,0.0275684135,0.0227358317
1289,4.29666677,0.0248202145,0.00144754431,0.670495971,0.0370176938,0.00465957431,0.999967198,0.00200751354,294,0.0209636622,0.0280938699,0.0235557886
1290,4.3000001,0.0246429283,0.00143720476,0.647657207,0.0380493384,0.00429015921,0.999963026,0.00193376632,294,0.0214308385,0.027539238,0.0266261387
1291,4.30333344,0.0254261257,0.00148288176,0.621503514,0.0409106708,0.00429560458,0.99995831,0.00188982548,294,0.0222254703,0.027310446,0.0275543273
1292,4.30666677,0.0245347356,0.00143089484,0.594294328,0.0412838126,0.00411639519,0.999951455,0.00181606296,294,0.0233308036,0.0257342944,0.0309092357
1293,4.3100001,0.0233975607,0.00136457345,0.563720204,0.0415056273,0.00430947324,0.999943111,0.00174239818,294,0.0244622873,0.0246309432,0.0326913762
1294,4.31333344,0.0256258435,0.00149452954,0.53154773,0.0482098635,0.00482021202,0.999938491,0.00166537657,294,0.0258115847,0.0248021351,0.0333324859
1295,4.31666677,0.0240231659,0.00140105949,0.498455946,0.0481951637,0.00437703954,0.999936554,0.00155544775,294,0.027032357,0.024029736,0.0350040954
1296,4.3200001,0.0250691255,0.00146206109,0.463999056,0.0540283975,0.00453871182,0.999933124,0.00144586436,294,0.0284218358,0.02268412,0.0363170267
1297,4.32333344,0.0229479424,0.00133835118,0.428292747,0.0535800398,0.00399701426,0.999929247,0.0013365608,294,0.0296614706,0.0213323674,0.0367211526
1298,4.32666677,0.0247313353,0.00144236077,0.392421302,0.0630224077,0.00457042117,0.999926569,0.00122778294,294,0.0308627318,0.0208500204,0.0367310631
1299,4.3300001,0.0260880398,0.00152148538,0.356930339,0.0730900037,0.00454327425,0.999923589,0.00111956875,294,0.0319223925,0.0208916469,0.0381026191
1300,4.33333344,0.024367057,0.00142111562,0.320655458,0.0759913994,0.00446665794,0.999923737,0.00101644109,294,0.0327896351,0.0198676737,0.0393535737
1301,4.33666677,0.0243416899,0.00141963619,0.283580187,0.0858370614,0.0041711481,0.999920602,0.000910518475,294,0.0334687391,0.0192975111,0.0391949586
1302,4.34000011,0.0254588224,0.00148478868,0.247314052,0.102941269,0.00421156683,0.999917771,0.000801354805,294,0.0340944353,0.018093205,0.0400433858
1303,4.34333344,0.0245516432,0.00143188091,0.211326694,0.116178618,0.00449162355,0.999918218,0.000694144751,294,0.0346893934,0.017327735,0.0396275363
1304,4.34666677,0.0237836158,0.00138708864,0.176776927,0.134540272,0.00354961797,0.999915539,0.00056726487,294,0.0351285818,0.0161378042,0.0401264244
1305,4.35000011,0.0242349148,0.00141340893,0.144262736,0.167991509,0.00400531388,0.999914942,0.000470029331,294,0.035400049,0.0158611425,0.0382813308
1306,4.35333344,0.0243315331,0.00141904383,0.11695477,0.208042246,0.00371654895,0.999914349,0.000388401076,294,0.0355583195,0.0153850988,0.0377466945
1307,4.35666677,0.0235150202,0.00137142383,0.0965561001,0.243537386,0.00413654746,0.999916137,0.000331801264,294,0.0355851971,0.0148870775,0.0372306012
1308,4.36000011,0.0261437235,0.00152473292,0.0869734349,0.300594355,0.00453834094,0.999916541,0.000294886431,294,0.0355112196,0.0154734652,0.0362314938
1309,4.36333344,0.0239431042,0.0013963902,0.0904072917,0.264835986,0.0042292474,0.999916136,0.000306253314,294,0.035270998,0.013777258,0.0358912926
1310,4.36666677,0.02413116,0.00140735783,0.105187122,0.229411733,0.00396069928,0.999915093,0.000335273533,294,0.0348347131,0.0143806566,0.0351150045
1311,4.37000011,0.0264953353,0.00154523934,0.126578699,0.209319069,0.00430803364,0.999917329,0.000384678411,294,0.0343346294,0.0162792822,0.0334200624
1312,4.37333344,0.0248479027,0.00144915911,0.150241436,0.165386482,0.00429742785,0.999919917,0.000445332864,294,0.0337695175,0.0149544284,0.031347431
1313,4.37666677,0.023936443,0.0013960017,0.173978062,0.137583111,0.00414897133,0.999923737,0.000533597135,294,0.0330348078,0.0149155439,0.0312538533
1314,4.38000011,0.0241261501,0.00140706565,0.198769014,0.121377822,0.00430126628,0.999925079,0.00059871985,294,0.0323279483,0.0145644387,0.0301159068
1315,4.38333344,0.0254679946,0.00148532361,0.22314375,0.114132681,0.00423087321,0.999927017,0.00063333967,294,0.0314898158,0.0155446581,0.0283608571
1316,4.38666677,0.024154498,0.00140871893,0.245730533,0.09829669,0.00392482,0.999929104,0.000699434538,294,0.0305768783,0.0155307783,0.0267002119
1317,4.39000011,0.02512749,0.00146546498,0.266980856,0.0941171979,0.00505135324,0.999931489,0.000767547227,294,0.0295327446,0.016000679,0.0247042406
1318,4.39333344,0.0245417134,0.00143130179,0.285976796,0.0858171494,0.00432707896,0.999934916,0.000828657438,294,0.0284378063,0.0165365639,0.0240847628
1319,4.39666677,0.0257949991,0.0015043949,0.304685002,0.0846612039,0.00485422386,0.999939387,0.00087710012,294,0.0272736407,0.0182285088,0.0223165852
1320,4.40000011,0.0242902103,0.00141663384,0.321337198,0.0755910318,0.00475442962,0.999943458,0.000936355881,294,0.0261466587,0.0174856112,0.0212130479
1321,4.40333344,0.0256242619,0.0014944373,0.336671642,0.0761105444,0.00438406593,0.999946141,0.000985425406,294,0.0248980958,0.0181957784,0.0190728376
1322,4.40666677,0.0242209929,0.00141259699,0.349186289,0.0693641006,0.00464418741,0.999949419,0.00102033682,294,0.0235279014,0.0180187959,0.0185996804
1323,4.41000011,0.0253318457,0.00147738325,0.36062031,0.0702451998,0.00434444343,0.999952698,0.00105560819,294,0.0222705291,0.0188283993,0.0160751352
1324,4.41333344,0.0247914402,0.00144586615,0.369593422,0.0670776012,0.00385151953,0.99995687,0.00111858489,294,0.0210582663,0.0182678563,0.0156610414
1325,4.41666677,0.0255417033,0.00148962239,0.37648307,0.0678429001,0.00532769896,0.999962643,0.00112524982,294,0.0198719761,0.0195806361,0.0141497673
1326,4.42000011,0.0249938546,0.0014576712,0.381683071,0.0654832673,0.00440651332,0.999967709,0.00112613745,294,0.0187144542,0.0189459678,0.0135735508
1327,4.42333344,0.0248221979,0.00144765998,0.383903538,0.0646573824,0.00437860026,0.999969796,0.00116218741,294,0.0174117667,0.0193469511,0.0134374987
1328,4.42666677,0.0243773172,0.00142171401,0.385800526,0.0631863244,0.0042704641,0.999973968,0.00116438631,294,0.0162490569,0.0195321439,0.0120711574
1329,4.43000011,0.0251742235,0.00146819053,0.384655322,0.0654461854,0.004424153,0.999979073,0.00116558708,294,0.0151952073,0.0195886493,0.0129307238
1330,4.43333344,0.0232268008,0.00135461453,0.382977264,0.0606479887,0.00428278092,0.999969514,0.00116685512,294,0.014245023,0.019406336,0.0117500002
1331,4.43666677,0.0243938282,0.00142267695,0.379941662,0.0642041416,0.00457673042,0.999958923,0.0011343063,294,0.0136657115,0.0187441479,0.0134556774
1332,4.44000011,0.0235126424,0.00137128515,0.373990802,0.0628695742,0.0042644976,0.999950651,0.00113324874,294,0.0130943771,0.0181848061,0.0135266412
1333,4.44333344,0.0238030162,0.00138822009,0.367634383,0.0647464362,0.00451512941,0.999942203,0.00113081259,294,0.0127275289,0.0187854103,0.0138368727
1334,4.44666677,0.0243079395,0.00141766782,0.359252278,0.0676625897,0.00435169486,0.999935657,0.00109694005,294,0.012686985,0.018236424,0.0154128637
1335,4.45000011,0.025320747,0.00147673595,0.348754526,0.0726033502,0.0041621024,0.999923736,0.00106066964,294,0.0126372486,0.0193247133,0.0157170612
1336,4.45333344,0.024890826,0.00145166245,0.33756371,0.0737366763,0.00392271597,0.999911815,0.00102444156,294,0.0128148969,0.0189678797,0.0164005244
1337,4.45666677,0.0249839913,0.00145709596,0.325695303,0.0767097072,0.00417961312,0.999902278,0.00098579037,294,0.0130451533,0.0183606542,0.017514129
1338,4.46000011,0.0253189482,0.00147663105,0.312595854,0.0809957902,0.00426922125,0.999892741,0.000947924694,294,0.0134321386,0.0184895811,0.018813317
1339,4.46333344,0.023548637,0.0013733844,0.297203158,0.0792341414,0.00496644941,0.999883205,0.00091140898,294,0.0139110686,0.0176891749,0.0186007194
1340,4.46666677,0.0262938539,0.0015334887,0.282017669,0.0932347749,0.00459559703,0.999876052,0.000875412078,294,0.0145303622,0.0179190577,0.0193550928
1341,4.47000011,0.0259600517,0.00151402096,0.266826482,0.0972918858,0.00423447325,0.999868899,0.000806110284,294,0.0150972402,0.0178261408,0.0205874847
1342,4.47333344,0.0235466867,0.00137327065,0.250110992,0.0941449492,0.00370551924,0.999861747,0.000770652381,294,0.0155021767,0.0172070306,0.0217227011
1343,4.47666678,0.0250752338,0.00146241733,0.23177381,0.108188383,0.00412312445,0.999856979,0.000702321611,294,0.0159082246,0.0169464498,0.0218197411
1344,4.48000011,0.022607434,0.00131849232,0.214164009,0.105561313,0.00411119543,0.99985221,0.000667295271,294,0.0163228325,0.0156982772,0.0211069479
1345,4.48333344,0.0254036975,0.00148157372,0.196991905,0.128958078,0.00466430102,0.999847442,0.000632791309,294,0.016728167,0.0165689232,0.0224198323
1346,4.48666678,0.0236263589,0.00137791723,0.179321584,0.131754127,0.00427877491,0.999842673,0.00059867313,294,0.0172485786,0.0154849817,0.0213158754
1347,4.49000011,0.0225910328,0.00131753579,0.16280157,0.138764219,0.00439239528,0.999837905,0.000565396454,294,0.0175704493,0.0151700371,0.0228745494
1348,4.49333344,0.024413331,0.00142381438,0.144931667,0.168447182,0.00406183159,0.999833137,0.000502102852,294,0.0179626088,0.0154332309,0.0228166382
1349,4.49666678,0.0256129077,0.00149377511,0.128009184,0.200086484,0.00474405661,0.999830752,0.000471229221,294,0.018375968,0.0161719553,0.0220661922
1350,4.50000011,0.0241028845,0.00140570877,0.112729685,0.213811336,0.00436681193,0.999830752,0.000413375332,294,0.0186555754,0.0149104552,0.0222970276
1351,4.50333344,0.0242461747,0.00141406563,0.0990715853,0.244733893,0.00415830574,0.999830752,0.000361160572,294,0.0187629199,0.0147284659,0.0226616353
1352,4.50666678,0.0256020337,0.00149314093,0.0871260682,0.293850442,0.00423239113,0.999833137,0.000317598024,294,0.0188006434,0.0154601699,0.0227924385
1353,4.51000011,0.0232840626,0.00135795411,0.0785043521,0.296595819,0.00432332882,0.999835521,0.00030148498,294,0.0188594733,0.0135384184,0.0226543853
1354,4.51333344,0.0244539926,0.00142618581,0.0738228894,0.331252173,0.00430978083,0.999835521,0.000281546354,294,0.0188741315,0.0140529644,0.0212788054
1355,4.51666678,0.0246695404,0.00143875681,0.0739276646,0.33369836,0.00390888343,0.999837905,0.000276141272,294,0.018870159,0.0148083747,0.0204410268
1356,4.52000011,0.0248333429,0.00144830997,0.0774877151,0.320481032,0.00393698946,0.999837938,0.000297855625,294,0.0188042892,0.0148353145,0.0212981706
1357,4.52333344,0.0234096313,0.00136527742,0.0850037608,0.275395242,0.00409138198,0.999840322,0.000322757015,294,0.0185340482,0.0139135416,0.0198741529
1358,4.52666678,0.0256582229,0.00149641795,0.0942332996,0.272284033,0.00563984409,0.999845058,0.000366818775,294,0.0183092244,0.0148767907,0.0211591698
1359,4.53000011,0.0248446067,0.00144896688,0.105682443,0.235087361,0.00459937111,0.999849826,0.000396946559,294,0.0180149352,0.0147691395,0.019192174
1360,4.53333344,0.0246527195,0.0014377758,0.116541016,0.211536851,0.00444662963,0.999854627,0.000426828282,294,0.0176075334,0.0144629363,0.0188261622
1361,4.53666678,0.0251742421,0.00146819162,0.127189174,0.197927554,0.00434422014,0.999859395,0.000460452764,294,0.0172470332,0.015457113,0.0176947544
1362,4.54000011,0.0278883616,0.00162648228,0.137844123,0.202318104,0.0046830502,0.999864164,0.00049278917,294,0.0170622224,0.0164973977,0.0177491594
1363,4.54333344,0.0240903395,0.00140497713,0.148037444,0.162731393,0.00397504126,0.999871316,0.000527417153,294,0.0166604702,0.0140384957,0.0179711227
1364,4.54666678,0.0248469606,0.00144910417,0.15905795,0.156213257,0.00381333811,0.999878469,0.000561790804,294,0.0161686985,0.0147754304,0.0167145725
1365,4.55000011,0.02615254,0.00152524711,0.168937549,0.154805964,0.00464902828,0.999885622,0.000566553345,294,0.0154063349,0.015884202,0.0168656862
1366,4.55333344,0.0239731321,0.00139814146,0.177524824,0.135041013,0.00481242036,0.999892774,0.000598316042,294,0.0148191409,0.0148564123,0.0148718916
1367,4.55666678,0.0255892611,0.00149239602,0.185217928,0.138157582,0.00426286023,0.999902311,0.000631375516,294,0.0143794518,0.0151651276,0.0147137904
1368,4.56000011,0.0257043859,0.00149911023,0.19195226,0.133910306,0.00449066334,0.999909463,0.000664643507,294,0.0140700893,0.015343756,0.0142110242
1369,4.56333344,0.025536385,0.00148931222,0.197768989,0.129122292,0.00440503338,0.999916616,0.000697785651,294,0.0136098336,0.0165072565,0.0133233616
1370,4.56666678,0.0247860578,0.00144555225,0.203082797,0.122049027,0.0040734118,0.999926153,0.000702728009,294,0.0129733912,0.0163405157,0.0125808786
1371,4.57000011,0.0236287853,0.00137805874,0.206496768,0.114426901,0.00427989711,0.999935657,0.000704366277,294,0.0124335635,0.0160251569,0.0114649367
1372,4.57333344,0.0229866059,0.00134060608,0.209137168,0.109911624,0.00454962967,0.999942809,0.000705142149,294,0.0116392132,0.0151549365,0.012244506
1373,4.57666678,0.0223953331,0.00130612235,0.210553889,0.106363901,0.00388852878,0.999949962,0.000706163482,294,0.0110487877,0.0149691812,0.0103935819
1374,4.58000011,0.0230764203,0.00134584416,0.210953125,0.109391223,0.00436706137,0.999957114,0.000707442328,294,0.0105007812,0.0145873938,0.0113175374
1375,4.58333344,0.0243517986,0.00142022574,0.210874254,0.115480189,0.00473512879,0.999964321,0.000707604821,294,0.0101223281,0.0158933015,0.0115144148
1376,4.58666678,0.0244180761,0.00142409112,0.210279298,0.116122112,0.00418948823,0.999969089,0.000706329679,294,0.00954648624,0.016651849,0.0114892415
1377,4.59000011,0.0227747567,0.00132825078,0.208970283,0.108985624,0.00422845315,0.999973857,0.00070548299,294,0.00933909299,0.0141819353,0.0114570991
1378,4.59333344,0.0237751042,0.00138659223,0.207793956,0.114416726,0.00467172061,0.999978626,0.000702661742,294,0.00915325884,0.0151142041,0.0112040439
1379,4.59666678,0.0241856785,0.00141053742,0.204193151,0.118445102,0.0040208023,0.999983394,0.000701806974,294,0.00926125801,0.0156255654,0.0112224171
1380,4.60000011,0.0246392978,0.00143699303,0.200909198,0.122638973,0.00475268575,0.999987754,0.000700395597,294,0.00900161277,0.0160237037,0.0124655661
1381,4.60333344,0.0256542424,0.0014961858,0.196967955,0.130245767,0.003934012,0.999987641,0.000667412345,294,0.0091337864,0.0158368115,0.0131778911
1382,4.60666678,0.0244039768,0.00142326883,0.191786372,0.127245625,0.00465431821,0.999986491,0.000634761417,294,0.00919819518,0.0157908088,0.0128365079
1383,4.61000011,0.0255391036,0.00148947077,0.186343805,0.137053677,0.0049674993,0.999987811,0.000632903174,294,0.0089533761,0.0163610752,0.0138693532
1384,4.61333345,0.0237456125,0.00138487225,0.179738637,0.132111898,0.00414118425,0.999986619,0.000628570235,294,0.00907729144,0.0145972543,0.0134097166
1385,4.61666678,0.0248051559,0.00144666607,0.173391635,0.14305855,0.00387289774,0.999985129,0.000596321479,294,0.00925774499,0.0149662121,0.0142548425
1386,4.62000011,0.0250874778,0.00146313142,0.166185316,0.150960857,0.00381893202,0.999983979,0.000590082512,294,0.00928975069,0.0158373258,0.0149065356
1387,4.62333345,0.0267863928,0.00156221415,0.157796758,0.169752492,0.00440339729,0.999982894,0.000556659357,294,0.00948597139,0.0169782385,0.0143077502
1388,4.62666678,0.02314622,0.00134991496,0.15027852,0.154022145,0.00354542666,0.999981702,0.000552896844,294,0.00973605364,0.0138359125,0.0147931173
1389,4.63000011,0.0245213257,0.00143011276,0.142650849,0.17189751,0.00404183824,0.999981106,0.000520617667,294,0.00979727683,0.015077159,0.0151041721
1390,4.63333345,0.0233751358,0.0013632656,0.133860068,0.174623665,0.00416991606,0.999980808,0.000515772609,294,0.0100109884,0.0147719941,0.0139860275
1391,4.63666678,0.0224893323,0.00131160449,0.125937884,0.178574799,0.00434079623,0.999977423,0.000482022196,294,0.0101763332,0.0137660729,0.0148315873
1392,4.64000011,0.0243082166,0.00141768398,0.117366092,0.207114475,0.00452159681,0.999975337,0.000450803553,294,0.0103865282,0.0150063179,0.0153225692
1393,4.64333345,0.0233716866,0.00136306444,0.108460065,0.215486562,0.00443484827,0.999975933,0.000420218769,294,0.0104849392,0.0138587541,0.0155098717
1394,4.64666678,0.0258436811,0.00150723409,0.100101043,0.258175943,0.00488589617,0.999975541,0.000387615378,294,0.010771475,0.0159818979,0.0144991061
1395,4.65000011,0.0266347937,0.00155337271,0.0929299791,0.286611425,0.00457127055,0.999972744,0.000358328598,294,0.011113872,0.0149615714,0.0167835031
1396,4.65333345,0.0255116434,0.00148786926,0.084577244,0.301637204,0.00468252147,0.999971816,0.000329157901,294,0.0113145323,0.0158162409,0.015222495
1397,4.65666678,0.0256548993,0.00149622411,0.0771096653,0.332706661,0.00433332399,0.999972562,0.000320970338,294,0.0114907634,0.015509859,0.015430715
1398,4.66000011,0.0253704238,0.00147963316,0.0706681319,0.359007988,0.00462480173,0.999973903,0.000293699294,294,0.01155521,0.0151997748,0.0152629777
1399,4.66333345,0.0245261347,0.00143039322,0.064881346,0.378015196,0.00488855811,0.999972935,0.000266583358,294,0.0115438239,0.0143601317,0.015827563
1400,4.66666678,0.0260784844,0.0015209281,0.0600024756,0.434623474,0.00466334404,0.99997219,0.000244551975,294,0.0114855235,0.0156770444,0.0149789737
1401,4.67000011,0.0251761269,0.00146830154,0.0565806221,0.444960234,0.00463751851,0.999971967,0.000224852319,294,0.0114233403,0.0151868352,0.0154358909
1402,4.67333345,0.0262425307,0.00153049547,0.0540703005,0.485340943,0.00451132206,0.999971893,0.000212988526,294,0.0115375442,0.015373459,0.0157536897
1403,4.67666678,0.0251478016,0.00146664957,0.0535937665,0.469229972,0.00423098987,0.999971669,0.000203355908,294,0.0115339957,0.0147328476,0.0153624767
1404,4.68000011,0.0261187156,0.00152327443,0.0546455907,0.477965655,0.00528749763,0.999970083,0.000206858312,294,0.0114559315,0.0155821548,0.0146933116
1405,4.68333345,0.0237526257,0.00138528126,0.0567572046,0.418495341,0.00454691201,0.999972318,0.000231345791,294,0.0113240413,0.0144764855,0.0141113317
1406,4.68666678,0.0251672478,0.0014677837,0.0590375705,0.426292065,0.0042935337,0.99997351,0.000224639305,294,0.0113892358,0.0153516402,0.0133734958
1407,4.69000011,0.0235414181,0.00137296339,0.0619671651,0.379901486,0.00381913059,0.999974553,0.000236229171,294,0.0113029,0.0140948769,0.0140943207
1408,4.69333345,0.0260632276,0.0015200383,0.0658671055,0.395694139,0.00440314658,0.999976193,0.000229467777,294,0.0112390696,0.0154372519,0.0131579681
1409,4.69666678,0.0247598918,0.00144402622,0.0685409198,0.36124248,0.00426326102,0.999977683,0.000229052699,294,0.0111022118,0.015451868,0.0128327274
1410,4.70000011,0.0245453036,0.00143151118,0.071639197,0.342623935,0.00460877619,0.99997664,0.000257981708,294,0.0107705031,0.0141566478,0.0141559533
1411,4.70333345,0.0236020391,0.00137649887,0.0754787359,0.312697859,0.00387327221,0.999975746,0.000284389626,294,0.0106042018,0.0144881865,0.0127552698
1412,4.70666678,0.02396685,0.00139777508,0.0797556236,0.300503575,0.00434389327,0.999975151,0.000280830931,294,0.0104395204,0.0143230548,0.0123718156
1413,4.71000011,0.0231774621,0.00135173704,0.0830567165,0.279055844,0.00413300253,0.999977237,0.000281344842,294,0.00999975719,0.0142900642,0.0122095457
1414,4.71333345,0.023819557,0.00138918477,0.0857105542,0.27790693,0.00464112035,0.999979472,0.000281621291,294,0.0100678902,0.0140914207,0.0115354054
1415,4.71666678,0.0220239787,0.00128446452,0.0875378928,0.251593659,0.00425786533,0.999978979,0.000274319401,294,0.0100767833,0.0124528606,0.0116286928
1416,4.72000011,0.0233538,0.00136202127,0.0894312203,0.261136993,0.00390904139,0.999978159,0.000296259669,294,0.0100585626,0.0128920741,0.0122392134
1417,4.72333345,0.0221121356,0.00128960594,0.0917440557,0.241019818,0.00352924451,0.999976221,0.000297739967,294,0.00983868946,0.0127152106,0.0119289549
1418,4.72666678,0.0224953283,0.00131195419,0.0945781466,0.237849113,0.00448576722,0.999971452,0.000296281794,294,0.00920079051,0.014054056,0.011616796
1419,4.73000011,0.0226548819,0.00132125954,0.0956310876,0.236898716,0.00464325714,0.999966684,0.000296169672,294,0.00890503138,0.0140372715,0.0113370987
1420,4.73333345,0.0252479918,0.00147249278,0.0968566279,0.260673868,0.00485940481,0.9999643,0.000295989728,294,0.00879377909,0.0152153321,0.0116795757
1421,4.73666678,0.0236214307,0.00137762981,0.0962349788,0.245455769,0.00453619813,0.999961916,0.000265605771,294,0.00825262961,0.0144419478,0.0121101472
1422,4.74000011,0.0226313553,0.00131988745,0.0962001921,0.235252704,0.00458935856,0.999959531,0.0002972989,294,0.00818232842,0.0136674862,0.011705154
1423,4.74333345,0.0225122709,0.0013129423,0.0954740354,0.235794693,0.00427300289,0.999957147,0.000298621997,294,0.00820594905,0.0137654195,0.0107144436
1424,4.74666678,0.0241961506,0.00141114816,0.0959678162,0.252127761,0.00473434454,0.999954763,0.000300021797,294,0.00820768063,0.0149725687,0.0112835176
1425,4.75000012,0.023374215,0.0013632119,0.0949892248,0.246072279,0.00469426013,0.999952379,0.000301169659,294,0.0080282377,0.0141005578,0.0117289095
1426,4.75333345,0.0214647878,0.00125185185,0.0936935185,0.22909576,0.00370942017,0.999949995,0.000303294764,294,0.00783100989,0.0132131047,0.0111363672
1427,4.75666678,0.0234604869,0.00136824338,0.0919903638,0.255032005,0.00470129098,0.99994761,0.000303906612,294,0.00779439896,0.0146172617,0.0111092011
1428,4.76000012,0.0233699487,0.00136296309,0.0901020304,0.259372054,0.00455448208,0.999945226,0.000305471905,294,0.00823925184,0.0143822199,0.0106538373
1429,4.76333345,0.0240335597,0.00140166567,0.0878084628,0.273704367,0.00438619831,0.999942842,0.000307540391,294,0.00794736762,0.0143753743,0.0125595274
1430,4.76666678,0.0240721073,0.00140391381,0.0851907174,0.282567257,0.00432879115,0.999938074,0.000277267367,294,0.00769684521,0.0144215624,0.0123403742
1431,4.77000012,0.0236497961,0.00137928412,0.0825368017,0.286536376,0.00457344801,0.999933305,0.000278970085,294,0.00786662911,0.0140106135,0.0119564943
1432,4.77333345,0.0243877814,0.00142232429,0.0791870632,0.307976839,0.00445456376,0.999928537,0.000249728068,294,0.00777648224,0.0150345537,0.0117552533
1433,4.77666678,0.023972198,0.00139808698,0.0774775001,0.309408511,0.00429469768,0.999926153,0.000250075391,294,0.0079710979,0.0153163171,0.0117919125
1434,4.78000012,0.0244396681,0.00142535039,0.0743670089,0.32863589,0.00404703339,0.999923769,0.000251476728,294,0.00787517929,0.0140604148,0.0135721768
1435,4.78333345,0.0247450081,0.00144315818,0.0708369777,0.349323319,0.00402651822,0.999923769,0.000255389459,294,0.00806802467,0.0145576552,0.0121711368
1436,4.78666678,0.0250269806,0.00145960315,0.0679787259,0.368159012,0.0048325982,0.999923769,0.000250811221,294,0.00863272751,0.0147399272,0.0123984859
1437,4.79000012,0.024979627,0.00145684143,0.0645906384,0.386737576,0.00409041978,0.999923769,0.000244033686,294,0.00859476191,0.0152335054,0.0133962137
1438,4.79333345,0.0244072939,0.00142346229,0.0613858555,0.397604524,0.0042935,0.999923769,0.000244037167,294,0.00858438421,0.0142988165,0.0128345596
1439,4.79666678,0.0244685728,0.00142703615,0.0589302079,0.415212735,0.00400000995,0.999923769,0.000213277623,294,0.00842079787,0.014862125,0.0128378648
1440,4.80000012,0.0244492382,0.00142590853,0.0562728241,0.434476831,0.00439393066,0.999923769,0.000213290231,294,0.0082849889,0.0146473822,0.0127874904
1441,4.80333345,0.0249793107,0.00145682298,0.0542686576,0.46028982,0.00425016201,0.999923769,0.000192391915,294,0.00849209272,0.0147666002,0.0123209377
1442,4.80666678,0.0252262219,0.00147122314,0.0531898403,0.474267675,0.00477877392,0.999923769,0.0001863903,294,0.00860631909,0.0149187669,0.0135159825
1443,4.81000012,0.0244277812,0.00142465713,0.05147289,0.474575669,0.00414400937,0.999923769,0.000182303767,294,0.00849103679,0.0141261593,0.0137745649
1444,4.81333345,0.0264962815,0.00154529452,0.0501111324,0.528750405,0.00436882125,0.999923769,0.000184907627,294,0.00879564831,0.0147618158,0.0133731715
1445,4.81666678,0.025721182,0.0015000898,0.0497376042,0.517137535,0.00449360525,0.999923769,0.000183049479,294,0.00931263326,0.0141127553,0.0131981403
1446,4.82000012,0.0255115187,0.00148786199,0.0495525865,0.514837278,0.0044552053,0.999923769,0.000187122336,294,0.00933296889,0.0147766492,0.0133951264
1447,4.82333345,0.0239963776,0.00139949716,0.0500864444,0.479099244,0.00515575385,0.999923769,0.000189055187,294,0.00911123955,0.0144964975,0.0124265106
1448,4.82666678,0.0236682403,0.00138035981,0.0508865789,0.465117539,0.00412743138,0.999926153,0.000196349785,294,0.0088401783,0.0147598787,0.0122856572
1449,4.83000012,0.0228992346,0.00133551048,0.0520297391,0.44011819,0.00441292217,0.999928537,0.000200538122,294,0.00878999646,0.0136025736,0.0122242176
1450,4.83333345,0.0249898584,0.00145743814,0.0537203468,0.465184235,0.00449915306,0.999930921,0.000204413839,294,0.00873180358,0.014049581,0.0126798897
1451,4.83666678,0.0246793562,0.00143932928,0.0556364764,0.443582301,0.00418528422,0.999933305,0.000205994383,294,0.00869830826,0.0144720494,0.012301693
1452,4.84000012,0.0249953797,0.00145776015,0.0573847668,0.435575172,0.00429563966,0.99993569,0.000209930862,294,0.00894078537,0.0141900373,0.0125134114
1453,4.84333345,0.0238472181,0.001390798,0.0596656497,0.399680859,0.00409460516,0.99993569,0.000219987307,294,0.00899280801,0.013693466,0.0124427034
1454,4.84666678,0.0236287422,0.00137805623,0.0613315158,0.385262647,0.00415784273,0.999938074,0.000227406711,294,0.00884751362,0.0136846223,0.0120104124
1455,4.85000012,0.0239711099,0.00139802352,0.0633901711,0.378151842,0.00429827174,0.999940458,0.000236830633,294,0.00884291572,0.014959056,0.0111622908
1456,4.85333345,0.0259051495,0.001510819,0.0651312203,0.397737819,0.00441607522,0.999942842,0.000236432301,294,0.00902168428,0.0148298815,0.0124728112
1457,4.85666678,0.0242621999,0.00141500023,0.0670688338,0.361750734,0.0041622664,0.999945226,0.000236116464,294,0.00844242118,0.0145373823,0.0131278729
1458,4.86000012,0.0242551225,0.00141458747,0.0690395569,0.351322106,0.00446277467,0.99994761,0.000249156793,294,0.007940416,0.0153627891,0.0117746403
1459,4.86333345,0.0247180178,0.00144158407,0.0706157679,0.350035389,0.0038564616,0.999949995,0.000248614276,294,0.00802221175,0.0148396006,0.0115578776
1460,4.86666678,0.0254728211,0.0014856051,0.071920661,0.354179463,0.00438633715,0.999952379,0.000256284015,294,0.00784248121,0.0151733175,0.0125906079
1461,4.87000012,0.0245532536,0.00143197483,0.073250321,0.335196532,0.0041347106,0.999954763,0.000272271806,294,0.00752277915,0.015020278,0.0119269656
1462,4.87333345,0.0235111832,0.00137120005,0.0748641488,0.314051299,0.0036437153,0.999959531,0.000279377238,294,0.00749492653,0.0133433234,0.0119505128
1463,4.87666678,0.0231595573,0.00135069281,0.0759046222,0.305113926,0.00383982219,0.9999643,0.000272154593,294,0.00731395571,0.0147276556,0.01081783
1464,4.88000012,0.0233890541,0.00136407733,0.0767105494,0.304900098,0.00412702041,0.999966663,0.000272581747,294,0.00754387722,0.0144030493,0.0107105957
1465,4.88333345,0.0235666124,0.00137443275,0.0769530463,0.306246647,0.00399369954,0.999966663,0.000272837779,294,0.0071926464,0.0142816069,0.0116907887
1466,4.88666678,0.0255182281,0.00148825329,0.078017466,0.327083529,0.00461223463,0.999969047,0.000285155337,294,0.00723185804,0.0152533,0.0121607258
1467,4.89000012,0.0243856569,0.00142220039,0.078423713,0.310947493,0.00445279897,0.999969089,0.000284283154,294,0.00706398366,0.0146530519,0.012108349
1468,4.89333345,0.024056572,0.00140300777,0.079098974,0.304132542,0.00474206985,0.999971473,0.000283763059,294,0.00710920722,0.014735849,0.0112145592
1469,4.89666679,0.0234885616,0.00136988073,0.0790790574,0.297026322,0.0039592392,0.999976242,0.00028948241,294,0.00703597597,0.0140668398,0.0115321746
1470,4.90000012,0.0230167606,0.00134236474,0.0790866303,0.291032258,0.00392150964,0.999980968,0.000289014469,294,0.00692069306,0.0141955728,0.0112617511
1471,4.90333345,0.0246802741,0.00143938282,0.0789331158,0.312673253,0.00487765912,0.999983352,0.000287672433,294,0.00710817902,0.0149313467,0.0112464849
1472,4.90666679,0.0249878743,0.00145732243,0.077337055,0.323103516,0.00471165146,0.999985737,0.000286595793,294,0.00707137831,0.0147659646,0.0120917708
1473,4.91000012,0.022791152,0.00132920697,0.0772328671,0.295096541,0.00412795506,0.999988121,0.000285974727,294,0.00744256187,0.0127438205,0.0113038292
1474,4.91333345,0.0221322483,0.00129077893,0.0764507089,0.289496966,0.00373536043,0.999989471,0.000285420383,294,0.00728909607,0.0129238625,0.0116605596
1475,4.91666679,0.0243352203,0.00141925887,0.0747020274,0.325763854,0.0042536306,0.999988279,0.000277876016,294,0.00690492822,0.015023936,0.0113028114
1476,4.92000012,0.0228998359,0.00133554555,0.0733882659,0.312036749,0.00391546892,0.99998813,0.000277246524,294,0.00722917831,0.0146182071,0.0102415625
1477,4.92333345,0.0231857514,0.00135222048,0.0713648356,0.32489042,0.00424053725,0.999989045,0.000276522361,294,0.00745202583,0.0143276926,0.0104963631
1478,4.92666679,0.0234837978,0.0013696029,0.0702007109,0.334523646,0.00482251985,0.999987853,0.000275996234,294,0.00752220768,0.0139194606,0.0110936751
1479,4.93000012,0.0246176668,0.00143573148,0.0692249108,0.355618614,0.00560369101,0.999989045,0.000275404238,294,0.00732922876,0.0148758077,0.0120290687
1480,4.93333345,0.0229979911,0.00134127008,0.0676386469,0.340012584,0.00492105862,0.99998926,0.000275348325,294,0.00744238997,0.0138248828,0.0108986091
1481,4.93666679,0.0228619653,0.00133333689,0.0659433375,0.346691055,0.00392994138,0.999987811,0.00025307343,294,0.00754978247,0.0131414786,0.0115619024
1482,4.94000012,0.0246947228,0.00144022548,0.0639527434,0.386140163,0.00404722089,0.999990047,0.000245437401,294,0.00777732815,0.0143092858,0.0115495441
1483,4.94333345,0.0255967872,0.00149283494,0.0621949619,0.411557245,0.00431991669,0.999990238,0.000245389284,294,0.00734894521,0.0152248844,0.0124903026
1484,4.94666679,0.0234466473,0.00136743624,0.0610481694,0.384067984,0.00352883718,0.999988748,0.000238328358,294,0.00742516736,0.0135850394,0.0121385416
1485,4.95000012,0.0242929387,0.00141679296,0.0585695624,0.414770705,0.00443724592,0.999987854,0.000238194698,294,0.00752075108,0.0150128988,0.0111238597
1486,4.95333345,0.0245044085,0.00142912612,0.05699224,0.429960438,0.00442504048,0.999987556,0.000230817331,294,0.00804956934,0.0135947882,0.011862954
1487,4.95666679,0.0244679637,0.00142700062,0.055301592,0.442445919,0.00416770316,0.999989153,0.000230707424,294,0.00792481811,0.0140781259,0.0121294745
1488,4.96000012,0.0256746248,0.00149737453,0.0535544534,0.479411574,0.00418669415,0.999988937,0.000230320409,294,0.00798516733,0.0153425673,0.0122121296
1489,4.96333345,0.0255110832,0.00148783659,0.0515226979,0.495142612,0.00433104238,0.999988068,0.000230213156,294,0.0078734608,0.0152466001,0.0127337193
1490,4.96666679,0.0247375354,0.00144272236,0.0497997799,0.496739855,0.00462209855,0.999987621,0.000229880704,294,0.00826259759,0.0142717189,0.0116615972
1491,4.97000012,0.0246160277,0.00143563589,0.0484175772,0.508410977,0.00454719005,0.999987473,0.000201696973,294,0.00828952742,0.0144009919,0.0122100689
1492,4.97333345,0.0231726566,0.00135145678,0.046861581,0.494491566,0.00491519579,0.999987663,0.000184908131,294,0.00805759717,0.0133473625,0.0123611201
1493,4.97666679,0.0235052965,0.00137085673,0.0453879591,0.517875158,0.00440052769,0.999989953,0.000184886481,294,0.00790007371,0.0138056936,0.0114410134
1494,4.98000012,0.0241147356,0.00140639994,0.0438158029,0.550366168,0.00404924263,0.999988856,0.00017659389,294,0.00778470917,0.0141890539,0.0114325867
1495,4.98333345,0.0255926354,0.00149259281,0.0429137564,0.596373693,0.00461083138,0.999989044,0.000168242163,294,0.00776496898,0.0158116638,0.0115154329
1496,4.98666679,0.022965878,0.00133939721,0.0420669015,0.545937001,0.00416618277,0.999986976,0.000160043742,294,0.00801798929,0.0133294098,0.0111999314
1497,4.99000012,0.022615678,0.00131897312,0.0409447816,0.552345796,0.00379778727,0.999985298,0.000142315838,294,0.00808305457,0.0130815271,0.0110941583
1498,4.99333345,0.0233194626,0.00136001868,0.0404903964,0.575925767,0.00449605762,0.999985985,0.000139322758,294,0.00818321308,0.0142044209,0.0104331801
1499,4.99666679,0.0243182466,0.00141826894,0.0398728722,0.609894529,0.0047408537,0.999984211,0.000135800289,294,0.0082229207,0.0150418984,0.0112958311
1500,5.00000012,0.0217173294,0.00126658037,0.0394571703,0.550402608,0.0038479774,0.999985189,0.000132449874,294,0.00805676347,0.0126311621,0.0114332903
1501,5.00333345,0.0221055565,0.00128922223,0.0389514959,0.567514956,0.00428291985,0.99998334,0.000139948611,294,0.00794153714,0.0131846492,0.0108980343
1502,5.00666679,0.0240275559,0.00140131552,0.0383977937,0.625753555,0.00416126116,0.99998334,0.000140320455,294,0.00800641824,0.0139445382,0.0118980229
1503,5.01000012,0.0248607747,0.00144990982,0.0385350344,0.645147334,0.00420959417,0.999980956,0.000140011539,294,0.00761977438,0.0150386838,0.0123335739
1504,5.01333345,0.0227614796,0.00132747645,0.0384743421,0.591601529,0.00406375098,0.999978572,0.00013597662,294,0.00738905408,0.0138292237,0.0117951038
1505,5.01666679,0.0232314154,0.00135488366,0.0386970268,0.600341095,0.00358107388,0.999978572,0.000135951014,294,0.00752650969,0.0141966669,0.0108788235
1506,5.02000012,0.0233935052,0.00136433693,0.0378952411,0.617320393,0.00408987763,0.999978572,0.000125141202,294,0.00765912038,0.0135054907,0.0117175301
1507,5.02333345,0.0250217753,0.00145929957,0.0375220967,0.666854399,0.00448954187,0.999978572,0.000132087205,294,0.00758208345,0.0146213968,0.0124766287
1508,5.02666679,0.0234610782,0.00136827787,0.0377028445,0.622262817,0.00424188368,0.999978572,0.000133229706,294,0.0073066521,0.0144802304,0.011605041
1509,5.03000012,0.0238036427,0.00138825664,0.0380919749,0.624899149,0.00417389175,0.999978572,0.000123639308,294,0.00726977494,0.0141924427,0.0117265554
1510,5.03333346,0.0255995183,0.00149299422,0.0371393226,0.689283392,0.00449631628,0.999978572,0.000132428176,294,0.00754791314,0.0142648427,0.0122027335
1511,5.03666679,0.0227454554,0.0013265419,0.0374100801,0.608003387,0.00428076531,0.999978572,0.000128402928,294,0.00794824969,0.0134134598,0.0100600269
1512,5.04000012,0.0225620849,0.00131584751,0.0369699208,0.610282209,0.00404149794,0.999978572,0.000133763734,294,0.00748196277,0.0133229292,0.0117421628
1513,5.04333346,0.0235438671,0.00137310622,0.0371056195,0.634509475,0.00460652397,0.999978572,0.000129814467,294,0.00732100471,0.0137788349,0.0112133696
1514,5.04666679,0.0216701514,0.00126382889,0.0365242298,0.59330892,0.0036722708,0.999976188,0.000134535705,294,0.006991984,0.0129920176,0.0112076485
1515,5.05000012,0.0240728359,0.0014039563,0.0364621958,0.660213554,0.00475184317,0.999973804,0.000136382113,294,0.00700703379,0.0139937362,0.0112279329
1516,5.05333346,0.02508673,0.0014630878,0.0359833628,0.697175805,0.00469866491,0.999973804,0.000138699358,294,0.00688513981,0.0147300658,0.0119317471
1517,5.05666679,0.0233819354,0.00136366216,0.035963068,0.650165202,0.00393564746,0.999973733,0.000138768574,294,0.00723984001,0.0140055829,0.0106830399
1518,5.06000012,0.0224911744,0.00131171193,0.0361688762,0.621837799,0.00474785818,0.99997142,0.000139431315,294,0.00727829118,0.0125223197,0.0119164222
1519,5.06333346,0.0242655794,0.00141519733,0.0365895883,0.663182631,0.00396426111,0.999969035,0.00013092536,294,0.00744529942,0.0139406815,0.011258912
1520,5.06666679,0.0244358804,0.00142512949,0.036539071,0.668760308,0.00519994061,0.999969035,0.000132755773,294,0.00741565708,0.0137227589,0.012206415
1521,5.07000012,0.0231710607,0.0013513637,0.0365377664,0.63416741,0.00374064521,0.999969035,0.000145824951,294,0.00740361105,0.01356308,0.0115776025
1522,5.07333346,0.0238526234,0.00139111325,0.0365448383,0.652694731,0.00456359598,0.999969035,0.00014563043,294,0.00757205257,0.0141064602,0.010932507
1523,5.07666679,0.0244830935,0.00142788301,0.0364382581,0.671906253,0.00437980313,0.999967599,0.000144953698,294,0.00745438547,0.0140228788,0.0122538185
1524,5.08000012,0.0224912473,0.00131171618,0.0356011603,0.63175602,0.0037106519,0.999966146,0.000148435983,294,0.00774413839,0.0126339117,0.0108887826
1525,5.08333346,0.0230258424,0.0013428944,0.0350159065,0.657582359,0.00467852565,0.999964611,0.000148452512,294,0.00774330239,0.0139826226,0.0104860073
1526,5.08666679,0.0239525268,0.00139693973,0.0345998693,0.692272175,0.00434973332,0.999965379,0.000125483011,294,0.0078233528,0.0143966333,0.0109708274
1527,5.09000012,0.0247867497,0.0014455926,0.0340004163,0.729013125,0.0044276763,0.999965649,0.000111928083,294,0.00823680061,0.0138879616,0.0114310077
1528,5.09333346,0.0249899625,0.00145744421,0.0337333584,0.740808614,0.00435398106,0.999965967,0.000111308201,294,0.00809334288,0.0143411693,0.0119850389
1529,5.09666679,0.0244451688,0.0014256712,0.0337608771,0.724067942,0.00426803063,0.999964246,0.00011205504,294,0.00803262767,0.0147054964,0.011441156
1530,5.10000012,0.0264208102,0.00154089294,0.0329336496,0.802243618,0.00480223415,0.999961862,0.000109508319,294,0.00807777507,0.0155517239,0.0120158826
1531,5.10333346,0.0233424085,0.00136135691,0.0334221226,0.698411911,0.00413740701,0.999961862,0.000115043539,294,0.00797597905,0.0136273003,0.0119362068
1532,5.10666679,0.0236729037,0.00138063178,0.0333129094,0.710622522,0.0045235133,0.999961862,0.000120991359,294,0.00807434777,0.014450641,0.0104524929
1533,5.11000012,0.0236701233,0.00138046962,0.0331980842,0.712996663,0.00431072987,0.999961862,0.00012127329,294,0.00791151452,0.0143306921,0.01082982
1534,5.11333346,0.0232197035,0.00135420061,0.0332058745,0.69926493,0.00452142707,0.999961862,0.000121346188,294,0.00777645751,0.0141273379,0.011483563
1535,5.11666679,0.0235571765,0.00137388243,0.0326714405,0.721032686,0.00402222199,0.999961862,0.000128340371,294,0.00779404222,0.0141110059,0.0109040493
1536,5.12000012,0.0241547774,0.00140873522,0.0325199839,0.7427672,0.00426280615,0.999961862,0.000134704513,294,0.00799048642,0.014080514,0.0113949798
1537,5.12333346,0.0226287081,0.00131973306,0.0326172775,0.693764466,0.00396782038,0.999961862,0.000140728654,294,0.00766382625,0.0141844513,0.0111294609
1538,5.12666679,0.0216696359,0.00126379883,0.0327815244,0.661031977,0.00461257692,0.999961862,0.000141157362,294,0.00760050331,0.0130883791,0.0101173906
1539,5.13000012,0.0227376702,0.00132608785,0.0328307073,0.692573266,0.00439295468,0.999961862,0.000140850465,294,0.00715073984,0.0145959734,0.0106612975
1540,5.13333346,0.022188496,0.00129405937,0.0333054004,0.666213159,0.00443756248,0.999961862,0.000141411594,294,0.00731428577,0.0120069757,0.0112839928
1541,5.13666679,0.0202777153,0.00118262037,0.033131677,0.612034076,0.0044651283,0.999961862,0.000147815197,294,0.00736395837,0.0120238436,0.00970331713
1542,5.14000012,0.0198547537,0.00115795275,0.0333811488,0.594789406,0.00435452279,0.999961862,0.000148402409,294,0.00686996381,0.0124303354,0.00991816089
1543,5.14333346,0.022198569,0.00129464683,0.033991724,0.653058049,0.00455539553,0.999961862,0.000141946393,294,0.00676325878,0.0129633926,0.0107608126
1544,5.14666679,0.0222042516,0.00129497825,0.0344193269,0.645109988,0.00475529485,0.999961862,0.000128016379,294,0.00682108055,0.0132844168,0.0107248492
1545,5.15000012,0.0208296691,0.00121481097,0.0348984602,0.596864989,0.00446681592,0.999961862,0.000128449392,294,0.00692733214,0.0122930393,0.0101180296
1546,5.15333346,0.0225880624,0.00131736255,0.035397077,0.638133549,0.00459871395,0.999961862,0.000136284331,294,0.00691693845,0.0124185395,0.0117790798
1547,5.15666679,0.0249802202,0.00145687602,0.0362310361,0.689470212,0.00480053966,0.999964246,0.00013733127,294,0.00696198493,0.0143556318,0.0117133082
1548,5.16000012,0.0216223458,0.00126104082,0.0363174339,0.595370969,0.00372121435,0.999964246,0.000132055238,294,0.00677758761,0.0131428397,0.0110442795
1549,5.16333346,0.0224928294,0.00131180845,0.0366526383,0.613675589,0.00409520144,0.999964267,0.000124306348,294,0.00684353217,0.0134485664,0.0106607451
1550,5.16666679,0.0223322414,0.00130244277,0.0367273177,0.608055332,0.00431792518,0.999964267,0.000131703297,294,0.00691572179,0.0125859251,0.0117285723
1551,5.17000013,0.0226599741,0.00132155653,0.0367470231,0.616647887,0.00402996335,0.999964267,0.000132569081,294,0.00687526007,0.0128470818,0.0107971779
1552,5.17333346,0.0262788688,0.00153261475,0.0372950097,0.704621584,0.00456654048,0.999964288,0.000134916452,294,0.00684545604,0.0148737204,0.0128326331
1553,5.17666679,0.0250513801,0.00146102615,0.0377515768,0.663585,0.00467680507,0.999964288,0.000139123869,294,0.00645261058,0.0148687541,0.0123763206
1554,5.18000013,0.0221378721,0.00129110692,0.0384301225,0.576055205,0.00419859374,0.999964288,0.000142598777,294,0.00666502395,0.0132036585,0.0108159529
1555,5.18333346,0.0228013873,0.00132980391,0.0385834499,0.590962897,0.00432766113,0.999964288,0.000142146655,294,0.00694343299,0.0128530468,0.0111611096
1556,5.18666679,0.0240610649,0.0014032698,0.0390715501,0.615820586,0.00457959485,0.999964288,0.000157922237,294,0.00697494663,0.013915984,0.0111824471
1557,5.19000013,0.0250881153,0.0014631686,0.0392128791,0.63979274,0.00415933706,0.999964288,0.00016023201,294,0.00700127243,0.0147846224,0.0116249499
1558,5.19333346,0.024227719,0.00141298927,0.0396865447,0.610476906,0.00445352543,0.999966672,0.000160309451,294,0.00701822277,0.0142379689,0.0116099381
1559,5.19666679,0.0242801571,0.00141604752,0.0397710203,0.610498724,0.00395436332,0.999969056,0.000160215593,294,0.00717110641,0.0141152181,0.0115547552
1560,5.20000013,0.0238873816,0.00139314039,0.0401495657,0.594959901,0.00416712841,0.99997144,0.000162179241,294,0.00716721924,0.0149515468,0.0109439287
1561,5.20333346,0.0247798318,0.00144518914,0.0402357774,0.615865615,0.00449806009,0.99997144,0.000163382969,294,0.00740857816,0.0146689823,0.0113807027
1562,5.20666679,0.0234269935,0.00136629001,0.0395195226,0.592795458,0.00422190232,0.99997144,0.000159689396,294,0.00755593972,0.0135308367,0.0114348072
1563,5.21000013,0.0241227391,0.00140686671,0.0396771798,0.607975143,0.00450929533,0.99997144,0.000161333235,294,0.00737739719,0.0143556661,0.0116924708
1564,5.21333346,0.0242191151,0.00141248748,0.0403074784,0.600859099,0.00449027109,0.999973825,0.000162694567,294,0.00742683773,0.0134635673,0.0118294267
1565,5.21666679,0.0233182102,0.00135994563,0.0404625359,0.576291368,0.00415669683,0.999973825,0.000160291943,294,0.00737104514,0.0146876184,0.0107610191
1566,5.22000013,0.0232613923,0.00135663195,0.040869242,0.569166228,0.00477968636,0.999976209,0.000159129816,294,0.00732312228,0.0139424175,0.0110479503
1567,5.22333346,0.0204685388,0.00119374942,0.0411984228,0.496828213,0.00386776154,0.999978593,0.000160414407,294,0.00718597311,0.0124868598,0.00986687931
1568,5.22666679,0.0222245384,0.0012961614,0.0406644713,0.546534546,0.00412865826,0.999978593,0.000161722251,294,0.00672470479,0.0134703728,0.0111094802
1569,5.23000013,0.0208597145,0.00121656325,0.0406511155,0.513140026,0.00429703674,0.999978593,0.000161400021,294,0.00653187397,0.0126720461,0.0102806412
1570,5.23333346,0.0224481385,0.00130920203,0.0398828544,0.562851854,0.00452136809,0.999978593,0.000158893523,294,0.00632739633,0.0134076601,0.0106918855
1571,5.23666679,0.0224696108,0.00131045431,0.0395598019,0.567990984,0.00453337924,0.999978593,0.0001546034,294,0.00624700198,0.0135873814,0.0104301472
1572,5.24000013,0.0231127969,0.00134796569,0.0391475435,0.590402229,0.00454720061,0.999978593,0.000155120939,294,0.00660210046,0.0132948593,0.0107905543
1573,5.24333346,0.0230680451,0.00134535571,0.0387049207,0.595997737,0.00483829406,0.999978593,0.000150247986,294,0.00673721039,0.0135216673,0.0110739195
1574,5.24666679,0.0234343393,0.00136671842,0.0381748998,0.613867735,0.004207461,0.999978593,0.000147780787,294,0.00655154641,0.0137798854,0.0112174794
1575,5.25000013,0.0233910994,0.00136419662,0.0378282607,0.618349852,0.00413049424,0.999980977,0.000138868502,294,0.00665665645,0.0142640209,0.0106310841
1576,5.25333346,0.0204572568,0.00119309145,0.0373246789,0.548089291,0.00397788665,0.999983361,0.00013822945,294,0.00668544868,0.0117812596,0.0106335569
1577,5.25666679,0.0216382,0.00126196545,0.0369027394,0.586357554,0.00401191022,0.999985746,0.000137854927,294,0.0066488921,0.0117319338,0.0111239774
1578,5.26000013,0.021257542,0.00123976503,0.0367953614,0.57772342,0.00512146724,0.99998813,0.000136751259,294,0.00668044927,0.0122170714,0.0103750278
1579,5.26333346,0.0219798958,0.00128189355,0.0364424547,0.603139825,0.00474316831,0.999990059,0.000135028354,294,0.00656951596,0.0125788988,0.0111344172
1580,5.26666679,0.0216053236,0.00126004806,0.0361327248,0.59794338,0.00431816907,0.99998991,0.000132935426,294,0.00679823594,0.0129358576,0.00974027412
1581,5.27000013,0.0246740235,0.00143901827,0.0358503564,0.68825044,0.00440407517,0.999990219,0.000115567346,294,0.00694046889,0.0141005693,0.0119143792
1582,5.27333346,0.0249213535,0.00145344285,0.0358672475,0.694822023,0.00464182576,0.999990514,0.000114929804,294,0.00678831573,0.0148328869,0.011679789
1583,5.27666679,0.0215025474,0.00125405403,0.0356397945,0.603329725,0.0048072178,0.999989749,0.000113903074,294,0.00690824069,0.0132389486,0.0102884532
1584,5.28000013,0.0232245322,0.00135448223,0.0352378075,0.659079945,0.00438151606,0.999989281,0.000109311724,294,0.00717405036,0.0132002675,0.0110890463
1585,5.28333346,0.0216415376,0.0012621601,0.0350902076,0.616740086,0.00411046617,0.999989451,0.00010790764,294,0.00697730766,0.0128897641,0.0110589849
1586,5.28666679,0.0234803803,0.00136940359,0.0347190122,0.676297474,0.00497591617,0.999989919,0.000104998419,294,0.00683487978,0.0139636727,0.0109478376
1587,5.29000013,0.022151885,0.00129192417,0.0347391022,0.637664292,0.00414890649,0.99998991,0.000100295683,294,0.00672862888,0.0136169667,0.0105670321
1588,5.29333346,0.0220660145,0.0012869161,0.0345949877,0.637838486,0.00369562077,0.999988962,9.89721505e-05,294,0.00677787381,0.0124432204,0.0108792408
1589,5.29666679,0.0235829475,0.00137538543,0.0346815076,0.679986225,0.00453693383,0.999988259,0.000107854191,294,0.00719830211,0.0134399338,0.0107523893
1590,5.30000013,0.0229947963,0.00134108376,0.0343782955,0.668875406,0.0041580057,0.999987163,0.000108492325,294,0.006872535,0.0128254522,0.0120852326
1591,5.30333346,0.020892285,0.0012184628,0.0345153331,0.605304458,0.00411888355,0.999984887,0.000108636626,294,0.00654255259,0.0130588107,0.0101730716
1592,5.3066668,0.0236759728,0.00138081077,0.034466068,0.686935708,0.00460611064,0.999985392,0.00010921255,294,0.00672932709,0.0131991523,0.0113688107
1593,5.31000013,0.0220071892,0.00128348534,0.0343588812,0.640509482,0.00430762679,0.999987813,0.00010939212,294,0.00645605766,0.0127444598,0.011327198
1594,5.31333346,0.0211650392,0.00123437015,0.0342083805,0.618709184,0.00474221202,0.999990223,0.000110130653,294,0.00657107147,0.0123686822,0.00971135893
1595,5.3166668,0.0204162033,0.00119069716,0.0339275422,0.601758984,0.00431902827,0.999989654,0.000115884674,294,0.00664072878,0.0123020541,0.00966321548
1596,5.32000013,0.0217528497,0.00126865196,0.0339322146,0.641067786,0.00467975863,0.999988228,0.000116658107,294,0.00659972092,0.0125745497,0.0107244966
1597,5.32333346,0.0205922879,0.00120096662,0.0343213787,0.599984287,0.00395427681,0.999988353,0.000115884674,294,0.00673823857,0.0116733386,0.0104419851
1598,5.3266668,0.0247608632,0.00144408287,0.0339564571,0.729194541,0.00449496576,0.999990484,0.000108030849,294,0.00675838805,0.0145773897,0.0109749767
1599,5.33000013,0.022854272,0.00133288821,0.034634011,0.659879447,0.00416628568,0.999988722,0.000124529495,294,0.0066839011,0.0137442182,0.0113346999
1600,5.33333346,0.023697674,0.00138207641,0.0344559813,0.687766626,0.00469858816,0.999986901,0.000116229057,294,0.00699667584,0.0138872322,0.010650409
1601,5.3366668,0.0226798539,0.00132271594,0.034136029,0.664396375,0.00427787212,0.9999853,0.000116229057,294,0.00699100407,0.013071065,0.0112181761
1602,5.34000013,0.0236010774,0.00137644278,0.0335696482,0.703048099,0.00449858537,0.999983946,0.000118611745,294,0.00697055197,0.0142974613,0.0107169156
1603,5.34333346,0.0232842552,0.00135796534,0.0336037888,0.692905651,0.00387476617,0.999982232,0.000118611745,294,0.00710602443,0.0140646954,0.0109904165
1604,5.3466668,0.0241099539,0.00140612107,0.0334468285,0.720844248,0.00409585552,0.999980588,0.000118611745,294,0.00712937156,0.0130160908,0.0122588496
1605,5.35000013,0.0224886909,0.00131156709,0.0333716718,0.673885655,0.00412708836,0.999981285,0.000110590311,294,0.00695816053,0.0134401,0.0108017961
1606,5.35333346,0.0235323311,0.00137243342,0.0331331893,0.710234407,0.00415299458,0.999983373,0.000110590311,294,0.00691676733,0.0137254556,0.0111290913
1607,5.3566668,0.022143779,0.00129145142,0.0328867371,0.673334632,0.00412114511,0.999983373,0.000126756253,294,0.00682934867,0.01243587,0.0116353693
1608,5.36000013,0.0237756677,0.0013866251,0.0329333446,0.721932983,0.00459673217,0.999983373,0.000126756253,294,0.00672927675,0.01460904,0.0105477076
1609,5.36333346,0.0221213561,0.00129014369,0.0327156818,0.676169803,0.00456723381,0.999982033,0.000126756253,294,0.00700459883,0.0128386773,0.0105565559
1610,5.3666668,0.0240205412,0.00140090641,0.0324004821,0.741363695,0.00431690911,0.99998099,0.000126756253,294,0.00711282976,0.0142903298,0.0110569113
1611,5.37000013,0.0222134156,0.00129551271,0.0321011226,0.691982518,0.00428887601,0.999979872,0.000126756253,294,0.00678452784,0.0136466128,0.0112944857
1612,5.37333346,0.0223641979,0.00130430651,0.0323299816,0.691747931,0.00448736981,0.999980841,0.000124529495,294,0.0070479345,0.013770233,0.00967135364
1613,5.3766668,0.023334758,0.00136091073,0.0317811047,0.734233698,0.00436730386,0.999981213,0.000131704687,294,0.00720733779,0.0136223822,0.0108938783
1614,5.38000013,0.021945806,0.0012799054,0.0318648509,0.688715165,0.00433468203,0.999981735,0.000131704687,294,0.00728223328,0.0127922196,0.0107182503
1615,5.38333346,0.0239771025,0.00139837302,0.0315746849,0.759377414,0.00427550026,0.999980968,0.000130178509,294,0.00734961365,0.0139822159,0.0110357819
1616,5.3866668,0.0240770739,0.00140420347,0.0316652637,0.760362336,0.0049981563,0.999980968,0.000114496784,294,0.0072497764,0.0142307803,0.0115747335
1617,5.39000013,0.0224577264,0.0013097612,0.0313361427,0.716671691,0.00421534081,0.999980968,0.000114496784,294,0.00699910242,0.0135215341,0.0108847317
1618,5.39333346,0.0230010172,0.00134144656,0.0308905509,0.744597182,0.00435043921,0.999980426,0.000116229057,294,0.00672544168,0.014167101,0.0106022206
1619,5.3966668,0.0202192256,0.00117920918,0.0303530814,0.6661342,0.00371207383,0.999978042,0.000113444724,294,0.0066096843,0.0120237725,0.0107409792
1620,5.40000013,0.0207354376,0.00120931528,0.0298950733,0.693607183,0.00431795721,0.999979234,0.000110590311,294,0.0063476976,0.0125160807,0.0101292991
1621,5.40333346,0.0202064727,0.00117846542,0.029429737,0.686600521,0.00421169256,0.999978584,0.000110590311,294,0.0063625006,0.0118318676,0.0099946529
1622,5.4066668,0.0189034533,0.00110247179,0.0285510705,0.662092628,0.00456553163,0.9999762,0.000110590311,294,0.00624349829,0.0110478396,0.00930430792
1623,5.41000013,0.0201828274,0.0011770864,0.0281457922,0.717081519,0.00430859175,0.999973816,0.000103206006,294,0.00636512901,0.0115307408,0.00960265117
1624,5.41333346,0.0215180871,0.00125496033,0.0280384437,0.767449413,0.00448326306,0.999973816,9.8753223e-05,294,0.00643444938,0.0127537964,0.0100706403
1625,5.4166668,0.021888534,0.00127656522,0.0283758809,0.77137813,0.00451411658,0.999973816,0.000101460362,294,0.0064245465,0.0132326226,0.0104050481
1626,5.42000013,0.0210958945,0.00123033755,0.0280600049,0.751813644,0.00444358117,0.999973816,0.000103109145,294,0.00658697553,0.0125583925,0.0103913823
1627,5.42333346,0.021718193,0.00126663074,0.027557039,0.788117802,0.00470071296,0.999973816,9.76529297e-05,294,0.00674993982,0.0120835227,0.0105512548
1628,5.4266668,0.0238191469,0.00138916086,0.0275291182,0.865234647,0.00462406874,0.999973816,9.62942506e-05,294,0.00672940839,0.0137719709,0.0113278677
1629,5.43000013,0.020471129,0.00119390049,0.0272838862,0.750301068,0.00456069686,0.999973816,9.34894948e-05,294,0.00661533311,0.0123449961,0.0110367627
1630,5.43333346,0.0222741158,0.00129905281,0.026288575,0.847292627,0.00475791946,0.999973816,9.1088826e-05,294,0.00639671509,0.0134649429,0.0109341624
1631,5.4366668,0.0215623192,0.00125753999,0.0260544083,0.827588135,0.00413265357,0.999973816,9.09331027e-05,294,0.0063471085,0.0125048644,0.0110574407
1632,5.44000013,0.020334797,0.00118594944,0.0254373228,0.799407908,0.00525856503,0.999973816,8.84295169e-05,294,0.00653116873,0.0117458684,0.00982289227
1633,5.44333347,0.019996862,0.00116624068,0.0246324241,0.81181056,0.00454612747,0.999973816,8.22167433e-05,294,0.00646439517,0.0119037311,0.00966372525
1634,5.4466668,0.0213445794,0.00124484115,0.0245590051,0.869114171,0.00417332215,0.999973816,8.99769869e-05,294,0.00632483537,0.0124122884,0.0105929712
1635,5.45000013,0.0225114363,0.00131289362,0.0247778722,0.908529839,0.00431687747,0.999973816,9.02111156e-05,294,0.0064814705,0.0134882014,0.0101277146
1636,5.45333347,0.0230072814,0.0013418119,0.0247762537,0.928602107,0.00465441744,0.999971452,8.70519307e-05,294,0.00647120083,0.0136218365,0.0109297563
1637,5.4566668,0.0246368879,0.00143685248,0.0242644897,1.01534746,0.00441626498,0.999969068,8.64644077e-05,294,0.00636843307,0.0143770987,0.0118884256
1638,5.46000013,0.0236003942,0.00137640294,0.024118963,0.978499541,0.00506077409,0.999969068,7.83435037e-05,294,0.00656593043,0.0146773745,0.0106324704
1639,5.46333347,0.0228611617,0.00133329002,0.0232946456,0.981391263,0.00435872149,0.999969068,7.67738882e-05,294,0.00650596094,0.0135281887,0.0111164385
1640,5.4666668,0.0226309578,0.00131986426,0.0229382222,0.986604701,0.00452081967,0.999969068,7.66125701e-05,294,0.00683648688,0.0130378235,0.010594959
1641,5.47000013,0.0232545453,0.00135623262,0.0230316816,1.00967639,0.00446983941,0.999969068,7.61141827e-05,294,0.0067228348,0.0131788132,0.0120524525
1642,5.47333347,0.0209058288,0.00121925269,0.023122456,0.904135302,0.00456912895,0.999969068,7.80000193e-05,294,0.00657903128,0.0122306506,0.0101834684
1643,5.4766668,0.0222481455,0.00129753819,0.0226417646,0.982615352,0.00466719257,0.999969068,8.38711696e-05,294,0.00685269152,0.0131016029,0.0100871637
1644,5.48000013,0.020308194,0.00118439793,0.0220562651,0.920744917,0.00404179611,0.999969068,7.84542953e-05,294,0.00681442527,0.012064084,0.00995060469
1645,5.48333347,0.0218937806,0.00127687122,0.0218617635,1.00146453,0.00429090015,0.999969047,7.37268739e-05,294,0.00666596596,0.0129694204,0.0108378684
1646,5.4866668,0.0217884244,0.00127072671,0.0216747168,1.00524609,0.00416213574,0.999969047,7.37268739e-05,294,0.00673577345,0.0118846113,0.0115612825
1647,5.49000013,0.0212525751,0.00123947535,0.0212551875,0.999877093,0.00426768496,0.999969047,7.37268739e-05,294,0.00699709749,0.0124002568,0.00964528179
1648,5.49333347,0.020819845,0.00121423802,0.021025497,0.990218923,0.00535048183,0.999969047,6.75007799e-05,294,0.00660988705,0.0124241552,0.0106469967
1649,5.4966668,0.0238083009,0.00138852831,0.0210559001,1.13071874,0.00441845669,0.999969047,7.26988983e-05,294,0.00619744484,0.0141322551,0.0116839076
1650,5.50000013,0.0210697793,0.00122881449,0.0211688272,0.995321052,0.00456753084,0.999969047,7.22715293e-05,294,0.00599648018,0.0126946002,0.0107548959
1651,5.50333347,0.0251883636,0.0014690152,0.0209732405,1.20097624,0.00464093349,0.999971431,7.08381761e-05,294,0.00613549146,0.0150758524,0.0112432201
1652,5.5066668,0.0223918012,0.00130591637,0.0214857943,1.04216772,0.00414959742,0.999971431,6.92040303e-05,294,0.00610191195,0.0132841324,0.0115794784
1653,5.51000013,0.0213904767,0.00124751793,0.0210098198,1.01811805,0.00457338257,0.999971431,7.5871138e-05,294,0.00623568278,0.011788899,0.0111543801
1654,5.51333347,0.0210172518,0.00122575102,0.02078984,1.0109386,0.00444786641,0.999971431,6.83038052e-05,294,0.00656295055,0.0125393814,0.00973349121
1655,5.5166668,0.0206329677,0.00120333912,0.0206503913,0.99915626,0.00424903512,0.999971431,7.80712777e-05,294,0.00654335536,0.0115974409,0.0110513523
1656,5.52000013,0.0207765525,0.00121171315,0.0207497109,1.00129359,0.00412974941,0.999973816,7.69107813e-05,294,0.00623963835,0.0120423231,0.0109761826
1657,5.52333347,0.021342581,0.0012447246,0.0211025743,1.01137334,0.00410109913,0.999973816,7.84542953e-05,294,0.00629160195,0.0127837279,0.009848887
1658,5.5266668,0.0221281242,0.00129053841,0.0210542694,1.05100414,0.00420185115,0.999973816,9.21585923e-05,294,0.00669353115,0.0130244679,0.0099505352
1659,5.53000013,0.0205263689,0.00119712214,0.0214452795,0.957150912,0.00419274078,0.999973816,9.73841047e-05,294,0.00661678591,0.0115767595,0.0109990572
1660,5.53333347,0.0210743305,0.00122907992,0.0214659231,0.981757478,0.00423887432,0.999973816,9.7146543e-05,294,0.00632553515,0.0126264549,0.0102138506
1661,5.5366668,0.0215553641,0.00125713437,0.0213354869,1.01030571,0.00405801819,0.999973816,9.69212866e-05,294,0.00616911751,0.0133833972,0.00983563824
1662,5.54000013,0.0209191156,0.0012200276,0.0215686275,0.969886267,0.0044156228,0.999973816,9.69212866e-05,294,0.00630922812,0.0128426212,0.00991541891
1663,5.54333347,0.0222552608,0.00129795317,0.0207646958,1.07178362,0.00414381618,0.999973816,8.54058855e-05,294,0.00631083061,0.0129650107,0.0109609924
1664,5.5466668,0.0219961592,0.00128284205,0.0214710574,1.02445626,0.00423211861,0.9999762,8.985289e-05,294,0.0064932598,0.0127498977,0.0106805579
1665,5.55000013,0.0222059472,0.00129507714,0.0214154466,1.03691264,0.00437709516,0.999978584,7.26345635e-05,294,0.00651822329,0.0122866229,0.011726643
1666,5.55333347,0.0222618063,0.00129833491,0.0213688335,1.04178856,0.00505043848,0.999978626,7.49366937e-05,294,0.00674602879,0.0131268508,0.00989482799
1667,5.5566668,0.0232893696,0.00135826362,0.0212637114,1.09526362,0.00453467969,0.999978626,7.2220688e-05,294,0.00690056938,0.013427715,0.0114380778
1668,5.56000013,0.0205137109,0.00119638391,0.0217217138,0.94438731,0.00416600569,0.999980977,7.20822014e-05,294,0.00683024896,0.0120867505,0.0104910657
1669,5.56333347,0.0193400548,0.0011279349,0.0219868903,0.879617563,0.00408813633,0.999980977,7.03456736e-05,294,0.00687344899,0.0109103023,0.0101589156
1670,5.5666668,0.0189240229,0.00110367143,0.0222063796,0.852188573,0.00453715706,0.999980977,7.2208665e-05,294,0.00700582423,0.0106781723,0.00869596737
1671,5.57000013,0.0206126771,0.00120215574,0.0224261785,0.919134621,0.00463367077,0.999980977,7.21048321e-05,294,0.00666711261,0.0120483162,0.0104504574
1672,5.57333347,0.0223768744,0.00130504582,0.0227746364,0.982534869,0.00518341189,0.999980977,7.21599807e-05,294,0.00647268721,0.0137203902,0.0104525931
1673,5.5766668,0.0241416385,0.00140796895,0.0230551579,1.04712527,0.00527373932,0.999980989,7.21108417e-05,294,0.00660417817,0.0143179103,0.0112059489
1674,5.58000014,0.0223805899,0.00130526251,0.0235002146,0.952356831,0.004279482,0.999980989,7.2120147e-05,294,0.00670492625,0.0129104772,0.0110532716
1675,5.58333347,0.0209351093,0.00122096037,0.0240097497,0.871942004,0.004377489,0.999983361,7.21450678e-05,294,0.00686660444,0.0126142754,0.00992731518
1676,5.5866668,0.0215182283,0.00125496856,0.024162427,0.890565684,0.00444538468,0.999983361,7.20885324e-05,294,0.00673045137,0.0128671496,0.0105092042
1677,5.59000014,0.0215162417,0.0012548527,0.0245942771,0.874847497,0.00427612082,0.999983361,6.50892546e-05,294,0.00663217314,0.0124860807,0.0106206658
1678,5.59333347,0.0213345149,0.00124425418,0.0249009262,0.856775957,0.00418888063,0.999983361,8.4464745e-05,294,0.00642445955,0.0129906522,0.0099708835
1679,5.5966668,0.0213083016,0.00124272538,0.0253272256,0.841320005,0.00441239071,0.999983361,6.69060478e-05,294,0.00617380057,0.0130165275,0.0104726558
1680,5.60000014,0.0208791391,0.00121769612,0.0252187499,0.827921255,0.00437018746,0.999983361,7.42670047e-05,294,0.00620559052,0.0122951738,0.0106190902
1681,5.60333347,0.0224287075,0.00130806879,0.0254621653,0.880864108,0.00442538916,0.999983361,7.69107813e-05,294,0.00622035263,0.0132504107,0.0105694645
1682,5.6066668,0.0220443209,0.0012856509,0.0258719517,0.852054809,0.00404933992,0.999983361,8.53340159e-05,294,0.00620462062,0.0124711049,0.0108980476
1683,5.61000014,0.0244214107,0.0014242856,0.0261439128,0.934114602,0.0046184436,0.999985746,8.57289958e-05,294,0.00657364052,0.0145651322,0.0106610945
1684,5.61333347,0.0221101949,0.00128949275,0.0266011983,0.831172893,0.00474864719,0.999985778,8.65594947e-05,294,0.00660019936,0.0134647279,0.010455496
1685,5.6166668,0.0229507637,0.00133851572,0.0267697647,0.857339015,0.00405227577,0.999987796,8.27135215e-05,294,0.00661306508,0.0127049293,0.0115899725
1686,5.62000014,0.021790345,0.00127083873,0.0269865713,0.807451407,0.00439369525,0.99998813,8.11225382e-05,294,0.00658638623,0.0126600258,0.010704481
1687,5.62333347,0.0207957292,0.00121283156,0.0272315524,0.763663008,0.00402487345,0.99998813,8.48532382e-05,294,0.00638642608,0.0121148371,0.0103583095
1688,5.6266668,0.0228714019,0.00133388725,0.0277414175,0.82444965,0.00425382886,0.999987994,8.50932448e-05,294,0.00614860558,0.0136929725,0.0107089379
1689,5.63000014,0.0233940541,0.00136436894,0.0278841549,0.838973036,0.0044076141,0.999985526,8.80556506e-05,294,0.00639584431,0.0142742484,0.0106345797
1690,5.63333347,0.0227060761,0.00132424525,0.0282284549,0.804368367,0.00456274831,0.999983206,8.80556506e-05,294,0.00643350419,0.0135812125,0.0110352012
1691,5.6366668,0.021289585,0.00124163381,0.028946494,0.735480608,0.00423666635,0.999983953,0.000101258839,294,0.00632188819,0.0123819772,0.0110227858
1692,5.64000014,0.0214679513,0.00125203634,0.0290302177,0.739503626,0.00437040486,0.999986711,0.000101391175,294,0.00656026802,0.0123071647,0.00973920548
1693,5.64333347,0.0234054516,0.00136503366,0.0291116258,0.803989845,0.00469088822,0.999989381,0.000101385322,294,0.00697826507,0.0133741944,0.0104597177
1694,5.6466668,0.0224100564,0.00130698103,0.0294036363,0.762152551,0.00400660459,0.999989646,9.03251175e-05,294,0.00676024557,0.0126928045,0.0118724699
1695,5.65000014,0.0228324129,0.00133161336,0.0296453191,0.770186107,0.00432026858,0.999988175,0.00010961876,294,0.0068250982,0.0133835313,0.0108202578
1696,5.65333347,0.0213578912,0.00124561751,0.0298377818,0.715800236,0.00377970255,0.999987579,0.000111180772,294,0.00676675112,0.0130290279,0.0103240979
1697,5.6566668,0.0221116617,0.0012895783,0.03040647,0.727202522,0.00421625934,0.999986983,0.00011364198,294,0.00661538503,0.013348801,0.0110197004
1698,5.66000014,0.0227586326,0.00132731041,0.0302717745,0.751810324,0.00376922468,0.999986387,0.000115051003,294,0.00627263082,0.0143404276,0.010764973
1699,5.66333347,0.0231594147,0.0013506845,0.0307034016,0.754294752,0.00461074162,0.999987877,0.000115115715,294,0.00644334677,0.0138477314,0.0109438387
1700,5.6666668,0.0253789419,0.00148012995,0.0306845936,0.827090696,0.00444860586,0.999987798,0.000117215863,294,0.00646370344,0.0149162454,0.0117141866
1701,5.67000014,0.0212994687,0.00124221024,0.030611904,0.695790391,0.00442666826,0.999985682,0.000101533289,294,0.00649561134,0.0128254184,0.0109910892
1702,5.67333347,0.0235268677,0.00137211479,0.0303909035,0.774141767,0.00491739607,0.999985965,9.42226003e-05,294,0.00628782709,0.0136546197,0.0115190565
1703,5.6766668,0.0213181523,0.00124329989,0.0306435092,0.695682475,0.00428156454,0.999988625,9.68116872e-05,294,0.00631594547,0.0130048721,0.0106925502
1704,5.68000014,0.0241319159,0.00140740192,0.0307701696,0.784263337,0.00432768856,0.999987474,9.50409098e-05,294,0.00635934763,0.0142609983,0.0111880469
1705,5.68333347,0.0229599765,0.00133905302,0.0308227247,0.744904183,0.00426217068,0.999987709,9.99600281e-05,294,0.00657609035,0.0131278719,0.0110901251
1706,5.6866668,0.0232342262,0.00135504759,0.0308211425,0.753840523,0.00451186375,0.999987541,9.59824497e-05,294,0.00696410663,0.0134992686,0.0105987194
1707,5.69000014,0.021458942,0.00125151091,0.030425418,0.705296539,0.00418887498,0.999987281,9.8753223e-05,294,0.00709409743,0.0119385075,0.0109862262
1708,5.69333347,0.0210048973,0.00122503049,0.0303448785,0.692205683,0.00445936739,0.999986393,0.000104265545,294,0.00706329614,0.0118049893,0.0109499213
1709,5.6966668,0.0223168463,0.00130154491,0.030041145,0.742876021,0.0044765684,0.999984852,0.000104265545,294,0.00632909667,0.0138389164,0.0112567943
1710,5.70000014,0.0221336092,0.0012908583,0.0303544241,0.729172431,0.00399057689,0.999983013,9.99600281e-05,294,0.00592893797,0.0130443933,0.0111762855
1711,5.70333347,0.023312837,0.00135963227,0.0298977174,0.779753073,0.00486022746,0.999981081,9.8753223e-05,294,0.00634708029,0.0131163109,0.0111387556
1712,5.7066668,0.0232895419,0.00135827367,0.029438009,0.791138489,0.00428922855,0.999979109,0.000102720785,294,0.00666533123,0.013242355,0.0111572951
1713,5.71000014,0.0223672428,0.00130448409,0.0292148521,0.765612049,0.00417150786,0.999979442,0.000110590311,294,0.00690638425,0.0124529069,0.0112733321
1714,5.71333347,0.0229218856,0.00133683152,0.0292089304,0.784756075,0.00463405348,0.999979699,0.000110590311,294,0.0071015812,0.0129643143,0.0111531846
1715,5.71666681,0.0217106879,0.00126619303,0.0291538421,0.744693882,0.00424811856,0.999979621,0.000102720785,294,0.00710565191,0.0119224693,0.0112743069
1716,5.72000014,0.0221654757,0.0012927168,0.0288395254,0.768579767,0.00485104679,0.99998197,0.000106164891,294,0.00678677285,0.0131748797,0.0108627617
1717,5.72333347,0.0190952102,0.00111365528,0.0287928791,0.663192108,0.00454709264,0.999983812,0.000106164891,294,0.00650798168,0.0113501563,0.010124226
1718,5.72666681,0.0195646379,0.00114103286,0.0278992886,0.701259383,0.00448911305,0.999983361,0.000102720785,294,0.00640131609,0.0114341463,0.00947567821
1719,5.73000014,0.0222713488,0.00129889144,0.0272260203,0.81801705,0.00484303397,0.999980977,9.88543528e-05,294,0.00634750359,0.013105221,0.0104295425
1720,5.73333347,0.0211984188,0.00123631689,0.027064894,0.78324411,0.00378342898,0.999980977,0.000102720785,294,0.00630531295,0.0116756153,0.011501611
1721,5.73666681,0.0205978086,0.0012012886,0.0265206976,0.776669188,0.00456219373,0.999980977,9.99600281e-05,294,0.00649729996,0.0124082005,0.00961357991
1722,5.74000014,0.0201551313,0.00117547113,0.026098111,0.772283145,0.00413913716,0.999980977,9.33436141e-05,294,0.00645358161,0.011737118,0.00996186648
1723,5.74333347,0.0219907574,0.00128252701,0.0258190942,0.851724588,0.00453406998,0.999980977,8.80556506e-05,294,0.00620447075,0.0125127698,0.0109269803
1724,5.74666681,0.0239306515,0.00139566394,0.0256158906,0.934211183,0.00498302654,0.999980977,9.20501066e-05,294,0.00658289796,0.013638465,0.0113548726
1725,5.75000014,0.0202667481,0.00118198075,0.024854865,0.815403668,0.00364155086,0.999980977,9.07366183e-05,294,0.00681944694,0.0117726596,0.0100685691
1726,5.75333347,0.0223674921,0.00130449863,0.024400333,0.916687984,0.00443515363,0.999978593,9.04563482e-05,294,0.00683519055,0.0130060715,0.010797915
1727,5.75666681,0.0216533943,0.0012628516,0.0240711235,0.89955894,0.00433712673,0.999978593,9.03326669e-05,294,0.00683754979,0.0126172437,0.0110341745
1728,5.76000014,0.0224470546,0.00130913881,0.0232487026,0.965518589,0.00433763378,0.999978593,7.99680225e-05,294,0.00696067045,0.01316839,0.0104825788
1729,5.76333347,0.0217992977,0.00127136086,0.0228956361,0.952115837,0.00410386056,0.999978593,7.99680225e-05,294,0.00712505032,0.0126947045,0.0105172025
1730,5.76666681,0.0235334271,0.00137249734,0.0223542365,1.05275021,0.00450200683,0.999978593,7.69107813e-05,294,0.00687145134,0.0135520318,0.0118686952
1731,5.77000014,0.0199770865,0.00116508734,0.0225979217,0.884023175,0.00347356627,0.999978593,7.53977916e-05,294,0.00660467637,0.0120065824,0.0104561631
1732,5.77333347,0.0229518325,0.00133857805,0.0220925134,1.03889639,0.00429868087,0.999978593,7.51742277e-05,294,0.00642911668,0.0132336214,0.0114487885
1733,5.77666681,0.0211266266,0.00123212989,0.0214408768,0.98534341,0.00459663556,0.999978593,7.08140153e-05,294,0.00664682171,0.0128041771,0.00989251059
1734,5.78000014,0.0224112467,0.00130705045,0.0203656159,1.10044532,0.00476686462,0.999978593,7.1519803e-05,294,0.00666323754,0.013861954,0.0101703523
1735,5.78333347,0.020305963,0.00118426781,0.0197480177,1.02825323,0.00429499341,0.999978593,6.84894494e-05,294,0.00677410753,0.0124314704,0.00984399452
1736,5.78666681,0.0207744799,0.00121159227,0.0192577547,1.07875919,0.0043136697,0.999978593,6.9461226e-05,294,0.00683110803,0.0119290164,0.0102022204
1737,5.79000014,0.0198577093,0.00115812513,0.0191747648,1.03561684,0.00469808237,0.999978593,8.25502812e-05,294,0.00664661317,0.0115900791,0.0101011635
1738,5.79333347,0.0179999091,0.00104977601,0.0185100316,0.972440754,0.00404722037,0.999978593,8.25502812e-05,294,0.00646099434,0.0110002957,0.00906467546
1739,5.79666681,0.0201637075,0.0011759713,0.0174940586,1.15260317,0.0045796315,0.999978593,6.24549011e-05,294,0.00649949115,0.011855423,0.00925870865
1740,5.80000014,0.0213872952,0.00124733238,0.0171963848,1.2437088,0.0047175512,0.999978593,5.45675559e-05,294,0.00619152705,0.0130720801,0.0101585032
1741,5.80333347,0.0215207877,0.00125511783,0.0168933319,1.27392203,0.00447417312,0.999978593,5.45675559e-05,294,0.0058203216,0.0126479196,0.0111517331
1742,5.80666681,0.0203586063,0.00118733803,0.0159765336,1.27428182,0.00497042586,0.999978593,5.45675559e-05,294,0.00589807778,0.0116712398,0.00988580326
1743,5.81000014,0.0205531105,0.00119868175,0.014926101,1.37699125,0.00455672912,0.999978593,5.36441803e-05,294,0.00589051314,0.0117706616,0.0101597052
1744,5.81333347,0.0190296851,0.00110983377,0.0150827623,1.26168435,0.0044523352,0.999978593,5.72483918e-05,294,0.00568181515,0.0115469169,0.00964286528
1745,5.81666681,0.0205447129,0.00119819199,0.014769282,1.39104344,0.0043803485,0.999978593,5.72483918e-05,294,0.00558829918,0.0113223279,0.0106220833
1746,5.82000014,0.0201977628,0.00117795745,0.014272767,1.41512594,0.0045187719,0.999978593,7.84542953e-05,294,0.00581041714,0.0116475654,0.00939815818
1747,5.82333347,0.0205019362,0.0011956972,0.0144383815,1.41996083,0.00452302231,0.999978593,8.09614522e-05,294,0.00588579765,0.0116306707,0.0105766863
1748,5.82666681,0.0195439701,0.00113982748,0.0145157201,1.34640032,0.00446309084,0.999978593,8.09614522e-05,294,0.00604528243,0.0117307517,0.0089491692
1749,5.83000014,0.0225437391,0.00131477757,0.0136487187,1.65171103,0.00420868698,0.999980977,8.09614522e-05,294,0.00607510949,0.0135874813,0.0102489297
1750,5.83333347,0.0215127705,0.00125465025,0.0140079695,1.53575223,0.00453005042,0.99998332,7.34330336e-05,294,0.00635742033,0.013293116,0.00940772949
1751,5.83666681,0.0228129283,0.001330477,0.013120315,1.73874852,0.00441967839,0.99998332,4.81471253e-05,294,0.00670311972,0.0135573031,0.0105051324
1752,5.84000014,0.0190708158,0.00111223257,0.0134460793,1.41831797,0.00372165192,0.99998332,4.81471253e-05,294,0.00632007454,0.0114074129,0.0105476654
1753,5.84333347,0.0196108552,0.0011437283,0.0128407673,1.5272339,0.00389833505,0.99998332,4.5588787e-05,294,0.00598943061,0.0123309821,0.00928378268
1754,5.84666681,0.0195399697,0.00113959418,0.0125711675,1.55434806,0.00437898113,0.99998332,4.36035937e-05,294,0.00606326825,0.0112319012,0.00968645739
1755,5.85000014,0.0196089654,0.00114361809,0.0123151298,1.59226624,0.00433364058,0.99998332,4.47034836e-05,294,0.00625456148,0.0112557464,0.00934740361
1756,5.85333348,0.0197279006,0.00115055453,0.0123023056,1.60359377,0.00474021744,0.99998332,3.99840112e-05,294,0.00615417971,0.01177339,0.00990025147
1757,5.85666681,0.0189752038,0.00110665636,0.0127987537,1.48258216,0.00434457795,0.99998332,4.09714195e-05,294,0.00613179997,0.0112718942,0.00929141584
1758,5.86000014,0.019708772,0.00114943892,0.0124268358,1.58598474,0.00452613082,0.99998332,4.09714195e-05,294,0.00598343969,0.0115148695,0.00970445511
1759,5.86333348,0.0235700934,0.00137463576,0.0125424776,1.87922149,0.00462018941,0.999980977,4.09714195e-05,294,0.00581149758,0.0146039374,0.0100879106
1760,5.86666681,0.0199951207,0.00116613912,0.0131085689,1.52534734,0.00434216295,0.999978593,4.21731821e-05,294,0.00604773508,0.0120871924,0.0100330479
1761,5.87000014,0.0203225947,0.00118523779,0.0129945414,1.56393319,0.00427338241,0.999976209,4.25244799e-05,294,0.00610275913,0.0123908737,0.00976740735
1762,5.87333348,0.0200371627,0.00116859106,0.0136322734,1.46983281,0.00435611478,0.999976209,4.40622986e-05,294,0.00615424857,0.0113919922,0.010392187
1763,5.87666681,0.0186832111,0.001089627,0.0140898324,1.32600663,0.00427077949,0.999976209,4.3475488e-05,294,0.0059828719,0.0108909261,0.00941551009
1764,5.88000014,0.020852106,0.00121611952,0.0141765041,1.47089197,0.00445661914,0.999976209,4.52859538e-05,294,0.00606674567,0.0126537366,0.00932564474
1765,5.88333348,0.0205834647,0.00120045204,0.0144776922,1.42173658,0.00446749703,0.999976209,4.71410685e-05,294,0.00654839794,0.0119999509,0.00943778
1766,5.88666681,0.022036036,0.00128516772,0.0148192302,1.48698925,0.00465514016,0.999976209,4.90950076e-05,294,0.00655740142,0.0124504123,0.0109477167
1767,5.89000014,0.0215921355,0.00125927891,0.0155298047,1.39036749,0.00451811339,0.999976209,5.00832162e-05,294,0.00650100142,0.0128047716,0.0104621942
1768,5.89333348,0.0225311833,0.0013140453,0.0158301195,1.42331101,0.00451204767,0.999976209,4.91382815e-05,294,0.00637331925,0.0132050067,0.0111577171
1769,5.89666681,0.0216439124,0.00126229861,0.0165188161,1.31025809,0.00485413714,0.999976209,5.13603924e-05,294,0.00676595609,0.012445923,0.0100898842
1770,5.90000014,0.0213472446,0.00124499659,0.0168102883,1.26989164,0.00450033761,0.999976209,5.15986388e-05,294,0.00669568024,0.0122909511,0.0109228686
1771,5.90333348,0.0224860305,0.00131141193,0.0173336338,1.29724851,0.00483504843,0.999978593,5.54541654e-05,294,0.00641050745,0.0133731204,0.0108413006
1772,5.90666681,0.0220423312,0.00128553486,0.0180744738,1.21952824,0.00457987774,0.999980977,5.89808076e-05,294,0.00637767968,0.0129091371,0.0108464843
1773,5.91000014,0.0228111535,0.00133037349,0.0177963243,1.28179017,0.00427817426,0.999983361,5.9455814e-05,294,0.00619778531,0.0134310015,0.0107791115
1774,5.91333348,0.019394793,0.0011311273,0.0179735063,1.07907676,0.00477001802,0.999983361,6.22083705e-05,294,0.00611237083,0.0116788989,0.00993431708
1775,5.91666681,0.0197862815,0.00115395937,0.0180726957,1.09481628,0.00446930428,0.999983361,6.47184672e-05,294,0.00612725385,0.0111162344,0.0100230933
1776,5.92000014,0.0216060127,0.00126008825,0.0186083667,1.1610913,0.00467426819,0.999983361,7.40444518e-05,294,0.00643134687,0.0118827547,0.0106689233
1777,5.92333348,0.019202393,0.0011199063,0.0191535067,1.00255234,0.00423008385,0.999983361,7.44316811e-05,294,0.00662161504,0.0111033703,0.00955258125
1778,5.92666681,0.0218090272,0.00127192829,0.0190683789,1.14372739,0.00450251157,0.999983361,6.13608438e-05,294,0.00606534684,0.0134347074,0.0106403259
1779,5.93000014,0.0201758424,0.00117667903,0.0200142125,1.00807576,0.0043258838,0.999983361,6.20452905e-05,294,0.00568607137,0.011162278,0.0111540143
1780,5.93333348,0.0206300786,0.00120317062,0.0198835284,1.03754616,0.00493081876,0.999983361,6.22705435e-05,294,0.00574397166,0.0122272659,0.0091474727
1781,5.93666681,0.0194104521,0.00113204055,0.0202592319,0.958104048,0.00414260982,0.999983361,6.1919498e-05,294,0.00586781737,0.0112195951,0.0096852322
1782,5.94000014,0.0199785026,0.00116516993,0.0201551753,0.991234371,0.00440180603,0.999983361,6.32202728e-05,294,0.00569902521,0.0117545877,0.00989390535
1783,5.94333348,0.0198219117,0.00115603737,0.0200673647,0.98776855,0.00466008685,0.999983869,6.36813397e-05,294,0.00578072252,0.0114896411,0.00990251333
1784,5.94666681,0.0203254537,0.00118540453,0.0201590876,1.00825266,0.00460500743,0.999985746,6.98290736e-05,294,0.00587024701,0.011385111,0.00991338529
1785,5.95000014,0.0198878385,0.00115988229,0.0205926204,0.965775027,0.00449093216,0.999985746,7.33191645e-05,294,0.00593157858,0.0117738158,0.00967376337
1786,5.95333348,0.0178002504,0.00103813169,0.0210361012,0.846176306,0.00390191207,0.999986636,6.80903176e-05,294,0.0060180817,0.00989381655,0.00928448317
1787,5.95666681,0.0193317933,0.00112745308,0.0208164015,0.928680843,0.00486457598,0.999986631,6.98290736e-05,294,0.00638419944,0.0111415202,0.0085757258
1788,5.96000014,0.0230141911,0.00134221488,0.0211294987,1.08919721,0.0042792876,0.999986661,6.80903176e-05,294,0.0063204797,0.0133208419,0.0108916012
1789,5.96333348,0.0225394513,0.0013145275,0.022100825,1.0198466,0.00418984106,0.999986221,6.80903176e-05,294,0.00638256702,0.0134242375,0.0111179059
1790,5.96666681,0.0228751361,0.00133410503,0.0220971325,1.03520835,0.00436035051,0.999985728,6.50892546e-05,294,0.00687677853,0.0137057935,0.00989786775
1791,5.97000014,0.0200456414,0.00116908555,0.0218479757,0.917505662,0.00403557445,0.999985267,7.37268739e-05,294,0.00638405536,0.0116369098,0.0114747593
1792,5.97333348,0.0219582159,0.00128062916,0.0225433865,0.974042473,0.00463176966,0.999987103,7.05409073e-05,294,0.00626164606,0.0133618344,0.0103591806
1793,5.97666681,0.0203008217,0.00118396797,0.0229766126,0.883542849,0.0038585763,0.999986568,7.69107813e-05,294,0.00611776219,0.0121622186,0.0107684623
1794,5.98000014,0.0216957287,0.00126532059,0.0231178114,0.938485408,0.00482497579,0.999988705,7.69107813e-05,294,0.00601584939,0.0130054073,0.0104899962
1795,5.98333348,0.0216408531,0.00126212019,0.0233925914,0.925115682,0.00466054746,0.999988109,8.43463641e-05,294,0.00612020304,0.012803707,0.0102784052
1796,5.98666681,0.0218864734,0.00127644505,0.0234446761,0.933537036,0.00438085883,0.999987853,8.43463641e-05,294,0.00668296809,0.0127645473,0.00999954541
1797,5.99000015,0.0223941454,0.00130605308,0.023967614,0.934350218,0.00397006234,0.999988151,0.000104648172,294,0.00663108025,0.0131003735,0.0110360072
1798,5.99333348,0.0228850772,0.00133468481,0.0244284247,0.936821654,0.00496601181,0.999988696,9.20501066e-05,294,0.00676984128,0.0135478418,0.0105683779
1799,5.99666681,0.0228415742,0.00133214766,0.0244808873,0.933037024,0.00451379072,0.999986367,8.985289e-05,294,0.00685901387,0.0125840573,0.0115302862
1800,6.00000015,0.0217703681,0.00126967365,0.0243920132,0.892520347,0.00449433828,0.999984129,8.19428389e-05,294,0.00693323496,0.0123812249,0.0109820176
1801,6.00333348,0.0218316178,0.00127324581,0.0241112435,0.905453834,0.00531530111,0.999981926,8.43463641e-05,294,0.00685050598,0.0132400829,0.0102006833
1802,6.00666681,0.023578696,0.00137513748,0.0242319558,0.973041392,0.00439334388,0.999982104,8.43463641e-05,294,0.00668248759,0.0134731321,0.0118906089
1803,6.01000015,0.0220460673,0.00128575276,0.0248874422,0.885830982,0.00477087258,0.999984566,8.98181118e-05,294,0.00662825988,0.0133099167,0.0101343699
1804,6.01333348,0.0237885984,0.00138737923,0.0248989148,0.955407035,0.00438221326,0.999986995,9.1177574e-05,294,0.00633235461,0.0143490888,0.0114426268
1805,6.01666681,0.0207550855,0.00121046117,0.025122378,0.82615927,0.0050713196,0.999988265,9.33436141e-05,294,0.00660517846,0.0121463503,0.0101500445
1806,6.02000015,0.0190235247,0.00110947449,0.0247912341,0.767348837,0.00381647014,0.999985986,0.000109135112,294,0.00623186855,0.0112244113,0.0101940105
1807,6.02333348,0.0217594647,0.00126903775,0.0247604958,0.878797618,0.00436818787,0.999988599,0.000109135112,294,0.00640899688,0.0127285697,0.00987776525
1808,6.02666681,0.0223942646,0.00130606003,0.0243176633,0.920905285,0.00441239167,0.999988449,0.000109135112,294,0.00622850432,0.0120671748,0.0115599807
1809,6.03000015,0.0212276767,0.00123802325,0.0241433175,0.879236116,0.00478202313,0.999990249,0.000109135112,294,0.00617174496,0.0121236373,0.0105772096
1810,6.03333348,0.0214279585,0.00124970392,0.0239184725,0.89587487,0.00449587341,0.999988866,9.8753223e-05,294,0.00619444204,0.0127552552,0.00996461761
1811,6.03666681,0.0222762288,0.00129917605,0.0234037501,0.951823049,0.00444710972,0.999987578,9.33436141e-05,294,0.00610372979,0.0126556877,0.0113721619
1812,6.04000015,0.022045679,0.00128573011,0.0234219302,0.941240913,0.00473961849,0.999989951,9.33436141e-05,294,0.00633644303,0.0131233528,0.01010915
1813,6.04333348,0.0216270112,0.0012613129,0.0234498256,0.922267463,0.00392618523,0.99998697,8.985289e-05,294,0.00618172868,0.0126810247,0.011183066
1814,6.04666681,0.021454143,0.00125123103,0.0235920889,0.909378694,0.00466071595,0.999986702,8.72577189e-05,294,0.00633967891,0.0131140717,0.00961481734
1815,6.05000015,0.0239842413,0.00139878936,0.0234045788,1.02476705,0.00463008209,0.999987532,9.1177574e-05,294,0.00690362691,0.0140150377,0.0111116668
1816,6.05333348,0.0228226498,0.00133104397,0.0235559181,0.968871164,0.00467048757,0.999987032,9.16421413e-05,294,0.0071264967,0.0131655018,0.0110429237
1817,6.05666681,0.0225594624,0.00131569457,0.0234819323,0.960715761,0.00509155219,0.999986686,9.1177574e-05,294,0.0073633604,0.0122320546,0.0110426654
1818,6.06000015,0.0219011484,0.00127730091,0.0233633676,0.937414023,0.00464578128,0.99998701,7.77185201e-05,294,0.0071908479,0.012924498,0.0107846925
1819,6.06333348,0.0211808768,0.00123529382,0.0230112741,0.920456498,0.00417929472,0.999986826,7.69107813e-05,294,0.00709498283,0.0121559356,0.0105931963
1820,6.06666681,0.0216739999,0.00126405335,0.0227933554,0.950891152,0.00452355453,0.999985737,7.69107813e-05,294,0.00723299871,0.0124235578,0.0100482661
1821,6.07000015,0.0203045283,0.00118418414,0.0226658841,0.895818944,0.00442614578,0.999985737,7.69107813e-05,294,0.00745021982,0.0114912591,0.0101234385
1822,6.07333348,0.0202064644,0.00117846493,0.0221043773,0.914138592,0.00421929866,0.999985737,7.69107813e-05,294,0.00710208276,0.0115594505,0.011128331
1823,6.07666681,0.0221019317,0.00128901084,0.0218744809,1.010398,0.00444748663,0.999985737,6.98290736e-05,294,0.00705602719,0.012895196,0.0101914313
1824,6.08000015,0.0247207717,0.00144174468,0.0216359668,1.14257763,0.0045474168,0.999985778,6.80903176e-05,294,0.00708687529,0.0142390947,0.0114484661
1825,6.08333348,0.0213660143,0.00124609126,0.0215168616,0.992989344,0.00417314043,0.999985778,6.98290736e-05,294,0.00677808176,0.013245826,0.01096084
1826,6.08666681,0.0201393001,0.00117454784,0.0211931826,0.950272572,0.00440960662,0.999983394,6.98290736e-05,294,0.00693348376,0.0118112405,0.00996551824
1827,6.09000015,0.0215188227,0.00125500322,0.0198101712,1.08625122,0.00473660202,0.99998101,6.32202728e-05,294,0.00690687492,0.0124958783,0.0108826268
1828,6.09333348,0.019140837,0.00111631628,0.0195545349,0.978843891,0.00427138137,0.99998101,6.32202728e-05,294,0.00685972509,0.011235781,0.00984387612
1829,6.09666681,0.0186466889,0.00108749698,0.0189899126,0.981926001,0.00475718668,0.99998101,6.32202728e-05,294,0.00666040044,0.0106656971,0.00985890135
1830,6.10000015,0.0190983842,0.00111384039,0.0187697272,1.01750995,0.00467433361,0.99998101,6.32202728e-05,294,0.00639955829,0.0116395594,0.00892068272
1831,6.10333348,0.0213640848,0.00124597873,0.0183311268,1.16545399,0.00431568953,0.999983394,6.32202728e-05,294,0.00621978813,0.0117607169,0.0106459517
1832,6.10666681,0.0216579964,0.00126312,0.018134061,1.19432688,0.00446716375,0.999985778,6.32202728e-05,294,0.00583185922,0.0125895927,0.0107390309
1833,6.11000015,0.0197861641,0.00115395252,0.0180494199,1.09622161,0.0042563597,0.999985778,5.60023683e-05,294,0.00574748908,0.011719237,0.00999661064
1834,6.11333348,0.0201938222,0.00117772763,0.0170196838,1.18649808,0.00446319707,0.999985778,5.86446054e-05,294,0.00556260715,0.0118340206,0.00993703644
1835,6.11666681,0.0193877048,0.0011307139,0.0167609284,1.15672022,0.00447219692,0.999985778,5.6004888e-05,294,0.00524172365,0.0115970659,0.0102421929
1836,6.12000015,0.0175571823,0.00102395566,0.0162129082,1.08291382,0.0047320102,0.999985778,7.25068327e-05,294,0.00528187247,0.0103549719,0.00861847607
1837,6.12333348,0.0179601464,0.00104745701,0.0157078585,1.14338606,0.00526653921,0.999985778,7.2228559e-05,294,0.00526182887,0.0104087809,0.00934346109
1838,6.12666682,0.0161953829,0.000944533909,0.0147075819,1.10115877,0.00424150299,0.999985778,5.79423371e-05,294,0.00520334633,0.00929396432,0.00865418871
1839,6.13000015,0.0184425677,0.00107559239,0.0142666568,1.29270424,0.00464049728,0.999985746,4.59628663e-05,294,0.00509924201,0.0108476705,0.00876654982
1840,6.13333348,0.0192133647,0.00112054618,0.0144313017,1.33136741,0.00470453389,0.999985737,4.83542107e-05,294,0.00497150503,0.0112124574,0.00992084886
1841,6.13666682,0.0210740533,0.00122906375,0.014376595,1.46585845,0.00432373488,0.999983352,4.5588787e-05,294,0.00521981742,0.0120756392,0.00978477319
1842,6.14000015,0.0226977279,0.00132375838,0.0139612027,1.62577167,0.00461188758,0.999982215,4.31104783e-05,294,0.00598160475,0.0129775407,0.0103421033
1843,6.14333348,0.0205815859,0.00120034247,0.0134124191,1.53451706,0.00472958928,0.999982513,4.21731821e-05,294,0.00625180527,0.0115458139,0.0102906224
1844,6.14666682,0.0177579978,0.00103566746,0.0135213103,1.31333409,0.00383077017,0.999983352,4.21731821e-05,294,0.00601605311,0.00999904778,0.00993359093
1845,6.15000015,0.0167288053,0.000975643737,0.0133424779,1.25380049,0.00429935978,0.999983352,4.38002898e-05,294,0.00596269803,0.00943765448,0.00909046425
1846,6.15333348,0.0181713651,0.00105977554,0.0121881806,1.49090054,0.00465772277,0.999983352,4.09714195e-05,294,0.00579418845,0.0105355575,0.00874349888
1847,6.15666682,0.0205360002,0.00119768385,0.0121280377,1.69326652,0.0046339443,0.999983352,4.21731821e-05,294,0.00570433638,0.0115932289,0.0102347353
1848,6.16000015,0.0197121378,0.00114963522,0.0123367507,1.59783871,0.00431367783,0.999983352,7.20822014e-05,294,0.0054143043,0.0114996155,0.0100143926
1849,6.16333348,0.0203176435,0.00118494903,0.0127111809,1.59840723,0.00478708213,0.999983352,7.26345635e-05,294,0.00561959387,0.0114258031,0.00989114472
1850,6.16666682,0.0225464029,0.00131493292,0.0126628516,1.78051545,0.00463164495,0.999983352,7.42670047e-05,294,0.00579723714,0.0127381196,0.0109772106
1851,6.17000015,0.0195877024,0.001142378,0.0123420084,1.58707576,0.00429418044,0.999983352,4.38002898e-05,294,0.00586626135,0.0114866244,0.0098600863
1852,6.17333348,0.0202616077,0.00118168096,0.0117896447,1.71859358,0.00467867435,0.999983352,4.38002898e-05,294,0.00620527989,0.0113552652,0.00972787354
1853,6.17666682,0.0189228911,0.00110360542,0.0116892692,1.61882585,0.00458826321,0.999983352,7.58643273e-05,294,0.00627020034,0.0102152782,0.00999612094
1854,6.18000015,0.0192869023,0.00112483499,0.0120790184,1.59672762,0.0047211302,0.999983352,4.38002898e-05,294,0.00628691626,0.0112399599,0.00953849412
1855,6.18333348,0.0214644603,0.00125183274,0.0111635924,1.92271982,0.00465191148,0.999985366,4.38002898e-05,294,0.00634406039,0.0128159608,0.00966438012
1856,6.18666682,0.019197908,0.00111964473,0.0118358619,1.62201183,0.00425258734,0.99998397,4.38002898e-05,294,0.0065554492,0.0105938136,0.00973944272
1857,6.19000015,0.0175629594,0.00102429259,0.0111626758,1.57336464,0.00371280547,0.999984305,4.09714195e-05,294,0.00624498526,0.00995659101,0.0100762306
1858,6.19333348,0.0176262955,0.00102798643,0.0120450884,1.46335959,0.00471570156,0.999985737,4.09714195e-05,294,0.00608722235,0.0114497873,0.00782991042
1859,6.19666682,0.0184472216,0.00107586381,0.0119058407,1.5494262,0.00427688707,0.999985448,4.09714195e-05,294,0.00593058227,0.0103810203,0.00973104554
1860,6.20000015,0.0180780739,0.00105433468,0.0113407833,1.5940763,0.00390193554,0.999985224,4.00464375e-05,294,0.00588059159,0.0104513676,0.00914510273
1861,6.20333348,0.019043291,0.00111062728,0.0118618983,1.60541681,0.00418535647,0.999983704,4.09714195e-05,294,0.00589878422,0.0111422998,0.00897568014
1862,6.20666682,0.0191757476,0.00111835231,0.0121247554,1.58153687,0.00423556773,0.999983108,4.4926445e-05,294,0.00626717784,0.0106803819,0.00973757449
1863,6.21000015,0.0195659751,0.00114111084,0.0114416703,1.71006284,0.00471884172,0.999985194,4.4926445e-05,294,0.00607633921,0.0112177276,0.00984673803
1864,6.21333348,0.0185784423,0.00108351676,0.0122232955,1.5199209,0.00445018566,0.999985737,4.47034836e-05,294,0.00606675742,0.0110723329,0.00944548101
1865,6.21666682,0.020208721,0.00117859654,0.0114649795,1.7626478,0.00478323089,0.999984757,4.4926445e-05,294,0.0059456917,0.0119344123,0.00921802878
1866,6.22000015,0.0204992387,0.00119553988,0.0120850491,1.69624785,0.0045683586,0.999984531,4.52036003e-05,294,0.00579436704,0.0124938163,0.00949267484
1867,6.22333348,0.0181902225,0.00106087532,0.0124710748,1.45859301,0.00436641475,0.999984014,4.4926445e-05,294,0.00593885016,0.0101635363,0.00960183236
1868,6.22666682,0.0141655657,0.000826152571,0.01198833,1.18161293,0.00379259856,0.999983611,5.07733972e-05,294,0.0059277109,0.00772984839,0.0082207687
1869,6.23000015,0.0164827229,0.00096129192,0.0114728014,1.43667813,0.00438074298,0.999983694,4.47034836e-05,294,0.00569627489,0.00931126068,0.00837956285
1870,6.23333348,0.0194401417,0.00113377209,0.0123110257,1.57908383,0.00463159392,0.99998444,4.47034836e-05,294,0.00535340157,0.0120821726,0.00847650057
1871,6.23666682,0.0165777579,0.000966834472,0.0130938071,1.26607623,0.00432943539,0.999984144,4.81471253e-05,294,0.0054563548,0.00989745943,0.00851936805
1872,6.24000015,0.0196938481,0.00114856855,0.012546889,1.56962002,0.00453910562,0.999983666,4.5588787e-05,294,0.00547864064,0.011007783,0.00981065105
1873,6.24333348,0.0192982071,0.00112549429,0.0139996519,1.37847764,0.00448096536,0.999983484,4.5588787e-05,294,0.00529921606,0.0112397903,0.00966980102
1874,6.24666682,0.0216532869,0.00126284533,0.0139700342,1.54998095,0.00467515646,0.999983476,5.13603924e-05,294,0.00544420539,0.012160633,0.0102343838
1875,6.25000015,0.0200397317,0.00116874089,0.0141362651,1.41761149,0.00418947135,0.999985757,4.66718071e-05,294,0.00564409312,0.011201452,0.0104561292
1876,6.25333348,0.019188237,0.00111908071,0.0144970084,1.32359977,0.00478679494,0.999985757,4.77302592e-05,294,0.00560719068,0.0109860511,0.00952939989
1877,6.25666682,0.0190467099,0.00111082668,0.014785399,1.28821074,0.00386322718,0.999985757,5.05762182e-05,294,0.00557756638,0.0105072644,0.010015089
1878,6.26000015,0.0199447779,0.00116320307,0.0148833113,1.34007664,0.00449105796,0.999985757,5.36441803e-05,294,0.00557865257,0.0114934971,0.0100080724
1879,6.26333348,0.0187151522,0.00109148984,0.0155340139,1.20478534,0.00335867895,0.999985757,4.75204549e-05,294,0.00596687026,0.0100823231,0.00952201261
1880,6.26666682,0.0182559065,0.00106470609,0.0158225156,1.15379292,0.0038341769,0.999988142,5.21327725e-05,294,0.00606849419,0.010164448,0.00942045604
1881,6.27000015,0.0229399551,0.00133788535,0.016033489,1.43075254,0.00497019189,0.999987865,5.21327725e-05,294,0.00594608733,0.0135674334,0.0104738253
1882,6.27333349,0.020672772,0.00120566055,0.0168138714,1.22950697,0.00435416694,0.999985737,5.79423371e-05,294,0.00623179314,0.012095295,0.0100422914
1883,6.27666682,0.0182503241,0.00106438051,0.0167174984,1.09168989,0.00451741112,0.999985737,7.39266054e-05,294,0.00647654018,0.0103007586,0.00912358453
1884,6.28000015,0.019168851,0.00111795009,0.016379961,1.17026231,0.00453399861,0.999985737,7.45710701e-05,294,0.00652677162,0.010462453,0.00975729259
1885,6.28333349,0.0178982948,0.00104384975,0.0170111652,1.05214984,0.00425574969,0.999985737,7.2723895e-05,294,0.0063946393,0.0103288013,0.00920976141
1886,6.28666682,0.0210639134,0.00122847238,0.01718108,1.22599472,0.00453532329,0.999985717,5.79423371e-05,294,0.00639252068,0.0119134089,0.00972915448
1887,6.29000015,0.0216916294,0.00126508152,0.0177417428,1.22263239,0.00419340729,0.999983845,5.72483918e-05,294,0.00608783365,0.0126952128,0.0104987998
1888,6.29333349,0.023668593,0.00138038037,0.018034086,1.31243651,0.00477754113,0.999981776,5.72483918e-05,294,0.00585315232,0.0143471312,0.0111233081
1889,6.29666682,0.0240743959,0.00140404728,0.0188209619,1.27912675,0.00507757977,0.999982469,5.72483918e-05,294,0.00625245357,0.0142231674,0.0109155247
1890,6.30000015,0.0217775197,0.00127009074,0.0185402853,1.17460543,0.00388680702,0.999980989,7.34988306e-05,294,0.0063640482,0.0119461825,0.0119135483
1891,6.30333349,0.0208528803,0.00121616468,0.018497071,1.12736121,0.00441483549,0.999980765,5.72483918e-05,294,0.00640690739,0.0122277614,0.0103567949
1892,6.30666682,0.0201354576,0.00117432374,0.0183923272,1.09477487,0.00356934527,0.999983597,6.32202728e-05,294,0.00660078531,0.0115725717,0.00979017174
1893,6.31000015,0.0200056935,0.00116675574,0.0182696575,1.09502291,0.00468355061,0.999985906,5.72483918e-05,294,0.00642549925,0.0118982978,0.00967098184
1894,6.31333349,0.0199184164,0.00116166563,0.0186371123,1.06875014,0.00397290959,0.999988142,5.72483918e-05,294,0.00652961887,0.0109981899,0.0098707832
1895,6.31666682,0.0211575843,0.00123393537,0.0184575005,1.14628653,0.00417150306,0.999990451,5.72483918e-05,294,0.0062402128,0.0127386421,0.00970780546
1896,6.32000015,0.0210002087,0.00122475704,0.0187148503,1.12211471,0.0041658236,0.999989045,7.31229982e-05,294,0.00610950372,0.0128091465,0.0101672034
1897,6.32333349,0.0230573495,0.00134473193,0.0188512024,1.22312355,0.00463228209,0.999989939,7.70486943e-05,294,0.00620998656,0.0139969559,0.0105606211
1898,6.32666682,0.0203513361,0.00118691403,0.0192693659,1.05614976,0.00497154506,0.999988599,7.67888876e-05,294,0.00644613425,0.0118013998,0.0102458646
1899,6.33000015,0.0210660429,0.00122859657,0.0187807141,1.12168487,0.00457562996,0.999986257,5.9652356e-05,294,0.00640472387,0.0123197159,0.0106429306
1900,6.33333349,0.0199922461,0.00116597147,0.018647866,1.07209297,0.00462312477,0.999986222,5.76792246e-05,294,0.00623676457,0.0118141769,0.0100655312
1901,6.33666682,0.0214867308,0.00125313159,0.0184901699,1.16206238,0.00456256539,0.99998976,5.82248299e-05,294,0.00641816052,0.0127904016,0.00955810318
1902,6.34000015,0.0200628187,0.00117008735,0.0183505387,1.09330952,0.00432814573,0.999987674,5.87172131e-05,294,0.00627675174,0.0117366403,0.0103479492
1903,6.34333349,0.0225285169,0.00131388979,0.0186409925,1.20854707,0.00456344453,0.999987248,5.92366701e-05,294,0.00623526285,0.013830368,0.00984399622
1904,6.34666682,0.0224141462,0.00130721955,0.0188084174,1.19170825,0.00419928702,0.999986381,5.89564751e-05,294,0.00633528517,0.0126949271,0.0111825775
1905,6.35000015,0.0206798615,0.00120607401,0.0188872852,1.09490916,0.0039137191,0.99998449,7.69490947e-05,294,0.00651532379,0.0123269295,0.0098735591
1906,6.35333349,0.0217070075,0.00126597839,0.0193292585,1.12301295,0.00446400067,0.999986745,7.70463565e-05,294,0.00623509571,0.0130521497,0.0104770423
1907,6.35666682,0.0230160361,0.00134232249,0.020202528,1.13926515,0.00480903141,0.999985281,7.72025408e-05,294,0.0061303307,0.0131507387,0.011381091
1908,6.36000015,0.0224847041,0.00131133457,0.0199640068,1.1262621,0.0049689112,0.999986917,7.24436192e-05,294,0.0064178777,0.013577776,0.0103380187
1909,6.36333349,0.0217504886,0.00126851426,0.019407997,1.12069724,0.00480267599,0.999987885,7.72741452e-05,294,0.00645254089,0.0122765006,0.0107355322
1910,6.36666682,0.0217809539,0.00127029103,0.0201164422,1.08274384,0.00430555787,0.999988157,7.74668777e-05,294,0.00663922211,0.0130468715,0.00913748861
1911,6.37000015,0.0219764253,0.00128169115,0.0204603136,1.07410012,0.00449855774,0.999989009,7.72092343e-05,294,0.00682336047,0.0128330183,0.0107162753
1912,6.37333349,0.0204603583,0.00119327233,0.0205473567,0.995765955,0.00450044037,0.999989057,8.10847751e-05,294,0.00641931921,0.012618029,0.0100234123
1913,6.37666682,0.02136728,0.00124616507,0.0204664885,1.044013,0.0045872223,0.999987475,8.26874329e-05,294,0.00662458775,0.0127183826,0.00969856273
1914,6.38000015,0.0210089019,0.00122526404,0.0198762349,1.05698599,0.00416575117,0.99998527,8.3790043e-05,294,0.0068254065,0.0115951475,0.0105323766
1915,6.38333349,0.0192197438,0.00112091822,0.0202356003,0.949798552,0.00426067507,0.999985549,8.3703381e-05,294,0.00696555617,0.0104050627,0.0100520873
1916,6.38666682,0.0210737982,0.00122904887,0.0201266142,1.04706127,0.00468658208,0.999985655,8.38152949e-05,294,0.00691116184,0.0113983552,0.0107344753
1917,6.39000015,0.0203847401,0.00118886219,0.0200211316,1.01816123,0.00418063443,0.999986513,8.14583112e-05,294,0.00679297583,0.0112536942,0.0105061104
1918,6.39333349,0.0210729539,0.00122899963,0.0198853555,1.05972226,0.00430401055,0.999983873,8.16364986e-05,294,0.00653367525,0.0127766313,0.010058466
1919,6.39666682,0.020297028,0.00118374671,0.01930855,1.0511938,0.0044760957,0.999985881,6.01423862e-05,294,0.00647251298,0.0118478285,0.0101687075
1920,6.40000015,0.0216279732,0.00126136901,0.0188559127,1.1470128,0.00488780506,0.999988134,6.01423862e-05,294,0.00616591853,0.0128900314,0.0105857982
1921,6.40333349,0.0188035415,0.00109664481,0.0188972477,0.995041283,0.0044224009,0.99999035,6.01423862e-05,294,0.00620889561,0.0104942251,0.00967517186
1922,6.40666682,0.0188808294,0.00110115233,0.0181551813,1.0399692,0.004586994,0.999990845,6.01423862e-05,294,0.00622255582,0.0107493626,0.00929391807
1923,6.41000016,0.0193921345,0.00113097225,0.0180507323,1.07431289,0.00432866427,0.999989398,6.50892546e-05,294,0.00609881117,0.0118471245,0.00937630585
1924,6.41333349,0.021729518,0.00126729123,0.0184724251,1.17632189,0.00519657573,0.99998732,6.50892546e-05,294,0.00608838054,0.0130046764,0.0100357984
1925,6.41666682,0.0200255393,0.00116791317,0.018628637,1.07498682,0.00502993224,0.999987557,6.50892546e-05,294,0.00622726793,0.0114263715,0.0100587641
1926,6.42000016,0.0203856377,0.00118891453,0.0177982357,1.14537407,0.00458812039,0.999988532,6.44722809e-05,294,0.00636838266,0.0125728212,0.00910793143
1927,6.42333349,0.0216231536,0.00126108793,0.0180209039,1.19989284,0.00458410471,0.99998849,8.48188965e-05,294,0.00584654585,0.012914966,0.0110939515
1928,6.42666682,0.0206999895,0.0012072479,0.0183793009,1.12626642,0.00439652646,0.99998835,5.79423371e-05,294,0.00561771106,0.0120180262,0.0107528799
1929,6.43000016,0.0204994326,0.00119555119,0.01848538,1.10895382,0.00434332533,0.999987894,5.79423371e-05,294,0.00567033445,0.0126070061,0.00953764408
1930,6.43333349,0.0205868535,0.00120064968,0.0177376095,1.16063292,0.00441223411,0.99998959,7.86962682e-05,294,0.00592983156,0.0117548793,0.0102382407
1931,6.43666682,0.0192924817,0.00112516038,0.0172390802,1.11911317,0.00442333662,0.999989031,7.99870037e-05,294,0.00593710092,0.0113331524,0.0094637835
1932,6.44000016,0.0210560943,0.00122801636,0.0169317379,1.2435873,0.00441724933,0.999988998,8.08495761e-05,294,0.00617922694,0.0126198742,0.00960300171
1933,6.44333349,0.019922001,0.00116187469,0.0168257067,1.18402164,0.00431055162,0.999989032,8.17574593e-05,294,0.00644235089,0.0123690237,0.00892276309
1934,6.44666682,0.0197035932,0.00114913689,0.016526049,1.19227489,0.00430515194,0.999987,8.32441744e-05,294,0.00659778697,0.0117212689,0.00936434939
1935,6.45000016,0.019578167,0.00114182189,0.016264252,1.20375453,0.00458563265,0.999987326,5.68651163e-05,294,0.0063952376,0.0113085478,0.0100622914
1936,6.45333349,0.0213440618,0.00124481096,0.0162330242,1.31485431,0.00483513888,0.99998712,5.75880721e-05,294,0.00620045536,0.0125453798,0.0100572925
1937,6.45666682,0.0212275255,0.00123801443,0.0155444654,1.36560023,0.00445150184,0.999984443,5.7393268e-05,294,0.00634348265,0.0127715738,0.00972312032
1938,6.46000016,0.0204848821,0.00119470258,0.0153299875,1.33626215,0.00469516705,0.999981879,5.63767813e-05,294,0.0063009162,0.012411471,0.00966239743
1939,6.46333349,0.0200198219,0.00116757972,0.0154877234,1.29262522,0.0044478145,0.999979309,5.79423371e-05,294,0.00608924679,0.0116643188,0.010111698
1940,6.46666682,0.0203161928,0.00118486442,0.0155686445,1.30494294,0.0040425652,0.999976665,5.99760169e-05,294,0.00613476059,0.0114400271,0.0102179879
1941,6.47000016,0.0189202778,0.00110345301,0.0154491849,1.22467806,0.00476947033,0.999974277,5.36441803e-05,294,0.00614186652,0.0116576124,0.00903613809
1942,6.47333349,0.0203923961,0.00118930869,0.0155757346,1.30924136,0.00414212967,0.999974824,5.36441803e-05,294,0.00636442795,0.0113531268,0.0106810884
1943,6.47666682,0.0200270039,0.00116799859,0.0151536671,1.32159456,0.00438191375,0.999975124,5.21327725e-05,294,0.00630684325,0.0119797018,0.0098784475
1944,6.48000016,0.0202628735,0.00118175478,0.015144116,1.33800305,0.00494087262,0.999975568,5.15666842e-05,294,0.00611545368,0.0113048892,0.0109168863
1945,6.48333349,0.0200257352,0.0011679246,0.0154036886,1.30006103,0.00456371474,0.999978421,4.81471253e-05,294,0.00611872662,0.0114478949,0.0100641009
1946,6.48666682,0.0191318019,0.00111578935,0.0145614614,1.31386551,0.00375557227,0.999981297,4.69386578e-05,294,0.00592965779,0.0107128674,0.0108334091
1947,6.49000016,0.0187691957,0.00109464172,0.0146620001,1.28012519,0.00476707797,0.999984139,4.38002898e-05,294,0.00586937547,0.010501284,0.00967781459
1948,6.49333349,0.0178510548,0.00104109466,0.0141632057,1.26038237,0.00442450233,0.99998503,4.81471253e-05,294,0.00579817032,0.00978221831,0.00991893914
1949,6.49666682,0.0189819491,0.00110704975,0.0134563664,1.41062962,0.00461104244,0.999984989,4.81471253e-05,294,0.00558428745,0.0109784726,0.0095580013
1950,6.50000016,0.0170319829,0.000993325414,0.0132302677,1.28734983,0.00450578531,0.999984955,4.81471253e-05,294,0.0054471041,0.0100931709,0.00837748666
1951,6.50333349,0.0193353907,0.00112766289,0.0127890494,1.51187083,0.00433749935,0.999984636,4.44793209e-05,294,0.00558891708,0.0111014838,0.00906631719
1952,6.50666682,0.017966274,0.00104781438,0.0129211734,1.3904522,0.00481443109,0.999984603,4.25616541e-05,294,0.00584949383,0.00991438428,0.00937191103
1953,6.51000016,0.0188366303,0.00109857459,0.0123061993,1.53066189,0.00449969123,0.999983525,4.38002898e-05,294,0.00587724242,0.0106588328,0.00959172844
1954,6.51333349,0.0185205348,0.00108013953,0.0123987027,1.49374779,0.00474053439,0.999983838,4.14713665e-05,294,0.00595474856,0.0102750838,0.00961179857
1955,6.51666682,0.0178878519,0.00104324071,0.0121111375,1.47697539,0.00434910636,0.999984165,7.36063326e-05,294,0.00584967093,0.0106753121,0.00876129068
1956,6.52000016,0.0201579916,0.00117563795,0.0121817703,1.65476701,0.00437771103,0.999985704,7.32755742e-05,294,0.00581342436,0.0118152563,0.00974853172
1957,6.52333349,0.019859706,0.00115824157,0.0131554026,1.50962358,0.00480739778,0.999985704,7.30192525e-05,294,0.00593098613,0.0115604666,0.00977284682
1958,6.52666682,0.0196511017,0.00114607553,0.012626516,1.55633603,0.00499966381,0.999985704,4.23554332e-05,294,0.00613824134,0.0110781172,0.00959025305
1959,6.53000016,0.0194847824,0.00113637558,0.0116851606,1.66748093,0.00447868432,0.999985704,4.26296957e-05,294,0.00610126651,0.0114755469,0.00951330207
1960,6.53333349,0.0215457425,0.00125657322,0.0120068628,1.79445229,0.0053000216,0.999985704,4.27072408e-05,294,0.00599475991,0.0123641788,0.0106879961
1961,6.53666682,0.0191986021,0.00111968521,0.011958588,1.60542382,0.00458141486,0.999984884,4.25483783e-05,294,0.00591815553,0.0108815209,0.00987208471
1962,6.54000016,0.0170790587,0.000996070933,0.0117193542,1.45733788,0.00440598325,0.999985182,4.25417713e-05,294,0.00597267869,0.00944899306,0.00911597158
1963,6.54333349,0.0183502316,0.00107020724,0.0108811982,1.68641645,0.00401204672,0.999985704,4.25417713e-05,294,0.00615257296,0.0101346106,0.00889312518
1964,6.54666683,0.020672433,0.00120564078,0.0117114441,1.76514808,0.00412683456,0.999985704,7.37268739e-05,294,0.00604000043,0.0120506635,0.0100611957
1965,6.55000016,0.0197889514,0.00115411508,0.0122289804,1.61820125,0.0045056348,0.999985704,7.37268739e-05,294,0.00600981509,0.011498287,0.00962494832
1966,6.55333349,0.0198184974,0.00115583824,0.0122012283,1.62430346,0.00503569188,0.999985704,7.38622769e-05,294,0.00617392305,0.011948629,0.00893682427
1967,6.55666683,0.0199593474,0.00116405278,0.0123480207,1.61640055,0.00439729831,0.999985704,4.09714195e-05,294,0.00581238719,0.0116104756,0.0101787869
1968,6.56000016,0.021409492,0.00124862693,0.0125350075,1.70797599,0.00432626646,0.999985704,4.5588787e-05,294,0.00583063159,0.0129304085,0.010226294
1969,6.56333349,0.0196495341,0.0011459841,0.0135288512,1.45241704,0.00386367627,0.999985704,4.5588787e-05,294,0.0057953377,0.0117250067,0.0097988983
1970,6.56666683,0.0200244335,0.00116784868,0.0128923753,1.5531997,0.00461167352,0.999985704,4.81471253e-05,294,0.00614934564,0.0109085506,0.00998755176
1971,6.57000016,0.0186701516,0.00108886535,0.0124273677,1.50234161,0.00468939683,0.999985704,4.81471253e-05,294,0.00622796834,0.0109690652,0.0090460915
1972,6.57333349,0.0205175068,0.0011966053,0.0123998077,1.65466331,0.00475651582,0.999985704,4.81471253e-05,294,0.00594653963,0.01234053,0.00978792797
1973,6.57666683,0.0217672286,0.00126949055,0.0130907744,1.66279152,0.00440800278,0.999985704,4.5588787e-05,294,0.00573657838,0.0127155586,0.010518802
1974,6.58000016,0.0227129672,0.00132464715,0.0130748452,1.73715,0.004691098,0.999985704,4.81471253e-05,294,0.00582778534,0.0132179238,0.0109762003
1975,6.58333349,0.0219868505,0.00128229916,0.013318716,1.65082359,0.00484443108,0.999985704,4.5588787e-05,294,0.00612576245,0.0130899466,0.0102679029
1976,6.58666683,0.0190684703,0.00111209577,0.0128224271,1.48711864,0.00442910355,0.999985704,5.05762182e-05,294,0.0062317095,0.0111336136,0.00979030671
1977,6.59000016,0.019964721,0.00116436617,0.0128954491,1.54819897,0.00443747859,0.999985704,5.05762182e-05,294,0.00608341986,0.0115388947,0.0102408425
1978,6.59333349,0.020352641,0.00118699013,0.0131836891,1.54377434,0.0045769889,0.999985704,5.13603924e-05,294,0.00596249062,0.0126612012,0.00908985173
1979,6.59666683,0.0198119548,0.00115545667,0.0132709463,1.49288185,0.00457932602,0.999985704,5.13603924e-05,294,0.00601489824,0.0113952697,0.00979756939
1980,6.60000016,0.0221787479,0.00129349085,0.0134784156,1.64550111,0.0047029391,0.999985704,5.05762182e-05,294,0.00583464107,0.0132691158,0.0102868898
1981,6.60333349,0.0182222549,0.00106274349,0.0139281522,1.30830384,0.00388441192,0.999985704,5.05762182e-05,294,0.00607301506,0.00992486846,0.00988230253
1982,6.60666683,0.0204178749,0.00119079464,0.0135150071,1.51075577,0.00453530227,0.999985704,5.72483918e-05,294,0.00630679439,0.0109403628,0.0104533601
1983,6.61000016,0.018073446,0.00105406477,0.0135391123,1.33490627,0.0046440311,0.999985704,4.5588787e-05,294,0.0062212599,0.010159963,0.0094765726
1984,6.61333349,0.0220295607,0.00128479007,0.0136972074,1.60832497,0.00465227548,0.999985704,4.4926445e-05,294,0.00625652105,0.0122090038,0.0101574229
1985,6.61666683,0.0212557206,0.0012396588,0.0144394584,1.47205803,0.00443862079,0.999988088,4.4926445e-05,294,0.0059126597,0.0126920978,0.0105882558
1986,6.62000016,0.019972868,0.00116484132,0.0148137596,1.34826462,0.00513459946,0.999988438,5.72483918e-05,294,0.00601921671,0.0111698664,0.0100665792
1987,6.62333349,0.0189829417,0.00110710764,0.0140891255,1.34734705,0.00439482566,0.999988806,5.05762182e-05,294,0.00593753152,0.0109137923,0.0097643062
1988,6.62666683,0.0212982694,0.00124214029,0.0138782704,1.53464869,0.00441700947,0.999988142,4.60792962e-05,294,0.00603802429,0.0129032734,0.00941265483
1989,6.63000016,0.0202264049,0.00117962789,0.0140740624,1.43714049,0.00470354585,0.999988142,4.65297552e-05,294,0.00618132317,0.0112751715,0.0104289399
1990,6.63333349,0.0201822533,0.00117705292,0.0141360015,1.42772009,0.00461734708,0.999987535,4.98298484e-05,294,0.00599403731,0.0116151617,0.0100382989
1991,6.63666683,0.0195577294,0.00114062994,0.0145847214,1.34097381,0.00440675551,0.999987568,4.98298484e-05,294,0.00580569986,0.0111272586,0.0100663858
1992,6.64000016,0.0210575946,0.00122810386,0.0151191212,1.39277901,0.00460559678,0.999987595,5.07733972e-05,294,0.00573185557,0.0125489288,0.00987417398
1993,6.64333349,0.0188172721,0.00109744559,0.0156418711,1.20300646,0.00368557613,0.999987678,5.09064522e-05,294,0.00607638217,0.00994245706,0.010102564
1994,6.64666683,0.0194004489,0.00113145716,0.0154326451,1.25710458,0.00467867656,0.999987118,5.23087951e-05,294,0.00627846737,0.0111327782,0.00911055729
1995,6.65000016,0.0203071358,0.00118433621,0.0159775413,1.27098002,0.00481368851,0.9999864,5.37859446e-05,294,0.00636394029,0.0118763748,0.00965813657
1996,6.65333349,0.0193509101,0.00112856799,0.0158887558,1.21789964,0.00420877916,0.999986314,5.50337599e-05,294,0.00632186716,0.0108816483,0.010159491
1997,6.65666683,0.0204023888,0.00118989148,0.0157267436,1.29730536,0.00442159665,0.999987412,7.65200381e-05,294,0.00618989551,0.0120462443,0.00995014666
1998,6.66000016,0.0188499264,0.00109935003,0.016238426,1.16082226,0.00456414414,0.99998647,7.69107813e-05,294,0.00600871706,0.0108322581,0.00967600465
1999,6.66333349,0.0198987079,0.00116051621,0.0162993579,1.22082772,0.00425563509,0.999986321,5.47002883e-05,294,0.00598474133,0.0120780607,0.00926851234
2000,6.66666683,0.0210387061,0.00122700226,0.0163959072,1.28316817,0.00451171914,0.9999874,5.42987695e-05,294,0.00581562211,0.0117799948,0.0111019174
