step,time_s,residual_l2_N,residual_rms_N,initial_residual_l2_N,relative_to_initial,max_vertex_residual_N,min_det_F,max_free_speed_m_s,free_vertices,elastic_l2_N,damping_l2_N,inertia_l2_N
1,0.00333333341,4.3963371e-05,2.80871675e-06,4.53134777e-05,0.970205186,6.18787944e-06,0.999999988,4.14360635e-08,245,4.49766849e-05,6.82410555e-06,7.768544e-06
2,0.00666666683,4.55955989e-05,2.91299596e-06,4.74557344e-05,0.960802723,6.18787944e-06,0.999999988,7.80988145e-08,245,4.45042666e-05,1.27011284e-05,7.26144834e-06
3,0.0100000002,4.90025885e-05,3.13066054e-06,4.96529228e-05,0.986902398,6.18787944e-06,0.999999988,1.11180263e-07,245,4.42045837e-05,1.79232885e-05,6.86608313e-06
4,0.0133333337,5.42582399e-05,3.46643179e-06,5.1700825e-05,1.04946565,6.65342331e-06,0.999999984,1.41440722e-07,245,4.44632808e-05,2.26640152e-05,6.51758282e-06
5,0.0166666671,6.1259156e-05,3.91370392e-06,5.35904707e-05,1.14309793,8.18371516e-06,0.99999997,1.71344222e-07,245,4.5693311e-05,2.7024366e-05,6.18673451e-06
6,0.0200000005,0.0231150983,0.00147676946,8.81868533,0.00262115014,0.00389492844,0.98052983,0.0204211174,245,7.87555053,4.03742596,4.39017734
7,0.0233333339,0.0216882152,0.00138560924,12.0931989,0.00179342251,0.00430981873,0.981732519,0.0278616225,245,6.67627547,4.98596825,2.52611019
8,0.0266666673,0.0242053488,0.00154642301,13.1400474,0.00184210513,0.00464064567,0.983331439,0.0295815337,245,5.48929823,4.85914352,1.64407559
9,0.0300000007,0.0256446134,0.00163837425,13.1958929,0.00194337842,0.00435026447,0.985183422,0.0293970108,245,4.41703746,4.35857465,1.22749282
10,0.0333333341,0.0236232113,0.00150923161,12.801404,0.00184536098,0.00470939329,0.987159844,0.0276088718,245,3.49360093,3.74910492,1.03658281
11,0.0366666676,0.0237815696,0.00151934875,19.8909994,0.00119559451,0.00409250049,0.969635424,0.0446801783,245,10.4993497,6.88976973,4.1665197
12,0.040000001,0.0223642861,0.00142880183,22.5269084,0.000992780979,0.00432604147,0.972758334,0.0494049544,245,8.65082542,7.34421425,2.34932479
13,0.0433333344,0.0228219643,0.00145804181,23.0045306,0.000992063894,0.0040326199,0.975886351,0.0488877296,245,6.93917868,6.78344657,1.62456908
14,0.0466666678,0.023802058,0.00152065771,22.4922349,0.00105823446,0.00417793902,0.978823671,0.0466166037,245,5.45179449,5.90492574,1.40035897
15,0.0500000012,0.0227850782,0.00145568525,21.518672,0.0010588515,0.00381068317,0.981565487,0.0448977157,245,4.2059525,4.98394347,1.34988654
16,0.0533333346,0.0257421645,0.00164460657,27.0525838,0.000951560293,0.00436832752,0.964933391,0.0563873436,245,10.8987629,7.70474375,3.54147214
17,0.056666668,0.0233731919,0.00149325845,28.9371754,0.000807721955,0.00455609774,0.968688487,0.0592146201,245,8.84649804,7.96291806,1.68493861
18,0.0600000015,0.0226597168,0.0014476762,28.8372366,0.000785779759,0.00390733329,0.97239592,0.05678025,245,6.98126112,7.25292378,1.16743916
19,0.0633333349,0.02280186,0.0014567574,27.7748079,0.000820954731,0.00407774717,0.97589114,0.0562346077,245,5.38249386,6.26192153,1.2725143
20,0.0666666683,0.0245595387,0.00156905137,26.2308337,0.000936285096,0.0041633337,0.979088336,0.0541266669,245,4.06253077,5.25538561,1.46459328
21,0.0700000017,0.0233208634,0.00148991531,30.6143322,0.000761762931,0.00424978633,0.96282102,0.0607639231,245,10.7051733,7.82968064,3.02780968
22,0.0733333351,0.0245492706,0.00156839537,31.8005804,0.000771975552,0.00463279626,0.966857451,0.0624455456,245,8.60900246,8.03253186,0.980540097
23,0.0766666685,0.0233212613,0.00148994073,31.1258907,0.000749256033,0.00439357479,0.970774672,0.0604012503,245,6.71623006,7.28627869,0.762014305
24,0.0800000019,0.0233418523,0.00149125624,29.518955,0.000790741146,0.00445878114,0.974412943,0.0586360127,245,5.1071256,6.26659623,1.27942109
25,0.0833333354,0.0247095493,0.0015786352,27.4405037,0.00090047725,0.00409237399,0.977693586,0.0553501442,245,3.79479778,5.24197568,1.65210627
26,0.0866666688,0.0228688002,0.00146103405,31.1515444,0.000734114492,0.00424388892,0.961462033,0.0610076111,245,10.4715787,7.78471434,2.78813464
27,0.0900000022,0.0254820821,0.00162799051,31.8497913,0.000800070614,0.00452313104,0.965488907,0.0621522955,245,8.37825191,7.97140409,0.596490237
28,0.0933333356,0.0218329602,0.00139485666,30.7513095,0.000709984731,0.00399247585,0.969358444,0.0588200522,245,6.49455985,7.21190155,0.741535911
29,0.096666669,0.0246129766,0.0015724654,28.7571843,0.000855889658,0.00468378284,0.972915653,0.0564375102,245,4.90270721,6.18069008,1.40921943
30,0.100000002,0.0240214026,0.00153467112,26.3270013,0.000912424561,0.00424866001,0.976089007,0.0526458718,245,3.61821626,5.14437332,1.81563726
31,0.103333336,0.023786495,0.00151966342,29.8631731,0.000796515995,0.00348323032,0.959728708,0.0594033187,245,10.3269886,7.70216863,2.74357285
32,0.106666669,0.02241765,0.00143221112,30.379757,0.000737914065,0.0038932213,0.96361255,0.0604071993,245,8.24478069,7.88760984,0.580795019
33,0.110000003,0.022906011,0.00146341136,29.104001,0.000787039934,0.00426268551,0.967327116,0.0562786149,245,6.37380344,7.12214394,0.810998152
34,0.113333336,0.0244293265,0.00156073242,26.9542461,0.000906325721,0.00503294445,0.970719836,0.0527748009,245,4.79735955,6.0833856,1.45918475
35,0.116666669,0.0234306169,0.0014969272,24.4022073,0.000960184321,0.0037374406,0.973723924,0.0489748361,245,3.53150639,5.03773699,1.8446433
36,0.120000003,0.0232831197,0.00148750396,28.1221131,0.000827929239,0.00463344884,0.957191963,0.0574587617,245,10.2610854,7.62238173,2.75971183
37,0.123333336,0.0234451459,0.00149785543,28.6935008,0.00081708907,0.00443207881,0.960906528,0.0586627084,245,8.18682773,7.80924777,0.610432855
38,0.12666667,0.0226734635,0.00144855445,27.437619,0.000826364105,0.00403032044,0.964458969,0.0546097755,245,6.32286106,7.04358699,0.777279114
39,0.130000003,0.0218427789,0.00139548396,25.3114636,0.000862959932,0.00425838327,0.967701465,0.0494845403,245,4.75235786,6.0034689,1.4029978
40,0.133333337,0.0240308144,0.00153527242,22.8021048,0.0010538858,0.00410159061,0.970562491,0.0458848271,245,3.49003141,4.95605557,1.76772646
41,0.13666667,0.0233277992,0.00149035842,26.8282723,0.000869522978,0.00434082407,0.953899399,0.0561940126,245,10.2406015,7.55983278,2.79561755
42,0.140000003,0.021547495,0.00137661896,27.5531614,0.000782033491,0.00396697602,0.957497139,0.0576608817,245,8.16810923,7.75094601,0.639534707
43,0.143333337,0.0227228492,0.00145170958,26.4064986,0.000860502163,0.00411266025,0.960944675,0.0537514688,245,6.30471005,6.98718558,0.703970126
44,0.14666667,0.0234920512,0.0015008521,24.3838813,0.000963425422,0.00442005294,0.964096561,0.0484228134,245,4.73298884,5.94920446,1.31699918
45,0.150000004,0.0248547791,0.00158791359,21.9862278,0.00113047037,0.00435999081,0.966881293,0.0441203242,245,3.46707876,4.90101985,1.67093067
46,0.153333337,0.0253331675,0.0016184767,26.2514266,0.000965020602,0.00448396599,0.950156224,0.0558013201,245,10.2362826,7.5142234,2.84317445
47,0.15666667,0.0231588954,0.00147956755,27.1193501,0.000853962034,0.00372161401,0.953706269,0.0574114042,245,8.16132578,7.70658201,0.700737201
48,0.160000004,0.0233223888,0.00149001276,26.0870362,0.000894022171,0.00427222171,0.957118042,0.0536084177,245,6.29522833,6.94470678,0.669525507
49,0.163333337,0.0232877118,0.00148779733,24.1714356,0.000963439332,0.00400844954,0.960246097,0.0483512878,245,4.72003408,5.91038302,1.26292253
50,0.166666671,0.0225234394,0.00143896976,21.8799695,0.00102940908,0.00538500791,0.963018919,0.0437723043,245,3.44870854,4.86712233,1.6085935
51,0.170000004,0.0232936888,0.00148817919,26.251667,0.000887322273,0.00411314562,0.946296223,0.0559098827,245,10.2292131,7.47060454,2.88170064
52,0.173333338,0.0227669124,0.00145452468,27.2059818,0.0008368348,0.00412873279,0.949855816,0.0576271553,245,8.14948606,7.66790813,0.759125164
53,0.176666671,0.0229771224,0.0014679545,26.2529036,0.000875222138,0.00374203765,0.953286663,0.053858757,245,6.27851489,6.91099299,0.669944857
54,0.180000004,0.0220897547,0.00141126266,24.4112102,0.000904902069,0.00481692285,0.95643856,0.0486731531,245,4.69949214,5.87853654,1.24671345
55,0.183333338,0.0223435183,0.00142747503,22.1861826,0.00100709161,0.00432788443,0.959240001,0.0443755889,245,3.42487812,4.83882496,1.58921885
56,0.186666671,0.0226489263,0.00144698682,26.5514122,0.000853021528,0.00387535593,0.942550683,0.0563042448,245,10.2079348,7.43111543,2.9029134
57,0.190000005,0.0228421317,0.00145933027,27.532828,0.000829632603,0.0040995909,0.946148423,0.0580214766,245,8.12220401,7.63113228,0.780812284
58,0.193333338,0.022924518,0.00146459373,26.6111415,0.000861463158,0.00375294013,0.949622134,0.0542521477,245,6.24647575,6.87588815,0.676872572
59,0.196666671,0.0225530092,0.0014408589,24.7965845,0.000909520791,0.00488908651,0.952814562,0.0490830684,245,4.66426453,5.84672657,1.24933866
60,0.200000005,0.0219771497,0.00140406859,22.5937313,0.000972710062,0.00395897259,0.955656515,0.0452910695,245,3.38808393,4.81171202,1.59752982
61,0.203333338,0.0212763493,0.0013592961,26.8915485,0.000791190932,0.004066883,0.939007749,0.0566623296,245,10.1700095,7.38818697,2.90457315
62,0.206666672,0.023229443,0.00148407468,27.8579294,0.000833853899,0.00416655965,0.94264602,0.0583792644,245,8.07966231,7.58778403,0.769852006
63,0.210000005,0.0227711166,0.00145479327,26.9291506,0.000845593569,0.00455636219,0.946155545,0.05453825,245,6.20032233,6.8364968,0.677135409
64,0.213333338,0.0212220608,0.00135582773,25.1051157,0.00084532814,0.00487700203,0.949383735,0.04953263,245,4.61593874,5.81274248,1.2630894
65,0.216666672,0.0237039571,0.00151439027,22.8862798,0.00103572784,0.00414561257,0.952256682,0.0460442284,245,3.34067161,4.77942944,1.62031677
66,0.220000005,0.0209897769,0.00134098766,27.1072907,0.000774322198,0.00399284236,0.935636506,0.056876754,245,10.1235596,7.34547107,2.89811247
67,0.223333339,0.0239873805,0.00153249753,28.0388494,0.000855505167,0.00425449594,0.939301004,0.0585936897,245,8.02887795,7.54512674,0.746709537
68,0.226666672,0.0236205414,0.00150906104,27.083706,0.000872131069,0.00374652225,0.942831986,0.0547126133,245,6.14669607,6.79515995,0.677377387
69,0.230000006,0.0216739057,0.00138469504,25.2312754,0.000859009518,0.00453889147,0.946076866,0.0497314208,245,4.56188545,5.7729793,1.28053031
70,0.233333339,0.0230208606,0.00147074884,22.9812219,0.00100172483,0.00413077405,0.948961734,0.0464071503,245,3.28878467,4.74308616,1.64480138
71,0.236666672,0.0222488422,0.00142142639,27.1465499,0.000819582684,0.00356814322,0.932351076,0.0569120669,245,10.0739549,7.29823128,2.89125886
72,0.240000006,0.0234923042,0.00150086826,28.0482893,0.000837566383,0.00481678278,0.936020341,0.0585931527,245,7.9769438,7.49647565,0.727171439
73,0.243333339,0.0216180987,0.00138112966,27.0660282,0.000798717067,0.0047858179,0.939553708,0.0547170639,245,6.093228,6.75032394,0.679134607
74,0.246666673,0.021092815,0.00134757052,25.1866091,0.000837461483,0.00349387021,0.942798588,0.0496851911,245,4.50890562,5.73022496,1.29463896
75,0.250000006,0.0228442739,0.00145946713,22.9087028,0.000997187579,0.00426122839,0.945678687,0.046353563,245,3.23848462,4.70349187,1.66131317
76,0.253333339,0.0213157572,0.00136181378,27.0529847,0.000787926267,0.00435163808,0.929060896,0.0568400756,245,10.027184,7.25017588,2.8904346
77,0.256666673,0.0240149358,0.00153425797,27.9412466,0.000859479757,0.00430627505,0.932725393,0.0585212115,245,7.9271001,7.45254234,0.717627413
78,0.260000006,0.0230549351,0.00147292578,26.942819,0.000855698696,0.00467226502,0.936251607,0.0546097755,245,6.0418479,6.70619548,0.682488514
79,0.26333334,0.0229806849,0.0014681821,25.0476622,0.000917478237,0.00417732361,0.939484586,0.0495379652,245,4.45814299,5.68633509,1.3014783
80,0.266666673,0.0212681196,0.00135877032,22.756493,0.000934595662,0.00439757608,0.94235038,0.0461324995,245,3.19019028,4.66216463,1.67036314
81,0.270000007,0.0213789363,0.00136585014,26.904165,0.00079463296,0.00367052109,0.925718284,0.056768092,245,9.98335834,7.20210753,2.89517841
82,0.27333334,0.0226411071,0.00144648728,27.7938921,0.000814607289,0.00411968504,0.929368476,0.0584134748,245,7.88141095,7.40434635,0.719139763
83,0.276666673,0.0221521587,0.00141524951,26.7938867,0.000826761678,0.00380685794,0.932880385,0.0545382503,245,5.99511862,6.66042011,0.683262561
84,0.280000007,0.0210654936,0.00134582502,24.8959905,0.000846140011,0.00434101341,0.936099039,0.0493579308,245,4.41129127,5.64470912,1.30348652
85,0.28333334,0.0225241929,0.0014390179,22.6018496,0.000996564144,0.00407135193,0.938950528,0.0458135526,245,3.14554334,4.62040232,1.67195859
86,0.286666674,0.0228607568,0.00146052018,26.7656674,0.00085410748,0.00377954783,0.92230651,0.05666064,245,9.94376521,7.15384735,2.9033508
87,0.290000007,0.0216958278,0.00138609559,27.6670685,0.000784175157,0.00403977751,0.925944781,0.0583774863,245,7.83934805,7.35835031,0.727354608
88,0.29333334,0.0225188182,0.00143867452,26.6746686,0.000844202361,0.00460086844,0.929447154,0.0545024872,245,5.95136353,6.61675149,0.683489037
89,0.296666674,0.0223488228,0.00142781392,24.7814164,0.000901837995,0.00454716469,0.932656271,0.0492517146,245,4.36771637,5.60164546,1.30459592
90,0.300000007,0.0216127693,0.00138078918,22.4928919,0.00096087108,0.00441836585,0.935498223,0.0455687011,245,3.10351714,4.5802373,1.66974066
91,0.303333341,0.0233378716,0.00149100193,26.6714788,0.000875012287,0.00400727751,0.918847053,0.0566247915,245,9.90618074,7.10798265,2.91352851
92,0.306666674,0.0210844893,0.00134703861,27.5866844,0.000764299507,0.00429427921,0.922478172,0.0583415921,245,7.79948831,7.31157747,0.735234035
93,0.310000008,0.0225768377,0.00144238125,26.6034662,0.00084864271,0.00389847124,0.925973392,0.0544309616,245,5.91026985,6.57141312,0.683872342
94,0.313333341,0.0220782922,0.00141053035,24.7200875,0.000893131638,0.00420764125,0.929177741,0.0491803997,245,4.32639906,5.56028974,1.30285014
95,0.316666674,0.0224258269,0.00143273352,22.4407496,0.000999335014,0.00388130609,0.932014925,0.0455006082,245,3.06358439,4.54122034,1.67051864
96,0.320000008,0.023040104,0.00147197825,26.6246533,0.000865367288,0.00424364464,0.915359016,0.0565889436,245,9.87092521,7.0597178,2.92386989
97,0.323333341,0.0205515046,0.00131298747,27.5516017,0.000745927765,0.00376944162,0.918990135,0.058377209,245,7.76116273,7.26710545,0.742578206
98,0.326666675,0.0227374474,0.00145264223,26.5770346,0.000855529889,0.00381750582,0.922485355,0.0545024872,245,5.86922497,6.53144723,0.684386158
99,0.330000008,0.0236534339,0.00151116246,24.700085,0.000957625605,0.00432762851,0.925689704,0.0492507885,245,4.2843237,5.52190735,1.30366091
100,0.333333341,0.0214795578,0.00137227861,22.4272511,0.000957743672,0.00366920224,0.928526888,0.0455014103,245,3.0221032,4.50562885,1.6710089
101,0.336666675,0.0213646127,0.00136493504,26.6098077,0.000802884896,0.00381152804,0.911875698,0.0566246987,245,9.83259978,7.01545602,2.93210516
102,0.340000008,0.0232654347,0.0014863741,27.5430499,0.000844693479,0.00370493808,0.915509201,0.0584129185,245,7.71979042,7.2222705,0.746681143
103,0.343333342,0.0223371465,0.00142706794,26.5723932,0.000840614781,0.00391007283,0.919006805,0.0545024872,245,5.82579718,6.488912,0.686568374
104,0.346666675,0.0222145768,0.00141923725,24.6966471,0.000899497681,0.003939645,0.922213508,0.0492489423,245,4.24101991,5.48004291,1.30848863
105,0.350000008,0.0220714256,0.00141009165,22.4243744,0.000984260483,0.00374929203,0.925050692,0.0456047482,245,2.98028222,4.46821136,1.67540256
106,0.353333342,0.0230007022,0.00146946096,26.5986169,0.000864733015,0.00393758182,0.908399522,0.0566602688,245,9.79444191,6.96870053,2.93683464
107,0.356666675,0.0220948796,0.00141159008,27.5324199,0.000802504092,0.00387911811,0.912035409,0.058448491,245,7.67883935,7.17690895,0.749429774
108,0.360000009,0.0215208286,0.0013749153,26.563954,0.000810151553,0.00348073699,0.915537781,0.0545382502,245,5.78285737,6.44644338,0.686891255
109,0.363333342,0.0222825164,0.00142357775,24.6906729,0.000902466955,0.00372820999,0.918746898,0.0492802939,245,4.19752813,5.44085774,1.31101377
110,0.366666676,0.0210451517,0.00134452542,22.4180833,0.000938757849,0.00421752344,0.921584082,0.0456354472,245,2.93793214,4.43263837,1.68133847
111,0.370000009,0.0219965114,0.00140530557,26.5820337,0.000827495429,0.00444639024,0.904932912,0.0566959322,245,9.7551011,6.92352409,2.94265623
112,0.373333342,0.0229043185,0.00146330323,27.5164546,0.000832386251,0.0042021648,0.908573567,0.0584841557,245,7.63610177,7.13357121,0.751311686
113,0.376666676,0.0217823349,0.00139162233,26.5480871,0.00082048604,0.00445997599,0.912078324,0.0545382502,245,5.7382834,6.40345543,0.68979141
114,0.380000009,0.0213789943,0.00136585384,24.6705185,0.000866580664,0.00366121062,0.915287471,0.0492772164,245,4.15229561,5.40241837,1.31543785
115,0.383333343,0.0198879588,0.00127059508,22.3946877,0.000888065912,0.0041480565,0.918124655,0.0456660261,245,2.89480969,4.39453051,1.69013828
116,0.386666676,0.0225950702,0.00144354608,26.5468707,0.000851138745,0.00446275414,0.901475869,0.0566599944,245,9.71443445,6.87640124,2.94698245
117,0.390000009,0.0238073833,0.00152099793,27.480704,0.000866330912,0.00472472501,0.905111756,0.0584839753,245,7.59326771,7.08595278,0.751122701
118,0.393333343,0.0215269233,0.00137530468,26.5109491,0.000812001229,0.00376583533,0.908611744,0.05453825,245,5.69323493,6.3621788,0.688830558
119,0.396666676,0.0222546419,0.00142179692,24.6323307,0.000903472845,0.00327801594,0.911818477,0.0492735977,245,4.10732533,5.36148722,1.32196197
120,0.40000001,0.0231918403,0.00148167233,22.3527139,0.00103754025,0.00379195046,0.914653277,0.0456268449,245,2.85142926,4.35798024,1.69450401
121,0.403333343,0.0221709754,0.00141645166,26.500678,0.000836619177,0.00391802356,0.898002107,0.0566598129,245,9.67512118,6.83129198,2.9535082
122,0.406666677,0.022401121,0.00143115512,27.4365724,0.000816469369,0.00447040086,0.901637994,0.0584837962,245,7.5503883,7.04410041,0.753307693
123,0.41000001,0.0216704422,0.00138447377,26.4670683,0.000818770028,0.00392743812,0.905137982,0.0545740129,245,5.64891365,6.31822095,0.693253317
124,0.413333343,0.022456964,0.0014347228,24.5853456,0.000913428852,0.0042503731,0.908342331,0.0492352446,245,4.06271642,5.32183172,1.32423164
125,0.416666677,0.0224305886,0.00143303774,22.3048381,0.00100563781,0.00393662042,0.911172362,0.045552057,245,2.80934082,4.31849013,1.69952291
126,0.42000001,0.0234157834,0.00149597953,26.4494137,0.000885304442,0.00472689157,0.894516423,0.0566596779,245,9.63655483,6.78488478,2.96115907
127,0.423333344,0.0214286201,0.00136902432,27.3892455,0.000782373507,0.00403499902,0.89815231,0.0584836185,245,7.50904983,6.9991285,0.754966708
128,0.426666677,0.0205149369,0.00131065124,26.4207042,0.000776471995,0.00415051264,0.901652299,0.0545382503,245,5.60579765,6.27554828,0.693840834
129,0.43000001,0.022211852,0.00141906317,24.5381594,0.000905196334,0.00395556865,0.904854264,0.0491971218,245,4.0197758,5.28081906,1.32869858
130,0.433333344,0.022967579,0.0014673448,22.2570519,0.00103192369,0.00415848542,0.907681911,0.0455131693,245,2.76797584,4.28209822,1.70357376
131,0.436666677,0.0228879072,0.00146225476,26.3996545,0.000866977531,0.00398438069,0.891023588,0.0566237435,245,9.5980669,6.74098043,2.96759683
132,0.440000011,0.0224727239,0.00143572967,27.3429799,0.000821882765,0.00475372702,0.894657061,0.0584833546,245,7.46755835,6.9550023,0.759113275
133,0.443333344,0.0207293866,0.00132435193,26.3767242,0.000785896932,0.00401106654,0.898152281,0.0545382502,245,5.56199839,6.23484859,0.694524035
134,0.446666677,0.0223246496,0.00142626954,24.4957389,0.000911368695,0.00401393623,0.901351861,0.0491590615,245,3.97527506,5.24287886,1.33123005
135,0.450000011,0.0216531612,0.00138336972,22.2152722,0.000974697091,0.00385790425,0.904177124,0.045511105,245,2.72508083,4.24584058,1.70904455
136,0.453333344,0.0247771481,0.00158295393,26.3538272,0.000940172673,0.00373552644,0.887516418,0.0566235217,245,9.55846792,6.69462518,2.97285484
137,0.456666678,0.0234101634,0.00149562047,27.300323,0.000857504995,0.00395916017,0.891147536,0.0585189363,245,7.42539026,6.90957042,0.762241471
138,0.460000011,0.0239144873,0.00152784055,26.3362897,0.000908043144,0.00364425341,0.894642756,0.05453825,245,5.51824694,6.19191588,0.696336929
139,0.463333345,0.0224013955,0.00143117266,24.4557713,0.000915996278,0.00395518771,0.897839952,0.0491914941,245,3.93193862,5.20148194,1.33504232
140,0.466666678,0.0218433934,0.00139552321,22.1751838,0.000985037759,0.00467925199,0.900660447,0.0454712425,245,2.68442346,4.20668036,1.71340019
141,0.470000011,0.0220931829,0.00141148168,26.3103317,0.000839715101,0.00414748622,0.883997356,0.0566234336,245,9.52138075,6.64731479,2.98134726
142,0.473333345,0.0214058274,0.00136756815,27.262436,0.000785176622,0.00399474003,0.887628475,0.0585186777,245,7.38525208,6.86555316,0.765298875
143,0.476666678,0.0225239187,0.00143900038,26.3013247,0.000856379631,0.00419247001,0.891123694,0.0545740128,245,5.47595297,6.15068899,0.697313423
144,0.480000012,0.0203653746,0.00130109606,24.42185,0.000833899748,0.00391236599,0.894320891,0.049153067,245,3.88889363,5.16394499,1.33811826
145,0.483333345,0.0207693317,0.00132690393,22.1418906,0.00093801076,0.00373744537,0.897139001,0.0454325823,245,2.64299408,4.1708586,1.71778474
146,0.486666678,0.0234716855,0.00149955098,26.2722697,0.000893401512,0.00427039435,0.88047591,0.056623215,245,9.48294769,6.60220157,2.9870319
147,0.490000012,0.0208951915,0.00133494482,27.2269529,0.000767445097,0.00364582138,0.884107029,0.0585185495,245,7.34398413,6.82114519,0.769088116
148,0.493333345,0.0221364745,0.00141424748,26.2682763,0.000842707537,0.00379262676,0.887602249,0.0545740128,245,5.432666,6.10929148,0.698118063
149,0.496666679,0.0220759647,0.00141038165,24.3905914,0.000905101657,0.00359048696,0.890797061,0.0491501985,245,3.84579036,5.12367985,1.34266402
150,0.500000012,0.0239129855,0.00152774461,22.1100486,0.00108154378,0.00388410325,0.893615171,0.0454293912,245,2.6017942,4.1347521,1.72226112
151,0.503333346,0.0239005638,0.00152695101,26.2356671,0.000910995083,0.00391733438,0.87695208,0.0566230851,245,9.44449259,6.55762905,2.99487641
152,0.506666679,0.0220842597,0.0014109116,27.1942903,0.000812091783,0.00411043483,0.880583199,0.0585541786,245,7.30253163,6.77717985,0.770390142
153,0.510000012,0.0206542248,0.00131955002,26.235996,0.000787247597,0.00372767504,0.884078418,0.0545740128,245,5.38905329,6.06833921,0.699199433
154,0.513333346,0.0218707813,0.00139727296,24.3575195,0.000897906755,0.00459407935,0.887273231,0.0491474067,245,3.80216887,5.0840824,1.34727243
155,0.516666679,0.0225090778,0.00143805223,22.0753191,0.00101964903,0.00382903737,0.890088957,0.0453890854,245,2.55998839,4.09911228,1.72682981
156,0.520000013,0.0242019078,0.00154620317,26.1958832,0.000923882108,0.00410701067,0.873423482,0.0566229986,245,9.40562863,6.5118742,3.00021597
157,0.523333346,0.020861864,0.0013328156,27.156594,0.000768206206,0.00375462235,0.877049861,0.0585539262,245,7.26123058,6.73146135,0.772485744
158,0.526666679,0.0221828167,0.00141720818,26.1993084,0.000846694746,0.00345175124,0.880542696,0.0546097757,245,5.34664746,6.0240073,0.701081355
159,0.530000013,0.0211738571,0.00135274811,24.3215113,0.000870581471,0.00371372956,0.88373748,0.0491085703,245,3.75971819,5.04504961,1.34951304
160,0.533333346,0.0213951528,0.00136688618,22.0400397,0.000970740212,0.0042351225,0.886550822,0.0454215068,245,2.51953011,4.06335235,1.73251698
161,0.53666668,0.02097944,0.00134032726,26.1552088,0.000802113267,0.00331055695,0.869882991,0.0565869856,245,9.36768784,6.46775055,3.00682165
162,0.540000013,0.0230900667,0.00147517025,27.1184198,0.00085145325,0.00402151197,0.873511725,0.0585537595,245,7.21985265,6.68931639,0.775626815
163,0.543333346,0.0219906757,0.00140493273,26.1626781,0.000840536109,0.00373196791,0.877004561,0.0546097755,245,5.30326074,5.98300621,0.70346334
164,0.54666668,0.0220023207,0.00140567671,24.284127,0.00090603713,0.00368486389,0.880194605,0.049105422,245,3.71621887,5.00621521,1.35366402
165,0.550000013,0.0219605921,0.00140301076,22.0015871,0.000998136723,0.0034806548,0.883003179,0.0453811766,245,2.47844777,4.02648565,1.73767453
166,0.553333347,0.0227876876,0.00145585196,26.1118502,0.00087269525,0.00392084242,0.866335308,0.0565869008,245,9.32960616,6.42145066,3.01362837
167,0.55666668,0.0221291708,0.00141378086,27.0794818,0.000817193287,0.00417094727,0.869964043,0.0585536769,245,7.179214,6.64427546,0.778836089
168,0.560000014,0.0207829905,0.00132777656,26.1261874,0.00079548501,0.00400020308,0.873459263,0.0545740128,245,5.26073,5.94165024,0.70407639
169,0.563333347,0.0212022267,0.00135456058,24.2473004,0.000874415971,0.00369828033,0.876649307,0.049067237,245,3.67364086,4.96747088,1.35706485
170,0.56666668,0.0230882266,0.00147505269,21.9642314,0.00105117389,0.00445791817,0.879455496,0.0453065288,245,2.43862967,3.98924438,1.74406371
171,0.570000014,0.0192820241,0.00123188333,26.067615,0.000739692684,0.00377582806,0.862787636,0.0565867318,245,9.29130176,6.37674248,3.02046958
172,0.573333347,0.021068967,0.00134604692,27.0379198,0.00077923772,0.00329070043,0.866413969,0.0585534306,245,7.1379694,6.60051535,0.78228397
173,0.576666681,0.020708459,0.00132301492,26.0866714,0.000793832938,0.00378531044,0.86990442,0.0546097755,245,5.2173726,5.90109921,0.704852073
174,0.580000014,0.0212350464,0.00135665735,24.2088533,0.000877160358,0.00398243932,0.873094464,0.0490641008,245,3.63032441,4.92852286,1.36139929
175,0.583333347,0.0206922432,0.00132197892,21.9258434,0.000943737616,0.00406410209,0.875895903,0.0453019104,245,2.39730706,3.95402739,1.74858994
176,0.586666681,0.0221173886,0.00141302813,26.0265278,0.00084980174,0.00433477417,0.859223275,0.0565613126,245,9.25349124,6.33221055,3.02793218
177,0.590000014,0.0214407927,0.001369802,27.0004053,0.000794091515,0.00387581628,0.862849625,0.0585889443,245,7.09703158,6.55746768,0.785530767
178,0.593333348,0.0222013392,0.00141839153,26.0508831,0.00085222981,0.00407610648,0.866342443,0.0545949692,245,5.17456975,5.85984957,0.707210467
179,0.596666681,0.0219803511,0.00140427312,24.1721356,0.00090932599,0.00402748201,0.869527718,0.0490602193,245,3.58724939,4.89067146,1.36518936
180,0.600000015,0.0231330836,0.0014779185,21.8884028,0.00105686485,0.00422171287,0.872326755,0.0452619608,245,2.35599384,3.91971203,1.75291296
181,0.603333348,0.020631474,0.00131809653,25.9846391,0.000793987323,0.00480277703,0.855651743,0.056586316,245,9.21493207,6.28663428,3.03320317
182,0.606666681,0.0203621915,0.0013008927,26.9615258,0.000755231424,0.00344738288,0.859278093,0.058588784,245,7.0560317,6.51225523,0.788800889
183,0.610000015,0.0218278765,0.00139453188,26.0143056,0.000839072042,0.00427622678,0.862768545,0.0546097755,245,5.13214748,5.81724632,0.708683463
184,0.613333348,0.0207425054,0.00132519006,24.1353458,0.000859424414,0.00328954582,0.86595382,0.0490571933,245,3.54550167,4.85024957,1.3688583
185,0.616666682,0.021659379,0.00138376696,21.8522398,0.000991174323,0.0037564833,0.868750491,0.0452576496,245,2.31688779,3.88356281,1.7568017
186,0.620000015,0.0208266279,0.00133056445,25.9441701,0.000802747893,0.00362121399,0.852073095,0.0565592884,245,9.17802681,6.24231631,3.04090782
187,0.623333348,0.019757133,0.00126223693,26.9245732,0.000733795587,0.00398584963,0.855697061,0.0586243033,245,7.01602147,6.46921274,0.791012838
188,0.626666682,0.0216339111,0.00138213988,25.97889,0.000832749631,0.00389221396,0.859187512,0.0546097757,245,5.09037675,5.77581211,0.71026388
189,0.630000015,0.0203189995,0.00129813326,24.1006069,0.00084309078,0.00382716147,0.862372788,0.0490184091,245,3.50315173,4.81367404,1.37092254
190,0.633333349,0.0213038481,0.00136105293,21.8175303,0.000976455529,0.00379064462,0.86516944,0.0452542256,245,2.27683476,3.8486448,1.76233326
191,0.636666682,0.0203367756,0.00129926894,25.9046336,0.000785063242,0.00379688528,0.848492044,0.0565502732,245,9.14020891,6.19762695,3.04705335
192,0.640000015,0.0213833897,0.00136613466,26.8887788,0.000795253287,0.00361226212,0.852118394,0.0586241465,245,6.97539051,6.42528707,0.794266531
193,0.643333349,0.0206946552,0.00132213302,25.9454595,0.000797621457,0.00355593205,0.855608846,0.0546097757,245,5.04796256,5.73466399,0.712061515
194,0.646666682,0.0217864012,0.00139188212,24.0675088,0.000905220452,0.00385941119,0.858791737,0.0490146844,245,3.46087155,4.77530133,1.37566827
195,0.650000016,0.0221106162,0.00141259545,21.7832743,0.00101502721,0.00349027146,0.861585988,0.0452136883,245,2.23712489,3.81343904,1.76699774
196,0.653333349,0.020484644,0.0013087159,25.8653583,0.000791972174,0.00355660077,0.844906207,0.0565500716,245,9.10290356,6.15218757,3.05395799
197,0.656666683,0.0207387125,0.00132494774,26.8523185,0.000772324834,0.00359816157,0.848530173,0.058623914,245,6.93523279,6.3816533,0.795844335
198,0.660000016,0.0208420815,0.00133155175,25.9097367,0.000804411166,0.0039675373,0.852018241,0.0546097755,245,5.00566715,5.69475919,0.712610523
199,0.663333349,0.0208504672,0.00133208749,24.032195,0.000867605612,0.00358208162,0.855201132,0.0490116038,245,3.41896622,4.73622314,1.38056143
200,0.666666683,0.0198030202,0.00126516855,21.746751,0.000910619714,0.00356030492,0.857990632,0.0452088461,245,2.19751496,3.77902931,1.77219207
201,0.670000016,0.020680742,0.00132124414,25.8232638,0.000800857015,0.00318576022,0.841310852,0.056549912,245,9.06556554,6.10745993,3.05963991
202,0.67333335,0.019677517,0.00125715044,26.8130348,0.000733878769,0.00359114137,0.844934818,0.058659518,245,6.89528332,6.33726617,0.799661367
203,0.676666683,0.0210209358,0.00134297833,25.8724435,0.000812483592,0.00350562189,0.848425269,0.0546097755,245,4.96385959,5.65393881,0.713429707
204,0.680000016,0.0216258542,0.00138162515,23.9950009,0.000901264988,0.00404307415,0.85160341,0.0489729044,245,3.37720583,4.69830021,1.38435633
205,0.68333335,0.0221793593,0.00141698729,21.7094893,0.00102164353,0.00394071558,0.854390526,0.0451687285,245,2.15888545,3.74273978,1.7782836
206,0.686666683,0.0201764372,0.00128902529,25.7806251,0.000782620169,0.00391046767,0.837708361,0.0565496751,245,9.02867236,6.06396127,3.06718357
207,0.690000017,0.0203902887,0.00130268776,26.7734799,0.0007615853,0.00386714268,0.841329943,0.0586592908,245,6.85517575,6.29523819,0.803383346
208,0.69333335,0.0205233804,0.00131119068,25.8353798,0.000794390504,0.00406410493,0.844815626,0.0546455383,245,4.92183245,5.61343141,0.714643957
209,0.696666684,0.0206440612,0.00131890069,23.9579459,0.000861679098,0.00343647366,0.847993749,0.0489691673,245,3.3349993,4.66128089,1.3884191
210,0.700000017,0.0195771675,0.00125073935,21.6724078,0.000903322215,0.00337154127,0.850780865,0.0451640426,245,2.11852527,3.70989227,1.78202499
211,0.70333335,0.0198951251,0.00127105292,25.739154,0.000772951788,0.00396738926,0.8340987,0.0565494413,245,8.99011126,6.02045456,3.07349064
212,0.706666684,0.0205213352,0.00131106002,26.7353124,0.000767574172,0.00374397752,0.837720282,0.0586590664,245,6.8141656,6.25054169,0.804511327
213,0.710000017,0.0183232731,0.00117063098,25.7975565,0.000710271654,0.00304165592,0.841208349,0.0546455383,245,4.87921657,5.57210975,0.715245279
214,0.713333351,0.0212551228,0.00135793998,23.9216906,0.000888529289,0.00391360223,0.844386472,0.0489657154,245,3.29281998,4.62251358,1.39166958
215,0.716666684,0.0211470974,0.00135103849,21.6366281,0.000977374908,0.00369006233,0.847171204,0.0451596301,245,2.07937515,3.67460516,1.78633938
216,0.720000017,0.0205646929,0.00131383004,25.6991215,0.000800209957,0.00378507996,0.830486655,0.0565493254,245,8.95275879,5.97624157,3.08010691
217,0.723333351,0.0205782848,0.00131469839,26.6977811,0.000770786333,0.00371207908,0.834108237,0.0586589553,245,6.77408835,6.20683041,0.808206407
218,0.726666684,0.0195434921,0.00124858791,25.7621049,0.000758613945,0.00394733503,0.837591563,0.0546272837,245,4.83744884,5.53132383,0.717421947
219,0.730000018,0.0218713183,0.00139730727,23.8858919,0.000915658431,0.00371934641,0.840767302,0.0489620946,245,3.25084606,4.58603039,1.3938379
220,0.733333351,0.0211160376,0.00134905416,21.6013658,0.000977532524,0.00338395639,0.84354965,0.0451188585,245,2.04039279,3.63978944,1.79367619
221,0.736666685,0.0209001702,0.00133526289,25.6570835,0.00081459649,0.00350979784,0.8268651,0.0565169067,245,8.91554638,5.931976,3.08732996
222,0.740000018,0.0198028659,0.00126515869,26.6602825,0.000742785298,0.00383312344,0.830486638,0.0586587355,245,6.73366299,6.16489799,0.810938923
223,0.743333351,0.020762816,0.00132648766,25.726756,0.000807051462,0.00376377642,0.833969936,0.0546455383,245,4.79553233,5.48985896,0.719288646
224,0.746666685,0.0201759165,0.00128899203,23.8514622,0.00084589852,0.00326445275,0.837143308,0.0489230558,245,3.20956447,4.54711408,1.39945501
225,0.750000018,0.0206884601,0.00132173723,21.5657608,0.000959319742,0.00424760705,0.839920888,0.045078225,245,2.00248929,3.60423251,1.79828157
226,0.753333352,0.0209905986,0.00134104015,25.6153887,0.000819452668,0.00361204873,0.823236339,0.0565132254,245,8.8786523,5.88630117,3.0933783
227,0.756666685,0.0191731683,0.00122492879,26.6204474,0.00072024215,0.00386049688,0.826855536,0.0586943129,245,6.69399361,6.12133203,0.815140634
228,0.760000018,0.0201567447,0.00128776718,25.6901325,0.000784610385,0.00415457671,0.830341219,0.0546455383,245,4.75407568,5.44945565,0.721069317
229,0.763333352,0.0202157136,0.00129153457,23.8146876,0.000848875867,0.00342264082,0.833514556,0.0489193244,245,3.16815677,4.51012106,1.40251442
230,0.766666685,0.0205185521,0.00131088221,21.5297576,0.000953032195,0.00329890069,0.836287367,0.0450729193,245,1.96342959,3.57139579,1.80318032
231,0.770000019,0.0201894617,0.00128985739,25.5751444,0.000789417309,0.00346442506,0.81959805,0.0565130011,245,8.84204562,5.84311861,3.10059764
232,0.773333352,0.0204677173,0.00130763449,26.5839863,0.000769926565,0.00323098996,0.823217248,0.0586940991,245,6.65449078,6.07861073,0.816442261
233,0.776666685,0.0210797573,0.00134673629,25.6535045,0.000821710628,0.00440196409,0.826702931,0.0546455383,245,4.71285843,5.40895832,0.72289606
234,0.780000019,0.0203709205,0.00130145037,23.7772989,0.00085673821,0.00310712682,0.829876285,0.0488802561,245,3.12721858,4.47251407,1.40589394
235,0.783333352,0.0198309025,0.00126694989,21.4922724,0.000922699198,0.00369848525,0.832649096,0.0450677136,245,1.92532528,3.53777695,1.80625034
236,0.786666686,0.0208129142,0.00132968831,25.5342418,0.000815098185,0.00381369453,0.815957395,0.0565128532,245,8.8054214,5.79929628,3.10625785
237,0.790000019,0.0197217815,0.0012599784,26.5453238,0.000742947483,0.00371171106,0.819576593,0.058693958,245,6.61536556,6.03437403,0.820821226
238,0.793333353,0.0203681438,0.00130127298,25.6180959,0.000795068608,0.00350229124,0.823059918,0.0546455383,245,4.67136311,5.37046545,0.722216298
239,0.796666686,0.019811819,0.00126573069,23.7433435,0.000834415719,0.00378852915,0.826230889,0.0488768714,245,3.0857165,4.43600165,1.41080829
240,0.800000019,0.0196210193,0.00125354094,21.4576152,0.000914408201,0.00358642051,0.829001316,0.0450270348,245,1.88686456,3.5039054,1.81285837
241,0.803333353,0.0203279346,0.0012987041,25.4932634,0.000797384561,0.00376316052,0.812309614,0.0564769488,245,8.76823592,5.75553466,3.11390532
242,0.806666686,0.0195407181,0.00124841069,26.5088537,0.000737139312,0.00364494657,0.815928802,0.0587294731,245,6.57518595,5.99212014,0.82330417
243,0.81000002,0.0194900603,0.00124517428,25.5832717,0.000761828297,0.0033495483,0.819409717,0.0546813011,245,4.62962861,5.32975888,0.724096468
244,0.813333353,0.0195311445,0.00124779905,23.7096686,0.000823762865,0.00311711727,0.822578303,0.0488734843,245,3.04436478,4.39847646,1.41507407
245,0.816666686,0.0219297457,0.00140104006,21.4241691,0.00102359843,0.00460344318,0.825346345,0.0450575785,245,1.84906805,3.46890715,1.81905114
246,0.82000002,0.0200854882,0.00128321477,25.453521,0.000789104509,0.00360001446,0.808652259,0.0564767319,245,8.73233288,5.71029762,3.12162475
247,0.823333353,0.0185382597,0.00118436597,26.4728926,0.000700273292,0.00377922119,0.812269073,0.0587292342,245,6.53641156,5.94939594,0.827898747
248,0.826666687,0.0216053864,0.0013803175,25.5505772,0.00084559289,0.0038852336,0.815749988,0.0546813013,245,4.58884742,5.29038451,0.724771586
249,0.83000002,0.0200667854,0.00128201989,23.6766143,0.000847536103,0.00302144759,0.818918574,0.0488701216,245,3.00344913,4.36264753,1.41743114
250,0.833333354,0.0207176188,0.00132360011,21.3908728,0.000968526107,0.00438074642,0.821686616,0.0449815856,245,1.8110787,3.43652266,1.82481238
251,0.836666687,0.0202793694,0.00129560138,25.414282,0.000797951692,0.00330490734,0.804990156,0.0564765533,245,8.69487455,5.66797543,3.1272594
252,0.84000002,0.0186881868,0.00119394446,26.4361536,0.000706917771,0.00314835805,0.80860697,0.0587290993,245,6.49607606,5.90674392,0.830021138
253,0.843333354,0.0204959807,0.00130944017,25.5146764,0.00080330161,0.00369849328,0.812090269,0.0546813011,245,4.54728075,5.24890758,0.727921531
254,0.846666687,0.0193884833,0.00123868476,23.6401823,0.000820149484,0.00401427486,0.815258828,0.0488661124,245,2.96274968,4.32438286,1.42198422
255,0.850000021,0.0207936208,0.0013284557,21.354054,0.000973755184,0.00339080725,0.818022129,0.0450112134,245,1.77440772,3.4016766,1.82981703
256,0.853333354,0.0203489172,0.00130004463,25.3727208,0.000801999808,0.00349675467,0.801325659,0.0564763071,245,8.65967964,5.62306903,3.13364274
257,0.856666687,0.0188758182,0.00120593179,26.3976726,0.00071505615,0.00341759574,0.804942472,0.0587645928,245,6.45798392,5.86426868,0.833969029
258,0.860000021,0.0210198997,0.00134291213,25.4796543,0.000824968008,0.00439626354,0.808423387,0.0546813013,245,4.50689006,5.2104753,0.727920967
259,0.863333354,0.0205266892,0.00131140207,23.6056072,0.000869568361,0.00355384119,0.811589589,0.0488271716,245,2.92216403,4.28880321,1.42507452
260,0.866666688,0.0214480393,0.00137026497,21.3202537,0.00100599363,0.00398242486,0.814350479,0.0449699377,245,1.73680087,3.36913778,1.83542233
261,0.870000021,0.0193009663,0.00123309351,25.3328238,0.000761895575,0.00371916303,0.797651625,0.0564404099,245,8.62273847,5.58033698,3.14087233
262,0.873333354,0.0200041068,0.0012780155,26.3608015,0.000758858064,0.00385759644,0.801266054,0.0587643974,245,6.41853429,5.82076213,0.836224867
263,0.876666688,0.020688139,0.00132171672,25.4432398,0.000813109459,0.00378602695,0.804749353,0.0546813013,245,4.4656047,5.17108831,0.728508525
264,0.880000021,0.0192987271,0.00123295045,23.5698306,0.000818789385,0.00362668248,0.807917939,0.0488232783,245,2.88106135,4.25259565,1.42960701
265,0.883333355,0.0197208196,0.00125991695,21.2842896,0.000926543475,0.00373297174,0.810678803,0.0449289199,245,1.69897168,3.33643336,1.83999887
266,0.886666688,0.0186758072,0.00119315355,25.2912646,0.000738429157,0.00357747192,0.793979949,0.0564402043,245,8.58550853,5.53806699,3.14826224
267,0.890000022,0.0218132896,0.00139359996,26.3236421,0.000828657734,0.00351158986,0.797594378,0.0587642053,245,6.37797633,5.77982485,0.840091702
268,0.893333355,0.0209747257,0.00134002607,25.4086095,0.000825496797,0.00388336959,0.801072935,0.0547170639,245,4.42422758,5.12880477,0.733010536
269,0.896666688,0.0201375255,0.00128653931,23.5349243,0.000855644369,0.00356470972,0.804236753,0.0488191116,245,2.8404277,4.21515435,1.43324454
270,0.900000022,0.0192175808,0.0012277662,21.2493558,0.000904384161,0.00353562394,0.806995258,0.0449589024,245,1.66216576,3.30324884,1.84472755
271,0.903333355,0.020473356,0.00130799474,25.2513414,0.000810782909,0.00345378509,0.790296378,0.0564399688,245,8.54951318,5.49379469,3.15333624
272,0.906666689,0.0199668648,0.0012756362,26.2857338,0.000759608422,0.00318953592,0.793910807,0.0587640158,245,6.33999731,5.73479722,0.842722746
273,0.910000022,0.0193683048,0.00123739561,25.3722131,0.000763366789,0.00394792235,0.797391722,0.0546938754,245,4.38409964,5.09037222,0.731159904
274,0.913333355,0.0197748561,0.00126336921,23.4997158,0.000841493413,0.00324408592,0.800553198,0.0488154213,245,2.80043445,4.17936744,1.43812106
275,0.916666689,0.0210837981,0.00134699445,21.2134277,0.000993889267,0.00378578003,0.803306936,0.0448825346,245,1.62586702,3.27021406,1.85152115
276,0.920000022,0.0192190267,0.00122785857,25.2088249,0.000762392803,0.00311852065,0.786603287,0.056439803,245,8.51365709,5.45125728,3.1602285
277,0.923333356,0.0206430252,0.0013188345,26.2452669,0.000786542779,0.00356431246,0.790215332,0.0587995891,245,6.30119941,5.69322626,0.846112453
278,0.926666689,0.0195387124,0.00124828255,25.3336373,0.000771255709,0.00312109983,0.793693889,0.0546813013,245,4.34345927,5.05128554,0.732412412
279,0.930000023,0.0213470762,0.00136381467,23.4632448,0.000909809211,0.0035309444,0.796857681,0.048811762,245,2.76036983,4.14246566,1.44131853
280,0.933333356,0.0202712337,0.00129508162,21.1777356,0.000957195522,0.00362030974,0.799611418,0.0448768377,245,1.58934851,3.23776696,1.85530713
281,0.936666689,0.0190908077,0.00121966697,25.1678703,0.000758538863,0.00283706872,0.78291018,0.0564038478,245,8.47652023,5.40832761,3.16710274
282,0.940000023,0.0205452263,0.00131258636,26.2078406,0.000783934344,0.00352293817,0.786524609,0.0587993758,245,6.26135869,5.65064775,0.848000268
283,0.943333356,0.0200727887,0.00128240343,25.2973524,0.000793473895,0.00333384723,0.790003139,0.0546813013,245,4.30226345,5.01093216,0.734794184
284,0.94666669,0.0212212765,0.00135577762,23.4263013,0.000905873968,0.00390490732,0.793162189,0.0487724447,245,2.71958684,4.10624984,1.44457827
285,0.950000023,0.0204278828,0.00130508956,21.141291,0.000966255223,0.00316633908,0.795911158,0.0448706139,245,1.55247273,3.20491821,1.86157866
286,0.953333356,0.0189671304,0.00121176551,25.1261518,0.000754876058,0.00374023351,0.779205151,0.0564036549,245,8.44153162,5.36416738,3.1747122
287,0.95666669,0.0188290588,0.00120294444,26.1712449,0.000719455985,0.00341117568,0.782817196,0.0587991668,245,6.2232816,5.60915068,0.852857845
288,0.960000023,0.0184379056,0.00117795458,25.264445,0.000729796583,0.00309884012,0.786295727,0.0546926205,245,4.26230595,4.97198893,0.736682642
289,0.963333357,0.0201514234,0.00128742722,23.3938924,0.000861396776,0.00405930175,0.789454776,0.0487687109,245,2.67999996,4.07026949,1.44919816
290,0.96666669,0.0223725128,0.00142932741,21.108442,0.00105988461,0.0037984419,0.792201361,0.0448646629,245,1.51689787,3.17258518,1.86527351
291,0.970000023,0.0191864986,0.00122578043,25.0883542,0.000764757163,0.00350759232,0.775492996,0.0564034652,245,8.40561225,5.32244501,3.18189084
292,0.973333357,0.0190352528,0.00121611769,26.1366367,0.000728297716,0.00326967264,0.779105041,0.0587989909,245,6.18459744,5.56703304,0.855357406
293,0.97666669,0.0211854167,0.00135348663,25.2314805,0.000839642239,0.00343228461,0.782585956,0.0547170639,245,4.22191404,4.93270982,0.737470227
294,0.980000024,0.0207380994,0.00132490857,23.361505,0.000887703913,0.00342953812,0.785747347,0.048801177,245,2.64000801,4.03444851,1.45347349
295,0.983333357,0.0199653545,0.00127553971,21.0763145,0.000947288697,0.00333282021,0.788491564,0.0448589497,245,1.48070401,3.14094791,1.87126921
296,0.986666691,0.018614064,0.00118920893,25.049722,0.000743084654,0.00382896633,0.771785558,0.0564032786,245,8.36979944,5.27877776,3.18685334
297,0.990000024,0.0208314884,0.00133087497,26.0995453,0.000798155222,0.00395310226,0.775397628,0.058834521,245,6.14641816,5.52385702,0.859614958
298,0.993333357,0.0190855761,0.00121933273,25.1971819,0.000757448834,0.00366160242,0.778876159,0.0547170639,245,4.18228652,4.89303348,0.738828927
299,0.996666691,0.0198756509,0.00126980876,23.3274592,0.000852028109,0.00345107039,0.782032824,0.0487615921,245,2.6011094,3.99807718,1.45752176
300,1.00000002,0.0190878546,0.0012194783,21.0419695,0.00090713251,0.00363942815,0.784777008,0.0448534123,245,1.44559957,3.10978329,1.87590851
301,1.00333336,0.0203268059,0.00129863199,25.0100715,0.000812744811,0.00314626399,0.768068617,0.056403035,245,8.33416278,5.23702544,3.19463679
302,1.00666669,0.0216792487,0.00138503639,26.0642876,0.000831760646,0.00354958433,0.771680662,0.0588343524,245,6.10786814,5.48238677,0.861145981
303,1.01000002,0.0219437051,0.0014019319,25.1625637,0.000872077479,0.00362413485,0.775159193,0.0547170639,245,4.1417061,4.85482548,0.739005578
304,1.01333336,0.0210477888,0.0013446939,23.294283,0.00090356028,0.00309429551,0.778315858,0.0487929112,245,2.56055832,3.96341583,1.46180557
305,1.01666669,0.0205368268,0.00131204974,21.0079312,0.000977574928,0.00330073645,0.781057675,0.0448479829,245,1.41010427,3.0765164,1.88327049
306,1.02000002,0.0205856638,0.00131516982,24.9685109,0.000824465018,0.00342207432,0.764349259,0.0563911565,245,8.29832237,5.19434905,3.20146965
307,1.02333336,0.0172370267,0.00110123324,26.0256291,0.000662309705,0.00315513745,0.767958919,0.0588341595,245,6.06898782,5.44125361,0.865231014
308,1.02666669,0.0175624268,0.00112202229,25.1265735,0.000698958288,0.00306836575,0.771435066,0.0547170639,245,4.10134836,4.81536113,0.741679981
309,1.03000002,0.0195830709,0.00125111651,23.258593,0.000841971437,0.00343337478,0.774591731,0.0487539963,245,2.52092848,3.92728356,1.46518006
310,1.03333336,0.0208378502,0.00133128141,20.9742431,0.000993497122,0.00349310724,0.777331163,0.0448421011,245,1.37569408,3.04312725,1.8892912
311,1.03666669,0.0209540043,0.00133870223,24.9279258,0.000840583546,0.00369803642,0.760618004,0.0563898892,245,8.26388627,5.1509304,3.20866152
312,1.04000003,0.0191949908,0.00122632298,25.988228,0.000738603293,0.00333761237,0.764230049,0.0588696781,245,6.03205323,5.39856195,0.869768899
313,1.04333336,0.0210164543,0.00134269201,25.0924255,0.00083756169,0.00372127235,0.767706212,0.0547262095,245,4.06262463,4.77682098,0.743025933
314,1.04666669,0.0197710504,0.00126312608,23.224588,0.000851298219,0.00292245238,0.770860493,0.0487501643,245,2.48244742,3.89237165,1.4689341
315,1.05000003,0.019960477,0.0012752281,20.9394005,0.000953249689,0.00355286336,0.773597541,0.0448004641,245,1.34084582,3.01325878,1.8935028
316,1.05333336,0.0202305402,0.00129248181,24.888571,0.000812844588,0.0032543949,0.756884381,0.0563534064,245,8.22826323,5.10918666,3.21483254
317,1.05666669,0.0205252732,0.0013113116,25.9523782,0.00079088217,0.00383531428,0.760494042,0.0588695466,245,5.99318727,5.35853087,0.872988194
318,1.06000003,0.0193542395,0.00123649701,25.0586592,0.000772357347,0.00381206936,0.763972573,0.0547528267,245,4.02176835,4.73896411,0.744342856
319,1.06333336,0.0184810613,0.0011807117,23.1913989,0.00079689291,0.00295177827,0.767129238,0.048746536,245,2.44180559,3.8576465,1.47250426
320,1.06666669,0.0206912817,0.0013219175,20.9071176,0.000989676438,0.00368102738,0.769863902,0.0448298266,245,1.30451015,2.98228135,1.89835701
321,1.07000003,0.0198583465,0.00126870322,24.8502156,0.000799121699,0.0034418344,0.753150743,0.0563665219,245,8.19121749,5.06714777,3.22124324
322,1.07333336,0.0186893376,0.00119401798,25.9164532,0.000721137937,0.00368980214,0.756760404,0.0588693663,245,5.95414781,5.31501244,0.873865812
323,1.07666669,0.0199508708,0.00127461438,25.0231261,0.000797297297,0.0035145048,0.76023655,0.0547253358,245,3.98148803,4.69918961,0.744692005
324,1.08000003,0.0197070662,0.00125903827,23.1569691,0.000851020963,0.00319494409,0.763388447,0.048707498,245,2.4025576,3.82120449,1.47847504
325,1.08333336,0.0190485578,0.00121696772,20.8721151,0.000912631889,0.00319175975,0.76612071,0.0447885342,245,1.27048688,2.94990206,1.90322694
326,1.08666669,0.0184132556,0.00117637975,24.8095318,0.000742184727,0.0031887099,0.749405167,0.056330569,245,8.15724305,5.02286097,3.22754813
327,1.09000003,0.0188144149,0.00120200888,25.8795503,0.0007269993,0.00331972131,0.753017212,0.0588691653,245,5.91721166,5.27403236,0.879148945
328,1.09333336,0.0196286956,0.00125403136,24.9905251,0.000785445504,0.00411464178,0.756495759,0.0547528267,245,3.94262415,4.66132845,0.74599015
329,1.09666669,0.0199840747,0.0012767357,23.1255139,0.000864156997,0.00382237479,0.759647655,0.0487393098,245,2.3641199,3.78640467,1.48157645
330,1.10000003,0.0202043248,0.00129080696,20.8409484,0.000969453234,0.00429398674,0.762379935,0.0447830279,245,1.23650172,2.91998357,1.90814734
331,1.10333336,0.0194893416,0.00124512836,24.7711872,0.000786774626,0.00369707494,0.745666776,0.0563499556,245,8.12047874,4.98218826,3.23396
332,1.10666669,0.0198952854,0.00127106316,25.8434303,0.000769839186,0.00304136065,0.749276437,0.0589047305,245,5.87785058,5.23234134,0.881965768
333,1.11000003,0.019375588,0.00123786091,24.9559142,0.000776392632,0.00338920101,0.752752583,0.0547528269,245,3.90186264,4.62229371,0.747934396
334,1.11333336,0.0199492779,0.00127451262,23.0904725,0.000863961444,0.00338721849,0.75590448,0.0487359676,245,2.3236048,3.75222818,1.48505341
335,1.11666669,0.0201408464,0.00128675147,20.8059459,0.000968033199,0.00307996531,0.758631991,0.0448121065,245,1.20233391,2.88711616,1.91662273
336,1.12000003,0.0189583454,0.00121120426,24.7280858,0.000766672581,0.003319789,0.741914073,0.0563130918,245,8.0859548,4.93997183,3.24083808
337,1.12333336,0.0182080788,0.00116327148,25.8032833,0.000705649686,0.00329943325,0.745523734,0.0589045405,245,5.841066,5.19000698,0.885126546
338,1.12666669,0.020133472,0.00128628034,24.9174334,0.000808007459,0.00405185451,0.749002255,0.0547528269,245,3.86360182,4.58354851,0.747788694
339,1.13000003,0.0196576063,0.0012558784,23.0539799,0.000852677343,0.00352429151,0.752151768,0.0486965626,245,2.28616912,3.71694795,1.48921533
340,1.13333336,0.0189404776,0.00121006273,20.7697114,0.000911927817,0.00331481893,0.754876895,0.0447705677,245,1.16981996,2.85721607,1.92008077
341,1.13666669,0.019099204,0.00122020339,24.6882311,0.000773615735,0.00337015939,0.738158967,0.0563119522,245,8.05176066,4.89828715,3.24752413
342,1.14000003,0.0186381525,0.00119074788,25.7676697,0.000723315405,0.0033213299,0.741768628,0.0589043559,245,5.80397416,5.14917369,0.889343815
343,1.14333336,0.0194020203,0.00123954961,24.8854049,0.000779654597,0.00306585026,0.745244775,0.0547528267,245,3.8249804,4.54505799,0.750580151
344,1.14666669,0.019160877,0.00122414353,23.0225227,0.000832266614,0.00329763493,0.748394287,0.0487286112,245,2.24822088,3.68192765,1.49262044
345,1.15000003,0.0192733767,0.00123133087,20.7392808,0.000929317505,0.00332788502,0.751119414,0.0447652774,245,1.13731534,2.82671577,1.92390465
346,1.15333336,0.0187898719,0.00120044088,24.6529415,0.000762175657,0.00329497749,0.734399111,0.0563107775,245,8.01771442,4.85594355,3.2526013
347,1.15666669,0.020408665,0.00130386178,25.7339395,0.000793064154,0.00322492485,0.738008772,0.0589399379,245,5.76699439,5.10857216,0.893645254
348,1.16000003,0.0187807229,0.00119985638,24.8542934,0.000755632945,0.0035442013,0.741487279,0.0547528267,245,3.78619824,4.50734671,0.751960899
349,1.16333336,0.0190455526,0.00121677572,22.9911913,0.000828384767,0.00321262514,0.744634407,0.04868952,245,2.20952272,3.64855109,1.49692422
350,1.16666669,0.0185642059,0.00118602361,20.7074483,0.00089649896,0.00355674386,0.74735715,0.0447590316,245,1.10418772,2.7963255,1.93121016
351,1.17000003,0.0193307387,0.00123499559,24.6127557,0.00078539514,0.00372060433,0.730636838,0.0563097228,245,7.98279127,4.81398086,3.25999366
352,1.17333336,0.0185651309,0.00118608271,25.6976789,0.000722443883,0.0034747289,0.734246499,0.0589397643,245,5.72942064,5.06763833,0.895104414
353,1.1766667,0.0190558513,0.00121743368,24.8186413,0.000767803968,0.00332269402,0.737722646,0.0547586901,245,3.74696071,4.46945796,0.752232898
354,1.18000003,0.0189331235,0.00120959289,22.958,0.000824685229,0.0030879256,0.740869774,0.0486861658,245,2.17124065,3.61348501,1.50121207
355,1.18333336,0.0180209385,0.00115131553,20.6751785,0.000871621904,0.00334606019,0.743590133,0.0447531689,245,1.0726729,2.76486592,1.93743034
356,1.1866667,0.0187211921,0.00119605309,24.5737509,0.000761836978,0.00326069519,0.726869821,0.0563086964,245,7.94846102,4.77344867,3.26700138
357,1.19000003,0.0192868896,0.00123219418,25.6620517,0.000751572393,0.00290803925,0.730479482,0.0589395754,245,5.6925013,5.02663923,0.899447367
358,1.19333336,0.0179505988,0.00114682169,24.7867081,0.000724202614,0.00336704214,0.733958012,0.0547528271,245,3.70869264,4.43091871,0.754504139
359,1.1966667,0.0198969598,0.00127117013,22.9262692,0.000867867319,0.0033147934,0.737105156,0.048718483,245,2.13347063,3.57932704,1.50313085
360,1.20000003,0.0173838521,0.00111061357,20.644705,0.000842048944,0.00313351648,0.739823131,0.0447831462,245,1.04078131,2.73491425,1.9429678
361,1.20333336,0.0188646794,0.00120522016,24.536165,0.000768851995,0.00319157471,0.723100435,0.0562719214,245,7.91405298,4.73256492,3.274307
362,1.2066667,0.0192668169,0.00123091178,25.6276138,0.000751799096,0.00359875971,0.726710096,0.0589393935,245,5.65558238,4.98538709,0.902287318
363,1.21000003,0.0189026712,0.00120764736,24.7538796,0.000763624592,0.00331869304,0.730188626,0.0547579518,245,3.66995596,4.39358872,0.754814252
364,1.21333336,0.018751453,0.00119798639,22.8946994,0.000819030322,0.00330648758,0.733335763,0.0486794329,245,2.09524306,3.54541356,1.508313
365,1.2166667,0.0183433922,0.00117191634,20.61304,0.00088989262,0.00339477171,0.736053714,0.0447777687,245,1.00866149,2.70550046,1.94711536
366,1.22000003,0.019322646,0.00123447857,24.4988578,0.000788716201,0.00353833532,0.719328673,0.0562709718,245,7.87892063,4.6918645,3.28110305
367,1.22333336,0.0199655136,0.00127554988,25.5938079,0.000780091564,0.00357872667,0.722938334,0.0589749992,245,5.61742922,4.94558303,0.905473808
368,1.2266667,0.018415332,0.0011765124,24.721488,0.000744911957,0.00327429936,0.726416864,0.0547575698,245,3.6298029,4.35687476,0.756387494
369,1.23000003,0.0192007575,0.0012266914,22.8617337,0.000839864456,0.00286920889,0.729563954,0.0486761386,245,2.0555071,3.51167972,1.514316
370,1.23333336,0.0183155208,0.0011701357,20.5788274,0.000890017707,0.00343471264,0.732277175,0.0447720202,245,0.975991831,2.67455697,1.95393006
371,1.2366667,0.0178909432,0.00114301043,24.4570143,0.000731526055,0.00305755132,0.715552095,0.0562342553,245,7.84398367,4.64907962,3.28711128
372,1.24000003,0.0188358542,0.00120337859,25.5546111,0.000737082405,0.00356736107,0.719161756,0.0589748486,245,5.58068731,4.90314398,0.90845822
373,1.24333336,0.0186251858,0.00118991947,24.6855105,0.00075449871,0.00298012249,0.722640286,0.0547572228,245,3.59194523,4.31821189,0.756566694
374,1.2466667,0.0180025671,0.00115014182,22.8286159,0.000788596522,0.00347956618,0.725787415,0.0487086074,245,2.01838235,3.47763183,1.51547105
375,1.25000003,0.0198236784,0.00126648836,20.5484762,0.000964727418,0.00330025717,0.72850299,0.0447669756,245,0.946070169,2.6449144,1.9587069
376,1.25333336,0.019050447,0.00121708842,24.4203939,0.000780104001,0.00338357308,0.711777925,0.0562331594,245,7.81016334,4.6087333,3.29412394
377,1.2566667,0.0191574146,0.00122392232,25.5218158,0.00075062898,0.00326016619,0.71538521,0.0589746858,245,5.54418336,4.86268061,0.9125682
378,1.26000003,0.0185149113,0.00118287429,24.6546836,0.000750969332,0.00328265667,0.718861357,0.0547568697,245,3.55354152,4.28156207,0.758102141
379,1.26333336,0.0181271698,0.00115810239,22.79704,0.000795154535,0.00319263028,0.722006101,0.0487055102,245,1.98061894,3.4439924,1.52127213
380,1.2666667,0.0186319145,0.00119034935,20.5160716,0.000908161895,0.00355754728,0.724716923,0.0447618953,245,0.91504011,2.61632151,1.96285511
381,1.27000003,0.0188650291,0.0012052425,24.3821489,0.000773722987,0.00308549393,0.707991843,0.0562322602,245,7.77567598,4.56710767,3.298907
382,1.27333336,0.0172077999,0.00109936601,25.4855772,0.000675197574,0.00305219399,0.711601504,0.0589745299,245,5.50735582,4.82180735,0.914796657
383,1.2766667,0.0167007035,0.00106696881,24.6200784,0.00067833673,0.00261560128,0.715080034,0.0547885897,245,3.51528485,4.24392394,0.758509055
384,1.28000003,0.0194139364,0.0012403109,22.7643989,0.000852820073,0.00320847027,0.718224779,0.0487021818,245,1.94329197,3.40985145,1.52429263
385,1.28333336,0.0178091448,0.00113778453,20.4852048,0.000869366207,0.00313896362,0.720935601,0.0448276368,245,0.886018402,2.58614322,1.96856755
386,1.2866667,0.0189717504,0.00121206067,24.3439431,0.000779321176,0.00326711768,0.704212881,0.0561953762,245,7.74146382,4.52575096,3.3050061
387,1.29000003,0.0185807362,0.00118707969,25.44962,0.000730098768,0.00321361769,0.707822542,0.058974397,245,5.47080402,4.78104278,0.918434133
388,1.29333336,0.0178943796,0.00114322998,24.58763,0.000727779765,0.00341047701,0.711301073,0.0547885895,245,3.47780541,4.20529195,0.760646318
389,1.2966667,0.0182784369,0.0011677665,22.7326201,0.000804062041,0.00303690783,0.714445817,0.0486997543,245,1.90612438,3.37726097,1.52773213
390,1.30000003,0.0179542237,0.00114705327,20.4531655,0.000877821269,0.0033643328,0.717154254,0.0447871572,245,0.856595037,2.55724486,1.97504605
391,1.30333336,0.0183614392,0.00117306932,24.3050764,0.000755456962,0.00337752779,0.700426791,0.0561943645,245,7.70808237,4.48644183,3.31310342
392,1.3066667,0.0176110962,0.00112513166,25.4151048,0.000692938169,0.00276223919,0.704038836,0.0590099699,245,5.43432113,4.74221166,0.922675823
393,1.31000003,0.0182402041,0.0011653239,24.5559402,0.000742802107,0.00349691592,0.707517366,0.0547916432,245,3.43908827,4.16972703,0.761884752
394,1.31333337,0.0185906575,0.00118771354,22.7020725,0.000818896932,0.00286216838,0.71066211,0.0486967734,245,1.86803864,3.34383745,1.53234543
395,1.3166667,0.0184873051,0.0011811106,20.4228164,0.000905227989,0.0029803267,0.713368164,0.0447819141,245,0.826940533,2.52787397,1.97985336
396,1.32000003,0.016591883,0.00106001652,24.2679699,0.000683694725,0.00289458045,0.6966407,0.0561935677,245,7.67394304,4.44545257,3.31958858
397,1.32333337,0.0190846928,0.0012192763,25.3821788,0.000751893406,0.00330176303,0.700250361,0.0590098509,245,5.3976444,4.70221704,0.926096236
398,1.3266667,0.0182155001,0.00116374561,24.5255296,0.00074271587,0.00316722561,0.703728891,0.0547913344,245,3.40097301,4.13256277,0.763460401
399,1.33000003,0.0181615426,0.0011602984,22.6716754,0.000801067511,0.00287738886,0.706873635,0.0486942489,245,1.83046692,3.31085856,1.53592015
400,1.33333337,0.018630282,0.00119024506,20.3928904,0.000913567508,0.00317990066,0.709579689,0.0448129231,245,0.797889288,2.4991203,1.98647387
401,1.3366667,0.0178637069,0.00114127037,24.2303894,0.000737243905,0.00309783765,0.692852225,0.056192511,245,7.63997191,4.40415558,3.32447331
402,1.34000003,0.0187248888,0.00119628926,25.3459273,0.00073877308,0.00316554948,0.696461886,0.0590097231,245,5.36151625,4.66148044,0.93016427
403,1.34333337,0.0185962663,0.00118807187,24.4921023,0.000759276035,0.00308476455,0.699940416,0.0547885897,245,3.36340307,4.09555344,0.76360828
404,1.3466667,0.0188049894,0.0012014067,22.6401556,0.000830603365,0.0031027417,0.70308516,0.0486916253,245,1.79371671,3.27775994,1.53943084
405,1.35000003,0.0195908207,0.00125161162,20.3629427,0.000962082002,0.0031998852,0.70578883,0.0448085352,245,0.771023824,2.47021298,1.99104749
406,1.35333337,0.0167671608,0.00107121461,24.1941721,0.000693024778,0.00281919124,0.689058982,0.056155993,245,7.60642238,4.36460715,3.33141906
407,1.3566667,0.0191168594,0.00122133135,25.3127297,0.0007552271,0.00330062728,0.692668642,0.0590453386,245,5.32545827,4.62175339,0.933030697
408,1.36000003,0.0186906231,0.00119410011,24.4608949,0.000764102179,0.00339577004,0.696147173,0.0547907241,245,3.32575895,4.05913541,0.76555481
409,1.36333337,0.0174130384,0.00111247822,22.608816,0.000770187986,0.00309637357,0.699291917,0.0487246919,245,1.7572435,3.2440388,1.54462942
410,1.3666667,0.0184301452,0.00117745879,20.3321976,0.000906451213,0.00347565199,0.701995586,0.0448399214,245,0.744854188,2.4409456,1.99639287
411,1.37000003,0.0189996744,0.00121384467,24.1568251,0.000786513721,0.00289099536,0.685265738,0.0561550339,245,7.57392097,4.32409934,3.33785755
412,1.37333337,0.0166838322,0.00106589094,25.2776199,0.000660023858,0.00323646551,0.688877783,0.0590452384,245,5.29055261,4.58192785,0.9373716
413,1.3766667,0.0179297705,0.00114549102,24.4291031,0.000733951242,0.00304234128,0.692356351,0.0547904542,245,3.28951962,4.02218227,0.766988408
414,1.38000003,0.0171827399,0.00109776498,22.5782906,0.000761029264,0.00324651335,0.695498711,0.0487224961,245,1.72129868,3.21205968,1.54798686
415,1.38333337,0.0176920063,0.00113030082,20.3024818,0.00087142087,0.00268763346,0.698199996,0.0448715672,245,0.718988073,2.41277067,2.00095348
416,1.3866667,0.0172561814,0.00110245699,24.1205188,0.000715415018,0.00313570041,0.681470147,0.0561184965,245,7.54147117,4.28344369,3.34497948
417,1.39000003,0.0185006575,0.00118196365,25.2463236,0.000732806004,0.0031134925,0.685082192,0.0590451209,245,5.25535895,4.54301457,0.940437634
418,1.39333337,0.0183025567,0.00116930746,24.4001268,0.000750100886,0.00305931084,0.688563107,0.0548243523,245,3.2520619,3.98733246,0.766688127
419,1.3966667,0.0186132061,0.00118915412,22.5513886,0.000825368515,0.00301766429,0.691707852,0.0487560248,245,1.68406411,3.18057088,1.55268954
420,1.40000003,0.0184157571,0.00117653956,20.2748219,0.000908306727,0.00339680081,0.694409137,0.0448319154,245,0.692522324,2.38549121,2.00800688
421,1.40333337,0.0174168878,0.00111272414,24.0834681,0.000723188527,0.00278302165,0.677679288,0.0561177209,245,7.50706854,4.24338481,3.3488612
422,1.4066667,0.0174981488,0.00111791572,25.2102057,0.000694089885,0.00297913453,0.681291333,0.059044991,245,5.21934058,4.5020505,0.942946354
423,1.41000003,0.019408335,0.00123995304,24.3662901,0.000796524006,0.00343549786,0.68477461,0.0548243523,245,3.21521737,3.94984648,0.767284516
424,1.41333337,0.0184525277,0.00117888875,22.5201262,0.000819379409,0.0030985879,0.68791934,0.048718292,245,1.64805197,3.1480348,1.55591019
425,1.4166667,0.0184042692,0.00117580563,20.2456186,0.000909049486,0.00287620041,0.690615856,0.044864126,245,0.668346552,2.35774137,2.01110141
426,1.42000003,0.0190742731,0.00121861061,24.0492987,0.000793132195,0.00342666319,0.673883624,0.0561169206,245,7.4738155,4.20446813,3.35476791
427,1.42333337,0.0174230802,0.00111311976,25.1785626,0.000691980734,0.00318623593,0.677495669,0.059044892,245,5.18351124,4.46322955,0.947128338
428,1.4266667,0.0180470646,0.00115298467,24.3379722,0.000741518829,0.0029797157,0.680978968,0.0547897231,245,3.1776793,3.91419883,0.768724604
429,1.43000003,0.0179033413,0.00114380252,22.4915367,0.000796003472,0.00306285074,0.684123712,0.0487521605,245,1.61123441,3.11583883,1.55945912
430,1.43333337,0.0179053323,0.00114392972,20.2182509,0.000885602441,0.00297052974,0.686755893,0.0449322138,245,0.644841638,2.32837945,2.01972249
431,1.4366667,0.0184026892,0.00117570469,24.0121092,0.000766392033,0.00312575934,0.670092765,0.0560804208,245,7.44140226,4.16418056,3.36296327
432,1.44000003,0.0177897737,0.00113654695,25.1457158,0.000707467381,0.00316549034,0.673707194,0.0590805552,245,5.14849447,4.42469783,0.951309781
433,1.44333337,0.0177412123,0.00113344448,24.3080386,0.000729849602,0.00318645721,0.677188109,0.0548252545,245,3.14132805,3.87806573,0.770758497
434,1.4466667,0.0183059073,0.00116952152,22.4626219,0.000814949711,0.00334258537,0.680332853,0.0487506121,245,1.57523498,3.08452965,1.56192525
435,1.45000004,0.0185527473,0.00118529154,20.1908719,0.00091886806,0.00285761482,0.682888717,0.0449291654,245,0.621981498,2.30125448,2.02495417
436,1.45333337,0.0178481541,0.00114027674,23.9775447,0.000744369546,0.00312311957,0.666297137,0.0560797374,245,7.40839118,4.12456227,3.36797526
437,1.4566667,0.016810684,0.00107399521,25.1134185,0.000669390511,0.00301181588,0.669911567,0.0590447115,245,5.1136309,4.3846023,0.955292223
438,1.46000004,0.0168035957,0.00107354235,24.2792449,0.000692097132,0.00282672023,0.67339725,0.0547893119,245,3.10519198,3.84194014,0.771037461
439,1.46333337,0.0188041589,0.00120135365,22.4349792,0.000838162532,0.00315750006,0.676541994,0.0487847391,245,1.5404406,3.0519035,1.56646367
440,1.4666667,0.0182596906,0.00116656884,20.163288,0.000905590923,0.00320882353,0.679019165,0.0449621702,245,0.601589457,2.2749103,2.02908453
441,1.47000004,0.0174558539,0.0011152136,23.9425977,0.000729071009,0.00308871364,0.662506278,0.0560791449,245,7.37452538,4.08617539,3.37309686
442,1.47333337,0.0172831419,0.00110417943,25.0805936,0.000689104179,0.00286975846,0.666120707,0.0590803945,245,5.07787217,4.34494444,0.957186893
443,1.4766667,0.0185144026,0.0011828418,24.2472025,0.000763568608,0.00325678197,0.669606391,0.0547891514,245,3.06819169,3.80619733,0.772083507
444,1.48000004,0.0172671678,0.00110315888,22.4055733,0.000770663955,0.00329943691,0.672751135,0.0487834631,245,1.50415334,3.02069143,1.570691
445,1.48333337,0.0192662379,0.00123087479,20.1349415,0.000956855914,0.00327042505,0.67515441,0.045031172,245,0.582016254,2.24678476,2.03472761
446,1.4866667,0.0178366429,0.00113954132,23.9077222,0.000746061996,0.00339813244,0.658715433,0.0560428035,245,7.34283357,4.04692052,3.38038103
447,1.49000004,0.0190653638,0.00121804141,25.0493267,0.000761112824,0.00339321993,0.662329862,0.0590803196,245,5.04427159,4.30571138,0.959426473
448,1.49333337,0.0183925644,0.00117505784,24.2179591,0.000759459719,0.00341268379,0.665815545,0.0547889928,245,3.03317366,3.77095901,0.772626134
449,1.4966667,0.0182582713,0.00116647817,22.3769039,0.000815942697,0.00298598024,0.668962674,0.0487823925,245,1.46982256,2.98918621,1.57430235
450,1.50000004,0.0175967192,0.00112421315,20.1075817,0.00087512857,0.00300429708,0.671287265,0.045064978,245,0.562510524,2.22063651,2.0385255
451,1.50333337,0.017082595,0.00109136696,23.8730196,0.000715560716,0.00296517221,0.654919813,0.056042216,245,7.3110489,4.00812776,3.38544477
452,1.5066667,0.0175424062,0.00112074322,25.0166696,0.00070122868,0.00278002476,0.658534242,0.0590802663,245,5.00987726,4.26807089,0.965185154
453,1.51000004,0.0184023688,0.00117568422,24.1894758,0.000760759305,0.0030379302,0.662019926,0.0547888654,245,2.99741046,3.73565293,0.774344752
454,1.51333337,0.0173564457,0.00110886264,22.350339,0.000776562971,0.00312741605,0.665167054,0.0487815448,245,1.43475681,2.958195,1.57796452
455,1.5166667,0.0184178899,0.00117667582,20.0819434,0.00091713683,0.00308469321,0.667427243,0.0450634104,245,0.545655812,2.19375034,2.04476764
456,1.52000004,0.0181932135,0.00116232177,23.8395338,0.000763153074,0.00320752025,0.651131338,0.0560060026,245,7.27898282,3.96912111,3.39268443
457,1.52333337,0.0173448588,0.00110812238,24.9881511,0.000694123336,0.00287793505,0.654750536,0.0591159685,245,4.97563206,4.22964814,0.967820356
458,1.5266667,0.018228208,0.00116455749,24.163406,0.000754372459,0.00280570837,0.658240966,0.0548245171,245,2.96178716,3.70064324,0.7749486
459,1.53000004,0.0169677262,0.00108402826,22.3259316,0.000760000812,0.00298605756,0.66138571,0.0488166931,245,1.39969952,2.92815106,1.58117373
460,1.53333337,0.0189561929,0.00121106674,20.0587795,0.00094503222,0.00346648085,0.663567278,0.0450978899,245,0.530789652,2.16776749,2.05102283
461,1.5366667,0.0175713089,0.00112258975,23.8077826,0.000738048949,0.00324721477,0.647349994,0.0560055869,245,7.24582005,3.93147689,3.39801599
462,1.54000004,0.0173496527,0.00110842865,24.9582906,0.000695145873,0.00293604103,0.650969192,0.0590801672,245,4.94051694,4.1911754,0.970184718
463,1.54333337,0.017911389,0.00114431667,24.1354156,0.000742120595,0.0031643153,0.654459643,0.0547886743,245,2.92507613,3.66656818,0.775566318
464,1.5466667,0.0164969182,0.00105394944,22.2991017,0.000739801916,0.00289737564,0.657606772,0.0488521093,245,1.36433466,2.89645767,1.58734176
465,1.55000004,0.0173253658,0.00110687702,20.0320296,0.000864883197,0.00288280553,0.659704893,0.0450971772,245,0.516767765,2.1404588,2.05528
466,1.55333337,0.0171337877,0.00109463754,23.7736343,0.000720705447,0.00296486602,0.643566288,0.055969497,245,7.2147461,3.89096121,3.40327286
467,1.5566667,0.0173336837,0.00110740843,24.9270598,0.000695376186,0.00303628801,0.647185485,0.0591159071,245,4.90767016,4.1525486,0.976091939
468,1.56000004,0.0176497416,0.00112760063,24.1091291,0.000732077113,0.00302336705,0.650675937,0.0548243818,245,2.89150598,3.63078926,0.777024268
469,1.56333337,0.0176200246,0.00112570208,22.2739597,0.000791059374,0.0027609793,0.653823065,0.0488520161,245,1.33205658,2.86573804,1.58920753
470,1.5666667,0.0171066515,0.00109290388,20.0091472,0.000854941558,0.00296206383,0.655859197,0.0451683998,245,0.506886926,2.11486317,2.06218816
471,1.57000004,0.0174667639,0.00111591061,23.741974,0.000735691309,0.00292482651,0.639784965,0.0559691858,245,7.18382494,3.85462864,3.40943397
472,1.57333337,0.0170780462,0.00109107635,24.8978295,0.000685925099,0.00311807042,0.643406547,0.0591158894,245,4.874324,4.11570635,0.979242267
473,1.5766667,0.0173094857,0.00110586248,24.0819814,0.000718773318,0.00313126118,0.646899383,0.0548243523,245,2.85637489,3.59748553,0.777481941
474,1.58000004,0.0179193842,0.00114482746,22.2480445,0.00080543637,0.00323458234,0.650046511,0.0488879733,245,1.29804799,2.83527108,1.59524366
475,1.58333337,0.0176237819,0.00112594213,19.9826997,0.000881951998,0.00291423105,0.652011082,0.045240171,245,0.496637736,2.08932825,2.06627073
476,1.58666671,0.0181720327,0.00116096858,23.7085845,0.000766474805,0.0027316344,0.636006027,0.0559689597,245,7.15223164,3.81616342,3.41501865
477,1.59000004,0.0176630583,0.0011284514,24.8666202,0.000710311983,0.00326664274,0.639629993,0.0591158875,245,4.84080581,4.07796195,0.982903984
478,1.59333337,0.0181344531,0.00115856771,24.0544838,0.00075389076,0.00313498425,0.643125213,0.0548243597,245,2.8213456,3.56388433,0.777133687
479,1.59666671,0.0169744847,0.00108446005,22.2240524,0.00076378891,0.00327306002,0.64627711,0.0488884855,245,1.26290816,2.80717676,1.59816112
480,1.60000004,0.0185707526,0.00118644186,19.9600823,0.000930394593,0.00346138393,0.648163016,0.0452767671,245,0.488466053,2.06337357,2.07291008
481,1.60333337,0.0170609243,0.00108998247,23.6764575,0.000720586022,0.00313819904,0.632234255,0.0559330603,245,7.11925094,3.77909431,3.42171538
482,1.60666671,0.0178784064,0.00114220949,24.8380959,0.000719797786,0.00324542597,0.635855837,0.0591159036,245,4.80601875,4.04043424,0.986005561
483,1.61000004,0.0180937431,0.00115596684,24.0280471,0.000753025953,0.00307708573,0.639351056,0.0548243944,245,2.78608003,3.52874917,0.780051304
484,1.61333337,0.0180138465,0.00115086243,22.1972275,0.000811535876,0.00273713726,0.642502953,0.048925084,245,1.2294845,2.77645066,1.60085254
485,1.61666671,0.0175739877,0.00112276089,19.9365755,0.0008814948,0.0031857833,0.644326865,0.0453139352,245,0.483256195,2.0384239,2.07718542
486,1.62000004,0.017762313,0.00113479255,23.6451188,0.000751204217,0.00320332515,0.628467224,0.0559330002,245,7.08809238,3.74068592,3.42566675
487,1.62333337,0.0184242213,0.00117708032,24.8087203,0.000742651018,0.00288873982,0.63209119,0.0591159301,245,4.77336544,4.00266977,0.989319756
488,1.62666671,0.0175632134,0.00112207255,24.0020204,0.000731738961,0.00303862531,0.635588794,0.0548243523,245,2.75271992,3.49444016,0.781035811
489,1.63000004,0.0185252434,0.00118353438,22.1730297,0.000835485434,0.00322339489,0.638740691,0.0489620358,245,1.19797203,2.7462622,1.60407297
490,1.63333337,0.0175110048,0.00111873706,19.91369,0.000879345056,0.00285120446,0.640493069,0.0453517163,245,0.480341232,2.01425559,2.08206364
491,1.63666671,0.0170856579,0.00109156264,23.6149184,0.000723511197,0.0032267787,0.624702604,0.0558972754,245,7.05734452,3.70429353,3.43190153
492,1.64000004,0.0177521536,0.00113414349,24.7817885,0.000716338675,0.00283481837,0.628328954,0.0591517276,245,4.74097415,3.96534535,0.993177975
493,1.64333337,0.0170087317,0.00108664801,23.9785915,0.000709329894,0.00277616602,0.631828943,0.0548245579,245,2.71905692,3.46127563,0.780904713
494,1.64666671,0.0182377925,0.00116516982,22.1529745,0.000823266082,0.00269642577,0.634980847,0.0489992916,245,1.16499732,2.7180054,1.60773097
495,1.65000004,0.0168004813,0.00107334338,19.8950149,0.000844456835,0.00294641265,0.636666461,0.0454615265,245,0.479213352,1.98941303,2.08793298
496,1.65333337,0.0165223109,0.00105557172,23.5860607,0.000700511676,0.00304810129,0.620942747,0.0558974027,245,7.02523061,3.66717988,3.4370742
497,1.65666671,0.016758832,0.0010706825,24.7544802,0.000677001977,0.00343899011,0.624571481,0.0591160338,245,4.7074795,3.92797192,0.996445494
498,1.66000004,0.0186552985,0.0011918433,23.9543424,0.000778785664,0.00283559822,0.628073854,0.0548247026,245,2.68498079,3.42734324,0.781499699
499,1.66333337,0.0172955513,0.00110497224,22.1303532,0.000781530739,0.00292553426,0.631228135,0.0490012172,245,1.13318913,2.68838574,1.61165058
500,1.66666671,0.0178365509,0.00113953544,19.8742005,0.000897472625,0.00301092252,0.632846999,0.0455008184,245,0.482031673,1.96533541,2.09279391
501,1.67000004,0.0174968209,0.00111783088,23.5582539,0.000742704487,0.00324870442,0.617192411,0.0558618839,245,6.99519467,3.63099296,3.44326853
502,1.67333337,0.0185011447,0.00118199478,24.7296114,0.000748137302,0.00292735892,0.62082353,0.0591518625,245,4.67533213,3.89235794,0.999025229
503,1.67666671,0.0186133119,0.00118916088,23.9314596,0.000777775873,0.00308388236,0.624325902,0.0548248581,245,2.65169753,3.3949742,0.783113748
504,1.68000004,0.0163780014,0.00104635213,22.1087752,0.000740791892,0.00300266895,0.627480183,0.0490393311,245,1.10128173,2.66003157,1.61619842
505,1.68333337,0.0167548538,0.00107042835,19.8539338,0.000843905996,0.00293428117,0.62903229,0.0456116732,245,0.484836126,1.94111588,2.09837724
506,1.68666671,0.016800962,0.00107337409,23.5287132,0.000714062086,0.00289001973,0.613444488,0.0558621778,245,6.96478019,3.59407132,3.4487341
507,1.69000004,0.0173279752,0.00110704373,24.7029379,0.000701454025,0.00290724379,0.617077991,0.0591519618,245,4.64357368,3.8556718,1.00377396
508,1.69333337,0.0181534809,0.00115978335,23.90981,0.000759248227,0.00321911266,0.620585132,0.0548250986,245,2.61902254,3.36241084,0.782672915
509,1.69666671,0.0180969768,0.00115617344,22.0901607,0.000819232466,0.00299611212,0.623741763,0.0490777335,245,1.070523,2.63175299,1.62000723
510,1.70000004,0.0159414498,0.00101846187,19.8363106,0.000803649941,0.00257898992,0.625224741,0.0456882235,245,0.490734432,1.91770506,2.10307612
511,1.70333337,0.0173466251,0.00110823523,23.5025065,0.000738075536,0.00366078351,0.609706048,0.055826887,245,6.93447513,3.55809095,3.45434891
512,1.70666671,0.0160840584,0.0010275728,24.6798056,0.000651709283,0.003088236,0.613339551,0.0591520803,245,4.61206598,3.81927462,1.005729
513,1.71000004,0.0170602578,0.00108993989,23.8884202,0.000714164338,0.00327427238,0.616846691,0.054789614,245,2.58695767,3.32980095,0.783255169
514,1.71333337,0.0183319088,0.00117118269,22.0707998,0.000830595582,0.00313989575,0.620005741,0.0491167417,245,1.04078161,2.60349617,1.62313903
515,1.71666671,0.0168775271,0.00107826566,19.8186411,0.000851598605,0.00268326849,0.621424366,0.0457651384,245,0.498892957,1.89470664,2.1081684
516,1.72000004,0.017731131,0.00113280041,23.4761105,0.000755284015,0.00298426006,0.605974793,0.0558274254,245,6.9050658,3.52192546,3.45871995
517,1.72333338,0.016551118,0.00105741214,24.6552235,0.000671302694,0.00257920004,0.609613064,0.0591522377,245,4.58107435,3.78372333,1.01171473
518,1.72666671,0.017206316,0.0010992712,23.8686006,0.000720876612,0.0029410469,0.613124974,0.0547899026,245,2.55530084,3.29773436,0.784466049
519,1.73000004,0.0167185652,0.00106810995,22.0524716,0.000758126597,0.00312955311,0.616286407,0.0491560416,245,1.01106134,2.57692716,1.62547701
520,1.73333338,0.0165158712,0.0010551603,19.8033836,0.000833992389,0.00300741541,0.617640659,0.045843097,245,0.509800014,1.87232493,2.11411002
521,1.73666671,0.0152120962,0.000971865178,23.4507761,0.000648681995,0.00268282696,0.602257876,0.0557924237,245,6.87452393,3.48696674,3.46360734
522,1.74000004,0.0162925329,0.00104089174,24.6324099,0.00066142667,0.00282132259,0.605896148,0.0591523744,245,4.54966406,3.74736125,1.01297366
523,1.74333338,0.0169511485,0.00108296915,23.847585,0.000710811956,0.00307260855,0.609410421,0.0548260377,245,2.52368639,3.26534588,0.784798363
524,1.74666671,0.0164748643,0.00105254047,22.0351289,0.000747663624,0.00308231457,0.612574239,0.0491959901,245,0.982583294,2.5493034,1.6288663
525,1.75000004,0.0179863155,0.00114910355,19.7873634,0.000908979894,0.00291619589,0.613864085,0.0459576133,245,0.522622528,1.85002834,2.1195228
526,1.75333338,0.0176449499,0.0011272945,23.4256139,0.000753233187,0.00329560722,0.598543299,0.0557574628,245,6.84521157,3.45180708,3.46905174
527,1.75666671,0.0178326005,0.00113928305,24.6096404,0.00072461849,0.00262242142,0.602183954,0.0591525747,245,4.51868258,3.71307745,1.01633394
528,1.76000004,0.0173128262,0.0011060759,23.8273705,0.000726594075,0.003049115,0.605700632,0.0547906962,245,2.49210375,3.23422418,0.786224594
529,1.76333338,0.0174342807,0.00111383533,22.0157929,0.000791898831,0.00293814662,0.608866834,0.049236232,245,0.954003319,2.52242368,1.63312893
530,1.76666671,0.018687412,0.00119389496,19.7704236,0.000945220616,0.00310235647,0.610097075,0.0460015414,245,0.535887113,1.82776573,2.1242338
531,1.77000004,0.0165879654,0.00105976623,23.3998776,0.000708891118,0.00245544769,0.594840654,0.0557583861,245,6.81535102,3.41760673,3.47575769
532,1.77333338,0.0162319231,0.00103701953,24.5877246,0.000660163697,0.00259290105,0.598486078,0.0591527579,245,4.48746179,3.67871342,1.02083723
533,1.77666671,0.0164224902,0.00104919442,23.8100167,0.000689730313,0.00302292977,0.602007524,0.0547911631,245,2.46051476,3.20324519,0.786663797
534,1.78000004,0.018036619,0.00115231732,22.0025705,0.000819750538,0.00288210834,0.605176103,0.049312899,245,0.92620543,2.49575542,1.63697592
535,1.78333338,0.01770713,0.00113126704,19.7589122,0.000896159156,0.00289667912,0.606339607,0.0461537107,245,0.552018348,1.80649301,2.13052759
536,1.78666671,0.0168367768,0.00107566221,23.377464,0.000720213999,0.00281168898,0.591152308,0.0557237898,245,6.78576844,3.38229002,3.47876063
537,1.79000004,0.0180189999,0.00115119167,24.5655529,0.00073350679,0.0031559582,0.594800116,0.0591529875,245,4.45720824,3.64352002,1.02422089
538,1.79333338,0.0175110259,0.00111873841,23.791485,0.000736020719,0.00297566483,0.598323946,0.0547916766,245,2.43013622,3.17255417,0.786559922
539,1.79666671,0.0174996086,0.00111800898,21.9853675,0.000795966163,0.00329709546,0.601494916,0.0493544836,245,0.899206727,2.47074818,1.63954454
540,1.80000004,0.0170001777,0.00108610151,19.7443678,0.000861014032,0.00281548375,0.602594047,0.0462712593,245,0.568782216,1.78524978,2.13568704
541,1.80333338,0.0178450867,0.00114008077,23.3540929,0.000764109604,0.00347945098,0.58747589,0.0557249768,245,6.75598589,3.34868693,3.48523134
542,1.80666671,0.017175197,0.00109728309,24.5456032,0.000699726011,0.00292334227,0.591126082,0.0591532719,245,4.42676892,3.60905559,1.02802482
543,1.81000004,0.0164251662,0.00104936537,23.7761599,0.000690825022,0.00298732653,0.594652296,0.0547922551,245,2.40021278,3.14135243,0.787484419
544,1.81333338,0.0175125199,0.00111883386,21.9741886,0.00079695866,0.00300314686,0.597825651,0.0494318776,245,0.874620188,2.44403466,1.64379299
545,1.81666671,0.0165447075,0.00105700259,19.7351592,0.000838336662,0.0024999977,0.598862792,0.0463179884,245,0.587128075,1.76539557,2.13890347
546,1.82000004,0.0173961754,0.00111140088,23.3363322,0.000745454568,0.00290245386,0.583808996,0.0556907394,245,6.72760448,3.31507086,3.48863252
547,1.82333338,0.017719803,0.00113207669,24.5289958,0.000722402302,0.00312186021,0.587461572,0.0591535476,245,4.39789656,3.57474355,1.03048331
548,1.82666671,0.0162609144,0.00103887171,23.7620216,0.000684323694,0.00275007879,0.590992555,0.054792903,245,2.37129549,3.11177638,0.786782297
549,1.83000004,0.0168584592,0.00107704745,21.9630425,0.000767583053,0.00272206296,0.594168294,0.0494391466,245,0.850547934,2.41948392,1.64673876
550,1.83333338,0.0158987569,0.00101573432,19.7258387,0.000805986355,0.00279796043,0.595150611,0.0464378895,245,0.606728359,1.74557617,2.14484911
551,1.83666671,0.0158709773,0.00101395955,23.3150547,0.000680717997,0.00296722271,0.580156439,0.0556566095,245,6.69829355,3.28147219,3.49285736
552,1.84000004,0.0174354491,0.00111390998,24.5098672,0.000711364487,0.00267134359,0.5838114,0.059165042,245,4.36788495,3.54154038,1.03354547
553,1.84333338,0.0169231646,0.00108118133,23.7460222,0.000712673661,0.00267055365,0.587342382,0.0547936465,245,2.34164395,3.0822769,0.787292565
554,1.84666671,0.016750908,0.00107017626,21.9504413,0.000763123974,0.00298894194,0.590520505,0.0495183286,245,0.8266884,2.39475552,1.64933149
555,1.85000004,0.0176558059,0.00112798807,19.7174704,0.000895439709,0.00316181407,0.591447967,0.0465588395,245,0.627363131,1.72595142,2.14970091
556,1.85333338,0.0173272372,0.00110699658,23.2972988,0.000743744473,0.0028843475,0.576513393,0.0556582989,245,6.67080548,3.24810788,3.49779395
557,1.85666671,0.0176729552,0.00112908369,24.4945768,0.000721504818,0.00291637265,0.580173121,0.0591673031,245,4.33986966,3.50842057,1.03771945
558,1.86000005,0.0172113525,0.00109959297,23.7350001,0.000725146509,0.00267724666,0.583708879,0.054794426,245,2.31394661,3.0534549,0.787228028
559,1.86333338,0.018014927,0.00115093147,21.941772,0.000821033369,0.00322333176,0.586891771,0.0496583932,245,0.806057923,2.37033898,1.65314062
560,1.86666671,0.0159645919,0.00101994036,19.7107053,0.000809945238,0.00281497215,0.587766749,0.0466806815,245,0.649729452,1.70767151,2.15470791
561,1.87000005,0.0167805474,0.00107206985,23.2808824,0.00072078657,0.00275799377,0.572384323,0.055624683,245,6.64311846,3.21602577,3.50236778
562,1.87333338,0.0163752788,0.00104617819,24.4799235,0.000668926877,0.00309962688,0.575920983,0.0591903093,245,4.31116804,3.47672123,1.04046553
563,1.87666671,0.0169006005,0.00107973976,23.7235895,0.000712396434,0.00306057913,0.579448991,0.0547952613,245,2.28639567,3.0241968,0.790213972
564,1.88000005,0.0160211025,0.00102355069,21.9316834,0.000730500356,0.00287798046,0.582852881,0.049820354,245,0.786273486,2.34698422,1.65566795
565,1.88333338,0.017673671,0.00112912942,19.7041369,0.000896952303,0.00298695295,0.584097495,0.046874233,245,0.672841072,1.68989458,2.15894073
566,1.88666671,0.0160051364,0.00102253066,23.2644574,0.00068796517,0.00301121389,0.567770061,0.0555912809,245,6.61481513,3.18447434,3.50675712
567,1.89000005,0.0167599241,0.00107075227,24.4649178,0.000685059489,0.00295083041,0.571304572,0.0591907685,245,4.28300848,3.44396759,1.04432892
568,1.89333338,0.0169756554,0.00108453484,23.7130961,0.000715876801,0.00278584495,0.574830876,0.0547962578,245,2.25922409,2.99615204,0.789153922
569,1.89666671,0.0166613193,0.00106445265,21.9258619,0.000759893473,0.00308876779,0.578231174,0.0499142251,245,0.768347175,2.32364321,1.66038347
570,1.90000005,0.0156771687,0.00100157757,19.7004447,0.000795777402,0.00259618704,0.579734543,0.0469643735,245,0.696854183,1.67241229,2.16401748
571,1.90333338,0.017064287,0.00109019731,23.2496917,0.000733957562,0.00276751014,0.563161551,0.0555936547,245,6.58769969,3.15312516,3.51205553
572,1.90666671,0.0178631615,0.00114123553,24.453418,0.000730497532,0.00306726692,0.566690991,0.0592105219,245,4.25587772,3.41211366,1.0472582
573,1.91000005,0.0163973589,0.00104758884,23.7059596,0.00069169775,0.00247911639,0.570212748,0.0547973236,245,2.23334413,2.96854779,0.789264359
574,1.91333338,0.0169656018,0.00108389254,21.9231634,0.000773866505,0.00292617718,0.573612216,0.0500800986,245,0.751853584,2.3019186,1.66208658
575,1.91666671,0.017063296,0.001090134,19.7018468,0.000866075967,0.00290022951,0.575071387,0.0471256864,245,0.721137505,1.65612379,2.16922457
576,1.92000005,0.0164813247,0.00105295321,23.2401415,0.000709174885,0.00266129712,0.55857121,0.0555606432,245,6.55970849,3.12292451,3.51674076
577,1.92333338,0.015893901,0.00101542409,24.4457183,0.000650171161,0.00262951249,0.562097833,0.0592136682,245,4.22762284,3.38162438,1.05277893
578,1.92666671,0.0165394476,0.00105666655,23.7031707,0.000697773635,0.00279538175,0.565617049,0.0547984588,245,2.20705999,2.94077777,0.791271796
579,1.93000005,0.0169865198,0.00108522894,21.922623,0.000774839753,0.00280849442,0.569013772,0.0502477353,245,0.737276153,2.27965751,1.66527933
580,1.93333338,0.0155201561,0.000991546403,19.7051175,0.000787620583,0.0028512035,0.570438388,0.0472885409,245,0.747409857,1.64037403,2.17324007
581,1.93666671,0.0163978193,0.00104761824,23.2323916,0.000705817099,0.00279907706,0.553995927,0.0555280274,245,6.53290727,3.09230993,3.52034247
582,1.94000005,0.0166599424,0.00106436468,24.4396604,0.000681676509,0.00289977823,0.557520802,0.0592170066,245,4.20091206,3.35096174,1.05458314
583,1.94333338,0.0153101444,0.000978129247,23.6999439,0.000645999182,0.00247589096,0.561038233,0.0547640032,245,2.18177938,2.91504527,0.791269474
584,1.94666671,0.0162200124,0.00103625858,21.9213719,0.00073991776,0.00295995772,0.564435355,0.0504161193,245,0.724680203,2.2588818,1.66891427
585,1.95000005,0.0151209885,0.000966044522,19.7066557,0.000767303636,0.00276029235,0.56581662,0.0474530991,245,0.77416991,1.62498301,2.17883476
586,1.95333338,0.0159598942,0.00101964024,23.2216929,0.000687283835,0.00279340508,0.549446223,0.0555312914,245,6.50621424,3.06222977,3.52471086
587,1.95666671,0.0172775561,0.00110382257,24.431031,0.000707197175,0.00281591174,0.552969464,0.0592207942,245,4.17471251,3.3207635,1.05731439
588,1.96000005,0.0166296012,0.00106242625,23.6948168,0.000701824425,0.00271281203,0.556485265,0.0547653169,245,2.15801282,2.88863203,0.79143094
589,1.96333338,0.0158998352,0.00101580321,21.9220668,0.000725289061,0.00282388235,0.559881978,0.0506229436,245,0.715727112,2.23792811,1.67243454
590,1.96666671,0.015821936,0.00101082641,19.7112435,0.000802685841,0.00269703499,0.561220795,0.0476549911,245,0.801407289,1.61110804,2.18301017
591,1.97000005,0.0174587365,0.00111539776,23.2152617,0.000752037033,0.00290203412,0.544924573,0.0554990836,245,6.48028915,3.03344066,3.52893613
592,1.97333338,0.0163116305,0.00104211185,24.4264525,0.000667785489,0.00307886681,0.548444526,0.0591888148,245,4.14947458,3.29107829,1.06176943
593,1.97666671,0.0167905328,0.00107270779,23.695473,0.000708596651,0.00288253847,0.55195858,0.0547667035,245,2.13518379,2.86362861,0.791082955
594,1.98000005,0.0158232805,0.00101091231,21.9253702,0.000721688182,0.00272981756,0.555352577,0.050793937,245,0.708973053,2.21852896,1.67490965
595,1.98333338,0.0175742301,0.00112277637,19.7186163,0.000891250673,0.00335384652,0.556649636,0.0478566128,245,0.829726186,1.59821962,2.18711983
596,1.98666671,0.0162496589,0.00103815263,23.2116119,0.00070006594,0.00298887439,0.540419993,0.0554672391,245,6.45465023,3.00473225,3.53116911
597,1.99000005,0.016898692,0.00107961783,24.4223918,0.000691934358,0.0029512468,0.543936439,0.0591930082,245,4.12469007,3.26199715,1.06608996
598,1.99333338,0.0163456912,0.0010442879,23.6971562,0.000689774378,0.00244316707,0.547447001,0.0547683507,245,2.11303765,2.83961055,0.790294455
599,1.99666672,0.0162433041,0.00103774663,21.9327036,0.00074059744,0.00308280884,0.550843715,0.0510034634,245,0.704171416,2.20063826,1.67836667
600,2.00000005,0.016351666,0.00104466962,19.7292898,0.000828801549,0.00281242657,0.55211083,0.0480615898,245,0.858541064,1.58621403,2.19267579
601,2.00333338,0.0152213367,0.000972455532,23.2088658,0.000655841472,0.00257268355,0.535954371,0.0554359254,245,6.42740529,2.9773821,3.53470924
602,2.00666672,0.0163254036,0.00104299178,24.4210798,0.000668496387,0.00239557031,0.539474204,0.0592333061,245,4.09927423,3.23270188,1.06814993
603,2.01000005,0.0160069315,0.00102264534,23.6993453,0.000675416613,0.00323588187,0.54298697,0.0547344181,245,2.09162075,2.81483484,0.790255219
604,2.01333338,0.0163978441,0.00104761983,21.938213,0.000747455781,0.00294248256,0.546382116,0.0512501466,245,0.702787549,2.18181372,1.6797464
605,2.01666672,0.0163673696,0.00104567289,19.7411673,0.000829098369,0.00286805394,0.547591897,0.0482679591,245,0.887587072,1.57473554,2.19729209
606,2.02000005,0.0172814493,0.0011040713,23.2087012,0.000744610787,0.00285563284,0.531516397,0.0554048,245,6.40405246,2.95047806,3.53927231
607,2.02333338,0.0164835053,0.00105309253,24.4234788,0.000674904073,0.00257124436,0.535029904,0.0592381894,245,4.07619515,3.20673004,1.07276003
608,2.02666672,0.0176413069,0.00112706176,23.7067273,0.000744147715,0.00274354415,0.538538361,0.0547718385,245,2.07216589,2.79193967,0.791657884
609,2.03000005,0.0158780882,0.00101441384,21.9510711,0.000723340017,0.00273895154,0.541935672,0.0514285712,245,0.70459559,2.16471448,1.68311386
610,2.03333338,0.0160474041,0.00102523104,19.7588015,0.00081216485,0.00279189272,0.543128507,0.0484758886,245,0.917144563,1.56519204,2.2007119
611,2.03666672,0.0172689877,0.00110327516,23.2148936,0.000743875376,0.00270716967,0.527108948,0.0554094616,245,6.37911422,2.9254692,3.54447067
612,2.04000005,0.0155395087,0.000992782797,24.4318895,0.000636033849,0.00251718879,0.530618905,0.0592436311,245,4.05234376,3.18041923,1.07537241
613,2.04333338,0.0164858468,0.00105324212,23.7189372,0.000695049978,0.00266352648,0.534126556,0.054765896,245,2.05231919,2.77009797,0.791893424
614,2.04666672,0.016419782,0.00104902139,21.96766,0.000747452481,0.0024336424,0.537523883,0.0516780755,245,0.708009239,2.14909877,1.68629936
615,2.05000005,0.0165682522,0.0010585068,19.7793107,0.000837655689,0.0027473442,0.538714854,0.0487213143,245,0.94866323,1.55638475,2.20599675
616,2.05333338,0.0154839744,0.000989234837,23.221368,0.000666798546,0.0025380258,0.522738388,0.0553792412,245,6.3542695,2.8990067,3.54612694
617,2.05666672,0.016192582,0.00103450611,24.439092,0.000662568886,0.00295480733,0.526253472,0.0592492443,245,4.02984203,3.1534107,1.07861415
618,2.06000005,0.0165942412,0.00106016718,23.7317698,0.000699241619,0.00313791382,0.529766545,0.0547774713,245,2.03487147,2.74848143,0.791409897
619,2.06333338,0.0159738726,0.00102053328,21.9850377,0.000726579266,0.0024884006,0.533168596,0.0519312216,245,0.715917196,2.13402391,1.6882986
620,2.06666672,0.0155248932,0.000991849042,19.8023599,0.000783992072,0.00308127621,0.534335498,0.0489681993,245,0.980152023,1.54875465,2.21064784
621,2.07000005,0.0160002441,0.0010222181,23.2316094,0.00068872732,0.0026344204,0.518430426,0.0553496467,245,6.33068897,2.87545362,3.55069381
622,2.07333338,0.0157151276,0.00100400267,24.4505855,0.000642730114,0.00263356723,0.521945855,0.0592551793,245,4.00773317,3.12910832,1.08198279
623,2.07666672,0.0164098598,0.00104838748,23.7490272,0.000690969767,0.0024554807,0.525459496,0.0548257031,245,2.01803703,2.72827036,0.791895644
624,2.08000005,0.0162605605,0.00103884911,22.0084695,0.000738831955,0.0025000841,0.528865569,0.0522551898,245,0.726112712,2.12005466,1.69117964
625,2.08333338,0.016454822,0.00105126001,19.8322169,0.000829701595,0.00284714097,0.529997969,0.0492869045,245,1.01215448,1.54222687,2.2151448
626,2.08666672,0.0157544067,0.00100651213,23.247207,0.000677690302,0.00280816489,0.514173876,0.0553199613,245,6.30776953,2.85113677,3.55438272
627,2.09000005,0.0158874344,0.00101501095,24.4676708,0.00064932353,0.00272682592,0.517692017,0.0592617436,245,3.9874276,3.10431786,1.08637474
628,2.09333338,0.0158776389,0.00101438514,23.771934,0.000667915317,0.00215714044,0.521208768,0.0548746061,245,2.00394921,2.70848777,0.791151103
629,2.09666672,0.0157728286,0.00100768905,22.0380786,0.000715707975,0.00244033298,0.524616618,0.0525112451,245,0.741125824,2.10701761,1.69522933
630,2.10000005,0.0156351994,0.000998896247,19.8664294,0.000787016079,0.00270042999,0.525714653,0.0495045078,245,1.04525787,1.5381829,2.22000079
631,2.10333338,0.0164821012,0.00105300282,23.2660574,0.000708418316,0.00279272262,0.509965968,0.0552911798,245,6.28546858,2.8293713,3.55673475
632,2.10666672,0.0166121189,0.00106130934,24.4863499,0.000678423651,0.00277404919,0.513484268,0.0592689732,245,3.96795199,3.08086363,1.08847339
633,2.11000005,0.0165852506,0.00105959279,23.7951013,0.000697002732,0.00257064496,0.51700132,0.054888668,245,1.99116072,2.69027788,0.79019074
634,2.11333338,0.0167642538,0.00107102889,22.066136,0.000759727657,0.00277543251,0.520413657,0.0528061023,245,0.758167749,2.09545789,1.69764096
635,2.11666672,0.0164498477,0.00105094222,19.9005627,0.000826602141,0.00230178806,0.521495688,0.0498257293,245,1.07827294,1.53531088,2.22280402
636,2.12000005,0.0171963173,0.00109863242,23.2867806,0.00073845834,0.00284673735,0.505818567,0.055298073,245,6.26369067,2.80887653,3.56102275
637,2.12333338,0.0155129177,0.000991083958,24.508222,0.000632967896,0.00296425935,0.509343508,0.0592764688,245,3.94838037,3.05949255,1.09208949
638,2.12666672,0.0165165415,0.00105520313,23.8218775,0.000693335004,0.00261611673,0.512862632,0.0550317804,245,1.97908478,2.67270251,0.792315836
639,2.13000005,0.0140089717,0.000895000373,22.0987424,0.000633926196,0.0023250025,0.516277834,0.0531355287,245,0.777509397,2.08611843,1.69860274
640,2.13333338,0.0153415487,0.000980135594,19.9402257,0.000769376883,0.0025053327,0.517343877,0.0501505229,245,1.11319417,1.53370237,2.22847748
641,2.13666672,0.0160463669,0.00102516478,23.3106758,0.00068836987,0.00264589135,0.501734683,0.0552704863,245,6.24172498,2.78800602,3.56131127
642,2.14000005,0.0159272901,0.00101755724,24.5306408,0.000649281453,0.00252704029,0.505261779,0.0592843714,245,3.93011276,3.03776582,1.09648065
643,2.14333339,0.013355347,0.000853241823,23.8517777,0.000559930886,0.0023363114,0.508791586,0.0552083309,245,1.96886155,2.65695208,0.790247809
644,2.14666672,0.016294691,0.00104102962,22.1368572,0.000736088725,0.00249691775,0.512220093,0.0534701331,245,0.800535356,2.07726597,1.70014531
645,2.15000005,0.0152151724,0.000972061707,19.9877272,0.000761225739,0.00250525088,0.513257119,0.0504793088,245,1.14887756,1.53432713,2.2308755
646,2.15333339,0.0158589468,0.00101319094,23.3437126,0.000679366947,0.00280014672,0.497741052,0.0552078969,245,6.2201166,2.76929399,3.56474747
647,2.15666672,0.0155952965,0.000996346943,24.5645867,0.000634869076,0.00267213183,0.501272804,0.0592577971,245,3.91237462,3.01732142,1.09860661
648,2.16000005,0.015236575,0.000973429067,23.8905826,0.000637764898,0.00235941299,0.504805264,0.0554224708,245,1.96048672,2.6418165,0.790668349
649,2.16333339,0.0152105848,0.000971768618,22.1818688,0.000685721521,0.00262549378,0.508237642,0.053771408,245,0.826842332,2.07035743,1.70386496
650,2.16666672,0.0163067587,0.0010418006,20.0391682,0.000813744288,0.00265256661,0.509256574,0.0508079939,245,1.18556041,1.53629611,2.23580203
651,2.17000005,0.0148419292,0.000948216071,23.3787922,0.000634845848,0.00223110278,0.493813949,0.0552171252,245,6.2001184,2.75193871,3.56810317
652,2.17333339,0.0167867435,0.0010724657,24.601066,0.00068235838,0.00270325297,0.49735203,0.0592673795,245,3.89625716,2.99907141,1.10242243
653,2.17666672,0.0164195176,0.0010490045,23.9342987,0.000686024594,0.00290182921,0.500891555,0.0556375024,245,1.95409597,2.62883784,0.78962269
654,2.18000005,0.0145453847,0.000929270542,22.2345886,0.000654178271,0.00250764437,0.504332765,0.0541439677,245,0.855668229,2.06481108,1.7062181
655,2.18333339,0.0148309055,0.000947511797,20.1004059,0.000737841095,0.00243251407,0.505340232,0.0511761402,245,1.22291054,1.54046385,2.24030236
656,2.18666672,0.0155695712,0.000994703418,23.4215887,0.000664752995,0.00259211758,0.489980248,0.055156045,245,6.1796085,2.7353921,3.57036321
657,2.19000005,0.0159764758,0.0010206996,24.6443295,0.000648282026,0.0026382075,0.493526717,0.0592773964,245,3.88075551,2.98089572,1.10446654
658,2.19333339,0.0156525379,0.00100000397,23.9826979,0.000652659596,0.002472463,0.49707066,0.0560035443,245,1.95006644,2.61640313,0.789479021
659,2.19666672,0.0167585922,0.00107066718,22.2904997,0.000751826671,0.00285848096,0.500518176,0.054552812,245,0.888000462,2.06069189,1.70810596
660,2.20000005,0.016086163,0.00102770725,20.1656269,0.000797702103,0.0027778071,0.501517138,0.0515443416,245,1.26145731,1.54709061,2.24277673
661,2.20333339,0.0150566851,0.000961936326,23.4713231,0.000641492815,0.0026077404,0.486228461,0.0551664966,245,6.16169144,2.72186392,3.57381005
662,2.20666672,0.0166261745,0.00106220732,24.6937985,0.000673293519,0.00257142482,0.489782361,0.0592879516,245,3.86728194,2.96574258,1.10902312
663,2.21000005,0.0154943456,0.000989897426,24.04003,0.000644522722,0.00294590569,0.493340588,0.0564186704,245,1.94798488,2.60689114,0.788549982
664,2.21333339,0.0159836239,0.00102115627,22.3561878,0.000714953016,0.00265186207,0.496803768,0.0549638682,245,0.9226479,2.05993621,1.71020824
665,2.21666672,0.0158313438,0.00101142746,20.2398802,0.00078218565,0.0025990628,0.49779677,0.0519839096,245,1.30169034,1.55558386,2.24912343
666,2.22000005,0.0149275273,0.000953684735,23.5261856,0.000634506908,0.00219912744,0.482589797,0.0551425617,245,6.14338759,2.70848546,3.57589672
667,2.22333339,0.0152770979,0.000976017983,24.7489924,0.00061728161,0.00272205214,0.48615715,0.0592995778,245,3.85474384,2.95112817,1.11207594
668,2.22666672,0.0156446515,0.000999500122,24.1017965,0.000649107277,0.00268772911,0.489727192,0.0569052561,245,1.94880001,2.59805037,0.7881087
669,2.23000005,0.0164629183,0.00105177727,22.4278714,0.000734038376,0.00274790842,0.493203994,0.0554480757,245,0.96077372,2.05975586,1.71173421
670,2.23333339,0.0156372464,0.000999027025,20.3228476,0.000769441698,0.00278519359,0.494180391,0.0524628157,245,1.3429981,1.56709561,2.25127126
671,2.23666672,0.0158113423,0.0010101496,23.5918663,0.000670203114,0.00240590577,0.47906521,0.0555066287,245,6.12646617,2.69820736,3.57773971
672,2.24000005,0.0160677601,0.00102653154,24.8134699,0.000647541845,0.00272953897,0.482640933,0.0593123969,245,3.8432713,2.93934877,1.11443347
673,2.24333339,0.0152597484,0.000974909567,24.1729471,0.000631273811,0.00283326029,0.486222661,0.0573269175,245,1.95163589,2.59160595,0.788876508
674,2.24666672,0.0160510287,0.00102546261,22.5081886,0.000713119521,0.00260503291,0.489714931,0.0559008052,245,1.00188533,2.06217021,1.71570435
675,2.25000005,0.0151705454,0.000969210592,20.4138421,0.000743149931,0.00255644333,0.490698583,0.0529085928,245,1.38584502,1.58082607,2.25490347
676,2.25333339,0.0159222296,0.00101723393,23.663044,0.00067287326,0.00274955854,0.475656709,0.0559622095,245,6.110688,2.68873045,3.57976681
677,2.25666672,0.0159632007,0.00101985148,24.8850006,0.000641478815,0.00297220602,0.479243746,0.0593257395,245,3.83468382,2.92793623,1.1196606
678,2.26000005,0.0156010544,0.000996714807,24.2536144,0.000643246577,0.00256079539,0.48283713,0.0578195382,245,1.95874029,2.58698953,0.787583408
679,2.26333339,0.0157778696,0.00100801111,22.5993491,0.000698155929,0.00231594546,0.486342857,0.0564241193,245,1.04631014,2.06733084,1.71594708
680,2.26666672,0.0159575288,0.00101948912,20.5177054,0.000777744319,0.0025141312,0.487343217,0.0534614199,245,1.430492,1.59795236,2.25700843
681,2.27000005,0.0157027537,0.00100321214,23.7477876,0.000661230173,0.00258438056,0.472375514,0.0565220841,245,6.09592839,2.68210372,3.58161367
682,2.27333339,0.016064558,0.00102632697,24.9689462,0.000643381498,0.0027255511,0.475980706,0.0593402681,245,3.82690287,2.91972949,1.12241868
683,2.27666672,0.0160162288,0.00102323932,24.3453103,0.000657877374,0.00269404193,0.479595012,0.0583818514,245,1.96741733,2.585749,0.78644534
684,2.28000006,0.0156642812,0.00100075422,22.7017802,0.000690002327,0.00240414157,0.483123611,0.056948336,245,1.09365564,2.07553508,1.7191455
685,2.28333339,0.0157281276,0.00100483321,20.6318443,0.000762322911,0.00268196752,0.484127562,0.0539456017,245,1.47772715,1.61769021,2.26225584
686,2.28666672,0.0150674544,0.000962624352,23.839553,0.000632035945,0.00223882609,0.469251762,0.0570487851,245,6.08188332,2.67747451,3.5828417
687,2.29000006,0.0147319705,0.000941191073,25.0599497,0.000587869117,0.00266236311,0.472877688,0.0593557667,245,3.82084831,2.91361139,1.12571128
688,2.29333339,0.0150853066,0.000963764887,24.4457716,0.000617092675,0.00245318047,0.47651023,0.0589813442,245,1.98003735,2.58588934,0.786121509
689,2.29666672,0.0152230138,0.000972562676,22.8154119,0.000667225026,0.00248162244,0.48005746,0.0575447093,245,1.14449897,2.08619007,1.72139899
690,2.30000006,0.0160440682,0.00102501792,20.7600639,0.000772833275,0.00260312049,0.481073863,0.0545359474,245,1.52632458,1.64061746,2.26638846
691,2.30333339,0.0156187493,0.000997845288,23.9445062,0.00065228947,0.0025776858,0.466282214,0.0576464301,245,6.06986155,2.6756522,3.58581232
692,2.30666672,0.0153436783,0.000980271652,25.1642145,0.000609741995,0.00264490386,0.469929126,0.0595624339,245,3.81774809,2.9098533,1.12980197
693,2.31000006,0.0150868399,0.000963862844,24.5600037,0.000614284918,0.00266423609,0.473584233,0.0595469249,245,1.99703269,2.58909049,0.785539726
694,2.31333339,0.0160237587,0.00102372039,22.9417362,0.000698454492,0.00272399688,0.477158007,0.0581414111,245,1.1989637,2.10035702,1.72249525
695,2.31666672,0.0155123172,0.000991045594,20.9009516,0.000742182343,0.00241257687,0.478191005,0.0551628438,245,1.57761836,1.66813716,2.26736462
696,2.32000006,0.0149830325,0.000957230837,24.0639241,0.000622634632,0.00264368228,0.463490328,0.0582474303,245,6.05835661,2.67686292,3.58690053
697,2.32333339,0.0156789802,0.0010016933,25.2824782,0.00062015203,0.00235240407,0.467160578,0.0600143698,245,3.816097,2.90870258,1.1315538
698,2.32666672,0.0145557858,0.000929935045,24.6859276,0.000589639006,0.00257403,0.470840953,0.0602180103,245,2.01749295,2.59494078,0.785274118
699,2.33000006,0.0156797067,0.00100173972,23.0830019,0.000679275026,0.00242939887,0.474442167,0.0588100569,245,1.25753531,2.11787844,1.72345162
700,2.33333339,0.014984694,0.000957336984,21.0602091,0.000711516869,0.00241666471,0.47549189,0.0558260137,245,1.63229306,1.69914852,2.27097647
701,2.33666672,0.0163518977,0.00104468442,24.1985828,0.000675737825,0.00259507559,0.46088351,0.0589517408,245,6.04918926,2.68119698,3.58757661
702,2.34000006,0.0146833136,0.000938082495,25.4140458,0.000577763719,0.00248105355,0.464575167,0.0606921988,245,3.81796023,2.91047098,1.13424598
703,2.34333339,0.0149678422,0.000956260359,24.828578,0.000602847337,0.00256227123,0.468280407,0.0608940721,245,2.04307437,2.60468314,0.78434556
704,2.34666672,0.0151127177,0.000965516115,23.2411959,0.000650255595,0.00242271189,0.471910146,0.0594841573,245,1.32047467,2.13980331,1.72398267
705,2.35000006,0.0158996231,0.00101578966,21.2365089,0.000748692884,0.00239941888,0.473001686,0.0565304483,245,1.69015144,1.73476556,2.27445768
706,2.35333339,0.0158631752,0.00101346109,24.3492877,0.000651484158,0.00264151974,0.458477952,0.0596629087,245,6.04155831,2.68962964,3.5892438
707,2.35666672,0.0158299671,0.0010113395,25.5636265,0.000619237928,0.00253269307,0.462205129,0.0614390166,245,3.82207881,2.91643481,1.13893205
708,2.36000006,0.0156960552,0.00100278418,24.9902587,0.000628086943,0.00272721772,0.465945006,0.0616406992,245,2.07285775,2.61872701,0.78372227
709,2.36333339,0.0159908286,0.00102161656,23.4184116,0.000682831477,0.00264040188,0.469612939,0.0602622442,245,1.38793858,2.16575563,1.72700329
710,2.36666672,0.0147374456,0.00094154086,21.4335165,0.000687588786,0.00275369761,0.470737932,0.0573012628,245,1.75151111,1.77488256,2.27787107
711,2.37000006,0.0150106832,0.000958997371,24.5186213,0.000612215631,0.00258612606,0.4563174,0.0604742071,245,6.03592935,2.70117254,3.59051699
712,2.37333339,0.0144780109,0.000924966187,25.7318204,0.000562650083,0.00262033126,0.460076254,0.062252906,245,3.83015213,2.92558297,1.14326971
713,2.37666672,0.0164743583,0.00105250814,25.1715231,0.000654483967,0.00270406118,0.463850781,0.0624893155,245,2.10902211,2.63652255,0.782336743
714,2.38000006,0.0151395506,0.000967230407,23.6200642,0.000640961449,0.0023979441,0.467555494,0.0610710845,245,1.46068744,2.19695819,1.72782549
715,2.38333339,0.0157356288,0.00100531245,21.6568842,0.000726587843,0.00239208693,0.468716388,0.0581085928,245,1.81716625,1.82087594,2.28053186
716,2.38666672,0.0145070018,0.000926818345,24.71403,0.000586994584,0.00282066775,0.454392206,0.0612874983,245,6.03434581,2.71814708,3.59306706
717,2.39000006,0.0151520709,0.000968030304,25.925542,0.000584445677,0.00241411552,0.458192052,0.0630685036,245,3.84278672,2.93998231,1.14691485
718,2.39333339,0.0149122615,0.00095270944,25.3778904,0.000587608397,0.00239248419,0.462010292,0.0633405481,245,2.15170409,2.65938626,0.782575095
719,2.39666672,0.014829776,0.000947439632,23.8467936,0.000621877148,0.00259093122,0.465760727,0.0619566396,245,1.53933249,2.23354657,1.72946488
720,2.40000006,0.0152505274,0.000974320458,21.9076751,0.000696127152,0.00252483239,0.466977986,0.0590225684,245,1.88815178,1.87311353,2.28335958
721,2.40333339,0.0148916181,0.000951390583,24.9344723,0.00059723013,0.00253758527,0.452752047,0.0622066874,245,6.03452843,2.74054692,3.59331772
722,2.40666672,0.0149177228,0.00095305835,26.1428616,0.000570623179,0.00281257052,0.456596063,0.0640257004,245,3.85952384,2.95901324,1.15043126
723,2.41000006,0.0154677954,0.000988201201,25.6101508,0.000603971276,0.00280571073,0.46045927,0.0642974702,245,2.20147087,2.68775426,0.782380543
724,2.41333339,0.0151833509,0.000970028705,24.1012214,0.000629982631,0.00268760688,0.464259272,0.062945137,245,1.62486765,2.27698175,1.73045363
725,2.41666673,0.0149878456,0.000957538332,22.1894971,0.000675447738,0.00275870426,0.465552959,0.0599733755,245,1.96510799,1.93207242,2.28531793
726,2.42000006,0.0147588376,0.000942907549,25.1856605,0.000586001612,0.00237986773,0.451406818,0.0631969173,245,6.03840362,2.7684162,3.59525368
727,2.42333339,0.0157368256,0.00100538891,26.3938053,0.000596231784,0.00248558063,0.455299736,0.0650514335,245,3.88177361,2.98430566,1.15568033
728,2.42666673,0.0144336284,0.000922130691,25.8783191,0.000557749842,0.00261847124,0.459215443,0.0653222252,245,2.2598409,2.72241555,0.783619712
729,2.43000006,0.0147407592,0.000941752561,24.3941351,0.000604274721,0.00237381301,0.463070073,0.0639675643,245,1.71849919,2.32738855,1.72999766
730,2.43333339,0.0151702968,0.000969194709,22.5124922,0.000673861279,0.00266663371,0.464446977,0.0610593068,245,2.0496045,1.99918829,2.28741569
731,2.43666673,0.0150377008,0.000960723465,25.475543,0.000590279895,0.00250929311,0.45040397,0.0643215198,245,6.047236,2.80332825,3.59487732
732,2.44000006,0.0150983874,0.000964600588,26.681047,0.000565884368,0.00234440966,0.454358943,0.0661773934,245,3.91150777,3.0159868,1.15968977
733,2.44333339,0.0148047126,0.000945838393,26.183291,0.000565425966,0.00241131157,0.458337581,0.0664495413,245,2.32785557,2.76571073,0.781304983
734,2.44666673,0.0158002296,0.00100943964,24.7275643,0.000638972338,0.00258894165,0.462259673,0.0651275809,245,1.8213508,2.38672314,1.73202
735,2.45000006,0.015110451,0.000965371301,22.8797024,0.000660430398,0.00253558535,0.463721575,0.0622193003,245,2.14261755,2.07588062,2.28883654
736,2.45333339,0.01483017,0.000947464806,25.8070833,0.000574655021,0.00251724739,0.449794066,0.0655170498,245,6.05968714,2.84719525,3.59626887
737,2.45666673,0.0148480462,0.000948606877,27.0102387,0.000549719178,0.002544159,0.453819852,0.067408263,245,3.94732295,3.0562131,1.16413307
738,2.46000006,0.0151683719,0.000969071733,26.5326518,0.000571686993,0.00239206266,0.457868166,0.0677117679,245,2.40613419,2.81695884,0.782021458
739,2.46333339,0.0152435752,0.000973876293,25.1083005,0.00060711298,0.0026926982,0.461861299,0.0664242827,245,1.9343515,2.45542087,1.73253458
740,2.46666673,0.0148702686,0.00095002661,23.2987816,0.000638242325,0.00293777952,0.463427318,0.0635503622,245,2.24568492,2.16248317,2.29112507
741,2.47000006,0.0141917563,0.000906678049,26.1889418,0.000541898805,0.0022912763,0.449605917,0.0668531215,245,6.07856043,2.90015423,3.59638109
742,2.47333339,0.0153903092,0.000983250786,27.3901068,0.000561892997,0.00225914777,0.453707434,0.0687469097,245,3.99253161,3.10620618,1.17070733
743,2.47666673,0.0149116354,0.000952669437,26.9361283,0.000553592379,0.0022349245,0.457836655,0.0691189772,245,2.49731332,2.87934958,0.782661539
744,2.48000006,0.0154840553,0.000989240003,25.5472582,0.000606094599,0.00249293868,0.46191611,0.0678297757,245,2.06025626,2.53586541,1.73600476
745,2.48333339,0.0153057228,0.000977846764,23.77796,0.000643693691,0.00259202224,0.463574224,0.0649537282,245,2.36084356,2.26135941,2.29445753
746,2.48666673,0.0149171046,0.000953018856,26.6268096,0.000560228764,0.00239268225,0.449901044,0.0682893408,245,6.10579836,2.96449293,3.59810848
747,2.49000006,0.0140633688,0.000898475677,27.8265257,0.000505394349,0.00220935849,0.454092226,0.0702503809,245,4.05020906,3.16725468,1.176613
748,2.49333339,0.014701472,0.000939242596,27.3975883,0.000536597305,0.00227673689,0.458314453,0.0706232818,245,2.60488946,2.95369825,0.783788079
749,2.49666673,0.014273292,0.000911887179,26.0494985,0.000547929629,0.00244363476,0.462491344,0.069369613,245,2.20122594,2.63048999,1.73423785
750,2.50000006,0.0145458414,0.000929299722,24.3290342,0.000597879937,0.00204174375,0.464270789,0.0665610542,245,2.49074969,2.37557872,2.29459192
751,2.50333339,0.0156365195,0.000911940335,218.983528,7.1405003e-05,0.00260748752,0.464481546,0.95295581,294,196.607039,34.2821442,173.906907
752,2.50666673,0.0161629818,0.000942644239,368.834527,4.38217699e-05,0.00245373752,0.464729321,1.54791444,294,169.835126,57.1717835,139.770189
753,2.51000006,0.0163661209,0.000954491554,475.747413,3.44008616e-05,0.00252583529,0.465042858,1.88264872,294,146.004367,67.8895338,120.908676
754,2.51333339,0.0162966133,0.000950437788,559.966635,2.91028291e-05,0.00257035309,0.465483912,2.07999945,294,127.365746,67.1742077,110.568975
755,2.51666673,0.0173823625,0.00101375997,633.538759,2.74369362e-05,0.00258774024,0.466156795,2.2540834,294,113.288046,60.5453079,102.949438
756,2.52000006,0.0181057559,0.00105594913,700.796402,2.58359715e-05,0.00328368299,0.467225767,2.40905104,294,102.650753,52.8703046,96.97255
757,2.52333339,0.0175366666,0.00102275917,763.035691,2.29827606e-05,0.00289175329,0.468937698,2.49129996,294,94.5540445,46.0541889,92.344722
758,2.52666673,0.0189208258,0.00110348497,820.962421,2.30471277e-05,0.0033966617,0.471625176,2.52180525,294,88.3141761,40.2983341,88.4742499
759,2.53000006,0.0191636355,0.00111764592,875.115028,2.18984189e-05,0.00343745708,0.475725215,2.51731461,294,83.3622525,35.488369,84.7969926
760,2.53333339,0.0189442722,0.00110485239,925.789372,2.04628317e-05,0.00363039042,0.48177547,2.48987105,294,79.1932,31.5943126,80.8855693
761,2.53666673,0.0192705742,0.00112388271,972.982301,1.9805678e-05,0.0036471265,0.490416875,2.46269703,294,75.360746,28.6224074,76.4343376
762,2.54000006,0.0211526573,0.00123364803,1016.4043,2.0811263e-05,0.00380980572,0.502382351,2.42260695,294,71.4977079,26.5417506,71.2493928
763,2.54333339,0.021850602,0.00127435299,1055.52647,2.07011407e-05,0.00359460998,0.518472121,2.41278177,294,67.3385122,25.26986,65.2808328
764,2.54666673,0.0213030731,0.00124242046,1089.65875,1.95502244e-05,0.00384306894,0.539514753,2.41621938,294,62.7293452,24.6795457,58.6371186
765,2.55000006,0.0217493278,0.00126844655,1118.04194,1.94530518e-05,0.00413567734,0.566295186,2.4109848,294,57.627634,24.6117542,51.5914097
766,2.5533334,0.0230449388,0.00134400813,1139.95432,2.02156686e-05,0.0043097323,0.599457188,2.39945767,294,52.1012124,24.9070491,44.5799449
767,2.55666673,0.0223672777,0.00130448613,1154.78797,1.93691642e-05,0.00406600369,0.639362892,2.38323495,294,46.3425822,25.4262287,38.2438888
768,2.56000006,0.0254651321,0.00148515667,1162.12331,2.19125905e-05,0.00447616166,0.685945634,2.36311015,294,40.705776,26.0776183,33.4311717
769,2.5633334,0.0236099666,0.00137696121,1161.76239,2.03225434e-05,0.00399836459,0.738579343,2.37450504,294,35.7600816,26.8266446,31.0274912
770,2.56666673,0.0223374336,0.00130274558,1153.75322,1.93606685e-05,0.00394466069,0.796002298,2.41411355,294,32.2939025,27.6968874,31.4258547
771,2.57000006,0.0227081267,0.00132436485,1138.38158,1.99477285e-05,0.00398591403,0.856380991,2.44130005,294,31.0833361,28.7508345,34.1341055
772,2.5733334,0.0273977703,0.00159787041,1116.14403,2.45468053e-05,0.00442914805,0.917458678,2.47279367,294,32.3579419,30.0458796,38.1646354
773,2.57666673,0.0259836006,0.00151539436,1087.70339,2.38884984e-05,0.004413472,0.976833931,2.50233559,294,35.5366885,31.5797023,42.6214701
774,2.58000006,0.0253444194,0.00147811656,1053.83367,2.40497341e-05,0.00433175715,1.02151489,2.52217483,294,39.6493749,33.2603326,46.9049398
775,2.5833334,0.0241414583,0.00140795844,1015.35442,2.37763857e-05,0.00403153288,1.02078507,2.53092926,294,43.8333214,34.9248119,50.661499
776,2.58666673,0.0278562697,0.00162461064,973.071829,2.86271464e-05,0.00508119998,1.02023147,2.52743438,294,47.4999582,36.3834408,53.7158319
777,2.59000006,0.0283392561,0.00165277898,927.730275,3.054687e-05,0.00488090493,1.0198104,2.51059038,294,50.3176659,37.4715504,56.0211915
778,2.5933334,0.0288954464,0.00168521666,879.974628,3.28366813e-05,0.004783434,1.01945763,2.47961289,294,52.1594652,38.0795406,57.6144113
779,2.59666673,0.0294899455,0.00171988855,830.343035,3.55153765e-05,0.00495970206,1.01910055,2.43408484,294,53.0529731,38.1627099,58.5918166
780,2.60000006,0.0286301975,0.00166974702,779.266492,3.67399314e-05,0.00567705996,1.01866711,2.37400169,294,53.134653,37.734219,59.0717127
781,2.6033334,0.0313763263,0.00182990451,727.091751,4.3153187e-05,0.00634547274,1.01595155,2.29970451,294,52.6063226,36.851048,59.1783224
782,2.60666673,0.0307742213,0.00179478903,674.103514,4.56520707e-05,0.00532342897,1.00904465,2.2120124,294,51.6958941,35.5896768,59.0172037
783,2.61000006,0.0287510007,0.00167679241,620.552074,4.63313265e-05,0.00535818685,0.998274867,2.1119918,294,50.6232824,34.0308714,58.6734587
784,2.6133334,0.0323942122,0.00188926882,566.675396,5.71653763e-05,0.00644731189,0.985821679,2.00109675,294,49.5732744,32.254422,58.1983117
785,2.61666673,0.027465334,0.00160181081,512.722605,5.35676285e-05,0.00527608697,0.968874951,1.88089224,294,48.6787998,30.3206459,57.6240202
786,2.62000006,0.031803089,0.00185479382,458.963574,6.92932746e-05,0.00616342077,0.950711453,1.7530637,294,48.0137334,28.2848423,56.9564449
787,2.6233334,0.0304593205,0.00177642365,405.713009,7.50760261e-05,0.00545809523,0.933211725,1.61935465,294,47.5973877,26.1812458,56.1926375
788,2.62666673,0.030848093,0.00179909732,353.348113,8.73022719e-05,0.00558214575,0.916594034,1.48138143,294,47.4050874,24.0541853,55.3217689
789,2.63000006,0.0315067496,0.00183751095,302.350455,0.00010420606,0.00553008221,0.901062868,1.34081763,294,47.3847425,21.9307618,54.3348284
790,2.6333334,0.03159142,0.00184244903,253.383851,0.000124678112,0.00639381839,0.886786534,1.19914568,294,47.4716304,19.8473895,53.2225703
791,2.63666673,0.0313710115,0.00182959454,207.471371,0.00015120646,0.00587112419,0.873909113,1.05790721,294,47.6004234,17.8420779,51.9767988
792,2.64000006,0.0314129072,0.00183203795,166.37347,0.000188809593,0.00661799636,0.86254909,0.918836797,294,47.7127545,15.9632841,50.5980858
793,2.6433334,0.0314935628,0.00183674188,133.321803,0.000236222149,0.00516049376,0.852786395,0.783972766,294,47.7610886,14.2657145,49.091896
794,2.64666673,0.0331157307,0.00193134864,113.694515,0.000291269378,0.00647046427,0.844682174,0.656282516,294,47.7096061,12.8171578,47.4615282
795,2.65000006,0.0302723984,0.00176552213,112.615317,0.000268812442,0.00610159811,0.838271723,0.540541452,294,47.5335809,11.6903815,45.7146635
796,2.6533334,0.0306058664,0.00178497038,128.644988,0.000237909513,0.0059360027,0.833564873,0.444982087,294,47.2179026,10.9479128,43.8659778
797,2.65666673,0.0308861846,0.00180131887,154.955356,0.000199323118,0.00556558812,0.830546146,0.382773555,294,46.7552258,10.6240135,41.9241727
798,2.66000006,0.0284880532,0.001661457,185.839169,0.000153294127,0.00509904664,0.829184772,0.3695169,294,46.1442729,10.7010959,39.9013156
799,2.6633334,0.0309930616,0.00180755206,218.155053,0.00014206896,0.00505006835,0.829428815,0.44241463,294,45.3882745,11.1139565,37.812106
800,2.66666673,0.0325924298,0.00190082911,250.3064,0.000130210134,0.00522672266,0.831207093,0.518496669,294,44.4938246,11.7688136,35.6697894
801,2.67000006,0.0312237307,0.00182100495,281.4513,0.000110938307,0.00585196782,0.834442375,0.590476947,294,43.4699681,12.5723956,33.481678
802,2.6733334,0.0308928781,0.00180170924,311.111938,9.92982728e-05,0.00571522443,0.839036787,0.659650388,294,42.3274179,13.4497149,31.2626857
803,2.67666673,0.0290330394,0.00169324124,339.007441,8.56413042e-05,0.00535970565,0.844882281,0.759608494,294,41.0780512,14.3439946,29.0223208
804,2.68000006,0.0302977029,0.00176699791,364.964585,8.30154598e-05,0.00535137507,0.851859723,0.858331319,294,39.7345722,15.2164904,26.7702545
805,2.6833334,0.0310531602,0.00181105708,388.87452,7.9853934e-05,0.0057573023,0.859844537,0.953750193,294,38.3103033,16.0390373,24.5179782
806,2.68666673,0.0311442214,0.00181636788,410.672271,7.58371664e-05,0.00539382793,0.868700865,1.0444512,294,36.818883,16.795562,22.2751812
807,2.69000007,0.0289662458,0.00168934576,430.321427,6.73130457e-05,0.00553227626,0.878293557,1.12941973,294,35.2741358,17.4751212,20.0519787
808,2.6933334,0.0291005274,0.00169717722,447.806962,6.49845355e-05,0.00555327482,0.888480065,1.2079537,294,33.6898456,18.0715644,17.8571198
809,2.69666673,0.0299914164,0.00174913493,463.12663,6.47585659e-05,0.00489674397,0.8991151,1.27954433,294,32.0795304,18.5824152,15.7023716
810,2.70000007,0.0297543073,0.00173530644,476.291869,6.24707438e-05,0.00585442211,0.910052335,1.34377922,294,30.456131,19.0079972,13.5988058
811,2.7033334,0.0263713597,0.00153800893,487.322451,5.41148056e-05,0.00574151315,0.921157141,1.40035181,294,28.8320862,19.3473129,11.5627946
812,2.70666673,0.0277046266,0.00161576663,496.247528,5.5828241e-05,0.00481762121,0.932288872,1.44916968,294,27.2189556,19.6028246,9.60906396
813,2.71000007,0.0278754975,0.00162573203,503.09704,5.54077947e-05,0.00472386505,0.943324061,1.49007727,294,25.6275818,19.7757717,7.77569419
814,2.7133334,0.0258339251,0.00150666511,507.911643,5.08630299e-05,0.00469952727,0.954137972,1.5230846,294,24.068561,19.8661869,6.11504713
815,2.71666673,0.0272254556,0.00158782082,510.730013,5.33069428e-05,0.00574182848,0.964620366,1.54819421,294,22.5521588,19.8780293,4.75167491
816,2.72000007,0.0289531332,0.00168858102,511.59885,5.6593429e-05,0.00468594829,0.974682112,1.56551857,294,21.0897144,19.8104203,3.91927343
817,2.7233334,0.0252371478,0.00147186035,510.559436,4.94303817e-05,0.00503971955,0.984236019,1.57520887,294,19.6943753,19.6648843,3.89411015
818,2.72666673,0.0264278937,0.00154130606,507.660037,5.20582511e-05,0.00536394075,0.993217881,1.57736934,294,18.3816314,19.4459767,4.62543486
819,2.73000007,0.0248782471,0.00145092884,502.948919,4.94647591e-05,0.00522042612,0.999629653,1.57219588,294,17.1713475,19.1539185,5.78990065
820,2.7333334,0.0278401267,0.00162366916,496.4735,5.60757556e-05,0.00451596989,0.992999806,1.55992345,294,16.0881523,18.7914691,7.14358372
821,2.73666673,0.0275216199,0.00160509347,488.286206,5.63637054e-05,0.00490304871,0.986320653,1.54074363,294,15.1611709,18.3631188,8.56929344
822,2.74000007,0.024615166,0.00143558564,478.439637,5.14488435e-05,0.00435903727,0.979612735,1.51488948,294,14.4226028,17.8729317,10.0137141
823,2.7433334,0.0242699472,0.00141545206,466.987472,5.19713025e-05,0.00455761998,0.9728993,1.48261997,294,13.9033988,17.3269856,11.44679
824,2.74666673,0.0261749455,0.00152655382,453.98962,5.76553833e-05,0.00484149243,0.966205872,1.4441781,294,13.6277471,16.7302833,12.8553524
825,2.75000007,0.0259592091,0.00151397182,439.506589,5.90644367e-05,0.00472648043,0.959563896,1.39984284,294,13.6061632,16.0895402,14.2284371
826,2.7533334,0.0236998604,0.00138220393,423.603182,5.59482587e-05,0.00354685295,0.950572923,1.34988476,294,13.8321415,15.4090289,15.557727
827,2.75666673,0.0244969506,0.00142869117,406.348251,6.02856062e-05,0.00430734271,0.940772028,1.29464824,294,14.2812406,14.6971613,16.8336334
828,2.76000007,0.0238991091,0.00139382435,387.817843,6.16245735e-05,0.00423933348,0.928696115,1.23449211,294,14.91635,13.9596921,18.0497132
829,2.7633334,0.023364669,0.00136265517,368.092416,6.34750077e-05,0.00395984445,0.917120882,1.16967892,294,15.6940751,13.2026459,19.2010879
830,2.76666673,0.0243959979,0.00142280349,347.25547,7.02537469e-05,0.00437663674,0.906086908,1.10066778,294,16.5706498,12.4307185,20.2775136
831,2.77000007,0.0227838489,0.00132878105,325.399242,7.00181375e-05,0.00395564977,0.895637011,1.0278406,294,17.5053348,11.6489539,21.2748005
832,2.7733334,0.0228824814,0.00133453342,302.61873,7.56148882e-05,0.0040006757,0.885811771,0.951605347,294,18.4621165,10.862379,22.1833197
833,2.77666673,0.0242501797,0.0014142992,279.017328,8.69128089e-05,0.00442765529,0.876651719,0.872473889,294,19.4103089,10.0748607,22.9976064
834,2.78000007,0.0230932562,0.00134682605,254.702495,9.06675693e-05,0.00432005268,0.868195004,0.790851637,294,20.3244224,9.28836335,23.7137361
835,2.7833334,0.0217008838,0.00126562124,229.784862,9.44400062e-05,0.0030882074,0.860479742,0.707318748,294,21.1832115,8.5083043,24.3208102
836,2.78666673,0.0228524548,0.00133278223,204.385392,0.000111810608,0.00367245678,0.853532228,0.622329985,294,21.969578,7.73571626,24.819902
837,2.79000007,0.0227067985,0.00132428738,178.624327,0.000127120415,0.00365568745,0.847388175,0.536435951,294,22.6697565,6.97390049,25.2041063
838,2.7933334,0.0215698582,0.00125797968,152.630985,0.000141320311,0.00370658718,0.842073819,0.450131095,294,23.2730115,6.22519148,25.4689327
839,2.79666673,0.021736797,0.00126771574,126.54492,0.000171771391,0.0039583283,0.837610619,0.363971389,294,23.7712156,5.49180407,25.6141512
840,2.80000007,0.0213665573,0.00124612293,100.520562,0.000212559072,0.00374003709,0.834015263,0.278456566,294,24.1585272,4.77645863,25.6383315
841,2.8033334,0.0219651472,0.0012810334,74.7562463,0.000293823571,0.00366239795,0.831302057,0.194061432,294,24.4311274,4.08332554,25.5402784
842,2.80666673,0.0238999722,0.00139387468,49.6008857,0.000481845674,0.00385433638,0.829478153,0.11128879,294,24.5870151,3.41836256,25.3195575
843,2.81000007,0.021626025,0.00126125539,26.2430792,0.000824065835,0.00346825918,0.828541167,0.0582575801,294,24.6257861,2.79319994,24.9786386
844,2.8133334,0.0237606443,0.00138574892,14.7846928,0.00160711113,0.00357856893,0.828486331,0.0506157036,294,24.548537,2.22875463,24.5189848
845,2.81666673,0.0229326619,0.00133746,31.1782358,0.0007355343,0.00376920036,0.829304107,0.123411989,294,24.3577492,1.76691308,23.9455063
846,2.82000007,0.0232611864,0.00135661994,53.3945341,0.000435647333,0.00468041548,0.830977808,0.195743932,294,24.0571313,1.48881675,23.2579637
847,2.8233334,0.0218453513,0.00127404676,75.7543691,0.000288370844,0.00348205119,0.833481205,0.264641078,294,23.6515278,1.48200194,22.4662039
848,2.82666674,0.0247555049,0.00144377037,97.4894661,0.000253930049,0.00397201466,0.836788074,0.329897068,294,23.1468599,1.73422333,21.5726034
849,2.83000007,0.0219543964,0.0012804064,118.33841,0.000185522152,0.00363798374,0.840862652,0.391268875,294,22.5500079,2.14480201,20.5865433
850,2.8333334,0.0206601216,0.00120492276,138.15476,0.000149543321,0.00355642606,0.845669175,0.448588145,294,21.86875,2.63140469,19.5111301
851,2.83666674,0.0230105346,0.00134200163,156.828806,0.000146723903,0.00352762125,0.851164729,0.501676958,294,21.1117196,3.14967177,18.3574452
852,2.84000007,0.0228042656,0.00132997178,174.274764,0.000130852368,0.00412017112,0.857296861,0.550497781,294,20.2883162,3.67852675,17.1329557
853,2.8433334,0.0232920086,0.00135841753,190.420323,0.000122318922,0.00364320672,0.864017906,0.594937573,294,19.408629,4.20672893,15.8464426
854,2.84666674,0.0232101409,0.00135364291,205.204998,0.000113107093,0.00407678182,0.871275375,0.634955751,294,18.4834111,4.72670194,14.5068161
855,2.85000007,0.0229943411,0.00134105721,218.578406,0.00010519951,0.0040356308,0.879012066,0.670573586,294,17.5240034,5.23334616,13.1280323
856,2.8533334,0.0221112785,0.00128955595,230.504805,9.59254562e-05,0.00363916883,0.887173095,0.701780654,294,16.5422526,5.72280903,11.7139524
857,2.85666674,0.0240895904,0.00140493344,240.951493,9.9976929e-05,0.00423444424,0.895694183,0.728593784,294,15.5505058,6.19110295,10.2833371
858,2.86000007,0.0248622717,0.00144999713,249.903724,9.94873997e-05,0.00402103497,0.904518063,0.751031212,294,14.5616244,6.63408148,8.84406118
859,2.8633334,0.0231820755,0.0013520061,257.351644,9.00793759e-05,0.00392111465,0.913585131,0.769178254,294,13.5888446,7.04898222,7.41116364
860,2.86666674,0.024198167,0.00141126576,263.296596,9.19045948e-05,0.0038659526,0.922835781,0.783119512,294,12.6458241,7.43244343,6.00419722
861,2.87000007,0.0245746832,0.00143322463,267.750413,9.17820553e-05,0.00417559782,0.932210409,0.79294027,294,11.7467793,7.78023142,4.64748912
862,2.8733334,0.0243430245,0.00141971402,270.731285,8.99158164e-05,0.0043218792,0.941651794,0.798725058,294,10.906298,8.08967211,3.39456268
863,2.87666674,0.0241809362,0.00141026084,272.26741,8.88131864e-05,0.00397847022,0.951102715,0.80055934,294,10.1393242,8.35744673,2.37817125
864,2.88000007,0.0253575628,0.0014788831,272.394006,9.30914862e-05,0.00420445928,0.960508338,0.798595951,294,9.46048326,8.58190935,1.93582964
865,2.8833334,0.0235563634,0.00137383501,271.155405,8.68740321e-05,0.00495022669,0.969820976,0.792955026,294,8.88373275,8.75996071,2.33671898
866,2.88666674,0.0227505039,0.00132683633,268.601905,8.46997117e-05,0.00428383303,0.97898818,0.783728296,294,8.42107797,8.88971135,3.22779795
867,2.89000007,0.024480167,0.00142771233,264.787194,9.24522316e-05,0.0037667383,0.987964648,0.771174442,294,8.08070287,8.97086739,4.26218192
868,2.8933334,0.0232823433,0.00135785383,259.775132,8.96249885e-05,0.00382545487,0.99670985,0.755382735,294,7.86563664,9.00237038,5.31644658
869,2.89666674,0.0261121646,0.00152289236,253.630169,0.000102953701,0.00411879269,0.998420023,0.73648553,294,7.77299756,8.98259235,6.3421126
870,2.90000007,0.0284187545,0.00165741542,246.422636,0.000115325259,0.00461055192,0.996044229,0.714748811,294,7.79327747,8.91360991,7.31668326
871,2.9033334,0.0251763491,0.0014683145,238.227796,0.000105681829,0.00414613676,0.99312288,0.690340838,294,7.91196267,8.79627579,8.23213171
872,2.90666674,0.0261382176,0.00152441181,229.120714,0.000114080553,0.0043624324,0.990261935,0.66343232,294,8.11157571,8.63224992,9.08075683
873,2.91000007,0.0263077855,0.00153430121,219.179482,0.000120028505,0.00458363421,0.987484978,0.634201949,294,8.37432059,8.42189029,9.85809571
874,2.9133334,0.0242611909,0.00141494139,208.483984,0.000116369567,0.00426234035,0.984813388,0.602894693,294,8.68286094,8.16885601,10.5618859
875,2.91666674,0.0243951992,0.00142275691,197.114948,0.000123761285,0.00422575529,0.982265765,0.569724551,294,9.02138525,7.87704999,11.1888879
876,2.92000007,0.0251816418,0.00146862317,185.155042,0.000136003003,0.00390091534,0.979860295,0.534911912,294,9.37673281,7.54658412,11.7406472
877,2.9233334,0.0255729389,0.00149144408,172.684615,0.00014809043,0.00432450254,0.977614917,0.498649361,294,9.73718921,7.18399798,12.2144916
878,2.92666674,0.024885605,0.00145135796,159.786078,0.000155743262,0.00406257637,0.97554858,0.461157952,294,10.0932565,6.79085902,12.612149
879,2.93000007,0.0256080194,0.00149349002,146.539704,0.000174751406,0.00499558587,0.973671149,0.422670664,294,10.436926,6.37139832,12.9353093
880,2.9333334,0.0267162501,0.00155812335,133.023855,0.000200838038,0.00473019576,0.971994449,0.383416469,294,10.7614433,5.92988744,13.1840538
881,2.93666674,0.0258289646,0.00150637581,119.316536,0.000216474308,0.00440451169,0.970528494,0.343559447,294,11.0612756,5.46946129,13.3612573
882,2.94000007,0.0248821561,0.00145115681,105.493316,0.000235864765,0.00503287767,0.969282099,0.30332359,294,11.3316876,4.99568333,13.4686532
883,2.9433334,0.025439753,0.00148367653,91.6287105,0.00027763954,0.00462346398,0.968260512,0.262959474,294,11.5689735,4.51120879,13.5057416
884,2.94666674,0.0243752342,0.00142159253,77.799208,0.000313309542,0.00367879815,0.967466579,0.222584348,294,11.7701261,4.02033845,13.4770715
885,2.95000007,0.0251413132,0.00146627116,64.0809823,0.000392336577,0.00461272139,0.966902954,0.182433843,294,11.9327196,3.52899493,13.3878376
886,2.9533334,0.0247428544,0.00144303257,50.5546285,0.000489428073,0.00444657389,0.966569147,0.142684808,294,12.0550179,3.04114918,13.2392371
887,2.95666674,0.0255505801,0.00149014009,37.3261261,0.000684522686,0.00483244234,0.966456021,0.103510791,294,12.1358364,2.56324496,13.034573
888,2.96000007,0.0261992616,0.00152797196,24.592406,0.0010653395,0.00524595099,0.966558584,0.0650894535,294,12.1745531,2.10283512,12.775591
889,2.96333341,0.0252762689,0.00147414194,13.0703008,0.00193387047,0.00401825256,0.966872963,0.0276220056,294,12.170895,1.67591664,12.4713653
890,2.96666674,0.0258550047,0.0015078945,8.18092856,0.00316039977,0.00482124944,0.967386047,0.0210303147,294,12.125125,1.30579843,12.1174
891,2.97000007,0.0252852391,0.00147466509,16.2702802,0.0015540752,0.00422093503,0.968086049,0.0444589664,294,12.0378604,1.04254606,11.7240833
892,2.97333341,0.0262633674,0.00153171069,27.0681369,0.00097026875,0.00476890752,0.968957903,0.0784575549,294,11.910077,0.957824474,11.2915914
893,2.97666674,0.0266729904,0.00155560039,37.9061216,0.00070365918,0.00472165926,0.969990524,0.111072029,294,11.7430419,1.07507283,10.8247562
894,2.98000007,0.0267831374,0.00156202429,48.3924078,0.000553457424,0.00483037924,0.971167239,0.142204934,294,11.5383074,1.32392888,10.3266534
895,2.98333341,0.0249486667,0.00145503579,58.4051579,0.00042716547,0.0045519433,0.972471443,0.171705672,294,11.2976501,1.63088735,9.80129266
896,2.98666674,0.0255359766,0.0014892884,67.8854144,0.000376162933,0.0043854798,0.973887998,0.199554811,294,11.0230371,1.95564268,9.25019059
897,2.99000007,0.0280034071,0.00163319187,76.7942201,0.000364655141,0.00525154165,0.975399413,0.225614443,294,10.7166427,2.27803726,8.6808264
898,2.99333341,0.0260350677,0.00151839598,85.1076496,0.000305907492,0.00509529931,0.976991355,0.249874056,294,10.3808018,2.58868717,8.09121876
899,2.99666674,0.0253547441,0.0014787187,92.8031781,0.000273209868,0.00474432584,0.978643807,0.272267404,294,10.0180066,2.88235447,7.48863042
900,3.00000007,0.0262156955,0.00152893041,99.8673883,0.000262505068,0.00477685716,0.980344483,0.292758454,294,9.63087404,3.15640138,6.87308287
901,3.00333341,0.0250132327,0.00145880136,106.28791,0.000235334692,0.0046490908,0.982076183,0.311289586,294,9.22213728,3.4089744,6.24962302
902,3.00666674,0.0250135104,0.00145881755,112.057965,0.000223219388,0.00477621856,0.983826714,0.327865642,294,8.79480416,3.6375905,5.61864765
903,3.01000007,0.0262680719,0.00153198506,117.171516,0.000224184792,0.00448586868,0.985578484,0.342428603,294,8.35191139,3.84329636,4.98485798
904,3.01333341,0.0270672263,0.00157859269,121.627472,0.000222542044,0.00559054291,0.987321112,0.355018552,294,7.89680101,4.02452998,4.34991314
905,3.01666674,0.0247919471,0.00144589572,125.426349,0.000197661394,0.00484898817,0.98904278,0.365652586,294,7.43311152,4.18117988,3.7167241
906,3.02000007,0.0270004015,0.00157469539,128.571643,0.000210002773,0.00444645711,0.990736164,0.37430613,294,6.96468084,4.31420436,3.0855712
907,3.02333341,0.0256707046,0.0014971459,131.066697,0.000195859857,0.00489868121,0.992372415,0.381028674,294,6.49591469,4.42295582,2.46450249
908,3.02666674,0.0248888205,0.00145154549,132.922351,0.000187243306,0.00430649272,0.993748266,0.385834497,294,6.03182967,4.50760547,1.85435605
909,3.03000007,0.0261876378,0.00152729405,134.148337,0.000195214033,0.00468991473,0.995083627,0.388737716,294,5.57800564,4.56982887,1.26067316
910,3.03333341,0.0256429982,0.00149553002,134.75504,0.000190293426,0.0044803508,0.996375337,0.389820619,294,5.14113195,4.60926934,0.710925344
911,3.03666674,0.0243385328,0.00141945206,134.759526,0.000180607142,0.00401585329,0.997615233,0.38912993,294,4.72883103,4.62774795,0.368959848
912,3.04000007,0.0253158742,0.00147645177,134.175457,0.000188677384,0.00433468118,0.998805143,0.386713355,294,4.35023589,4.62523779,0.661164464
913,3.04333341,0.0251505626,0.0014668106,133.021063,0.000189072032,0.00430782314,0.998367176,0.382619011,294,4.01584769,4.60276112,1.16376546
914,3.04666674,0.0242931439,0.00141680492,131.314756,0.000184999346,0.00438490798,0.996535771,0.376924626,294,3.73736568,4.56035846,1.68041238
915,3.05000007,0.0262516416,0.00153102683,129.078631,0.000203377131,0.00428221056,0.994750191,0.369677461,294,3.52626087,4.49978304,2.18528828
916,3.05333341,0.023526005,0.00137206448,126.336164,0.000186217503,0.00410607416,0.993014544,0.361020619,294,3.39154851,4.42253634,2.67439435
917,3.05666674,0.0249526738,0.00145526949,123.10965,0.00020268658,0.00446508899,0.991339326,0.350969029,294,3.33773601,4.32907833,3.14275481
918,3.06000007,0.0252819435,0.00147447289,119.424141,0.000211698768,0.00437876145,0.989734611,0.339630115,294,3.36258594,4.22110581,3.58396472
919,3.06333341,0.0248031029,0.00144654634,115.310314,0.000215098738,0.00425031592,0.98748358,0.327115689,294,3.45771607,4.09849644,4.00375682
920,3.06666674,0.0242829606,0.00141621102,110.792488,0.000219175155,0.00442651262,0.984854434,0.313464894,294,3.61013535,3.96307491,4.39359807
921,3.07000007,0.0228994024,0.00133552027,105.903194,0.000216229573,0.00370870531,0.982183012,0.298787136,294,3.80513925,3.81631,4.75751862
922,3.07333341,0.0242023447,0.0014115094,100.670777,0.000240410826,0.00458053999,0.978935748,0.283191579,294,4.02905834,3.65752753,5.09308802
923,3.07666674,0.0233992034,0.00136466926,95.1257208,0.000245981877,0.00380026247,0.975864914,0.266786487,294,4.26956125,3.48983032,5.39799407
924,3.08000007,0.0237769758,0.00138670139,89.3006999,0.000266257441,0.0045008556,0.972980046,0.249643847,294,4.51672798,3.31292815,5.6720135
925,3.08333341,0.0246075912,0.00143514386,83.2284407,0.000295663249,0.0040707516,0.970290682,0.231872163,294,4.76264327,3.12803572,5.91479546
926,3.08666674,0.0249127043,0.00145293842,76.9419047,0.000323785905,0.00433611558,0.967803973,0.213577628,294,5.00099252,2.93631842,6.12540675
927,3.09000007,0.0239958724,0.0013994677,70.4749066,0.000340488176,0.00551860211,0.965529438,0.194832292,294,5.22672931,2.73977724,6.30487199
928,3.09333341,0.0254240954,0.00148276336,63.8602961,0.000398120538,0.00439444857,0.963471883,0.175742147,294,5.43614498,2.53753966,6.45156414
929,3.09666674,0.0258407086,0.00150706073,57.1325493,0.000452293988,0.00427810079,0.961633674,0.156443185,294,5.62613992,2.33256041,6.5668154
930,3.10000008,0.0254651738,0.00148515909,50.3251116,0.00050601326,0.00458883648,0.960019579,0.136982539,294,5.79449827,2.12443152,6.64682042
931,3.10333341,0.0251379425,0.00146607458,43.4757726,0.000578205768,0.00441136358,0.958634366,0.117433116,294,5.93944704,1.9153815,6.69777553
932,3.10666674,0.0236830384,0.00138122285,36.6175437,0.000646767532,0.00361095758,0.957478034,0.0979572976,294,6.05983442,1.70484176,6.71488782
933,3.11000008,0.0246087163,0.00143520948,29.7909723,0.000826046092,0.00391975657,0.956552969,0.078566013,294,6.15481986,1.49477439,6.70087795
934,3.11333341,0.0252556094,0.00147293705,23.0415252,0.00109609104,0.00504305612,0.955856786,0.0593999447,294,6.22384837,1.28808836,6.6561726
935,3.11666674,0.0247455465,0.00144318958,16.4361269,0.00150555825,0.00420081449,0.955389486,0.0405037294,294,6.26672999,1.08577096,6.5815876
936,3.12000008,0.0233410349,0.0013612768,10.1310794,0.00230390406,0.0043747587,0.955146298,0.0220405874,294,6.28352335,0.891185582,6.4790272
937,3.12333341,0.0232716598,0.00135723076,4.92902559,0.00472135098,0.00414460349,0.955122457,0.0120023872,294,6.27456423,0.709158157,6.34700705
938,3.12666674,0.0240543737,0.00140287956,5.44800001,0.00441526682,0.00428097012,0.955315576,0.0144450922,294,6.24037817,0.550781564,6.18915656
939,3.13000008,0.0246044318,0.0014349596,10.5872694,0.00232396388,0.00449140521,0.955716119,0.0310706474,294,6.18167704,0.438629771,6.00655024
940,3.13333341,0.0243842448,0.00142211803,16.2431805,0.0015011989,0.00448466438,0.956316935,0.0474638938,294,6.09936958,0.405932714,5.79821903
941,3.13666674,0.0242366482,0.00141351003,21.8243242,0.00111053373,0.0035060087,0.957110921,0.0631919058,294,5.99451989,0.463151857,5.57052144
942,3.14000008,0.0241341872,0.00140753438,27.2100612,0.00088695821,0.0040716135,0.958088438,0.0782046151,294,5.8683395,0.57932118,5.3203857
943,3.14333341,0.0251605888,0.00146739534,32.3479174,0.000777811705,0.00449333148,0.959240001,0.0924608885,294,5.72214728,0.722124055,5.05222768
944,3.14666674,0.0252199163,0.00147085539,37.2086752,0.000677796676,0.00436101717,0.960556073,0.105923068,294,5.557433,0.873006044,4.76615305
945,3.15000008,0.0221741306,0.00129322156,41.7696571,0.000530866953,0.00376878072,0.962027097,0.118522144,294,5.37577294,1.02475115,4.46564933
946,3.15333341,0.0254210908,0.00148258812,46.0147464,0.000552455306,0.0043836003,0.963638808,0.130219087,294,5.1788337,1.17363378,4.15152053
947,3.15666674,0.0242745265,0.00141571913,49.9297953,0.000486173162,0.00466638216,0.96538165,0.141011125,294,4.96840804,1.31650897,3.82557253
948,3.16000008,0.0241495886,0.00140843261,53.5033226,0.000451366148,0.00367026818,0.967238953,0.150860164,294,4.74637323,1.45231152,3.49100829
949,3.16333341,0.0240101584,0.00140030087,56.7275091,0.000423254233,0.00435816534,0.969201139,0.159767551,294,4.51464024,1.58072798,3.14904814
950,3.16666674,0.0245827019,0.00143369229,59.5958489,0.000412490171,0.0046059742,0.97125631,0.167694368,294,4.27532227,1.69954796,2.80108988
951,3.17000008,0.0238201956,0.00138922202,62.1034517,0.00038355671,0.00417171261,0.973392542,0.174640142,294,4.03062843,1.80871987,2.44835255
952,3.17333341,0.0237625563,0.00138586042,64.2465576,0.00036986505,0.00449952516,0.975593148,0.180631949,294,3.78295895,1.90731614,2.09769212
953,3.17666674,0.023275469,0.00135745292,66.0282532,0.000352507719,0.00408772933,0.977846206,0.185608598,294,3.53480407,1.99578961,1.74540982
954,3.18000008,0.0248327209,0.00144827369,67.447477,0.000368178648,0.0046198124,0.980139795,0.189596393,294,3.28887238,2.07375066,1.39660634
955,3.18333341,0.0232612468,0.00135662346,68.5078521,0.000339541324,0.00487155717,0.982461995,0.192629304,294,3.04828275,2.14020049,1.05619408
956,3.18666674,0.0246687993,0.00143871359,69.2163609,0.000356401275,0.00550142402,0.984800863,0.194708857,294,2.81634398,2.19615322,0.725707792
957,3.19000008,0.0227808411,0.00132860563,69.577375,0.00032741737,0.00429671656,0.987142136,0.195865023,294,2.59708241,2.23994561,0.426089729
958,3.19333341,0.0256757671,0.00149744115,69.6015423,0.000368896525,0.00484418152,0.989473872,0.196065132,294,2.39483614,2.27274829,0.25086516
959,3.19666674,0.0255497027,0.00149008892,69.2974602,0.000368696092,0.00451922496,0.991786534,0.19537435,294,2.21441723,2.29462139,0.39461286
960,3.20000008,0.0249906638,0.00145748511,68.6741847,0.000363901864,0.00457230454,0.994068202,0.193796243,294,2.06101218,2.30551823,0.662051106
961,3.20333341,0.0253949431,0.00148106316,67.7464318,0.000374852851,0.00453385168,0.996311723,0.191362235,294,1.9399225,2.30473936,0.943384109
962,3.20666674,0.025394056,0.00148101142,66.526692,0.000381712291,0.00453407747,0.998505177,0.1881429,294,1.85539509,2.29323689,1.22070158
963,3.21000008,0.0267339802,0.00155915739,65.0278186,0.000411116054,0.00414342497,0.99941391,0.184173633,294,1.80984272,2.27127565,1.48301849
964,3.21333341,0.022953087,0.00133865122,63.2691113,0.000362785039,0.00402660229,0.998879369,0.179421753,294,1.8027632,2.23968026,1.73422981
965,3.21666674,0.0250350105,0.00146007146,61.2643637,0.000408639036,0.00425911067,0.998253663,0.174025545,294,1.83117732,2.19740722,1.96944016
966,3.22000008,0.0263139676,0.00153466176,59.0316694,0.000445760181,0.00447402543,0.997648442,0.167952167,294,1.88947263,2.1461748,2.18920439
967,3.22333341,0.0232641331,0.00135679179,56.5880428,0.000411113937,0.00401650024,0.997062794,0.161273573,294,1.97090667,2.08659555,2.39246475
968,3.22666674,0.0256794738,0.00149765733,53.9512684,0.00047597535,0.00485707775,0.996503751,0.154059483,294,2.06888457,2.01825644,2.57813185
969,3.23000008,0.0260163253,0.0015173029,51.140099,0.000508726533,0.00461736983,0.995974882,0.146348021,294,2.17742911,1.94174491,2.7470678
970,3.23333341,0.0258490794,0.00150754893,48.1723037,0.000536596289,0.00470498977,0.99547838,0.138143186,294,2.29130977,1.85860849,2.896476
971,3.23666675,0.0245170549,0.00142986368,45.0683018,0.000543997754,0.00503899435,0.995011095,0.129515112,294,2.40649121,1.76826941,3.0262793
972,3.24000008,0.0246334463,0.00143665176,41.8483747,0.000588635675,0.00516152626,0.994577698,0.120538422,294,2.51961943,1.67202761,3.14247867
973,3.24333341,0.0248139041,0.00144717628,38.5270233,0.000644064919,0.00398395785,0.994184488,0.111279196,294,2.62785932,1.57217946,3.23747503
974,3.24666675,0.0266454296,0.00155399301,35.1261444,0.000758564029,0.00393587771,0.993827465,0.101720788,294,2.72936577,1.4667404,3.31540376
975,3.25000008,0.0249418261,0.00145463684,31.6633414,0.000787719331,0.00444177482,0.993511494,0.0919636407,294,2.82263459,1.35686306,3.3764084
976,3.25333341,0.0238363765,0.00139016571,28.156482,0.000846567994,0.00415235323,0.993237863,0.0820775298,294,2.90631509,1.2453337,3.41848501
977,3.25666675,0.0238443482,0.00139063063,24.6253718,0.000968283785,0.00498395512,0.993005334,0.0720735255,294,2.97958584,1.13088868,3.4423535
978,3.26000008,0.0244695578,0.00142709359,21.0893472,0.00116028048,0.00525037651,0.992811879,0.0620185149,294,3.04175299,1.01517666,3.45216969
979,3.26333341,0.024316841,0.00141818696,17.5647463,0.00138441174,0.00417757476,0.992659435,0.0519582635,294,3.09242561,0.897908223,3.44421237
980,3.26666675,0.0243487122,0.00142004574,14.0730828,0.00173016194,0.00439298,0.992550141,0.0419649378,294,3.13122037,0.781822418,3.42175122
981,3.27000008,0.024849334,0.00144924259,10.6378135,0.00233594376,0.00416766056,0.992481559,0.0320501567,294,3.15795513,0.667987411,3.38306194
982,3.27333341,0.0254076775,0.00148180584,7.29951691,0.00348073411,0.00465760417,0.992454168,0.0222613585,294,3.17265945,0.556041895,3.32894065
983,3.27666675,0.0260973083,0.00152202593,4.1726239,0.00625441183,0.00433293566,0.992462547,0.0127129299,294,3.17536999,0.449957281,3.26355956
984,3.28000008,0.0244927758,0.00142844769,2.03968331,0.0120081267,0.00417036806,0.992512901,0.00518020503,294,3.16626416,0.352304662,3.18535534
985,3.28333341,0.0262663096,0.00153188228,3.44655723,0.00762102812,0.0044998939,0.992600213,0.00717051123,294,3.14557384,0.272740296,3.09322966
986,3.28666675,0.0265489067,0.00154836368,6.21579391,0.00427120124,0.00489795172,0.992721223,0.0152850133,294,3.11358612,0.228502668,2.9907138
987,3.29000008,0.024709007,0.00144105855,9.07150548,0.00272380445,0.00428739203,0.992874415,0.0237944927,294,3.0707139,0.232520424,2.87827004
988,3.29333341,0.024911365,0.00145286031,11.8557729,0.00210120127,0.00426460242,0.993060594,0.0320055027,294,3.01739275,0.28108632,2.75423087
989,3.29666675,0.0259804438,0.00151521025,14.5251467,0.00178865276,0.00410857347,0.993276977,0.0398545676,294,2.95415951,0.351343902,2.62199962
990,3.30000008,0.0240852549,0.00140468059,17.0610099,0.00141171332,0.00395073256,0.993520389,0.0472973177,294,2.88154937,0.431232862,2.48432553
991,3.30333341,0.0247256354,0.00144202834,19.4539566,0.00127098234,0.00409445679,0.993787386,0.0542975486,294,2.80019812,0.512286366,2.3368358
992,3.30666675,0.0239740406,0.00139819444,21.692418,0.00110518065,0.00452524146,0.994078857,0.0608839852,294,2.71076424,0.592228193,2.18310779
993,3.31000008,0.0240044876,0.00139997015,23.7695363,0.00100988455,0.00511001025,0.994387396,0.0669856172,294,2.61393786,0.669353437,2.02468304
994,3.31333341,0.0262327027,0.00152992229,25.6805983,0.00102149889,0.00453336411,0.994711725,0.0726004332,294,2.5104537,0.742675109,1.86183125
995,3.31666675,0.0263532677,0.00153695378,27.4213575,0.000961048982,0.0045963577,0.995053815,0.0777271598,294,2.40118146,0.810078037,1.69661832
996,3.32000008,0.0248437926,0.00144891941,28.9898335,0.000856982936,0.00406028745,0.995411521,0.0823931286,294,2.28697725,0.872636481,1.52589079
997,3.32333341,0.0261712531,0.00152633848,30.3810195,0.000861434329,0.00468387932,0.995775607,0.0865431692,294,2.16873338,0.930126045,1.3561205
998,3.32666675,0.0246459149,0.00143737894,31.59646,0.000780021397,0.00439022253,0.996151897,0.0901352702,294,2.04743233,0.981815638,1.1834715
999,3.33000008,0.0248312078,0.00144818545,32.6338607,0.000760903162,0.00453018036,0.996537021,0.0932024736,294,1.92412287,1.02783022,1.01007965
1000,3.33333341,0.0255235767,0.00148856522,33.4931332,0.000762054017,0.00424563935,0.996924475,0.0957805527,294,1.80001955,1.0674786,0.839360995
1001,3.33666675,0.0244616361,0.00142663159,34.1775349,0.000715722656,0.00433376352,0.99731241,0.0978367444,294,1.67637748,1.10150862,0.667974185
1002,3.34000008,0.0251722116,0.00146807319,34.6867756,0.000725700535,0.00424735,0.997703493,0.0994046732,294,1.55459427,1.12987099,0.499401705
1003,3.34333341,0.0263894132,0.00153906183,35.0239597,0.000753467439,0.00515054811,0.998092197,0.1004851,294,1.43622733,1.15272433,0.335320194
1004,3.34666675,0.025770285,0.00150295354,35.1930087,0.000732255807,0.00412004276,0.998453999,0.101011557,294,1.32318808,1.16941765,0.178792524
1005,3.35000008,0.0230042859,0.0013416372,35.1977618,0.000653572407,0.00428621291,0.998784538,0.101087132,294,1.21769596,1.18014573,0.0709822362
1006,3.35333341,0.0229240046,0.0013369551,35.0425416,0.000654176426,0.00372945506,0.999110795,0.100711553,294,1.12235879,1.18488359,0.16727769
1007,3.35666675,0.0244641575,0.00142677864,34.7323354,0.000704362583,0.00478681466,0.999430157,0.0998587423,294,1.03992742,1.18446119,0.310273004
1008,3.36000008,0.0249134926,0.00145298439,34.2729355,0.000726914464,0.00427806731,0.998978473,0.0985923674,294,0.973359731,1.1785208,0.45287232
1009,3.36333341,0.0236232219,0.00137773428,33.6704071,0.000701601908,0.00424568016,0.998508614,0.0968830808,294,0.924973217,1.16854769,0.590764838
1010,3.36666675,0.0252652364,0.00147349851,32.9314665,0.000767206538,0.0039366559,0.998056785,0.0948005146,294,0.896658197,1.15333138,0.722965355
1011,3.37000008,0.0236505324,0.00137932706,32.0629037,0.000737629149,0.00438636004,0.997627818,0.0922780186,294,0.888866818,1.13339674,0.848009822
1012,3.37333342,0.0253043968,0.00147578239,31.0726984,0.0008143611,0.00385982083,0.997111196,0.0894195944,294,0.900678734,1.10782736,0.967245968
1013,3.37666675,0.0244957485,0.00142862106,29.9673704,0.000817414013,0.00497185499,0.996410189,0.0862628242,294,0.929269122,1.07865395,1.07703256
1014,3.38000008,0.0236621607,0.00138000523,28.7570729,0.000822829249,0.0045150538,0.995746147,0.0827750774,294,0.970995372,1.04598219,1.17990494
1015,3.38333342,0.0243411701,0.00141960587,27.4492745,0.000886769161,0.00551315913,0.995071946,0.0789913171,294,1.02211426,1.01010084,1.27485727
1016,3.38666675,0.0264567587,0.0015429895,26.0524076,0.00101552068,0.00452752089,0.99423748,0.0749774204,294,1.07947697,0.9700824,1.36128098
1017,3.39000008,0.0252362674,0.001471809,24.5754591,0.00102688895,0.00424007815,0.993450718,0.0707486009,294,1.14019782,0.92682345,1.43875846
1018,3.39333342,0.0246898483,0.00143994119,23.0278083,0.00107217534,0.00436262133,0.992716388,0.066298637,294,1.20174454,0.882021156,1.50793823
1019,3.39666675,0.0235591996,0.00137400042,21.418159,0.0010999638,0.00446642829,0.992036895,0.0616663929,294,1.26248872,0.833348289,1.56807499
1020,3.40000008,0.0251738406,0.0014681682,19.7559647,0.00127424001,0.00389599985,0.991414622,0.0568859778,294,1.3209159,0.782900309,1.61938444
1021,3.40333342,0.0254189881,0.00148246549,18.0504538,0.00140821878,0.00436039329,0.990847185,0.0519593327,294,1.3759088,0.730407435,1.66283407
1022,3.40666675,0.0228708945,0.00133385765,16.3097463,0.00140228389,0.00471474047,0.990336968,0.0469219811,294,1.42647344,0.677366229,1.6968513
1023,3.41000008,0.0240512489,0.00140269732,14.5437257,0.00165371992,0.00446307437,0.989886304,0.0418103331,294,1.47215139,0.621184293,1.72380999
1024,3.41333342,0.0225543242,0.0013153949,12.7599214,0.00176759116,0.00407696065,0.989492913,0.0366624861,294,1.51232954,0.564903333,1.73964119
1025,3.41666675,0.02468678,0.00143976225,10.9700849,0.00225037273,0.00430774038,0.989159126,0.0314782522,294,1.54669557,0.507344561,1.74677209
1026,3.42000008,0.0238142759,0.00138887678,9.18377557,0.00259308122,0.00373404812,0.988884945,0.0263290361,294,1.57490629,0.450261843,1.74705653
1027,3.42333342,0.0233993778,0.00136467943,7.40986588,0.00315786793,0.0050776944,0.988670368,0.0212138524,294,1.5967661,0.393678159,1.74057186
1028,3.42666675,0.0230400141,0.00134372091,5.65909313,0.00407132619,0.00418037883,0.988515396,0.0161403622,294,1.61216466,0.338183627,1.72533399
1029,3.43000008,0.0237292941,0.00138392054,3.9508185,0.00600617167,0.00476694075,0.988417644,0.0111439463,294,1.62114054,0.282986946,1.70131032
1030,3.43333342,0.0249023493,0.0014523345,2.33413116,0.0106687875,0.00433032689,0.988377113,0.00624576621,294,1.62371234,0.230216142,1.6718251
1031,3.43666675,0.0246671249,0.00143861594,1.1041918,0.0223395291,0.00437380987,0.988389034,0.00281334368,294,1.61997043,0.181109421,1.63386761
1032,3.44000008,0.0243981122,0.0014229268,1.58848101,0.0153593981,0.0042094903,0.988455791,0.00372707558,294,1.61004199,0.139430499,1.59023756
1033,3.44333342,0.0244283092,0.00142468792,2.98032771,0.00819651781,0.00451203627,0.988575,0.0080014275,294,1.59406617,0.114355155,1.54063143
1034,3.44666675,0.025957389,0.00151386567,4.44554822,0.00583896243,0.00453922557,0.988744278,0.0123637186,294,1.57230992,0.110806127,1.48367316
1035,3.45000008,0.0244581478,0.00142642815,5.87878246,0.00416041043,0.0046604182,0.988958855,0.0165536647,294,1.5450053,0.131309294,1.42267804
1036,3.45333342,0.0253510676,0.00147850429,7.25666773,0.00349348607,0.00452295717,0.989218731,0.020561164,294,1.51245863,0.164619944,1.35545783
1037,3.45666675,0.0245487359,0.00143171135,8.56690744,0.00286553066,0.00462406217,0.989521523,0.0243502924,294,1.47496113,0.203850878,1.28666201
1038,3.46000008,0.0247040746,0.00144077089,9.80572463,0.00251935227,0.00430912709,0.989864846,0.0279191961,294,1.43284364,0.244900611,1.21193622
1039,3.46333342,0.0242085816,0.00141187315,10.9661559,0.00220757227,0.00392292616,0.990246316,0.0312679003,294,1.38647201,0.285451147,1.13372043
1040,3.46666675,0.0253304277,0.00147730054,12.044406,0.00210308651,0.0043389788,0.990663549,0.0343599387,294,1.33626113,0.324269529,1.05301761
1041,3.47000008,0.0263994793,0.0015396489,13.0379048,0.00202482528,0.00407312516,0.991111776,0.0371942451,294,1.28264274,0.361321144,0.967169018
1042,3.47333342,0.025975911,0.00151494589,13.9415998,0.00186319443,0.00458477049,0.991588614,0.0398068848,294,1.22604357,0.396367182,0.88437271
1043,3.47666675,0.0253877081,0.0014806412,14.7587811,0.00172017648,0.00412410372,0.992091678,0.0421615411,294,1.16693361,0.428975739,0.79503512
1044,3.48000008,0.0260970731,0.00152201221,15.4831412,0.00168551541,0.00416528199,0.992616199,0.0442560931,294,1.10586376,0.458500125,0.706971705
1045,3.48333342,0.0248300668,0.0014481189,16.1163015,0.00154068021,0.00477624373,0.993159794,0.0460563424,294,1.04332768,0.485864302,0.617970199
1046,3.48666675,0.0241864577,0.00141058286,16.6575946,0.00145197781,0.00424828411,0.993720078,0.0475972927,294,0.979834826,0.510884824,0.525966063
1047,3.49000008,0.0227403866,0.00132624628,17.1043105,0.00132951203,0.00372501102,0.994294668,0.048913552,294,0.916073749,0.532376753,0.437832254
1048,3.49333342,0.0233513193,0.0013618766,17.4605554,0.00133737552,0.00403190854,0.994878794,0.049935764,294,0.852778514,0.550687456,0.348810317
1049,3.49666675,0.0243033465,0.00141739995,17.7255889,0.00137108824,0.0042453117,0.995470072,0.0507000077,294,0.790552161,0.567215268,0.263197781
1050,3.50000008,0.0236511237,0.00137936155,17.9027684,0.00132108751,0.00418744271,0.996066119,0.0512365255,294,0.73044779,0.579410686,0.177806194
1051,3.50333342,0.0270475155,0.00157744314,17.9915249,0.00150334759,0.00441146123,0.996664551,0.0514810995,294,0.673204143,0.590081547,0.0980051276
1052,3.50666675,0.0258949319,0.0015102231,17.9933989,0.0014391351,0.00409025649,0.997260598,0.0515010616,294,0.620109185,0.596899758,0.050203712
1053,3.51000008,0.0246300879,0.0014364559,17.9119133,0.00137506739,0.00434457878,0.997851876,0.0512635011,294,0.572464849,0.600721053,0.0952751929
1054,3.51333342,0.0233822067,0.00136367799,17.7489788,0.00131738322,0.00373055101,0.998436002,0.0508345356,294,0.531687392,0.601670909,0.166194006
1055,3.51666675,0.0228485397,0.0013325539,17.5094103,0.00130492914,0.00415296007,0.999010592,0.0501497347,294,0.499278779,0.599619493,0.238138122
1056,3.52000009,0.0250864036,0.00146306877,17.1967482,0.00145878764,0.00433233546,0.99957326,0.049275751,294,0.476373003,0.59520797,0.310519331
1057,3.52333342,0.0261515141,0.00152518728,16.8120706,0.00155552013,0.00425063147,0.999730967,0.0481816494,294,0.46351812,0.588786576,0.378064019
1058,3.52666675,0.0257613157,0.00150243044,16.3610147,0.00157455489,0.00464341379,0.999572732,0.0469000905,294,0.46101951,0.57902857,0.441995449
1059,3.53000009,0.0264598161,0.00154316781,15.847516,0.00166965069,0.00423924232,0.999415267,0.0454654085,294,0.467822415,0.567886692,0.503348001
1060,3.53333342,0.024262223,0.00141500158,15.2747991,0.00158838246,0.00489715197,0.999265558,0.0438432168,294,0.482589888,0.554196695,0.560057731
1061,3.53666675,0.0230743126,0.00134572124,14.6477623,0.00157527901,0.00409747043,0.999120169,0.0420713773,294,0.503861982,0.5374114,0.610851599
1062,3.54000009,0.0241022008,0.0014056689,13.9726079,0.0017249608,0.00425664329,0.998982996,0.0401498897,294,0.529746923,0.518813089,0.659409617
1063,3.54333342,0.023972363,0.0013980966,13.2518656,0.00180898024,0.00430490857,0.998854667,0.038078759,294,0.558465143,0.498936647,0.704128377
1064,3.54666675,0.0244952594,0.00142859254,12.489696,0.00196123744,0.00400764768,0.998736719,0.0359257239,294,0.588623545,0.477615992,0.741727898
1065,3.55000009,0.0250478827,0.00146082218,11.693337,0.00214206456,0.00440517346,0.998629904,0.0336307528,294,0.619164775,0.454346056,0.778123574
1066,3.55333342,0.0239381126,0.00139609908,10.8643226,0.00220336908,0.00466739067,0.998528433,0.0312936363,294,0.649315059,0.428686271,0.808763423
1067,3.55666675,0.0261942652,0.00152768057,10.0085224,0.00261719604,0.00434535261,0.998434992,0.0288470775,294,0.678244028,0.40253453,0.833799364
1068,3.56000009,0.0245250521,0.00143033009,9.13172979,0.00268569621,0.00399689647,0.998352713,0.0263247288,294,0.705340051,0.375824799,0.854034006
1069,3.56333342,0.0264239361,0.00154107525,8.23888442,0.00320722258,0.00409897576,0.998283343,0.0237293325,294,0.730260149,0.347789785,0.871420116
1070,3.56666675,0.0239664082,0.00139774931,7.33308614,0.00326825674,0.00473239131,0.998223111,0.0211591095,294,0.752676378,0.31886718,0.88220726
1071,3.57000009,0.0233904694,0.00136415988,6.42114739,0.00364272427,0.00456847693,0.998172062,0.0185238253,294,0.772349431,0.289391563,0.890782418
1072,3.57333342,0.0247379832,0.00144274848,5.50562596,0.00449321901,0.00499299327,0.998131451,0.0158877413,294,0.789042034,0.260234091,0.893272953
1073,3.57666675,0.0245235566,0.00143024287,4.59310207,0.00533921437,0.00459424854,0.998100481,0.0132498183,294,0.802628441,0.231241951,0.892247932
1074,3.58000009,0.0238868318,0.00139310832,3.68810901,0.00647671524,0.00445997445,0.998078374,0.0106432076,294,0.813075311,0.201652111,0.886858292
1075,3.58333342,0.0253406798,0.00147789846,2.79714982,0.00905946461,0.00453070046,0.998065499,0.00807534497,294,0.820355072,0.17233791,0.878072321
1076,3.58666675,0.0238485502,0.00139087569,1.9297005,0.0123586796,0.00472328712,0.998063975,0.00554583425,294,0.824459749,0.143321073,0.864873868
1077,3.59000009,0.0221720871,0.00129310238,1.11372502,0.0199080444,0.00388719694,0.99807292,0.0030327945,294,0.825361163,0.116737904,0.848946489
1078,3.59333342,0.0218949276,0.00127693811,0.535270014,0.0409044539,0.0042650545,0.998089359,0.001390846,294,0.823140963,0.0913377116,0.829439626
1079,3.59666675,0.0268247359,0.00156445037,0.868305368,0.0308932052,0.00464451376,0.99811375,0.00203793033,294,0.817838118,0.0720596291,0.805143619
1080,3.60000009,0.0235818697,0.00137532257,1.58535347,0.0148748341,0.00426085931,0.998147302,0.00424991138,294,0.809575634,0.058314809,0.778819439
1081,3.60333342,0.024998284,0.00145792953,2.32802764,0.010737967,0.00433488894,0.998188151,0.00644133429,294,0.798411926,0.0596641099,0.751415185
1082,3.60666675,0.0236466632,0.00137910141,3.05458943,0.00774135567,0.00470578763,0.998236782,0.00856338762,294,0.784491904,0.0713792665,0.718308202
1083,3.61000009,0.0253894005,0.00148073991,3.75042441,0.00676974063,0.0039376801,0.998290925,0.0105756932,294,0.767958921,0.0891528689,0.68485157
1084,3.61333342,0.0230361455,0.00134349529,4.41254774,0.00522059973,0.00363665761,0.998351257,0.0125067458,294,0.748958401,0.109200995,0.648359613
1085,3.61666675,0.0253138521,0.00147633383,5.03677404,0.00502580657,0.00416917466,0.99841951,0.0143327107,294,0.727637834,0.130618144,0.611902067
1086,3.62000009,0.0252026253,0.00146984696,5.622713,0.00448228911,0.00404021499,0.998494491,0.0160149823,294,0.704183494,0.151227457,0.571613887
1087,3.62333342,0.02400807,0.00140017908,6.16636784,0.00389338921,0.00455415412,0.99857263,0.0175826414,294,0.67880051,0.170903683,0.529799668
1088,3.62666675,0.0252837957,0.00147458091,6.66613766,0.00379287032,0.00406845729,0.998653818,0.01903652,294,0.651688097,0.189791997,0.48750251
1089,3.63000009,0.024944132,0.00145477132,7.1216359,0.00350258456,0.00404315563,0.99873989,0.0203443434,294,0.623039747,0.207849715,0.443934108
1090,3.63333342,0.0255039846,0.00148742259,7.53171072,0.00338621404,0.00395333856,0.99882771,0.021539099,294,0.593090236,0.224314969,0.39983715
1091,3.63666675,0.0255182552,0.00148825487,7.89589254,0.00323183922,0.00408412214,0.998918275,0.0225861081,294,0.562197822,0.238360998,0.355144116
1092,3.64000009,0.0277513204,0.00161848987,8.21377003,0.00337863372,0.00461280436,0.999013152,0.0235201287,294,0.530506421,0.252345095,0.310006084
1093,3.64333342,0.0245344329,0.00143087718,8.48506912,0.00289148297,0.00417834268,0.999111592,0.0243063473,294,0.498294958,0.26462149,0.263766346
1094,3.64666675,0.0237302969,0.00138397902,8.70881964,0.002724858,0.00411546784,0.999207954,0.0249782767,294,0.465903804,0.27517136,0.219771755
1095,3.65000009,0.0240531443,0.00140280786,8.88742711,0.00270642381,0.00437585642,0.999306539,0.0255030451,294,0.433705446,0.28405426,0.175031378
1096,3.65333342,0.0252332252,0.00147163158,9.02018979,0.00279741622,0.00499636021,0.999405855,0.025880759,294,0.402105187,0.291328984,0.130605885
1097,3.65666676,0.0236441857,0.00137895691,9.10743571,0.00259614083,0.00423186334,0.999501516,0.0261105303,294,0.371405338,0.29784148,0.0871669604
1098,3.66000009,0.0253249992,0.00147698395,9.14980734,0.00276781776,0.00460641743,0.999591442,0.0262622241,294,0.342279941,0.30196896,0.0484208298
1099,3.66333342,0.0244259378,0.00142454962,9.1501704,0.00266945169,0.00439537983,0.999677536,0.0262321976,294,0.315192062,0.305220667,0.0240889246
1100,3.66666676,0.0254085602,0.00148185732,9.10830764,0.00278960276,0.00466745295,0.999763163,0.0261204475,294,0.290922182,0.306450132,0.0479269787
1101,3.67000009,0.0245604713,0.00143239577,9.02558371,0.00272120586,0.00428595055,0.999836713,0.0259003898,294,0.269978292,0.307177497,0.0830751464
1102,3.67333342,0.0246742658,0.0014390324,8.90510658,0.0027707996,0.00385427214,0.999711766,0.0255337438,294,0.253111017,0.306271938,0.121553193
1103,3.67666676,0.0268964344,0.00156863191,8.74553324,0.0030754482,0.00488036427,0.999590929,0.0250927246,294,0.241105761,0.303567732,0.156913405
1104,3.68000009,0.0244478354,0.00142582672,8.55084853,0.00285911221,0.00388720375,0.999475393,0.0245363083,294,0.234310761,0.299682545,0.191637249
1105,3.68333342,0.0241090535,0.00140606855,8.32197164,0.00289703624,0.00448264995,0.999364901,0.0238721659,294,0.232710905,0.294899353,0.22333654
1106,3.68666676,0.0247899051,0.00144577663,8.06222338,0.00307482241,0.00460653495,0.99922676,0.0231323177,294,0.235966491,0.288862626,0.254670066
1107,3.69000009,0.0245180858,0.0014299238,7.77220657,0.00315458494,0.00453011168,0.999044899,0.0222858555,294,0.243421427,0.281591951,0.28444064
1108,3.69333342,0.0252478955,0.00147248717,7.4536597,0.0033873153,0.00421200868,0.998873695,0.021394581,294,0.25435355,0.27261756,0.310884907
1109,3.69666676,0.0241796147,0.00141018377,7.11002483,0.00340077782,0.00434043006,0.998693516,0.0203984636,294,0.267751027,0.262777819,0.334298263
1110,3.70000009,0.0258809228,0.00150940607,6.74452116,0.00383732547,0.00465869776,0.998478918,0.0193266556,294,0.282543147,0.253066809,0.357067657
1111,3.70333342,0.0243652242,0.00142100874,6.35787551,0.00383229024,0.00372104331,0.998273878,0.0182170091,294,0.298203677,0.241460849,0.376598738
1112,3.70666676,0.0228850482,0.00133468312,5.95344834,0.0038439988,0.00381076036,0.998083143,0.0170677526,294,0.314107462,0.229298119,0.39493501
1113,3.71000009,0.0262177551,0.00152905053,5.53253993,0.004738828,0.00480277303,0.997906713,0.0158806431,294,0.329611629,0.217595144,0.409977602
1114,3.71333342,0.0241374746,0.00140772611,5.09862269,0.00473411666,0.00422832071,0.997746972,0.0146556783,294,0.344566308,0.203901912,0.42325509
1115,3.71666676,0.0238778196,0.00139258272,4.65343173,0.00513122809,0.003845539,0.997603921,0.0133585768,294,0.358577805,0.190420287,0.434059749
1116,3.72000009,0.0241254891,0.0014070271,4.19963923,0.00574465753,0.00425566576,0.997472811,0.012059724,294,0.371450436,0.176499599,0.441726603
1117,3.72333342,0.0240235798,0.00140108363,3.74038322,0.00642275895,0.00486493918,0.99735837,0.0107609336,294,0.383032166,0.162149091,0.448501798
1118,3.72666676,0.0256536412,0.00149615074,3.27669697,0.00782911615,0.00431245402,0.997260598,0.0094243256,294,0.39319653,0.147596603,0.451964882
1119,3.73000009,0.0234915202,0.00137005328,2.8121586,0.00835355453,0.0037907355,0.99717482,0.00808970523,294,0.401837616,0.132903953,0.453825888
1120,3.73333342,0.0249577495,0.00145556551,2.34849323,0.0106271328,0.00425607989,0.997105646,0.0067553339,294,0.408952321,0.117037309,0.455135897
1121,3.73666676,0.0241915296,0.00141087866,1.88698301,0.0128202159,0.00470132135,0.99705081,0.0054553784,294,0.414496644,0.101216746,0.452768388
1122,3.74000009,0.0265233329,0.00154687219,1.43214343,0.0185200256,0.00428140755,0.997010279,0.00415800075,294,0.418382825,0.0868218191,0.447683462
1123,3.74333342,0.026063432,0.00152005022,0.989963748,0.026327663,0.00469598781,0.996986437,0.00282646237,294,0.420549639,0.0739925054,0.440081491
1124,3.74666676,0.0234489769,0.00136757211,0.574692307,0.0408026637,0.00390883965,0.996979284,0.00157175821,294,0.421077754,0.0598134752,0.433180521
1125,3.75000009,0.0237875451,0.0013873178,0.275817299,0.0862438475,0.00385187085,0.996986416,0.000711667725,294,0.419976859,0.0476155981,0.423231912
1126,3.75333342,0.0264725995,0.00154391335,0.438121359,0.0604229831,0.00385509302,0.99700549,0.00105747042,294,0.417253834,0.0394551656,0.412069834
1127,3.75666676,0.024587984,0.00143400035,0.803770188,0.0305908136,0.00503685605,0.997038868,0.0022130457,294,0.413011617,0.0324088976,0.399896907
1128,3.76000009,0.0247520456,0.00144356862,1.18485634,0.0208903348,0.00422314876,0.997081837,0.00335979135,294,0.407276524,0.0334863232,0.383367703
1129,3.76333342,0.0239359729,0.00139597429,1.55527707,0.0153901664,0.00394878792,0.997139058,0.00443722329,294,0.400140216,0.0379515306,0.367018041
1130,3.76666676,0.0255106922,0.00148781378,1.91054967,0.0133525407,0.00391490167,0.997208199,0.00544150573,294,0.391652937,0.0467700265,0.349718401
1131,3.77000009,0.0243563695,0.00142049232,2.24839493,0.0108327808,0.00436615154,0.997286877,0.00641029885,294,0.381895933,0.0564360468,0.331376856
1132,3.77333342,0.0254977642,0.00148705981,2.56712598,0.00993241641,0.00442032357,0.997377476,0.00730667191,294,0.3709737,0.0666427303,0.312571832
1133,3.77666676,0.0248051848,0.00144666776,2.86612151,0.00865461731,0.00472196738,0.997477612,0.00816309831,294,0.358969271,0.076811093,0.292025939
1134,3.78000009,0.0252681777,0.00147367005,3.14355918,0.00803807921,0.00432949834,0.997584901,0.00894668403,294,0.345955402,0.0872892965,0.270470692
1135,3.78333342,0.0244006721,0.00142307609,3.39836096,0.00718012959,0.00383379561,0.997701726,0.00969199699,294,0.332060376,0.0964373303,0.24991522
1136,3.78666676,0.025241941,0.0014721399,3.63158187,0.00695067382,0.00395725625,0.997825704,0.0103626422,294,0.3174171,0.105192609,0.226235679
1137,3.79000009,0.025820393,0.0015058759,3.84013493,0.00672382442,0.00449123447,0.997956834,0.010961078,294,0.302147368,0.113423821,0.204617439
1138,3.79333343,0.0264148145,0.00154054326,4.02618888,0.00656074895,0.00428180173,0.998095063,0.0115172034,294,0.286367388,0.121188449,0.180273921
1139,3.79666676,0.0245935214,0.00143432329,4.18699727,0.00587378491,0.00454292121,0.998235731,0.011969426,294,0.270164606,0.128287204,0.158364281
1140,3.80000009,0.0252599892,0.00147319249,4.32510789,0.00584031423,0.00459450633,0.998378835,0.0123793361,294,0.253716943,0.134564669,0.136457808
1141,3.80333343,0.02515752,0.00146721636,4.44062175,0.00566531477,0.00507039156,0.998526655,0.0127150522,294,0.237159595,0.140263715,0.112744006
1142,3.80666676,0.0255121008,0.00148789593,4.53171017,0.00562968501,0.00525363104,0.998676859,0.0129787928,294,0.220735317,0.144627568,0.0900194474
1143,3.81000009,0.0246607827,0.00143824605,4.59932888,0.00536182198,0.00464903503,0.998831798,0.0131697823,294,0.204649994,0.148315043,0.0670900036
1144,3.81333343,0.0272986015,0.00159208677,4.64333006,0.00587909995,0.00430498683,0.998984386,0.0132869282,294,0.189050682,0.151911538,0.0460553617
1145,3.81666676,0.0248198499,0.00144752304,4.66486047,0.00532059855,0.00369293839,0.999139338,0.0133643081,294,0.174184404,0.154335698,0.0272278654
1146,3.82000009,0.024177485,0.00141005956,4.66499148,0.0051827501,0.00487822607,0.999291926,0.0133677051,294,0.160431542,0.155744674,0.0165196927
1147,3.82333343,0.0246550984,0.00143791454,4.64338621,0.00530972384,0.00412224465,0.999444514,0.0132988318,294,0.14813973,0.156417762,0.0273301149
1148,3.82666676,0.0243268162,0.00141876873,4.60027925,0.00528811729,0.00454193114,0.999594718,0.0131904217,294,0.137576309,0.156765079,0.0451884654
1149,3.83000009,0.0252435135,0.0014722316,4.53760957,0.00556317441,0.00441685419,0.999742537,0.0130424449,294,0.12925176,0.15585788,0.0634367226
1150,3.83333343,0.0256421665,0.00149548152,4.45586468,0.00575470047,0.00412235707,0.999890357,0.0127860622,294,0.123276536,0.15506765,0.0820533078
1151,3.83666676,0.0237821274,0.00138700184,4.35530478,0.00546049671,0.00410878548,0.999920793,0.012491846,294,0.11993782,0.153153211,0.100066468
1152,3.84000009,0.0249007071,0.00145223873,4.23683031,0.00587720188,0.00465070085,0.999879782,0.0121615102,294,0.119271639,0.150688538,0.115433613
1153,3.84333343,0.0238452461,0.001390683,4.1033601,0.00581115124,0.00456791783,0.999839704,0.0117572066,294,0.121177023,0.147157984,0.130673566
1154,3.84666676,0.0243666422,0.00142109143,3.95517472,0.00616069932,0.00466736722,0.999800813,0.0113511819,294,0.125110767,0.14382011,0.144205021
1155,3.85000009,0.0249198102,0.00145335285,3.79402632,0.0065681701,0.00477473792,0.999766238,0.0109058514,294,0.130596517,0.13983157,0.159276514
1156,3.85333343,0.0268153496,0.00156390295,3.61848429,0.007410658,0.00523359611,0.999732403,0.0103897097,294,0.137436653,0.13459319,0.170542765
1157,3.85666676,0.0264545404,0.00154286013,3.43242909,0.00770723581,0.0046281895,0.9997008,0.00987207909,294,0.144926096,0.129973947,0.183243754
1158,3.86000009,0.0246426647,0.00143718939,3.23449744,0.00761869969,0.00427576656,0.999670384,0.00931725134,294,0.152755898,0.12441351,0.193237926
1159,3.86333343,0.0261362162,0.00152429508,3.02745257,0.00863307204,0.00444509798,0.999641013,0.0087258877,294,0.160792471,0.117932332,0.201487746
1160,3.86666676,0.0245317511,0.00143072078,2.8130541,0.0087206823,0.00378456377,0.999613279,0.00809886578,294,0.168667867,0.111354753,0.210315655
1161,3.87000009,0.0244041053,0.00142327633,2.59090728,0.00941913495,0.00389256057,0.999590756,0.00746869593,294,0.176201628,0.104755314,0.21703481
1162,3.87333343,0.0243764382,0.00142166274,2.36301818,0.0103158064,0.00427360708,0.999568533,0.00683334006,294,0.183239736,0.0979372986,0.222452122
1163,3.87666676,0.0231476274,0.00134999704,2.13086919,0.0108629979,0.00445642573,0.999549737,0.00616758151,294,0.189768856,0.0902022186,0.225741084
1164,3.88000009,0.0236642092,0.00138012471,1.89645452,0.0124781317,0.00400396079,0.999536154,0.00550011929,294,0.195579228,0.0835247721,0.230361429
1165,3.88333343,0.0254232765,0.0014827156,1.65868829,0.0153273382,0.00457562302,0.999523467,0.00483205435,294,0.200673023,0.0762396459,0.230510431
1166,3.88666676,0.0234482534,0.00136752991,1.422155,0.0164878325,0.00347173768,0.999511826,0.0041301161,294,0.205014264,0.0683460503,0.232080903
1167,3.89000009,0.0255066533,0.00148757823,1.18538084,0.0215176865,0.00408249583,0.999500784,0.0034612623,294,0.208524783,0.0614898837,0.23153242
1168,3.89333343,0.0238096386,0.00138860632,0.950887501,0.0250393854,0.00424627425,0.999495106,0.00279090329,294,0.211234237,0.0538900826,0.230893105
1169,3.89666676,0.0244879518,0.00142816635,0.71930994,0.0340436721,0.00471023767,0.999494643,0.00212355664,294,0.213074703,0.0471522697,0.228264428
1170,3.90000009,0.0257282503,0.00150050203,0.494413118,0.0520379604,0.00419050834,0.999494332,0.00145227851,294,0.214145735,0.0393522065,0.224095062
1171,3.90333343,0.0250023979,0.00145816946,0.283924603,0.0880599907,0.00465184859,0.999494772,0.000789873997,294,0.214381128,0.0325248582,0.221220032
1172,3.90666676,0.0227978371,0.00132959686,0.13800631,0.165194164,0.00445448874,0.999500277,0.000359471427,294,0.21377173,0.0268054765,0.215601813
1173,3.91000009,0.0262791784,0.00153263281,0.231361596,0.113584877,0.00417036112,0.999505638,0.000581214057,294,0.212367961,0.0236257257,0.208713967
1174,3.91333343,0.023843531,0.00139058297,0.417498847,0.0571104117,0.00423228972,0.999513683,0.00116024671,294,0.21017728,0.0209817247,0.201396493
1175,3.91666676,0.0234557532,0.00136796731,0.60931799,0.0384950939,0.00416793632,0.999523966,0.00171785934,294,0.207243881,0.0202862889,0.193287691
1176,3.92000009,0.0269182638,0.00156990502,0.795771755,0.0338266137,0.00430125098,0.999533657,0.0022758919,294,0.203598801,0.0239494242,0.187317775
1177,3.92333343,0.024504546,0.00142913414,0.976872976,0.02508468,0.00370944471,0.999548415,0.00279197503,294,0.19927354,0.0272557438,0.178428623
1178,3.92666676,0.0258044902,0.00150494843,1.1490126,0.0224579698,0.00417720474,0.999562433,0.00327650614,294,0.19431424,0.0314228699,0.168843751
1179,3.9300001,0.0252306471,0.00147148122,1.31112013,0.0192435816,0.00466964428,0.999580474,0.00373113473,294,0.188766501,0.0360260056,0.158741724
1180,3.93333343,0.0265481201,0.00154831781,1.46261719,0.0181511063,0.00425904568,0.999601643,0.00417710109,294,0.182695556,0.0408279515,0.148662959
1181,3.93666676,0.0248263709,0.00144790336,1.60343903,0.0154832023,0.00413599472,0.999623452,0.00458753946,294,0.176140129,0.0457628056,0.139148526
1182,3.9400001,0.0252126397,0.00147043101,1.73429036,0.014537727,0.00421065516,0.999645817,0.0049610878,294,0.169085798,0.0511961589,0.127802944
1183,3.94333343,0.0239573803,0.00139722279,1.85321616,0.0129274613,0.00349729075,0.999671163,0.00529489316,294,0.16166457,0.0551452004,0.114627709
1184,3.94666676,0.0252358022,0.00147178187,1.95841937,0.012885801,0.00450450384,0.999693829,0.00559499916,294,0.15386319,0.0600370816,0.104620073
1185,3.9500001,0.0237476164,0.00138498912,2.05309847,0.0115667206,0.00403159266,0.999714821,0.00589173291,294,0.145782654,0.0636113396,0.0918518267
1186,3.95333343,0.0263455571,0.00153650409,2.13452683,0.0123425748,0.00400169671,0.999736578,0.00615209355,294,0.137567919,0.0668257426,0.0809467001
1187,3.95666676,0.024953625,0.00145532496,2.20446014,0.0113196082,0.00435242826,0.999762507,0.00634115136,294,0.129286709,0.0693421805,0.0686893469
1188,3.9600001,0.0250381554,0.00146025488,2.26170088,0.0110704982,0.00443088307,0.999787244,0.0064917961,294,0.120846251,0.0730178244,0.0577245448
1189,3.96333343,0.0235227633,0.00137187542,2.30753096,0.0101939101,0.00488092103,0.999812579,0.00660595705,294,0.11244086,0.0750956267,0.0457956828
1190,3.96666676,0.0228680278,0.00133369046,2.34084551,0.00976913157,0.00471767965,0.999838509,0.00668330481,294,0.104242026,0.07668186,0.0339943162
1191,3.9700001,0.0238184826,0.00138912212,2.36169871,0.0100853181,0.00445222812,0.999863249,0.00675797233,294,0.0962019822,0.0788138957,0.0245041301
1192,3.97333343,0.0249661084,0.00145605301,2.37159213,0.010527151,0.0050820492,0.999888883,0.0067963192,294,0.0886292341,0.0798168419,0.016273116
1193,3.97666676,0.0240691148,0.00140373928,2.37106317,0.0101511909,0.00483411106,0.999910781,0.00679704756,294,0.0816528563,0.0801063351,0.0133218396
1194,3.9800001,0.0240323996,0.00140159801,2.35959459,0.0101849698,0.00400705394,0.999931947,0.00679654099,294,0.075359917,0.0806121632,0.0161762283
1195,3.98333343,0.0238804283,0.00139273486,2.33930809,0.0102083297,0.00425762696,0.999952078,0.00672597746,294,0.0698865184,0.080967105,0.0258610716
1196,3.98666676,0.0247030351,0.00144071026,2.30646764,0.0107103324,0.00474727539,0.999918447,0.0066510154,294,0.0655626134,0.0806670177,0.033214939
1197,3.9900001,0.0253819416,0.0014803049,2.26507642,0.0112057772,0.00398127636,0.999885005,0.00654091639,294,0.0625973981,0.0796177758,0.0410751954
1198,3.99333343,0.0257059024,0.00149919867,2.21599802,0.0116001468,0.00430185463,0.999853201,0.00639329551,294,0.0610458994,0.0785770407,0.0510080552
1199,3.99666676,0.0223600444,0.00130406427,2.15678802,0.0103672889,0.00407145995,0.999827674,0.00624301272,294,0.0608455411,0.0769140054,0.0591667128
1200,4.0000001,0.0227651571,0.00132769092,2.08935054,0.0108958055,0.00470225795,0.99979758,0.00605876751,294,0.06187108,0.0756210864,0.0679688583
1201,4.00333343,0.0245326842,0.0014307752,2.01303102,0.012186938,0.00413329652,0.9997498,0.00584061494,294,0.0639301976,0.0739427856,0.0741156765
1202,4.00666676,0.0252429856,0.00147220082,1.93094345,0.0130728767,0.00455424952,0.999705945,0.00561985493,294,0.0667439081,0.07232481,0.0810828832
1203,4.0100001,0.0260155503,0.0015172577,1.84220879,0.0141219337,0.00414079057,0.999651992,0.00536046434,294,0.0700528848,0.0706273235,0.087486103
1204,4.01333343,0.0266986769,0.00155709846,1.74735935,0.0152794425,0.0054276985,0.999597123,0.00510164429,294,0.0738678062,0.0674440655,0.0942835584
1205,4.01666676,0.0244479525,0.00142583355,1.64626424,0.014850564,0.00506921886,0.999544671,0.00480638615,294,0.0779513501,0.0641684874,0.0989009847
1206,4.0200001,0.0240199521,0.00140087205,1.54083215,0.0155889479,0.00380811152,0.999496987,0.00447644689,294,0.082098431,0.0605902743,0.103797649
1207,4.02333343,0.0256520068,0.00149605542,1.43102412,0.0179256286,0.00472688906,0.999451687,0.00414559584,294,0.0861987035,0.0578039952,0.105754247
1208,4.02666676,0.0252532418,0.00147279897,1.31959501,0.0191371153,0.00399705759,0.999408772,0.00384853377,294,0.0900208274,0.0548287609,0.111227981
1209,4.0300001,0.0219563547,0.00128052061,1.20335887,0.018245891,0.00395258676,0.999370625,0.00347911755,294,0.0935701005,0.0510431005,0.1140214
1210,4.03333343,0.0250489326,0.00146088342,1.08485236,0.0230897157,0.00416545187,0.999337246,0.00311043552,294,0.0968584972,0.0479159841,0.11588009
1211,4.03666676,0.0249474562,0.00145496519,0.964977349,0.025852893,0.00384491932,0.999306252,0.00277455794,294,0.0998340733,0.0439108223,0.117020958
1212,4.0400001,0.0258356003,0.00150676281,0.844730886,0.0305844154,0.00405129478,0.99928241,0.00243992791,294,0.102430046,0.0408179566,0.118131063
1213,4.04333343,0.0246698002,0.00143877196,0.724017591,0.0340734818,0.00477475109,0.999263316,0.00209736039,294,0.104632681,0.0368367769,0.117834368
1214,4.04666676,0.0235450123,0.001373173,0.604400615,0.0389559701,0.00430551779,0.999246626,0.00175713694,294,0.106405173,0.0336251091,0.118080836
1215,4.0500001,0.0251500842,0.0014667827,0.485252096,0.0518289038,0.00439905701,0.999232321,0.00139954939,294,0.107776608,0.0302006347,0.117125738
1216,4.05333343,0.0243718903,0.00142139751,0.368283195,0.0661770361,0.00420476692,0.999222784,0.00106566716,294,0.108748889,0.0266844913,0.116097671
1217,4.05666676,0.0249320608,0.00145406731,0.254297786,0.0980427755,0.00473618762,0.999215632,0.000727280478,294,0.109303537,0.0237407783,0.114957446
1218,4.0600001,0.0241399912,0.00140787288,0.146753538,0.164493419,0.00475743578,0.999213248,0.000428873955,294,0.109412615,0.0205441314,0.112829906
1219,4.06333343,0.0249625905,0.00145584784,0.0714427437,0.34940694,0.00432541119,0.999213248,0.000186759481,294,0.109124834,0.0184208381,0.110645597
1220,4.06666677,0.0251870561,0.00146893894,0.11668057,0.215863328,0.00421610007,0.999218016,0.000290589821,294,0.108418868,0.0170402687,0.106900019
1221,4.0700001,0.0244893135,0.00142824576,0.211166865,0.115971383,0.00449020229,0.999227553,0.000580398781,294,0.107296872,0.0163863735,0.10368749
1222,4.07333343,0.025986636,0.00151557139,0.309355678,0.0840024538,0.00458492959,0.999239474,0.000876726213,294,0.105833188,0.0173204107,0.0994513114
1223,4.07666677,0.0259159435,0.00151144852,0.404756879,0.0640284201,0.00445729526,0.999253779,0.00117329512,294,0.104000985,0.0178371931,0.0962577504
1224,4.0800001,0.023624051,0.00137778263,0.497256195,0.0475088119,0.00403490266,0.999270468,0.00146903009,294,0.10178727,0.0178750112,0.0911857785
1225,4.08333343,0.0242672068,0.00141529224,0.58457252,0.0415127396,0.00427408601,0.999291926,0.00172995648,294,0.0992590317,0.0196320364,0.086039962
1226,4.08666677,0.0256748412,0.00149738714,0.666525617,0.0385204117,0.00455023676,0.999315768,0.00195495857,294,0.0964501747,0.0221950501,0.0824788149
1227,4.0900001,0.0246553778,0.00143793084,0.744622909,0.0331112265,0.00485406973,0.999341994,0.00214481604,294,0.0933548655,0.0248945649,0.0765268406
1228,4.09333343,0.0232133957,0.00135383273,0.816537595,0.0284290593,0.00389191004,0.999370604,0.0023336738,294,0.0900026421,0.0261953618,0.0705840807
1229,4.09666677,0.025514653,0.00148804478,0.882131401,0.0289238689,0.00444431362,0.999401599,0.00252084124,294,0.0863811993,0.0292407592,0.0651676406
1230,4.1000001,0.0258822808,0.00150948527,0.941808227,0.0274814767,0.00497223758,0.999432614,0.00270677307,294,0.0825369725,0.0315301354,0.0609048286
1231,4.10333343,0.0249149821,0.00145307126,0.996859889,0.0249934643,0.00523469869,0.999465993,0.00288269193,294,0.0786216828,0.032312488,0.0539388062
1232,4.10666677,0.0249515737,0.00145520533,1.04470527,0.0238838402,0.00420835871,0.999499371,0.00300521134,294,0.0745659106,0.034281024,0.047297243
1233,4.1100001,0.0247537421,0.00144366756,1.08542421,0.0228055925,0.0042588951,0.999535134,0.00314960614,294,0.070474361,0.0355095372,0.0430884203
1234,4.11333343,0.0238186854,0.00138913394,1.12175994,0.0212333178,0.00396157523,0.999573281,0.00326080472,294,0.0662973814,0.0371781758,0.0367553523
1235,4.11666677,0.023868358,0.0013920309,1.15126305,0.0207323235,0.0042250793,0.999611428,0.00333749748,294,0.0620490115,0.0385701058,0.0307061884
1236,4.1200001,0.0262909192,0.00153331755,1.17388644,0.0223964757,0.00464155453,0.999651959,0.00341089811,294,0.0577152863,0.0412272453,0.0263174575
1237,4.12333343,0.0248911129,0.00145167918,1.19167461,0.0208875079,0.0047951416,0.99969249,0.00344951195,294,0.0535305467,0.0414357108,0.0203567098
1238,4.12666677,0.0243209685,0.00141842769,1.20263267,0.0202231064,0.00474751343,0.999733022,0.00345430452,294,0.0496253112,0.0411794994,0.0171931352
1239,4.1300001,0.0246591957,0.0014381535,1.20888801,0.0203982466,0.00402044352,0.999773553,0.00349062528,294,0.0459404865,0.0419751963,0.0129948075
1240,4.13333343,0.0247617355,0.00144413374,1.20824495,0.0204939699,0.00448824072,0.999814084,0.00345723992,294,0.0425411061,0.0427089068,0.0122599705
1241,4.13666677,0.0236568655,0.00137969641,1.20208006,0.0196799418,0.00429819762,0.999854615,0.00345681376,294,0.0395486054,0.0423583457,0.012889332
1242,4.1400001,0.0248448685,0.00144898215,1.19151176,0.0208515513,0.00423946318,0.999895146,0.00342241882,294,0.0368461589,0.043040652,0.0170839244
1243,4.14333343,0.0237346584,0.00138423339,1.17449746,0.0202083522,0.00424788126,0.999933293,0.00338455858,294,0.0346457144,0.0428644193,0.0198572921
1244,4.14666677,0.0250579087,0.00146140691,1.15321736,0.0217286953,0.00430553026,0.99997142,0.00331231999,294,0.0329409711,0.0432381614,0.0240112885
1245,4.1500001,0.0243808715,0.0014219213,1.12720769,0.0216294404,0.00442385772,0.999971548,0.00324009912,294,0.032085695,0.0422338703,0.0278702791
1246,4.15333343,0.0249260064,0.00145371421,1.09686672,0.0227247357,0.0043664481,0.999960947,0.00316226797,294,0.0318609665,0.0414836106,0.0320223689
1247,4.15666677,0.024539706,0.00143118472,1.06255151,0.0230950742,0.00445723411,0.999949218,0.00305422627,294,0.0322894074,0.040717942,0.0357760121
1248,4.1600001,0.0245484737,0.00143169606,1.02394042,0.0239745138,0.00413201981,0.999940426,0.00294297798,294,0.0332794909,0.0396586802,0.0401063835
1249,4.16333343,0.0271462939,0.00158320401,0.981189891,0.0276667077,0.00478588159,0.999931187,0.00283177767,294,0.034648021,0.0395930863,0.0419785738
1250,4.16666677,0.0245616787,0.00143246619,0.936619657,0.0262237489,0.00481635295,0.999924034,0.00271859828,294,0.0363901016,0.037576744,0.0469823171
1251,4.1700001,0.026454912,0.0015428818,0.887204266,0.0298182876,0.00435025356,0.999915391,0.00260578778,294,0.0384201736,0.0363044034,0.0489735037
1252,4.17333343,0.0255665448,0.00149107117,0.83578936,0.0305896988,0.0048659155,0.999907641,0.00245799562,294,0.0404471538,0.0350913715,0.0524331014
1253,4.17666677,0.0231704856,0.00135133016,0.781149441,0.0296620395,0.0047148814,0.999900935,0.00227754376,294,0.0423381341,0.0333555893,0.0536275481
1254,4.1800001,0.0227067206,0.00132428284,0.725576331,0.0312947373,0.00425463704,0.999895569,0.00209513783,294,0.0441675329,0.0322060817,0.0551879144
1255,4.18333343,0.0233476647,0.00136166346,0.668380797,0.034931681,0.00443643234,0.999889458,0.00190912885,294,0.0460061766,0.0304653464,0.0564015487
1256,4.18666677,0.0251511848,0.00146684689,0.610219406,0.0412166257,0.00441337411,0.99988722,0.00176012915,294,0.0476676558,0.0298366658,0.0577012411
1257,4.1900001,0.0244741718,0.00142736268,0.551177156,0.0444034581,0.00380543634,0.999884132,0.00161097459,294,0.049323867,0.0273448216,0.059298364
1258,4.19333343,0.0275853854,0.00160881235,0.490856662,0.0561984537,0.0041624368,0.999877574,0.00142609469,294,0.0508195009,0.0266263713,0.0607398405
1259,4.19666677,0.0229585598,0.0013389704,0.4295605,0.0534466271,0.00535940342,0.999875109,0.00127464538,294,0.0521141984,0.0235024705,0.0605507072
1260,4.2000001,0.0252459328,0.0014723727,0.368555167,0.0684997392,0.00408320473,0.999875187,0.00108781221,294,0.0531996206,0.0230328544,0.06062492
1261,4.20333344,0.0232085005,0.00135354723,0.307936321,0.0753678564,0.00371654067,0.999874059,0.000936171437,294,0.0542151538,0.0197005586,0.0608613947
1262,4.20666677,0.024465594,0.00142686242,0.247262945,0.0989456548,0.00508229913,0.999870035,0.000751702712,294,0.0549297507,0.0193475155,0.0605213433
1263,4.2100001,0.0234911547,0.00137003197,0.187692967,0.125157352,0.00411927877,0.999867948,0.000567285873,294,0.055389614,0.0177230128,0.0591679305
1264,4.21333344,0.0253856666,0.00148052214,0.130673171,0.19426839,0.00464607226,0.999869437,0.000411070454,294,0.0556685171,0.0171833653,0.0595511085
1265,4.21666677,0.023209792,0.00135362256,0.0760554764,0.305169241,0.0045351983,0.999870181,0.000263761637,294,0.0557346274,0.0154586797,0.0578851963
1266,4.2200001,0.0264511187,0.00154266057,0.0380412556,0.695327172,0.00405452649,0.999869883,0.000115441433,294,0.0556323172,0.0166384,0.0567628161
1267,4.22333344,0.0238459064,0.0013907215,0.0591262822,0.403304681,0.00419312256,0.999873757,0.000181035311,294,0.0553092947,0.0143900302,0.0561539256
1268,4.22666677,0.0253559079,0.00147878658,0.107130736,0.236681917,0.00400974987,0.999876737,0.000328258748,294,0.0548295194,0.0149314194,0.0527656321
1269,4.2300001,0.0240270158,0.00140128402,0.156061832,0.15395831,0.00428584714,0.99987827,0.00044281277,294,0.0540889622,0.0143120982,0.0517138303
1270,4.23333344,0.0240072233,0.0014001297,0.204501499,0.117393875,0.00395987911,0.999880506,0.000590695262,294,0.0531467159,0.0154671433,0.0491749619
1271,4.23666677,0.0247897139,0.00144576547,0.250850536,0.0988226468,0.00507678347,0.999886317,0.000738622769,294,0.0520632571,0.0153681235,0.0477892321
1272,4.2400001,0.024251873,0.00141439795,0.295528871,0.0820626183,0.00364122004,0.999890639,0.000851997266,294,0.0508199681,0.0159326815,0.0445170727
1273,4.24333344,0.0249312057,0.00145401744,0.336823624,0.074018578,0.00446117638,0.999892428,0.000965471061,294,0.0493676575,0.0170687019,0.0440264691
1274,4.24666677,0.0231360029,0.00134931909,0.377333083,0.0613145361,0.00428443504,0.999895707,0.00107559963,294,0.0478129348,0.0168395081,0.0394757749
1275,4.2500001,0.0256461007,0.00149571097,0.413324544,0.0620483373,0.00438272005,0.999900178,0.00118732991,294,0.0461048884,0.0188628906,0.0378168346
1276,4.25333344,0.0240723204,0.00140392623,0.447328088,0.0538135678,0.00395638548,0.999908076,0.00129108057,294,0.0443080532,0.0192399422,0.0347817269
1277,4.25666677,0.0258984645,0.00151042912,0.477912006,0.054190864,0.00471522734,0.999912548,0.00136757546,294,0.0423978798,0.0201426105,0.0324692012
1278,4.2600001,0.0230753278,0.00134578045,0.505586045,0.045640753,0.00376671818,0.999917318,0.00147663924,294,0.0404063538,0.0199848184,0.0292312798
1279,4.26333344,0.0236760977,0.00138081806,0.529750446,0.0446929265,0.00468242149,0.999922833,0.00154979692,294,0.0383925942,0.0204922786,0.0260520175
1280,4.26666677,0.0237038028,0.00138243385,0.550727799,0.0430408685,0.00453015843,0.999928794,0.00159194684,294,0.036390875,0.0211537183,0.0234002883
1281,4.2700001,0.0236232841,0.00137773791,0.568502893,0.0415534986,0.00419351425,0.999937289,0.00166477604,294,0.0343319208,0.0219725443,0.0214455876
1282,4.27333344,0.0260271263,0.00151793283,0.583988698,0.0445678596,0.00480570355,0.999945932,0.00170331538,294,0.03227206,0.023682202,0.0191622478
1283,4.27666677,0.024922698,0.00145352126,0.596186393,0.0418035337,0.00434959823,0.99995234,0.00174112571,294,0.0302045105,0.0240784918,0.0162163061
1284,4.2800001,0.0247133314,0.00144131076,0.604397884,0.0408891759,0.00404142441,0.99995924,0.00177872496,294,0.0281512755,0.0242488446,0.0154017499
1285,4.28333344,0.0254645432,0.00148512232,0.610917889,0.0416824317,0.00469236929,0.99996471,0.00178127665,294,0.0262920779,0.0246475186,0.0130484632
1286,4.28666677,0.022430424,0.00130816889,0.613557116,0.0365580049,0.00448021159,0.999969926,0.00178194805,294,0.0244396896,0.0238448807,0.0122393908
1287,4.2900001,0.0238772639,0.00139255031,0.61317405,0.0389404345,0.00465890408,0.999974399,0.00178224429,294,0.0225271198,0.0252800211,0.0119563795
1288,4.29333344,0.0233092552,0.00135942337,0.610074428,0.0382072321,0.00390781241,0.999977826,0.00174978657,294,0.0207491776,0.0253437579,0.0116596088
1289,4.29666677,0.0243644082,0.00142096114,0.605299274,0.0402518378,0.00391914262,0.999972975,0.00174999252,294,0.0194191313,0.025327966,0.0127069269
1290,4.3000001,0.0256586148,0.0014964408,0.596581809,0.0430093818,0.00411021648,0.999963737,0.00174913339,294,0.0184910974,0.0250607425,0.015196226
1291,4.30333344,0.0242539607,0.00141451972,0.585213021,0.0414446703,0.00396134706,0.999957181,0.00171370238,294,0.0177534216,0.0247127647,0.0154617025
1292,4.30666677,0.0233162279,0.00135983002,0.573141047,0.0406814832,0.00401823156,0.999953307,0.00167625116,294,0.0174064808,0.0237126152,0.017886273
1293,4.3100001,0.0258251962,0.00150615603,0.557148921,0.0463524117,0.00437950344,0.999944741,0.00160437124,294,0.0174239238,0.024957235,0.0183503119
1294,4.31333344,0.0259712994,0.00151467694,0.540015419,0.0480936256,0.00429249082,0.999935122,0.00156146559,294,0.0176062691,0.0243349063,0.0217906014
1295,4.31666677,0.024337942,0.0014194176,0.519847888,0.0468174298,0.00360582693,0.999924892,0.00152313071,294,0.0180223045,0.0235276319,0.0232398085
1296,4.3200001,0.024327837,0.00141882827,0.497967099,0.0488543059,0.00391680963,0.999914679,0.00145048622,294,0.0188296239,0.0229355418,0.0242073864
1297,4.32333344,0.0240214514,0.00140095949,0.474440124,0.0506311548,0.00397212703,0.999904683,0.00141170777,294,0.019462382,0.0227972424,0.0256386143
1298,4.32666677,0.0231169502,0.00134820792,0.449804372,0.0513933427,0.00373334499,0.999890411,0.00133843351,294,0.0202684095,0.0219845351,0.0258691496
1299,4.3300001,0.0246833032,0.00143955948,0.424589062,0.0581345715,0.00432503177,0.999876106,0.00126528878,294,0.0211950246,0.0214513774,0.0274612635
1300,4.33333344,0.0251156834,0.0014647764,0.398053164,0.0630963038,0.00435403735,0.999861801,0.00119106742,294,0.0221601264,0.0213302765,0.0293114641
1301,4.33666677,0.0240673678,0.00140363739,0.369751749,0.0650906124,0.00496778332,0.99984988,0.00108191534,294,0.0231105425,0.0205408238,0.0302324143
1302,4.34000011,0.0242244023,0.00141279583,0.340323742,0.0711804651,0.0038819533,0.999837959,0.00100695257,294,0.0241229846,0.0197148478,0.0300480597
1303,4.34333344,0.0254562772,0.00148464024,0.311140905,0.081815913,0.00411982717,0.999826038,0.000930906441,294,0.0250440594,0.0193525863,0.0314837747
1304,4.34666677,0.0259024303,0.00151066042,0.280976867,0.0921870565,0.00446074809,0.999816501,0.000821870952,294,0.0258421461,0.0199826127,0.032284048
1305,4.35000011,0.0226709083,0.00132219422,0.249757098,0.0907718277,0.00442391479,0.999809348,0.00074638184,294,0.0265550449,0.016963393,0.0318976377
1306,4.35333344,0.0252905192,0.00147497303,0.219303831,0.11532183,0.00529102292,0.99980458,0.000672932216,294,0.0272445336,0.0180012051,0.0320197442
1307,4.35666677,0.0248073781,0.00144679567,0.188514653,0.131593899,0.00396935546,0.999802196,0.000565035056,294,0.0278639085,0.0165775747,0.0337601666
1308,4.36000011,0.0255584047,0.00149059643,0.156582795,0.163226137,0.00439562778,0.999799779,0.000491413096,294,0.0283161494,0.017247921,0.0326426963
1309,4.36333344,0.0244892509,0.00142824212,0.125938163,0.194454566,0.00502735807,0.999797395,0.000417445333,294,0.028686509,0.015873335,0.0325125954
1310,4.36666677,0.0252637629,0.00147341258,0.095819755,0.263659231,0.00429442584,0.999797395,0.000341623542,294,0.0289628604,0.0156038132,0.0329480627
1311,4.37000011,0.0244957355,0.00142862031,0.0661827462,0.370122682,0.00424206075,0.999795043,0.000234682645,294,0.0290139415,0.0155179831,0.0320688421
1312,4.37333344,0.0239466865,0.00139659912,0.0395900035,0.604866995,0.0043768884,0.999795043,0.000159184579,294,0.0289821585,0.014589252,0.0320082302
1313,4.37666677,0.023669315,0.00138042248,0.0234052936,1.01128041,0.00446925057,0.999795043,8.13871478e-05,294,0.0288648374,0.0141129647,0.0296696814
1314,4.38000011,0.0247121416,0.00144124137,0.033610912,0.735241625,0.004570981,0.999797395,0.000107786461,294,0.0285906853,0.0153469582,0.0299803585
1315,4.38333344,0.024170637,0.00140966017,0.0569391145,0.424499699,0.00395896571,0.999799779,0.000179094222,294,0.0283003906,0.0139324014,0.0293294472
1316,4.38666677,0.0236696006,0.00138043914,0.0815908295,0.290101237,0.00437746204,0.999802163,0.000222422294,294,0.0279870653,0.0135014705,0.0274161858
1317,4.39000011,0.0259095901,0.00151107798,0.105085972,0.246556126,0.00452190548,0.99980458,0.000294501254,294,0.0275945164,0.014846668,0.0264395342
1318,4.39333344,0.0253911163,0.00148083998,0.127685066,0.19885737,0.00541367767,0.999809348,0.000367159575,294,0.0270890033,0.0152667463,0.0256149231
1319,4.39666677,0.0257749578,0.00150322606,0.149575648,0.172320548,0.00489574274,0.999814117,0.000442074863,294,0.0264288015,0.0153535128,0.0249947303
1320,4.40000011,0.0251101526,0.00146445384,0.170150435,0.147576188,0.00474898739,0.999818885,0.000517099618,294,0.0257823526,0.0154091799,0.0241080064
1321,4.40333344,0.023818077,0.00138909846,0.190010061,0.125351662,0.0044546358,0.999826038,0.000591941171,294,0.0249656176,0.0148449827,0.0233803052
1322,4.40666677,0.0249204653,0.00145339105,0.208946216,0.119267368,0.00416950877,0.99983319,0.000630090305,294,0.0241804715,0.0154857716,0.0219759272
1323,4.41000011,0.0233195714,0.00136002502,0.226211704,0.103087378,0.00419582118,0.999842673,0.000668193155,294,0.0234011733,0.0147806492,0.0204313887
1324,4.41333344,0.0245868967,0.00143393693,0.24204689,0.101579065,0.00443794228,0.999849826,0.000739010029,294,0.0226233685,0.0158045822,0.0189641845
1325,4.41666677,0.025036696,0.00146016976,0.256293868,0.0976874564,0.00464406113,0.999856979,0.000778669221,294,0.0215511775,0.0166787736,0.0186706206
1326,4.42000011,0.025459082,0.00148480382,0.268856577,0.0946939157,0.00495471058,0.999866515,0.000782138709,294,0.0206815602,0.016287657,0.0174579576
1327,4.42333344,0.025550946,0.00149016143,0.280149575,0.0912046574,0.00499074609,0.999876052,0.000819401383,294,0.0196456922,0.0172523183,0.0166651493
1328,4.42666677,0.0244530614,0.0014261315,0.28990452,0.0843486723,0.00443732616,0.999885589,0.00085086051,294,0.0187981805,0.0158932879,0.015699734
1329,4.43000011,0.0246438929,0.00143726102,0.298517872,0.0825541624,0.00405021565,0.999895126,0.000857193454,294,0.0176692077,0.016784559,0.0149773689
1330,4.43333344,0.0262916962,0.00153336286,0.304642382,0.0863034752,0.00457144299,0.999907046,0.000892510942,294,0.0167058488,0.0180428671,0.0131960203
1331,4.43666677,0.0242834672,0.00141624057,0.308826472,0.0786314302,0.00424468693,0.999916583,0.000892849829,294,0.0157056392,0.0170953629,0.0136619312
1332,4.44000011,0.0246916286,0.00144004502,0.312063413,0.0791237534,0.00421892512,0.99992612,0.00089314637,294,0.014712405,0.0181527568,0.0120157163
1333,4.44333344,0.0251967041,0.00146950162,0.313599486,0.0803467645,0.00412558092,0.999935657,0.000927407201,294,0.0140171303,0.0185005791,0.0107863006
1334,4.44666677,0.0261707261,0.00152630774,0.313089334,0.0835886862,0.00458251217,0.999945193,0.000929230486,294,0.0132331362,0.0189813604,0.0121487012
1335,4.45000011,0.0253334759,0.00147747832,0.311268031,0.0813879787,0.00412485896,0.999957114,0.000927921756,294,0.0125013721,0.0181173478,0.0125878396
1336,4.45333344,0.0238009049,0.00138809696,0.307379696,0.0774316104,0.00446782927,0.999969035,0.000927842085,294,0.0118286349,0.0172146699,0.0123214529
1337,4.45666677,0.0241628448,0.00140920573,0.303280294,0.0796716611,0.00427934998,0.999978593,0.000893458376,294,0.011494279,0.0179059061,0.0116575697
1338,4.46000011,0.025062528,0.00146167631,0.297801967,0.0841583694,0.00494327801,0.99998813,0.000892350589,294,0.010953829,0.0179268381,0.0136302456
1339,4.46333344,0.0252829976,0.00147453437,0.291369441,0.0867729901,0.00457819684,0.99998962,0.00089122984,294,0.0106424155,0.0181406619,0.0138006138
1340,4.46666677,0.0255538418,0.00149033032,0.283748069,0.0900582049,0.00481650877,0.999988258,0.000890162599,294,0.0103619404,0.0184992731,0.0143998731
1341,4.47000011,0.0257712766,0.00150301138,0.274967555,0.093724791,0.00428821419,0.999984777,0.000854544835,294,0.0105090191,0.0176459964,0.0159265129
1342,4.47333344,0.0262898148,0.00153325314,0.264667127,0.0993316213,0.00426392215,0.999981254,0.000818560336,294,0.010763345,0.0181517062,0.0161470672
1343,4.47666678,0.0268357533,0.00156509292,0.253719932,0.105769196,0.00466649107,0.999978125,0.000782578974,294,0.0111494327,0.0184047385,0.0169525008
1344,4.48000011,0.0246744134,0.00143904101,0.241243863,0.102279963,0.00424811725,0.999975294,0.00071185129,294,0.0116639781,0.0165415396,0.0173238749
1345,4.48333344,0.0255455954,0.00148984938,0.228041538,0.112021677,0.00456493055,0.999972761,0.000707219848,294,0.0122023463,0.0170440958,0.0173533722
1346,4.48666678,0.0248634621,0.00145006656,0.214317093,0.116012502,0.00383750005,0.999970228,0.000638806367,294,0.0127559979,0.0167443216,0.0178348561
1347,4.49000011,0.0248911957,0.00145168402,0.200092912,0.124398189,0.00461736813,0.999968141,0.000600891981,294,0.0129916969,0.016613228,0.0179364289
1348,4.49333344,0.0235803842,0.00137523594,0.186577714,0.126383713,0.00448440895,0.999966055,0.00056297999,294,0.0132754309,0.0157950771,0.018730854
1349,4.49666678,0.0253397068,0.00147784171,0.171329455,0.147900469,0.00453579941,0.999964565,0.000525527482,294,0.0137412277,0.0162430347,0.0184741349
1350,4.50000011,0.0245212802,0.0014301101,0.156324868,0.156861032,0.00401928914,0.999963116,0.000487165429,294,0.0141945488,0.0155906702,0.0195890321
1351,4.50333344,0.024866968,0.00145027102,0.140440243,0.177064404,0.00447116851,0.999961924,0.000415424711,294,0.0147091893,0.0153426396,0.019431252
1352,4.50666678,0.0243233418,0.0014185661,0.124328429,0.195637811,0.0040756937,0.999961626,0.000379321637,294,0.0150946406,0.0153354618,0.018998162
1353,4.51000011,0.0231626467,0.00135087299,0.108826278,0.212840567,0.00433691448,0.99996069,0.000341389473,294,0.0152063344,0.0149161094,0.0193501229
1354,4.51333344,0.0238159718,0.00138897568,0.093137094,0.25570877,0.00426140111,0.9999592,0.000294545173,294,0.015328898,0.0156849182,0.0198173554
1355,4.51666678,0.0247009332,0.00144058768,0.0766970023,0.322058653,0.00492209214,0.999956262,0.0002298646,294,0.0154246605,0.0154931308,0.0193307316
1356,4.52000011,0.0253739295,0.00147983762,0.0616962344,0.411271931,0.00407164988,0.999954772,0.000189660818,294,0.015759229,0.015398047,0.0189312848
1357,4.52333344,0.0250552266,0.00146125049,0.0468761096,0.53449885,0.00441672241,0.999956261,0.000151728655,294,0.0160151104,0.0148681382,0.0194730565
1358,4.52666678,0.0249439795,0.00145476243,0.0325008085,0.767487969,0.0041660169,0.999958348,0.000109211739,294,0.0161486258,0.0146319118,0.0190320419
1359,4.53000011,0.0227488461,0.00132673965,0.0210528216,1.08056044,0.00481644731,0.999958049,7.31493568e-05,294,0.0161259356,0.0132340268,0.0186540102
1360,4.53333344,0.0237147758,0.00138307381,0.015908224,1.49072428,0.00457151142,0.999958645,4.5588787e-05,294,0.0160650044,0.0135618697,0.0182411414
1361,4.53666678,0.0263675338,0.0015377858,0.022099216,1.1931434,0.00379215397,0.99995954,7.42670047e-05,294,0.0161358632,0.0154362764,0.017289803
1362,4.54000011,0.0253228931,0.00147686112,0.032744698,0.773343308,0.00440536462,0.999960434,0.000110658666,294,0.0160141722,0.0146384819,0.0174890152
1363,4.54333344,0.0265990097,0.00155128575,0.0437845456,0.607497675,0.00431474441,0.999961626,0.000147854646,294,0.0159269167,0.0153961383,0.0179892067
1364,4.54666678,0.0251645056,0.00146762377,0.05636281,0.446473582,0.00428542935,0.999962818,0.000185310894,294,0.0155427405,0.0154107522,0.0170063164
1365,4.55000011,0.0249455402,0.00145485345,0.0670471069,0.372059905,0.00411393856,0.999966352,0.000220853818,294,0.0151278441,0.0153461982,0.0172834916
1366,4.55333344,0.0244131013,0.00142380098,0.0789405351,0.309259384,0.00471302619,0.999968844,0.000256806407,294,0.0147942187,0.0151927369,0.0161722045
1367,4.55666678,0.0242046448,0.00141164355,0.0896693266,0.269932269,0.00416862108,0.999970781,0.000293797958,294,0.0146163328,0.0139253131,0.0159278185
1368,4.56000011,0.0268386083,0.00156525942,0.100086929,0.268152981,0.00528078838,0.99997077,0.000331346264,294,0.0143902089,0.0152437123,0.0156890618
1369,4.56333344,0.0259960475,0.00151612028,0.108897331,0.238720704,0.0042387307,0.999971142,0.000334087117,294,0.0140412209,0.0151276272,0.015533455
1370,4.56666678,0.0272193361,0.00158746392,0.116884849,0.232873091,0.00459974074,0.999974123,0.000371149945,294,0.0135468304,0.0162228643,0.0151501718
1371,4.57000011,0.0256511508,0.00149600549,0.124396568,0.206204651,0.00474981728,0.999974495,0.000371539132,294,0.0131565187,0.0154199336,0.0144996717
1372,4.57333344,0.0242496408,0.00141426777,0.131276562,0.184721785,0.00411762261,0.999972632,0.000404687061,294,0.0125277429,0.0155605288,0.0139127053
1373,4.57666678,0.0246139572,0.00143551513,0.137373652,0.17917524,0.00406829386,0.999973526,0.000410160461,294,0.0120989233,0.0158247873,0.0123065141
1374,4.58000011,0.0261984483,0.00152792453,0.142440915,0.183925022,0.00465862218,0.999974942,0.000444612527,294,0.0118713555,0.0155754782,0.0133090475
1375,4.58333344,0.0256677417,0.00149697309,0.146968241,0.17464822,0.00503003154,0.999976784,0.000446629286,294,0.0112604159,0.0166765234,0.012738751
1376,4.58666678,0.0249369876,0.00145435465,0.150325544,0.165886561,0.00410287208,0.999978274,0.000448063086,294,0.0109233224,0.0153339844,0.0127986779
1377,4.59000011,0.0243985272,0.001422951,0.152813117,0.159662519,0.00428237821,0.999982148,0.000449637116,294,0.0103927753,0.0154340564,0.0118666742
1378,4.59333344,0.0236819435,0.00138115899,0.154184782,0.153594558,0.00447110504,0.999982744,0.000451742594,294,0.00985775453,0.0149452016,0.0118419589
1379,4.59666678,0.0226891504,0.00132325812,0.155971551,0.1454698,0.00499302308,0.999984235,0.000451701889,294,0.00922514703,0.0144387473,0.0110820727
1380,4.60000011,0.0227855981,0.00132888307,0.156009186,0.146052926,0.00464752739,0.999988407,0.000451634363,294,0.00872990361,0.0148688087,0.0108347869
1381,4.60333344,0.0231054909,0.0013475396,0.1546597,0.14939568,0.00439243118,0.999987066,0.000451553583,294,0.00866107175,0.0139687621,0.0110437394
1382,4.60666678,0.0235427978,0.00137304385,0.153654357,0.153219201,0.004734387,0.99998829,0.000449521822,294,0.00850862493,0.0148738141,0.0105196281
1383,4.61000011,0.0235498353,0.00137345429,0.152333764,0.154593668,0.0041783875,0.999985591,0.000448926798,294,0.00883971631,0.014591046,0.0106674935
1384,4.61333345,0.0239449391,0.00139649721,0.150417052,0.159190323,0.00417285872,0.999982367,0.000446919911,294,0.00847246027,0.0149556584,0.0120198883
1385,4.61666678,0.0261384733,0.00152442672,0.147965336,0.176652681,0.00462751048,0.999977757,0.000446301733,294,0.00832760259,0.0160320724,0.0125134933
1386,4.62000011,0.0245916255,0.00143421273,0.144659584,0.169996517,0.00410044415,0.999973591,0.000411261995,294,0.00809369082,0.0150890756,0.0128114707
1387,4.62333345,0.0237508324,0.00138517667,0.139861752,0.169816494,0.00405784726,0.999971606,0.000409714195,294,0.00847933141,0.0141129158,0.0117570282
1388,4.62666678,0.0261948744,0.0015277161,0.135990929,0.192622219,0.00433495096,0.999971913,0.000409714195,294,0.00844051583,0.0157629211,0.0129805456
1389,4.63000011,0.024130659,0.00140732861,0.131169122,0.183966002,0.00452792523,0.999971812,0.00039954012,294,0.00876162429,0.0139800748,0.0132815209
1390,4.63333345,0.0251396422,0.00146617371,0.125322599,0.200599432,0.00520096996,0.999972922,0.000363392856,294,0.00862842804,0.0158556154,0.0136339762
1391,4.63666678,0.0241476867,0.00140832169,0.118689594,0.203452433,0.00430235844,0.999969047,0.000337622301,294,0.00850994495,0.0147317329,0.0129548769
1392,4.64000011,0.0243839831,0.00142210278,0.113606785,0.214634919,0.00392857767,0.999966651,0.000335603792,294,0.00883105651,0.0147907273,0.0128422822
1393,4.64333345,0.0250113696,0.0014586927,0.107388225,0.232906071,0.00399573189,0.999961883,0.000301475202,294,0.00915020751,0.0147558485,0.0140164624
1394,4.64666678,0.0226201176,0.00131923205,0.100815109,0.224372298,0.00431528681,0.999957114,0.000301475202,294,0.00945549003,0.0135277472,0.0130265667
1395,4.65000011,0.0247372236,0.00144270418,0.094420658,0.261989528,0.00390525254,0.99995473,0.000301475202,294,0.00965683569,0.0143164921,0.013411796
1396,4.65333345,0.0257077608,0.00149930706,0.0878345607,0.292683889,0.00493452301,0.99995473,0.000265826024,294,0.00977914987,0.0159902182,0.0138010939
1397,4.65666678,0.0257301704,0.00150061401,0.0805028748,0.319618031,0.00511497039,0.9999524,0.000261887643,294,0.00998928257,0.0155356309,0.0143295483
1398,4.66000011,0.0257710614,0.00150299882,0.0729043211,0.353491549,0.00413309933,0.999952379,0.000225652983,294,0.0102015215,0.0152316903,0.0142630195
1399,4.66333345,0.0266886991,0.00155651654,0.0655349013,0.407244057,0.00460236439,0.999949995,0.000187754631,294,0.0104945697,0.0149239098,0.014896043
1400,4.66666678,0.0248784551,0.00145094097,0.0583148983,0.426622627,0.00404876161,0.99994761,0.000181589848,294,0.0104243229,0.0151660529,0.0142023168
1401,4.67000011,0.0241379521,0.00140775396,0.0514745691,0.468929659,0.00457133519,0.999945247,0.000149873387,294,0.0104578112,0.0144789388,0.013456983
1402,4.67333345,0.0252190141,0.00147080277,0.0448331394,0.562508324,0.00501782773,0.999942863,0.000146638329,294,0.0104395895,0.0153656251,0.014148931
1403,4.67666678,0.0258307898,0.00150648225,0.0373551768,0.691491568,0.00461664865,0.999940479,0.000110228312,294,0.0103841706,0.014951583,0.0152065395
1404,4.68000011,0.0255149383,0.00148806142,0.0301077851,0.847453181,0.00416540017,0.999940479,0.000110228312,294,0.0104215298,0.0147564891,0.0150143133
1405,4.68333345,0.0259418584,0.00151295991,0.0233504193,1.11098041,0.00463715424,0.999940479,0.000107295528,294,0.0105680499,0.0151452944,0.0144515913
1406,4.68666678,0.0256803236,0.00149770689,0.0181141854,1.41769133,0.0046837321,0.999940479,7.23934236e-05,294,0.0105709448,0.0153327882,0.0143604953
1407,4.69000011,0.0235623247,0.00137418268,0.0152769543,1.54234439,0.0050448242,0.99994283,4.08127201e-05,294,0.0105434593,0.0132811781,0.014231556
1408,4.69333345,0.0248948892,0.00145189942,0.0147560726,1.68709452,0.00531488417,0.99994283,7.30328676e-05,294,0.0107401057,0.0148698649,0.0133547366
1409,4.69666678,0.0271977941,0.00158620756,0.0184798783,1.4717518,0.00460790791,0.99994283,0.000109253796,294,0.0109528116,0.0158148703,0.014288538
1410,4.70000011,0.0241113704,0.00140620368,0.0243235301,0.991277593,0.00395713456,0.99994283,0.000110769033,294,0.0107588404,0.014227099,0.01419182
1411,4.70333345,0.0262023964,0.00152815479,0.0298902923,0.876618944,0.00476056178,0.99994283,0.000113882842,294,0.0107066023,0.0153083093,0.0133732553
1412,4.70666678,0.0254158917,0.0014822849,0.0349539503,0.727125017,0.0045317744,0.99994283,0.000114320324,294,0.0104887709,0.0152838685,0.0139722335
1413,4.71000011,0.0243065682,0.00141758784,0.0413354147,0.588032523,0.00381770318,0.99994283,0.000148878273,294,0.010071747,0.0151090578,0.0138134455
1414,4.71333345,0.0246298398,0.00143644143,0.047491165,0.518619407,0.00464860691,0.999945214,0.000149057809,294,0.00980506353,0.0147927218,0.0134474694
1415,4.71666678,0.0251707321,0.00146798691,0.0524713697,0.479704117,0.00457838658,0.999947599,0.000182326789,294,0.00972251473,0.0145558865,0.0135555366
1416,4.72000011,0.024206075,0.00141172696,0.0580719743,0.416828863,0.00452933383,0.999949983,0.000183237311,294,0.00967321841,0.014473419,0.0124748281
1417,4.72333345,0.0238253454,0.00138952236,0.0630178947,0.378072696,0.00482336763,0.999952367,0.000183888476,294,0.00958005584,0.0141582938,0.011391071
1418,4.72666678,0.0239465932,0.00139659367,0.0654417135,0.365922466,0.00490317703,0.999954751,0.000184533901,294,0.00960388134,0.0141105502,0.0118462526
1419,4.73000011,0.0243048644,0.00141748848,0.0685858998,0.354371153,0.00460662139,0.999957135,0.000217317595,294,0.00910958627,0.0146095218,0.0123302153
1420,4.73333345,0.0239993036,0.00139966781,0.071538446,0.335474209,0.00378095896,0.999959519,0.000219043616,294,0.00903105837,0.014229527,0.0123182803
1421,4.73666678,0.0229657499,0.00133938973,0.0753762676,0.304681442,0.00420933967,0.999961904,0.000219912062,294,0.00878889886,0.0141065759,0.0111825341
1422,4.74000011,0.0226488322,0.00132090672,0.0769591456,0.294296824,0.00407268546,0.999966672,0.000255217001,294,0.00824503013,0.0136743517,0.0123309797
1423,4.74333345,0.0225667898,0.00131612191,0.0797767771,0.282874173,0.00411899269,0.999969056,0.000256487064,294,0.00796485467,0.0141790649,0.0103968051
1424,4.74666678,0.0246324217,0.00143659201,0.0802401136,0.306983883,0.00442506205,0.99997144,0.000257378968,294,0.00782703504,0.0146640164,0.0118550613
1425,4.75000012,0.0211600259,0.00123407777,0.0828528309,0.255392914,0.00408731107,0.999973825,0.000294093207,294,0.00774941878,0.0123737112,0.0111434386
1426,4.75333345,0.0217224642,0.00126687984,0.0828806324,0.262093369,0.00416258105,0.999976209,0.000294093207,294,0.007508984,0.0128754804,0.0106861823
1427,4.75666678,0.0246603406,0.00143822027,0.0826862074,0.298240074,0.00433616361,0.999980977,0.000294093207,294,0.00729456598,0.0146099105,0.0120833599
1428,4.76000012,0.025117297,0.00146487051,0.0827232219,0.303630545,0.00436843143,0.999983373,0.000295042992,294,0.00745070948,0.0151387415,0.0114186683
1429,4.76333345,0.0223640387,0.00130429722,0.081711667,0.273694559,0.00376297304,0.999985757,0.000296259669,294,0.00733371482,0.0138660743,0.0113722992
1430,4.76666678,0.0248213202,0.00144760879,0.0798453027,0.310867632,0.00471470914,0.999988142,0.000298276436,294,0.00711462183,0.0149534362,0.0115856457
1431,4.77000012,0.0242873427,0.00141646659,0.0787721647,0.308323921,0.00435437106,0.99998995,0.000296259669,294,0.00695629004,0.0143242553,0.011829408
1432,4.77333345,0.0238820957,0.00139283211,0.0775733773,0.307864587,0.00416031797,0.999991851,0.000261887643,294,0.00737079574,0.0145011024,0.0110750809
1433,4.77666678,0.0237050711,0.00138250782,0.0752797948,0.314892877,0.00378714975,0.999990972,0.000263561064,294,0.00734769662,0.0140854316,0.0115212519
1434,4.78000012,0.0245712699,0.00143302556,0.0736942534,0.33342179,0.00483137038,0.999990413,0.000263561064,294,0.00721881054,0.0151683301,0.0115082655
1435,4.78333345,0.024340341,0.00141955751,0.0721790411,0.337221728,0.00440698284,0.999991727,0.000227592982,294,0.00705636408,0.0150190377,0.0113231662
1436,4.78666678,0.0245134424,0.00142965299,0.0696509187,0.35194715,0.00432187926,0.999989045,0.000227592982,294,0.00704628444,0.0146980325,0.0123762044
1437,4.79000012,0.0244907468,0.00142832936,0.0659030216,0.371617966,0.00442232096,0.999989343,0.00022369616,294,0.00690792601,0.0146412858,0.0122419724
1438,4.79333345,0.0237811355,0.00138694399,0.0626956102,0.379311014,0.00377919226,0.999987853,0.000187754631,294,0.00703708334,0.0142116678,0.0123085894
1439,4.79666678,0.0246978765,0.00144040941,0.0587790259,0.420181794,0.00404555227,0.999989045,0.000182518886,294,0.00731222438,0.0148209509,0.0118390893
1440,4.80000012,0.0253380495,0.00147774505,0.0557369867,0.454600275,0.00402528704,0.999989343,0.000154936633,294,0.00769922149,0.0148000768,0.0116634533
1441,4.80333345,0.0261326683,0.00152408816,0.0530132712,0.492945779,0.00452014097,0.999987885,0.00015294864,294,0.00804322836,0.0147513751,0.0128372698
1442,4.80666678,0.0236662641,0.00138024455,0.0496302042,0.476852041,0.00411611252,0.999988109,0.000151469131,294,0.00805958206,0.0141478195,0.0119707545
1443,4.81000012,0.0231832275,0.00135207328,0.046310994,0.500598789,0.004299106,0.999989003,0.000150478705,294,0.00785466593,0.0139004952,0.0119458748
1444,4.81333345,0.0226621512,0.0013216835,0.0432659432,0.523787293,0.00447997608,0.999988556,0.000149265496,294,0.00784558691,0.0135953222,0.0117004622
1445,4.81666678,0.0242217419,0.00141264068,0.0390531494,0.62022506,0.0040305381,0.999987918,0.000144728846,294,0.00820839874,0.0132372037,0.0125702964
1446,4.82000012,0.0240004385,0.001399734,0.0349062072,0.68756936,0.0043300007,0.999987103,0.000114804804,294,0.00837197096,0.01370449,0.0123666597
1447,4.82333345,0.0236314034,0.00137821143,0.0314776227,0.750736599,0.00414150858,0.999986097,0.000108568542,294,0.00823419245,0.0141512877,0.01247775
1448,4.82666678,0.0232201493,0.00135422661,0.0275923694,0.841542421,0.00451562032,0.99998565,0.000108801498,294,0.00807907358,0.0145201524,0.0117163735
1449,4.83000012,0.0236140367,0.00137719859,0.0236244178,0.99956058,0.00448028546,0.999987811,0.000109036773,294,0.00811964854,0.0149487469,0.0110870906
1450,4.83333345,0.0261176673,0.00152321329,0.0205821904,1.26894499,0.00393549382,0.999986971,0.000109332282,294,0.00784928597,0.0159947595,0.0132241565
1451,4.83666678,0.0244210536,0.00142426477,0.0171966385,1.42010624,0.00409377208,0.999987269,0.000110309332,294,0.00798920394,0.014308229,0.0120690939
1452,4.84000012,0.0213081626,0.00124271728,0.0147687056,1.44279148,0.00412516124,0.999987811,7.64980067e-05,294,0.0080195809,0.0124534433,0.0118515653
1453,4.84333345,0.0215092967,0.00125444766,0.0134032569,1.60478135,0.00465927041,0.999987215,4.88812057e-05,294,0.007861922,0.012263795,0.0118625785
1454,4.84666678,0.0244196361,0.0014241821,0.0132470581,1.8434007,0.00452756545,0.99998647,4.82454288e-05,294,0.00765168454,0.0142637512,0.0119720699
1455,4.85000012,0.0241663914,0.00140941257,0.0144590151,1.67137189,0.00450819819,0.999984235,4.02331352e-05,294,0.00789017548,0.0138204783,0.0120265458
1456,4.85333345,0.0263534609,0.00153696505,0.0162887277,1.6178956,0.00420631508,0.999984533,7.1665136e-05,294,0.0080124386,0.0157332437,0.0125303562
1457,4.85666678,0.0242887755,0.00141655015,0.0193053877,1.25813456,0.0042391763,0.999984384,7.26345635e-05,294,0.00789164546,0.0147339277,0.012699701
1458,4.86000012,0.0234271964,0.00136630184,0.0220801008,1.06100949,0.00427754286,0.99998498,7.70405886e-05,294,0.00803719162,0.0136835727,0.0112494498
1459,4.86333345,0.025147852,0.00146665251,0.0240084542,1.04745819,0.00514366373,0.999986023,7.69107813e-05,294,0.00791602549,0.0153040507,0.0118783147
1460,4.86666678,0.0252772899,0.00147420149,0.0259608149,0.973670896,0.00481227981,0.99998647,7.75576453e-05,294,0.0080394177,0.0145822516,0.0124845718
1461,4.87000012,0.0233600798,0.00136238752,0.0282096039,0.82808961,0.00402174329,0.999987513,0.000110951128,294,0.00803809788,0.013257102,0.0117790968
1462,4.87333345,0.022327148,0.00130214572,0.0302558445,0.737944962,0.00427075597,0.999988407,0.000110951128,294,0.00811115115,0.0137132681,0.0105841293
1463,4.87666678,0.0243161773,0.00141814826,0.0329039974,0.739003744,0.00559277001,0.999988386,0.000110951128,294,0.00810335633,0.0141196367,0.0119122367
1464,4.88000012,0.0247547066,0.00144372381,0.0355560547,0.696216351,0.00422685892,0.999988982,0.000110951128,294,0.00779862268,0.0142404124,0.0125336609
1465,4.88333345,0.0226658686,0.0013219003,0.0384184762,0.589973129,0.00384817191,0.999987194,0.000113444724,294,0.00788079302,0.0128477906,0.0112862074
1466,4.88666678,0.0252644398,0.00147345205,0.0390808598,0.646465814,0.00466496172,0.999985331,0.000150139829,294,0.00794427137,0.0147322992,0.0117988027
1467,4.89000012,0.0222015924,0.00129482316,0.0413987599,0.536286411,0.00424334929,0.999983841,0.000117596505,294,0.00804103337,0.0130101828,0.0110387987
1468,4.89333345,0.0250605903,0.00146156331,0.0428648414,0.584642086,0.00454966018,0.999984959,0.000121277511,294,0.00800173181,0.0146298526,0.0118759678
1469,4.89666679,0.0228743473,0.00133405903,0.0426379737,0.536478293,0.00491253426,0.999986076,0.000121277511,294,0.0079548773,0.013167032,0.0111060806
1470,4.90000012,0.0229003152,0.0013355735,0.0428342772,0.534625927,0.00407178901,0.99998712,0.000121277511,294,0.00783685734,0.013377031,0.0109753953
1471,4.90333345,0.0252053224,0.00147000425,0.0434107879,0.580623471,0.0049264994,0.999987948,0.00014654463,294,0.00775121527,0.0152021705,0.0114221735
1472,4.90666679,0.0232772895,0.00135755909,0.0435181809,0.534886547,0.00445398472,0.999987716,0.000146841333,294,0.00780782162,0.0135381551,0.0117688307
1473,4.91000012,0.0244967986,0.00142868231,0.0439735567,0.55708022,0.00443215191,0.999988163,0.000147570824,294,0.0076649681,0.0151806611,0.0109618332
1474,4.91333345,0.0236534555,0.00137949754,0.0442928139,0.534024675,0.00400942509,0.999989355,0.000148951173,294,0.00744488814,0.0143180868,0.0115310403
1475,4.91666679,0.0241658886,0.00140938324,0.0427691332,0.565031059,0.00474252204,0.999990608,0.000149874755,294,0.00734730219,0.0148212926,0.01121944
1476,4.92000012,0.0239816185,0.00139863639,0.0426681129,0.562050132,0.00429285184,0.999989402,0.000151104624,294,0.00725011025,0.0150821915,0.0110512707
1477,4.92333345,0.0241626531,0.00140919455,0.0417757005,0.578390137,0.00419022033,0.999987329,0.000153038974,294,0.00734707721,0.0142427507,0.0115555317
1478,4.92666679,0.0254052706,0.00148166547,0.0411610858,0.617215752,0.00434703156,0.999987065,0.000144704644,294,0.00727443601,0.0142192791,0.012529226
1479,4.93000012,0.0245557239,0.0014321189,0.0405798393,0.60512127,0.00408035968,0.999987331,0.000120033355,294,0.00745854737,0.0138671797,0.0119406907
1480,4.93333345,0.0247861552,0.00144555793,0.0392465777,0.631549465,0.00469114217,0.999986982,0.000119936204,294,0.00751538039,0.0146712086,0.0116705769
1481,4.93666679,0.0248471778,0.00144911684,0.0387595672,0.641059218,0.00439384052,0.999985194,0.000117225517,294,0.00755132362,0.014967873,0.011461121
1482,4.94000012,0.0245316064,0.00143071234,0.03745318,0.654993951,0.00461247447,0.999985077,0.000115676446,294,0.00771628833,0.0144064744,0.0117804343
1483,4.94333345,0.0238871966,0.0013931296,0.035665063,0.6697646,0.00419173969,0.999984682,0.000115331235,294,0.00746535116,0.0142243817,0.0121674784
1484,4.94666679,0.0248326252,0.00144826811,0.0352142285,0.705187257,0.00479278794,0.99998517,0.00011570517,294,0.00710914159,0.0146651638,0.0120284963
1485,4.95000012,0.0241108103,0.00140617101,0.0332281308,0.725614405,0.00393342302,0.999985725,0.000115475329,294,0.00708694842,0.0145260492,0.0110104124
1486,4.95333345,0.0243284365,0.00141886323,0.0321940331,0.75568154,0.00504378456,0.999985725,0.000113581911,294,0.00720276637,0.014850482,0.0112255113
1487,4.95666679,0.0243609458,0.00142075921,0.0307347319,0.792619433,0.0044295779,0.999983832,0.000113136051,294,0.00719411174,0.0146739884,0.0114528172
1488,4.96000012,0.0237028552,0.00138237859,0.0292536708,0.810252339,0.00437031974,0.999982214,0.000113507838,294,0.0074168795,0.0145193035,0.0111459647
1489,4.96333345,0.0244664111,0.00142691007,0.0275002309,0.889680208,0.00405362736,0.99998281,0.000113312534,294,0.00709190172,0.0139472725,0.0128045613
1490,4.96666679,0.0271741391,0.00158482798,0.0259003918,1.04917869,0.00449092174,0.999982803,0.000111240215,294,0.00737747746,0.0160724338,0.0121305683
1491,4.97000012,0.0249759505,0.00145662701,0.0233166971,1.07116159,0.00419957567,0.999981904,7.99459341e-05,294,0.00733293182,0.0146911716,0.0127690174
1492,4.97333345,0.0237215932,0.00138347141,0.0219203134,1.082174,0.00412919606,0.999980984,8.02493961e-05,294,0.00752213053,0.0138683999,0.0118255324
1493,4.97666679,0.0247253613,0.00144201235,0.019662204,1.25750711,0.00433180249,0.999979088,7.93323355e-05,294,0.00754973153,0.0152243407,0.0112861471
1494,4.98000012,0.024479143,0.00142765261,0.018758531,1.30496056,0.00394899193,0.99997946,7.92886091e-05,294,0.00788233766,0.0147003477,0.0110228508
1495,4.98333345,0.0237379678,0.00138442639,0.0171337286,1.38545254,0.00387898359,0.999979499,4.8955738e-05,294,0.00778319902,0.0142865846,0.0116011562
1496,4.98666679,0.0240380445,0.00140192722,0.0159211709,1.50981637,0.00498943884,0.999979723,4.77867603e-05,294,0.00749033439,0.0143235505,0.0119321333
1497,4.99000012,0.0215140365,0.00125472409,0.0152431002,1.41139507,0.00395573972,0.999980617,4.33469146e-05,294,0.00745485432,0.0125950561,0.0115036757
1498,4.99333345,0.022710685,0.00132451404,0.0133889835,1.69622174,0.00465284304,0.999981815,4.06902683e-05,294,0.00697919214,0.0141971728,0.0107936982
1499,4.99666679,0.0215233375,0.00125526653,0.0136052371,1.58198915,0.00442138885,0.999981808,3.9510698e-05,294,0.00693341774,0.0130952879,0.0102746436
1500,5.00000012,0.0207639068,0.00121097564,0.0131926798,1.57389606,0.00415572631,0.999982444,3.91018877e-05,294,0.00684338813,0.0121302306,0.010979552
1501,5.00333345,0.0221074358,0.00128933184,0.0119874018,1.84422247,0.00456180491,0.999981606,3.81946731e-05,294,0.00661420309,0.0130535545,0.0112233206
1502,5.00666679,0.0218473019,0.00127416052,0.0127721884,1.71053708,0.0047806912,0.999981904,3.92271476e-05,294,0.00660160179,0.0128598383,0.0111187255
1503,5.01000012,0.0233296759,0.00136061433,0.0128093724,1.82129734,0.0043565868,0.999981904,4.02331352e-05,294,0.00673885748,0.0136626782,0.0107519557
1504,5.01333345,0.0229964638,0.001341181,0.0131906318,1.74339365,0.00409724624,0.999981904,4.09714195e-05,294,0.00696641386,0.0134741465,0.0110244765
1505,5.01666679,0.0253681662,0.0014795015,0.0137445292,1.84569189,0.00440239832,0.9999825,7.20988355e-05,294,0.00743178757,0.0149196519,0.0112068022
1506,5.02000012,0.0252619485,0.00147330676,0.0155204014,1.62766078,0.00389174748,0.999983361,7.2141792e-05,294,0.00762024543,0.0140247254,0.0124695702
1507,5.02333345,0.0254081519,0.00148183351,0.0169996924,1.49462422,0.00504837197,0.999981022,7.39409253e-05,294,0.00806206786,0.0147011591,0.0113924726
1508,5.02666679,0.0238393707,0.00139034034,0.0182847865,1.30378174,0.00434156738,0.999978638,7.20822014e-05,294,0.00791465414,0.0136700517,0.0123648037
1509,5.03000012,0.0249692404,0.00145623568,0.0188869829,1.32203436,0.00434439175,0.999976253,7.26345635e-05,294,0.00773416769,0.014478754,0.0115618975
1510,5.03333346,0.0254954039,0.00148692215,0.0195645565,1.30314244,0.00462578434,0.999976253,7.26345635e-05,294,0.00779934825,0.0149575058,0.0121649595
1511,5.03666679,0.0235135563,0.00137133845,0.020458029,1.1493559,0.00389237973,0.999978638,7.26345635e-05,294,0.00787782035,0.0142035508,0.0107041729
1512,5.04000012,0.0228912677,0.00133504585,0.0214930804,1.0650529,0.00408331535,0.999978042,7.26345635e-05,294,0.00781944741,0.013248022,0.0114614685
1513,5.04333346,0.0246307112,0.00143649225,0.0220431993,1.11738368,0.00432616416,0.999978042,7.29093792e-05,294,0.00788030879,0.0139827868,0.0116576554
1514,5.04666679,0.0239344836,0.00139588743,0.0222521884,1.07560134,0.00404350111,0.999978638,7.41407646e-05,294,0.00764853167,0.0139621526,0.0122161488
1515,5.05000012,0.0262060671,0.00152836887,0.0224372835,1.16796969,0.0051172959,0.999978638,7.26345635e-05,294,0.00775707884,0.0153040218,0.0115330955
1516,5.05333346,0.023903672,0.00139409046,0.0223945248,1.06738912,0.00426058482,0.999980426,7.42670047e-05,294,0.00769777358,0.0139658167,0.0116050789
1517,5.05666679,0.023618371,0.00137745137,0.0231639405,1.01961801,0.0044092293,0.999981572,7.49366937e-05,294,0.00749900597,0.0135513161,0.0118878702
1518,5.06000012,0.0220138574,0.00128387424,0.0240036057,0.917106276,0.00473699037,0.999983923,7.42670047e-05,294,0.00760788832,0.0136613169,0.00954573319
1519,5.06333346,0.0233957705,0.00136446904,0.0245530529,0.95286605,0.00460656663,0.999986432,7.38622769e-05,294,0.00757477922,0.013756698,0.0115923439
1520,5.06666679,0.0209111591,0.00121956357,0.0246460682,0.848458219,0.00464961611,0.999987421,7.69107813e-05,294,0.00753827618,0.0123119696,0.00993110023
1521,5.07000012,0.0222848952,0.00129968148,0.0243864803,0.913821711,0.00451564164,0.999989645,7.69107813e-05,294,0.00746435352,0.0129477368,0.0103829739
1522,5.07333346,0.0225458468,0.00131490049,0.0248058439,0.908892552,0.00496638772,0.999988625,7.69107813e-05,294,0.00730910898,0.0137081987,0.0105818136
1523,5.07666679,0.0229640463,0.00133929038,0.0241267091,0.951810139,0.0045022351,0.999987695,7.72423592e-05,294,0.0069522343,0.013719441,0.0112162021
1524,5.08000012,0.0239354082,0.00139594135,0.0255550928,0.936619889,0.0045024813,0.99998762,0.000110590311,294,0.00693964441,0.0142850839,0.0108467163
1525,5.08333346,0.0227761257,0.00132833063,0.0252677135,0.901392434,0.00452616102,0.999985807,0.000110590311,294,0.00730375515,0.0130940505,0.0107896055
1526,5.08666679,0.0202604823,0.00118161533,0.0243775433,0.831112556,0.00438513236,0.999986361,7.75812677e-05,294,0.00722699774,0.0118446779,0.0101003675
1527,5.09000012,0.0214047406,0.00124834982,0.0236953983,0.903329007,0.00392980569,0.999988903,7.78060079e-05,294,0.00686446859,0.0122940012,0.0108752318
1528,5.09333346,0.0234596092,0.00136819219,0.0233526561,1.00457991,0.00427590464,0.999989951,7.84542953e-05,294,0.00671521374,0.0140061466,0.0108127919
1529,5.09666679,0.0233592675,0.00136234015,0.0228385543,1.02279974,0.00368571933,0.999990698,7.84542953e-05,294,0.00644829781,0.0134211409,0.011779865
1530,5.10000012,0.0234459941,0.00136739815,0.0219929514,1.06606856,0.00419911274,0.99999042,7.84542953e-05,294,0.00635122722,0.0139742585,0.0111928332
1531,5.10333346,0.0261621107,0.00152580528,0.0206239862,1.26852832,0.0042984754,0.999990164,7.58643273e-05,294,0.00665931807,0.0150174244,0.0123937384
1532,5.10666679,0.0258959171,0.00151028056,0.0194417934,1.33197163,0.00492209137,0.999988747,7.58643273e-05,294,0.00692996882,0.0152895499,0.0120446166
1533,5.11000012,0.0259001882,0.00151052965,0.0192504465,1.34543311,0.00357934882,0.999986064,7.58643273e-05,294,0.00693344291,0.0147482042,0.0129621723
1534,5.11333346,0.0230367721,0.00134353183,0.0189865674,1.21331948,0.00462254877,0.999983084,7.58643273e-05,294,0.00702859148,0.0136471626,0.0110908987
1535,5.11666679,0.0244962386,0.00142864965,0.0181056503,1.35296099,0.00432185389,0.9999807,7.58643273e-05,294,0.00692848734,0.014214804,0.0118818779
1536,5.12000012,0.0231786479,0.0013518062,0.0177350115,1.30694293,0.0042880525,0.9999807,7.84542953e-05,294,0.00718151924,0.0137955635,0.0108620219
1537,5.12333346,0.025344297,0.00147810941,0.0167419618,1.51381882,0.00458841564,0.999980402,7.49366937e-05,294,0.0074884175,0.014485841,0.0119736893
1538,5.12666679,0.0234318739,0.00136657463,0.0168067526,1.39419401,0.00348994996,0.99998219,7.21422846e-05,294,0.00717332453,0.0137626693,0.0116696471
1539,5.13000012,0.0238494759,0.00139092968,0.0165033625,1.44512828,0.00423722328,0.999981254,4.21731821e-05,294,0.00704392565,0.0143781316,0.0113639596
1540,5.13333346,0.0220867354,0.00128812457,0.0151723246,1.45572521,0.00429596653,0.999980509,4.02331352e-05,294,0.00696538146,0.0131756237,0.0112242141
1541,5.13666679,0.0200462362,0.00116912024,0.0136621883,1.46727858,0.00372989452,0.999982595,4.00464375e-05,294,0.00706114508,0.0114151118,0.00971816231
1542,5.14000012,0.0215045356,0.00125416999,0.0132359316,1.62470888,0.00426573951,0.999986768,4.02331352e-05,294,0.00676315436,0.0127659322,0.0106129751
1543,5.14333346,0.0219168912,0.00127821905,0.0129434947,1.69327464,0.00441839946,0.999986679,4.02331352e-05,294,0.00676727274,0.0136762551,0.00977513579
1544,5.14666679,0.0193258862,0.00112710857,0.012811135,1.50852256,0.00415650338,0.999988449,4.01694429e-05,294,0.00706665002,0.0114495521,0.00941619351
1545,5.15000012,0.0210655013,0.00122856498,0.0117223529,1.79703694,0.00430257367,0.999989973,3.99411519e-05,294,0.00657029037,0.0121149001,0.0112262667
1546,5.15333346,0.0211919451,0.00123593934,0.0129545448,1.63586953,0.00447611789,0.999990217,3.97672373e-05,294,0.00608837286,0.0131886505,0.0103435294
1547,5.15666679,0.0189940769,0.00110775706,0.0130941895,1.45057294,0.00401848628,0.999989894,3.9210691e-05,294,0.00595907608,0.0109174708,0.0105532398
1548,5.16000012,0.0202105786,0.00117870488,0.012034103,1.67944205,0.00462775093,0.999990547,4.00261027e-05,294,0.00596675192,0.0119661224,0.00935968391
1549,5.16333346,0.0199415318,0.00116301375,0.01181224,1.68820916,0.00452010364,0.999990025,4.04285111e-05,294,0.00588491279,0.0118345605,0.00970723528
1550,5.16666679,0.0187398677,0.00109293128,0.0115605149,1.62102361,0.00451608841,0.999988859,3.99840112e-05,294,0.00581480309,0.011110849,0.00934897394
1551,5.17000013,0.0227467867,0.00132661954,0.0118232889,1.92389672,0.00478603666,0.999988955,3.94906827e-05,294,0.00586949623,0.0129641088,0.0107775359
1552,5.17333346,0.022104504,0.00128916085,0.0125764824,1.75760624,0.00438373762,0.999990621,4.02331352e-05,294,0.00594021946,0.0129751457,0.010954336
1553,5.17666679,0.0208658551,0.00121692138,0.0134320837,1.55343397,0.0039324541,0.999989951,4.02331352e-05,294,0.005974641,0.011573863,0.0114798587
1554,5.18000013,0.0203825124,0.00118873226,0.0136260109,1.49585322,0.00442191989,0.999989653,3.84715896e-05,294,0.00598083407,0.0117959009,0.0105143552
1555,5.18333346,0.0212389041,0.00123867804,0.0130589534,1.62638638,0.00424996951,0.999989653,4.02331352e-05,294,0.0061557371,0.0124746934,0.0100342996
1556,5.18666679,0.0233954281,0.00136444908,0.0134015426,1.74572651,0.00463156959,0.999989015,4.02331352e-05,294,0.00637923421,0.0132778563,0.0112219925
1557,5.19000013,0.0224153494,0.00130728972,0.013446201,1.66703959,0.00378149931,0.999989313,4.02331352e-05,294,0.00626388788,0.0127014275,0.0111797308
1558,5.19333346,0.0212902953,0.00124167523,0.0135798304,1.56778801,0.0046407456,0.999989462,3.80682887e-05,294,0.00634488163,0.0129388953,0.0100281246
1559,5.19666679,0.0231770069,0.00135171049,0.0131806775,1.75840786,0.00467977055,0.999989256,3.86953288e-05,294,0.00631227256,0.0130322601,0.0116835487
1560,5.20000013,0.022499373,0.00131219008,0.0128028678,1.75736979,0.00423612494,0.999987043,4.02331352e-05,294,0.00636888457,0.0126868434,0.0109287864
1561,5.20333346,0.0203006515,0.00118395804,0.0132013178,1.53777463,0.00390907006,0.999984922,7.22976313e-05,294,0.00657703862,0.0111062721,0.0104655173
1562,5.20666679,0.0202787606,0.00118268133,0.0133789409,1.51572241,0.0046967357,0.999982663,7.29048113e-05,294,0.00675772737,0.0118594689,0.00946335634
1563,5.21000013,0.022243584,0.00129727216,0.0132382924,1.68024571,0.0046672023,0.999983555,7.30864555e-05,294,0.00673842568,0.0130790292,0.0107325869
1564,5.21333346,0.0204738891,0.00119406146,0.0148503781,1.37867796,0.00404363195,0.999984462,7.39699701e-05,294,0.00655321746,0.0119224907,0.0105708516
1565,5.21666679,0.0195210728,0.00113849209,0.0152718202,1.2782414,0.00445799669,0.999982819,7.42670047e-05,294,0.00679333577,0.0115955438,0.00889432092
1566,5.22000013,0.0224151502,0.00130727811,0.0145588913,1.53961931,0.00419241966,0.999981438,7.61354923e-05,294,0.00681142544,0.0126837172,0.0108965303
1567,5.22333346,0.0220281375,0.00128470707,0.0161587234,1.36323501,0.00453358762,0.999980282,7.61354923e-05,294,0.00667101743,0.0125871097,0.0113382968
1568,5.22666679,0.0222559776,0.00129799497,0.0155990213,1.42675474,0.00452713243,0.999984321,7.64220402e-05,294,0.0063484001,0.0138567962,0.0100938748
1569,5.23000013,0.0236148084,0.00137724359,0.0156309169,1.51077564,0.00444300662,0.999987983,7.75033834e-05,294,0.00654556687,0.0137465565,0.011386138
1570,5.23333346,0.0226525269,0.0013211222,0.0155326033,1.45838572,0.00460149372,0.999986929,7.89937245e-05,294,0.00696050118,0.0121181314,0.01133988
1571,5.23666679,0.0229047275,0.00133583083,0.0151282631,1.51403551,0.00454599209,0.999986929,7.95590207e-05,294,0.00669047278,0.0128840593,0.0120013918
1572,5.24000013,0.0226564055,0.0013213484,0.0160310821,1.41327986,0.00449386006,0.999987418,8.03666287e-05,294,0.0066061213,0.0130132321,0.0108921536
1573,5.24333346,0.0219079102,0.00127769527,0.0164282836,1.33354833,0.00457514648,0.999985333,8.10386096e-05,294,0.00643567156,0.0130997503,0.0109087341
1574,5.24666679,0.0227913912,0.00132922093,0.0173029241,1.31719882,0.00477102127,0.999985593,8.0405501e-05,294,0.00652844193,0.0134259095,0.0108926545
1575,5.25000013,0.0237235189,0.00138358372,0.0176155717,1.34673568,0.00435742947,0.999985838,8.0879512e-05,294,0.00685101244,0.0136767683,0.0110685422
1576,5.25333346,0.0228631525,0.00133340613,0.0167885661,1.36182878,0.00467621048,0.999986419,7.95694606e-05,294,0.00681309586,0.0134164178,0.0111414927
1577,5.25666679,0.0214036374,0.00124828548,0.0164421902,1.30175099,0.00429976283,0.999986831,8.19428389e-05,294,0.00672987034,0.0129935309,0.010454085
1578,5.26000013,0.022580512,0.0013169222,0.0163434337,1.38162594,0.0046206367,0.999987047,7.95132828e-05,294,0.00666461495,0.0129137007,0.0115441239
1579,5.26333346,0.0232064556,0.00135342797,0.015288584,1.51789437,0.00456562115,0.999987177,7.57233429e-05,294,0.00680324256,0.0140627368,0.0109835981
1580,5.26666679,0.0251577892,0.00146723206,0.0144145912,1.74530022,0.00440620853,0.999987686,4.81471253e-05,294,0.00705917577,0.0144317394,0.0119445119
1581,5.27000013,0.0237646043,0.00138597987,0.0148255442,1.60294988,0.00450413892,0.999985772,4.66718071e-05,294,0.00699224625,0.0139822366,0.0118690913
1582,5.27333346,0.0211245786,0.00123201044,0.0138625748,1.52385678,0.00443014006,0.999983975,4.60792962e-05,294,0.0068958919,0.0123728883,0.0110638438
1583,5.27666679,0.0205340173,0.00119756821,0.013284656,1.54569432,0.00455406521,0.999982155,4.38002898e-05,294,0.00688356814,0.0126282083,0.00955326676
1584,5.28000013,0.020313837,0.00118472703,0.0125288967,1.62135881,0.00450001081,0.999982537,4.09714195e-05,294,0.00694836735,0.011948886,0.00974598602
1585,5.28333346,0.0200758257,0.00117084593,0.0123382716,1.62711815,0.00417942789,0.999985137,4.09714195e-05,294,0.00642392893,0.0125969909,0.0102646401
1586,5.28666679,0.0194194609,0.00113256596,0.0129552783,1.49896131,0.00415780119,0.999987622,4.09714195e-05,294,0.00626187564,0.0120047936,0.00951954139
1587,5.29000013,0.0189634802,0.00110597262,0.0121607627,1.55939892,0.00433923419,0.999986769,4.09714195e-05,294,0.00659470454,0.0115420923,0.00854887473
1588,5.29333346,0.0193127739,0.00112634385,0.0111833695,1.72691906,0.00392947111,0.999986605,3.99840112e-05,294,0.00649787783,0.010687289,0.0105375875
1589,5.29666679,0.0212502497,0.00123933973,0.0116832859,1.81885901,0.00499401317,0.999986328,3.75342044e-05,294,0.00640366343,0.0119925991,0.0103786609
1590,5.30000013,0.0189893475,0.00110748124,0.0119545545,1.58846132,0.00459780126,0.999985966,3.80323671e-05,294,0.00609571937,0.0113995554,0.00975973836
1591,5.30333346,0.0212954774,0.00124197746,0.0120938558,1.76085093,0.00432636441,0.999985955,3.76844003e-05,294,0.00607318956,0.0122540106,0.0103551338
1592,5.3066668,0.0220683421,0.00128705185,0.0119315315,1.84958169,0.00440107011,0.999985923,3.85014745e-05,294,0.00659488509,0.0125869192,0.00993849
1593,5.31000013,0.0196653323,0.00114690547,0.011863162,1.65768049,0.00452538658,0.99998583,3.99840112e-05,294,0.00634216791,0.011085095,0.0107764528
1594,5.31333346,0.0189678796,0.00110622921,0.0124328106,1.52563086,0.00413497443,0.999983554,4.05869743e-05,294,0.00654327785,0.0106405231,0.0095282191
1595,5.3166668,0.0197587736,0.00115235508,0.0116002398,1.70330734,0.00393510056,0.999982139,4.12013512e-05,294,0.00638522472,0.0113695852,0.00998747479
1596,5.32000013,0.0222462049,0.00129742502,0.0120838963,1.84097946,0.00438113121,0.999980864,4.22314912e-05,294,0.0063931672,0.012489861,0.0107910959
1597,5.32333346,0.0212904247,0.00124168278,0.0126631568,1.68128887,0.00449167197,0.999981035,4.36319986e-05,294,0.00637022365,0.013190361,0.00986672819
1598,5.3266668,0.0224868937,0.00131146227,0.0124479689,1.8064709,0.00465845771,0.999983514,4.43886838e-05,294,0.00645403777,0.0135254319,0.0104505082
1599,5.33000013,0.0224043261,0.00130664683,0.0123873287,1.80864871,0.00458348555,0.999986065,4.51977248e-05,294,0.00658495812,0.0131892981,0.0106259681
1600,5.33333346,0.0223270945,0.00130214259,0.0128223489,1.74126399,0.0042915601,0.999987674,4.50265778e-05,294,0.00621016969,0.0141785865,0.0102885012
1601,5.3366668,0.0206672488,0.00120533843,0.0131069356,1.57681776,0.00428940659,0.999988577,4.49107734e-05,294,0.00630827092,0.0120325882,0.0105031208
1602,5.34000013,0.0204448402,0.0011923673,0.0121570589,1.68172586,0.00529353239,0.999988919,4.2968952e-05,294,0.00632484695,0.012183615,0.00975711837
1603,5.34333346,0.0200608071,0.00116997003,0.0120851185,1.65995948,0.00472122454,0.999988921,4.3594916e-05,294,0.00619509974,0.0117779034,0.0100145228
1604,5.3466668,0.0211500333,0.00123349499,0.0120688436,1.75244903,0.00509049487,0.999986952,4.33822965e-05,294,0.00587187219,0.0123997289,0.0106460245
1605,5.35000013,0.0184634786,0.00107681194,0.0122436602,1.50800318,0.00395117513,0.999989248,4.32855462e-05,294,0.00581574693,0.0108213653,0.00981289805
1606,5.35333346,0.0184495136,0.00107599748,0.0115682504,1.59484044,0.00444003849,0.999990451,4.49339802e-05,294,0.00624773882,0.00986944134,0.00919191506
1607,5.3566668,0.0178821883,0.0010429104,0.0105313528,1.69799537,0.00431209815,0.999990824,4.11568206e-05,294,0.00587194155,0.0104439386,0.0097491831
1608,5.36000013,0.0187289986,0.00109229738,0.0107757309,1.73807223,0.00427577539,0.999991068,3.99376304e-05,294,0.00592667084,0.0115018202,0.00821685255
1609,5.36333346,0.0210433954,0.00122727574,0.0106924853,1.96805466,0.00427516523,0.999990398,3.92144407e-05,294,0.0059543553,0.0119253769,0.0101801895
1610,5.3666668,0.0243478091,0.00141999306,0.0117110588,2.07904422,0.0047961181,0.999989641,3.88876392e-05,294,0.00604031617,0.0138570292,0.0112599533
1611,5.37000013,0.0251386143,0.00146611376,0.0128259476,1.95998105,0.00473889895,0.999988162,3.89876162e-05,294,0.00652041622,0.0145877322,0.0112616329
1612,5.37333346,0.0220683823,0.00128705419,0.0128383568,1.71894133,0.00408686342,0.999988408,3.89605587e-05,294,0.00691041382,0.0131116136,0.0112607166
1613,5.3766668,0.0227312744,0.00132571485,0.0132178108,1.71974579,0.00467249275,0.999989062,3.79321637e-05,294,0.00664899772,0.0136336348,0.0107195768
1614,5.38000013,0.0243233284,0.00141856532,0.0136242979,1.78529041,0.00448425267,0.999989045,3.83181862e-05,294,0.00658811312,0.0146510631,0.0109796367
1615,5.38333346,0.022522248,0.00131352418,0.0131486042,1.7129003,0.00454369517,0.999989495,3.79321637e-05,294,0.00674243856,0.0133615978,0.0109902691
1616,5.3866668,0.0201608113,0.00117580239,0.012533499,1.6085541,0.00473273505,0.999989918,3.82075505e-05,294,0.00702927999,0.0119164425,0.00921460958
1617,5.39000013,0.01930779,0.00112605318,0.0117711293,1.64026658,0.00457464758,0.999987683,4.04582101e-05,294,0.00681378333,0.0116900955,0.00975161453
1618,5.39333346,0.020131047,0.0011740665,0.0117341315,1.71559753,0.00409112198,0.999985299,4.49876436e-05,294,0.00692111245,0.0117910216,0.00882355301
1619,5.3966668,0.0221157609,0.00128981737,0.0117347485,1.88463868,0.00435544943,0.999986044,4.49691751e-05,294,0.00649295546,0.0136274629,0.0100949785
1620,5.40000013,0.0225866315,0.0013172791,0.0124128549,1.81961617,0.00448392411,0.999986565,4.49663938e-05,294,0.00649537553,0.013615542,0.0104098544
1621,5.40333346,0.0217732594,0.00126984228,0.0124195717,1.75314092,0.00516359578,0.99998731,3.79321637e-05,294,0.00664598372,0.0128019404,0.0105298332
1622,5.4066668,0.0197757666,0.00115334613,0.0122328275,1.61661452,0.00364399292,0.999987534,4.00651285e-05,294,0.00659404207,0.0114281143,0.0106066452
1623,5.41000013,0.0189387645,0.00110453118,0.0120779974,1.56803846,0.00480573408,0.999989843,3.99840144e-05,294,0.00664150924,0.0106165023,0.00965472714
1624,5.41333346,0.0199547993,0.00116378753,0.0120136457,1.66101114,0.00506904132,0.999990526,4.00496428e-05,294,0.00620005566,0.0120733897,0.00982483516
1625,5.4166668,0.0195089596,0.00113778563,0.0130546624,1.49440553,0.00459373766,0.999989355,3.91318154e-05,294,0.00613301833,0.0120900908,0.00917069931
1626,5.42000013,0.0196322459,0.00114497583,0.0119293685,1.64570705,0.00429389488,0.999989951,4.11241702e-05,294,0.00584500685,0.0111007787,0.0104859169
1627,5.42333346,0.0189684193,0.00110626068,0.0122407641,1.54961072,0.00450355935,0.999990249,4.15307823e-05,294,0.00582137735,0.0109004767,0.0096312456
1628,5.4266668,0.0209880946,0.00122405053,0.0109596887,1.91502653,0.00441839079,0.999990514,4.1288165e-05,294,0.00585186615,0.0125560043,0.00952681569
1629,5.43000013,0.0214996302,0.0012538839,0.0110810495,1.94021606,0.00469403049,0.999988717,4.16713659e-05,294,0.00581469298,0.0126313195,0.0104102445
1630,5.43333346,0.0190596617,0.00111158204,0.0111870775,1.70372126,0.00476126467,0.999989164,3.83167834e-05,294,0.00603956943,0.0109676866,0.00949234356
1631,5.4366668,0.0201218222,0.0011735285,0.0108372253,1.85673192,0.00461484705,0.999988866,3.91011353e-05,294,0.00611408986,0.0113164276,0.00998165519
1632,5.44000013,0.0189756769,0.00110668395,0.0112636798,1.6846783,0.00433824687,0.999988407,4.04361984e-05,294,0.00616440509,0.0111396445,0.00911518012
1633,5.44333347,0.0189426909,0.00110476017,0.0108914557,1.73922489,0.00460807014,0.999988163,4.03732817e-05,294,0.00627372718,0.0110585464,0.00887079402
1634,5.4466668,0.0206272122,0.00120300345,0.0110576526,1.86542416,0.00466405502,0.999988556,4.09711946e-05,294,0.00619168359,0.011527944,0.010679899
1635,5.45000013,0.0172153314,0.00100401852,0.0117930492,1.45978628,0.00397532829,0.999989653,3.98032532e-05,294,0.00593883094,0.0099117187,0.00909826981
1636,5.45333347,0.0172840868,0.00100802841,0.011103842,1.55658617,0.00459649276,0.999989483,4.04961503e-05,294,0.00565815258,0.0103653689,0.00841076857
1637,5.4566668,0.0193731797,0.00112986678,0.0108976027,1.77774693,0.00447881139,0.999989334,3.9991205e-05,294,0.00537036498,0.011641063,0.00934452429
1638,5.46000013,0.0214179294,0.00124911901,0.010954463,1.9551784,0.00454924173,0.99999012,4.09714195e-05,294,0.00541656586,0.0133783143,0.00911004209
1639,5.46333347,0.0182039931,0.00106167843,0.0110449418,1.64817464,0.0039041597,0.999989479,4.09714195e-05,294,0.00549758528,0.0102948162,0.00976394372
1640,5.4666668,0.0176498221,0.00102935853,0.0107533235,1.64133648,0.00487903808,0.999987162,4.09714195e-05,294,0.00574251286,0.0103957025,0.00837766685
1641,5.47000013,0.0180516114,0.00105279136,0.0103468156,1.74465382,0.00421476919,0.999989653,3.82600191e-05,294,0.00557701193,0.00968013925,0.0102222723
1642,5.47333347,0.0183494189,0.00107015984,0.0110455458,1.66125054,0.00432994256,0.999989833,3.79321637e-05,294,0.00559040758,0.0103554647,0.00933902661
1643,5.4766668,0.020888145,0.00121822135,0.0102969181,2.02858222,0.00464249905,0.999990005,3.74683468e-05,294,0.00574570726,0.0122766248,0.00959200148
1644,5.48000013,0.0197541011,0.00115208257,0.0105455197,1.87322215,0.00467140026,0.999990025,3.9999627e-05,294,0.00583900096,0.0115674645,0.00979397462
1645,5.48333347,0.0190275723,0.00110971055,0.0107933136,1.76290368,0.00433343208,0.999990229,3.9999627e-05,294,0.00587994804,0.0105686315,0.00961388071
1646,5.4866668,0.0175069718,0.00102102733,0.0106295772,1.64700547,0.00435527358,0.999989855,4.06570425e-05,294,0.00572903317,0.0107847552,0.00812187808
1647,5.49000013,0.0197657816,0.00115276379,0.0106029599,1.86417584,0.0043733152,0.999987397,4.11718586e-05,294,0.0060432084,0.0110294048,0.00917606726
1648,5.49333347,0.0198050251,0.00115505252,0.010561492,1.87521092,0.00401813675,0.999986333,3.99840112e-05,294,0.00588340816,0.0108800952,0.0104349473
1649,5.4966668,0.0195826367,0.00114208257,0.0114310287,1.71311237,0.00493619608,0.999986333,4.09714195e-05,294,0.00587097444,0.0115486589,0.00937520305
1650,5.50000013,0.0199272594,0.00116218137,0.010887697,1.83025478,0.0047433718,0.999986362,3.99840112e-05,294,0.00615910937,0.0110685944,0.00958038297
1651,5.50333347,0.0164691143,0.000960498249,0.010652226,1.54607255,0.00438887863,0.999986333,3.87643172e-05,294,0.0062151613,0.00924431644,0.00882629801
1652,5.5066668,0.0165166589,0.000963271111,0.010141505,1.62862011,0.00414307034,0.999984816,3.82195953e-05,294,0.00626029092,0.00949231288,0.00805660747
1653,5.51000013,0.0195883348,0.00114241489,0.010522642,1.8615415,0.00520320906,0.999980705,3.81656157e-05,294,0.00590878802,0.0119200106,0.00942446645
1654,5.51333347,0.0200792438,0.00117104528,0.0106447807,1.88629944,0.004516219,0.999981244,3.8526276e-05,294,0.00569747522,0.0121971597,0.00964856742
1655,5.5166668,0.0192799492,0.00112442947,0.011193841,1.72237119,0.0042320913,0.999981092,3.79321637e-05,294,0.00565898431,0.0110547437,0.0100766716
1656,5.52000013,0.0185746017,0.00108329277,0.0108094013,1.71837469,0.00485344626,0.999980905,3.99840112e-05,294,0.00578655101,0.0104256849,0.00905560918
1657,5.52333347,0.0175353474,0.00102268223,0.0101425077,1.72889663,0.00425638618,0.999980757,3.79321637e-05,294,0.00597697958,0.00972826286,0.00903443046
1658,5.5266668,0.0159707672,0.000931434057,0.0100236011,1.59331631,0.00437940461,0.999982727,3.68634369e-05,294,0.00574549883,0.00914078088,0.00861687251
1659,5.53000013,0.0190475575,0.00111087611,0.00989138525,1.92567138,0.00463111986,0.999984601,3.79321637e-05,294,0.00542405997,0.0112700106,0.00892860234
1660,5.53333347,0.0176230903,0.0010277995,0.0108701403,1.62123853,0.00432223415,0.999986946,3.74683468e-05,294,0.00532796491,0.00952485617,0.00959452999
1661,5.5366668,0.0169711443,0.000989777233,0.010688232,1.58783457,0.00424256487,0.999988545,3.82110201e-05,294,0.00521612601,0.00968542753,0.00869064583
1662,5.54000013,0.0176437666,0.00102900537,0.0099296751,1.7768725,0.00469195217,0.999987745,3.885926e-05,294,0.00538514523,0.0096913151,0.0089525923
1663,5.54333347,0.0177642146,0.00103603003,0.0101170552,1.75586812,0.00424218225,0.999987839,3.92271476e-05,294,0.00561000417,0.0100779726,0.00862591765
1664,5.5466668,0.0189462843,0.00110496974,0.0100510991,1.88499627,0.00450917345,0.999987467,3.94264383e-05,294,0.00566211024,0.0106833341,0.00910087925
1665,5.55000013,0.0183522387,0.0010703243,0.0106927272,1.71632909,0.00447574062,0.999987207,4.34994918e-05,294,0.00566303325,0.0100678475,0.00965526914
1666,5.55333347,0.0181643877,0.0010593686,0.0102412048,1.77365731,0.00403910613,0.999988908,4.4059874e-05,294,0.00564963891,0.0104479101,0.00886466219
1667,5.5566668,0.0164554045,0.00095969868,0.0111975431,1.46955491,0.00388669549,0.999988982,4.44176747e-05,294,0.00561377143,0.00955720474,0.00872586927
1668,5.56000013,0.016696919,0.000973784092,0.0100800188,1.65643729,0.00458386118,0.999988982,4.4146309e-05,294,0.00544668322,0.00924884873,0.00877678849
1669,5.56333347,0.0179710902,0.00104809526,0.00987115916,1.82056534,0.00407893289,0.999988833,4.41619553e-05,294,0.00518019688,0.0100474699,0.0091184126
1670,5.5666668,0.0193569769,0.00112892182,0.0105458929,1.8354991,0.00474492636,0.999990579,4.14292772e-05,294,0.00502811174,0.0117584952,0.00913067814
1671,5.57000013,0.0177823544,0.00103708797,0.0106522584,1.66935063,0.0043551521,0.999991024,4.07759358e-05,294,0.00504338511,0.0105634329,0.00915257026
1672,5.57333347,0.0213669997,0.00124614873,0.0101578362,2.10349913,0.00477318075,0.999991124,4.10285754e-05,294,0.00504302016,0.0124042977,0.0104424052
1673,5.5766668,0.018718348,0.00109167623,0.0107218072,1.74582025,0.00410196056,0.999989963,3.82110201e-05,294,0.00536928442,0.0111570059,0.00924900483
1674,5.58000014,0.0198317476,0.00115661101,0.010601767,1.87060776,0.00451053723,0.999990559,3.80800479e-05,294,0.00568306741,0.011579052,0.00918887926
1675,5.58333347,0.0196674996,0.00114703187,0.0105187773,1.8697515,0.0042442461,0.999988163,3.84942478e-05,294,0.00593205031,0.0117418985,0.00908451286
1676,5.5866668,0.0187147189,0.00109146457,0.0108803991,1.72003975,0.00413719743,0.999988163,3.98423786e-05,294,0.00611465175,0.0110529756,0.00932815131
1677,5.59000014,0.0208099404,0.00121366037,0.0104165583,1.99777506,0.00426826516,0.999988461,3.8245258e-05,294,0.00621398564,0.0118722781,0.00967881263
1678,5.59333347,0.0201851158,0.00117721986,0.011105825,1.8175251,0.00439969553,0.999990559,3.80908169e-05,294,0.00605650537,0.0126770386,0.00981118467
1679,5.5966668,0.0199201794,0.00116176846,0.0116199642,1.71430644,0.00521363586,0.999989057,4.01708678e-05,294,0.00620350553,0.0118889373,0.00953993408
1680,5.60000014,0.0207624397,0.00121089007,0.0118281331,1.75534377,0.00444594847,0.999987268,4.10421525e-05,294,0.00618521722,0.0113228139,0.0106458008
1681,5.60333347,0.0208601338,0.00121658771,0.0121038921,1.72342364,0.00450994402,0.999986076,4.4926445e-05,294,0.00604932711,0.011897158,0.0110253576
1682,5.6066668,0.0202570437,0.00118141478,0.0121569923,1.66628744,0.00476109704,0.999984884,4.4926445e-05,294,0.00612747106,0.012441718,0.00939991789
1683,5.61000014,0.0194601705,0.00113494019,0.011778977,1.6521104,0.00455983218,0.999986672,4.01243338e-05,294,0.00619080246,0.0118757702,0.0092240048
1684,5.61333347,0.0217311396,0.0012673858,0.0116896059,1.85901387,0.00476370752,0.99998877,3.9999627e-05,294,0.00617249806,0.0130047833,0.0102607522
1685,5.6166668,0.0218641256,0.0012751417,0.012487483,1.7508833,0.00476996533,0.999986684,3.99840112e-05,294,0.00616897356,0.012732434,0.0106632498
1686,5.62000014,0.0201005413,0.00117228738,0.0123719973,1.62468038,0.0042852626,0.999984002,4.05125118e-05,294,0.00608445735,0.0121473583,0.010093823
1687,5.62333347,0.0218624168,0.00127504204,0.0121017028,1.80655708,0.00456701774,0.999981618,4.09714195e-05,294,0.00604585112,0.0129662521,0.0104489391
1688,5.6266668,0.0208877886,0.00121820057,0.0122958454,1.698768,0.00441809673,0.999981618,4.38002898e-05,294,0.00636347489,0.0123386148,0.00971824887
1689,5.63000014,0.0211864317,0.00123561779,0.012548126,1.68841401,0.00445989017,0.999984002,4.08866593e-05,294,0.00612617144,0.0124646746,0.0109413363
1690,5.63333347,0.0221374166,0.00129108035,0.0130714911,1.69356475,0.00446371623,0.999984598,7.28063172e-05,294,0.00624602219,0.0123477143,0.0108220781
1691,5.6366668,0.0226809251,0.00132277841,0.0130066208,1.74379844,0.0043818169,0.99998281,4.00464375e-05,294,0.00629068599,0.0134880816,0.0106591913
1692,5.64000014,0.0199512367,0.00116357976,0.0127555351,1.56412386,0.00461391431,0.999981022,7.1666789e-05,294,0.0063621839,0.0114812017,0.0100713044
1693,5.64333347,0.020646035,0.00120410121,0.0125567429,1.64421898,0.00438427414,0.999979234,7.20334158e-05,294,0.00640847249,0.0117508317,0.0100240257
1694,5.6466668,0.0210837151,0.00122962724,0.0126581635,1.66562195,0.00458276259,0.999977148,7.27290966e-05,294,0.006399238,0.0124251548,0.0102615226
1695,5.65000014,0.020108371,0.00117274401,0.0127742414,1.57413425,0.0039564971,0.999975061,4.09714195e-05,294,0.0063516423,0.0118501777,0.00977974564
1696,5.65333347,0.0210946826,0.00123026687,0.0124146064,1.69918255,0.00423599279,0.999977446,4.09714195e-05,294,0.00649691685,0.0121067816,0.0101492275
1697,5.6566668,0.0219884104,0.00128239013,0.0127471158,1.72497142,0.00369674532,0.99997983,4.09714195e-05,294,0.00637519002,0.0128610758,0.0106920638
1698,5.66000014,0.0194599486,0.00113492725,0.0126860284,1.53396697,0.00353976419,0.999982214,4.09714195e-05,294,0.00604918823,0.0116840317,0.010117791
1699,5.66333347,0.0207325479,0.00120914675,0.0126482968,1.63915729,0.00422497415,0.999984002,7.19528663e-05,294,0.00632041034,0.0120061822,0.00899489048
1700,5.6666668,0.0212536276,0.00123953674,0.0122017404,1.74185215,0.00431935106,0.999986684,4.09027659e-05,294,0.00651876586,0.0121306299,0.0102028833
1701,5.67000014,0.0215818632,0.00125867982,0.0127236353,1.6962026,0.00440284141,0.999985194,4.20077682e-05,294,0.00670162065,0.0125624091,0.00976818195
1702,5.67333347,0.0192980976,0.00112548791,0.0121992437,1.58190935,0.00426271068,0.999985671,4.33175521e-05,294,0.0068199894,0.0106694066,0.0101292375
1703,5.6766668,0.0220864122,0.00128810572,0.0112943784,1.95552259,0.00438921453,0.999985373,4.37516189e-05,294,0.00672557701,0.0131264005,0.00995574976
1704,5.68000014,0.0207643023,0.0012109987,0.0122399295,1.69643969,0.00436784948,0.999985522,4.46569255e-05,294,0.00683858712,0.0116333695,0.00983017161
1705,5.68333347,0.0197339388,0.00115090668,0.0116949416,1.68739097,0.004643209,0.999986386,3.91288235e-05,294,0.00666023283,0.0115253606,0.00992009513
1706,5.6866668,0.0216437383,0.00126228845,0.0116205555,1.86253904,0.00444750303,0.999986193,4.0395161e-05,294,0.00676426765,0.0126862935,0.00975471276
1707,5.69000014,0.0202074101,0.00117852009,0.0113890682,1.77428124,0.00451704493,0.999986088,3.82911232e-05,294,0.0062720301,0.0117799635,0.0108400455
1708,5.69333347,0.0193075876,0.00112604137,0.0123705182,1.56077436,0.00401020818,0.99998579,4.00085057e-05,294,0.00601481879,0.010730138,0.0101533912
1709,5.6966668,0.0182559145,0.00106470655,0.0113034839,1.61506971,0.00466622271,0.999986088,4.05196674e-05,294,0.00615098082,0.0109370072,0.00855599357
1710,5.70000014,0.0189432638,0.00110479358,0.0103104241,1.83729241,0.0044956336,0.999986088,4.14237932e-05,294,0.00620620558,0.0113793802,0.00906629182
1711,5.70333347,0.0182752016,0.0010658314,0.0112700621,1.62157062,0.00450331907,0.999985832,4.05965953e-05,294,0.00594886884,0.0106578895,0.00953215858
1712,5.7066668,0.0175833092,0.00102547942,0.0109796249,1.60144899,0.00434199991,0.999986279,4.00630767e-05,294,0.00576254564,0.00993524507,0.00951111658
1713,5.71000014,0.0202329911,0.00118001201,0.0113788905,1.77811634,0.00430483108,0.99998877,4.09714195e-05,294,0.00570779713,0.012366144,0.00922314115
1714,5.71333347,0.0184935663,0.00107856669,0.0118415974,1.56174592,0.00423711044,0.999987298,4.01243338e-05,294,0.00563786954,0.0104917499,0.00980372808
1715,5.71666681,0.0203100488,0.0011845061,0.0109358466,1.8571995,0.00512573047,0.999986984,4.05423875e-05,294,0.00592136895,0.0121224619,0.00891961091
1716,5.72000014,0.0187951682,0.00109615647,0.0114648131,1.63937851,0.00397128671,0.999986921,3.74683468e-05,294,0.006024323,0.0102524811,0.0100611697
1717,5.72333347,0.0192614784,0.00112335223,0.0106857763,1.80253431,0.0040134809,0.999986879,3.73315782e-05,294,0.00574502804,0.0112068346,0.00980475553
1718,5.72666681,0.020889157,0.00121828037,0.0112223689,1.86138569,0.00448469753,0.999985159,3.86012704e-05,294,0.00567225592,0.0116315776,0.010419376
1719,5.73000014,0.0196632329,0.00114678303,0.0115280027,1.70569295,0.00439801755,0.999982983,4.02331352e-05,294,0.00562572412,0.0111134332,0.0102354372
1720,5.73333347,0.0197549129,0.00115212992,0.0109820382,1.79883848,0.00406199148,0.99998307,3.84072734e-05,294,0.00532380866,0.0120219286,0.00969873862
1721,5.73666681,0.020827943,0.0012147103,0.0116274376,1.79127541,0.00454536847,0.999983144,3.79321637e-05,294,0.0053389071,0.0123687456,0.0101354871
1722,5.74000014,0.0216981562,0.00126546217,0.0109210476,1.98682004,0.00465780323,0.999985598,3.71379035e-05,294,0.00517885154,0.0123408009,0.0106445867
1723,5.74333347,0.0221778305,0.00129343734,0.011441111,1.93843329,0.00415933142,0.999986102,3.71335023e-05,294,0.00523069337,0.012911287,0.0107808207
1724,5.74666681,0.020684132,0.00120632308,0.0115233964,1.79496836,0.00459816805,0.99998661,4.00406194e-05,294,0.00539494432,0.012188017,0.0101332345
1725,5.75000014,0.0206535502,0.00120453951,0.0116481297,1.77312158,0.00430621475,0.999988558,4.00508651e-05,294,0.00566399664,0.0113430062,0.011153014
1726,5.75333347,0.0204501108,0.00119267468,0.0115198996,1.7751987,0.00407621587,0.999990228,3.79321637e-05,294,0.00587857027,0.0118686756,0.0102350789
1727,5.75666681,0.0224440954,0.00130896623,0.0119920315,1.8715841,0.00442909638,0.999990547,4.02331352e-05,294,0.00606377608,0.0130322469,0.010409047
1728,5.76000014,0.0213957953,0.00124782812,0.012262654,1.7447932,0.00474060516,0.999990547,4.02331352e-05,294,0.00630402355,0.0134858702,0.00967897184
1729,5.76333347,0.0217170123,0.00126656188,0.0117115969,1.85431691,0.00465736377,0.999988291,4.09714195e-05,294,0.00635299475,0.0125094877,0.0108932824
1730,5.76666681,0.0203515381,0.00118692581,0.0120641589,1.68694215,0.0043791768,0.999989614,4.09714195e-05,294,0.00598174912,0.0127836823,0.0099795376
1731,5.77000014,0.0216638108,0.0012634591,0.0125126744,1.73134935,0.00452385375,0.999989063,4.09714195e-05,294,0.00582624417,0.0124311219,0.0108828432
1732,5.77333347,0.0201497944,0.00117515987,0.0114047739,1.76678595,0.00443447666,0.999988807,4.02331352e-05,294,0.00594720553,0.012281556,0.00944007052
1733,5.77666681,0.0219947452,0.00128275959,0.0110253211,1.99493011,0.00434152608,0.999988543,4.4926445e-05,294,0.00647286163,0.0129546747,0.00988021195
1734,5.78000014,0.0218785851,0.00127598499,0.0111625943,1.95999106,0.00455876137,0.999990248,4.4926445e-05,294,0.00694331204,0.0130353802,0.0099097606
1735,5.78333347,0.0201748623,0.00117662187,0.0115176888,1.75164156,0.00436579403,0.999988717,4.4926445e-05,294,0.00687664486,0.0119741578,0.0100398579
1736,5.78666681,0.0187503061,0.00109354006,0.012123448,1.54661497,0.00456019083,0.999989015,4.4926445e-05,294,0.00672423242,0.0119431021,0.00849083904
1737,5.79000014,0.0180222033,0.00105107624,0.0120444309,1.49631007,0.00454396124,0.999989507,4.4926445e-05,294,0.00645350564,0.0108495722,0.00949270386
1738,5.79333347,0.0226515819,0.00132106708,0.012030713,1.88281291,0.00465024772,0.99998971,4.09714195e-05,294,0.00624491028,0.0128992293,0.0111064477
1739,5.79666681,0.0197699362,0.00115300609,0.0124739066,1.58490334,0.00437766539,0.999991163,3.99840112e-05,294,0.00633487581,0.0113042187,0.0101089864
1740,5.80000014,0.0216110067,0.0012603795,0.0117172988,1.84436764,0.00464869553,0.999991143,3.91663936e-05,294,0.00638693121,0.0125429203,0.00984814842
1741,5.80333347,0.0204615058,0.00119333925,0.0113291617,1.80609178,0.0048412564,0.999991143,3.96380566e-05,294,0.00621514015,0.0123668986,0.00995963729
1742,5.80666681,0.021075405,0.00122914258,0.0116667009,1.80645799,0.0043308606,0.999991429,4.09714195e-05,294,0.0063993894,0.0123613418,0.00964359138
1743,5.81000014,0.0185924687,0.0010843348,0.0109341899,1.70039746,0.00337722831,0.999989475,4.02331352e-05,294,0.00606776163,0.0108494887,0.0101270142
1744,5.81333347,0.0199876748,0.00116570487,0.0114370967,1.74761789,0.00427745524,0.999988051,3.84946221e-05,294,0.00576340755,0.01135429,0.0100532148
1745,5.81666681,0.017590751,0.00102591343,0.0111237629,1.58136695,0.00424740983,0.999990878,3.79321637e-05,294,0.00579432603,0.010369797,0.00888585224
1746,5.82000014,0.0166835925,0.000973006876,0.0101872549,1.63769266,0.00421185983,0.999990547,3.79321637e-05,294,0.00564678105,0.00921217335,0.00908652118
1747,5.82333347,0.0207933056,0.00121269021,0.0103124255,2.01633511,0.00495837434,0.999991739,3.71335023e-05,294,0.00565047306,0.0119189208,0.0095747409
1748,5.82666681,0.0208016209,0.00121317517,0.0108839788,1.91121476,0.00445048118,0.999991739,3.79321637e-05,294,0.00597199512,0.0125042956,0.00909012653
1749,5.83000014,0.0210921782,0.00123012081,0.0106621764,1.97822445,0.00467432384,0.999991672,4.06259569e-05,294,0.00605567462,0.0126422857,0.00979138509
1750,5.83333347,0.0189852268,0.00110724091,0.0110065524,1.72490223,0.00477036115,0.99998977,4.12778847e-05,294,0.00607285593,0.0114592846,0.0092934237
1751,5.83666681,0.0215835985,0.00125878103,0.0101759685,2.1210363,0.00489971356,0.9999897,4.14575484e-05,294,0.00602546188,0.0126545728,0.0101109626
1752,5.84000014,0.0180965465,0.00105541203,0.0111634628,1.62105135,0.00457415025,0.999989367,3.85830572e-05,294,0.00577625346,0.00990469397,0.0102754538
1753,5.84333347,0.0182079303,0.00106190806,0.0109350914,1.66509174,0.00416310602,0.999989381,3.79321637e-05,294,0.00570035811,0.0100214611,0.0093791891
1754,5.84666681,0.0182769604,0.00106593398,0.0109521708,1.66879797,0.00438023314,0.999989088,3.81391194e-05,294,0.00529388871,0.010907198,0.00946353523
1755,5.85000014,0.0197520092,0.00115196057,0.0109291354,1.80728012,0.00474014297,0.999991254,3.71335023e-05,294,0.00515656781,0.0113347332,0.00984394513
1756,5.85333348,0.0183174714,0.00106829663,0.0105033142,1.74397062,0.00435036018,0.999990714,3.99872762e-05,294,0.00503283879,0.0101166937,0.00982456024
1757,5.85666681,0.0185799619,0.00108360538,0.0103487077,1.79538957,0.00461413484,0.99999063,3.69599486e-05,294,0.00503779585,0.0110391697,0.00893509675
1758,5.86000014,0.0200668796,0.00117032419,0.00966028698,2.07725502,0.00446933894,0.999990741,3.79321637e-05,294,0.0049014078,0.0118124002,0.00980898003
1759,5.86333348,0.0194656661,0.0011352607,0.0104026109,1.87122889,0.00424662427,0.999991524,3.9500118e-05,294,0.00504528085,0.0115891626,0.00960381107
1760,5.86666681,0.0203644323,0.00118767781,0.0102248207,1.99166644,0.00438803386,0.999991047,3.79321637e-05,294,0.00528843117,0.0121443868,0.00942594313
1761,5.87000014,0.0180697028,0.00105384647,0.0109755393,1.64636126,0.0045901607,0.999989389,3.82898528e-05,294,0.00558831587,0.010414969,0.00931472538
1762,5.87333348,0.0210165869,0.00122571224,0.0103331345,2.03390238,0.00415709262,0.999989259,4.12736308e-05,294,0.00583336781,0.0119436346,0.00973159694
1763,5.87666681,0.0212508355,0.00123937389,0.0115717301,1.8364441,0.00448075559,0.999989797,4.17293799e-05,294,0.00575923741,0.0128356211,0.00993147503
1764,5.88000014,0.0223683067,0.00130454614,0.0116440097,1.92101409,0.0044195273,0.999989454,3.71335023e-05,294,0.00566263722,0.0139842941,0.0101127505
1765,5.88333348,0.0231940563,0.00135270483,0.0115167023,2.01394945,0.00431072219,0.999989752,3.71335023e-05,294,0.00595920686,0.0135491208,0.0110494501
1766,5.88666681,0.0192561845,0.00112304348,0.0111468174,1.72750515,0.0037705242,0.999989818,3.71335023e-05,294,0.00616441572,0.0115006399,0.00964999338
1767,5.89000014,0.0238188123,0.00138914135,0.0105927497,2.24859578,0.00433905817,0.999989987,4.03725919e-05,294,0.00571570203,0.0143026881,0.011112821
1768,5.89333348,0.0211767644,0.00123505398,0.0117365044,1.80435023,0.00368545617,0.999990188,3.83300187e-05,294,0.00573107361,0.0122379268,0.0107316286
1769,5.89666681,0.0210610184,0.00122830353,0.0109995804,1.91471107,0.00480615033,0.999990502,4.03725919e-05,294,0.00605252023,0.0122056076,0.0101935292
1770,5.90000014,0.0213651848,0.00124604288,0.0114497491,1.86599589,0.0043848819,0.999990493,3.74552463e-05,294,0.00605879036,0.0114654969,0.0111522755
1771,5.90333348,0.0208448369,0.00121569557,0.0122643908,1.69962269,0.00516059833,0.999990493,4.00261995e-05,294,0.00607519671,0.0119205055,0.0103853705
1772,5.90666681,0.0190849336,0.00111305593,0.0118276631,1.61358448,0.00469929407,0.999990493,3.86082045e-05,294,0.00632846799,0.0102761097,0.0099137199
1773,5.91000014,0.0196903521,0.00114836465,0.0109191167,1.80329166,0.00436796879,0.999990493,3.71335023e-05,294,0.00627129742,0.0113297724,0.00965597091
1774,5.91333348,0.0222912365,0.00130005131,0.0106679158,2.08955873,0.00464250163,0.999988411,3.73457661e-05,294,0.00620106133,0.0126174618,0.0105509537
1775,5.91666681,0.0224148717,0.00130726187,0.0112798207,1.9871656,0.00483829618,0.999988892,3.77081286e-05,294,0.00600857852,0.0128060286,0.0114624707
1776,5.92000014,0.0214182507,0.00124913775,0.012036922,1.77937937,0.00431350611,0.99998728,3.73551934e-05,294,0.00565783993,0.0122372199,0.0112316094
1777,5.92333348,0.020521616,0.00119684495,0.0118864654,1.72646916,0.00456903157,0.999985194,3.99840112e-05,294,0.00584161409,0.0122447154,0.00966284027
1778,5.92666681,0.0191615991,0.00111752716,0.0106651124,1.79666171,0.00455700658,0.999985194,3.71335023e-05,294,0.00567747532,0.0115586354,0.00976071854
1779,5.93000014,0.0197273846,0.00115052443,0.0106154901,1.85835835,0.00433714124,0.999987876,3.75653988e-05,294,0.00569665678,0.0122029302,0.00888677519
1780,5.93333348,0.0189246648,0.00110370887,0.0108821079,1.73906241,0.00474930652,0.999990514,4.01243338e-05,294,0.00589167181,0.0118752203,0.00890225198
1781,5.93666681,0.0186839995,0.00108967298,0.0101471047,1.84131337,0.00435267427,0.999990472,3.79321637e-05,294,0.00592111794,0.0104324959,0.00992158399
1782,5.94000014,0.019519213,0.00113838362,0.0100483338,1.9425323,0.00463410738,0.999989963,4.09714195e-05,294,0.00559835386,0.0117361314,0.00942272284
1783,5.94333348,0.0178406172,0.00104048593,0.0109801221,1.62481046,0.00406069241,0.99998728,3.79321637e-05,294,0.0054517571,0.0108750282,0.00863713783
1784,5.94666681,0.0193833732,0.00113046128,0.0102267864,1.89535328,0.0042778311,0.999986088,3.79321637e-05,294,0.00559873799,0.0115216991,0.00923453297
1785,5.95000014,0.0173840629,0.00101385914,0.0104549493,1.66275918,0.00440204342,0.999983704,3.79321637e-05,294,0.00600740807,0.00945725701,0.0086248569
1786,5.95333348,0.0182981564,0.00106717015,0.00938925235,1.94884063,0.00497856618,0.999986374,4.09714195e-05,294,0.0059559814,0.0108310099,0.00893786527
1787,5.95666681,0.0205823123,0.00120038483,0.0107242659,1.91922808,0.00477696914,0.999986386,3.99840112e-05,294,0.00615374129,0.0118967749,0.00920761808
1788,5.96000014,0.019505641,0.00113759208,0.0101769112,1.9166563,0.00522628466,0.999986386,3.79321637e-05,294,0.00614944344,0.0111859469,0.0100209779
1789,5.96333348,0.0217397449,0.00126788767,0.010636713,2.04384051,0.00457330008,0.99998579,3.71335023e-05,294,0.00597603188,0.0129826211,0.00975526304
1790,5.96666681,0.0182534649,0.00106456369,0.0111088272,1.64314959,0.00357797613,0.999987876,7.17207032e-05,294,0.00603959331,0.0107155102,0.00937678683
1791,5.97000014,0.0190961764,0.00111371163,0.0112915907,1.69118568,0.0044230136,0.999987578,7.21246162e-05,294,0.00577003179,0.0112175185,0.00959290296
1792,5.97333348,0.0180729435,0.00105403547,0.0114865751,1.57339706,0.00414205464,0.99998877,7.284146e-05,294,0.00559302338,0.0109938611,0.00893388369
1793,5.97666681,0.0198888944,0.00115994388,0.0115041889,1.72883934,0.004830619,0.999989367,3.99840112e-05,294,0.00563608756,0.0116112964,0.00986032196
1794,5.98000014,0.0195741812,0.00114158943,0.0115632533,1.69279187,0.00402866055,0.999989963,4.02331352e-05,294,0.00565097015,0.0110748104,0.00999242202
1795,5.98333348,0.019621271,0.00114433576,0.0114419469,1.71485423,0.0043855362,0.999992323,4.01748192e-05,294,0.00575595258,0.0119268131,0.0092522101
1796,5.98666681,0.0215245601,0.00125533783,0.0116900238,1.84127598,0.00439613663,0.999990474,4.00790762e-05,294,0.00583262398,0.0117415573,0.0107290492
1797,5.99000015,0.0193142468,0.00112642975,0.0115488069,1.67240192,0.00455403754,0.999990737,3.9433566e-05,294,0.00610318724,0.0112641171,0.00926083157
1798,5.99333348,0.0194519104,0.00113445845,0.0110946498,1.75326944,0.00472611265,0.999988845,4.02331352e-05,294,0.00627395281,0.010773119,0.00982521388
1799,5.99666681,0.0207934438,0.00121269827,0.0112473324,1.84874449,0.00485636482,0.999988814,4.00138916e-05,294,0.00621396311,0.0123558434,0.00956557941
1800,6.00000015,0.0188539462,0.00109958447,0.0115295318,1.63527422,0.00429656652,0.999988672,4.06180341e-05,294,0.00612738542,0.0103372695,0.0102679666
1801,6.00333348,0.0196122027,0.00114380689,0.0112816887,1.73841019,0.00455768071,0.999987814,3.90920214e-05,294,0.00591226126,0.0114945751,0.00994737544
1802,6.00666681,0.0178636363,0.00104182843,0.0113588731,1.5726592,0.00420632178,0.999985548,3.95138188e-05,294,0.00572670909,0.0108206282,0.00909156104
1803,6.01000015,0.0186394102,0.00108707248,0.0107812325,1.72887564,0.00450544163,0.999985614,3.88768168e-05,294,0.00589108595,0.0104807346,0.00911646143
1804,6.01333348,0.0164224475,0.000957776587,0.0103173842,1.59172588,0.00469404777,0.999988045,3.86200493e-05,294,0.00607687746,0.00927140953,0.00820275187
1805,6.01666681,0.0181764513,0.00106007216,0.0101530971,1.79023712,0.00430793106,0.999989897,3.82076453e-05,294,0.0060493141,0.0104691876,0.00867723662
1806,6.02000015,0.0184013313,0.00107318744,0.0111185328,1.65501435,0.00428877389,0.999987648,3.9999627e-05,294,0.00597107108,0.0114311874,0.00856145959
1807,6.02333348,0.0179066395,0.00104433642,0.0111433703,1.6069321,0.00427833224,0.999987667,3.9999627e-05,294,0.00594450033,0.0112361314,0.00835523242
1808,6.02666681,0.0181550169,0.00105882209,0.010932814,1.66059872,0.00480499786,0.99998768,3.96080482e-05,294,0.0059221455,0.0101551341,0.00919204864
1809,6.03000015,0.0177114585,0.00103295324,0.0103992315,1.70315071,0.00416312314,0.999987732,4.04330006e-05,294,0.00552381732,0.010688394,0.00910603225
1810,6.03333348,0.0164766641,0.000960938565,0.0105380348,1.56354239,0.00409801837,0.99998753,4.15847318e-05,294,0.00520281085,0.00888321805,0.0088426677
1811,6.03666681,0.0175183919,0.00102169337,0.0100368358,1.74540983,0.00465640822,0.999987843,4.09060227e-05,294,0.00509708872,0.00981566839,0.00858834189
1812,6.04000015,0.0184895944,0.00107833504,0.0105030441,1.76040338,0.00439785273,0.999987531,4.24261319e-05,294,0.00509342455,0.00985198571,0.00935986032
1813,6.04333348,0.0202885532,0.00118325245,0.0100962403,2.00951569,0.00450183487,0.999987128,4.01243338e-05,294,0.00527171764,0.0119291267,0.00929271125
1814,6.04666681,0.0200071935,0.00116684322,0.0103582958,1.93151401,0.004769244,0.999985075,4.03725919e-05,294,0.00539642535,0.011642148,0.00973144206
1815,6.05000015,0.0204936553,0.00119521425,0.0104144389,1.96781176,0.0048774893,0.999983042,3.98559302e-05,294,0.00550175167,0.0117499841,0.00996458206
1816,6.05333348,0.0212824473,0.00124121753,0.01097059,1.93995466,0.00424621125,0.999980914,4.00118966e-05,294,0.00529020867,0.012087143,0.0108062559
1817,6.05666681,0.01939228,0.00113098074,0.0111041673,1.7463966,0.004615713,0.999981156,4.12265206e-05,294,0.00542061474,0.0117308667,0.00907982183
1818,6.06000015,0.0186995455,0.00109057964,0.00981131582,1.90591617,0.00459449565,0.99998133,4.08866429e-05,294,0.00539937928,0.0113824698,0.00936835238
1819,6.06333348,0.0158237631,0.000922860604,0.00959292543,1.64952425,0.00459881927,0.999981273,3.89532813e-05,294,0.00549877918,0.00867027732,0.00851282113
1820,6.06666681,0.017421857,0.00101606333,0.00935990278,1.86132884,0.00454646294,0.999983508,4.09714195e-05,294,0.00559329821,0.0100105326,0.00793951142
1821,6.07000015,0.0175902788,0.00102588589,0.0101917906,1.72592624,0.00463036934,0.999983356,4.09714195e-05,294,0.00545958785,0.010162536,0.00890090663
1822,6.07333348,0.0161905986,0.000944254884,0.0109835405,1.47407829,0.00452942635,0.999983229,4.09714195e-05,294,0.00538754634,0.00972474348,0.00829101847
1823,6.07666681,0.0170174577,0.00099247829,0.0103722669,1.64066909,0.00432735906,0.999985534,7.15326178e-05,294,0.00535151872,0.00976922646,0.0086813121
1824,6.08000015,0.0193422802,0.00112806469,0.0107756777,1.79499431,0.00485617588,0.999987883,7.22514577e-05,294,0.00536229749,0.0110254203,0.00932893765
1825,6.08333348,0.0176973225,0.00103212881,0.0111336919,1.58952868,0.00436785675,0.999989921,7.29328808e-05,294,0.00541820568,0.0103020696,0.00867858591
1826,6.08666681,0.0207567632,0.00121055901,0.0107726118,1.92680879,0.0042367228,0.999990007,7.37388737e-05,294,0.00537986657,0.0125919654,0.00922230115
1827,6.09000015,0.019787546,0.00115403312,0.0112371103,1.76091054,0.00456592366,0.999989695,7.51559408e-05,294,0.00554322021,0.0118486294,0.00941290807
1828,6.09333348,0.0177232471,0.00103364076,0.0106910413,1.65776621,0.00452479901,0.999989358,7.74960212e-05,294,0.00571156921,0.0103659687,0.00865164557
1829,6.09666681,0.0173750734,0.00101333486,0.0109907019,1.58088842,0.00419507381,0.99998937,7.99730677e-05,294,0.00571034202,0.0107850684,0.00809179071
1830,6.10000015,0.019838569,0.00115700884,0.0111290238,1.78259741,0.00476597029,0.999989764,8.1228784e-05,294,0.00574600862,0.0112988136,0.0100085469
1831,6.10333348,0.0191318995,0.00111579504,0.0114793704,1.66663318,0.00456118917,0.99998844,5.4167384e-05,294,0.00560440697,0.0113357722,0.00933879597
1832,6.10666681,0.0188623387,0.00110007393,0.0113357756,1.66396543,0.00433132972,0.999988514,4.17894516e-05,294,0.00587727488,0.011679765,0.00825346249
1833,6.11000015,0.0177797993,0.00103693895,0.0105229756,1.68961707,0.00453137641,0.999990455,4.15181017e-05,294,0.00565331804,0.0112483742,0.00888608878
1834,6.11333348,0.017893486,0.00104356929,0.010677728,1.67577652,0.0045273919,0.999990472,4.2485276e-05,294,0.00541937708,0.0102044861,0.0093619102
1835,6.11666681,0.0186939505,0.00109025333,0.010661161,1.75346292,0.00466885218,0.999990261,4.2656915e-05,294,0.00552039551,0.0114402288,0.00839352635
1836,6.12000015,0.0193917901,0.00113095216,0.011355182,1.70774806,0.00446688368,0.999987877,4.34436604e-05,294,0.0056267772,0.0121072073,0.00892881279
1837,6.12333348,0.018686667,0.00108982855,0.0106102981,1.76118209,0.00427221609,0.999985493,4.39923944e-05,294,0.00562153108,0.0111042414,0.00938556508
1838,6.12666682,0.018546432,0.00108164988,0.0103915184,1.78476632,0.00437546747,0.999984897,4.25482203e-05,294,0.00587970931,0.0111384813,0.0081144681
1839,6.13000015,0.0168807058,0.000984502758,0.0100438478,1.68070108,0.00487698012,0.999986362,7.37268739e-05,294,0.00602826509,0.00966734827,0.00843755448
1840,6.13333348,0.0198052166,0.00115506369,0.0101422592,1.9527421,0.00429772635,0.999988473,7.20822014e-05,294,0.00580607468,0.0122585374,0.00884365748
1841,6.13666682,0.0188334167,0.00109838717,0.0116326462,1.61901397,0.00399335417,0.999989045,7.26345635e-05,294,0.00588320951,0.0107278194,0.00918599658
1842,6.14000015,0.0188345736,0.00109845464,0.0112227417,1.67825066,0.00449725123,0.999988866,7.26345635e-05,294,0.00590575061,0.0113434477,0.00877647004
1843,6.14333348,0.0174425798,0.00101727191,0.0111333762,1.56669275,0.00471485059,0.999987823,7.26345635e-05,294,0.00597759692,0.00960765395,0.00934524717
1844,6.14666682,0.0181768866,0.00106009755,0.0106758626,1.70261526,0.00411233591,0.999986929,4.09714195e-05,294,0.00602087302,0.0103959337,0.00928870448
1845,6.15000015,0.0182969826,0.00106710169,0.0105068347,1.74143623,0.00470112731,0.999986035,3.99840112e-05,294,0.00593149089,0.0110035449,0.00857610993
1846,6.15333348,0.0183210361,0.00106850452,0.0104594015,1.75163331,0.00443106017,0.999987227,4.09714195e-05,294,0.00577849785,0.0103999102,0.00926707718
1847,6.15666682,0.0207423483,0.00120971832,0.0110520536,1.87678681,0.00491850375,0.99998827,4.09714195e-05,294,0.0056809722,0.0128103965,0.00894599717
1848,6.16000015,0.0208936766,0.00121854396,0.0112586643,1.85578645,0.00423189137,0.999989015,4.09714195e-05,294,0.00588073536,0.0121227347,0.00993610717
1849,6.16333348,0.0191874657,0.00111903572,0.0113068782,1.69697288,0.00360728012,0.999988657,4.5588787e-05,294,0.0060871536,0.0115165366,0.00891781902
1850,6.16666682,0.0196789296,0.00114769848,0.0113963902,1.72676867,0.00434213284,0.999986245,4.5588787e-05,294,0.00631329546,0.0108604558,0.00970697222
1851,6.17000015,0.0199953369,0.00116615173,0.0108173076,1.84845783,0.00467603639,0.999986094,4.5588787e-05,294,0.00643914396,0.0112276474,0.0097039105
1852,6.17333348,0.0204968262,0.00119539918,0.0109160075,1.87768525,0.00435107613,0.999986037,4.5588787e-05,294,0.0060386055,0.0121700648,0.0102735463
1853,6.17666682,0.0196175186,0.00114411692,0.0113988417,1.72100982,0.00504806482,0.999986187,4.5588787e-05,294,0.00593964318,0.0110590051,0.0101802635
1854,6.18000015,0.0194843896,0.00113635268,0.0116356962,1.67453578,0.00452859689,0.999987578,4.09714195e-05,294,0.00585016058,0.0114336249,0.00946988422
1855,6.18333348,0.0202849342,0.00118304138,0.0118517225,1.71155999,0.00445718162,0.999988163,4.47034836e-05,294,0.00582824564,0.0112381508,0.0103752353
1856,6.18666682,0.0190124007,0.00110882572,0.0113692684,1.67226245,0.00471215781,0.999988163,4.02331352e-05,294,0.00617965002,0.0111087544,0.0087438218
1857,6.19000015,0.0180389499,0.00105205292,0.0110687426,1.62971987,0.00396244194,0.999988163,4.01136652e-05,294,0.00642336017,0.0102540063,0.00885526534
1858,6.19333348,0.0189535379,0.00110539278,0.010798055,1.75527332,0.00456890658,0.999988163,3.92271476e-05,294,0.00618664688,0.0113465496,0.0090505551
1859,6.19666682,0.0192829515,0.00112460457,0.0105342222,1.83050549,0.00457192997,0.999988163,3.92271476e-05,294,0.00617252535,0.0117865082,0.00915856938
1860,6.20000015,0.0191984723,0.00111967764,0.0100466703,1.91092886,0.00473723767,0.999989538,4.21731821e-05,294,0.00609458429,0.0109792153,0.00954334063
1861,6.20333348,0.0204509917,0.00119272605,0.0111465895,1.83473084,0.00442303812,0.999988415,4.38002898e-05,294,0.00616626988,0.0119163323,0.00979048699
1862,6.20666682,0.0200962252,0.00117203565,0.0106757962,1.88240997,0.00414887316,0.999986573,4.09714195e-05,294,0.00598492255,0.012087027,0.00941405297
1863,6.21000015,0.017963947,0.00104767867,0.0113301224,1.58550335,0.00470580522,0.999987047,4.09714195e-05,294,0.0060626419,0.0100563801,0.00936686241
1864,6.21333348,0.0175748566,0.00102498645,0.0101956359,1.72376267,0.00456441482,0.999987606,4.12836606e-05,294,0.00600480954,0.0104772254,0.00866351273
1865,6.21666682,0.0175180493,0.00102167338,0.0101885436,1.71938698,0.00443294518,0.999989144,4.09714195e-05,294,0.00581938369,0.0101645847,0.00901922393
1866,6.22000015,0.0155595247,0.000907449906,0.0103972235,1.49650766,0.00423620423,0.999989297,4.09714195e-05,294,0.00579018729,0.00877099901,0.00820332306
1867,6.22333348,0.0168852866,0.000984769913,0.00980504136,1.72210254,0.0043140982,0.999990561,4.02331352e-05,294,0.00571006488,0.0092400601,0.00857896848
1868,6.22666682,0.0188086609,0.00109694338,0.0103395609,1.81909667,0.00469065692,0.999990857,4.02331352e-05,294,0.00534444189,0.0110564039,0.00923663652
1869,6.23000015,0.0209096269,0.00121947421,0.0109496937,1.90960838,0.00456374301,0.999990857,4.02331352e-05,294,0.0051740768,0.0126567889,0.0097146788
1870,6.23333348,0.0197426993,0.0011514176,0.0113064562,1.74614388,0.00440015379,0.999990857,3.79321637e-05,294,0.00525705739,0.0112129845,0.0105699938
1871,6.23666682,0.0183990042,0.00107305172,0.0103741472,1.77354378,0.00423243548,0.999992377,3.79321637e-05,294,0.00528270709,0.0109503071,0.00903376303
1872,6.24000015,0.0179811977,0.00104868475,0.00983815247,1.82770066,0.00481549675,0.999991326,3.83748044e-05,294,0.00536488134,0.0109933515,0.0084529581
1873,6.24333348,0.0175788604,0.00102521996,0.00991487884,1.77297784,0.00427900011,0.999989152,3.82679023e-05,294,0.00529733781,0.00962507939,0.00943499183
1874,6.24666682,0.0168515556,0.000982802678,0.0097569071,1.72714113,0.00458261141,0.999987646,3.9999627e-05,294,0.00506558754,0.00991332463,0.00858419096
1875,6.25000015,0.0166415841,0.000970556897,0.00959682788,1.73407134,0.00486495508,0.999985051,3.74683468e-05,294,0.00518270527,0.00902004021,0.00837520348
1876,6.25333348,0.0180831883,0.00105463296,0.00935244144,1.93352596,0.00473799812,0.99998541,3.74683468e-05,294,0.00525582341,0.0101052292,0.00946888515
1877,6.25666682,0.0182591493,0.00106489522,0.00944099463,1.93402815,0.00448939011,0.999988083,3.74934138e-05,294,0.00514524735,0.0104765469,0.00907387685
1878,6.26000015,0.0175144097,0.00102146111,0.0102999103,1.70044294,0.00445214768,0.999989232,3.75958759e-05,294,0.00526337343,0.00992297271,0.00894037215
1879,6.26333348,0.0183763462,0.00107173028,0.0101620327,1.80833371,0.0047091899,0.999986904,3.76578594e-05,294,0.00544355636,0.00994429081,0.00898623969
1880,6.26666682,0.0197803835,0.0011536154,0.010553519,1.87429269,0.00454411804,0.999989256,3.75664987e-05,294,0.00537943464,0.0120711148,0.00885184889
1881,6.27000015,0.0199728254,0.00116483883,0.0109696102,1.82074158,0.00454194676,0.999990356,4.00464375e-05,294,0.00548875601,0.0120713862,0.00942931855
1882,6.27333349,0.016303187,0.000950821175,0.0103486977,1.57538538,0.00327787991,0.999988374,3.97603162e-05,294,0.00593884074,0.0100613595,0.00728398738
1883,6.27666682,0.0199791527,0.00116520785,0.00999431037,1.99905265,0.00468781578,0.99998872,4.07466682e-05,294,0.00574944276,0.0118297368,0.00957698539
1884,6.28000015,0.0189996698,0.00110808325,0.0111947428,1.69719574,0.00401782925,0.999989019,3.98631307e-05,294,0.00583471426,0.0113661082,0.00919295009
1885,6.28333349,0.0187268712,0.00109217331,0.0110851608,1.68936397,0.00472261349,0.999986786,4.04841788e-05,294,0.00593157898,0.0105604674,0.00948205793
1886,6.28666682,0.0179946674,0.00104947032,0.0102876246,1.7491567,0.00456964156,0.999986723,4.17271539e-05,294,0.00598585013,0.00974230102,0.00939775361
1887,6.29000015,0.0161924331,0.000944361874,0.0108775556,1.48860954,0.00437529349,0.999989179,4.28368721e-05,294,0.005926465,0.00936037125,0.00814710761
1888,6.29333349,0.0187416773,0.00109303682,0.0112660631,1.6635516,0.00458354831,0.999989302,4.36291318e-05,294,0.00577718544,0.011452092,0.0085648761
1889,6.29666682,0.0188277008,0.00109805381,0.011490092,1.63860313,0.00421568844,0.999990803,4.29550309e-05,294,0.00586745534,0.0105336798,0.00974720849
1890,6.30000015,0.0170221919,0.000992754391,0.010899773,1.5617015,0.00443250206,0.999990654,4.39532825e-05,294,0.00580693735,0.00948241741,0.00939436391
1891,6.30333349,0.017782992,0.00103712515,0.0102487538,1.735137,0.00435390938,0.999989909,4.38578962e-05,294,0.00568045709,0.0106475719,0.00819714654
1892,6.30666682,0.0178269508,0.00103968889,0.0109050352,1.63474491,0.00437337663,0.999990547,4.07927114e-05,294,0.00570490153,0.0101938169,0.00897393276
1893,6.31000015,0.0178820825,0.00104290423,0.0101416451,1.76323292,0.00446183681,0.999989653,3.92942824e-05,294,0.00528833236,0.0103399568,0.00958538429
1894,6.31333349,0.0171777672,0.00100182773,0.0102052846,1.68322275,0.00405155463,0.999990249,3.96894429e-05,294,0.00510793313,0.00973139493,0.00837979288
1895,6.31666682,0.0185358206,0.00108103101,0.00977096078,1.89703152,0.00432714412,0.999991399,3.99310286e-05,294,0.00497717851,0.0106777233,0.00928332661
1896,6.32000015,0.0188551809,0.00109965648,0.010213455,1.84611191,0.00464154885,0.999989665,3.94609868e-05,294,0.00512650426,0.0108371895,0.00899736185
1897,6.32333349,0.018193617,0.00106107329,0.00992793462,1.83256817,0.00464884631,0.999989665,3.87997658e-05,294,0.00494959911,0.0105040162,0.00953594264
1898,6.32666682,0.0174900671,0.00102004143,0.0106007043,1.6498967,0.00439764608,0.999991072,3.88503318e-05,294,0.00489293713,0.0101283575,0.00895410738
1899,6.33000015,0.01647333,0.000960744117,0.0100795014,1.63433977,0.00433458084,0.999990153,3.91153929e-05,294,0.00465855818,0.00980582303,0.00868946719
1900,6.33333349,0.0150513916,0.000877814985,0.00977779708,1.53934383,0.00469969978,0.999988067,4.07421428e-05,294,0.00482089898,0.00885448511,0.00767340438
1901,6.33666682,0.0176117514,0.0010271382,0.00943593557,1.86645524,0.00435192371,0.999986204,4.05423875e-05,294,0.00480181562,0.00971725507,0.00866049069
1902,6.34000015,0.0153860397,0.00089733206,0.00942947617,1.63169613,0.00469389458,0.999984565,4.02331352e-05,294,0.00476195107,0.00905540832,0.00768229
1903,6.34333349,0.017641456,0.00102887061,0.00916661882,1.92453252,0.00477622742,0.999983001,4.01243338e-05,294,0.00479121218,0.010217377,0.00866159521
1904,6.34666682,0.0157899558,0.000920888926,0.009727108,1.62329398,0.00491468324,0.999981734,4.01243338e-05,294,0.00497612468,0.00871123234,0.00821875357
1905,6.35000015,0.0158749719,0.000925847164,0.00905909033,1.75238035,0.00460805225,0.999983224,4.09714195e-05,294,0.00493287174,0.00892667697,0.00816141989
1906,6.35333349,0.0168083337,0.000980281926,0.00937304872,1.79326217,0.00474181193,0.999983895,4.09714195e-05,294,0.00510856542,0.00975674753,0.00787161156
1907,6.35666682,0.0183545964,0.0010704618,0.00966687987,1.89870947,0.0040344377,0.999987099,4.00129139e-05,294,0.00528627668,0.010576168,0.00894161198
1908,6.36000015,0.0198742087,0.00115908739,0.0110373589,1.80063083,0.00413259319,0.999987078,4.01843488e-05,294,0.00546178094,0.0117391395,0.0092453287
1909,6.36333349,0.0186127793,0.00108551934,0.011138723,1.67099759,0.00468402809,0.999987863,4.06735002e-05,294,0.00530869026,0.0107791462,0.00963611809
1910,6.36666682,0.0189040957,0.00110250925,0.0109726758,1.7228337,0.00448238061,0.999988026,4.49291261e-05,294,0.00547697229,0.0111219104,0.00908730027
1911,6.37000015,0.0179327189,0.00104585741,0.0105482032,1.70007333,0.0052006278,0.999988207,3.89261709e-05,294,0.00570669427,0.0106216474,0.00857753675
1912,6.37333349,0.0195464709,0.00113997333,0.00976195317,2.00231148,0.0047704049,0.999988308,3.92417349e-05,294,0.0055931396,0.0109993779,0.00955686772
1913,6.37666682,0.0191274974,0.0011155383,0.010604345,1.80374153,0.00479692871,0.999989899,3.86131522e-05,294,0.00536904762,0.0111309735,0.00999337554
1914,6.38000015,0.0212904059,0.00124168169,0.0105670285,2.01479593,0.00434359832,0.999990237,3.72774986e-05,294,0.00547935139,0.0126581038,0.00933739042
1915,6.38333349,0.0218403013,0.00127375224,0.0113208679,1.92920733,0.00444288964,0.999987853,3.90274793e-05,294,0.00539625629,0.0128117845,0.0108136767
1916,6.38666682,0.0223153231,0.00130145607,0.0110027926,2.02815084,0.00441214621,0.999988151,3.92703694e-05,294,0.00541523953,0.0132996386,0.0105800971
1917,6.39000015,0.0188571204,0.00109976959,0.0116742767,1.61527098,0.00356725722,0.999988151,4.09714195e-05,294,0.00577682753,0.010529788,0.0100951948
1918,6.39333349,0.0165984442,0.000968040927,0.0109122674,1.52108115,0.00421247046,0.999988461,4.03330492e-05,294,0.0057926921,0.00944691714,0.00877457535
1919,6.39666682,0.016532404,0.000964189384,0.0104800454,1.57751263,0.00413363175,0.99998697,3.99840112e-05,294,0.00592691329,0.00912949619,0.00872646256
1920,6.40000015,0.0175114567,0.00102128889,0.00946970014,1.84920921,0.00479905086,0.999986374,3.99840112e-05,294,0.00564346174,0.0103858452,0.00852598378
1921,6.40333349,0.0198295299,0.00115648167,0.00983003456,2.01723908,0.00450932364,0.999986076,3.99840112e-05,294,0.00544032545,0.0116913308,0.00925344436
1922,6.40666682,0.0212507879,0.00123937112,0.00984984685,2.15747394,0.00481097599,0.99998697,4.02331352e-05,294,0.00575428437,0.0126946685,0.0095570499
1923,6.41000016,0.0203241029,0.00118532575,0.0106901459,1.90119976,0.00395800029,0.999987864,3.71335023e-05,294,0.00604806877,0.0117978085,0.00989537566
1924,6.41333349,0.0193639576,0.00112932894,0.0108814723,1.7795347,0.00416913599,0.999989386,7.2220688e-05,294,0.00616890019,0.0110506226,0.00955755403
1925,6.41666682,0.0164598455,0.000959957685,0.0111531053,1.47580831,0.00443384724,0.999989622,7.18044269e-05,294,0.00608533125,0.00975557932,0.00871508673
1926,6.42000016,0.0204109762,0.0011903923,0.0102903391,1.9835086,0.00454824955,0.999989807,3.99840112e-05,294,0.00579898793,0.0117343894,0.00993468433
1927,6.42333349,0.0166765144,0.000972594069,0.0109521152,1.52267521,0.00454107672,0.999989637,3.71335023e-05,294,0.00582892719,0.00951883828,0.00850665256
1928,6.42666682,0.0188077459,0.00109689001,0.0100350546,1.87420463,0.00397477556,0.999989497,3.71335023e-05,294,0.00584535752,0.0110773527,0.00866096942
1929,6.43000016,0.0171579396,0.00100067136,0.0109135478,1.57216883,0.00439874646,0.999989641,3.71335023e-05,294,0.00560335601,0.0104566446,0.00899404431
1930,6.43333349,0.0178513179,0.00104111,0.0104563033,1.7072303,0.00450039793,0.999989787,3.71030694e-05,294,0.00554091885,0.00970911569,0.00981084568
1931,6.43666682,0.0202607022,0.00118162815,0.00961370987,2.10748009,0.00445923401,0.999989878,3.70455461e-05,294,0.00532305724,0.0121088059,0.00896570569
1932,6.44000016,0.0196889147,0.00114828082,0.0109920025,1.79120362,0.00437459401,0.999990049,3.79321637e-05,294,0.00557815053,0.0116660405,0.0095485536
1933,6.44333349,0.0175279569,0.00102225121,0.00996067559,1.75971567,0.00475831324,0.999990246,3.79321637e-05,294,0.00579851438,0.00962099631,0.00889209832
1934,6.44666682,0.0149652396,0.000872790498,0.00923764543,1.6200275,0.00405324557,0.999990377,3.79321637e-05,294,0.00572155452,0.00803173329,0.00838723162
1935,6.45000016,0.0160034875,0.000933342344,0.00954855019,1.67601229,0.00445095458,0.999989706,3.79321637e-05,294,0.0054553601,0.009166079,0.00822269257
1936,6.45333349,0.0164579363,0.000959846339,0.0100296257,1.64093226,0.00448937677,0.999990613,3.79321637e-05,294,0.00535220737,0.00961974658,0.00816228415
1937,6.45666682,0.0196323784,0.00114498356,0.00971001934,2.0218681,0.00465481628,0.999990589,3.79321637e-05,294,0.0053965643,0.0111821179,0.00900364005
1938,6.46000016,0.0167097904,0.000974534768,0.0098255957,1.70063892,0.00501213571,0.999990512,3.71335023e-05,294,0.00534272087,0.0089359003,0.0090559391
1939,6.46333349,0.0151278428,0.000882273706,0.00934772718,1.61834449,0.00458597369,0.999990037,3.71335023e-05,294,0.00514532233,0.00902104623,0.00745763094
1940,6.46666682,0.0187437805,0.00109315948,0.00894814278,2.09471182,0.00459480778,0.999990108,3.71335023e-05,294,0.00508169263,0.0115924081,0.00805770764
1941,6.47000016,0.0165861809,0.000967325716,0.00967917857,1.71359386,0.00460222217,0.99998965,3.79321637e-05,294,0.00517767957,0.00945531493,0.00831813252
1942,6.47333349,0.018619322,0.00108590091,0.00923326387,2.01654824,0.004277571,0.999988785,3.71335023e-05,294,0.0051646824,0.0103301936,0.00943709716
1943,6.47666682,0.0178248548,0.00103956664,0.00998720214,1.7847696,0.0043577854,0.999989435,3.79321637e-05,294,0.00522282223,0.00993887065,0.00984954965
1944,6.48000016,0.01836695,0.00107118228,0.00936546012,1.96113696,0.00452075758,0.999989975,3.79321637e-05,294,0.00545305007,0.0110321788,0.00805227284
1945,6.48333349,0.0217157732,0.00126648961,0.00996113457,2.18005018,0.00486076368,0.999990602,3.79321637e-05,294,0.00552076165,0.0128086548,0.00944680091
1946,6.48666682,0.0209576798,0.00122227671,0.0107144243,1.95602482,0.00417930086,0.999988543,3.81126671e-05,294,0.00572504188,0.0120146959,0.010297237
1947,6.49000016,0.0193153643,0.00112649492,0.0111943726,1.72545305,0.00482549373,0.999988708,3.77357275e-05,294,0.00577064774,0.0111306273,0.00974026094
1948,6.49333349,0.0198811288,0.00115949098,0.0110530506,1.79870061,0.00466046811,0.999987521,3.8269882e-05,294,0.00598622647,0.0120364836,0.00897942841
1949,6.49666682,0.0190309354,0.00110990669,0.0106980026,1.77892418,0.00416137835,0.999985093,3.82742138e-05,294,0.00608559494,0.010998212,0.00947062403
1950,6.50000016,0.0198109093,0.0011553957,0.00993639823,1.99377167,0.00417409806,0.999984999,3.86393701e-05,294,0.00617986993,0.0116492388,0.00935635149
1951,6.50333349,0.0203578095,0.00118729156,0.0106902613,1.90433225,0.00466165852,0.999984903,3.86920019e-05,294,0.00613644592,0.0117600444,0.00966821466
1952,6.50666682,0.0209280722,0.00122054995,0.0107474411,1.94726092,0.00420113705,0.999987161,3.77908162e-05,294,0.00621697794,0.0120361601,0.0100449922
1953,6.51000016,0.0200542939,0.00116959017,0.0115118296,1.74205966,0.0049432266,0.999988445,3.71335023e-05,294,0.00625201708,0.0117267344,0.00988272324
1954,6.51333349,0.0194678665,0.00113538903,0.0109350716,1.7803145,0.00484658353,0.9999886,3.71335023e-05,294,0.0063089688,0.0114756311,0.00969976376
1955,6.51666682,0.0186833368,0.00108963433,0.0103284,1.80892846,0.00473345223,0.999986735,3.71335023e-05,294,0.0063088572,0.0105976154,0.009474754
1956,6.52000016,0.016147162,0.000941721609,0.0105865945,1.52524609,0.00396678656,0.999987107,3.79321637e-05,294,0.00634282301,0.00912859358,0.00859553875
1957,6.52333349,0.017096436,0.000997084395,0.00960209777,1.78048968,0.00415848598,0.999987543,3.79321637e-05,294,0.00600652756,0.0104228418,0.00836126351
1958,6.52666682,0.0177308811,0.00103408599,0.0111811687,1.58578066,0.00413933092,0.999988016,3.79321637e-05,294,0.00589429345,0.0104998527,0.00865013246
1959,6.53000016,0.0191678996,0.0011178946,0.0106185577,1.80513211,0.00421450807,0.999988174,3.71335023e-05,294,0.00576890359,0.0110884182,0.00964617555
1960,6.53333349,0.0203527957,0.00118699915,0.0108227875,1.88055024,0.00467004293,0.9999843,3.69311384e-05,294,0.00583703231,0.0123761184,0.00899726713
1961,6.53666682,0.0207586644,0.00121066989,0.0108079858,1.92067836,0.00451271437,0.999980426,3.71894835e-05,294,0.00573212933,0.0128674524,0.00984026228
1962,6.54000016,0.0204037796,0.00118997259,0.0111464652,1.8305157,0.00450492682,0.999978936,3.79321637e-05,294,0.00581226424,0.0122022207,0.00941860218
1963,6.54333349,0.0208657318,0.00121691419,0.0109217115,1.91048186,0.00480098235,0.99997983,3.71335023e-05,294,0.00608738193,0.0118014841,0.0102185504
1964,6.54666683,0.0202605384,0.00118161859,0.0110473584,1.83397131,0.00493357846,0.999980724,3.72350523e-05,294,0.00608012873,0.0122697038,0.00978682854
1965,6.55000016,0.0218714482,0.00127556876,0.0115698536,1.89038246,0.00397509864,0.999983108,3.74877553e-05,294,0.00607533028,0.0117562932,0.0117349886
1966,6.55333349,0.0229207435,0.00133676491,0.0128112953,1.7891043,0.00466703212,0.999985492,3.79753296e-05,294,0.00628771219,0.0134944347,0.0103447936
1967,6.55666683,0.0209247566,0.00122035659,0.0123625561,1.69259144,0.00438703725,0.999987926,3.86370075e-05,294,0.00669735604,0.0119598933,0.0107380116
1968,6.56000016,0.0188017514,0.00109654041,0.0116259426,1.61722383,0.00408256346,0.999988116,3.99840112e-05,294,0.00659720927,0.0107074284,0.00944123967
1969,6.56333349,0.0184886512,0.00107828003,0.0113890952,1.62336435,0.00430754037,0.999988305,3.99840112e-05,294,0.00619889318,0.0112663896,0.00948891322
1970,6.56666683,0.0199047581,0.00116086907,0.011487138,1.73278654,0.00388595342,0.999988643,3.99840112e-05,294,0.00614943469,0.0122460708,0.00862475451
1971,6.57000016,0.0196443765,0.0011456833,0.0114229932,1.71972233,0.00445745473,0.99998748,4.02331352e-05,294,0.00640976059,0.0113954797,0.00957705506
1972,6.57333349,0.0192039341,0.00111999618,0.0102934111,1.86565309,0.00404720582,0.999986482,3.75258002e-05,294,0.00638003986,0.0110158683,0.00939382858
1973,6.57666683,0.0192390419,0.00112204371,0.0110255048,1.74495792,0.00429783475,0.999985439,3.74683468e-05,294,0.00613545137,0.0117387348,0.00973899282
1974,6.58000016,0.0208359715,0.00121517854,0.0114987585,1.81201923,0.00453136589,0.99998697,3.71335023e-05,294,0.00578655315,0.0134975589,0.00953087359
1975,6.58333349,0.0178468193,0.00104084764,0.0112421954,1.58748525,0.00410271838,0.999987566,3.74683468e-05,294,0.00592675148,0.00993664056,0.00929296613
1976,6.58666683,0.0197596322,0.00115240515,0.0100441555,1.96727662,0.00450071234,0.99998846,3.74683468e-05,294,0.00584684123,0.0121012771,0.00910692164
1977,6.59000016,0.0193498668,0.00112850715,0.0105479744,1.83446282,0.00442765417,0.999988951,3.79321637e-05,294,0.00575583504,0.0111048731,0.00985833027
1978,6.59333349,0.0199857165,0.00116559066,0.0112499619,1.77651415,0.00450013782,0.999988947,3.84553906e-05,294,0.00559627201,0.0119768532,0.00982276293
1979,6.59666683,0.0177069922,0.00103269276,0.0108800968,1.62746642,0.00431998655,0.999989015,3.79321637e-05,294,0.00572124918,0.010551024,0.00828330565
1980,6.60000016,0.0186623991,0.00108841322,0.0112148349,1.66408148,0.00422794799,0.999989057,3.84553906e-05,294,0.00578357014,0.0105468268,0.00978493542
1981,6.60333349,0.017138254,0.000999523274,0.0109666951,1.56275467,0.00471182099,0.999989057,4.00464375e-05,294,0.00569135886,0.0100508064,0.00910520845
1982,6.60666683,0.0172193892,0.00100425517,0.0109116314,1.5780765,0.00452862246,0.999989151,4.01243338e-05,294,0.00545088085,0.0102213927,0.00900938844
1983,6.61000016,0.0200689794,0.00117044665,0.010154881,1.97628898,0.00490979642,0.999989168,3.79321637e-05,294,0.00585372772,0.0117616803,0.00852733018
1984,6.61333349,0.0183477326,0.00107006149,0.00999312103,1.83603626,0.00477225548,0.9999891,4.00631868e-05,294,0.0059164638,0.0104716504,0.00920266646
1985,6.61666683,0.0157363632,0.000917763339,0.009925328,1.58547538,0.00465607523,0.999989,3.79321637e-05,294,0.00588244471,0.00880295603,0.00831086251
1986,6.62000016,0.0188375991,0.00109863109,0.0101336962,1.85890702,0.00448465759,0.999986862,3.71335023e-05,294,0.00586847513,0.0112568934,0.00831245434
1987,6.62333349,0.0188218545,0.00109771285,0.0102937506,1.82847393,0.00439744896,0.99998498,4.00280026e-05,294,0.00605152248,0.01064624,0.0094739813
1988,6.62666683,0.0206550179,0.00120462511,0.0099875776,2.06807083,0.00433512442,0.999987662,4.0259335e-05,294,0.00572294125,0.0119131854,0.0103231444
1989,6.63000016,0.0185058085,0.00107928067,0.0114444634,1.61700972,0.00448968459,0.999988109,4.07014088e-05,294,0.0056979925,0.0111830736,0.00904318653
1990,6.63333349,0.0199337588,0.00116256042,0.0110516169,1.80369614,0.00469765887,0.99998958,3.71335023e-05,294,0.00570886933,0.0118261449,0.00927004467
1991,6.63666683,0.0187433803,0.00109313614,0.0107389532,1.74536381,0.00430272191,0.999989723,3.99840112e-05,294,0.00587498297,0.0111079767,0.00916784163
1992,6.64000016,0.0172390991,0.00100540468,0.0104718861,1.64622677,0.0044658256,0.999988073,4.09714195e-05,294,0.0059597029,0.0103040448,0.00837146043
1993,6.64333349,0.0186111425,0.00108542387,0.00999031166,1.86291911,0.00466722329,0.999985792,4.02331352e-05,294,0.00620967468,0.0105985736,0.00856399776
1994,6.64666683,0.0159807665,0.000932017232,0.0101685545,1.57158685,0.00466294347,0.999983432,3.99840112e-05,294,0.00630081887,0.00923652147,0.00773149805
1995,6.65000016,0.0184320483,0.00107497888,0.0100195148,1.83961486,0.00419192133,0.999983586,3.99840112e-05,294,0.00631081926,0.0106161471,0.0085815883
1996,6.65333349,0.018020523,0.00105097825,0.0107681217,1.67350662,0.00466542528,0.99998345,3.74636225e-05,294,0.0059685036,0.0104268034,0.00969752265
1997,6.65666683,0.0194897202,0.00113666356,0.0114759017,1.69831711,0.00454662077,0.999985718,4.02331352e-05,294,0.00551366687,0.0118867142,0.00964150882
1998,6.66000016,0.0185386482,0.00108119592,0.0111313143,1.66545007,0.00452847815,0.999988086,4.02331352e-05,294,0.00575541691,0.0108099101,0.00872133114
1999,6.66333349,0.02035995,0.0011874164,0.0103346884,1.9700594,0.00472068329,0.999988153,3.99840112e-05,294,0.00538643352,0.0119956451,0.00986145546
2000,6.66666683,0.0197975105,0.00115461426,0.0108639129,1.82231859,0.00454546548,0.999987924,3.79321637e-05,294,0.00551504707,0.0115494463,0.00924198224
