step,time_s,residual_l2_N,residual_rms_N,initial_residual_l2_N,relative_to_initial,max_vertex_residual_N,min_det_F,max_free_speed_m_s,free_vertices,elastic_l2_N,damping_l2_N,inertia_l2_N
1,0.00277777785,60.4984248,6.3770939,74.3504187,0.813693128,25.1130377,0.999988729,0.0221048212,90,1.78217681,81.861699,35.8814197
2,0.00555555569,97.2942007,10.2557092,116.090219,0.838091283,39.3989211,0.999960634,0.0373988958,90,4.54199626,126.980669,49.2384692
3,0.00833333354,118.848673,12.5277501,141.829876,0.837966417,50.9952202,0.999913026,0.0474292416,90,7.87185429,153.285932,58.3976467
4,0.0111111114,133.588799,14.0814958,156.846487,0.851716868,55.2603199,0.99985202,0.0538213277,90,11.5614113,169.499696,64.6477236
5,0.0138888892,142.391328,15.0093639,164.759008,0.86424002,58.9664043,0.99977245,0.0576021593,90,15.4324578,178.076906,68.7308813
6,0.0166666671,148.025201,15.6032262,168.113271,0.880508718,61.9934424,0.999681782,0.059794691,90,19.3818345,182.224083,71.4744167
7,0.0194444449,152.317392,16.0556629,168.492521,0.904000906,64.0931944,0.999575748,0.0607844998,90,23.3593606,183.973852,73.281769
8,0.0222222228,152.840422,16.1107951,166.937376,0.915555438,61.6024816,0.999467891,0.0610395882,90,27.2899108,182.101991,74.4527972
9,0.0250000006,155.657484,16.4077395,164.189266,0.948036906,62.8239447,0.999353349,0.0608201208,90,31.1824987,181.377037,75.1826176
10,0.0277777785,157.071893,16.5568313,160.736249,0.977202679,65.2698744,0.999227538,0.0602092514,90,35.0218646,179.370689,75.679256
11,0.0305555563,158.809665,16.7400085,156.853855,1.01246899,66.5466065,0.99909718,0.0593810484,90,38.8018782,177.461922,75.9379515
12,0.0333333341,159.109851,16.771651,152.793023,1.04134239,65.5425807,0.998963229,0.0584642012,90,42.5064883,174.657014,76.1284891
13,0.036111112,157.9914,16.6537559,148.643469,1.06288827,64.5218376,0.998826199,0.0574591838,90,46.111455,170.350731,76.2509051
14,0.0388888898,158.319088,16.6882971,144.488334,1.09572228,64.6372681,0.998692161,0.0564076469,90,49.6401354,167.525544,76.2592595
15,0.0416666677,156.960452,16.5450844,140.426718,1.11773924,63.5405713,0.998555787,0.0553155138,90,53.0674063,163.4267,76.2576692
16,0.0444444455,160.091241,16.8750985,136.481504,1.17298855,67.1675273,0.998417342,0.0542624116,90,56.4541086,162.458352,76.2353313
17,0.0472222234,158.279586,16.6841333,132.695286,1.19280489,64.8537628,0.998282702,0.0531662794,90,59.7346443,158.038893,76.2365384
18,0.0500000012,158.797145,16.7386888,129.031917,1.23068113,63.7400565,0.998146511,0.0521554089,90,62.9545255,155.443623,76.2234366
19,0.0527777791,159.432102,16.8056191,125.502215,1.27035289,64.8891584,0.99800899,0.0510997582,90,66.1050117,152.984793,76.1554632
20,0.0555555569,158.679079,16.7262436,122.168805,1.29885103,66.1100763,0.997869992,0.0501293815,90,69.1729798,149.628358,76.0991203
21,0.0583333347,158.504576,16.7078493,119.021755,1.33172777,66.1165832,0.99773584,0.0491596915,90,72.1666584,146.766296,76.0964637
22,0.0611111126,159.474388,16.8100765,115.98667,1.37493721,64.8314456,0.997600808,0.0481454898,90,75.1024738,144.611621,76.057077
23,0.0638888904,157.733467,16.6265673,113.138203,1.39416627,63.5800102,0.997464667,0.0471740428,90,77.948421,140.717372,76.0257326
24,0.0666666683,158.537111,16.7112789,110.429293,1.43564363,64.6087765,0.997327646,0.046244471,90,80.7379289,138.611108,75.9798176
25,0.0694444461,159.781352,16.8424334,107.897237,1.48086602,65.6859892,0.997190041,0.0453581775,90,83.4791523,137.124197,75.9197315
26,0.072222224,159.398128,16.802038,105.550975,1.51015307,66.7510381,0.997051796,0.0445128979,90,86.1492483,134.325527,75.8818355
27,0.0750000018,159.354743,16.7974648,103.36597,1.54165576,65.412065,0.996912991,0.0436689979,90,88.7575284,131.643456,75.8475041
28,0.0777777797,158.179927,16.6736283,101.351293,1.56070951,66.3938609,0.996773592,0.0428227394,90,91.2931842,128.43659,75.8021776
29,0.0805555575,161.53184,17.026951,99.4752932,1.62383879,66.208922,0.996639797,0.0419761742,90,93.8154796,128.75685,75.7941098
30,0.0833333354,158.499003,16.7072619,97.7595569,1.62131466,64.7716934,0.996505736,0.0411743878,90,96.2409396,124.118786,75.7313258
31,0.0861111132,159.974745,16.8628187,96.2019672,1.66290513,63.0424646,0.996377256,0.0404126429,90,98.6289534,123.19001,75.6936977
32,0.088888891,161.80391,17.0556297,94.7817327,1.70712126,66.5917862,0.99624262,0.0396503184,90,100.9807,122.515654,75.668533
33,0.0916666689,159.348829,16.7968414,93.5212914,1.70387755,63.8871979,0.996114009,0.0388868581,90,103.250061,118.514888,75.6568759
34,0.0944444467,158.917761,16.7514028,92.3780498,1.72029785,64.7500872,0.995985331,0.0381699736,90,105.464131,116.044243,75.6293648
35,0.0972222246,159.146865,16.7755526,91.3431031,1.74229756,62.0090621,0.995862824,0.0374930849,90,107.628408,114.281741,75.5575597
36,0.100000002,160.186523,16.8851421,90.4646878,1.77070774,66.3685156,0.99573431,0.0367291927,90,109.767466,112.93142,75.5471723
37,0.10277778,158.799179,16.7389032,89.6995598,1.77034513,63.6019084,0.99561195,0.0360957802,90,111.837395,110.049951,75.5235262
38,0.105555558,160.075757,16.8734663,89.0504225,1.7975856,65.5959855,0.995483696,0.0354570212,90,113.875116,109.035116,75.5155716
39,0.108333336,157.764605,16.6298495,88.5131374,1.78238632,62.7677778,0.995361959,0.0347347577,90,115.840276,105.584023,75.497499
40,0.111111114,159.212235,16.7824431,88.0556873,1.80808576,63.5111953,0.995240601,0.03414338,90,117.779778,104.922274,75.429616
41,0.113888892,157.839602,16.6377549,87.7207094,1.79934252,64.2071085,0.995119398,0.0335078471,90,119.658696,101.929507,75.4345756
42,0.116666669,161.253162,16.9975757,87.4663051,1.84360322,67.3696948,0.99499871,0.0329538517,90,121.538446,102.951707,75.3837133
43,0.119444447,159.803102,16.844726,87.3523531,1.8294081,65.6473178,0.994878184,0.0323198275,90,123.359674,100.307633,75.3539228
44,0.122222225,159.765112,16.8407215,87.3172826,1.82970779,62.8051791,0.994764145,0.0317664776,90,125.133373,98.6877428,75.3340391
45,0.125000003,160.3918,16.9067802,87.3589776,1.83600821,67.042432,0.994644647,0.0312134843,90,126.883498,97.4375362,75.3603613
46,0.127777781,158.925208,16.7521879,87.4508088,1.81730976,64.1502531,0.994531643,0.0306180409,90,128.570026,94.8142819,75.3078981
47,0.130555559,158.814637,16.7405327,87.6135244,1.81267263,66.0028834,0.994413238,0.03010494,90,130.226401,93.235715,75.2585929
48,0.133333337,159.455969,16.8081349,87.8329769,1.81544534,64.2767016,0.99429548,0.0295943939,90,131.852459,92.3997141,75.2504512
49,0.136111114,158.793658,16.7383213,88.116485,1.80208798,63.6509405,0.99418429,0.0290826846,90,133.431027,90.420948,75.2635706
50,0.138888892,160.943181,16.9649009,88.4445072,1.81970805,64.2768445,0.994073885,0.0285693651,90,135.005338,90.5229363,75.2115524
51,0.14166667,161.032879,16.9743558,88.8499649,1.81241353,64.8436271,0.993963994,0.0280589854,90,136.545395,89.0376003,75.206221
52,0.144444448,159.472918,16.8099215,89.3134932,1.78554115,63.0197912,0.993854928,0.0275891145,90,138.033254,86.3995818,75.2021877
53,0.147222226,159.995006,16.8649544,89.7875811,1.78192801,62.3823423,0.993752655,0.0270747672,90,139.497278,85.8547342,75.1528998
54,0.150000004,160.456639,16.9136149,90.2948334,1.77703013,65.3290812,0.993651171,0.0266063994,90,140.937552,84.7377486,75.1538948
55,0.152777781,158.725346,16.7311205,90.856502,1.7469894,63.4678903,0.993550445,0.0261334987,90,142.327126,82.0503483,75.1449234
56,0.155555559,161.973164,17.0734706,91.4224642,1.77169982,67.5849933,0.993444487,0.0257067735,90,143.726223,83.5356785,75.1004999
57,0.158333337,160.275079,16.8944767,92.066581,1.74086055,64.5559123,0.993345266,0.0252363229,90,145.074068,80.720818,75.1017462
58,0.161111115,159.820755,16.8465868,92.7085313,1.72390559,65.1009245,0.99324692,0.0248058522,90,146.382077,79.1714579,75.0861183
59,0.163888893,158.117579,16.6670562,93.3441404,1.69392077,63.1550011,0.993149536,0.0244179157,90,147.639485,76.878156,75.0691354
60,0.166666671,161.861843,17.0617363,94.0026113,1.72188666,64.8199397,0.993047143,0.0240294988,90,148.929107,78.1558787,75.0496575
61,0.169444449,159.396108,16.801825,94.7003624,1.6831626,66.5447918,0.992951578,0.0236000587,90,150.15215,75.70147,75.0522396
62,0.172222226,159.566645,16.8198012,95.411334,1.67240765,64.6582821,0.992856845,0.0232152282,90,151.350138,74.8676375,75.026085
63,0.175000004,160.9523,16.9658621,96.1114837,1.67464172,67.5176954,0.992763064,0.022782771,90,152.543312,74.606746,75.0142977
64,0.177777782,159.770816,16.8413228,96.8443073,1.64976983,61.9809593,0.992675992,0.0223949212,90,153.694483,72.8834082,74.9610135
65,0.18055556,159.013198,16.7614628,97.5721267,1.62969901,62.3957453,0.992589864,0.0220502441,90,154.807257,71.4414567,74.9843562
66,0.183333338,160.013958,16.8669522,98.2853368,1.62805525,66.4136211,0.992498891,0.021705154,90,155.915654,70.8930978,74.9687105
67,0.186111116,160.423565,16.9101285,99.0253147,1.6200258,65.6722626,0.992414589,0.021317228,90,156.99787,71.1116913,74.9414065
68,0.188888893,159.906923,16.8556697,99.7596537,1.60292179,63.6766788,0.992331403,0.0209744769,90,158.065322,68.6747952,74.958264
69,0.191666671,160.146983,16.8809743,100.50168,1.59347568,67.6975192,0.992243195,0.0206241607,90,159.107427,67.9934253,74.9399622
70,0.194444449,160.589384,16.9276073,101.271126,1.58573711,62.0826839,0.992161842,0.0202760517,90,160.127805,67.956919,74.9334958
71,0.197222227,159.725335,16.8365286,102.019109,1.56564135,66.0581828,0.992075595,0.0199770181,90,161.12664,65.5757165,74.9100006
72,0.200000005,160.430166,16.9108243,102.771008,1.56104497,64.0240466,0.991990366,0.019675995,90,162.115486,65.1836184,74.8840214
73,0.202777783,160.452139,16.9131405,103.528115,1.54984121,64.4172852,0.991905945,0.0193691342,90,163.077027,64.5408735,74.8825211
74,0.205555561,158.209748,16.6767717,104.282146,1.51713168,63.5693183,0.991828449,0.0190207268,90,163.989705,62.3895906,74.8996301
75,0.208333338,160.209221,16.8875347,104.997068,1.52584471,61.4640119,0.9917519,0.0187196823,90,164.91228,62.8261664,74.8616939
76,0.211111116,159.354861,16.7974772,105.731747,1.5071619,61.8092869,0.991676527,0.0184523052,90,165.798937,61.8748932,74.8525742
77,0.213888894,161.718777,17.0466558,106.456545,1.51910601,65.4004861,0.991607899,0.0181076828,90,166.703879,62.5878579,74.8148886
78,0.216666672,161.329957,17.0056706,107.186494,1.50513326,64.8108769,0.991534358,0.0178436323,90,167.584728,61.3475222,74.8343426
79,0.21944445,159.958693,16.8611268,107.934858,1.48199291,62.6918858,0.99146177,0.0175388251,90,168.430251,59.2110184,74.8460732
80,0.222222228,159.983766,16.8637696,108.664905,1.47226711,63.0034219,0.991390142,0.0172769432,90,169.262647,58.4644971,74.8057754
81,0.225000005,158.61902,16.7199128,109.381729,1.45014183,63.290544,0.991319561,0.0169748123,90,170.058351,56.8346121,74.8316986
82,0.227777783,160.574509,16.9260394,110.06628,1.45888922,64.4973218,0.991249923,0.0167105855,90,170.860475,57.7779675,74.7626689
83,0.230555561,159.156678,16.7765869,110.748014,1.43710638,63.8661778,0.991181396,0.0164461565,90,171.63356,55.8961003,74.7952052
84,0.233333339,160.619816,16.9308152,111.436468,1.44135774,64.1541628,0.99111385,0.0161835699,90,172.403099,56.8124319,74.7743318
85,0.236111117,158.864447,16.7457831,112.122585,1.41688177,64.4427581,0.991047182,0.0159171838,90,173.137988,54.2652919,74.8056575
86,0.238888895,161.016607,16.9726406,112.799423,1.42745949,64.7197364,0.990981516,0.015701669,90,173.887904,54.814739,74.7457023
87,0.241666673,161.217052,16.9937694,113.466286,1.4208366,62.5879744,0.990916764,0.0154404092,90,174.627437,54.1623686,74.7482641
88,0.24444445,159.353418,16.7973251,114.153367,1.39595898,61.6598491,0.990858979,0.0151768175,90,175.318727,53.2106367,74.7378256
89,0.247222228,160.934422,16.9639776,114.784708,1.40205454,65.4935647,0.990796301,0.014954322,90,176.023823,52.9210115,74.73914
90,0.250000006,159.711604,16.8350813,115.436489,1.38354524,63.3368832,0.990734417,0.014732763,90,176.702963,51.17208,74.71441
91,0.252777784,159.921271,16.8571821,116.078163,1.37770333,65.9779011,0.990673661,0.0144713976,90,177.369721,50.6109697,74.756084
92,0.255555562,160.090498,16.8750202,116.728018,1.37148304,63.8337748,0.990613687,0.0142932763,90,178.022653,50.3825856,74.7221465
93,0.25833334,161.246962,16.9969222,117.35959,1.37395642,65.2942138,0.990548621,0.014073362,90,178.682654,50.3416567,74.7143975
94,0.261111117,161.667449,17.0412455,117.995947,1.37011019,64.3430545,0.99049054,0.0138132607,90,179.338203,49.6548306,74.6948877
95,0.263888895,160.91306,16.9617259,118.613997,1.35661106,62.1624488,0.990433476,0.0135919409,90,179.9627,49.2735144,74.7403708
96,0.266666673,161.06666,16.9779167,119.25288,1.35063119,64.8188548,0.990377384,0.0134098784,90,180.580672,48.481482,74.6635945
97,0.269444451,160.631187,16.9320138,119.852766,1.34023762,62.5784655,0.990322122,0.0131863724,90,181.18032,47.6363073,74.6687444
98,0.272222229,162.178888,17.0951558,120.442191,1.34652887,65.2357758,0.990267806,0.0130136151,90,181.7899,47.7054737,74.6817586
99,0.275000007,162.706995,17.1508232,121.061235,1.34400574,66.0543085,0.990214296,0.0127495446,90,182.385846,48.9819875,74.710463
100,0.277777785,161.643561,17.0387274,121.685287,1.32837391,63.2271109,0.990161742,0.0126096116,90,182.962317,47.1588123,74.6492425
101,0.280555562,160.561575,16.9246761,122.261834,1.31326,63.4602722,0.99011018,0.0123956196,90,183.519815,44.7573083,74.6791896
102,0.28333334,160.894153,16.9597329,122.827268,1.30992211,63.6092851,0.990059626,0.0121726731,90,184.067508,44.9004658,74.6843569
103,0.286111118,162.051469,17.0817247,123.400274,1.31321807,63.8428895,0.990009759,0.0119976224,90,184.619958,44.7919975,74.6204915
104,0.288888896,162.09994,17.086834,123.950423,1.30778045,67.6261413,0.989955036,0.0118161653,90,185.160951,45.2392187,74.6479502
105,0.291666674,159.872342,16.8520245,124.522558,1.28388258,64.2495668,0.989906809,0.0116385178,90,185.662764,42.8230068,74.6179082
106,0.294444452,159.953148,16.8605423,125.044327,1.27917157,64.4723335,0.989859527,0.0115452108,90,186.158626,42.1453668,74.650474
107,0.297222229,161.003786,16.9712892,125.550919,1.28237839,61.0241126,0.989818871,0.0113230797,90,186.658062,42.9133974,74.6361556
108,0.300000007,162.97102,17.1786539,126.062497,1.29277956,68.4332636,0.989767401,0.0111448945,90,187.178684,43.0085112,74.6400605
109,0.302777785,161.045419,16.9756777,126.622823,1.27185143,65.0318981,0.989722685,0.0110080002,90,187.650591,42.9868646,74.6243638
110,0.305555563,159.891242,16.8540167,127.119851,1.25779915,61.5609995,0.989684648,0.01078795,90,188.09535,41.7974387,74.6088122
111,0.308333341,160.875517,16.9577684,127.594652,1.26083275,65.3244962,0.989641496,0.0106539203,90,188.555422,40.477571,74.6165839
112,0.311111119,161.543791,17.0282107,128.086854,1.26120508,63.1060822,0.98959912,0.0104749389,90,189.009061,40.9074876,74.6295841
113,0.313888896,159.277935,16.7893685,128.567734,1.23886398,63.2464456,0.989557545,0.0103399493,90,189.43572,38.2309395,74.5645084
114,0.316666674,160.595599,16.9282625,129.008478,1.24484532,62.1439142,0.989522704,0.0101613089,90,189.86507,39.4944115,74.606149
115,0.319444452,160.012767,16.8668266,129.462694,1.23597587,67.1291495,0.989476937,0.0100255911,90,190.286,37.5839032,74.6061515
116,0.32222223,162.215576,17.099023,129.92733,1.24851004,67.3282477,0.989431977,0.00989529499,90,190.721737,39.5770619,74.5813896
117,0.325000008,161.950228,17.0710529,130.375773,1.24218038,63.8905194,0.989393597,0.00971806622,90,191.146416,38.3816426,74.6048282
118,0.327777786,161.610382,17.03523,130.847705,1.23510291,64.0445165,0.989356076,0.00953782145,90,191.563421,36.8443302,74.5618596
119,0.330555564,160.811177,16.9509865,131.295555,1.22480291,63.0146692,0.989325152,0.00944016157,90,191.954878,37.4926122,74.5566287
120,0.333333341,160.943448,16.964929,131.722689,1.22183543,64.3037875,0.989289065,0.00934917571,90,192.342897,37.0753923,74.5709448
121,0.336111119,158.873306,16.7467169,132.139476,1.20231524,64.4569934,0.989253809,0.00917225131,90,192.696765,35.21333,74.581381
122,0.338888897,162.228721,17.1004087,132.533984,1.22405375,64.5869654,0.989219235,0.00904334594,90,193.089459,36.7749948,74.5696123
123,0.341666675,160.269235,16.8938607,132.960393,1.2053908,61.0768384,0.989191177,0.00890141355,90,193.450009,35.3876558,74.5488307
124,0.344444453,161.062443,16.9774722,133.364539,1.20768567,62.3435333,0.989157989,0.00877296734,90,193.811011,35.5124197,74.5865459
125,0.347222231,161.819231,17.0572446,133.772867,1.2096566,66.1025172,0.989119641,0.00863570427,90,194.181059,34.845575,74.5709955
126,0.350000008,161.827317,17.058097,134.183479,1.20601521,62.8998977,0.98909384,0.00850144027,90,194.540226,35.4009536,74.547478
127,0.352777786,163.274571,17.2106509,134.584076,1.21317897,66.3166985,0.989056914,0.00841187635,90,194.911791,35.6079774,74.5370259
128,0.355555564,160.539063,16.9223031,135.005723,1.18912783,65.2868945,0.989026464,0.00827529231,90,195.242546,32.9914284,74.5409396
129,0.358333342,161.391449,17.0121525,135.374619,1.19218396,65.4182908,0.988996744,0.00813979791,90,195.577655,33.7815002,74.5214278
130,0.36111112,159.672727,16.8309832,135.743416,1.1762834,63.1388991,0.988967809,0.00804731366,90,195.885401,32.2719671,74.552654
131,0.363888898,161.163376,16.9881115,136.090415,1.18423752,64.3828091,0.988933612,0.00795483228,90,196.209139,32.4401353,74.516265
132,0.366666676,161.273639,16.9997342,136.436033,1.1820458,63.3422992,0.988906006,0.00778020537,90,196.526943,32.5353968,74.5500585
133,0.369444453,160.993171,16.9701703,136.799025,1.17685905,62.2429615,0.988884913,0.0076884519,90,196.831222,32.6162448,74.5409768
134,0.372222231,162.648727,17.1446812,137.156325,1.18586385,67.1545613,0.988852691,0.00759436581,90,197.154718,32.6665356,74.5226961
135,0.375000009,163.961481,17.2830576,137.512683,1.19233716,66.1020871,0.988826964,0.00742066366,90,197.490932,32.6998735,74.5461228
136,0.377777787,161.146397,16.9863217,137.920144,1.16840363,63.8106023,0.98880179,0.00736791578,90,197.781466,31.2894538,74.5032199
137,0.380555565,161.432778,17.0165089,138.24865,1.16769877,65.0794217,0.988771369,0.00727363308,90,198.072431,30.3832914,74.5149058
138,0.383333343,162.78809,17.1593714,138.576955,1.17471256,64.0161993,0.98874753,0.00714496179,90,198.373199,32.3549913,74.5044697
139,0.38611112,161.400247,17.0130799,138.927761,1.16175663,64.1014899,0.988724276,0.00705403049,90,198.653431,30.8130003,74.5083709
140,0.388888898,161.655124,17.0399462,139.256103,1.16084767,65.4073155,0.988695776,0.0069617974,90,198.928192,30.996558,74.5031166
141,0.391666676,162.292445,17.1071258,139.558229,1.16290129,65.4917152,0.988667918,0.00686819336,90,199.210446,29.8473259,74.501843
142,0.394444454,162.800865,17.160718,139.880982,1.16385275,61.9919196,0.988646476,0.00677714816,90,199.493109,30.7732127,74.4927393
143,0.397222232,162.558862,17.1352086,140.203709,1.15944766,68.1251268,0.988619685,0.006644932,90,199.766849,30.326876,74.5018746
144,0.40000001,161.450456,17.0183724,140.521436,1.14893828,62.1621301,0.988599378,0.00655467304,90,200.023622,29.6221826,74.4992773
145,0.402777788,162.124061,17.0893765,140.826355,1.15123381,65.883578,0.988573764,0.00646311628,90,200.283896,29.2335213,74.4966136
146,0.405555565,162.876834,17.1687258,141.120632,1.15416741,64.784323,0.988554599,0.00637131652,90,200.550586,29.5382379,74.5200735
147,0.408333343,164.360932,17.3251634,141.453954,1.16193947,66.0428529,0.988530114,0.0062824162,90,200.834769,29.0193553,74.5070557
148,0.411111121,161.517211,17.0254089,141.794361,1.13909474,64.9800552,0.988511963,0.00619080076,90,201.072222,28.7243963,74.483618
149,0.413888899,161.52708,17.0264492,142.084333,1.13683948,63.8607017,0.988488565,0.00613931772,90,201.306417,27.6871419,74.4549351
150,0.416666677,162.987676,17.1804096,142.336075,1.14509042,67.5701107,0.988459851,0.00605296602,90,201.555005,28.6717533,74.4940645
151,0.419444455,161.324538,17.0050994,142.618479,1.13116154,60.396801,0.988443429,0.00596068766,90,201.775075,29.120755,74.4849237
152,0.422222232,162.874198,17.1684479,142.878203,1.13995134,66.5004745,0.988421631,0.00582664719,90,202.019269,26.6952366,74.4901374
153,0.42500001,163.568908,17.2416768,143.170425,1.14247693,64.1353945,0.988400419,0.00578276806,90,202.26978,26.1683959,74.4848889
154,0.427777788,160.830156,16.9529869,143.472609,1.1209816,64.2705309,0.988379582,0.00573076541,90,202.478855,25.0714462,74.451038
155,0.430555566,163.040765,17.1860057,143.712711,1.13449091,64.2978254,0.988359417,0.00559799369,90,202.706721,27.3906399,74.4796708
156,0.433333344,162.539689,17.1331875,143.978156,1.12891909,63.1646884,0.988345475,0.00554407867,90,202.922693,26.9134546,74.4822988
157,0.436111122,162.556459,17.1349553,144.250906,1.12690078,64.4376595,0.988326133,0.0054609851,90,203.139946,25.5194369,74.4718776
158,0.4388889,160.183009,16.8847717,144.509529,1.10845984,64.4767255,0.988307273,0.00536941251,90,203.319334,24.6119828,74.4783708
159,0.441666677,161.052733,16.9764486,144.734949,1.11274253,64.5771142,0.988289028,0.00532276527,90,203.509018,24.1324513,74.4614111
160,0.444444455,161.795741,17.0547685,144.939701,1.11629691,63.4315785,0.988277066,0.00523330794,90,203.70785,23.9452484,74.4705858
161,0.447222233,162.048065,17.0813659,145.178119,1.11620171,64.6452385,0.988259573,0.00514106555,90,203.902758,24.929243,74.4679701
162,0.450000011,162.479621,17.1268559,145.428605,1.11724664,64.7694101,0.988242587,0.00509135168,90,204.101988,25.12493,74.4640722
163,0.452777789,161.947682,17.0707845,145.671454,1.11173245,64.7972742,0.988226109,0.00504666629,90,204.286396,26.019205,74.475817
164,0.455555567,160.65312,16.9343258,145.88894,1.10120151,64.9100623,0.988210096,0.00496031166,90,204.45233,23.7340502,74.4575163
165,0.458333344,161.418828,17.0150384,146.090986,1.10491983,61.6263645,0.988200358,0.00490948161,90,204.622757,24.996579,74.4353642
166,0.461111122,162.611007,17.1407052,146.270658,1.11171311,64.968706,0.98818521,0.00482032595,90,204.809051,24.7269547,74.4549372
167,0.4638889,162.361841,17.1144408,146.497164,1.10829341,64.9967197,0.988170541,0.00476880115,90,204.994731,23.605887,74.4666795
168,0.466666678,162.717928,17.1519756,146.735789,1.1089178,65.0979972,0.988156254,0.00468345987,90,205.182206,22.5315919,74.4379969
169,0.469444456,161.466037,17.0200147,146.942964,1.09883476,63.8699816,0.988136661,0.004591102,90,205.341433,23.9685836,74.4861831
170,0.472222234,161.359905,17.0088274,147.168585,1.096429,65.2160294,0.988123221,0.00454287349,90,205.502449,22.5338032,74.4171355
171,0.475000012,161.918594,17.0677184,147.342874,1.09892382,65.244557,0.988110291,0.00449621443,90,205.670533,21.5900041,74.4366713
172,0.477777789,161.574995,17.0314999,147.544559,1.09509287,64.0291862,0.988091814,0.0044549609,90,205.828275,22.3987622,74.4640174
173,0.480555567,161.692558,17.0438922,147.743255,1.09441584,65.3754923,0.988079534,0.0044016368,90,205.980322,23.7965255,74.4457631
174,0.483333345,164.284562,17.3171133,147.931027,1.11054837,66.6496537,0.988061776,0.00431633164,90,206.164719,24.6075507,74.440611
175,0.486111123,162.903695,17.1715572,148.150231,1.09958448,65.5166788,0.988050343,0.00422621981,90,206.331326,22.3971053,74.4718561
176,0.488888901,162.44041,17.1227226,148.379935,1.09475994,64.7335838,0.988039264,0.00418042461,90,206.491,22.0746365,74.4288846
177,0.491666679,161.524334,17.0261598,148.581815,1.08710702,60.7029788,0.988028503,0.00414049981,90,206.636218,20.9273926,74.4406057
178,0.494444456,162.676767,17.1476369,148.744051,1.09366906,63.1413646,0.988018135,0.00412830948,90,206.792067,21.6053352,74.4158042
179,0.497222234,161.617831,17.0360152,148.924131,1.08523602,63.1829619,0.988008201,0.00404065144,90,206.93076,21.1775048,74.4340789
180,0.500000012,163.555406,17.2402535,149.096598,1.09697611,67.4835513,0.987992815,0.00399597939,90,207.092669,23.1706908,74.4327713
181,0.50277779,161.550293,17.0288961,149.293571,1.08209813,63.2777001,0.987983538,0.00394599531,90,207.221534,23.1085176,74.4080331
182,0.505555568,164.160222,17.3040067,149.451194,1.09842028,66.9384475,0.987968824,0.00390227483,90,207.392434,20.8443641,74.445802
183,0.508333346,162.568039,17.136176,149.65887,1.08625729,64.5592172,0.987954337,0.00381277887,90,207.534012,20.586515,74.4588001
184,0.511111123,162.61389,17.1410091,149.849296,1.08518288,65.907596,0.987946052,0.00372346954,90,207.671435,21.917583,74.4419114
185,0.513888901,162.293844,17.1072732,150.03326,1.08171911,63.469584,0.987938132,0.00368069077,90,207.808233,18.5319497,74.3923955
186,0.516666679,162.293457,17.1072324,150.178599,1.08066967,63.5482976,0.987930601,0.00367283647,90,207.936602,22.2404628,74.4132114
187,0.519444457,161.98646,17.0748722,150.338397,1.07747896,64.7530612,0.987917489,0.00362907315,90,208.057743,21.4387545,74.4340698
188,0.522222235,161.10915,16.9823955,150.497946,1.0705073,63.5850346,0.987910614,0.00357914035,90,208.168949,19.2314108,74.4510226
189,0.525000013,162.638029,17.1435535,150.651246,1.07956644,64.8147925,0.987898078,0.00353599758,90,208.304386,18.8338949,74.4158619
190,0.527777791,161.936065,17.06956,150.795314,1.07387996,67.3133544,0.987886112,0.00344803159,90,208.42038,20.402443,74.4275605
191,0.530555568,161.64509,17.0388885,150.946585,1.0708761,64.9223769,0.987874259,0.00339849338,90,208.531213,20.7730889,74.4171789
192,0.533333346,164.344976,17.3234816,151.088666,1.08773861,65.0136662,0.987862865,0.00335045856,90,208.677468,20.9783501,74.4288685
193,0.536111124,160.429819,16.9107877,151.256899,1.06064464,61.3774322,0.987857608,0.00335237407,90,208.766699,18.903745,74.4040963
194,0.538888902,162.300179,17.107941,151.367279,1.07222763,67.5098746,0.98784693,0.0032593941,90,208.879347,20.8418738,74.4314346
195,0.54166668,161.7793,17.0530355,151.515511,1.06774084,65.094243,0.98783654,0.00321473351,90,208.986558,18.553123,74.4001794
196,0.544444458,162.477388,17.1266205,151.644631,1.07143515,65.1858237,0.987826612,0.00316691543,90,209.106083,17.3921329,74.4197621
197,0.547222235,162.190832,17.0964149,151.788848,1.0685293,62.7358434,0.987816798,0.00312583294,90,209.217831,17.2530681,74.4093229
198,0.550000013,162.589521,17.1384403,151.914677,1.07026868,65.2253656,0.98780739,0.0031558687,90,209.33109,19.3636908,74.4314609
199,0.552777791,162.749159,17.1552677,152.078818,1.07016323,65.2689263,0.987798306,0.00307054715,90,209.449422,16.1640209,74.3845187
200,0.555555569,163.611288,17.2461441,152.205617,1.07493594,65.2639244,0.987789357,0.00302718047,90,209.577181,17.8725649,74.4340617
201,0.558333347,160.795408,16.9493242,152.385043,1.05519154,65.3556527,0.987780534,0.0029835588,90,209.661234,16.3154183,74.4196931
202,0.561111125,160.373072,16.904806,152.513823,1.05153138,64.1525882,0.987777858,0.00298063727,90,209.733923,18.6261893,74.4053914
203,0.563888903,162.720165,17.1522114,152.608546,1.06625854,62.9733896,0.987769559,0.0029366649,90,209.838009,19.201841,74.4366909
204,0.56666668,162.31453,17.1094538,152.730646,1.06275024,61.7349498,0.987767489,0.00289035547,90,209.936597,18.9576692,74.4015248
205,0.569444458,162.378993,17.1162487,152.854641,1.06230986,62.9306294,0.987759835,0.00284565059,90,210.037967,17.1413959,74.4327657
206,0.572222236,162.46038,17.1248276,152.989903,1.06190263,62.9389692,0.98775238,0.00279479487,90,210.135811,17.5879259,74.4066761
207,0.575000014,162.433499,17.1219941,153.113032,1.06087311,65.3932285,0.987745174,0.00275534956,90,210.235257,16.4845926,74.4001865
208,0.577777792,163.165774,17.1991827,153.236637,1.06479611,65.4608594,0.987738393,0.00266632623,90,210.335693,18.815608,74.4066661
209,0.58055557,163.345013,17.2180762,153.361497,1.06509794,64.2581939,0.987737664,0.00266362667,90,210.438562,18.0416329,74.4079662
210,0.583333347,162.153001,17.0924271,153.49946,1.05637506,65.5135186,0.987731389,0.00265861957,90,210.524305,17.9514373,74.404072
211,0.586111125,162.305543,17.1085064,153.627276,1.0564891,65.5576342,0.987725124,0.00257561075,90,210.611703,17.2014891,74.3792955
212,0.588888903,162.131114,17.09012,153.721804,1.05470473,64.3666798,0.987724903,0.00257007703,90,210.700046,16.6138784,74.3962626
213,0.591666681,161.956018,17.0716632,153.827635,1.05284084,65.5982982,0.987719142,0.00252399514,90,210.782002,16.6163065,74.4158141
214,0.594444459,162.245414,17.1021683,153.932157,1.05400598,61.9841923,0.987719492,0.00248161016,90,210.863867,18.8324055,74.400191
215,0.597222237,162.435258,17.1221796,154.036463,1.05452472,64.4287641,0.987720044,0.00243542995,90,210.947733,17.7301504,74.4041259
216,0.600000015,162.383568,17.1167309,154.149875,1.05341355,64.363996,0.987709225,0.00243610739,90,211.030285,17.9058676,74.392355
217,0.602777792,163.663264,17.2516227,154.247459,1.0610435,64.3962956,0.987698557,0.00247107439,90,211.126203,18.3143719,74.4027649
218,0.60555557,163.622302,17.247305,154.363628,1.05997963,64.4403797,0.987688007,0.00238474043,90,211.220182,20.3077165,74.3924052
219,0.608333348,163.696003,17.2550738,154.476128,1.05968478,66.9081676,0.987677794,0.0023412275,90,211.315251,17.2766016,74.3976372
220,0.611111126,161.310915,17.0036634,154.6024,1.04339205,63.3055099,0.987673691,0.00229502878,90,211.375871,18.2293286,74.4027652
221,0.613888904,161.70434,17.0451341,154.695056,1.04531033,63.3393932,0.987669773,0.00229059358,90,211.444401,14.2837581,74.3936634
222,0.616666682,162.662972,17.1461827,154.774933,1.05096458,65.7837014,0.987666053,0.00228979535,90,211.524336,16.1417299,74.3819384
223,0.619444459,163.132319,17.1956562,154.867091,1.05336981,65.8399806,0.987662578,0.00224044779,90,211.612261,16.0719925,74.3675914
224,0.622222237,161.964803,17.0725893,154.966016,1.04516337,63.3886665,0.987659164,0.00220091932,90,211.67706,16.2966729,74.4041086
225,0.625000015,163.856243,17.2719645,155.058427,1.05673872,65.8698656,0.987656071,0.00219865687,90,211.770899,15.5380785,74.4275093
226,0.627777793,161.956275,17.0716903,155.206323,1.04349019,67.1131978,0.987647181,0.00211439502,90,211.838573,13.5679346,74.4158225
227,0.630555571,160.245896,16.8914005,155.309783,1.03178237,63.5100993,0.987644371,0.00206933818,90,211.881499,13.4511885,74.3831827
228,0.633333349,162.790754,17.1596522,155.365853,1.04778979,64.094296,0.987641773,0.00210855285,90,211.956135,16.016301,74.3962623
229,0.636111127,162.571999,17.1365934,155.452029,1.04580172,64.7285832,0.987633546,0.00202422944,90,212.027963,14.755987,74.3806503
230,0.638888904,162.273555,17.1051346,155.536026,1.04331813,64.7616497,0.987625442,0.00202019314,90,212.092369,15.5061052,74.4340319
231,0.641666682,163.121251,17.1944896,155.645323,1.04803182,62.3721713,0.987629187,0.00197531006,90,212.168805,15.7648037,74.3793079
232,0.64444446,164.590838,17.3493977,155.7367,1.05685325,64.2958285,0.987627297,0.0019328587,90,212.260412,17.5896386,74.3858477
233,0.647222238,162.885842,17.1696753,155.849753,1.04514662,66.0156089,0.987625541,0.00192743174,90,212.330159,15.5588056,74.3923379
234,0.650000016,162.735812,17.1538608,155.95438,1.04348343,64.7878993,0.987618068,0.00192521379,90,212.400477,13.4833572,74.3819632
235,0.652777794,163.967044,17.283644,156.039772,1.05080289,67.2571495,0.987610771,0.00192172776,90,212.484637,15.1090326,74.3806217
236,0.655555571,161.938921,17.0698611,156.135764,1.03716738,63.6533634,0.987609626,0.0018816202,90,212.538082,13.8423058,74.4053608
237,0.658333349,162.454189,17.1241751,156.22999,1.03983998,63.6875988,0.987608474,0.00187665714,90,212.597095,14.7578295,74.3584775
238,0.661111127,162.635853,17.1433242,156.293633,1.04057888,64.8726211,0.987601845,0.00183333134,90,212.660612,13.4232009,74.3975687
239,0.663888905,162.737327,17.1540205,156.374594,1.04068905,64.9058219,0.987595466,0.00179097666,90,212.727289,13.2095522,74.3884182
240,0.666666683,162.632289,17.1429484,156.451974,1.03950295,64.9273445,0.987589102,0.00174286631,90,212.787306,13.762165,74.3858009
241,0.669444461,162.440176,17.122698,156.529678,1.0377596,64.9488122,0.987583024,0.00178563419,90,212.842973,13.1906318,74.3519221
242,0.672222238,165.720827,17.468509,156.582874,1.05835857,63.7583619,0.987582834,0.00174012328,90,212.943928,17.0944512,74.3793425
243,0.675000016,162.928266,17.1741472,156.717201,1.03963231,64.9565562,0.987576846,0.00170023898,90,213.005261,13.382203,74.4106228
244,0.677777794,164.572163,17.3474291,156.825168,1.04939893,64.9898365,0.987571045,0.00170139671,90,213.084156,16.1890402,74.3767251
245,0.680555572,162.302365,17.1081715,156.913818,1.03434081,63.7635775,0.987571321,0.00169736154,90,213.129631,16.0981623,74.4053667
246,0.68333335,164.874252,17.3792721,157.002949,1.05013475,68.6698887,0.987560002,0.00165553763,90,213.213425,15.4197197,74.3884703
247,0.686111128,162.469983,17.1258399,157.106308,1.03414042,65.0644881,0.987554619,0.0016088962,90,213.261898,14.856272,74.3962679
248,0.688888906,161.848361,17.0603152,157.182987,1.02968116,65.1105677,0.987549527,0.00160005248,90,213.300247,14.1007835,74.3754322
249,0.691666683,161.967953,17.0729213,157.236672,1.03009019,65.143943,0.987544719,0.00155908597,90,213.337199,16.457204,74.3767178
250,0.694444461,160.617693,16.9305914,157.285615,1.02118488,65.1894172,0.987539936,0.00156177845,90,213.35878,13.1579137,74.3741654
251,0.697222239,162.074685,17.0841718,157.314062,1.0302619,62.2142565,0.987546961,0.0015532537,90,213.398081,15.4391472,74.3702439
252,0.700000017,164.231062,17.3114739,157.346819,1.04375203,64.6783049,0.987548317,0.00151249954,90,213.472633,15.0970322,74.3780759
253,0.702777795,163.612629,17.2462854,157.444241,1.03917824,63.9378794,0.98754978,0.00150987166,90,213.52979,15.5219535,74.4027672
254,0.705555573,162.632902,17.1430131,157.534797,1.03236177,63.936202,0.987551394,0.00147161623,90,213.57303,15.995987,74.3832421
255,0.70833335,162.790342,17.1596087,157.60574,1.03289602,65.1102653,0.98754728,0.00146172271,90,213.62125,13.7707428,74.371478
256,0.711111128,162.613644,17.1409832,157.653823,1.0314602,63.9562785,0.987549109,0.00141987875,90,213.667987,12.782733,74.3505995
257,0.713888906,163.113149,17.1936356,157.692932,1.03437197,65.1422632,0.987545193,0.00145936475,90,213.719372,13.9148252,74.3493278
258,0.716666684,161.344994,17.0072557,157.745482,1.02281848,62.6663942,0.987541269,0.0014177538,90,213.743937,14.6666653,74.3871676
259,0.719444462,163.023142,17.184148,157.796712,1.03312129,63.9393308,0.987543423,0.00141656909,90,213.790758,15.5666231,74.3871622
260,0.72222224,162.361932,17.1144503,157.855844,1.02854559,65.1252661,0.987539902,0.00141625717,90,213.83168,14.6006654,74.3545553
261,0.725000018,161.825098,17.0578631,157.916129,1.02475345,65.1471174,0.98753642,0.00141400387,90,213.864025,12.9511683,74.3910357
262,0.727777795,163.368129,17.2205128,157.961545,1.03422722,65.1688572,0.987533147,0.0013749073,90,213.914777,13.3197988,74.3636519
263,0.730555573,161.675747,17.04212,158.007161,1.02321784,61.5168827,0.987535846,0.00133047267,90,213.944714,13.625276,74.4040529
264,0.733333351,163.022989,17.1841319,158.074055,1.03130769,65.1904431,0.987532766,0.00132881206,90,213.991093,13.4342522,74.3715115
265,0.736111129,165.101793,17.403257,158.118092,1.04416763,65.1879094,0.987529801,0.0013226092,90,214.065386,15.6806306,74.3923382
266,0.738888907,162.161146,17.0932856,158.2191,1.02491511,65.1737519,0.987527019,0.00132526099,90,214.101216,11.7973395,74.4119148
267,0.741666685,162.139084,17.0909601,158.316718,1.02414379,65.2082448,0.987524227,0.0012394476,90,214.131776,13.3449479,74.3741092
268,0.744444462,163.854987,17.2718322,158.350521,1.03476128,61.5677644,0.987527509,0.00123679796,90,214.182948,14.4343756,74.355856
269,0.74722224,162.181302,17.0954103,158.405462,1.02383655,65.2301753,0.987524797,0.00124011134,90,214.213898,12.3572837,74.3754042
270,0.750000018,162.665758,17.1464764,158.451377,1.02659731,65.2156977,0.987522421,0.00123414263,90,214.253358,10.7013825,74.3675993
271,0.752777796,162.166661,17.093867,158.497559,1.02314927,65.2377828,0.987520232,0.00119459802,90,214.285927,10.6082312,74.348031
272,0.755555574,162.039802,17.0804948,158.529144,1.02214519,65.2717558,0.987518082,0.00119394159,90,214.313349,12.7826356,74.3728275
273,0.758333352,163.46429,17.230649,158.563787,1.03090556,66.4820484,0.987510142,0.00119200412,90,214.363436,10.7662568,74.3584714
274,0.76111113,163.716616,17.2572466,158.612361,1.03218069,66.5516368,0.987502414,0.00114577741,90,214.414978,12.9774449,74.4079747
275,0.763888907,163.265228,17.2096661,158.704937,1.0287344,65.3373931,0.987500532,0.00114577741,90,214.459911,12.4148273,74.3753833
276,0.766666685,162.540144,17.1332356,158.778529,1.02369096,65.4079271,0.987498626,0.00110845026,90,214.491984,13.5485419,74.3754081
277,0.769444463,162.293949,17.1072843,158.825515,1.02183801,65.4063817,0.987496765,0.0011029327,90,214.519329,14.2387826,74.3832315
278,0.772222241,162.768566,17.1573133,158.863804,1.02457931,61.777371,0.987501174,0.00110569492,90,214.554283,12.1030428,74.3715254
279,0.775000019,164.605695,17.3509638,158.911577,1.03583199,66.6284968,0.987493726,0.00105748325,90,214.615768,12.254609,74.3871408
280,0.777777797,159.98481,16.8638797,158.997542,1.00620933,62.9631634,0.98749245,0.00105322271,90,214.610194,12.1843598,74.3597787
281,0.780555574,162.224666,17.0999812,158.99954,1.02028387,66.6497698,0.987485287,0.00104950832,90,214.637157,12.1104443,74.3376158
282,0.783333352,163.863716,17.2727522,158.995724,1.03061713,62.9840301,0.987484263,0.00104950832,90,214.687262,12.1606905,74.3858087
283,0.78611113,164.930164,17.3851658,159.068077,1.03685269,66.6343251,0.987477361,0.00104779857,90,214.747091,15.0754886,74.3767041
284,0.788888908,162.793114,17.159901,159.15497,1.02285913,63.0418341,0.98747639,0.00101192889,90,214.78055,11.590038,74.3832597
285,0.791666686,164.338727,17.3228228,159.200944,1.03227231,65.4677521,0.987475494,0.0010092522,90,214.832307,13.6633969,74.351967
286,0.794444464,160.955328,16.9661812,159.262666,1.01062811,61.8150446,0.987480606,0.0010065684,90,214.83687,12.9238924,74.3832431
287,0.797222242,165.072748,17.4001955,159.300815,1.03623291,66.6665669,0.987473989,0.000962808023,90,214.901241,11.9496593,74.3519674
288,0.800000019,163.233183,17.2062883,159.357392,1.02432137,66.6879907,0.987467468,0.000961623325,90,214.937458,13.7155054,74.3675693
289,0.802777797,163.455213,17.2296923,159.401363,1.02543172,63.0587707,0.987466867,0.000954838406,90,214.976517,12.0521557,74.3728227
290,0.805555575,163.732749,17.2589471,159.46576,1.02675803,65.2483884,0.987466458,0.000958841739,90,215.019732,12.2871564,74.3715002
291,0.808333353,161.676196,17.0421675,159.518923,1.01352362,61.846407,0.987471881,0.00095752368,90,215.03198,10.6763934,74.3454738
292,0.811111131,161.732811,17.0481352,159.532584,1.01379171,62.9744075,0.987471667,0.000927426464,90,215.037776,13.9711522,74.3936318
293,0.813888909,162.064498,17.083098,159.552884,1.01574158,64.2123269,0.987477319,0.000912960279,90,215.05244,14.4948591,74.3506654
294,0.816666686,162.839455,17.1647857,159.576787,1.02044576,65.4110799,0.987477146,0.000911489697,90,215.083749,9.76675192,74.3597563
295,0.819444464,160.85004,16.955083,159.60386,1.00780796,60.3734683,0.987483095,0.000870028564,90,215.082157,13.1126876,74.368862
296,0.822222242,162.291505,17.1070267,159.607968,1.0168133,66.5396381,0.987477362,0.000867444807,90,215.105425,11.0582899,74.3831941
297,0.82500002,163.386459,17.222445,159.639449,1.02347171,66.5727193,0.987471612,0.000842495181,90,215.145167,9.58902749,74.358442
298,0.827777798,161.685202,17.0431168,159.682758,1.01254014,66.6305949,0.987465845,0.000827265301,90,215.159099,9.65674151,74.3545327
299,0.830555576,162.586483,17.1381201,159.703289,1.01805344,66.6765446,0.987460266,0.000863450794,90,215.187621,8.79214117,74.3597361
300,0.833333354,161.498425,17.0234288,159.726965,1.01109055,63.0353216,0.987460651,0.000837827877,90,215.193018,11.6928163,74.385824
301,0.836111131,161.965205,17.0726317,159.754288,1.01383948,66.7348703,0.987455236,0.000823929111,90,215.210978,10.6251931,74.3519084
302,0.838888909,163.151776,17.1977072,159.760018,1.02123033,66.7564031,0.987449941,0.000820364616,90,215.243235,11.303001,74.3493491
303,0.841666687,162.71098,17.1512432,159.787193,1.018298,66.8027601,0.987444697,0.000819571379,90,215.267518,12.9295609,74.3858216
304,0.844444465,164.946844,17.386924,159.832586,1.03199759,65.6124663,0.987445307,0.000820988844,90,215.318923,14.7100118,74.3780065
305,0.847222243,165.192754,17.4128452,159.91213,1.03302203,66.8360109,0.987440187,0.000860651732,90,215.371163,14.6430387,74.3597409
306,0.850000021,163.459894,17.2301857,159.98337,1.02173054,62.702138,0.987446805,0.000819853643,90,215.404598,13.4981833,74.3793375
307,0.852777798,162.781176,17.1586425,160.048308,1.01707527,64.4432614,0.987441767,0.000773155695,90,215.423106,13.050018,74.3754501
308,0.855555576,160.541858,16.9225977,160.071796,1.00293657,63.2417378,0.987442792,0.000736319543,90,215.414485,13.8528246,74.3649791
309,0.858333354,161.849604,17.0604462,160.077136,1.01107258,63.1457058,0.987443887,0.000730914977,90,215.421272,11.9695989,74.3584736
310,0.861111132,163.328952,17.2163832,160.080353,1.02029355,66.8337185,0.987439055,0.000731776507,90,215.45152,12.8953281,74.3636917
311,0.86388891,160.97729,16.9684963,160.110898,1.0054112,63.1791014,0.987440175,0.000732992525,90,215.447643,12.1308885,74.3584768
312,0.866666688,164.182088,17.3063116,160.116029,1.02539445,65.0751736,0.987441388,0.000770976527,90,215.484349,14.1918255,74.3688819
313,0.869444465,161.886811,17.0643682,160.157339,1.01079858,66.8315264,0.9874367,0.000771794385,90,215.49455,12.1962072,74.3493638
314,0.872222243,163.797475,17.2657699,160.162911,1.02269292,63.1886085,0.987437893,0.000729423169,90,215.533362,12.364954,74.3623886
315,0.875000021,164.689997,17.3598499,160.212674,1.02794612,63.189185,0.98743916,0.000728005852,90,215.580747,12.461904,74.362367
316,0.877777799,164.076638,17.2951963,160.259505,1.02381845,66.7926757,0.987434705,0.000675695281,90,215.615884,14.2988085,74.3806266
317,0.880555577,163.296167,17.2129273,160.337392,1.01845343,65.6624763,0.987435972,0.000727356004,90,215.640072,14.5011749,74.3584713
318,0.883333355,163.40036,17.2239102,160.367453,1.01891223,65.6732395,0.987437383,0.000688163705,90,215.665496,13.2565788,74.3584862
319,0.886111133,163.410342,17.2249624,160.4024,1.01875247,63.1958869,0.987438794,0.000727747263,90,215.691619,11.0247092,74.3779871
320,0.88888891,162.564962,17.1358516,160.449253,1.01318615,66.8964151,0.987434275,0.00068302131,90,215.706973,11.9047068,74.3714971
321,0.891666688,163.264424,17.2095813,160.478579,1.0173596,64.478226,0.987429973,0.000645738514,90,215.733871,11.7362421,74.3154973
322,0.894444466,164.203878,17.3086085,160.474538,1.02323945,66.9173533,0.987425597,0.000650294735,90,215.770622,11.6891542,74.3897531
323,0.897222244,162.070854,17.0837681,160.532676,1.00958171,63.2753094,0.987427096,0.000641887005,90,215.777378,10.4432264,74.3376307
324,0.900000022,162.254678,17.1031447,160.540587,1.010677,63.3478375,0.987429031,0.000678342221,90,215.785978,12.90142,74.3467703
325,0.9027778,162.35511,17.1137312,160.540599,1.0113025,63.2272341,0.987430895,0.000638629866,90,215.801265,10.2959214,74.3806161
326,0.905555577,164.201042,17.3083096,160.578571,1.02255887,65.73932,0.987432604,0.000632447166,90,215.841091,10.952213,74.3389391
327,0.908333355,162.583607,17.1378169,160.592045,1.01240137,65.7375574,0.987434541,0.00059507441,90,215.858659,10.47371,74.36627
328,0.911111133,162.355708,17.1137943,160.624276,1.01077939,63.2603493,0.987436533,0.000592229146,90,215.870452,10.6863797,74.3949559
329,0.913888911,164.234412,17.311827,160.656284,1.02227194,64.4492804,0.987432774,0.000590169322,90,215.906937,12.2682519,74.3623796
330,0.916666689,163.94429,17.2812455,160.708315,1.02013571,63.2839167,0.987434822,0.000591042354,90,215.937858,11.464012,74.3545614
331,0.919444467,163.347111,17.2182973,160.740566,1.01621585,63.2600585,0.987436914,0.000589207362,90,215.958588,11.3501975,74.3806299
332,0.922222245,162.82133,17.1628751,160.788522,1.01264274,66.8644169,0.987433261,0.000554802578,90,215.973773,11.1065892,74.3727925
333,0.925000022,163.065144,17.1885754,160.828131,1.01390934,66.9107222,0.98742975,0.000549627679,90,215.992647,13.3463354,74.3702086
334,0.9277778,163.598461,17.2447919,160.864192,1.01699737,65.7686675,0.98743213,0.000549577802,90,216.013253,12.144161,74.3597579
335,0.930555578,164.503061,17.3401452,160.885429,1.02248576,66.9799712,0.987428695,0.000547328092,90,216.049009,12.9522458,74.3363103
336,0.933333356,162.78927,17.1594957,160.91641,1.01163871,63.4097675,0.987430966,0.000548769207,90,216.059423,14.0435195,74.3662902
337,0.936111134,164.272058,17.3157953,160.92199,1.02081796,65.8260177,0.987433433,0.00054220818,90,216.090576,12.0793626,74.3636969
338,0.938888912,161.478786,17.0213586,160.970013,1.00316067,63.4090365,0.987435883,0.000541889677,90,216.084946,12.5879672,74.3428278
339,0.941666689,162.694569,17.1495133,160.962368,1.01076152,64.5619486,0.98743253,0.000543576909,90,216.099175,11.2764349,74.3558648
340,0.944444467,163.847108,17.2710017,160.982238,1.01779619,67.0136459,0.987429217,0.000544151374,90,216.125353,12.0336946,74.3689157
341,0.947222245,163.541877,17.2388275,161.012164,1.01571132,63.3712362,0.987431727,0.000541136188,90,216.148709,10.6289749,74.3702244
342,0.950000023,162.545373,17.1337867,161.063001,1.00920368,63.3716719,0.987434317,0.000545382354,90,216.152564,13.7552695,74.336338
343,0.952777801,163.17957,17.2006369,161.056421,1.01318264,63.3593775,0.987436978,0.000544741862,90,216.171177,12.3238963,74.3350662
344,0.955555579,163.9062,17.2772305,161.068208,1.01761982,63.3355091,0.987439642,0.00050106232,90,216.199232,11.9799538,74.3923672
345,0.958333357,163.558532,17.240583,161.115191,1.01516518,67.0005435,0.987436445,0.000466179964,90,216.218781,12.1839917,74.364998
346,0.961111134,161.556581,17.0295589,161.14704,1.00254141,63.3333732,0.987439187,0.000467979124,90,216.207733,12.3574619,74.3806258
347,0.963888912,160.920875,16.9625496,161.160289,0.998514433,64.5107221,0.9874363,0.000463331714,90,216.193057,11.2224073,74.3532653
348,0.96666669,163.16133,17.1987143,161.148388,1.01249123,64.5339061,0.987433372,0.000463140139,90,216.211155,11.877197,74.3480477
349,0.969444468,162.944613,17.1758704,161.15188,1.01112449,64.5217891,0.987430394,0.000462868699,90,216.222109,12.9134269,74.3714975
350,0.972222246,162.855698,17.1664979,161.17607,1.01042108,63.3446299,0.987433364,0.000457833516,90,216.232566,13.2680931,74.3428836
351,0.975000024,161.777285,17.0528231,161.177537,1.00372104,63.3207923,0.987436398,0.000455156346,90,216.227965,13.7488921,74.3571702
352,0.977777801,163.658505,17.2511211,161.172399,1.01542514,64.4736851,0.987433737,0.000457766262,90,216.251286,11.8808081,74.3532555
353,0.980555579,162.073679,17.0840658,161.18701,1.00550087,64.4851547,0.98743105,0.000452801802,90,216.250461,11.7375693,74.354552
354,0.983333357,162.916922,17.1729514,161.196154,1.01067499,64.4848882,0.987428278,0.000411395824,90,216.259153,12.5730725,74.3636684
355,0.986111135,163.393148,17.2231501,161.206787,1.01356247,66.9247274,0.98742558,0.000451441749,90,216.278632,11.7705427,74.3610452
356,0.988888913,162.886038,17.169696,161.236814,1.01022858,64.5310099,0.987423018,0.000451527266,90,216.289672,12.2616854,74.3519575
357,0.991666691,164.205713,17.308802,161.248515,1.01833938,66.9709645,0.987420339,0.000448069701,90,216.318866,10.9599842,74.381931
358,0.994444469,162.971824,17.1787386,161.297378,1.01038111,65.2599611,0.987423683,0.000450811625,90,216.327568,13.187995,74.3467224
359,0.997222246,162.22689,17.1002157,161.309486,1.00568723,60.8885307,0.987427022,0.000452143136,90,216.322338,14.5920734,74.3519868
360,1.00000002,163.173188,17.1999643,161.317241,1.01150495,64.458362,0.98742438,0.000407703062,90,216.338358,11.8382722,74.3571982
361,1.0027778,162.559568,17.135283,161.338988,1.00756531,63.2691173,0.987427643,0.000450554179,90,216.341733,13.5247305,74.3506562
362,1.00555558,161.638063,17.0381478,161.346243,1.00180866,64.4337291,0.987425028,0.00045135709,90,216.333298,12.9578404,74.3766974
363,1.00833336,160.359592,16.9033852,161.347748,0.993875615,63.2565086,0.987428223,0.000391413052,90,216.308834,11.8671939,74.3819429
364,1.01111114,162.998816,17.1815838,161.318079,1.01041878,63.2443896,0.987431688,0.000370158123,90,216.318497,14.1518954,74.3480875
365,1.01388891,164.516305,17.3415412,161.32,1.01981344,64.3854211,0.987429363,0.000371025304,90,216.35259,11.2600033,74.3519614
366,1.01666669,162.783375,17.1588744,161.357805,1.00883484,64.3968567,0.987426951,0.000404862548,90,216.360869,12.6632646,74.3649943
367,1.01944447,163.432316,17.2272787,161.381694,1.01270665,64.3964434,0.987424577,0.000398375609,90,216.378662,10.5612595,74.3585126
368,1.02222225,162.833408,17.1641482,161.405498,1.00884672,63.2073926,0.987428107,0.000398161258,90,216.385641,13.0000408,74.3441436
369,1.02500002,162.793088,17.1598981,161.407966,1.00858149,63.1956215,0.987431685,0.00039728297,90,216.392184,10.9208508,74.354559
370,1.0277778,163.309095,17.2142901,161.410386,1.01176324,64.348388,0.987429486,0.000363207005,90,216.407525,12.8509752,74.3454269
371,1.03055558,162.112474,17.0881552,161.422316,1.00427548,64.347994,0.987427286,0.00036561827,90,216.408212,11.4405494,74.3728171
372,1.03333336,163.661543,17.2514414,161.434728,1.0137939,64.3595136,0.987425254,0.000393508493,90,216.426123,12.1907775,74.3363391
373,1.03611114,162.578635,17.1372929,161.448491,1.00700003,64.3475258,0.987423133,0.000365946868,90,216.429902,12.588747,74.3675791
374,1.03888891,164.598078,17.3501608,161.467468,1.01938849,64.3589363,0.987421123,0.000365592069,90,216.466444,10.6434099,74.3232874
375,1.04166669,162.168752,17.0940874,161.476933,1.00428432,64.3587288,0.987419046,0.000361537031,90,216.465188,10.8308607,74.4014498
376,1.04444447,163.107358,17.1930251,161.52011,1.00982694,64.35851,0.987416999,0.000319937057,90,216.477077,12.1680726,74.338941
377,1.04722225,164.067894,17.2942745,161.514626,1.01580827,64.3584413,0.98741517,0.000357119346,90,216.500179,13.532224,74.3336983
378,1.05000003,161.387354,17.0117208,161.526173,0.999140576,63.1812847,0.987418995,0.000317086145,90,216.486133,11.7538511,74.3714947
379,1.0527778,162.439959,17.1226751,161.531682,1.0056229,64.3345981,0.987417105,0.000313058038,90,216.487213,10.4589007,74.3571533
380,1.05555558,163.184658,17.2011733,161.523267,1.01028577,64.3343778,0.987415162,0.000355573423,90,216.499578,11.9592739,74.3454166
381,1.05833336,161.434656,17.0167069,161.537929,0.99936069,64.3341751,0.987413465,0.000314860567,90,216.491563,11.4522739,74.3597542
382,1.06111114,163.920427,17.2787302,161.539546,1.01473869,66.7741903,0.987411653,0.000355711681,90,216.512403,13.710935,74.3441483
383,1.06388891,164.481582,17.3378811,161.552829,1.01812876,66.8207476,0.987409909,0.000356141653,90,216.542016,12.301161,74.3636815
384,1.06666669,163.329651,17.2164569,161.603772,1.0106797,60.7614105,0.987413904,0.000312887096,90,216.5504,15.1856281,74.3767182
385,1.06944447,161.795373,17.0547298,161.635152,1.00099125,64.3326801,0.987411962,0.000288626771,90,216.54321,9.56116912,74.3584826
386,1.07222225,162.579698,17.1374049,161.643174,1.00579377,64.320258,0.987410116,0.000317216381,90,216.545074,12.1615583,74.3584368
387,1.07500003,162.870641,17.168073,161.639612,1.00761589,63.1427694,0.987414065,0.000293282109,90,216.55071,10.5349872,74.3389347
388,1.0777778,161.112189,16.9827159,161.632251,0.996782435,63.1306352,0.987418195,0.000316393075,90,216.533385,12.8214594,74.3688967
389,1.08055558,163.365335,17.2202183,161.632841,1.0107187,63.1187247,0.987422488,0.000286052218,90,216.549998,10.3823648,74.3714996
390,1.08333336,163.816563,17.2677819,161.640632,1.01346153,66.7725796,0.987420836,0.000277085869,90,216.569765,10.8363698,74.381927
391,1.08611114,160.264932,16.8934071,161.689057,0.991192195,63.11708,0.987424876,0.000284668189,90,216.540911,9.81995097,74.3545629
392,1.08888892,163.290244,17.212303,161.666796,1.01004193,63.1181247,0.987429169,0.00027583752,90,216.553459,12.1530173,74.3337199
393,1.09166669,162.953522,17.1768094,161.666229,1.00796266,63.0945989,0.987433357,0.000316273276,90,216.557968,12.4928474,74.3558467
394,1.09444447,161.549863,17.0288508,161.676006,0.999219778,64.2596007,0.987431841,0.000274862175,90,216.546499,12.0612771,74.3467785
395,1.09722225,162.335279,17.1116409,161.661169,1.00416989,66.7483309,0.987430182,0.000273532722,90,216.543871,12.9139544,74.3597648
396,1.10000003,162.21489,17.0989508,161.651148,1.0034874,64.2695819,0.987428662,0.000270900426,90,216.542526,12.4393202,74.3532594
397,1.1027778,163.027531,17.1846107,161.653373,1.00850064,64.2940226,0.987427143,0.000263020649,90,216.553997,11.6851871,74.3701877
398,1.10555558,162.947663,17.1761918,161.679106,1.00784614,64.3056493,0.987425599,0.000269953919,90,216.563268,11.1521412,74.3701792
399,1.10833336,163.331836,17.2166872,161.693584,1.01013183,64.2935551,0.987424053,0.000265416746,90,216.577381,10.9605759,74.3310889
400,1.11111114,160.658472,16.9348898,161.700572,0.993555372,64.30549,0.987422637,0.00027078358,90,216.55749,10.3354343,74.3440968
401,1.11388892,164.611334,17.3515582,161.674702,1.01816383,64.3050202,0.987421201,0.000268863861,90,216.588396,11.913334,74.3623534
402,1.11666669,161.792637,17.0544414,161.691812,1.00062356,64.3047989,0.987419807,0.000227632553,90,216.580309,12.2292914,74.3571573
403,1.11944447,163.125041,17.1948891,161.702825,1.00879525,63.2193459,0.987424322,0.00027078358,90,216.588793,14.1964789,74.3467347
404,1.12222225,162.763216,17.1567494,161.695249,1.00660481,64.2810647,0.98742294,0.000268792684,90,216.591827,14.248844,74.3546042
405,1.12500003,163.704656,17.2559859,161.713464,1.01231309,64.2809857,0.987421573,0.000265570576,90,216.609807,10.7029927,74.3688864
406,1.12777781,163.678474,17.253226,161.743938,1.01196049,64.2808077,0.987420304,0.000227592982,90,216.62818,8.819059,74.3663049
407,1.13055558,161.962817,17.0723799,161.764808,1.00122406,63.1039083,0.987424985,0.000263075348,90,216.620227,10.862292,74.3454157
408,1.13333336,164.319828,17.3208307,161.768416,1.015772,64.2572229,0.98742365,0.000267227854,90,216.648981,10.4530318,74.3141871
409,1.13611114,161.182561,16.9901338,161.766831,0.9963882,64.2451759,0.987422502,0.000261705353,90,216.632994,14.1945089,74.3558564
410,1.13888892,163.250281,17.2080906,161.758846,1.00922012,64.2567725,0.98742123,0.000262767103,90,216.639631,14.7831494,74.3454547
411,1.14166669,164.781454,17.3694904,161.76128,1.01867056,64.2566573,0.987419878,0.000267218655,90,216.672304,10.4815608,74.3767151
412,1.14444447,162.321113,17.1101476,161.806394,1.00318108,63.1338939,0.987424429,0.000191291306,90,216.668299,11.8458039,74.379333
413,1.14722225,163.697683,17.2552509,161.826225,1.01156462,64.2105569,0.987423205,0.000265025175,90,216.683977,10.2727044,74.3428059
414,1.15000003,163.250702,17.2081349,161.842258,1.00870257,64.1858094,0.987421974,0.000225401891,90,216.693754,11.1874516,74.3285163
415,1.15277781,162.743208,17.1546404,161.842883,1.00556296,64.1855585,0.987420736,0.00026630052,90,216.698735,8.54183609,74.3558564
416,1.15555558,163.979564,17.2849637,161.848266,1.01316849,64.1854405,0.987419444,0.000191021495,90,216.720216,10.5814456,74.3649561
417,1.15833336,162.717492,17.1519297,161.884068,1.00514828,64.1852659,0.987418303,0.00022299467,90,216.723253,12.001414,74.3402136
418,1.16111114,163.395387,17.2233861,161.882889,1.00934316,63.2046748,0.987423127,0.000214643766,90,216.734942,9.57625304,74.3832179
419,1.16388892,163.982121,17.2852333,161.910167,1.01279694,67.7909352,0.987416279,0.000187677981,90,216.755854,10.5202881,74.3571824
420,1.16666669,162.645688,17.1443608,161.952151,1.00428236,66.6840725,0.987415074,0.000219869451,90,216.75754,10.7068666,74.348051
421,1.16944447,160.880637,16.9583081,161.962064,0.993322959,64.2905367,0.987413798,0.00019496891,90,216.730771,15.7007464,74.3415688
422,1.17222225,162.924387,17.1737383,161.922267,1.0061889,66.7427111,0.987412729,0.000264372577,90,216.736957,9.45847964,74.3780423
423,1.17500003,162.710516,17.1511944,161.937584,1.00477303,66.7658714,0.987411669,0.000200001242,90,216.740883,10.6507215,74.3506391
424,1.17777781,164.59811,17.3501642,161.946566,1.01637296,68.0132336,0.987404702,0.000200207197,90,216.770286,11.6807635,74.3532716
425,1.18055558,162.306569,17.1086145,161.978072,1.00202803,63.2166932,0.987409394,0.000201861846,90,216.764942,11.8217843,74.3441496
426,1.18333336,162.247436,17.1023814,161.980431,1.00164838,60.7771128,0.987414143,0.000200623619,90,216.755441,14.3305732,74.355864
427,1.18611114,164.044811,17.2918413,161.965813,1.01283603,63.1354294,0.987418872,0.000198120675,90,216.774584,11.2604066,74.3545587
428,1.18888892,163.58254,17.2431137,161.985638,1.0098583,63.1233487,0.987423619,0.000198120675,90,216.790984,9.73030107,74.3350023
429,1.1916667,163.816695,17.2677958,162.001739,1.01120331,64.2644826,0.987422599,0.000191021495,90,216.809156,9.67191887,74.374103
430,1.19444447,164.013201,17.2885094,162.041512,1.0121678,64.2877635,0.98742146,0.000191021495,90,216.82637,12.3741142,74.3558807
431,1.19722225,162.872622,17.1682819,162.066054,1.00497679,63.0985417,0.98742629,0.000223964704,90,216.831444,11.5073916,74.3597663
432,1.20000003,164.437854,17.3332717,162.079041,1.01455347,67.9416734,0.987419331,0.000218891921,90,216.856786,10.2198787,74.3415485
433,1.20277781,162.926343,17.1739445,162.095248,1.0051272,64.3092119,0.987418416,0.000225321538,90,216.861749,9.35239365,74.3571449
434,1.20555558,164.095664,17.2972017,162.111125,1.01224184,68.0116655,0.98741151,0.000198120675,90,216.88252,10.9090412,74.3415567
435,1.20833336,163.456615,17.2298401,162.128911,1.00818919,64.3791071,0.98741051,0.000191915512,90,216.893038,10.4323437,74.3675507
436,1.21111114,161.730849,17.0479284,162.160965,0.997347602,63.2267296,0.987415259,0.000188290309,90,216.880143,8.7202195,74.3441112
437,1.21388892,162.807457,17.1614128,162.141503,1.00410724,64.3799679,0.987414391,0.000182705495,90,216.883118,9.03492521,74.3714849
438,1.2166667,162.518164,17.1309187,162.150412,1.00226797,64.3677544,0.987413523,0.000177269464,90,216.882234,8.28939056,74.3610401
439,1.21944447,163.984151,17.2854473,162.161154,1.01124189,65.616667,0.987406747,0.000218753353,90,216.900695,9.26811219,74.3493152
440,1.22222225,162.359216,17.1141641,162.174744,1.00113749,64.3781182,0.987405751,0.000179928051,90,216.89802,9.08199938,74.3688894
441,1.22500003,164.540545,17.3440963,162.184469,1.01452714,68.104407,0.987398979,0.000181849427,90,216.924375,11.0700973,74.3376189
442,1.22777781,163.381061,17.221876,162.20258,1.00726549,64.4483855,0.987398083,0.000185123516,90,216.934033,8.67980524,74.3441047
443,1.23055559,163.826817,17.2688628,162.216742,1.00992546,64.4729258,0.987397205,0.000182460941,90,216.947546,10.5869481,74.3519303
444,1.23333336,164.302616,17.3190164,162.234726,1.01274628,64.4725972,0.987396366,0.000183506815,90,216.969275,9.4782067,74.3415035
445,1.23611114,164.468768,17.3365303,162.264289,1.01358573,64.4606675,0.987395614,0.000218826178,90,216.988627,13.5478414,74.3649642
446,1.23888892,163.246938,17.2077382,162.299295,1.00583886,64.4720007,0.987394662,0.000182788093,90,216.995182,9.22768469,74.3467556
447,1.2416667,162.29046,17.1069165,162.303901,0.999917187,64.4836794,0.98739384,0.00017849987,90,216.990388,9.21655335,74.3623575
448,1.24444447,163.39215,17.2230449,162.303458,1.00670776,63.3067756,0.987398925,0.000177841281,90,216.998032,11.1187695,74.3440906
449,1.24722225,164.787987,17.370179,162.307396,1.01528329,68.1382595,0.987392262,0.000217043584,90,217.025345,11.3869854,74.3402141
450,1.25000003,163.627701,17.2478742,162.323517,1.00803448,65.7551009,0.987385694,0.000184897413,90,217.03615,9.70405368,74.348034
451,1.25277781,162.797526,17.160366,162.332032,1.00286754,64.5297198,0.987384975,0.000176944497,90,217.037534,11.2716423,74.372797
452,1.25555559,164.566679,17.3468511,162.357462,1.01360712,67.0555411,0.987384358,0.000176336199,90,217.058637,11.5173928,74.3597717
453,1.25833336,163.226482,17.2055819,162.382067,1.00520017,68.2668231,0.987377716,0.000171745176,90,217.065609,10.0258167,74.3610666
454,1.26111114,163.395746,17.2234239,162.396543,1.00615286,64.6474022,0.987377029,0.000132498139,90,217.073316,8.31918534,74.3480078
455,1.26388892,163.813319,17.26744,162.410939,1.00863476,64.6719218,0.987376484,0.000132822311,90,217.083439,11.8639653,74.3362979
456,1.2666667,163.334226,17.2169391,162.421059,1.00562222,64.6719153,0.987375893,0.000174322952,90,217.090442,9.63894485,74.3519059
457,1.26944448,162.400687,17.1185355,162.426227,0.999842759,64.6600204,0.987375278,0.000172708017,90,217.083979,10.8484727,74.3532322
458,1.27222225,164.709532,17.3619091,162.420701,1.01409199,64.67158,0.987374723,0.000176996469,90,217.108185,11.550779,74.3454269
459,1.27500003,163.44286,17.2283901,162.442069,1.00616091,64.6715199,0.987374148,0.000174322952,90,217.112509,12.6680658,74.3766847
460,1.27777781,163.01093,17.1828607,162.473029,1.00331071,64.6714182,0.987373534,0.000112854047,90,217.114735,7.5940232,74.3402073
461,1.28055559,161.929275,17.0688443,162.468361,0.9966819,64.6833021,0.987372864,0.000134431931,90,217.101958,8.40181134,74.3545375
462,1.28333336,164.320123,17.3208618,162.459594,1.01145226,64.6716226,0.987372211,0.000175965995,90,217.121976,8.359032,74.3545213
463,1.28611114,163.156938,17.1982514,162.474929,1.00419763,64.6717406,0.987371491,0.000134856148,90,217.125006,9.93967979,74.3597615
464,1.28888892,161.440567,17.0173299,162.492934,0.993523615,64.6715255,0.987370962,0.0001103177,90,217.104124,9.94674131,74.3310895
465,1.2916667,163.575658,17.2423883,162.463821,1.0068436,64.6712761,0.987370345,0.000134431931,90,217.114963,7.20168513,74.3363004
466,1.29444448,163.745232,17.260263,162.459172,1.00791621,64.6712411,0.987369746,0.000109937855,90,217.126684,8.88064908,74.3649247
467,1.29722225,163.337516,17.2172859,162.479772,1.00527908,64.6711815,0.987369139,0.000134431931,90,217.132518,8.55337063,74.3388932
468,1.30000003,163.70885,17.2564279,162.486029,1.00752569,64.6711151,0.987368542,0.000174735161,90,217.144095,9.33988188,74.3349692
469,1.30277781,161.876782,17.063311,162.487944,0.996238724,64.6710842,0.987367948,0.000132166853,90,217.131199,9.38082145,74.3740666
470,1.30555559,162.308114,17.1087774,162.491017,0.998874384,64.6709721,0.987367341,0.000133141354,90,217.121862,9.96213968,74.3519335
471,1.30833337,163.266991,17.209852,162.471051,1.00489896,64.6709221,0.987366781,0.000134431931,90,217.123705,12.9089428,74.3649287
472,1.31111114,162.017945,17.0781909,162.487149,0.997112362,64.6708259,0.987366194,0.000106955589,90,217.112779,7.46865838,74.3519099
473,1.31388892,161.900798,17.0658425,162.475803,0.996460978,64.6709269,0.987365658,0.000133414104,90,217.095334,12.9047264,74.3401577
474,1.3166667,163.183767,17.2010794,162.451137,1.00450985,64.6707146,0.987365137,0.000134431931,90,217.097835,11.0878631,74.3506144
475,1.31944448,162.318213,17.1098419,162.441779,0.999239321,64.6706988,0.987364631,0.000174735161,90,217.087101,10.4645775,74.3597726
476,1.32222225,162.730793,17.1533317,162.438766,1.00179776,64.6706307,0.987364082,0.000109937855,90,217.085564,8.4083076,74.3532286
477,1.32500003,163.322491,17.2157021,162.43071,1.00549022,64.6705661,0.98736364,0.000131102076,90,217.09232,8.38213122,74.3466983
478,1.32777781,164.074751,17.2949974,162.434749,1.01009638,64.6704692,0.987363255,0.000131130689,90,217.108153,9.89397977,74.3675538
479,1.33055559,161.817668,17.0570799,162.4614,0.996037633,64.6823414,0.987362827,9.78973279e-05,90,217.096146,8.81260364,74.3493503
480,1.33333337,161.322156,17.0048483,162.454837,0.993027714,60.9923808,0.987368292,9.73496982e-05,90,217.073311,10.8335393,74.3519078
481,1.33611114,161.963376,17.0724389,162.428965,0.997133586,60.9466981,0.987373707,0.000131142262,90,217.059902,11.8959618,74.3571349
482,1.33888892,162.616063,17.1412381,162.410368,1.00126652,64.5542488,0.987373293,0.000130521924,90,217.058033,8.09514198,74.3493463
483,1.3416667,164.031021,17.2903877,162.39749,1.01005884,64.529473,0.987372856,0.000172787785,90,217.069195,13.8913194,74.3375872
484,1.34444448,162.471676,17.1260184,162.402769,1.0004243,64.5294458,0.987372536,0.000101175726,90,217.067309,8.34805658,74.3506268
485,1.34722225,162.970707,17.1786209,162.409107,1.00345793,64.5413541,0.987372133,0.000102566003,90,217.069261,8.52554035,74.3310701
486,1.35000003,164.091127,17.2967235,162.394675,1.01044648,64.5296117,0.987371765,0.000172847287,90,217.08538,10.4130615,74.3675515
487,1.35277781,163.18465,17.2011724,162.422886,1.00469,64.5295767,0.987371413,0.000101215637,90,217.090466,9.87345618,74.3428486
488,1.35555559,163.034946,17.1853923,162.438258,1.00367333,64.5414116,0.987370915,0.000129192294,90,217.091799,10.1532551,74.3714871
489,1.35833337,161.629822,17.0372792,162.44645,0.994972938,64.5296143,0.98737056,0.000129192294,90,217.073364,10.7913351,74.3584586
490,1.36111114,163.511953,17.2356732,162.431378,1.0066525,64.5296879,0.987370226,0.000174190569,90,217.081471,9.89819188,74.3272176
491,1.36388892,163.209023,17.2037416,162.413653,1.00489719,64.5413841,0.987369896,0.000174927553,90,217.086204,11.6716713,74.3623861
492,1.3666667,163.466125,17.2308425,162.430978,1.00637284,64.5298125,0.987369589,0.000174804435,90,217.092579,11.4934062,74.3766969
493,1.36944448,161.371707,17.0100714,162.452938,0.99334434,64.5415581,0.987369236,9.74544403e-05,90,217.070366,10.5496886,74.3649908
494,1.37222226,161.951167,17.0711519,162.44175,0.996979948,64.5416303,0.987368928,9.71679966e-05,90,217.056096,10.9980565,74.3388854
495,1.37500003,164.95774,17.3880725,162.406404,1.01570958,66.9944502,0.987368509,0.00017344329,90,217.085456,11.8384168,74.3753903
496,1.37777781,163.241268,17.2071405,162.458358,1.00481915,63.3633852,0.987374057,9.73074431e-05,90,217.091896,8.29771332,74.3649543
497,1.38055559,162.268724,17.1046254,162.497964,0.998589276,64.5413633,0.987373494,0.000131362394,90,217.086764,6.24109815,74.3649522
498,1.38333337,164.364153,17.325503,162.50838,1.01141955,68.2312217,0.987367108,9.71537426e-05,90,217.109283,7.74576337,74.3480279
499,1.38611114,162.171897,17.0944189,162.519327,0.997862224,64.5868329,0.987366632,0.000136970974,90,217.101559,9.97618042,74.344115
500,1.38888892,162.194602,17.0968123,162.523044,0.997979107,64.6113466,0.987366092,9.76784233e-05,90,217.091806,10.2560285,74.3610473
501,1.3916667,163.952271,17.2820868,162.514423,1.00884751,63.4343166,0.987371447,9.76495047e-05,90,217.105644,10.3635848,74.3493585
502,1.39444448,160.303248,16.897446,162.512987,0.986402695,60.9460794,0.987376782,9.64893315e-05,90,217.068044,13.288894,74.3323986
503,1.39722226,164.941228,17.386332,162.462727,1.01525582,64.5655422,0.987376476,9.53246103e-05,90,217.094089,12.3240202,74.3415241
504,1.40000003,162.519086,17.1310158,162.460192,1.00036252,60.8628027,0.98738202,9.81015473e-05,90,217.08732,12.8231295,74.3363105
505,1.40277781,161.696608,17.044319,162.464307,0.995274661,60.8053652,0.987387476,0.00013041434,90,217.064698,13.8019625,74.3558684
506,1.40555559,161.900232,17.0657829,162.444947,0.996646775,66.8774561,0.987387165,9.58346742e-05,90,217.047324,14.4506273,74.3545754
507,1.40833337,163.523216,17.2368604,162.424153,1.00676662,63.2096458,0.987392589,9.5263805e-05,90,217.055526,11.1826985,74.3571729
508,1.41111115,162.402552,17.118732,162.429753,0.999832534,65.6251244,0.9873863,9.67444841e-05,90,217.047128,12.6106229,74.3532527
509,1.41388892,163.65328,17.2505704,162.41936,1.00759713,64.3865505,0.987385895,9.71537426e-05,90,217.058505,10.7285218,74.3558737
510,1.4166667,163.989713,17.2860335,162.431917,1.00959045,64.471226,0.987385548,9.55579605e-05,90,217.074306,11.362772,74.3297829
511,1.41944448,165.031771,17.3958761,162.426324,1.01604079,64.4465906,0.987385348,9.63397223e-05,90,217.103761,11.0002623,74.3597254
512,1.42222226,164.21036,17.3092917,162.469033,1.0107179,64.4467279,0.987385023,9.43357974e-05,90,217.120529,10.7131744,74.3401893
513,1.42500003,163.045323,17.1864861,162.480481,1.00347637,64.4469032,0.9873848,9.53823108e-05,90,217.122007,10.5882736,74.3636601
514,1.42777781,163.800653,17.2661048,162.502733,1.00798706,66.8996417,0.987384523,9.4496024e-05,90,217.135358,9.24914237,74.3740746
515,1.43055559,163.892042,17.2757381,162.544138,1.00829254,66.9586138,0.987384137,9.30820914e-05,90,217.147927,12.4974411,74.3323599
516,1.43333337,165.329351,17.4272438,162.550306,1.01709652,68.182712,0.987377948,9.39082655e-05,90,217.181232,10.2856007,74.366242
517,1.43611115,161.540619,17.0278763,162.597961,0.993497199,64.5748109,0.987377542,9.42387721e-05,90,217.161728,9.964716,74.3571742
518,1.43888892,161.678392,17.0423989,162.606496,0.994292333,64.5876336,0.987377015,9.42362374e-05,90,217.143078,11.6436786,74.3454416
519,1.4416667,163.080955,17.190242,162.569568,1.00314565,63.4104214,0.987382398,9.20458249e-05,90,217.141633,13.1768444,74.3558395
520,1.44444448,163.250122,17.2080737,162.558601,1.00425398,64.5519827,0.987381866,9.17174889e-05,90,217.148136,9.12757145,74.3414807
521,1.44722226,162.156491,17.092795,162.563871,0.997494036,64.5515634,0.98738145,9.24853381e-05,90,217.1394,7.50694588,74.3506315
522,1.45000004,164.261454,17.3146776,162.558898,1.01047347,64.563123,0.98738089,9.07499738e-05,90,217.160847,9.02167215,74.3636567
523,1.45277781,164.160281,17.304013,162.586406,1.00968024,64.562938,0.987380407,9.07051768e-05,90,217.180062,7.1347032,74.3505905
524,1.45555559,163.417854,17.2257543,162.610023,1.0049679,63.3978111,0.987385664,9.22326664e-05,90,217.186846,10.4517881,74.3323944
525,1.45833337,162.680617,17.1480427,162.613594,1.00041217,64.5512473,0.987385176,9.1585708e-05,90,217.184331,7.48485886,74.3715052
526,1.46111115,162.686072,17.1486177,162.629341,1.00034883,64.5512115,0.987384713,9.0486294e-05,90,217.183033,6.60021218,74.3792875
527,1.46388892,163.345623,17.2181405,162.632894,1.00438244,64.5511385,0.987384455,9.37684467e-05,90,217.186715,9.22370409,74.3454086
528,1.4666667,163.172142,17.199854,162.639013,1.00327799,64.5395641,0.987384088,9.10868113e-05,90,217.192645,4.40516534,74.3414805
529,1.46944448,162.701424,17.150236,162.638699,1.00038567,64.5510773,0.98738375,9.10371928e-05,90,217.191674,4.7211394,74.3440962
530,1.47222226,162.408488,17.1193578,162.638085,0.998588294,64.5392505,0.987383389,9.18240457e-05,90,217.1863,5.46433982,74.3479843
531,1.47500004,163.369184,17.220624,162.6341,1.00451986,64.5387617,0.9873828,9.5961627e-05,90,217.19425,6.73183486,74.3271555
532,1.47777781,162.482637,17.1271738,162.626296,0.999116634,64.5266392,0.987382355,9.5961627e-05,90,217.191547,6.76196831,74.3584464
533,1.48055559,163.012007,17.1829743,162.627047,1.00236713,64.5382264,0.987381915,9.61114501e-05,90,217.194586,5.75939523,74.3584278
534,1.48333337,161.614659,17.0356809,162.63359,0.993734809,64.5261506,0.987381396,9.61114501e-05,90,217.176708,8.85260251,74.3389118
535,1.48611115,163.136133,17.1960583,162.611268,1.00322772,64.5257935,0.987380877,0.000130354549,90,217.181355,7.41115471,74.3349938
536,1.48888892,163.008061,17.1825583,162.604764,1.00248023,64.5254839,0.987380584,9.04311118e-05,90,217.186396,7.03977759,74.3675642
537,1.4916667,162.46303,17.125107,162.614746,0.999067022,63.3480043,0.987385933,9.02144456e-05,90,217.182142,5.87992363,74.3570953
538,1.49444448,163.706146,17.2561429,162.609373,1.00674483,64.513228,0.987385344,9.18240457e-05,90,217.195355,8.21441363,74.3388967
539,1.49722226,163.607007,17.2456927,162.618588,1.00607814,64.5130473,0.987385052,9.18240457e-05,90,217.206208,6.82150906,74.3740515
540,1.50000004,162.743372,17.1546577,162.645707,1.00060048,64.5247959,0.987384751,9.01094745e-05,90,217.205085,6.96797637,74.3623452
541,1.50277781,163.265529,17.2096979,162.653806,1.00376089,64.5247141,0.98738445,8.91204056e-05,90,217.211758,5.34597145,74.3544839
542,1.50555559,162.583242,17.1377785,162.662439,0.999513122,64.5247353,0.987384153,8.90601963e-05,90,217.209733,2.87176919,74.3623125
543,1.50833337,162.697131,17.1497835,162.668352,1.00017692,64.5246033,0.987384005,4.91657034e-05,90,217.209839,0.996391876,74.3570689
544,1.51111115,162.286236,17.1064713,162.670355,0.997638666,63.3238203,0.987389567,8.81644041e-05,90,217.202433,5.47429391,74.3375337
545,1.51388893,164.350568,17.324071,162.652943,1.0104371,64.5009576,0.98738927,8.97978542e-05,90,217.223117,7.59913426,74.3258603
546,1.5166667,163.951214,17.2819754,162.661831,1.00792677,64.4891778,0.987388899,8.98281274e-05,90,217.237478,8.14326958,74.3558357
547,1.51944448,162.289077,17.1067708,162.683887,0.997573148,63.3117863,0.987394462,8.91762906e-05,90,217.229441,6.31693628,74.3479906
548,1.52222226,161.730127,17.0478523,162.677419,0.994176873,62.0245247,0.987394091,8.95093468e-05,90,217.211678,9.34518623,74.3427876
549,1.52500004,163.988035,17.2858567,162.649176,1.00823157,63.2413626,0.987399583,8.9461926e-05,90,217.225202,9.23303074,74.3532211
550,1.52777781,163.367419,17.220438,162.661729,1.00433839,64.407009,0.987399282,8.9333011e-05,90,217.232743,6.92439455,74.3584252
551,1.53055559,161.85443,17.0609549,162.681869,0.994913757,64.3950493,0.987398985,8.90907003e-05,90,217.218839,7.06232562,74.3597211
552,1.53333337,162.771949,17.1576699,162.676185,1.00058868,65.6441276,0.987392904,9.0696114e-05,90,217.215193,10.1886235,74.3388846
553,1.53611115,161.405978,17.013684,162.648115,0.992363045,66.8952173,0.987392464,9.0085701e-05,90,217.184862,18.1358445,74.3376229
554,1.53888893,163.569821,17.241773,162.60182,1.0059532,64.501151,0.987392389,8.93611518e-05,90,217.193553,8.52557026,74.3363352
555,1.5416667,162.677962,17.1477628,162.581138,1.00059554,64.5016176,0.98739225,8.91204056e-05,90,217.185958,12.1567314,74.3689056
556,1.54444448,163.685105,17.253925,162.598228,1.00668443,62.942468,0.987392028,8.86347322e-05,90,217.19324,12.0899693,74.3558743
557,1.54722226,162.892345,17.1703608,162.608377,1.00174633,63.0014253,0.987391958,8.86347322e-05,90,217.189532,11.0250161,74.3492828
558,1.55000004,161.735479,17.0484164,162.607187,0.994639176,64.4326645,0.98739188,8.91255493e-05,90,217.174213,11.5427055,74.3454493
559,1.55277782,163.522692,17.2368052,162.59135,1.00572812,60.7298791,0.987397595,8.91204056e-05,90,217.176127,14.5031889,74.3493215
560,1.55555559,164.598264,17.3501804,162.583253,1.01239372,65.5516822,0.987391657,8.86347322e-05,90,217.196088,12.9704462,74.350611
561,1.55833337,164.251942,17.3136749,162.603837,1.01013571,67.9796175,0.987385432,8.86347322e-05,90,217.215891,8.65377132,74.3349823
562,1.56111115,161.962064,17.0723005,162.630018,0.995892799,64.3715802,0.987385135,9.18240457e-05,90,217.200874,11.0935268,74.3558517
563,1.56388893,162.995381,17.1812218,162.628437,1.00225634,64.3963055,0.987384839,8.91204056e-05,90,217.203121,6.96263523,74.3597277
564,1.5666667,163.46481,17.2307039,162.630311,1.00513127,64.407864,0.98738462,9.10371928e-05,90,217.211845,7.63850395,74.3506228
565,1.56944448,162.915468,17.1727981,162.647345,1.00164849,64.3959376,0.987384402,9.10371928e-05,90,217.213421,5.95027385,74.346674
566,1.57222226,162.763657,17.1567959,162.650207,1.00069751,65.5728314,0.987378321,8.91876347e-05,90,217.208419,11.4587127,74.3792847
567,1.57500004,163.754398,17.2612292,162.662873,1.00671035,65.5959368,0.987372091,8.91204056e-05,90,217.221834,8.47091999,74.3362834
568,1.57777782,162.372776,17.1155934,162.663002,0.998215784,64.44209,0.987371799,9.16672155e-05,90,217.214933,8.71579909,74.3440939
569,1.58055559,164.510287,17.3409068,162.656667,1.01139591,65.286327,0.987371428,9.22929375e-05,90,217.235966,9.50589734,74.3389138
570,1.58333337,162.977579,17.1793452,162.6668,1.00191053,64.4297647,0.987371066,9.22929375e-05,90,217.238656,4.75649057,74.3466848
571,1.58611115,162.014193,17.0777955,162.673691,0.995945884,64.4294136,0.987370705,9.22929375e-05,90,217.224651,9.76268928,74.3479763
572,1.58888893,163.280045,17.2112279,162.66085,1.00380666,64.4410999,0.987370343,9.22929375e-05,90,217.229548,8.17707742,74.3454022
573,1.59166671,162.216395,17.0991094,162.654589,0.997305988,64.4407837,0.987369976,0.00013739614,90,217.222346,4.50768594,74.3909877
574,1.59444448,162.314682,17.1094698,162.671126,0.997808806,64.4525209,0.987369758,9.17610644e-05,90,217.212734,10.6041127,74.3558182
575,1.59722226,163.634908,17.2486338,162.658157,1.00600493,64.4524487,0.98736961,8.91204056e-05,90,217.224456,5.41767233,74.3597323
576,1.60000004,163.899862,17.2765624,162.674488,1.00753267,65.2973851,0.987369457,8.74086227e-05,90,217.234927,12.0326058,74.3518834
577,1.60277782,162.894987,17.1706393,162.68529,1.00128897,64.4523825,0.987369235,8.62249052e-05,90,217.237419,2.58368994,74.3636198
578,1.60555559,162.716278,17.1518017,162.703539,1.0000783,64.452364,0.987369012,8.67746115e-05,90,217.236876,3.7941753,74.3479474
579,1.60833337,162.146465,17.0917382,162.702648,0.996581602,64.4523998,0.98736872,8.71258517e-05,90,217.226124,8.00165333,74.3440697
580,1.61111115,162.755666,17.1559535,162.691423,1.00039487,64.4523199,0.987368571,8.86638276e-05,90,217.225104,5.48288586,74.3453873
581,1.61388893,162.559424,17.1352678,162.682347,0.999244398,64.4522924,0.987368571,8.7330914e-05,90,217.22101,7.39102472,74.3649157
582,1.61666671,162.662828,17.1461676,162.684521,0.99986666,64.4522854,0.987368571,8.7329305e-05,90,217.220606,5.89763965,74.3362459
583,1.61944448,162.349281,17.1131168,162.677671,0.997981345,64.452319,0.987368567,8.71614762e-05,90,217.212583,8.90559535,74.3596937
584,1.62222226,162.627872,17.1424829,162.666023,0.999765462,64.4523375,0.987368423,8.65800796e-05,90,217.21136,3.31377093,74.3596902
585,1.62500004,162.759208,17.1563269,162.670071,1.00054796,64.4522692,0.987368418,8.97214514e-05,90,217.21192,3.08015457,74.3362345
586,1.62777782,163.041312,17.1860633,162.66392,1.00232008,64.4403977,0.987368418,8.69452275e-05,90,217.215978,4.50577584,74.3466725
587,1.6305556,162.852196,17.1661287,162.665364,1.00114857,64.4521609,0.98736827,8.64016178e-05,90,217.217666,3.65737149,74.3518897
588,1.63333337,162.414067,17.1199458,162.66969,0.998428571,64.4402834,0.987368201,8.84722486e-05,90,217.212891,5.59922795,74.351881
589,1.63611115,161.669581,17.0414701,162.664411,0.993884152,64.4519813,0.987368052,8.6735983e-05,90,217.196712,7.19513288,74.3453813
590,1.63888893,163.3195,17.2153869,162.644782,1.00414842,64.4520842,0.987367973,8.64986417e-05,90,217.205337,4.06602264,74.3610105
591,1.64166671,163.044127,17.1863601,162.651751,1.00241237,64.4519316,0.987367969,8.72140549e-05,90,217.209929,3.38920164,74.3531767
592,1.64444448,162.724651,17.1526843,162.661846,1.00038611,64.4519408,0.987367973,8.64986417e-05,90,217.210446,2.07840406,74.3622885
593,1.64722226,162.612791,17.1408932,162.669608,0.999650722,64.4519656,0.987368043,4.37668801e-05,90,217.209392,1.36816651,74.3453339
594,1.65000004,162.553439,17.1346369,162.66678,0.99930323,64.4518883,0.987368043,8.71614762e-05,90,217.204153,9.07661982,74.3388356
595,1.65277782,162.64873,17.1446815,162.65467,0.999963476,64.440035,0.987367899,8.66648256e-05,90,217.202789,7.94128549,74.3453792
596,1.6555556,162.102109,17.0870626,162.645311,0.996660205,64.43986,0.98736783,8.65040123e-05,90,217.194026,4.78686372,74.3440714
597,1.65833337,162.29028,17.1068976,162.635719,0.997875995,64.4397532,0.987367616,8.66648256e-05,90,217.187466,8.66402535,74.3532075
598,1.66111115,163.786198,17.2645812,162.620787,1.00716643,65.2842232,0.987367616,8.71614762e-05,90,217.20212,8.59188856,74.3492909
599,1.66388893,164.006789,17.2878335,162.631737,1.008455,65.3532216,0.987367547,8.84722486e-05,90,217.217143,9.33928648,74.3518879
600,1.66666671,162.679069,17.1478796,162.648028,1.00019085,64.4393487,0.987367547,8.84722486e-05,90,217.211366,11.4229283,74.3454045
601,1.66944448,165.589586,17.454675,162.63852,1.01814494,66.9403893,0.987367403,8.73263987e-05,90,217.244517,12.5804158,74.3466817
602,1.67222226,163.817496,17.2678803,162.659686,1.00711799,64.4733493,0.987367626,8.65339763e-05,90,217.256332,9.43070795,74.3623265
603,1.67500004,163.500224,17.2344368,162.694316,1.00495351,64.4982124,0.987367621,8.66648256e-05,90,217.263007,9.74912266,74.3506197
604,1.67777782,164.114162,17.2991517,162.713636,1.00860731,63.0829644,0.987367765,8.66281858e-05,90,217.276031,11.0059121,74.3388926
605,1.6805556,162.744041,17.1547282,162.717762,1.0001615,63.2743461,0.987373555,8.64986417e-05,90,217.27466,4.79024666,74.3662281
606,1.68333337,162.30421,17.1083659,162.738932,0.997328714,68.0944051,0.987367691,8.6215565e-05,90,217.264803,9.59798101,74.353183
607,1.68611115,163.838478,17.270092,162.727848,1.00682508,65.7110775,0.987361823,8.65533074e-05,90,217.274044,10.9494154,74.3232458
608,1.68888893,162.784258,17.1589674,162.7056,1.00048344,66.9870303,0.987361754,8.66648256e-05,90,217.2678,12.4867686,74.3401973
609,1.69166671,163.758194,17.2616293,162.697004,1.00652249,65.438204,0.987367543,8.65635952e-05,90,217.278634,8.79825258,74.3662497
610,1.69444449,162.01633,17.0780207,162.724664,0.99564704,62.0928101,0.987367617,8.68021349e-05,90,217.26152,12.3946624,74.3623429
611,1.69722226,162.950443,17.1764849,162.708129,1.00148926,64.4987466,0.987367547,8.6328903e-05,90,217.262088,7.89158525,74.3662491
612,1.70000004,163.108564,17.1931523,162.725168,1.0023561,64.4868303,0.987367538,8.7197912e-05,90,217.265661,5.7674834,74.3414743
613,1.70277782,162.326192,17.1106831,162.725938,0.997543445,64.4985462,0.987367469,8.71614762e-05,90,217.256096,9.78476917,74.3506076
614,1.7055556,163.863586,17.2727386,162.718118,1.00703959,64.4984918,0.987367469,8.65140827e-05,90,217.268392,8.13270998,74.3558049
615,1.70833337,162.860566,17.167011,162.727926,1.0008151,64.4986659,0.987367399,8.58837138e-05,90,217.269734,2.74425094,74.354466
616,1.71111115,162.594895,17.1390068,162.736985,0.999126876,64.4985137,0.987367394,8.64986417e-05,90,217.26731,3.26119311,74.3583747
617,1.71388893,163.337342,17.2172676,162.737804,1.00368408,64.4985059,0.987367394,8.60864405e-05,90,217.275326,6.65881642,74.3388439
618,1.71666671,162.790029,17.1595757,162.73737,1.00032358,64.4984947,0.98736739,8.68269694e-05,90,217.275123,7.06396243,74.3362607
619,1.71944449,162.914794,17.1727271,162.731285,1.00112768,64.4866427,0.987367167,8.77144441e-05,90,217.276614,5.04785166,74.3532035
620,1.72222226,162.636584,17.1434012,162.732086,0.999413136,64.4982918,0.987367019,8.59544043e-05,90,217.275128,1.7686993,74.367514
621,1.72500004,162.959392,17.1774282,162.741426,1.00133934,64.4982768,0.98736687,8.66422962e-05,90,217.277827,2.47760381,74.3531661
622,1.72777782,161.848115,17.0602893,162.743715,0.994496865,64.4982538,0.98736687,8.60114886e-05,90,217.262974,8.10362041,74.3531608
623,1.7305556,163.096942,17.1919272,162.734921,1.0022246,64.4983396,0.987366796,8.65652286e-05,90,217.266287,5.97027225,74.3492657
624,1.73333338,162.488389,17.1277801,162.730352,0.998513103,64.498236,0.987366796,8.66351501e-05,90,217.261894,4.40173967,74.3388415
625,1.73611115,163.126342,17.1950263,162.720505,1.00249407,64.4984069,0.987366727,8.65103775e-05,90,217.263948,6.23544184,74.3505855
626,1.73888893,164.650589,17.355696,162.722727,1.01184753,64.4982305,0.987366727,8.64278273e-05,90,217.288067,7.47786817,74.3545004
627,1.74166671,161.862748,17.0618317,162.747398,0.994564271,64.4983026,0.987366796,8.6019728e-05,90,217.27451,8.49302152,74.3597147
628,1.74444449,163.078291,17.1899613,162.750932,1.00201141,64.4982574,0.987366796,8.67298268e-05,90,217.27801,4.90630347,74.3401556
629,1.74722226,162.71163,17.1513117,162.740712,0.999821298,64.4984603,0.987366509,8.66083848e-05,90,217.275742,9.1913422,74.3466562
630,1.75000004,163.537309,17.238346,162.738524,1.0049084,64.4863913,0.987366435,8.61293573e-05,90,217.283156,8.11650815,74.3583967
631,1.75277782,163.002068,17.1819266,162.744269,1.00158408,64.4981052,0.987366435,8.62936471e-05,90,217.285071,5.53110126,74.3427671
632,1.7555556,162.858085,17.1667495,162.746983,1.00068267,64.4980628,0.987366435,8.64986417e-05,90,217.285027,5.25393529,74.3544903
633,1.75833338,163.272283,17.2104098,162.751207,1.00320167,64.4980342,0.987366286,8.5982844e-05,90,217.291485,4.34441488,74.344067
634,1.76111115,163.587935,17.2436824,162.752405,1.00513375,64.4980062,0.987366286,8.60060974e-05,90,217.299952,7.89651681,74.3610223
635,1.76388893,161.904289,17.0662106,162.765089,0.994711397,64.4861418,0.987366282,8.65954452e-05,90,217.283777,9.99300977,74.3388584
636,1.76666671,163.506614,17.2351104,162.741324,1.0047025,64.4859953,0.987366129,8.7412531e-05,90,217.291601,7.07051221,74.3479845
637,1.76944449,163.728196,17.2584672,162.746112,1.00603445,64.4857701,0.987366054,8.77804289e-05,90,217.302671,8.91397907,74.3544921
638,1.77222227,165.203033,17.4139286,162.761734,1.01499922,68.1758573,0.987360117,8.65733746e-05,90,217.332927,9.78934189,74.350596
639,1.77500004,161.715108,17.0462691,162.787723,0.993410957,64.5433075,0.987359969,8.71614762e-05,90,217.311922,12.3459703,74.3415072
640,1.77777782,162.8956,17.1707039,162.780252,1.00070861,64.5679698,0.987359825,8.64986417e-05,90,217.312247,5.4176613,74.3623407
641,1.7805556,162.884934,17.1695796,162.782163,1.00063135,64.5680398,0.987359755,8.60114886e-05,90,217.313113,2.85112716,74.3557898
642,1.78333338,162.788099,17.1593723,162.785355,1.00001686,64.5679395,0.987359755,4.5399362e-05,90,217.31305,0.929646309,74.3583759
643,1.78611115,162.861792,17.1671402,162.788623,1.00044947,64.5679482,0.987359607,8.64986417e-05,90,217.30968,7.69547626,74.3466662
644,1.78888893,163.025239,17.1843691,162.784488,1.00147895,64.5560566,0.987359681,8.65003575e-05,90,217.311779,5.08025254,74.3440593
645,1.79166671,163.155693,17.1981201,162.782884,1.00229022,64.5559011,0.987359755,8.64986417e-05,90,217.317384,5.15410771,74.349251
646,1.79444449,162.882845,17.1693594,162.787005,1.00058875,64.5557006,0.98735976,8.66648256e-05,90,217.31765,4.05030463,74.3453579
647,1.79722227,162.757803,17.1561788,162.785172,0.999831866,64.5556151,0.987359834,8.67267789e-05,90,217.315995,4.699083,74.3453705
648,1.80000004,163.119411,17.1942956,162.778882,1.00209197,64.5672969,0.98735976,8.66062858e-05,90,217.320198,3.03406154,74.3649219
649,1.80277782,162.889814,17.170094,162.792922,1.00059518,63.3904404,0.98736548,8.71614762e-05,90,217.316734,10.0296888,74.3375477
650,1.8055556,163.839173,17.2701652,162.779167,1.00651192,62.0912517,0.98736541,8.84722486e-05,90,217.325792,11.8486001,74.3545044
651,1.80833338,163.946881,17.2815186,162.784559,1.00714024,64.4973501,0.987365271,8.64986417e-05,90,217.341209,9.03819927,74.3505942
652,1.81111115,164.041518,17.2914942,162.808777,1.00757171,65.5315858,0.987365197,8.66148031e-05,90,217.35174,12.3768799,74.3440952
653,1.81388893,165.354389,17.429883,162.815202,1.01559552,65.6007566,0.987365192,8.64986417e-05,90,217.381458,11.0052614,74.3531974
654,1.81666671,162.830688,17.1638616,162.847365,0.999897589,64.4972795,0.987365123,8.64986417e-05,90,217.380189,4.13890087,74.36101
655,1.81944449,164.006812,17.2878359,162.864873,1.00701157,64.4852706,0.987365197,8.64986417e-05,90,217.39372,6.54806189,74.3388772
656,1.82222227,162.084757,17.0852336,162.874287,0.995152524,64.485039,0.987365271,8.64996569e-05,90,217.379026,9.94318968,74.3362794
657,1.82500004,163.242031,17.207221,162.849816,1.00240845,64.4967873,0.987365197,8.65685561e-05,90,217.382224,6.77519871,74.3662687
658,1.82777782,164.924303,17.384548,162.860457,1.01267248,64.484877,0.987365127,8.84722486e-05,90,217.402963,13.1299499,74.3479946
659,1.8305556,162.824267,17.1631847,162.876651,0.999678381,64.4966185,0.987365058,8.65376602e-05,90,217.401144,4.45594946,74.3545256
660,1.83333338,163.236886,17.2066786,162.893345,1.00210899,64.496645,0.987365132,8.6500926e-05,90,217.40367,9.3099292,74.3440758
661,1.83611116,163.138933,17.1963535,162.886859,1.00154754,64.4966508,0.987365211,8.65282422e-05,90,217.407454,5.16516949,74.3636355
662,1.83888893,162.831335,17.1639298,162.898462,0.999587918,64.4967223,0.987364988,8.65110779e-05,90,217.4063,1.81306092,74.3583833
663,1.84166671,162.568828,17.1362591,162.899967,0.997967227,64.4966198,0.987365062,8.64986417e-05,90,217.400757,7.65502365,74.355784
664,1.84444449,162.594635,17.1389794,162.893257,0.998166763,64.4965907,0.987365136,8.59955591e-05,90,217.395711,4.26661423,74.3440647
665,1.84722227,163.199297,17.2027163,162.883168,1.00194083,64.4965922,0.987365136,8.59908613e-05,90,217.398913,4.87439657,74.3544853
666,1.85000004,163.132251,17.1956491,162.886877,1.00150641,64.4965849,0.987365136,8.65117987e-05,90,217.39961,7.87088816,74.3414527
667,1.85277782,162.160239,17.0931901,162.883263,0.995561093,64.4965853,0.987365136,8.66648256e-05,90,217.385137,9.75172546,74.3388851
668,1.8555556,162.459042,17.1246866,162.856862,0.997557241,64.4847123,0.987365141,8.64986823e-05,90,217.37763,6.95864742,74.3701545
669,1.85833338,162.457322,17.1245053,162.859484,0.997530619,63.3194902,0.987371078,8.64986417e-05,90,217.369963,5.37375139,74.3518993
670,1.86111116,162.485247,17.1274489,162.84899,0.99776638,64.4612301,0.987371078,8.59516048e-05,90,217.362198,7.62282685,74.3363015
671,1.86388893,163.154547,17.1979993,162.839725,1.00193333,64.4731187,0.987371,8.71614762e-05,90,217.363286,9.02465669,74.3414736
672,1.86666671,162.515466,17.1306342,162.831427,0.998059581,63.2238947,0.987376863,8.86347322e-05,90,217.35452,8.8458087,74.337566
673,1.86944449,163.725129,17.2581439,162.799743,1.0056842,64.3909355,0.987376793,8.84722486e-05,90,217.362319,10.0180064,74.3466992
674,1.87222227,162.567291,17.136097,162.811223,0.998501746,64.3907634,0.987376867,8.85508401e-05,90,217.357493,5.20364167,74.3636333
675,1.87500005,163.095796,17.1918064,162.820711,1.00168949,64.390605,0.987376793,8.86610839e-05,90,217.355962,9.35266214,74.3297433
676,1.87777782,162.714843,17.1516504,162.811408,0.999406887,64.3904679,0.987376719,9.17300506e-05,90,217.349361,11.2896501,74.3571183
677,1.8805556,161.812963,17.0565839,162.803137,0.993917963,64.3904186,0.987376636,8.86347322e-05,90,217.332597,8.54528257,74.3428032
678,1.88333338,163.128344,17.1952372,162.782534,1.00212436,64.390105,0.987376567,9.16672155e-05,90,217.335788,4.98271169,74.3466704
679,1.88611116,163.273909,17.2105812,162.776503,1.00305576,64.389949,0.987376502,9.5961627e-05,90,217.337552,8.60959089,74.3583893
680,1.88888893,163.238791,17.2068794,162.786472,1.0027786,64.3897398,0.987376271,9.18240457e-05,90,217.337732,11.1138696,74.3415012
681,1.89166671,162.834658,17.16428,162.777537,1.00035091,64.4015261,0.987376202,8.85944664e-05,90,217.335509,7.92085998,74.3688529
682,1.89444449,163.792076,17.2652007,162.791052,1.00614914,64.4014448,0.987376192,8.84722486e-05,90,217.347552,5.8567946,74.3649513
683,1.89722227,162.722177,17.1524235,162.807507,0.999475886,64.4014968,0.987376004,8.66148031e-05,90,217.344507,7.15675575,74.3648956
684,1.90000005,163.027158,17.1845713,162.816912,1.0012913,64.4014264,0.98737593,8.64131636e-05,90,217.346983,2.96144351,74.3479683
685,1.90277782,162.8404,17.1648853,162.817416,1.00014116,64.401494,0.987375634,8.71614762e-05,90,217.346872,2.64914708,74.3531785
686,1.9055556,162.604704,17.1400408,162.820059,0.998677346,64.4014731,0.987375703,8.64986417e-05,90,217.341818,6.56231434,74.3636091
687,1.90833338,163.451973,17.2293508,162.821057,1.0038749,64.40145,0.987375708,8.65980921e-05,90,217.349054,5.35925858,74.3349545
688,1.91111116,163.404713,17.2243691,162.814929,1.00362242,64.3895341,0.987375703,8.64346248e-05,90,217.355591,5.60407412,74.3440635
689,1.91388894,163.129947,17.1954063,162.820412,1.00190109,64.3894138,0.987375698,8.8032821e-05,90,217.358432,5.01736517,74.3518773
690,1.91666671,162.675944,17.1475501,162.823548,0.999093472,64.3891823,0.987375619,8.8032821e-05,90,217.355323,4.33413598,74.3544676
691,1.91944449,162.886312,17.1697248,162.824896,1.00037719,64.3890624,0.987375471,8.80995443e-05,90,217.353259,8.34582994,74.3596945
692,1.92222227,163.170314,17.1996612,162.830147,1.00208909,64.4007546,0.987375397,8.58336454e-05,90,217.357012,4.46387309,74.3544788
693,1.92500005,163.072566,17.1893577,162.833438,1.00146854,65.6701372,0.987375541,8.6087022e-05,90,217.354456,12.0390533,74.3427455
694,1.92777782,162.731497,17.1534059,162.828251,0.999405787,64.4008301,0.987375467,8.58700106e-05,90,217.35292,2.07282801,74.3557813
695,1.9305556,162.897862,17.1709424,162.831182,1.00040951,64.4008161,0.987375392,8.66083848e-05,90,217.353346,4.50444051,74.3492568
696,1.93333338,162.480359,17.1269336,162.831287,0.997844834,64.4009497,0.987375323,8.61653123e-05,90,217.345151,6.44301678,74.3570932
697,1.93611116,162.607717,17.1403584,162.826398,0.998656968,64.4007539,0.987375323,8.67485371e-05,90,217.341444,4.01949931,74.346668
698,1.93888894,163.299678,17.2132974,162.819919,1.00294656,64.4007824,0.987375323,8.66648256e-05,90,217.346613,5.15820399,74.3440526
699,1.94166671,162.986384,17.1802733,162.8191,1.00102742,64.4007747,0.987375471,8.58376049e-05,90,217.348461,2.59408008,74.3583861
700,1.94444449,161.949428,17.0709686,162.826027,0.994616348,64.4008015,0.987375476,8.59981631e-05,90,217.331361,9.14449501,74.3531765
701,1.94722227,163.114749,17.1938043,162.81575,1.00183643,64.4009234,0.987375545,8.61653123e-05,90,217.335583,5.79919934,74.34797
702,1.95000005,162.766055,17.1570486,162.809074,0.99973577,64.4007907,0.987375541,8.58370831e-05,90,217.333739,5.04377976,74.3505525
703,1.95277783,163.412591,17.2251995,162.809137,1.00370651,64.4008257,0.987375685,8.6499464e-05,90,217.340703,5.13611141,74.3375336
704,1.9555556,162.076474,17.0843605,162.80666,0.995515014,64.4008156,0.987375689,8.61998769e-05,90,217.328007,7.43391014,74.3518991
705,1.95833338,162.933408,17.1746892,162.802856,1.0008019,64.4008163,0.987375615,8.59727522e-05,90,217.329119,3.68785916,74.3492648
706,1.96111116,163.577933,17.2426281,162.796422,1.00480054,64.4008482,0.987375541,8.65201223e-05,90,217.338316,5.58211386,74.3479837
707,1.96388894,162.608107,17.1403994,162.801912,0.998809562,64.4007638,0.987375541,8.58572973e-05,90,217.334924,4.06942071,74.3635871
708,1.96666671,162.97514,17.1790882,162.809545,1.00101711,64.4007573,0.987375541,8.58363388e-05,90,217.337143,2.89120316,74.3479578
709,1.96944449,162.741553,17.1544659,162.809004,0.999585706,64.4007583,0.987375541,8.59981631e-05,90,217.332771,6.40919572,74.354474
710,1.97222227,162.30602,17.1085567,162.808757,0.996912102,64.4007557,0.987375541,8.59566622e-05,90,217.324084,6.39076247,74.3401475
711,1.97500005,162.394,17.1178306,162.795484,0.997533811,64.4007506,0.987375541,8.58306885e-05,90,217.317295,4.9827666,74.3596932
712,1.97777783,162.94409,17.1758152,162.787102,1.00096437,64.41266,0.987375541,8.64986417e-05,90,217.318909,7.04363398,74.3597138
713,1.9805556,163.840352,17.2702895,162.79356,1.00643018,64.401073,0.98737561,8.58462497e-05,90,217.331609,6.5499479,74.3401724
714,1.98333338,162.250261,17.1026792,162.796486,0.996644737,64.4009021,0.98737561,8.59981631e-05,90,217.322475,8.99430951,74.3584013
715,1.98611116,163.368455,17.2205472,162.796134,1.00351557,64.4009017,0.98737561,8.64986417e-05,90,217.321612,10.8185674,74.3519054
716,1.98888894,163.067013,17.1887724,162.790929,1.00169594,65.6701052,0.987375759,8.64986417e-05,90,217.322687,8.27142679,74.3388765
717,1.99166671,164.072662,17.2947771,162.791366,1.00787079,64.40092,0.987375759,8.58478864e-05,90,217.33766,7.32755937,74.3401643
718,1.99444449,163.372064,17.2209276,162.800115,1.0035132,64.4009584,0.987375833,8.60485135e-05,90,217.344425,7.85141556,74.3688279
719,1.99722227,162.451136,17.1238532,162.818181,0.997745674,64.4009169,0.987375833,8.65220305e-05,90,217.33526,7.58897143,74.3453789
720,2.00000005,163.110224,17.1933273,162.811521,1.00183466,64.4009194,0.987375833,8.58306885e-05,90,217.339481,5.84049165,74.3544857
721,2.00277783,162.658406,17.1457014,162.813152,0.999049544,64.4012729,0.987375694,8.64986417e-05,90,217.332963,7.92856674,74.3466658
722,2.0055556,162.837657,17.1645962,162.806176,1.00019337,64.4011451,0.987375554,8.64986417e-05,90,217.329367,11.4100196,74.3388723
723,2.00833338,162.77594,17.1580906,162.788569,0.999922421,64.4009603,0.987375554,4.34674217e-05,90,217.329167,0.738226394,74.3688095
724,2.01111116,161.942511,17.0702395,162.801144,0.99472588,64.400923,0.987375554,8.58661753e-05,90,217.315796,6.51288358,74.3518583
725,2.01388894,162.879354,17.1689914,162.791637,1.00053883,64.4009701,0.987375559,8.60048823e-05,90,217.312126,9.36844884,74.3492752
726,2.01666672,163.699718,17.2554654,162.780294,1.00564825,64.4009266,0.987375559,8.64986417e-05,90,217.321942,7.8206649,74.3492839
727,2.01944449,162.844812,17.1653504,162.786432,1.00035863,63.2238656,0.987381422,8.62624594e-05,90,217.321019,4.92408942,74.3479847
728,2.02222227,162.761506,17.1565692,162.785818,0.999850648,64.3775999,0.987381422,4.42361243e-05,90,217.320597,1.01304825,74.3557648
729,2.02500005,161.774221,17.0525002,162.79104,0.993753844,64.3776003,0.987381422,8.64986417e-05,90,217.304631,7.56235875,74.3544696
730,2.02777783,162.795949,17.1601998,162.779223,1.00010276,64.3776434,0.987381422,8.65469657e-05,90,217.304433,3.07325172,74.3453623
731,2.0305556,163.353276,17.2189471,162.768706,1.00359141,65.6700921,0.987381422,8.60583208e-05,90,217.305797,11.3408155,74.355779
732,2.03333338,162.735712,17.1538502,162.771553,0.999779809,64.3777645,0.987381492,8.58462497e-05,90,217.305581,1.71159447,74.3427563
733,2.03611116,162.649445,17.1447568,162.772,0.999247076,64.3776166,0.987381343,8.59133218e-05,90,217.303934,3.18443667,74.3427401
734,2.03888894,161.931864,17.0691172,162.768225,0.994861644,64.3776449,0.987381343,8.59981631e-05,90,217.290913,6.37679943,74.3544692
735,2.04166672,162.842176,17.1650725,162.757347,1.0005212,64.377598,0.987381343,8.58326939e-05,90,217.291693,2.61354475,74.3557751
736,2.04444449,162.467684,17.1255976,162.751973,0.998253242,64.377631,0.987381413,8.64986417e-05,90,217.287457,3.28774537,74.3531574
737,2.04722227,162.761628,17.156582,162.748884,1.0000783,64.3775999,0.987381413,4.29404049e-05,90,217.287583,0.768788757,74.3466388
738,2.05000005,163.86274,17.2726494,162.745401,1.00686556,65.6699962,0.987381561,8.65148846e-05,90,217.301241,7.23084489,74.3401471
739,2.05277783,163.857106,17.2720555,162.75336,1.00678171,65.7391173,0.987381779,8.6754935e-05,90,217.313735,7.9099852,74.3583907
740,2.05555561,162.00271,17.076585,162.773095,0.99526712,64.3776841,0.98738171,8.59981631e-05,90,217.30169,6.26983,74.3584078
741,2.05833338,162.974908,17.1790636,162.772656,1.00124254,64.3776283,0.98738171,8.58462906e-05,90,217.303891,3.24673543,74.3388332
742,2.06111116,162.677006,17.1476621,162.764289,0.999463746,64.3776246,0.987381858,8.58927322e-05,90,217.302425,2.6073012,74.3505687
743,2.06388894,162.442945,17.1229898,162.764252,0.998025935,64.3776443,0.987381858,8.65110779e-05,90,217.296897,4.73113707,74.344063
744,2.06666672,162.640523,17.1438165,162.751914,0.999315583,64.3776784,0.987381932,8.58306885e-05,90,217.295177,1.87540894,74.3609866
745,2.06944449,162.708314,17.1509622,162.754961,0.999713391,64.3777432,0.987381784,4.42857281e-05,90,217.294447,1.41268873,74.3596834
746,2.07222227,162.929657,17.1742939,162.757537,1.00105753,64.377661,0.987381788,8.58306885e-05,90,217.296418,2.71183007,74.3479413
747,2.07500005,163.609951,17.2460031,162.757618,1.00523682,64.3776753,0.987381773,8.5860417e-05,90,217.306452,5.78676254,74.3414429
748,2.07777783,162.609879,17.1405862,162.765464,0.999044114,64.3776957,0.987381784,8.58687526e-05,90,217.304093,2.47694836,74.3570785
749,2.08055561,162.736388,17.1539215,162.768683,0.999801595,64.3778267,0.987381817,8.59981631e-05,90,217.302613,5.18568857,74.3440441
750,2.08333338,162.983485,17.1799678,162.762339,1.0013587,64.3776771,0.987381876,8.61653123e-05,90,217.300763,12.1027589,74.3479756
751,2.08611116,163.459837,17.2301797,162.753188,1.00434184,64.3776406,0.987381915,8.6677927e-05,90,217.305834,8.51446775,74.3519078
752,2.08888894,162.127451,17.0897339,162.76157,0.996104001,64.3776409,0.987381928,8.59981631e-05,90,217.295491,6.75662968,74.3610038
753,2.09166672,162.972629,17.1788234,162.762272,1.00129242,64.3778004,0.987381997,8.58552516e-05,90,217.298471,6.00830147,74.3414448
754,2.0944445,162.885002,17.1695868,162.755338,1.00079668,64.3776507,0.987382002,8.66648256e-05,90,217.296672,6.67943592,74.3518683
755,2.09722227,162.354531,17.1136702,162.75462,0.997541765,64.3776542,0.987382002,8.58306885e-05,90,217.289866,8.51980403,74.3518805
756,2.10000005,162.881286,17.1691951,162.750017,1.00080657,64.3776947,0.987381997,8.58376049e-05,90,217.290491,4.90635785,74.3466555
757,2.10277783,162.91406,17.1726498,162.743477,1.00104817,64.377661,0.987381997,8.64986417e-05,90,217.293598,4.55333322,74.3518578
758,2.10555561,163.358393,17.2194866,162.746113,1.00376218,64.3776543,0.987381997,8.59981631e-05,90,217.301905,6.34723949,74.3466698
759,2.10833338,163.049604,17.1869374,162.750762,1.0018362,64.3777448,0.987382042,8.71614762e-05,90,217.305376,4.01560875,74.3557687
760,2.11111116,163.424577,17.226463,162.757387,1.00409929,65.5547113,0.987376164,8.65339763e-05,90,217.314982,5.99481734,74.3479845
761,2.11388894,164.489358,17.3387007,162.770058,1.01056275,65.8577035,0.987376215,8.59981631e-05,90,217.3336,10.4509586,74.3492839
762,2.11666672,162.663747,17.1462644,162.782234,0.999272109,64.4008789,0.987376069,8.58306885e-05,90,217.33118,4.39559591,74.3518911
763,2.1194445,162.78911,17.1594789,162.788536,1.00000353,64.4008591,0.987376069,4.42361243e-05,90,217.331115,0.968192507,74.3583756
764,2.12222227,162.01209,17.0775738,162.794624,0.99519312,64.4008427,0.987376213,8.64986417e-05,90,217.318736,6.07427566,74.3453562
765,2.12500005,162.490976,17.1280528,162.777795,0.998237975,64.4008707,0.987376102,8.61269e-05,90,217.312808,7.00786166,74.355792
766,2.12777783,162.312267,17.1092152,162.773286,0.99716772,64.4008656,0.987376115,8.58766068e-05,90,217.302707,7.86304273,74.3610061
767,2.13055561,162.103721,17.0872325,162.770136,0.995905789,64.400918,0.987376129,8.58725878e-05,90,217.292798,4.84332374,74.3362497
768,2.13333338,162.910143,17.1722368,162.750251,1.00098244,64.4010021,0.987375986,8.59200782e-05,90,217.294546,4.43668657,74.3505772
769,2.13611116,161.930592,17.0689832,162.74757,0.994980095,63.2237621,0.987381849,8.58315172e-05,90,217.282209,3.52370288,74.3596984
770,2.13888894,162.940623,17.1754498,162.735224,1.00126217,64.3775448,0.987381849,8.58306885e-05,90,217.284823,2.39454541,74.3453436
771,2.14166672,162.574973,17.1369068,162.731958,0.999035316,64.3775033,0.987381849,8.58356405e-05,90,217.28199,4.12640989,74.349255
772,2.1444445,163.394713,17.223315,162.730744,1.00408017,64.3775032,0.987381849,8.59103062e-05,90,217.290203,5.01265125,74.3401471
773,2.14722227,163.186512,17.2013687,162.732767,1.00278828,64.3775008,0.987381849,8.59981631e-05,90,217.295107,5.15164776,74.3623147
774,2.15000005,163.608316,17.2458307,162.746539,1.00529521,64.3775008,0.987381849,8.59431852e-05,90,217.305211,5.99835685,74.3518743
775,2.15277783,162.860377,17.1669911,162.758308,1.00062712,64.3775377,0.987381844,8.59199658e-05,90,217.306163,3.00382035,74.3401595
776,2.15555561,162.881898,17.1692596,162.759002,1.00075508,64.3775012,0.987381844,8.64996569e-05,90,217.307798,3.39566217,74.3518845
777,2.15833339,162.750466,17.1554054,162.760376,0.999939115,64.3775433,0.987381849,8.58306885e-05,90,217.30794,1.84407636,74.3544606
778,2.16111116,162.62191,17.1418544,162.761823,0.999140382,64.3775027,0.987381849,8.60022478e-05,90,217.305657,3.36411673,74.3570661
779,2.16388894,163.024602,17.1843019,162.761049,1.00161927,64.3774984,0.987381849,8.59063297e-05,90,217.308946,2.58170095,74.3414304
780,2.16666672,162.736421,17.153925,162.759174,0.999860203,64.3775029,0.987381849,4.45070574e-05,90,217.308581,1.00533491,74.3596812
781,2.1694445,162.810989,17.1617851,162.764751,1.00028408,64.3775802,0.98738177,4.45602028e-05,90,217.309151,1.21700724,74.3440254
782,2.17222227,162.998197,17.1815185,162.761973,1.00145134,64.3775034,0.98738177,8.58342593e-05,90,217.312161,2.58006352,74.3518597
783,2.17500005,162.79633,17.1602399,162.765283,1.00019075,64.377497,0.98738177,4.35985078e-05,90,217.312501,1.33319056,74.3505463
784,2.17777783,164.060602,17.2935059,162.767151,1.00794663,65.9514393,0.98738177,8.60338667e-05,90,217.328022,7.43093286,74.3479619
785,2.18055561,161.81753,17.0570653,162.778993,0.994093445,64.3775421,0.98738177,8.5849605e-05,90,217.312773,6.57239203,74.3505769
786,2.18333339,164.166771,17.304697,162.776265,1.00854243,65.9762602,0.987381771,8.64986417e-05,90,217.330117,6.84165777,74.3466661
787,2.18611116,163.020462,17.1838655,162.777667,1.00149157,64.3773522,0.987381696,8.59981631e-05,90,217.33176,6.70478751,74.3584008
788,2.18888894,161.07211,16.9784912,162.791711,0.989436806,64.3774016,0.987381553,8.66648256e-05,90,217.305776,7.64391573,74.3531948
789,2.19166672,163.236,17.2065852,162.772487,1.00284762,64.3774203,0.987381553,8.58550061e-05,90,217.310661,4.40610628,74.3505771
790,2.1944445,163.118118,17.1941593,162.763552,1.00217841,65.5543853,0.987375689,8.60129079e-05,90,217.314616,4.75133578,74.3427506
791,2.19722228,163.422686,17.2262637,162.768748,1.00401759,68.090869,0.987369678,8.58992782e-05,90,217.323347,5.66455395,74.3544899
792,2.20000005,162.205385,17.0979488,162.775792,0.996495749,63.2576847,0.987375536,8.59981631e-05,90,217.31104,7.76127721,74.3492697
793,2.20277783,163.17813,17.2004851,162.76651,1.00252889,64.4477923,0.987375536,8.65271562e-05,90,217.31606,6.9905255,74.3558076
794,2.20555561,163.34489,17.2180633,162.772727,1.00351511,64.4478219,0.987375536,8.60281502e-05,90,217.321881,6.60531045,74.3388458
795,2.20833339,162.96602,17.1781268,162.772059,1.00119161,65.6248344,0.987369525,8.59116965e-05,90,217.323749,5.28014013,74.3584056
796,2.21111116,162.753427,17.1557175,162.787171,0.999792711,64.4711213,0.987369376,4.35270626e-05,90,217.32323,1.18021309,74.3570804
797,2.21388894,162.849733,17.1658691,162.785048,1.00039736,64.4711416,0.987369381,8.58897671e-05,90,217.323016,5.45101451,74.3479469
798,2.21666672,162.468927,17.1257286,162.782055,0.998076398,64.471103,0.987369381,8.58381471e-05,90,217.316805,6.94576394,74.3492612
799,2.2194445,163.529039,17.2374742,162.777994,1.00461392,64.4711048,0.987369381,8.64986417e-05,90,217.325199,7.01432313,74.3388436
800,2.22222228,162.847784,17.1656636,162.776231,1.00043958,64.471105,0.987369381,8.64986417e-05,90,217.324243,5.96813841,74.3596918
801,2.22500005,164.201234,17.3083298,162.781692,1.00872053,68.161377,0.987363443,8.60014717e-05,90,217.339028,8.91497029,74.3427777
802,2.22777783,163.166365,17.199245,162.789952,1.00231226,64.5170414,0.987363443,8.59098871e-05,90,217.343457,3.51806624,74.354486
803,2.23055561,163.981855,17.2852052,162.807605,1.00721251,68.2320785,0.987357496,8.60225151e-05,90,217.358577,6.29486735,74.3466562
804,2.23333339,162.831143,17.1639096,162.816963,1.00008709,64.5876177,0.987357348,8.5869379e-05,90,217.356229,4.49870814,74.3622944
805,2.23611117,163.119356,17.1942898,162.831686,1.00176667,64.6123198,0.987357348,8.59866051e-05,90,217.360845,7.83020198,74.3440546
806,2.23888894,163.020499,17.1838694,162.831737,1.00115924,64.6123236,0.987357348,8.65090375e-05,90,217.362836,3.29383783,74.3492734
807,2.24166672,163.468765,17.2311208,162.833577,1.00390084,64.6123609,0.987357343,8.65148846e-05,90,217.369986,5.70997749,74.3479693
808,2.2444445,162.38253,17.1166215,162.839312,0.997194889,64.6124089,0.987357348,8.58398966e-05,90,217.36279,5.19238882,74.3453741
809,2.24722228,162.794105,17.1600054,162.833991,0.999755056,64.6123695,0.987357204,8.58306885e-05,90,217.362012,2.71426198,74.3648973
810,2.25000005,162.606573,17.1402377,162.834369,0.998601052,64.6123487,0.987357204,8.65055047e-05,90,217.358564,2.50251567,74.3427468
811,2.25277783,162.818826,17.1626112,162.82872,0.99993924,64.612353,0.987357204,4.42361243e-05,90,217.358372,1.09276181,74.3596829
812,2.25555561,162.913097,17.1725483,162.830585,1.00050674,64.6123048,0.987357204,8.58411652e-05,90,217.359238,2.21645196,74.3453386
813,2.25833339,163.091185,17.1913203,162.829781,1.00160538,64.6124532,0.9873572,8.61470462e-05,90,217.361858,4.75910986,74.3479526
814,2.26111117,162.852667,17.1661784,162.829665,1.00014127,64.612309,0.9873572,8.65293484e-05,90,217.361959,2.23860376,74.3609886
815,2.26388894,162.099689,17.0868075,162.835007,0.995484279,63.4354607,0.987362993,8.59981631e-05,90,217.347684,8.73398327,74.3349502
816,2.26666672,164.972056,17.3895815,162.805295,1.01330891,67.0785113,0.987363068,8.68379833e-05,90,217.36947,12.3499472,74.3440896
817,2.2694445,163.24302,17.2073252,162.818191,1.00260922,64.5997459,0.987363058,8.62596088e-05,90,217.37476,3.80828491,74.3623359
818,2.27222228,163.982947,17.2853204,162.847523,1.00697232,68.3261735,0.987357195,8.65012407e-05,90,217.387909,8.20675546,74.3401744
819,2.27500006,164.008911,17.2880572,162.851452,1.00710745,63.4927742,0.987363054,8.64986417e-05,90,217.400723,7.63526177,74.3532161
820,2.27777783,162.402742,17.1187521,162.875265,0.997098869,61.0530261,0.987368917,8.65754541e-05,90,217.389213,9.56531054,74.3492757
821,2.28055561,162.243651,17.1019824,162.860337,0.996213409,63.4238717,0.987374785,8.60087829e-05,90,217.377871,7.23439568,74.3623379
822,2.28333339,164.483463,17.3380793,162.854835,1.01000049,65.9983817,0.987374785,8.64986417e-05,90,217.394422,10.351786,74.3545145
823,2.28611117,162.271757,17.1049451,162.874193,0.996301221,64.5892935,0.987374785,8.59981631e-05,90,217.383036,8.76091012,74.3505898
824,2.28888894,163.163766,17.1989711,162.873447,1.00178248,64.5893242,0.987374859,8.59477527e-05,90,217.38558,5.53779072,74.3362601
825,2.29166672,162.409215,17.1194345,162.865272,0.997199792,64.5893869,0.98737479,8.58882232e-05,90,217.378454,4.03549604,74.3544839
826,2.2944445,162.869487,17.1679513,162.861719,1.0000477,64.5893468,0.987374641,8.5866298e-05,90,217.37827,2.49219257,74.3518749
827,2.29722228,163.266439,17.2097938,162.857601,1.00251041,64.589314,0.987374567,8.65415266e-05,90,217.383838,6.22741092,74.3544808
828,2.30000006,162.668553,17.146771,162.863109,0.998805398,64.5894101,0.987374488,8.60153276e-05,90,217.38031,3.98488805,74.3531743
829,2.30277783,164.205636,17.3087938,162.860152,1.00826159,68.2796593,0.987368621,8.59434202e-05,90,217.397363,6.68671036,74.34274
830,2.30555561,162.786762,17.1592313,162.868121,0.999500459,64.6351893,0.987368625,8.58822516e-05,90,217.395992,2.21354332,74.3675123
831,2.30833339,163.087022,17.1908816,162.885729,1.00123579,64.6599031,0.987368625,8.59477527e-05,90,217.397305,5.59686137,74.3362424
832,2.31111117,162.94344,17.1757467,162.879871,1.00039028,64.6599499,0.98736862,8.58808097e-05,90,217.39777,3.50676504,74.3610012
833,2.31388894,164.059475,17.2933871,162.885399,1.00720799,68.3505056,0.987362539,8.59981631e-05,90,217.413318,4.95036527,74.3323277
834,2.31666672,163.212412,17.2040988,162.888644,1.00198766,64.6940558,0.98736253,8.68400059e-05,90,217.41591,6.22251757,74.3531924
835,2.3194445,163.103797,17.1926498,162.898468,1.00126048,64.7303519,0.987362525,8.58326939e-05,90,217.418451,2.4095722,74.3623087
836,2.32222228,162.542905,17.1335266,162.910691,0.997742405,63.5533353,0.98736824,8.64986417e-05,90,217.412559,3.25477458,74.3440464
837,2.32500006,163.242536,17.2072742,162.901454,1.00209379,64.7069708,0.98736824,8.58340138e-05,90,217.416598,3.8592918,74.3466494
838,2.32777783,163.033566,17.1852467,162.90317,1.00080045,64.7069819,0.987368092,8.64986417e-05,90,217.415716,4.8016743,74.3583801
839,2.33055561,163.801502,17.2661944,162.908463,1.00548185,66.0797592,0.987368087,8.61653123e-05,90,217.421576,10.6140813,74.3531907
840,2.33333339,163.067924,17.1888685,162.912573,1.00095359,64.7071779,0.987368087,8.59000117e-05,90,217.423719,2.8451321,74.3466643
841,2.33611117,163.468686,17.2311125,162.921593,1.00335802,64.7069507,0.987368087,8.59730382e-05,90,217.429398,6.18732251,74.3453745
842,2.33888895,162.826224,17.163391,162.928055,0.999374992,64.706944,0.987368087,8.65003575e-05,90,217.427661,2.6409613,74.3610097
843,2.34166672,163.238101,17.2068067,162.929274,1.00189547,64.706941,0.987368087,8.58306885e-05,90,217.432094,5.81365197,74.3479641
844,2.3444445,162.654173,17.1452552,162.930657,0.998303052,64.70694,0.987368087,8.60146844e-05,90,217.427236,4.93531114,74.3492666
845,2.34722228,161.461778,17.0195658,162.924821,0.991020135,64.7070301,0.987368096,8.71614762e-05,90,217.403838,8.36954588,74.3545024
846,2.35000006,163.212032,17.2040588,162.906204,1.00187732,64.7071532,0.987368105,8.66648256e-05,90,217.40687,5.08295261,74.3466681
847,2.35277783,163.105179,17.1927954,162.894893,1.00129093,64.7071135,0.987368026,8.5839293e-05,90,217.409339,2.58376615,74.3492556
848,2.35555561,162.70704,17.1508279,162.898753,0.998823117,64.7069903,0.987368026,8.59986635e-05,90,217.405254,5.24928744,74.3401599
849,2.35833339,162.699076,17.1499884,162.89053,0.998824642,64.7069398,0.987368026,8.64986417e-05,90,217.401656,3.99228076,74.362296
850,2.36111117,163.112209,17.1935365,162.89001,1.00136411,64.6951047,0.987368026,8.84722486e-05,90,217.404364,3.02911281,74.3479514
851,2.36388895,163.332996,17.2168095,162.890317,1.00271765,64.7069805,0.987367952,8.60061689e-05,90,217.40988,4.03545689,74.3479716
852,2.36666672,162.798156,17.1604324,162.896389,0.999396963,64.7067538,0.987367952,8.59747339e-05,90,217.408366,1.48311486,74.3570657
853,2.3694445,163.069309,17.1890144,162.900765,1.00103464,64.706747,0.987367952,8.58752467e-05,90,217.410278,2.44803732,74.3518554
854,2.37222228,162.918227,17.173089,162.90211,1.00009894,64.7067523,0.987367803,4.42361243e-05,90,217.410487,0.71864465,74.3505462
855,2.37500006,163.145943,17.1970923,162.902933,1.00149175,64.706772,0.987367799,8.58995005e-05,90,217.414763,4.34490213,74.3375371
856,2.37777784,162.869735,17.1679775,162.900194,0.999813019,64.7067447,0.98736765,8.58306885e-05,90,217.410933,8.97294349,74.3649033
857,2.38055561,163.585113,17.2433849,162.90174,1.004195,64.7068609,0.98736772,8.58306885e-05,90,217.418266,6.42816734,74.3518563
858,2.38333339,163.095356,17.19176,162.908726,1.00114561,64.7067573,0.987367715,8.60393685e-05,90,217.419864,3.41122924,74.3466553
859,2.38611117,162.828465,17.1636273,162.911867,0.999488054,64.7067646,0.987367715,8.58361009e-05,90,217.418638,1.77718881,74.3518633
860,2.38888895,162.91024,17.1722471,162.913463,0.999980212,64.7067122,0.987367715,8.58306885e-05,90,217.418346,2.24071801,74.3492541
861,2.39166672,163.000618,17.1817738,162.912745,1.00053938,64.7066983,0.987367864,8.58469964e-05,90,217.420073,7.25411243,74.3401549
862,2.3944445,162.875252,17.1685591,162.909902,0.999787309,64.7067203,0.987367864,8.64986417e-05,90,217.419931,1.70018701,74.3622918
863,2.39722228,162.934571,17.1748118,162.910647,1.00014685,64.7067182,0.987367864,8.65808403e-05,90,217.420011,2.52855425,74.3427418
864,2.40000006,163.496046,17.2339965,162.906498,1.00361893,64.7067928,0.987367933,8.58306885e-05,90,217.425981,6.57731187,74.3570785
865,2.40277784,162.890884,17.1702067,162.914337,0.999856038,64.7067651,0.987367933,4.42361243e-05,90,217.425615,1.00084735,74.3557602
866,2.40555561,163.134602,17.1958969,162.918951,1.00132367,64.7067654,0.987367933,8.58317117e-05,90,217.428401,2.28704506,74.3466365
867,2.40833339,164.163489,17.3043511,162.919149,1.00763777,66.0913131,0.987367933,8.58326939e-05,90,217.443318,7.36057666,74.3466531
868,2.41111117,163.102445,17.1925073,162.931714,1.00104787,64.7067079,0.987367933,8.64986417e-05,90,217.44561,2.99321957,74.3492649
869,2.41388895,162.217746,17.0992518,162.941074,0.995560799,64.706749,0.987367929,8.64986417e-05,90,217.434403,6.87874364,74.3505643
870,2.41666673,163.257173,17.208817,162.932548,1.00199239,64.7067466,0.987368003,8.58306885e-05,90,217.439019,5.79223355,74.3531698
871,2.4194445,163.175656,17.2002244,162.929592,1.00151025,64.7067632,0.987368003,8.58306885e-05,90,217.436934,10.6810863,74.3518664
872,2.42222228,161.969695,17.0731049,162.92213,0.994154048,64.7067126,0.987367929,8.58432215e-05,90,217.421409,7.13859098,74.3479784
873,2.42500006,164.250923,17.3135675,162.911131,1.00822407,64.6948439,0.987367854,8.65462351e-05,90,217.43735,7.36308039,74.3492814
874,2.42777784,161.57702,17.0317133,162.916576,0.991777651,64.706574,0.987368003,8.58405207e-05,90,217.416597,6.80320106,74.3557909
875,2.43055561,164.052925,17.2926967,162.910694,1.00701139,64.7065643,0.987368003,8.64986417e-05,90,217.428954,8.44460775,74.3492773
876,2.43333339,162.727478,17.1529823,162.911772,0.998868751,64.7065631,0.987368003,8.65483761e-05,90,217.426166,2.43753357,74.3557729
877,2.43611117,162.632834,17.1430059,162.917455,0.998252974,64.706562,0.987368003,8.59391693e-05,90,217.420313,7.00076048,74.3479572
878,2.43888895,163.39298,17.2231324,162.910279,1.00296298,64.7066142,0.987368003,8.60142147e-05,90,217.424324,7.73633985,74.3310404
879,2.44166673,164.292941,17.3179966,162.895874,1.00857644,68.3971193,0.98736207,8.66521073e-05,90,217.43882,10.5222649,74.3636352
880,2.4444445,163.244466,17.2074776,162.906824,1.00207261,63.421415,0.987368151,8.66281858e-05,90,217.440348,9.52119182,74.3493113
881,2.44722228,164.243377,17.312772,162.91478,1.00815517,68.3976195,0.987362431,8.61653123e-05,90,217.454935,9.50032427,74.3506227
882,2.45000006,162.813451,17.1620447,162.933902,0.999260741,64.7529696,0.987362431,8.58675151e-05,90,217.452718,3.05265714,74.3558084
883,2.45277784,162.845985,17.165474,162.94777,0.999375346,64.7778594,0.987362362,8.58306885e-05,90,217.450581,3.78195312,74.3479596
884,2.45555562,162.908522,17.172066,162.941298,0.999798851,64.7777024,0.987362362,8.58306885e-05,90,217.44955,3.68014174,74.3479449
885,2.45833339,162.666574,17.1465625,162.937793,0.998335445,64.7658598,0.987362367,8.66648256e-05,90,217.441537,9.70294078,74.3362462
886,2.46111117,163.117104,17.1940525,162.916977,1.0012284,64.7775386,0.987362367,8.65049869e-05,90,217.442978,5.02221758,74.3597041
887,2.46388895,163.198604,17.2026433,162.92781,1.00166205,64.7775987,0.987362292,8.58908407e-05,90,217.446421,2.45164116,74.3583877
888,2.46666673,162.158704,17.0930283,162.935274,0.995233874,64.7775662,0.987362288,8.66648256e-05,90,217.434548,5.54215746,74.3609886
889,2.4694445,161.723183,17.0471203,162.93075,0.992588465,62.3364604,0.987362436,8.61705713e-05,90,217.414105,8.60056601,74.3375375
890,2.47222228,164.196671,17.3078488,162.891758,1.00801092,64.7309664,0.987362358,8.59981631e-05,90,217.428881,8.38914946,74.3440608
891,2.47500006,162.61471,17.1410954,162.899778,0.99825004,64.7189808,0.987362358,8.59981631e-05,90,217.424053,3.90356951,74.3583797
892,2.47777784,163.487405,17.2330856,162.907241,1.00356131,64.7307218,0.987362358,8.58306885e-05,90,217.429893,6.971243,74.3505603
893,2.48055562,162.83723,17.1645512,162.903285,0.999594517,64.7308128,0.987362432,8.64986417e-05,90,217.428184,4.0492458,74.3531783
894,2.48333339,162.177172,17.0949749,162.915965,0.99546519,64.7307277,0.987362432,8.64986417e-05,90,217.416025,7.2090009,74.3531868
895,2.48611117,162.88391,17.1694716,162.904615,0.999872898,64.7307336,0.987362432,8.58373517e-05,90,217.41604,1.75271166,74.3492649
896,2.48888895,162.735717,17.1538508,162.898149,0.999002861,64.7307348,0.987362432,8.58541468e-05,90,217.413636,1.85152543,74.3518575
897,2.49166673,162.71334,17.151492,162.896012,0.998878599,64.730737,0.987362432,8.59878689e-05,90,217.410884,2.57058098,74.3544566
898,2.4944445,163.62092,17.2471593,162.893567,1.0044652,64.7307338,0.987362432,8.65148846e-05,90,217.419251,5.49542448,74.3362495
899,2.49722228,162.752229,17.1555912,162.893316,0.999133864,64.7307258,0.98736258,8.58536558e-05,90,217.417123,1.71546262,74.3609886
900,2.50000006,163.194516,17.2022124,162.900285,1.00180621,64.7307875,0.987362506,8.58333078e-05,90,217.420175,4.51919505,74.3505522
901,2.50277784,162.522872,17.1314149,162.900951,0.997679086,63.553759,0.9873683,4.29485848e-05,90,217.414345,2.15308061,74.3518494
902,2.50555562,163.171919,17.1998305,162.895494,1.00169695,64.7074247,0.987368443,8.62501196e-05,90,217.4175,3.78574967,74.3388309
903,2.50833339,162.895907,17.1707363,162.893797,1.00001296,64.7074324,0.987368295,4.55185964e-05,90,217.417484,0.914844823,74.3622904
904,2.51111117,163.09974,17.1922222,162.900099,1.00122555,64.695553,0.98736829,8.64180314e-05,90,217.419821,3.14342816,74.3466411
905,2.51388895,162.94557,17.1759712,162.899496,1.00028283,64.7072602,0.98736829,8.65635952e-05,90,217.419462,4.64094596,74.3466615
906,2.51666673,163.031222,17.1849997,162.898023,1.00081768,64.707302,0.987368216,8.5846178e-05,90,217.420631,3.61586753,74.3518866
907,2.51944451,162.780542,17.1585757,162.901882,0.999255135,64.7072928,0.98736829,8.58306885e-05,90,217.418843,1.89891802,74.3557725
908,2.52222228,162.440278,17.1227088,162.902614,0.997161892,64.7072526,0.98736829,8.58306885e-05,90,217.41193,4.36344027,74.3544605
909,2.52500006,162.846365,17.165514,162.896658,0.999691254,64.7073008,0.987368369,8.5906943e-05,90,217.41064,3.38308177,74.3427561
910,2.52777784,162.841166,17.1649661,162.890481,0.999697252,64.7073133,0.987368295,8.65230151e-05,90,217.40959,2.58489242,74.3492565
911,2.53055562,162.89009,17.1701231,162.888326,1.00001083,64.7072838,0.987368439,4.34890747e-05,90,217.409546,0.945199705,74.3570706
912,2.53333339,163.046123,17.1865704,162.889513,1.00096145,64.7072705,0.98736829,8.5857553e-05,90,217.411306,2.53802253,74.3505525
913,2.53611117,163.057999,17.1878223,162.891353,1.00102305,64.707253,0.98736829,8.5864948e-05,90,217.413219,2.45288458,74.34924
914,2.53888895,162.9073,17.1719372,162.893184,1.00008666,64.7074257,0.987368295,4.42361243e-05,90,217.413333,0.85692042,74.3505438
915,2.54166673,162.723687,17.1525827,162.893884,0.998955165,64.7072883,0.987368369,8.58306885e-05,90,217.410796,2.37978865,74.3531531
916,2.54444451,162.89335,17.1704667,162.893021,1.00000202,64.7072897,0.987368443,4.43694126e-05,90,217.410745,0.850122511,74.3492481
917,2.54722228,162.879443,17.1690008,162.891146,0.999928155,64.7073107,0.987368517,4.29153442e-05,90,217.410539,0.736108896,74.3518511
918,2.55000006,162.998145,17.1815131,162.89158,1.00065421,64.7072665,0.987368517,8.58306987e-05,90,217.411679,2.43543476,74.3466368
919,2.55277784,163.362696,17.2199401,162.891323,1.00289379,64.7073087,0.987368522,8.71614762e-05,90,217.416824,5.118079,74.3453578
920,2.55555562,162.555216,17.1348243,162.894236,0.997918774,64.6954147,0.987368596,8.62188652e-05,90,217.411084,4.48896023,74.3596873
921,2.5583334,162.874852,17.1685169,162.892832,0.999889623,64.7071172,0.987368596,8.58306885e-05,90,217.407666,7.92638548,74.3518744
922,2.56111117,162.820379,17.1627749,162.890119,0.99957186,64.707119,0.987368596,8.6143213e-05,90,217.40407,4.81255158,74.3570767
923,2.56388895,163.520433,17.2365671,162.888603,1.00387891,64.7072086,0.987368601,8.59329457e-05,90,217.409154,9.1845515,74.3466559
924,2.56666673,164.174686,17.3055314,162.895376,1.00785357,65.8103527,0.987368819,8.65826762e-05,90,217.424263,7.69139607,74.3453711
925,2.56944451,162.725485,17.1527722,162.902852,0.998911211,64.7071714,0.987368893,8.64988041e-05,90,217.421466,3.1764222,74.3583863
926,2.57222228,162.954584,17.1769214,162.911371,1.00026525,64.7071683,0.987368963,8.65035555e-05,90,217.422531,5.21016783,74.3440442
927,2.57500006,162.907657,17.1719748,162.907914,0.999998425,64.7071414,0.987368963,1.07288361e-05,90,217.422507,0.370098685,74.3492545
928,2.57777784,162.89528,17.1706702,162.906904,0.999928647,64.707143,0.987368963,4.30807808e-05,90,217.422304,0.743377728,74.3518471
929,2.58055562,162.726392,17.1528678,162.907341,0.998889251,64.7073016,0.987369032,8.58329906e-05,90,217.419525,2.34141249,74.3505462
930,2.5833334,162.736352,17.1539177,162.905041,0.998964491,64.7071489,0.987369032,8.60399809e-05,90,217.416378,4.52634914,74.3505529
931,2.58611117,163.024776,17.1843202,162.90147,1.00075693,64.7071473,0.987369032,8.58306987e-05,90,217.418012,1.61108116,74.3505522
932,2.58888895,163.191414,17.2018855,162.900249,1.00178738,64.7071498,0.987369032,8.65077787e-05,90,217.421365,3.42903691,74.3401382
933,2.59166673,164.960229,17.3883349,162.900821,1.0126421,65.9042524,0.987369181,8.59981631e-05,90,217.447577,7.59671864,74.3518748
934,2.59444451,164.026219,17.2898816,162.922932,1.00677184,65.9733615,0.987369329,8.6657134e-05,90,217.458541,7.34943489,74.3635876
935,2.59722229,163.302838,17.2136305,162.95048,1.00216236,64.7072126,0.987369334,8.58897671e-05,90,217.464,4.97536509,74.3401554
936,2.60000006,162.947526,17.1761774,162.959262,0.999927982,64.7071697,0.987369334,4.42604371e-05,90,217.463802,0.78485088,74.3570657
937,2.60277784,162.979315,17.1795282,162.963344,1.000098,64.707173,0.987369334,4.43332955e-05,90,217.464,0.76643494,74.3479346
938,2.60555562,163.090555,17.1912539,162.962216,1.00078754,64.7071703,0.987369334,8.58509476e-05,90,217.466526,4.46014429,74.3492466
939,2.6083334,163.975183,17.2845019,162.963144,1.00621024,64.7072481,0.987369412,8.60374087e-05,90,217.479725,7.04581483,74.3466534
940,2.61111117,163.699381,17.2554299,162.973811,1.00445206,66.0797105,0.987369412,8.61506447e-05,90,217.486772,8.21550027,74.3505895
941,2.61388895,162.539926,17.1332126,162.979079,0.997305462,64.7073381,0.987369482,8.59981631e-05,90,217.478032,7.21011305,74.3558037
942,2.61666673,162.997338,17.181428,162.982196,1.00009291,64.7071703,0.987369482,4.42361243e-05,90,217.478226,0.808208434,74.3505525
943,2.61944451,162.968315,17.1783687,162.976653,0.99994884,64.7072148,0.987369556,4.44756925e-05,90,217.478067,1.08646004,74.3531534
944,2.62222229,162.947028,17.1761249,162.977823,0.999811048,64.7072168,0.987369556,8.59089901e-05,90,217.475114,4.48324212,74.3544568
945,2.62500006,162.883288,17.1694061,162.97773,0.999420524,64.7071727,0.987369556,8.58306885e-05,90,217.473733,1.7776306,74.341428
946,2.62777784,163.058718,17.1878981,162.972922,1.00052644,64.7073451,0.987369626,8.58306885e-05,90,217.474545,2.56434253,74.3544689
947,2.63055562,162.98958,17.1806103,162.975068,1.00008905,64.7071733,0.987369626,4.35304924e-05,90,217.47473,0.721957442,74.3492397
948,2.6333334,162.952535,17.1767054,162.974269,0.99986664,64.7071715,0.987369626,8.58306885e-05,90,217.474749,1.76248137,74.3492482
949,2.63611117,163.120428,17.1944028,162.974439,1.00089578,64.7071767,0.987369626,8.6552729e-05,90,217.476531,2.44738385,74.342736
950,2.63888895,163.149772,17.197496,162.971186,1.00109582,64.7072173,0.987369626,8.58594248e-05,90,217.478636,2.3877257,74.3583819
951,2.64166673,162.99189,17.1808538,162.977684,1.00008717,64.7072068,0.987369551,4.41248891e-05,90,217.478787,0.795952556,74.3518476
952,2.64444451,163.075629,17.1896807,162.979105,1.00059225,64.7072236,0.987369477,8.58651014e-05,90,217.479834,2.17680012,74.3466448
953,2.64722229,163.009928,17.1827551,162.979272,1.00018809,64.7072148,0.987369408,4.46864917e-05,90,217.480187,1.23679531,74.3531614
954,2.65000006,162.996891,17.1813809,162.980296,1.00010182,64.7073491,0.987369338,4.47604813e-05,90,217.480344,1.13867313,74.3518556
955,2.65277784,162.982278,17.1798406,162.981195,1.00000664,64.7073501,0.987369268,4.43861346e-05,90,217.480315,0.897215567,74.3518495
956,2.65555562,162.985333,17.1801625,162.981831,1.00002149,64.7073573,0.987369199,4.42361243e-05,90,217.48029,1.1793303,74.3505521
957,2.6583334,162.971949,17.1787518,162.981825,0.999939407,64.7074063,0.987369194,4.43966395e-05,90,217.480095,1.09306603,74.3518515
958,2.66111118,163.026225,17.184473,162.98227,1.00026969,64.7071735,0.987369194,4.55185964e-05,90,217.480648,1.18290765,74.3453313
959,2.66388895,162.980233,17.179625,162.980235,0.999999987,64.7072245,0.987369198,4.42837648e-05,90,217.480621,0.891028334,74.3544628
960,2.66666673,162.786407,17.159194,162.982309,0.998798017,64.7071722,0.987369198,8.58454619e-05,90,217.477607,2.23541496,74.3531529
961,2.66944451,162.968987,17.1784396,162.981085,0.999925773,64.7071701,0.987369198,4.31695884e-05,90,217.477404,0.709480234,74.3492459
962,2.67222229,162.930811,17.1744154,162.978706,0.999706128,64.707175,0.987369198,8.58306885e-05,90,217.476619,1.87342744,74.3440312
963,2.67500006,162.692474,17.1492926,162.975579,0.998262902,64.6953185,0.987369203,8.58376049e-05,90,217.471856,3.91846747,74.349246
964,2.67777784,163.257084,17.2088077,162.968501,1.00177079,64.7070483,0.987369198,8.58376049e-05,90,217.475638,2.47503788,74.3531637
965,2.68055562,163.164505,17.199049,162.971749,1.00118276,64.7070151,0.987369198,8.58528273e-05,90,217.477912,2.44313165,74.3505542
966,2.6833334,162.899885,17.1711556,162.976029,0.999532792,64.707012,0.987369198,4.42418614e-05,90,217.476767,1.32368362,74.3583733
967,2.68611118,162.43942,17.1226183,162.979676,0.99668513,64.7069981,0.987369347,8.64986417e-05,90,217.4686,4.40796783,74.3544592
968,2.68888895,162.98773,17.1804152,162.973811,1.0000854,64.7070157,0.987369347,4.36835692e-05,90,217.468762,0.732572428,74.3414342
969,2.69166673,161.936952,17.0696535,162.965762,0.993686955,61.0627522,0.98737521,8.64986417e-05,90,217.452314,5.9478705,74.364895
970,2.69444451,162.887822,17.169884,162.95847,0.999566463,64.6612945,0.987374992,8.64986417e-05,90,217.450764,2.16619795,74.3453836
971,2.69722229,162.939205,17.1753002,162.946087,0.99995776,64.6363936,0.987374992,8.58306885e-05,90,217.450962,1.84724805,74.3388393
972,2.70000007,162.984993,17.1801268,162.942627,1.00026001,64.6364417,0.987375066,4.49620162e-05,90,217.451483,1.1747824,74.3505454
973,2.70277784,162.193145,17.0966587,162.941927,0.99540461,64.6363945,0.987375066,8.58346686e-05,90,217.436959,7.66950823,74.3544664
974,2.70555562,163.083114,17.1904696,162.929787,1.00094106,64.6364141,0.987375141,8.58306885e-05,90,217.436067,8.10075382,74.3375454
975,2.7083334,161.320484,17.0046721,162.910023,0.990242843,64.6363882,0.987375141,8.58489094e-05,90,217.410311,9.65309229,74.3701371
976,2.71111118,163.380742,17.2218424,162.908334,1.00289984,64.6364592,0.987375071,8.71614762e-05,90,217.415701,7.19234271,74.3349603
977,2.71388895,162.669388,17.1468591,162.89092,0.998640001,64.6364263,0.987375066,8.58627695e-05,90,217.411429,4.49630102,74.358388
978,2.71666673,163.008545,17.1826094,162.889564,1.00073044,64.6364454,0.987375141,8.70020655e-05,90,217.412636,3.3747096,74.3492713
979,2.71944451,163.672119,17.2525562,162.890213,1.0048002,68.3150835,0.987369421,8.59358583e-05,90,217.422324,6.53094739,74.3427713
980,2.72222229,163.305547,17.2139161,162.892281,1.00253705,62.2411377,0.987369569,8.59981631e-05,90,217.422225,10.7975543,74.3545027
981,2.72500007,164.314646,17.3202845,162.889322,1.00875026,67.1736886,0.987369718,8.60439921e-05,90,217.439288,7.58798455,74.3310535
982,2.72777784,163.374098,17.221142,162.902472,1.00289514,64.6709032,0.987369718,8.63067438e-05,90,217.443747,6.60451438,74.3649437
983,2.73055562,162.989487,17.1806005,162.92206,1.00041386,64.7075868,0.987369579,8.65635952e-05,90,217.44459,1.75457479,74.3610082
984,2.7333334,162.749774,17.1553325,162.934316,0.998867383,64.7073954,0.987369504,8.58470578e-05,90,217.441844,2.20022566,74.3531657
985,2.73611118,162.824599,17.1632198,162.934284,0.999326817,64.7073744,0.987369361,8.64986417e-05,90,217.439816,4.61908144,74.3297284
986,2.73888896,163.332683,17.2167765,162.925267,1.00250063,64.7073473,0.987369361,8.64986417e-05,90,217.445592,5.55815848,74.3597064
987,2.74166673,163.112662,17.1935842,162.929181,1.00112614,64.7074082,0.987369356,8.58343821e-05,90,217.447734,2.50915826,74.3583804
988,2.74444451,162.403938,17.1188782,162.934815,0.996741781,62.2664724,0.987369435,8.58343821e-05,90,217.437686,9.49595899,74.3466561
989,2.74722229,162.429597,17.1215828,162.916622,0.997010587,64.6608304,0.98736943,8.58319265e-05,90,217.430277,3.28669793,74.3583823
990,2.75000007,162.281556,17.105978,162.913725,0.996119605,62.2197929,0.987369356,8.59981631e-05,90,217.417027,9.667837,74.3440546
991,2.75277784,162.789431,17.1595127,162.888899,0.999389345,64.6140681,0.98736943,8.58639252e-05,90,217.413953,6.35198038,74.3505874
992,2.75555562,162.967711,17.1783051,162.887482,1.00049254,64.6140895,0.987369352,8.59521667e-05,90,217.416131,3.7252613,74.3531886
993,2.7583334,163.098633,17.1921054,162.889816,1.00128195,64.6142211,0.987369347,8.58929163e-05,90,217.41791,4.70047524,74.3531624
994,2.76111118,162.658169,17.1456764,162.891517,0.99856746,64.6141116,0.987369417,8.59865821e-05,90,217.414059,4.28782927,74.3544835
995,2.76388896,162.842902,17.165149,162.890488,0.99970786,64.6140729,0.987369412,8.64986417e-05,90,217.412719,4.00240916,74.3401427
996,2.76666673,162.847044,17.1655856,162.883313,0.999777329,64.6140917,0.987369338,8.64986417e-05,90,217.410998,5.40284403,74.3518804
997,2.76944451,162.923953,17.1736926,162.880655,1.00026583,64.6140347,0.987369338,4.472898e-05,90,217.411527,1.23865522,74.3518587
998,2.77222229,162.774075,17.1578941,162.881789,0.999338701,64.6140341,0.987369338,8.59981631e-05,90,217.409345,3.69467649,74.349258
999,2.77500007,163.071835,17.1892807,162.877577,1.00119266,64.6021542,0.987369491,8.64986417e-05,90,217.408574,6.61538145,74.3570787
1000,2.77777785,162.847047,17.165586,162.880295,0.999795879,64.6139211,0.987369565,8.58306885e-05,90,217.408421,1.75295095,74.3479637
1001,2.78055562,163.223737,17.2052925,162.882155,1.00209711,64.6139273,0.987369635,8.64986417e-05,90,217.413547,5.12585469,74.3440426
1002,2.7833334,163.212613,17.20412,162.881816,1.0020309,64.6139599,0.987369704,8.58306885e-05,90,217.418294,5.77800439,74.3544671
1003,2.78611118,162.969648,17.1785092,162.887617,1.00050361,64.6140546,0.987369774,8.64986417e-05,90,217.418965,3.32216695,74.3531616
1004,2.78888896,162.836567,17.1644813,162.889732,0.999673615,64.6139115,0.987369922,8.65339763e-05,90,217.418134,1.93702435,74.3570746
1005,2.79166673,162.950718,17.1765138,162.89241,1.00035796,64.6138938,0.987369922,8.58343821e-05,90,217.4187,2.24336161,74.3440537
1006,2.79444451,162.616005,17.141232,162.8902,0.998316687,64.6138978,0.987369922,8.58639252e-05,90,217.41493,3.65726065,74.3401432
1007,2.79722229,162.754198,17.1557988,162.883343,0.999207128,64.6139276,0.987369922,8.58306885e-05,90,217.412965,2.48406676,74.3635879
1008,2.80000007,162.761895,17.1566102,162.883688,0.99925227,64.613897,0.987369922,8.58310568e-05,90,217.411195,1.71855999,74.3479529
1009,2.80277785,162.689874,17.1490185,162.880787,0.9988279,64.6138977,0.987369922,8.58616341e-05,90,217.407626,4.96368703,74.3661984
1010,2.80555562,163.120761,17.1944379,162.883289,1.00145792,64.6139483,0.987369848,8.65066011e-05,90,217.409301,6.0853332,74.3466784
1011,2.8083334,162.822111,17.1629575,162.879964,0.99964481,64.6139014,0.9873697,8.64986417e-05,90,217.408224,3.04543186,74.3505787
1012,2.81111118,162.275472,17.1053367,162.879975,0.996288658,64.6138873,0.9873697,8.65469657e-05,90,217.395715,9.79703213,74.3310323
1013,2.81388896,164.558121,17.345949,162.85311,1.01046962,68.3043294,0.987363911,8.61875078e-05,90,217.415575,9.35259732,74.3519021
1014,2.81666673,163.245264,17.2075617,162.864549,1.00233762,64.6598215,0.987363915,8.58326939e-05,90,217.415537,10.4765932,74.347978
1015,2.81944451,162.88313,17.1693894,162.871498,1.00007142,63.4956197,0.987369779,8.58987338e-05,90,217.413553,6.15992519,74.3518705
1016,2.82222229,163.549362,17.2396165,162.876237,1.00413274,64.6610234,0.987369853,8.5849605e-05,90,217.421769,4.43858112,74.3466723
1017,2.82500007,163.295365,17.2128428,162.884354,1.00252333,65.8381091,0.987363772,8.58770977e-05,90,217.426966,4.57952947,74.3518845
1018,2.82777785,162.806397,17.161301,162.896406,0.999447443,64.6843507,0.987363772,8.58443187e-05,90,217.426638,4.53054282,74.3636064
1019,2.83055562,163.098083,17.1920474,162.900519,1.00121279,64.6843529,0.987363772,8.58487355e-05,90,217.430248,4.32958284,74.3375314
1020,2.8333334,163.305976,17.2139614,162.895474,1.00252004,64.6845178,0.987363702,8.65415266e-05,90,217.435394,3.31343505,74.3505887
1021,2.83611118,163.451484,17.2292992,162.900348,1.00338327,64.6843511,0.987363702,8.64986417e-05,90,217.442,4.22576032,74.3466676
1022,2.83888896,162.976273,17.1792076,162.907415,1.00042268,64.6843563,0.987363558,8.84897569e-05,90,217.442572,3.21309385,74.3570852
1023,2.84166674,162.98547,17.1801771,162.913054,1.00044451,64.6843529,0.98736341,8.58336454e-05,90,217.443136,2.95517909,74.3544818
1024,2.84444451,163.13253,17.1956785,162.916182,1.00132797,64.6843339,0.98736341,8.61952413e-05,90,217.444931,4.89500575,74.3479715
1025,2.84722229,164.429819,17.3324248,162.916946,1.00928616,65.8614253,0.987357398,8.58672799e-05,90,217.462962,9.06331237,74.3570791
1026,2.85000007,161.349513,17.0077321,162.945361,0.990206239,61.0173386,0.987363331,8.59981631e-05,90,217.437903,8.61474172,74.3544758
1027,2.85277785,163.449124,17.2290505,162.92645,1.00320804,64.661785,0.987363327,8.58470578e-05,90,217.444122,4.52048181,74.3388536
1028,2.85555562,163.26425,17.2095631,162.913787,1.00215122,64.6370805,0.987363253,8.60436757e-05,90,217.447948,4.32838759,74.3518584
1029,2.8583334,163.072544,17.1893554,162.920487,1.00093332,64.6370997,0.987363253,8.58726798e-05,90,217.449663,2.69110335,74.3518496
1030,2.86111118,163.622962,17.2473746,162.923707,1.00429191,64.6370267,0.987363253,8.59981631e-05,90,217.453851,11.1844527,74.3466533
1031,2.86388896,162.973856,17.1789528,162.92186,1.00031915,63.4099176,0.987363327,8.59981631e-05,90,217.449373,10.4773799,74.3492922
1032,2.86666674,165.648517,17.4608868,162.910981,1.01680388,68.2807095,0.98735739,8.64988041e-05,90,217.483077,12.0294008,74.3493026
1033,2.86944451,162.936689,17.175035,162.945315,0.99994706,64.6363307,0.987357315,4.35985682e-05,90,217.482928,1.09359134,74.3649032
1034,2.87222229,162.515932,17.1306834,162.969656,0.9972159,64.6611455,0.987357311,8.59981631e-05,90,217.474477,7.37984578,74.342742
1035,2.87500007,162.830911,17.1638851,162.960081,0.999207355,64.6610765,0.987357306,8.66648256e-05,90,217.471688,4.70750139,74.3336623
1036,2.87777785,163.140561,17.1965251,162.946236,1.00119257,64.649101,0.987357232,8.66648256e-05,90,217.473816,3.5865278,74.3596895
1037,2.88055563,162.630617,17.1427723,162.949724,0.998041688,64.6489825,0.987357089,8.84722486e-05,90,217.467417,8.24956048,74.3531778
1038,2.8833334,161.825003,17.0578531,162.945673,0.993122429,65.837747,0.987351225,8.64986417e-05,90,217.449857,7.1415721,74.362315
1039,2.88611118,163.033923,17.1852844,162.935352,1.00060497,64.6840508,0.987351082,8.64986417e-05,90,217.448991,9.43381382,74.3362497
1040,2.88888896,162.860236,17.1669762,162.911567,0.999684912,64.6720876,0.987351012,8.86347322e-05,90,217.447047,5.39083615,74.3570972
1041,2.89166674,163.193296,17.2020838,162.912946,1.00172086,64.6721023,0.987350873,8.64986417e-05,90,217.449987,3.97994271,74.3518746
1042,2.89444451,162.541085,17.1333347,162.915803,0.997699928,64.6836557,0.987350873,8.58306885e-05,90,217.444189,3.25507547,74.3518769
1043,2.89722229,162.793,17.1598889,162.913614,0.999259641,64.683658,0.987350947,8.58306885e-05,90,217.442301,1.760838,74.3557727
1044,2.90000007,162.861619,17.167122,162.913888,0.999679163,64.6836941,0.987350947,8.59510556e-05,90,217.438401,5.51682824,74.3557704
1045,2.90277785,162.820324,17.1627691,162.912699,0.999432975,64.6836843,0.987351091,8.65010808e-05,90,217.43648,2.3612331,74.3557789
1046,2.90555563,162.59128,17.1386258,162.91141,0.998034949,64.6838177,0.987351309,8.65071797e-05,90,217.432085,3.82956416,74.3440543
1047,2.9083334,162.905416,17.1717386,162.905712,0.99999818,64.6837148,0.987351305,4.44544608e-05,90,217.432001,0.904367734,74.3466496
1048,2.91111118,162.919021,17.1731727,162.901029,1.00011045,64.6836819,0.987351305,8.65542206e-05,90,217.431744,3.44192234,74.3570767
1049,2.91388896,162.906895,17.1718945,162.902437,1.00002736,64.6836866,0.987351305,4.43930985e-05,90,217.431771,0.873189116,74.3440448
1050,2.91666674,163.018345,17.1836423,162.900742,1.00072193,64.6836879,0.987351305,8.62072221e-05,90,217.433118,2.23327193,74.3414298
1051,2.91944452,162.02934,17.079392,162.897923,0.994667928,64.6836865,0.987351305,8.58306885e-05,90,217.420054,6.23472582,74.3662023
1052,2.92222229,162.7466,17.1549979,162.900019,0.999058199,64.6836942,0.987351305,8.58370831e-05,90,217.417128,4.64087957,74.3336341
1053,2.92500007,163.233874,17.2063611,162.877908,1.00218548,64.6837271,0.9873513,8.66462694e-05,90,217.420852,5.20600001,74.3466787
1054,2.92777785,163.184303,17.2011358,162.877057,1.00188637,64.6719932,0.987351226,8.69677389e-05,90,217.424372,3.97705798,74.3531866
1055,2.93055563,162.653528,17.1451872,162.883247,0.998589673,64.6835233,0.987351226,8.65442056e-05,90,217.4209,3.04231445,74.3583756
1056,2.9333334,162.843781,17.1652417,162.886085,0.999740286,64.6835228,0.987351226,8.64992914e-05,90,217.419983,3.1545552,74.3518765
1057,2.93611118,162.863043,17.1672721,162.884408,0.999868838,64.6835122,0.987351226,8.58925891e-05,90,217.419204,2.9676816,74.3479591
1058,2.93888896,163.876345,17.2740835,162.882929,1.00609896,64.6835113,0.987351226,8.58306885e-05,90,217.430956,6.24548604,74.3531629
1059,2.94166674,162.798035,17.1604196,162.892067,0.999422732,64.6835114,0.987351226,8.58552516e-05,90,217.42947,1.70498642,74.3505517
1060,2.94444452,163.468967,17.2311421,162.897673,1.00350707,64.6835019,0.987351226,8.58398966e-05,90,217.435026,7.03190092,74.3544707
1061,2.94722229,163.182724,17.2009694,162.902714,1.00171888,64.6835049,0.987351226,8.58572973e-05,90,217.438335,3.45596862,74.3453574
1062,2.95000007,162.904006,17.1715899,162.905409,0.999991387,64.6835018,0.987351226,8.58330546e-05,90,217.438948,2.48553607,74.3453579
1063,2.95277785,162.74828,17.155175,162.907075,0.999025242,64.6835426,0.987351226,8.6500926e-05,90,217.43476,7.11336399,74.3531882
1064,2.95555563,163.350215,17.2186246,162.902529,1.00274819,64.6836883,0.987351365,8.58313433e-05,90,217.440413,3.16401267,74.3531781
1065,2.9583334,163.002198,17.1819403,162.906529,1.00058727,64.6835534,0.987351291,8.59153764e-05,90,217.441334,2.64276652,74.3531657
1066,2.96111118,162.677952,17.1477618,162.912041,0.998563096,64.6836754,0.987351221,8.58707878e-05,90,217.438128,2.81446613,74.3427442
1067,2.96388896,162.933731,17.1747233,162.906849,1.00016502,64.6835011,0.987351221,8.5980362e-05,90,217.439277,4.82213708,74.3531776
1068,2.96666674,162.905965,17.1717965,162.904945,1.00000627,64.6834973,0.987351221,4.47798421e-05,90,217.439261,0.840635844,74.3570677
1069,2.96944452,163.459381,17.2301316,162.906765,1.00339222,64.683553,0.987351147,8.58311898e-05,90,217.445716,5.02296572,74.3440423
1070,2.97222229,163.362698,17.2199404,162.908586,1.00278753,64.6836547,0.987351217,8.64986417e-05,90,217.4502,6.51173603,74.3440605
1071,2.97500007,163.053427,17.1873403,162.912964,1.0008622,64.6835299,0.987351217,8.58381471e-05,90,217.451558,3.55824438,74.3610009
1072,2.97777785,163.481048,17.2324156,162.920903,1.00343814,64.6835209,0.987351221,8.64991391e-05,90,217.457709,5.21166829,74.3375575
1073,2.98055563,163.000591,17.1817709,162.923378,1.00047392,64.6834836,0.987351221,8.71614762e-05,90,217.458452,2.86138612,74.3636139
1074,2.98333341,162.605513,17.1401261,162.931022,0.998002167,64.6835167,0.987351217,8.64986417e-05,90,217.45314,4.13939162,74.3505686
1075,2.98611118,162.797383,17.1603509,162.92724,0.999202977,64.6834741,0.987351217,8.64986417e-05,90,217.451242,1.61724728,74.3505525
1076,2.98888896,162.778348,17.1583445,162.922775,0.999113526,64.6835107,0.987351217,8.58306885e-05,90,217.449102,2.39061257,74.3557599
1077,2.99166674,163.155726,17.1981236,162.921828,1.00143565,64.683472,0.987351217,8.59011465e-05,90,217.451304,4.59652584,74.3453392
1078,2.99444452,162.672972,17.1472368,162.920542,0.998480424,64.6834735,0.987351217,8.61389821e-05,90,217.447504,3.26865502,74.3609805
1079,2.99722229,162.864047,17.1673779,162.922792,0.999639434,64.6834748,0.987351217,8.59407123e-05,90,217.44614,2.02229732,74.3492646
1080,3.00000007,162.951057,17.1765496,162.918225,1.00020152,64.6834713,0.987351217,8.58398966e-05,90,217.446004,1.87448707,74.3518636
1081,3.00277785,162.895632,17.1707073,162.91793,0.999863132,64.6835148,0.987351217,4.30333798e-05,90,217.445644,1.00278523,74.3453516
1082,3.00555563,163.13806,17.1962614,162.917811,1.0013519,64.683473,0.987351217,8.58627695e-05,90,217.448439,2.51280035,74.3466365
1083,3.00833341,163.129193,17.1953268,162.918025,1.00129616,64.6834713,0.987351217,8.58977932e-05,90,217.450956,3.13502039,74.3570656
1084,3.01111118,162.911452,17.1723748,162.92313,0.999928321,64.6834738,0.987351217,4.32390043e-05,90,217.450775,0.751186935,74.3466451
1085,3.01388896,162.952664,17.1767189,162.923987,1.00017601,64.6834701,0.987351217,4.48537756e-05,90,217.451145,0.986698204,74.3466306
1086,3.01666674,163.044443,17.1863933,162.92236,1.00074933,64.6834702,0.987351217,8.65201223e-05,90,217.452453,2.62074372,74.3492504
1087,3.01944452,162.952105,17.17666,162.92377,1.00017392,64.6834689,0.987351217,4.34556413e-05,90,217.452814,0.912809515,74.3518514
1088,3.0222223,162.926706,17.1739828,162.924585,1.00001302,64.6835056,0.987351217,4.44544608e-05,90,217.45281,0.933438156,74.353157
1089,3.02500007,163.170301,17.1996599,162.926005,1.00149943,64.6834645,0.987351217,8.58309443e-05,90,217.45586,2.47143124,74.3453352
1090,3.02777785,162.92833,17.1741539,162.926142,1.00001343,64.6835044,0.987351212,4.45602028e-05,90,217.45586,0.883025456,74.3557641
1091,3.03055563,162.960077,17.1775004,162.930074,1.00018415,64.6835046,0.987351186,4.46235395e-05,90,217.456224,0.968761824,74.347936
1092,3.03333341,163.147889,17.1972975,162.929125,1.0013427,64.6834629,0.987351174,8.58306885e-05,90,217.458935,2.43086256,74.350554
1093,3.03611118,163.053146,17.1873107,162.931642,1.00074573,64.6834608,0.987351171,8.58319265e-05,90,217.460224,2.53365396,74.3492512
1094,3.03888896,162.95193,17.1766416,162.934121,1.0001093,64.6834614,0.987351154,4.43099344e-05,90,217.460422,1.03646661,74.3531533
1095,3.04166674,162.955019,17.1769672,162.93545,1.00012011,64.6834581,0.987351132,4.55185964e-05,90,217.46065,1.05730629,74.3505413
1096,3.04444452,162.966797,17.1782088,162.935758,1.0001905,64.6834546,0.987351134,4.42361243e-05,90,217.46105,0.9402867,74.3492377
1097,3.0472223,163.000104,17.1817196,162.935576,1.00039603,64.6834572,0.987351111,8.58514054e-05,90,217.4617,2.02035376,74.3492563
1098,3.05000007,162.826735,17.1634449,162.936058,0.999329046,64.6834525,0.987351094,8.58306885e-05,90,217.460118,1.62899017,74.3518559
1099,3.05277785,162.948877,17.1763198,162.935732,1.00008068,64.6834513,0.987351102,4.42361243e-05,90,217.460264,0.696604677,74.3518475
1100,3.05555563,162.964769,17.177995,162.935219,1.00018136,64.6834528,0.987351103,4.30919707e-05,90,217.460643,0.952466755,74.3492377
1101,3.05833341,163.024667,17.1843087,162.935015,1.00055023,64.6836052,0.987351236,8.65096973e-05,90,217.461577,2.16096586,74.3479552
1102,3.06111119,162.679584,17.1479338,162.935718,0.998428003,64.6834636,0.987351261,8.64998701e-05,90,217.457652,3.42539985,74.3609848
1103,3.06388896,162.939746,17.1753573,162.936033,1.00002279,64.6835027,0.987351273,4.42361243e-05,90,217.457635,0.902305937,74.3453415
1104,3.06666674,163.014716,17.1832598,162.93244,1.00050497,64.6834686,0.987351258,8.58929163e-05,90,217.45874,1.33241781,74.355764
1105,3.06944452,162.754947,17.1558777,162.935336,0.998892877,64.6835484,0.98735126,8.64986417e-05,90,217.455957,2.45604014,74.3466392
1106,3.0722223,162.911841,17.1724158,162.932365,0.99987403,64.6834665,0.987351229,8.58306885e-05,90,217.452264,8.95225606,74.3479595
1107,3.07500007,163.031505,17.1850296,162.924377,1.00065753,64.683628,0.987351166,8.65327889e-05,90,217.453319,2.98715469,74.3544773
1108,3.07777785,162.982156,17.1798277,162.926324,1.00034268,64.6834989,0.987351172,8.65049869e-05,90,217.453734,3.06187297,74.3518667
1109,3.08055563,163.012594,17.1830362,162.928494,1.00051618,64.6834589,0.987351174,8.58583508e-05,90,217.454535,2.56502074,74.3466534
1110,3.08333341,162.823561,17.1631104,162.928663,0.999354926,64.6834991,0.987351175,8.58306885e-05,90,217.452889,1.81279447,74.3492499
1111,3.08611119,163.249795,17.2080394,162.926784,1.00198256,64.6834504,0.987351269,8.5838894e-05,90,217.456696,3.35700322,74.3466471
1112,3.08888896,162.919119,17.173183,162.927566,0.999948157,64.683478,0.987351255,4.33317845e-05,90,217.456543,1.07500631,74.3570681
1113,3.09166674,162.945084,17.17592,162.931677,1.00008229,64.683469,0.987351208,4.49323176e-05,90,217.456722,0.698257172,74.3479345
1114,3.09444452,162.925192,17.1738232,162.930509,0.999967368,64.6834512,0.987351208,8.58534333e-05,90,217.45696,1.83276881,74.3479427
1115,3.0972223,162.895016,17.1706423,162.930274,0.999783602,64.6834513,0.987351208,4.42361243e-05,90,217.456439,1.18164835,74.3583774
1116,3.10000008,162.936705,17.1750367,162.932358,1.00002668,64.6834913,0.987351203,4.55185964e-05,90,217.456469,0.882960009,74.3466327
1117,3.10277785,162.989432,17.1805946,162.930296,1.00036295,64.6834581,0.987351055,8.64986417e-05,90,217.456754,2.93791802,74.3479551
1118,3.10555563,162.777282,17.1582321,162.930101,0.99906206,64.6836067,0.987350985,8.64986417e-05,90,217.454441,2.60447613,74.3570788
1119,3.10833341,162.920242,17.1733014,162.930171,0.99993906,64.6834431,0.987350985,4.55185964e-05,90,217.454286,1.0510694,74.3479409
1120,3.11111119,163.082098,17.1903625,162.927995,1.00094584,64.6834717,0.987351129,8.58306885e-05,90,217.456011,2.54378237,74.3492506
1121,3.11388896,162.956708,17.1771453,162.929021,1.00016993,64.683453,0.987351129,4.45403325e-05,90,217.456345,0.955132763,74.3479411
1122,3.11666674,162.881652,17.1692336,162.928616,0.999711752,64.6834943,0.987351124,8.66442322e-05,90,217.454829,4.89841463,74.3453519
1123,3.11944452,162.949882,17.1764258,162.922216,1.00016982,64.6834924,0.987351124,8.64986417e-05,90,217.45495,2.56153043,74.3492837
1124,3.1222223,165.042169,17.3969721,162.924659,1.01299686,68.37384,0.987345428,8.59981631e-05,90,217.481903,8.24799319,74.3531724
1125,3.12500008,162.947866,17.1762132,162.944388,1.00002135,64.7294005,0.987345553,4.42377323e-05,90,217.481902,0.959970152,74.3570703
1126,3.12777785,163.27347,17.2105349,162.964125,1.00189824,64.7540749,0.987345618,8.59981631e-05,90,217.485113,4.56852464,74.3479479
1127,3.13055563,162.986122,17.1802457,162.964993,1.00012965,64.7540936,0.987345645,8.58725878e-05,90,217.484997,2.62152713,74.3427407
1128,3.13333341,163.692582,17.2547132,162.964923,1.00446513,64.7541384,0.987345647,8.63698997e-05,90,217.493413,6.58553565,74.3544844
1129,3.13611119,163.143989,17.1968864,162.97204,1.00105508,64.7541329,0.987345781,8.58929163e-05,90,217.495119,3.84285824,74.3635956
1130,3.13888896,162.863719,17.1673433,162.984748,0.999257417,63.5771268,0.987351613,8.5878335e-05,90,217.492167,3.90674727,74.3414447
1131,3.14166674,162.967173,17.1782484,162.97585,0.999946761,64.7308265,0.987351697,4.43567433e-05,90,217.492003,0.772243235,74.3544617
1132,3.14444452,163.235568,17.2065397,162.978333,1.00157834,64.7307788,0.987351709,8.63864515e-05,90,217.494996,3.2996333,74.3401329
1133,3.1472223,163.319618,17.2153993,162.977293,1.00210044,64.7307815,0.987351709,8.58687526e-05,90,217.498508,4.75576403,74.3479942
1134,3.15000008,163.149351,17.1974516,162.981145,1.00103206,64.730782,0.987351709,8.66648256e-05,90,217.498851,6.55321901,74.3545165
1135,3.15277785,162.812391,17.1619329,162.984349,0.998944939,64.7308161,0.987351713,8.58319265e-05,90,217.496005,3.80936248,74.3492674
1136,3.15555563,162.980269,17.1796288,162.980886,0.999996216,64.7308232,0.987351718,1.12280747e-05,90,217.495968,0.45871128,74.3596773
1137,3.15833341,163.33029,17.2165243,162.982847,1.00213178,64.7189094,0.987351727,8.59981631e-05,90,217.499133,6.26218326,74.3401346
1138,3.16111119,162.40529,17.1190207,162.979545,0.996476522,64.7306221,0.987351727,8.64986417e-05,90,217.490425,3.8937134,74.3596959
1139,3.16388897,162.963863,17.1778995,162.97733,0.999917372,64.7306699,0.987351727,4.30722998e-05,90,217.490209,0.74825357,74.3531638
1140,3.16666674,164.699334,17.3608342,162.975886,1.01057487,68.4210461,0.987345864,8.63150974e-05,90,217.509679,9.12831165,74.3349507
1141,3.16944452,162.035825,17.0800757,162.983704,0.99418421,63.5876264,0.987351727,8.66648256e-05,90,217.493766,7.23307269,74.346734
1142,3.1722223,162.545277,17.1337767,162.976351,0.997354996,68.4682736,0.987345794,8.59981631e-05,90,217.485512,7.80392801,74.3610299
1143,3.17500008,162.48581,17.1275083,162.968047,0.997040914,64.8117516,0.987345794,8.58411652e-05,90,217.477809,4.48971478,74.3557852
1144,3.17777785,163.387818,17.2225882,162.960896,1.00261978,64.8482637,0.987345794,8.64988041e-05,90,217.482526,5.13445409,74.3505792
1145,3.18055563,162.794083,17.1600031,162.964009,0.998957281,64.848217,0.987345794,8.58451346e-05,90,217.479977,2.39781492,74.3544695
1146,3.18333341,162.444406,17.1231439,162.964529,0.996808369,64.8482592,0.987345747,8.58306885e-05,90,217.471645,4.84826343,74.3440566
1147,3.18611119,162.84804,17.1656906,162.950747,0.999369706,64.8482464,0.987345711,8.59150084e-05,90,217.469557,2.71425503,74.3661982
1148,3.18888897,162.8268,17.1634517,162.952907,0.999226115,64.8482068,0.987345701,8.61653123e-05,90,217.463879,7.36878128,74.3440607
1149,3.19166674,163.207314,17.2035615,162.946972,1.00159771,64.8482233,0.987345669,8.58436614e-05,90,217.466884,3.16063701,74.3388519
1150,3.19444452,162.922153,17.1735029,162.943579,0.999868512,64.8482398,0.987345625,4.29841288e-05,90,217.466573,1.01703038,74.3609826
1151,3.1972223,162.516355,17.1307279,162.949033,0.997344702,64.8483892,0.987345611,8.58559369e-05,90,217.459955,4.11856706,74.3401346
1152,3.20000008,163.54098,17.2387329,162.940189,1.00368719,64.8481985,0.987345571,8.58616341e-05,90,217.467323,4.06151953,74.3492629
1153,3.20277786,162.957687,17.1772484,162.941072,1.00010197,64.8482492,0.987345535,4.42361243e-05,90,217.467531,0.778318196,74.3583717
1154,3.20555563,162.818842,17.1626129,162.948191,0.999206192,64.8482166,0.987345598,8.58653162e-05,90,217.465991,2.38124063,74.3466456
1155,3.20833341,162.97568,17.179145,162.946231,1.00018073,64.8482375,0.987345567,4.2991422e-05,90,217.466358,1.00549819,74.3531556
1156,3.21111119,162.946396,17.1760582,162.945315,1.00000663,64.8481843,0.987345567,4.42361243e-05,90,217.466317,0.897394971,74.353153
1157,3.21388897,163.048084,17.1867772,162.946672,1.00062236,64.8482123,0.98734527,8.58730889e-05,90,217.467345,2.61291794,74.349246
1158,3.21666674,163.898632,17.2764327,162.947708,1.00583576,68.5387188,0.987339402,8.58306885e-05,90,217.480056,4.50509521,74.3505562
1159,3.21944452,163.480341,17.232341,162.955489,1.00322083,64.8942348,0.987339398,8.65023067e-05,90,217.486307,4.14903467,74.3427443
1160,3.2222223,162.827966,17.1635746,162.967119,0.999146124,64.9187961,0.987339398,8.65572644e-05,90,217.484204,5.23717809,74.34537
1161,3.22500008,163.016089,17.1834046,162.966563,1.0003039,64.9187942,0.987339398,8.58651014e-05,90,217.485052,2.15611529,74.3622882
1162,3.22777786,162.985919,17.1802243,162.970382,1.00009534,64.9188354,0.987339323,4.44038391e-05,90,217.485217,0.789453801,74.3518521
1163,3.23055563,163.141387,17.1966121,162.969514,1.00105463,64.9190053,0.987339388,8.65019311e-05,90,217.487201,2.46532961,74.3505521
1164,3.23333341,163.082479,17.1904027,162.971617,1.00068025,64.9188828,0.987339453,8.58352006e-05,90,217.488462,2.26785459,74.3453376
1165,3.23611119,163.087374,17.1909187,162.971926,1.0007084,64.9189846,0.987339226,8.58517737e-05,90,217.489715,2.57617434,74.3544737
1166,3.23888897,163.130031,17.195415,162.975233,1.00094983,64.9187704,0.987339226,8.67746115e-05,90,217.491641,3.57462739,74.3453628
1167,3.24166675,163.225604,17.2054893,162.976673,1.0015274,64.9187798,0.987339078,8.58752467e-05,90,217.494751,2.47550243,74.3531659
1168,3.24444452,163.28535,17.2117872,162.978464,1.00188299,64.9187575,0.987339078,8.58605193e-05,90,217.498294,3.4344198,74.3492564
1169,3.2472223,162.96915,17.1784568,162.98338,0.999912694,64.9187417,0.987339159,4.29153442e-05,90,217.498049,0.687570947,74.3583732
1170,3.25000008,162.931318,17.174469,162.987458,0.999655558,64.9187678,0.987339149,8.5982844e-05,90,217.497123,2.17412622,74.3570654
1171,3.25277786,163.149295,17.1974457,162.9889,1.00098408,64.9187651,0.987339166,8.59028538e-05,90,217.498217,4.89490309,74.3466529
1172,3.25555563,162.941849,17.175579,162.988874,0.999711482,64.9187712,0.987339169,8.66126434e-05,90,217.497082,3.41245274,74.3479489
1173,3.25833341,162.941508,17.175543,162.987077,0.999720409,64.9188171,0.987339238,8.58402061e-05,90,217.496742,1.81815759,74.3492546
1174,3.26111119,162.733448,17.1536116,162.985863,0.998451305,64.9188056,0.987339298,8.58408404e-05,90,217.492754,4.61808485,74.3466452
1175,3.26388897,163.050644,17.187047,162.978649,1.00044175,64.9189598,0.987339222,8.64986417e-05,90,217.492674,5.04392402,74.3466723
1176,3.26666675,163.474425,17.2317174,162.976742,1.00305371,64.9187523,0.98733937,8.58307294e-05,90,217.499784,6.378384,74.3505774
1177,3.26944452,162.759337,17.1563405,162.98081,0.99864111,64.9187754,0.98733937,8.58432215e-05,90,217.496827,2.68927316,74.3583692
1178,3.2722223,162.983349,17.1799534,162.983394,0.999999722,64.918787,0.98733937,1.07288361e-05,90,217.496808,0.411211184,74.3505497
1179,3.27500008,162.58876,17.1383601,162.980549,0.997596095,64.918964,0.98733944,8.58334715e-05,90,217.491005,3.57444688,74.3492465
1180,3.27777786,162.780668,17.158589,162.975013,0.998807518,64.9188256,0.98733944,8.64986417e-05,90,217.488027,2.38732983,74.3544672
1181,3.28055563,163.875673,17.2740127,162.971668,1.00554701,64.9187818,0.98733944,8.59981631e-05,90,217.496862,9.09277997,74.3492551
1182,3.28333341,163.198355,17.2026171,162.981801,1.0013287,64.9187854,0.98733944,8.60545143e-05,90,217.495935,6.97562162,74.3453541
1183,3.28611119,162.487435,17.1276795,162.979767,0.996979183,64.9187818,0.987339412,8.65003575e-05,90,217.487812,5.8596917,74.3505877
1184,3.28888897,163.525015,17.2370501,162.97064,1.00340169,64.9069111,0.987339435,8.64986417e-05,90,217.494445,4.44822359,74.34666
1185,3.29166675,163.176843,17.2003495,162.972353,1.00125475,64.9187705,0.987339366,8.66648256e-05,90,217.49799,4.48657603,74.3544798
1186,3.29444452,163.080093,17.1901512,162.980976,1.00060815,64.9187086,0.987339366,8.71614762e-05,90,217.498745,3.93903894,74.3479554
1187,3.2972223,163.184609,17.2011682,162.980553,1.00125203,64.9186104,0.987339366,8.58340035e-05,90,217.501126,3.18761536,74.358386
1188,3.30000008,162.663779,17.1462679,162.985015,0.998029047,64.9186181,0.987339366,8.59981631e-05,90,217.495495,7.3042997,74.3453702
1189,3.30277786,162.527754,17.1319295,162.981503,0.997215945,64.9186266,0.987339217,8.59981631e-05,90,217.488176,6.56650398,74.3531569
1190,3.30555564,163.082414,17.1903959,162.971646,1.00067968,64.9186064,0.987339217,8.58478864e-05,90,217.489369,2.43083332,74.3492568
1191,3.30833341,162.571836,17.1365762,162.96784,0.997570047,64.9186038,0.987339217,8.60113967e-05,90,217.483522,3.20953355,74.3583712
1192,3.31111119,163.132379,17.1956626,162.966354,1.00101877,64.9186542,0.987339217,8.6016175e-05,90,217.485557,4.12702556,74.3505583
1193,3.31388897,162.724797,17.1526997,162.967514,0.998510641,64.9186054,0.987339217,8.65060427e-05,90,217.481651,4.18371841,74.3557852
1194,3.31666675,163.104487,17.1927225,162.962453,1.00087158,64.9187562,0.987339148,8.64986417e-05,90,217.48279,3.96675132,74.3414632
1195,3.31944452,162.626619,17.1423508,162.95987,0.99795501,64.918608,0.987339148,8.58306885e-05,90,217.476281,7.01786282,74.3505588
1196,3.3222223,163.318839,17.2153172,162.955481,1.0022298,64.9186059,0.987339148,8.58449504e-05,90,217.480553,3.49864462,74.3440438
1197,3.32500008,162.766724,17.1571191,162.952654,0.99885899,64.9186069,0.987339148,8.58724446e-05,90,217.477658,3.32796854,74.364909
1198,3.32777786,163.444416,17.2285542,162.957321,1.0029891,64.9186567,0.987339222,8.59607591e-05,90,217.482916,5.12550101,74.3349414
1199,3.33055564,162.706249,17.1507446,162.955136,0.998472671,64.9186084,0.987339222,8.58306885e-05,90,217.477558,6.97304628,74.3570744
1200,3.33333341,163.354228,17.2190476,162.955598,1.00244625,64.918646,0.987339222,8.59015555e-05,90,217.482391,3.38359352,74.3349275
