step,time_s,residual_l2_N,residual_rms_N,initial_residual_l2_N,relative_to_initial,max_vertex_residual_N,min_det_F,max_free_speed_m_s,free_vertices,elastic_l2_N,damping_l2_N,inertia_l2_N
1,0.00333333341,1.58972861e-05,1.0261654e-06,1.90313715e-05,0.835320042,2.95028147e-06,0.999999988,8.03064992e-08,240,1.79282928e-05,1.07286888e-06,1.22803393e-05
2,0.00666666683,1.80146689e-05,1.16284188e-06,2.64410184e-05,0.681315244,3.4106008e-06,0.999999988,1.51528553e-07,240,1.68066208e-05,2.04965927e-06,1.18982291e-05
3,0.0100000002,2.28780815e-05,1.47677381e-06,3.36730051e-05,0.679419061,5.17382515e-06,0.999999971,2.1221264e-07,240,1.78192772e-05,2.92116481e-06,1.1532872e-05
4,0.0133333337,2.79637254e-05,1.80505071e-06,4.01418351e-05,0.696622994,5.86083813e-06,0.999999947,2.50818399e-07,240,2.19405576e-05,3.31832594e-06,1.19673299e-05
5,0.0166666671,8.99926951e-05,5.80900349e-06,4.47630884e-05,2.01042194,5.84383685e-05,0.999999899,1.11758709e-06,240,3.24801872e-05,9.76907429e-06,6.08455825e-05
6,0.0200000005,0.00535961988,0.000345961975,2.65093402,0.00202178546,0.0018263509,0.999183025,0.0226225816,240,2.44323977,0.156397167,2.32918968
7,0.0233333339,0.00627095367,0.000404788319,4.77123311,0.00131432557,0.00191272706,0.998615,0.0401136652,240,2.12580704,0.247244552,1.95871454
8,0.0266666673,0.00638870094,0.000412388872,6.39774332,0.000998586629,0.00160156934,0.997722823,0.0520420148,240,1.78644177,0.28432735,1.6198906
9,0.0300000007,0.00618263774,0.00039908755,7.61162025,0.000812263031,0.00174287362,0.996829442,0.0587632778,240,1.48623394,0.284103773,1.35618948
10,0.0333333341,0.00566664158,0.000365780141,8.5012268,0.000666567511,0.0020096284,0.996223131,0.0653068732,240,1.25658038,0.262028593,1.17713785
11,0.0366666676,0.00672486077,0.000434087896,11.5236857,0.000583568567,0.00182031706,0.99534927,0.0896896903,240,3.1154761,0.363231772,2.85034511
12,0.040000001,0.0069041184,0.000445658927,13.9202884,0.000495975243,0.00177156046,0.994757607,0.110791161,240,2.61975678,0.407835901,2.36636535
13,0.0433333344,0.00745180372,0.000481011862,15.7413051,0.000473391736,0.00167234716,0.994451897,0.128307573,240,2.1840919,0.407676732,1.98757907
14,0.0466666678,0.00674115183,0.00043513948,17.0754023,0.000394787291,0.0016118065,0.994556403,0.142030079,240,1.85129839,0.380452736,1.73212627
15,0.0500000012,0.00729142006,0.000470659141,18.0102295,0.000404848814,0.00180015909,0.995014635,0.151797843,240,1.63244323,0.342499133,1.58658574
16,0.0533333346,0.00712327761,0.000459805593,20.6803169,0.000344447218,0.00173703503,0.993732141,0.173593334,240,2.94259438,0.407592216,2.64697939
17,0.056666668,0.00840688981,0.000542662404,22.7613597,0.000369349191,0.00186566274,0.993621903,0.189754515,240,2.43460129,0.432687541,2.18330062
18,0.0600000015,0.00871179074,0.000562343674,24.2900099,0.000358657357,0.00181105227,0.99361034,0.200200477,240,2.03226757,0.424016706,1.87357342
19,0.0633333349,0.00909816067,0.000587283746,25.3392537,0.000359054011,0.00199297729,0.993624633,0.205085417,240,1.78531919,0.394090411,1.73754387
20,0.0666666683,0.00870900112,0.000562163605,25.9930144,0.000335051601,0.00195882517,0.99356026,0.206492309,240,1.69887904,0.355178706,1.74125046
21,0.0700000017,0.00857811197,0.000553714747,28.1301243,0.000304943976,0.00161423422,0.992580416,0.218740737,240,2.58331208,0.408198729,2.31669027
22,0.0733333351,0.00947674083,0.00061172099,29.7582534,0.000318457562,0.00218736051,0.992866007,0.22781117,240,2.13774112,0.426688186,1.94199971
23,0.0766666685,0.00887106463,0.00057262476,30.9093289,0.000287002823,0.00220900511,0.992992885,0.233584994,240,1.84328678,0.413292271,1.76954482
24,0.0800000019,0.00962291289,0.000621156356,31.6507232,0.000304034535,0.00210107223,0.992973811,0.235900623,240,1.74264614,0.378211866,1.78572742
25,0.0833333354,0.0102297435,0.000660327101,32.0626332,0.000319055001,0.00190258783,0.992837152,0.23461855,240,1.7994239,0.333552014,1.9102532
26,0.0866666688,0.0100124795,0.000646302774,33.7814324,0.000296390023,0.00189788423,0.992551078,0.237853122,240,2.30420024,0.387083042,2.07942156
27,0.0900000022,0.00917451801,0.000592212591,35.0806679,0.000261526321,0.00169478453,0.992280443,0.238450471,240,1.93185302,0.404209203,1.79032987
28,0.0933333356,0.0100253556,0.000647133923,35.9862454,0.000278588541,0.00211317208,0.992043884,0.236469012,240,1.73005441,0.388085571,1.71418973
29,0.096666669,0.00992761608,0.000640824862,36.5560707,0.000271572297,0.0017873694,0.991881491,0.231890284,240,1.72050732,0.349787722,1.80491478
30,0.100000002,0.0101592256,0.000655775191,36.8594375,0.000275620744,0.00196037393,0.991831839,0.224676881,240,1.83929125,0.302378311,1.96914807
31,0.103333336,0.00964760372,0.000622750142,38.3054398,0.000251859886,0.00192929819,0.99179577,0.223021316,240,2.14684609,0.359318448,1.94966409
32,0.106666669,0.010289117,0.000664159646,39.4083998,0.000261089439,0.00210856562,0.991679133,0.223949905,240,1.81915443,0.378058448,1.70315038
33,0.110000003,0.0101340592,0.000654150709,40.1851847,0.000252183965,0.0018886714,0.991434723,0.22561119,240,1.65833166,0.362580152,1.66020969
34,0.113333336,0.0105656585,0.000682010326,40.6815117,0.000259716469,0.00201477358,0.991222598,0.226090907,240,1.67661856,0.324829934,1.76717276
35,0.116666669,0.0103794141,0.000669988301,40.9542667,0.00025343914,0.00178646657,0.991047146,0.225465558,240,1.80619067,0.278331028,1.93338498
36,0.120000003,0.00983446992,0.000634812303,42.2383119,0.00023283293,0.0019541045,0.990903966,0.224017977,240,2.1144257,0.339720661,1.9239343
37,0.123333336,0.00940767074,0.000607262535,43.2353949,0.000217591877,0.00176545747,0.990786711,0.221932523,240,1.79062377,0.362347554,1.67081462
38,0.12666667,0.0107637459,0.000694796811,43.9509703,0.000244903488,0.00197220418,0.990688695,0.21937651,240,1.62098988,0.350191152,1.6125087
39,0.130000003,0.0105654699,0.000681998147,44.4193948,0.000237857132,0.00172061682,0.990615007,0.216467491,240,1.62461131,0.315422195,1.70450644
40,0.133333337,0.0101809974,0.000657180556,44.6866966,0.000227830611,0.00189486349,0.990566731,0.218204579,240,1.7418884,0.271399855,1.86143873
41,0.13666667,0.0103755937,0.000669741694,45.8722469,0.000226184554,0.00172410176,0.990537798,0.220809183,240,2.12076082,0.336626936,1.91980486
42,0.140000003,0.0108677138,0.000701507908,46.8025538,0.000232203435,0.00206684082,0.990523639,0.222405249,240,1.77733749,0.362272939,1.64265049
43,0.143333337,0.0109313273,0.00070561414,47.4761584,0.000230248774,0.00197145733,0.990518679,0.223076025,240,1.58477164,0.352290614,1.56372528
44,0.14666667,0.0105315515,0.000679808729,47.9202379,0.000219772522,0.0021411402,0.990525471,0.222911347,240,1.57251465,0.318823216,1.64703157
45,0.150000004,0.0109351682,0.000705862075,48.1757497,0.000226984911,0.0018430602,0.990522774,0.222010839,240,1.68530369,0.275162715,1.80541246
46,0.153333337,0.011518869,0.000743539797,49.2845378,0.000233721762,0.0018898465,0.99042095,0.220488136,240,2.10988554,0.341214721,1.90006884
47,0.15666667,0.0107846681,0.000696147332,50.1571892,0.000215017394,0.00174001914,0.990347775,0.218461229,240,1.7537944,0.36675767,1.61237826
48,0.160000004,0.011444094,0.000738713088,50.7901245,0.000225321242,0.0019879571,0.990302365,0.216056565,240,1.55302628,0.356204858,1.5303443
49,0.163333337,0.0116164051,0.000749835726,51.2081542,0.000226846784,0.00180934792,0.990279772,0.216176634,240,1.54038402,0.321761184,1.6178267
50,0.166666671,0.0115362702,0.000744663039,51.4495385,0.00022422495,0.00184977862,0.990280786,0.218300703,240,1.65787991,0.276824328,1.78213239
51,0.170000004,0.0111328128,0.000718619973,52.494069,0.000212077535,0.00185955542,0.990301054,0.219609126,240,2.08841239,0.342448996,1.87569638
52,0.173333338,0.0122749802,0.000792346566,53.318305,0.000230220751,0.0018181411,0.990334931,0.220159677,240,1.72883345,0.367162393,1.58614606
53,0.176666671,0.0113057852,0.000729785293,53.9181945,0.000209684046,0.00200469995,0.990378489,0.220027729,240,1.52704523,0.355743136,1.50512715
54,0.180000004,0.0113900211,0.000735222703,54.3161845,0.000209698476,0.00194713351,0.990417015,0.219292794,240,1.51591594,0.320544405,1.59511757
55,0.183333338,0.0114259385,0.00073754116,54.5480792,0.00020946546,0.00185566403,0.990324783,0.218043375,240,1.63538718,0.275196451,1.76051499
56,0.186666671,0.0112886062,0.000728676396,55.5389521,0.000203255657,0.00194638352,0.990260893,0.216372078,240,2.06464203,0.340865842,1.84948387
57,0.190000005,0.0116013814,0.000748865952,56.322758,0.000205980351,0.00222852513,0.99022214,0.214377458,240,1.70162227,0.36550635,1.55639624
58,0.193333338,0.0109808428,0.000708810354,56.8943636,0.000193004053,0.00199624719,0.990205774,0.215020073,240,1.49698354,0.35408056,1.47412382
59,0.196666671,0.0111022555,0.000716647512,57.2744496,0.000193843076,0.00201495378,0.990207381,0.2166323,240,1.48563199,0.319003841,1.56548551
60,0.200000005,0.0108006442,0.000697178583,57.4962693,0.000187849478,0.00211953985,0.990222939,0.217578782,240,1.60711505,0.273856925,1.73361162
61,0.203333338,0.0116038111,0.000749022787,58.438817,0.000198563416,0.00184404107,0.990250259,0.21790928,240,2.0462753,0.339774835,1.82925419
62,0.206666672,0.0113198465,0.000730692948,59.1852952,0.000191261131,0.00184283011,0.990288797,0.217683008,240,1.68003003,0.364588999,1.53261067
63,0.210000005,0.0108053851,0.000697484608,59.7299803,0.000180903878,0.00212964205,0.990334431,0.216970325,240,1.47296573,0.353341678,1.44971548
64,0.213333338,0.0117144934,0.000756167298,60.0920377,0.000194942522,0.00219791698,0.990326817,0.215837932,240,1.4621251,0.318453906,1.54329097
65,0.216666672,0.0111408095,0.000719136161,60.3028059,0.00018474778,0.00187776874,0.990276147,0.214359413,240,1.58648427,0.27344056,1.71480672
66,0.220000005,0.0115349457,0.00074457754,61.2027157,0.000188471141,0.00205487113,0.990244963,0.212612584,240,2.03354744,0.339562273,1.81473924
67,0.223333339,0.0120783577,0.000779654636,61.9160319,0.000195076417,0.00198719551,0.990231752,0.213861917,240,1.66403684,0.364551403,1.51478181
68,0.226666672,0.0117124315,0.000756034205,62.436633,0.000187589096,0.00163673353,0.990234434,0.214949815,240,1.45460868,0.353421892,1.43093977
69,0.230000006,0.0110224926,0.000711498839,62.7825012,0.000175566319,0.0019874349,0.990250198,0.215504959,240,1.44420581,0.318614521,1.52682082
70,0.233333339,0.0116307656,0.000750762693,62.9834582,0.000184663814,0.00192746755,0.990277607,0.215575819,240,1.57113533,0.273606487,1.70147311
71,0.236666672,0.0111100801,0.000717152589,63.8455189,0.000174015034,0.00173701391,0.990312022,0.21521222,240,2.01678432,0.339682266,1.79570104
72,0.240000006,0.0111687838,0.000720941893,64.5290249,0.000173081552,0.00161233836,0.990352854,0.214473202,240,1.64411381,0.364658874,1.49339737
73,0.243333339,0.0111598382,0.000720364456,65.0277531,0.000171616543,0.0018183407,0.990325591,0.213415733,240,1.43347245,0.353493673,1.41067642
74,0.246666673,0.0113025936,0.000729579282,65.3588011,0.000172931471,0.00176379443,0.990290872,0.212106292,240,1.42540109,0.318624936,1.51036569
75,0.250000006,0.0114923181,0.000741825946,65.5507887,0.000175319296,0.00185990103,0.990272616,0.211977258,240,1.5565349,0.273424867,1.68921422
76,0.253333339,0.0106023275,0.000684377298,66.3782464,0.000159725936,0.00184774738,0.990267368,0.21312909,240,1.99750169,0.3393369,1.77543649
77,0.256666673,0.0109869248,0.000709202949,67.0345827,0.000163899354,0.00189418633,0.990274616,0.213800859,240,1.62380587,0.364172749,1.47299444
78,0.260000006,0.0114688476,0.00074031093,67.5138163,0.000169874083,0.00194574339,0.990293603,0.214031528,240,1.41402813,0.352822562,1.39277201
79,0.26333334,0.0116484766,0.000751905934,67.8322301,0.000171724807,0.0018626528,0.990320021,0.213864593,240,1.40915154,0.317634024,1.49643603
80,0.266666673,0.0108751632,0.000701988764,68.0173794,0.000159888006,0.00205269687,0.990351174,0.213348066,240,1.54366784,0.272068843,1.67814823
81,0.270000007,0.0109440286,0.000706434009,68.8144599,0.000159036758,0.00170634446,0.99035791,0.212531649,240,1.98398504,0.338066162,1.76145446
82,0.27333334,0.0107024137,0.000690837832,69.447831,0.000154107242,0.00180956232,0.990320698,0.211467435,240,1.60950608,0.36290903,1.45781671
83,0.276666673,0.0113849382,0.000734894599,69.9111648,0.000162848641,0.00215941567,0.990297227,0.210337242,240,1.39879844,0.351502964,1.37713167
84,0.280000007,0.0101306683,0.000653931829,70.2200066,0.000144270398,0.00173840015,0.990287054,0.211532351,240,1.39355313,0.316207976,1.48066302
85,0.28333334,0.0113047212,0.000729716617,70.4006623,0.000160576916,0.00195668182,0.990289527,0.212294175,240,1.52782809,0.270514913,1.66210591
86,0.286666674,0.0108639967,0.000701267968,71.1715752,0.000152645162,0.00207529933,0.990303295,0.212655761,240,1.97540356,0.336886184,1.75094765
87,0.290000007,0.0117771353,0.000760210815,71.7849972,0.000164061235,0.00199646243,0.990327465,0.212651042,240,1.59732042,0.361902344,1.44273047
88,0.29333334,0.0117590614,0.00075904415,72.2342158,0.00016279074,0.0017680922,0.990356874,0.212324638,240,1.3816723,0.350553736,1.35721551
89,0.296666674,0.0111908563,0.000722366667,72.5335792,0.00015428518,0.00165802707,0.99039021,0.211721399,240,1.37234039,0.315343183,1.45797361
90,0.300000007,0.0114154071,0.000736861358,72.7079881,0.000157003479,0.00209188175,0.990353879,0.210881827,240,1.50450442,0.269789587,1.63798388
91,0.303333341,0.0109162496,0.000704640885,73.4532713,0.000148614887,0.00199223786,0.990326939,0.209849389,240,1.96484299,0.336508335,1.7365464
92,0.306666674,0.0109056652,0.000703957663,74.0454002,0.000147283494,0.00181131176,0.990313681,0.210192938,240,1.57959283,0.361702103,1.41960808
93,0.310000008,0.011387054,0.000735031177,74.4771737,0.000152893208,0.00174503839,0.990308364,0.210992314,240,1.35549641,0.350553838,1.32702052
94,0.313333341,0.0120997325,0.000781034372,74.7619306,0.000161843499,0.00182759415,0.990315313,0.211426366,240,1.3405705,0.31550904,1.42502756
95,0.316666674,0.0119080289,0.000768659963,74.9234764,0.000158935884,0.00212665766,0.990331309,0.211531009,240,1.47121316,0.270058257,1.60526085
96,0.320000008,0.0101501446,0.000655189017,75.6382247,0.000134193321,0.00194827459,0.990353874,0.211336909,240,1.9414498,0.336917689,1.70713185
97,0.323333341,0.011642735,0.000751535314,76.2020047,0.000152787779,0.00210574789,0.990382212,0.210881685,240,1.54445913,0.362160662,1.37683961
98,0.326666675,0.011945638,0.000771087619,76.6071372,0.000155933748,0.00201599378,0.990376416,0.210203631,240,1.30805771,0.351015546,1.27496132
99,0.330000008,0.0111720497,0.000721152709,76.8660615,0.000145344376,0.00201801558,0.990347561,0.209344929,240,1.28678094,0.315929204,1.37173256
100,0.333333341,0.0110184362,0.000711236999,77.0014044,0.000143093964,0.00173834932,0.990331632,0.209012863,240,1.41752079,0.270444428,1.55374963
101,0.336666675,0.011731171,0.000757243832,77.6724105,0.00015103395,0.00200881785,0.990326927,0.209825644,240,1.8929861,0.337219204,1.64819454
102,0.340000008,0.0112032616,0.000723167428,78.1922317,0.000143278448,0.00220960309,0.990333168,0.210298407,240,1.47712534,0.362413566,1.29698589
103,0.343333342,0.010990582,0.00070943902,78.5528199,0.000139913272,0.00174731621,0.990346399,0.210467411,240,1.22122618,0.351208497,1.1818141
104,0.346666675,0.0109698572,0.000708101235,78.7656468,0.000139272102,0.00172816581,0.990364682,0.210358852,240,1.19204045,0.316074392,1.2797001
105,0.350000008,0.0110472978,0.000713100006,78.8522777,0.000140101188,0.00178961556,0.990388112,0.210001682,240,1.32645812,0.270482966,1.4678588
106,0.353333342,0.01094504,0.000706499293,79.4560565,0.0001377496,0.00186643009,0.990397753,0.209432199,240,1.81239068,0.337153596,1.55217371
107,0.356666675,0.0113943371,0.000735501297,79.9059769,0.000142596806,0.00209725487,0.99036632,0.208689057,240,1.36766953,0.362248897,1.16751443
108,0.360000009,0.0118230925,0.00076317734,80.1936034,0.000147431865,0.00206459767,0.990345948,0.207799429,240,1.08090667,0.350927296,1.0325438
109,0.363333342,0.0103392044,0.000667392773,80.3293565,0.000128710161,0.00177368546,0.990334078,0.208164909,240,1.04236801,0.315754898,1.13837312
110,0.366666676,0.0122564056,0.000791147582,80.3337413,0.00015256859,0.00209585127,0.990327919,0.208546412,240,1.18911065,0.270213364,1.34245193
111,0.370000009,0.0108819565,0.000702427274,80.8375746,0.00013461508,0.0018607518,0.99032962,0.208627363,240,1.70687765,0.336857748,1.42647454
112,0.373333342,0.0110751257,0.000714896288,81.1830634,0.000136421628,0.00189238583,0.990338745,0.208435282,240,1.22344726,0.362032322,0.993941461
113,0.376666676,0.0111672504,0.000720842916,81.3613068,0.000137255052,0.00199873753,0.990325145,0.207991288,240,0.891196228,0.350827497,0.831782095
114,0.380000009,0.0116495565,0.000751975637,81.3820449,0.00014314652,0.00225086468,0.990257039,0.207325226,240,0.845343803,0.315759961,0.962004266
115,0.383333343,0.010469916,0.000675830174,81.2649624,0.000128836779,0.00210139723,0.990198553,0.206462834,240,1.02348784,0.270335444,1.20008839
116,0.386666676,0.0108355478,0.000699431603,81.6336084,0.000132733907,0.00208984727,0.990144517,0.205433606,240,1.60236739,0.337018054,1.30321748
117,0.390000009,0.0116785146,0.000753844876,81.839449,0.000142700308,0.00193711658,0.990093689,0.204263183,240,1.08123312,0.362213595,0.819380207
118,0.393333343,0.011949293,0.000771323549,81.8732953,0.000145948603,0.00177531876,0.99002194,0.202976029,240,0.699099461,0.351097022,0.633019249
119,0.396666676,0.0113402461,0.00073200974,81.7448509,0.000138727345,0.00189635052,0.989852905,0.201596379,240,0.660475625,0.316216256,0.815137835
120,0.40000001,0.0113607594,0.000733333867,81.4735936,0.000139441001,0.0016307185,0.989689671,0.200972471,240,0.895452464,0.271008805,1.10222509
121,0.403333343,0.0110229902,0.000711530959,81.6827338,0.000134948841,0.00165475084,0.989530338,0.20075777,240,1.54378904,0.337631389,1.24014886
122,0.406666677,0.0109947163,0.000709705885,81.7271274,0.000134529582,0.00209234327,0.989253434,0.202883585,240,1.01324219,0.362839005,0.745639047
123,0.41000001,0.0116315498,0.000750813309,81.59788,0.000142547205,0.00196467425,0.988924909,0.202581044,240,0.626386565,0.351756744,0.577507859
124,0.413333343,0.0108185188,0.000698332386,81.3049098,0.000133061076,0.00204282051,0.988596594,0.200901678,240,0.624418971,0.316819361,0.80616125
125,0.416666677,0.0110557778,0.000713647388,80.8680857,0.000136713732,0.0020458828,0.988268226,0.200840123,240,0.899254912,0.271496668,1.1204478
126,0.42000001,0.0106067218,0.00068466095,80.9178501,0.000131080124,0.00178970066,0.987940074,0.200716009,240,1.56749988,0.337940739,1.2824909
127,0.423333344,0.0111446686,0.000719385262,80.8055109,0.00013791966,0.00201268005,0.987610462,0.203050341,240,1.07351663,0.363012412,0.845064123
128,0.426666677,0.0113988304,0.00073579134,80.5223488,0.000141561077,0.00184582991,0.987280081,0.202844191,240,0.754727816,0.351717429,0.736788676
129,0.43000001,0.0114000151,0.000735867813,80.0785642,0.000142360384,0.00180233867,0.986947982,0.200880458,240,0.785267895,0.316554111,0.952354011
130,0.433333344,0.0119159765,0.000769172973,79.4950967,0.000149895741,0.00198984488,0.986614495,0.200321257,240,1.04002257,0.270927739,1.24755256
131,0.436666677,0.0108268836,0.000698872332,79.4152294,0.000136332586,0.00199431297,0.986278549,0.200353172,240,1.66356014,0.337335806,1.4064235
132,0.440000011,0.0102985161,0.000664766354,79.1795367,0.000130065374,0.00194519921,0.98594322,0.203512223,240,1.22313655,0.362304326,1.03792398
133,0.443333344,0.0116278393,0.000750573796,78.7791783,0.000147600413,0.00207954375,0.985608174,0.203306417,240,0.969725214,0.350861283,0.963802676
134,0.446666677,0.0106972607,0.000690505212,78.2245518,0.000136750681,0.00183297808,0.985271039,0.20050382,240,1.00378697,0.315440979,1.14407051
135,0.450000011,0.011183077,0.000721864518,77.5368372,0.000144229213,0.00182204669,0.984933946,0.199994858,240,1.21856982,0.269513574,1.40199005
136,0.453333344,0.0100022291,0.000645641112,77.3761846,0.000129267541,0.0016563395,0.984594721,0.200501833,240,1.77764101,0.336154591,1.54000517
137,0.456666678,0.0109560464,0.000707209756,77.0665149,0.000142163512,0.00176626145,0.984253387,0.203810118,240,1.37296375,0.361166605,1.20915065
138,0.460000011,0.0115858861,0.00074786573,76.598175,0.00015125538,0.00177192959,0.983913041,0.203538494,240,1.14812241,0.349697835,1.13940494
139,0.463333345,0.0113280207,0.000731220592,75.9808777,0.000149090417,0.00210850155,0.983569227,0.20014589,240,1.1692066,0.3142256,1.28661843
140,0.466666678,0.011016424,0.000711107109,75.2354779,0.000146425919,0.00192044156,0.983226672,0.200155594,240,1.34889379,0.268215588,1.51098747
141,0.470000011,0.0120460544,0.00077756947,75.0415056,0.000160525223,0.00193476998,0.98288651,0.200526488,240,1.85833306,0.335201741,1.62660641
142,0.473333345,0.0108873393,0.000702774731,74.701804,0.000145743995,0.00193794721,0.982546424,0.203772128,240,1.46483355,0.360356215,1.30445168
143,0.476666678,0.0114839584,0.000741286326,74.2052419,0.000154759396,0.00165166654,0.982206965,0.203445964,240,1.24212086,0.349056109,1.22470718
144,0.480000012,0.0113477077,0.000732491382,73.5607745,0.000154263026,0.00171355705,0.981869821,0.20034042,240,1.24640075,0.313716686,1.34830385
145,0.483333345,0.0108472188,0.000700184965,72.7884662,0.000149023869,0.0020023196,0.98153454,0.200278068,240,1.402427,0.267869091,1.55126521
146,0.486666678,0.0111333498,0.000718654639,72.5893781,0.000153374365,0.00231539436,0.981205195,0.200316722,240,1.88748215,0.335059471,1.65305153
147,0.490000012,0.0112841382,0.000728387986,72.2427042,0.000156197616,0.0017069015,0.980879616,0.203540412,240,1.48981326,0.360394034,1.32438732
148,0.493333345,0.0113088729,0.000729984609,71.7357466,0.000157646271,0.00168152314,0.980558452,0.203198727,240,1.25836293,0.349235451,1.23312607
149,0.496666679,0.0117727828,0.00075992986,71.0769157,0.000165634407,0.00188006682,0.980243703,0.200181978,240,1.25059772,0.314050588,1.3456002
150,0.500000012,0.0110653239,0.000714263588,70.285933,0.000157432981,0.00183005756,0.979937001,0.200067286,240,1.39676698,0.268422063,1.54122576
151,0.503333346,0.0110771663,0.000715028009,70.0880112,0.00015804652,0.00199207761,0.979638804,0.200080139,240,1.87961793,0.335573856,1.64027491
152,0.506666679,0.0113579064,0.000733149708,69.7367884,0.000162868218,0.00180590472,0.97934968,0.203323886,240,1.47383256,0.360985762,1.30265091
153,0.510000012,0.0117341813,0.000757438147,69.218586,0.000169523563,0.00191273916,0.979068657,0.203008347,240,1.23402659,0.349873947,1.20529572
154,0.513333346,0.0115729312,0.000747029498,68.5414906,0.000168845631,0.00197702613,0.978799822,0.200118463,240,1.22251855,0.314759395,1.31778178
155,0.516666679,0.0116095083,0.000749390536,67.7256664,0.000171419624,0.0017000593,0.978541826,0.199788441,240,1.37005471,0.269151938,1.51640961
156,0.520000013,0.0111166086,0.000717574002,67.5238115,0.000164632422,0.00193826883,0.978297974,0.199992443,240,1.86051826,0.336112551,1.61801819
157,0.523333346,0.0114917452,0.000741788964,67.1616189,0.00017110584,0.00189288834,0.97806337,0.203266782,240,1.44967397,0.361397502,1.27568006
158,0.526666679,0.0106049332,0.000684545495,66.624783,0.000159174,0.00198248834,0.977841312,0.202980237,240,1.20646725,0.350198016,1.17807431
159,0.530000013,0.010882956,0.00070249179,65.9215696,0.000165089455,0.00210713523,0.97763207,0.200280743,240,1.19690662,0.315015158,1.29552922
160,0.533333346,0.0106659096,0.000688481503,65.0728739,0.000163907154,0.00170265246,0.977438772,0.199556274,240,1.3497547,0.269431966,1.49943248
161,0.53666668,0.0105409101,0.000680412823,64.8622466,0.000162512258,0.00197757827,0.977260458,0.200003213,240,1.84642727,0.336322294,1.60306615
162,0.540000013,0.0118353673,0.000763969672,64.4842382,0.000183538917,0.0022004854,0.977095086,0.203277907,240,1.43378816,0.361489971,1.25903149
163,0.543333346,0.0113643572,0.000733566101,63.9240126,0.000177779159,0.00209143218,0.976945427,0.202983253,240,1.19006662,0.350263617,1.1630225
164,0.54666668,0.0113253446,0.000731047849,63.189988,0.000179226883,0.00168794522,0.976811516,0.200174329,240,1.18314017,0.315049623,1.28441432
165,0.550000013,0.012248164,0.000790615588,62.3036945,0.000196588085,0.00203004784,0.976693271,0.199134468,240,1.33992546,0.269381061,1.49211382
166,0.553333347,0.0110771973,0.000715030014,62.083318,0.000178424699,0.00186269537,0.976592248,0.199946365,240,1.83720043,0.33625523,1.59291874
167,0.55666668,0.0111722196,0.000721163676,61.6883852,0.000181107345,0.00188309537,0.976505164,0.203188373,240,1.42320497,0.361495275,1.24800725
168,0.560000014,0.0109869275,0.00070920312,61.1032289,0.000179809278,0.00202604193,0.97643082,0.202856298,240,1.17882346,0.35026191,1.15248584
169,0.563333347,0.0112790443,0.000728059181,60.3363524,0.000186936132,0.00219990344,0.976368978,0.199804214,240,1.17331494,0.315055887,1.27618401
170,0.56666668,0.0108872313,0.000702767761,59.4098017,0.000183256483,0.00165453418,0.976319799,0.19856315,240,1.33257776,0.269410069,1.48614023
171,0.570000014,0.0110236565,0.000711573967,59.1804785,0.000186271838,0.00217749054,0.976283876,0.1996866,240,1.82688812,0.336355501,1.58191852
172,0.573333347,0.0110457499,0.000713000093,58.7685317,0.000187953478,0.00174420154,0.976259646,0.202883029,240,1.41078401,0.361584304,1.23449969
173,0.576666681,0.0114495882,0.00073906774,58.1572796,0.000196872829,0.00197055577,0.976243057,0.202498901,240,1.16516386,0.350349609,1.13951423
174,0.580000014,0.0110397065,0.000712609991,57.3552071,0.000192479586,0.00168247279,0.976235654,0.199235392,240,1.16118728,0.31517985,1.2659021
175,0.583333347,0.0120033794,0.000774814806,56.3849657,0.000212882622,0.00191574482,0.97618775,0.197532363,240,1.3234905,0.26953016,1.4790972
176,0.586666681,0.0107551077,0.000694239216,56.1471832,0.000191552044,0.00208403012,0.976129818,0.199146326,240,1.81391414,0.336438336,1.56762116
177,0.590000014,0.0110096586,0.000710670405,55.7176621,0.000197597281,0.00201684987,0.976084808,0.202271543,240,1.39556655,0.361677449,1.21837096
178,0.593333348,0.0107819692,0.000695973121,55.0785811,0.000195756118,0.0018928217,0.976049546,0.201815938,240,1.14891725,0.350460564,1.12437744
179,0.596666681,0.0119695935,0.000772633937,54.2385339,0.000220684311,0.00183461775,0.976023208,0.198470874,240,1.14741249,0.315372373,1.25489319
180,0.600000015,0.010944423,0.000706459466,53.2207461,0.000205642043,0.00178795399,0.976006989,0.195690352,240,1.31410228,0.269877207,1.4720108
181,0.603333348,0.0117208178,0.000756575533,52.9756279,0.000221249247,0.00208169482,0.975997547,0.198228301,240,1.79940903,0.336786589,1.55185917
182,0.606666681,0.0112164785,0.000724020572,52.5285801,0.000213530967,0.00199652977,0.975995468,0.201263805,240,1.37895017,0.36201172,1.20112093
183,0.610000015,0.0114452172,0.000738785595,51.8605531,0.000220692155,0.00209116782,0.976000704,0.200718101,240,1.13203624,0.350794738,1.10953009
184,0.613333348,0.0118049134,0.000762003882,50.9802691,0.000231558475,0.00207964733,0.97601001,0.19738024,240,1.13447799,0.315745575,1.2456208
185,0.616666682,0.0111877298,0.000722164852,49.9118289,0.000224149866,0.00198038444,0.975985377,0.193837251,240,1.30679594,0.270293257,1.46801901
186,0.620000015,0.0113218602,0.000730822936,49.6624187,0.000227976416,0.00180692443,0.975945094,0.196822152,240,1.78286445,0.337181223,1.53461669
187,0.623333348,0.0110963262,0.000716264778,49.2000353,0.000225534924,0.001779692,0.975915277,0.199743602,240,1.36053921,0.362444411,1.1825815
188,0.626666682,0.0110675054,0.000714404405,48.5040652,0.000228176863,0.00228011435,0.975894399,0.199076617,240,1.11418962,0.351277775,1.09456065
189,0.630000015,0.010938903,0.000706103152,47.5834628,0.000229888754,0.0019232763,0.975882111,0.195719605,240,1.12202995,0.316258558,1.2374725
190,0.633333349,0.0116164603,0.000749839288,46.4635413,0.000250012375,0.00193280825,0.975877139,0.192027282,240,1.30123984,0.270873499,1.4659083
191,0.636666682,0.0112166754,0.000724033285,46.2160885,0.000242700665,0.0019610572,0.97587661,0.194781759,240,1.76227743,0.337718236,1.51297441
192,0.640000015,0.0111342553,0.000718713087,45.7434856,0.000243406359,0.001730922,0.975880367,0.197554119,240,1.33796257,0.362968729,1.16019906
193,0.643333349,0.0107840692,0.000696108672,45.0237001,0.000239519834,0.00167563318,0.975889594,0.196725711,240,1.09279763,0.351811846,1.07698711
194,0.646666682,0.0106684341,0.000688644458,44.0659857,0.000242101337,0.0020825077,0.975902581,0.193202164,240,1.10763289,0.31676767,1.22855
195,0.650000016,0.0115465107,0.00074532406,42.8970483,0.000269167953,0.00169837164,0.975899768,0.189309721,240,1.29512652,0.271404195,1.4640334
196,0.653333349,0.0109523642,0.000706972072,42.6620377,0.000256723889,0.00210238423,0.975880472,0.191895365,240,1.73624483,0.338178313,1.48545367
197,0.656666683,0.0114292008,0.00073775174,42.1887393,0.000270906432,0.00202345131,0.975870352,0.194472275,240,1.30916951,0.363405365,1.13091809
198,0.660000016,0.0121011279,0.000781124444,41.4536514,0.000291919468,0.00200938806,0.97586533,0.193443261,240,1.06490729,0.352280853,1.05336583
199,0.663333349,0.0110317479,0.000712096264,40.4666047,0.000272613627,0.00169787124,0.975865457,0.189598508,240,1.0880003,0.317258998,1.21509944
200,0.666666683,0.0109296819,0.000705507934,39.256067,0.000278420197,0.00171466213,0.975869622,0.185465857,240,1.28524025,0.271876368,1.45914691
201,0.670000016,0.011494981,0.000741997835,39.0493121,0.000294370897,0.00215161931,0.975876284,0.187981018,240,1.70317271,0.338672601,1.45009859
202,0.67333335,0.0102618101,0.000662396991,38.5904185,0.000265916009,0.00172142353,0.975886278,0.190340411,240,1.27141276,0.363818631,1.09140681
203,0.676666683,0.0104547734,0.000674852722,37.8541909,0.000276185362,0.00196531729,0.975882754,0.189088564,240,1.02641649,0.352646208,1.01932203
204,0.680000016,0.0112947841,0.000729075178,36.8513709,0.000306495628,0.0021576405,0.975857466,0.184778009,240,1.05841456,0.317576742,1.19275467
205,0.68333335,0.0112416283,0.00072564399,35.6127786,0.00031566277,0.0020309927,0.975839991,0.180404764,240,1.26678591,0.272084053,1.44609357
206,0.686666683,0.0106807917,0.000689442141,35.4565737,0.000301235867,0.00173471334,0.975826365,0.182949024,240,1.66151056,0.338855275,1.40375527
207,0.690000017,0.0109438058,0.000706419625,35.0333439,0.000312382564,0.00184598172,0.975818394,0.185086832,240,1.22144821,0.364040916,1.03727077
208,0.69333335,0.0112324269,0.000725050038,34.3164357,0.00032731916,0.00185100929,0.975813377,0.183615327,240,0.971699206,0.352810041,0.96847518
209,0.696666684,0.0107934899,0.000696716775,33.317939,0.000323954308,0.00178251343,0.975813077,0.178842971,240,1.01238399,0.317643989,1.1551538
210,0.700000017,0.0115648163,0.000746505683,32.0715844,0.000360593857,0.00199561502,0.975814971,0.174198472,240,1.233443,0.272017305,1.41898012
211,0.70333335,0.0114829422,0.000741220732,31.9937259,0.000358912314,0.00195543508,0.97578489,0.176860065,240,1.61012941,0.33898573,1.34560191
212,0.706666684,0.0114637352,0.000739980925,31.6329497,0.000362398552,0.00184669523,0.975754861,0.178812784,240,1.15594241,0.364110833,0.962234134
213,0.710000017,0.0112134773,0.00072382685,30.9612128,0.000362178233,0.0020979266,0.975729982,0.177172062,240,0.894061273,0.352786139,0.893155378
214,0.713333351,0.0112809565,0.000728182608,29.9927347,0.000376122971,0.00179364672,0.975709882,0.172243287,240,0.942531353,0.31752386,1.09591033
215,0.716666684,0.0108230778,0.000698626665,28.7647041,0.00037626244,0.00214038109,0.975695332,0.167085048,240,1.17886281,0.271678591,1.37213032
216,0.720000017,0.0106964129,0.000690450481,28.7957358,0.000371458223,0.00196188505,0.975685053,0.170005758,240,1.55004892,0.338838861,1.27414123
217,0.723333351,0.0110541977,0.000713545393,28.526644,0.000387504316,0.00187467961,0.975678719,0.171862262,240,1.07388313,0.36401249,0.862821888
218,0.726666684,0.0110131332,0.000710894692,27.9286678,0.000394330774,0.00200726932,0.975654135,0.17014258,240,0.787793889,0.352655381,0.786846491
219,0.730000018,0.0121088603,0.000781623573,27.0188513,0.000448163402,0.00207409312,0.975614869,0.165155685,240,0.842730967,0.317245775,1.01038561
220,0.733333351,0.0108194056,0.000698389631,25.8387149,0.000418728474,0.00189753618,0.975582637,0.159515138,240,1.09893818,0.271187352,1.30249035
221,0.736666685,0.0107157784,0.00069170052,26.007043,0.000412033708,0.0020403874,0.97555681,0.16288146,240,1.48641919,0.338731959,1.19528747
222,0.740000018,0.0106906323,0.000690077346,25.8567902,0.000413455506,0.00205345541,0.975536148,0.164755951,240,0.979639993,0.36400979,0.740263888
223,0.743333351,0.0108684326,0.000701554309,25.3596382,0.000428572069,0.00178710712,0.975518587,0.163083931,240,0.650885221,0.352639665,0.646030051
224,0.746666685,0.0113332392,0.000731557443,24.5366161,0.000461890878,0.00222005056,0.975504942,0.158178457,240,0.711299874,0.317088873,0.899793142
225,0.750000018,0.0111411151,0.000719155887,23.4341593,0.000475422009,0.00195814135,0.975460381,0.152125527,240,0.995713599,0.270767305,1.21295808
226,0.753333352,0.0111190239,0.000717729906,23.7607254,0.0004679581,0.00196355048,0.975405424,0.15615762,240,1.42972608,0.338785736,1.12173034
227,0.756666685,0.0111765176,0.000721441107,23.7502792,0.000470584682,0.00190816534,0.975359733,0.158207693,240,0.887368229,0.364112803,0.606929124
228,0.760000018,0.0113593281,0.000733241478,23.3766235,0.000485926812,0.00180321259,0.975321024,0.156739313,240,0.491226253,0.35270077,0.474653819
229,0.763333352,0.0111623599,0.000720527235,22.6659599,0.000492472412,0.00186459935,0.975285167,0.152069064,240,0.55621679,0.317051069,0.775238834
230,0.766666685,0.0108071945,0.000697601408,21.6706133,0.000498702754,0.00188093126,0.975251105,0.145743054,240,0.880727362,0.270522442,1.1142549
231,0.770000019,0.0112268405,0.000724689437,22.1667692,0.000506471663,0.00186447237,0.975157807,0.150629827,240,1.3972676,0.339150102,1.07533872
232,0.773333352,0.011238675,0.000725453353,22.3105369,0.000503738437,0.00165959547,0.9750655,0.153019005,240,0.825468808,0.364684554,0.49997801
233,0.776666685,0.0114743402,0.000740665475,22.079587,0.000519680924,0.00202855551,0.974978845,0.151919037,240,0.343412087,0.353283245,0.296809219
234,0.780000019,0.0119619792,0.000772142436,21.506349,0.000556206876,0.0019816163,0.974897726,0.147648045,240,0.405904868,0.317560248,0.664137596
235,0.783333352,0.0116679242,0.000753161266,20.6494001,0.000565049063,0.00193013869,0.974765087,0.141275091,240,0.778188179,0.270870809,1.02641174
236,0.786666686,0.0109593079,0.000707420285,21.3210524,0.000514013462,0.00190996087,0.974596,0.147096362,240,1.4061296,0.340139351,1.07938715
237,0.790000019,0.0105866143,0.000683363012,21.6313612,0.000489410452,0.00167214229,0.974430897,0.149966444,240,0.826717991,0.365765506,0.48443451
238,0.793333353,0.0119411536,0.000770798153,21.5638477,0.000553758022,0.00186974952,0.97427021,0.149369255,240,0.307930971,0.354445354,0.215291934
239,0.796666686,0.0110891119,0.000715799098,21.1573632,0.000524125423,0.00166431462,0.974004397,0.145622962,240,0.336984057,0.318703875,0.608072171
240,0.800000019,0.0107600485,0.000694558142,20.4765775,0.000525480807,0.0018779219,0.973728004,0.139506025,240,0.72319121,0.271925044,0.975156519
241,0.803333353,0.0110708004,0.000714617095,21.3274186,0.000519087688,0.00183383229,0.973456585,0.146186709,240,1.46310296,0.341952421,1.14284364
242,0.806666686,0.0110768606,0.000715008275,21.8175575,0.00050770397,0.0017847415,0.973131595,0.149637985,240,0.902153212,0.367705235,0.584691876
243,0.81000002,0.0110143263,0.000710971708,21.9366386,0.00050209727,0.00209729152,0.972722217,0.149630772,240,0.436962239,0.35642521,0.344804555
244,0.813333353,0.0105345423,0.000680001781,21.7287796,0.000484819787,0.00185111829,0.972315396,0.14648125,240,0.416849391,0.320760875,0.637630279
245,0.816666686,0.011415224,0.000736849542,21.262666,0.000536867014,0.00183247298,0.971919038,0.140926416,240,0.738768258,0.274013767,0.974709931
246,0.82000002,0.0116914677,0.000754680993,22.2912047,0.000524487924,0.0019284887,0.971528864,0.148253839,240,1.55792355,0.344785025,1.2498019
247,0.823333353,0.0114914197,0.000741767953,22.9681995,0.000500318699,0.0018971845,0.971140146,0.152297605,240,1.02753677,0.370614342,0.744503062
248,0.826666687,0.0118305146,0.000763656431,23.28843,0.00050799966,0.00218510183,0.970752387,0.152874961,240,0.623757325,0.359411386,0.537374637
249,0.83000002,0.0118374884,0.000764106593,23.2986522,0.000508076103,0.00181120036,0.970363733,0.150300007,240,0.573264888,0.323850846,0.731397686
250,0.833333354,0.0105338105,0.000679954546,23.0680489,0.000456640724,0.00167645723,0.969987272,0.145580216,240,0.811317216,0.277215956,1.01866108
251,0.836666687,0.0113201087,0.000730709877,24.2565825,0.00046668193,0.00212605971,0.96961877,0.153175263,240,1.66737741,0.348746025,1.37070471
252,0.84000002,0.0112127057,0.000723777039,25.107913,0.000446580553,0.00196201703,0.969251927,0.157742403,240,1.16415337,0.374537664,0.905167336
253,0.843333354,0.0112633175,0.00072704402,25.6199874,0.000439630097,0.0019280841,0.96888717,0.158817327,240,0.799054635,0.3634245,0.712067521
254,0.846666687,0.0115464079,0.000745317427,25.8387157,0.000446864623,0.00187132435,0.968527337,0.156712002,240,0.729129588,0.328021574,0.842648814
255,0.850000021,0.011504313,0.000742600212,25.8298395,0.000445388482,0.00195408913,0.968182739,0.152996495,240,0.904669207,0.281638722,1.0835291
256,0.853333354,0.0111899416,0.000722307624,27.1400582,0.000412303523,0.00209038401,0.967846176,0.160433256,240,1.76625752,0.353752872,1.47626795
257,0.856666687,0.0113548825,0.000732954514,28.1289872,0.000403671929,0.00192595829,0.967509898,0.165369279,240,1.28056652,0.379272242,1.03458256
258,0.860000021,0.0110445815,0.00071292467,28.7954588,0.000383552891,0.00164646727,0.967172796,0.166771006,240,0.935205776,0.368122128,0.845126885
259,0.863333354,0.0108515115,0.000700462052,29.1817425,0.000371859613,0.00211067279,0.966842393,0.164953452,240,0.851934925,0.332850863,0.93870484
260,0.866666688,0.0111175365,0.000717633895,29.3483254,0.000378813317,0.00179140043,0.966525976,0.162241431,240,0.988469076,0.286673478,1.14689123
261,0.870000021,0.0115200854,0.000743618313,30.7281913,0.000374902814,0.00210642068,0.966218583,0.169126886,240,1.83735447,0.359199087,1.54959329
262,0.873333354,0.0113106261,0.000730097777,31.8015108,0.000355663169,0.00190206095,0.96591713,0.174221812,240,1.35999307,0.384310178,1.11906238
263,0.876666688,0.0112579204,0.000726695636,32.5670384,0.0003456845,0.00203884637,0.96561919,0.17574219,240,1.0233781,0.373053515,0.93091881
264,0.880000021,0.0111937472,0.000722553272,33.0628545,0.000338559611,0.00181337314,0.965328117,0.174001864,240,0.933020833,0.337850548,1.0058124
265,0.883333355,0.011027985,0.00071185337,33.3435032,0.000330738643,0.00188280295,0.965052681,0.172118242,240,1.04999449,0.291879328,1.1967956
266,0.886666688,0.0117225697,0.000756688619,34.7387224,0.000337449649,0.00200503216,0.964784933,0.178197425,240,1.87306149,0.364694671,1.58501673
267,0.890000022,0.0106088882,0.000684800791,35.8406151,0.000296001846,0.00181216917,0.964520132,0.183229953,240,1.39844299,0.389342206,1.1594325
268,0.893333355,0.011062694,0.000714093827,36.6477762,0.000301865356,0.00185263481,0.964259222,0.184642694,240,1.06659545,0.377763783,0.974713166
269,0.896666688,0.0114790908,0.000740972124,37.1942527,0.000308625391,0.00184768221,0.964004885,0.182882802,240,0.977008453,0.342416291,1.04665931
270,0.900000022,0.0108502702,0.000700381929,37.5297233,0.000289111383,0.00191548173,0.963766516,0.181404753,240,1.09025516,0.296405893,1.23423964
271,0.903333355,0.0114185387,0.000737063502,38.8935656,0.00029358426,0.00217121017,0.963538195,0.186529723,240,1.87696546,0.369204665,1.58787342
272,0.906666689,0.0114194044,0.000737119386,39.9769234,0.000285649906,0.00231979647,0.963316375,0.191302132,240,1.4033115,0.393183071,1.16603278
273,0.910000022,0.0111734594,0.000721243701,40.7784023,0.000274004344,0.00185279952,0.96309721,0.192425331,240,1.0766906,0.381319251,0.989730051
274,0.913333355,0.00961954574,0.000620939007,41.3287961,0.000232756495,0.00171845597,0.962884593,0.190968109,240,0.99600271,0.34576982,1.07035524
275,0.916666689,0.0109429365,0.000706363512,41.6739001,0.00026258489,0.00190608914,0.962688759,0.189115232,240,1.11712359,0.299643073,1.26513624
276,0.920000022,0.0120702934,0.00077913409,42.9739035,0.00028087496,0.00193103424,0.962504256,0.193302678,240,1.85930379,0.372314306,1.57011468
277,0.923333356,0.0111042245,0.000716774607,44.0066127,0.000252330815,0.00217205208,0.962323247,0.197706591,240,1.38732227,0.395697936,1.15351466
278,0.926666689,0.0108104086,0.000697808875,44.7708455,0.000241460899,0.0016833839,0.962146297,0.198448404,240,1.06866369,0.383400797,0.99085336
279,0.930000023,0.0110876067,0.000715701938,45.2950268,0.000244786404,0.00212094665,0.961973398,0.196958789,240,1.0033763,0.347526114,1.0874876
280,0.933333356,0.0107237043,0.000692212135,45.6217118,0.000235057035,0.00204741755,0.96181632,0.194647234,240,1.13925389,0.30109873,1.29365283
281,0.936666689,0.0102629194,0.000662468598,46.8406947,0.00021910263,0.0016181677,0.961667857,0.198286706,240,1.83138672,0.373723719,1.544304
282,0.940000023,0.0111573392,0.000720203146,47.8066317,0.000233384758,0.00171651855,0.961525124,0.202111958,240,1.36303159,0.39661871,1.13471523
283,0.943333356,0.0119632686,0.00077222567,48.5182041,0.000246572783,0.00205978095,0.96138658,0.202441539,240,1.05532736,0.383955908,0.98937817
284,0.94666669,0.0110874028,0.000715688774,49.0021528,0.000226263586,0.00168451161,0.961254978,0.200653714,240,1.00863751,0.347707862,1.10385199
285,0.950000023,0.0112683947,0.000727371747,49.2982975,0.000228575737,0.00188101429,0.961140955,0.197895904,240,1.16030081,0.30093839,1.32151332
286,0.953333356,0.010839844,0.000699708923,50.4325423,0.00021493749,0.0020301097,0.961036254,0.201099638,240,1.8035701,0.373547673,1.51975221
287,0.95666669,0.0120324086,0.000776688633,51.3285187,0.000234419556,0.00168692147,0.960933623,0.204530181,240,1.34019228,0.396214137,1.11851984
288,0.960000023,0.0111576295,0.000720221888,51.984929,0.000214632004,0.00187773327,0.960833033,0.204495034,240,1.04398223,0.383238238,0.989269012
289,0.963333357,0.0109766591,0.000708540295,52.4265477,0.000209372151,0.00168243954,0.960737429,0.202255134,240,1.01439002,0.34673675,1.11880679
290,0.96666669,0.0109816534,0.000708862681,52.6912631,0.000208415073,0.00167594666,0.960658631,0.201252817,240,1.17907555,0.299656668,1.34526389
291,0.970000023,0.0109724085,0.00070826592,53.7461667,0.000204152391,0.00181402362,0.960588003,0.202003903,240,1.78101481,0.37233606,1.50035097
292,0.973333357,0.0116778492,0.000753801926,54.5775429,0.000213968028,0.00190733401,0.960520635,0.20530306,240,1.32278675,0.394924944,1.10698858
293,0.97666669,0.0104163239,0.000672370819,55.1838705,0.000188756676,0.00188914034,0.960453974,0.205005334,240,1.03634308,0.381867103,0.990370392
294,0.980000024,0.0115702796,0.000746858336,55.5881885,0.000208142771,0.00225902609,0.96039062,0.202345792,240,1.01950917,0.345145394,1.12996393
295,0.983333357,0.0107514888,0.000694005617,55.8261091,0.000192588897,0.00188273926,0.960339397,0.202352452,240,1.19267413,0.297770749,1.3614744
296,0.986666691,0.0126309198,0.000815322365,56.8118186,0.000222329087,0.00207500734,0.960296583,0.202330001,240,1.76567398,0.370683945,1.48791179
297,0.990000024,0.0110593262,0.000713876439,57.5878347,0.000192042752,0.00175259751,0.960254755,0.205015956,240,1.31129525,0.393319167,1.09961402
298,0.993333357,0.0107418508,0.000693383485,58.1520958,0.000184719925,0.00216205973,0.960169686,0.204578581,240,1.03112184,0.380231367,0.990197256
299,0.996666691,0.0110797403,0.000715194162,58.526101,0.000189312804,0.00212282909,0.960090539,0.202149146,240,1.0214104,0.343403084,1.13501586
300,1.00000002,0.0106258054,0.000685892792,58.7433859,0.000180885138,0.00217145723,0.960019921,0.201924689,240,1.19844912,0.295952038,1.36806845
301,1.00333336,0.0108375227,0.000699559085,59.6704605,0.000181622911,0.00159862166,0.959957588,0.201706936,240,1.75735722,0.36902539,1.48061923
302,1.00666669,0.0115762423,0.000747243228,60.4002479,0.000191658854,0.00192357707,0.959902459,0.204236392,240,1.30451388,0.391866161,1.09407602
303,1.01000002,0.0108813793,0.000702390014,60.9300082,0.000178588181,0.00183002648,0.959853998,0.203755388,240,1.02596841,0.378818089,0.986382389
304,1.01333336,0.0113224315,0.000730859812,61.2795696,0.000184766825,0.00198452817,0.959810963,0.201519262,240,1.01780617,0.341995303,1.13221334
305,1.01666669,0.0105592285,0.000681595269,61.4804992,0.000171749232,0.00181265829,0.959771798,0.201507284,240,1.19538114,0.294500332,1.36496575
306,1.02000002,0.0113398471,0.000731983985,62.357787,0.00018185134,0.00200883643,0.959739334,0.201456873,240,1.75334768,0.367873344,1.47675662
307,1.02333336,0.0110993657,0.000716460976,63.0482845,0.000176045483,0.00192104776,0.9597108,0.203402637,240,1.29927471,0.390901893,1.08756205
308,1.02666669,0.0116855461,0.00075429876,63.5482945,0.000183884497,0.00197206376,0.959685155,0.202952661,240,1.01815569,0.377947706,0.977018654
309,1.03000002,0.0114346983,0.000738106603,63.876298,0.000179013166,0.00186355615,0.959659912,0.201164806,240,1.00772869,0.341269552,1.12129144
310,1.03333336,0.011173366,0.000721237676,64.0619005,0.000174415151,0.00189076255,0.959609279,0.201321562,240,1.18425905,0.29378424,1.35367853
311,1.03666669,0.0120832786,0.000779972281,64.8947727,0.000186198027,0.00194537257,0.959562408,0.201422989,240,1.74924642,0.367368289,1.47087797
312,1.04000003,0.0109510555,0.000706887594,65.5490511,0.000167066576,0.00225363335,0.959521729,0.202806492,240,1.29144562,0.390451922,1.07606772
313,1.04333336,0.0115246404,0.000743912339,66.0204277,0.000174561735,0.00207772358,0.959487366,0.202419743,240,1.00438384,0.377569769,0.960060965
314,1.04666669,0.0116011053,0.000748848128,66.3260023,0.000174910365,0.00239993793,0.959457755,0.201449898,240,0.989336247,0.3408754,1.10257013
315,1.05000003,0.0104988035,0.000677694852,66.493932,0.000157891152,0.00202753657,0.9594308,0.201383954,240,1.16458779,0.293486861,1.33412109
316,1.05333336,0.011445384,0.000738796358,67.2835244,0.000170106784,0.00166768247,0.959405785,0.201288937,240,1.74219475,0.367159755,1.46021316
317,1.05666669,0.0119743527,0.000772941144,67.9007375,0.000176350849,0.00201101339,0.959385055,0.202541679,240,1.27777018,0.39040501,1.05650974
318,1.06000003,0.0110398557,0.000712619621,68.3407719,0.000161541279,0.00189179949,0.95936714,0.202222527,240,0.981248438,0.37760398,0.932352918
319,1.06333336,0.0108708831,0.000701712484,68.6193528,0.00015842299,0.0016345033,0.959354257,0.20123603,240,0.960445803,0.341036879,1.07354917
320,1.06666669,0.0112179706,0.000724116889,68.7630398,0.000163139539,0.00179910008,0.959342311,0.201262922,240,1.13591348,0.293676525,1.30709647
321,1.07000003,0.0116849316,0.000754259093,69.5062199,0.000168113467,0.00208794981,0.95933097,0.201249414,240,1.72802892,0.367409732,1.44096852
322,1.07333336,0.0117879822,0.000760910977,70.0815043,0.000168203897,0.00189187515,0.959321432,0.202568873,240,1.25403151,0.390729359,1.02475101
323,1.07666669,0.0113466918,0.000732425809,70.4833349,0.000160984038,0.00211519859,0.959313817,0.202292847,240,0.944904294,0.378024593,0.890717238
324,1.08000003,0.0109985099,0.000709950762,70.7264599,0.000155507711,0.00222290796,0.95929451,0.201021444,240,0.918470591,0.341450775,1.03373919
325,1.08333336,0.0113743263,0.000734209607,70.8361982,0.00016057223,0.00175266295,0.959275906,0.200898932,240,1.09699996,0.294186304,1.27138588
326,1.08666669,0.0113271941,0.000731167238,71.5261818,0.000158364306,0.00182084332,0.95926022,0.200911438,240,1.70450709,0.367843587,1.41100772
327,1.09000003,0.0108954627,0.000703299091,72.0507625,0.000151219256,0.00206529856,0.959247823,0.202744736,240,1.21812598,0.391102895,0.978069606
328,1.09333336,0.0107935436,0.000696720245,72.4043105,0.000149073219,0.00181373288,0.959235869,0.202481929,240,0.892701957,0.378406811,0.832873946
329,1.09666669,0.0108697262,0.00070163781,72.6003785,0.000149719966,0.00200827462,0.959225874,0.200982723,240,0.861062911,0.341875787,0.981486189
330,1.10000003,0.011264144,0.000727097371,72.663408,0.000155018108,0.00168556122,0.959220562,0.200930516,240,1.04698487,0.294623418,1.22786477
331,1.10333336,0.0112497742,0.000726169805,73.2899099,0.000153496904,0.00182210619,0.959217966,0.200846434,240,1.67262559,0.368241267,1.37082947
332,1.10666669,0.0109924356,0.000709558666,73.7526254,0.000149044668,0.00193561501,0.959215774,0.202955105,240,1.17089825,0.391481925,0.917259855
333,1.11000003,0.011779924,0.000760390825,74.0452788,0.000159090818,0.00194939237,0.959213167,0.202685471,240,0.824809928,0.37872375,0.758625294
334,1.11333336,0.0106764191,0.000689159888,74.1807008,0.000143924484,0.00186084451,0.959205333,0.200453952,240,0.788871805,0.342200155,0.91821579
335,1.11666669,0.0114230356,0.000737353779,74.1824455,0.000153985698,0.00218079003,0.959191268,0.200460904,240,0.987784432,0.294971386,1.17736159
336,1.12000003,0.0114716161,0.000740489634,74.7338012,0.0001534997,0.00208622779,0.959180774,0.200435477,240,1.63459604,0.368529395,1.32411032
337,1.12333336,0.0120972643,0.000780875054,75.1218226,0.000161035288,0.00206362987,0.959169699,0.203097635,240,1.11581339,0.391735543,0.845808532
338,1.12666669,0.0116721739,0.000753435588,75.339999,0.000154926654,0.00198310545,0.95915815,0.202810234,240,0.745137097,0.379006951,0.671580704
339,1.13000003,0.0111814672,0.000721760602,75.4006181,0.000148294105,0.00203925669,0.959135418,0.200141561,240,0.706465905,0.342472357,0.849345908
340,1.13333336,0.011802611,0.000761855267,75.3263535,0.000156686346,0.00193873233,0.959108765,0.199981953,240,0.924791855,0.295257456,1.12584296
341,1.13666669,0.011221728,0.000724359426,75.7907347,0.000148062003,0.00187351495,0.95908,0.199869862,240,1.59592962,0.368744216,1.27695328
342,1.14000003,0.0114937709,0.000741919719,76.0918251,0.000151051323,0.00199415861,0.959053987,0.203142111,240,1.06027929,0.391993764,0.773333613
343,1.14333336,0.0112261465,0.000724644644,76.2226895,0.000147280903,0.00177081674,0.959026561,0.202832938,240,0.663167465,0.379247528,0.582588699
344,1.14666669,0.0107752594,0.000695540006,76.1951035,0.000141416691,0.00192727912,0.958970667,0.199743765,240,0.624426422,0.342727737,0.785229331
345,1.15000003,0.0112333873,0.000725112032,76.031186,0.000147747101,0.00179551104,0.958917197,0.199362358,240,0.867608951,0.295553527,1.0817484
346,1.15333336,0.0105852657,0.000683275965,76.3987841,0.000138552804,0.0017501931,0.958864624,0.199858281,240,1.56346754,0.368989958,1.23851169
347,1.15666669,0.0113368787,0.000731792375,76.6030218,0.00014799519,0.00177687935,0.958774333,0.203123256,240,1.01513794,0.392137312,0.714291838
348,1.16000003,0.0112219286,0.000724372376,76.6364265,0.000146430739,0.00208235166,0.958673312,0.202807546,240,0.59606843,0.379329326,0.511113206
349,1.16333336,0.0109862441,0.000709159006,76.5104457,0.000143591427,0.00193263825,0.958550107,0.199689293,240,0.56143854,0.342770224,0.74055086
350,1.16666669,0.0104656554,0.000675555152,76.2469031,0.000137260072,0.00180091619,0.958374887,0.199360421,240,0.829699315,0.295540176,1.0548227
351,1.17000003,0.0118295506,0.00076359421,76.5121858,0.000154610021,0.00177986597,0.958193574,0.199813548,240,1.54505117,0.368893175,1.21794088
352,1.17333336,0.0106757171,0.000689114575,76.6139381,0.00013934432,0.00211824887,0.957926008,0.203074183,240,0.992549648,0.392037971,0.687194645
353,1.1766667,0.0118035208,0.000761913991,76.5444794,0.00015420473,0.00169596256,0.957662535,0.202757963,240,0.567178731,0.379240392,0.485028398
354,1.18000003,0.0115962838,0.000748536899,76.3149706,0.000151952935,0.00221290128,0.957366485,0.199607766,240,0.541483145,0.342753081,0.731103114
355,1.18333336,0.0112011056,0.000723028257,75.9468154,0.000147486179,0.00186090554,0.956994494,0.199283093,240,0.823547763,0.295571649,1.05351396
356,1.1866667,0.0105278693,0.000679571043,76.1097347,0.000138324872,0.0017671917,0.956625426,0.199754977,240,1.54581525,0.368966012,1.22208456
357,1.19000003,0.0116050491,0.000749102696,76.1093456,0.000152478634,0.00198151002,0.956195634,0.20301333,240,0.999545725,0.392153475,0.703047291
358,1.19333336,0.0117429705,0.000758005485,75.9376307,0.000154639674,0.00206690744,0.955719391,0.202691087,240,0.589600627,0.379376719,0.51855492
359,1.1966667,0.0115690764,0.000746780672,75.6054595,0.000153019061,0.00187067556,0.955241403,0.199530359,240,0.57556679,0.342868043,0.761815959
360,1.20000003,0.0108343008,0.000699351109,75.1341062,0.000144199503,0.00187889688,0.954764008,0.199176913,240,0.853345993,0.295637772,1.08060318
361,1.20333336,0.0109094162,0.000704199786,75.2010622,0.000145069975,0.00185546868,0.954287733,0.199698349,240,1.56498993,0.36896425,1.2495074
362,1.2066667,0.0114977369,0.000742175727,75.1052282,0.000153088369,0.00201147561,0.953812134,0.202961739,240,1.03448995,0.392069986,0.756652005
363,1.21000003,0.0107467445,0.000693699376,74.8381239,0.000143599865,0.00197170826,0.953339652,0.202645506,240,0.655261874,0.379276176,0.598053868
364,1.21333336,0.0118295284,0.000763592776,74.4103706,0.000158976878,0.00174580464,0.952867585,0.199478911,240,0.650250882,0.342664063,0.823554454
365,1.2166667,0.0111698882,0.000721013181,73.8434928,0.000151264353,0.00219528895,0.952398082,0.199007921,240,0.910287149,0.295417528,1.12873621
366,1.22000003,0.0109308438,0.000705582936,73.826924,0.000148060399,0.00182432864,0.951932579,0.199643056,240,1.59908823,0.368778754,1.29401367
367,1.22333336,0.0112464881,0.000725957683,73.6480663,0.000152705816,0.0017594056,0.95147127,0.20289848,240,1.08855168,0.391923634,0.831749307
368,1.2266667,0.0109932621,0.00070961202,73.2980237,0.000149980335,0.00197878904,0.951015733,0.202574573,240,0.741759032,0.379119854,0.694509665
369,1.23000003,0.0112183944,0.000724144245,72.7871431,0.000154126044,0.00179590142,0.950562691,0.199416321,240,0.740930646,0.342481215,0.89859402
370,1.23333336,0.0106596569,0.000688077892,72.1368842,0.000147769854,0.00191623317,0.950115281,0.19878872,240,0.979408166,0.295241845,1.18630842
371,1.2366667,0.0117589068,0.000759034172,72.0531907,0.000163197587,0.0020906478,0.949674908,0.199535864,240,1.63943218,0.368673624,1.34402932
372,1.24000003,0.01134982,0.00073262773,71.8074733,0.000158059036,0.00171218908,0.949239049,0.202781591,240,1.14788051,0.391850948,0.908585844
373,1.24333336,0.0113088727,0.000729984596,71.390028,0.000158409697,0.00191540606,0.948809415,0.202447804,240,0.827021261,0.379010698,0.78532799
374,1.2466667,0.0114021541,0.000736005882,70.8109806,0.000161022401,0.00197243795,0.948386027,0.199309604,240,0.826353245,0.342387668,0.970509963
375,1.25000003,0.011634812,0.000751023885,70.0919259,0.000165993613,0.0020772911,0.947969127,0.198471558,240,1.04524808,0.295083751,1.24112593
376,1.25333336,0.0117112255,0.000755956355,69.9592797,0.000167400601,0.0019292878,0.947559213,0.19939099,240,1.67760593,0.368547999,1.39002831
377,1.2566667,0.0107259846,0.000692359328,69.6637145,0.000153968026,0.00175078637,0.947157058,0.202628401,240,1.20058012,0.391722362,0.973433693
378,1.26000003,0.011121168,0.000717868309,69.1948586,0.000160722462,0.00196735758,0.946762565,0.202284577,240,0.896963268,0.37890673,0.857360817
379,1.26333336,0.0110242531,0.000711612476,68.5627011,0.000160790822,0.00193604389,0.946375309,0.199132006,240,0.894404251,0.342312895,1.02783367
380,1.2666667,0.0106420114,0.00068693888,67.7891018,0.000156987054,0.00143828625,0.945996952,0.197995804,240,1.09803629,0.294985252,1.28501868
381,1.27000003,0.0111283823,0.000718333987,67.6242394,0.000164562032,0.00200200639,0.945628023,0.199186157,240,1.70687119,0.368467087,1.42387061
382,1.27333336,0.0108695562,0.000701626833,67.2943727,0.000161522513,0.00186087246,0.94526813,0.202406504,240,1.23909593,0.391646256,1.01888972
383,1.2766667,0.0113025897,0.000729579025,66.7882478,0.000169230217,0.00178791815,0.944919646,0.202044571,240,0.945083566,0.378882543,0.905451856
384,1.28000003,0.0117145208,0.000756169065,66.1157728,0.000177181939,0.00192780534,0.944580254,0.198837537,240,0.93985232,0.342315611,1.0656814
385,1.28333336,0.0114235261,0.000737385437,65.2989969,0.000174941831,0.00201360479,0.944252227,0.197277242,240,1.13308545,0.295038676,1.31348149
386,1.2866667,0.0115949631,0.000748451652,65.115548,0.000178067505,0.00191045012,0.94392914,0.198865295,240,1.72423676,0.368532943,1.44335798
387,1.29000003,0.0110771244,0.000715025304,64.7633987,0.000171039887,0.00189746121,0.943617681,0.202052497,240,1.26092876,0.391758961,1.04346186
388,1.29333336,0.0111099504,0.000717144214,64.2305102,0.000172969985,0.0018814743,0.9433178,0.20165369,240,0.971008886,0.379031679,0.930814767
389,1.2966667,0.0108195689,0.000698400166,63.5265813,0.000170315616,0.00194291271,0.943028232,0.1984073,240,0.963360573,0.342528623,1.08520954
390,1.30000003,0.0115725388,0.00074700417,62.6740133,0.000184646526,0.00179485682,0.942746566,0.196262506,240,1.1507388,0.295291563,1.32787709
391,1.30333336,0.010828126,0.000698952528,62.4812738,0.000173301941,0.00196207111,0.942474267,0.198369568,240,1.73072231,0.368769023,1.45034084
392,1.3066667,0.0105880073,0.000683452935,62.1146601,0.000170459072,0.0016316261,0.942213379,0.201522605,240,1.26797676,0.392000408,1.05084894
393,1.31000003,0.0111896194,0.000722286829,61.5613144,0.000181763816,0.00202611049,0.941962951,0.20108939,240,0.978518265,0.379309032,0.937721585
394,1.31333337,0.011818223,0.000762863011,60.8309625,0.00019427973,0.00223134038,0.941722027,0.197804715,240,0.969945363,0.342822765,1.09046411
395,1.3166667,0.0114402651,0.000738465936,59.9465573,0.000190841069,0.00178561025,0.941491695,0.194886691,240,1.15581086,0.295659992,1.33198223
396,1.32000003,0.0106436395,0.000687043974,59.7504897,0.000178134765,0.00199594432,0.941273262,0.197698786,240,1.72769093,0.369088102,1.44628897
397,1.32333337,0.0103418976,0.000667566621,59.3741158,0.000174181922,0.00193732153,0.941065206,0.200811827,240,1.26379687,0.39234887,1.04585249
398,1.3266667,0.011626053,0.000750458497,58.803731,0.000197709445,0.00195922176,0.940867322,0.200339092,240,0.973372222,0.379599407,0.932589928
399,1.33000003,0.0116319387,0.000750838416,58.0491106,0.000200380998,0.00181398636,0.940679637,0.196978165,240,0.965409418,0.343108676,1.08705054
400,1.33333337,0.01182272,0.000763153297,57.1340353,0.000206929547,0.002081738,0.940498405,0.193545394,240,1.15284945,0.295934655,1.33010342
401,1.3366667,0.0117837989,0.00076064095,56.9385392,0.000206956468,0.00189634433,0.940326251,0.196789414,240,1.71945637,0.369350043,1.4369064
402,1.34000003,0.0104355145,0.000673609566,56.5553344,0.00018451866,0.00177169921,0.94016438,0.199840372,240,1.25339193,0.392594194,1.03405786
403,1.34333337,0.0106777856,0.000689248098,55.9697383,0.000190777837,0.00221802255,0.940008215,0.199309081,240,0.961392269,0.379915797,0.921210676
404,1.3466667,0.0119333605,0.000770295109,55.1919813,0.000216215476,0.00167890667,0.93986291,0.195878019,240,0.955344149,0.343512622,1.07941405
405,1.35000003,0.0112352136,0.00072522992,54.2465533,0.00020711387,0.00189745272,0.939729017,0.192387461,240,1.1464321,0.2964164,1.3257344
406,1.35333337,0.0113378361,0.000731854173,54.0553397,0.000209744979,0.00210426523,0.939603632,0.195590811,240,1.70802125,0.369800771,1.42403539
407,1.3566667,0.0119564253,0.000771783932,53.6681586,0.00022278434,0.00205044189,0.939486413,0.198584039,240,1.23940695,0.393089127,1.0185721
408,1.36000003,0.0113011802,0.000729488043,53.0695322,0.000212950439,0.00197865808,0.939375566,0.197983514,240,0.945866947,0.380401438,0.907062202
409,1.36333337,0.0118846611,0.000767151576,52.2701311,0.000227370027,0.00197306552,0.939271613,0.194454876,240,0.942844354,0.344008683,1.06997525
410,1.3666667,0.01147173,0.000740496985,51.2954298,0.000223640391,0.00180866262,0.939174748,0.190890774,240,1.13891069,0.296912631,1.32077314
411,1.37000003,0.012368631,0.000798391696,51.1130585,0.000241985734,0.00192775565,0.939086925,0.194052606,240,1.69448108,0.370247478,1.4091803
412,1.37333337,0.0112982611,0.000729299618,50.7260217,0.00022273107,0.00178304893,0.939005856,0.196978691,240,1.22316004,0.393538165,1.0006779
413,1.3766667,0.0103334493,0.000667021283,50.1179501,0.000206182601,0.0020107207,0.938932097,0.196309759,240,0.928115804,0.38087178,0.890990575
414,1.38000003,0.0113825006,0.000734737253,49.2997387,0.000230883588,0.00187794493,0.938867472,0.192636845,240,0.928924789,0.344458818,1.05989016
415,1.38333337,0.0112900515,0.000728769694,48.2983479,0.000233756475,0.00215114493,0.938807964,0.1889855,240,1.13056934,0.297416525,1.3155858
416,1.3866667,0.01175801,0.00075897628,48.131725,0.000244288148,0.00191143177,0.938751372,0.192149792,240,1.67946566,0.370667592,1.39219791
417,1.39000003,0.0113806689,0.000734619021,47.7509894,0.000238333678,0.00214483688,0.938701255,0.194991739,240,1.20478948,0.394038564,0.980318791
418,1.39333337,0.0107579956,0.000694425627,47.1389837,0.000228218657,0.00168064667,0.938657444,0.194235823,240,0.907428538,0.381469642,0.871807818
419,1.3966667,0.0103443344,0.000667723917,46.3070883,0.000223385551,0.00156700867,0.938618229,0.190379694,240,0.912056086,0.345178638,1.0473151
420,1.40000003,0.0122911642,0.000793391237,45.2836589,0.00027142604,0.0021685548,0.938583028,0.186638865,240,1.11988212,0.298125845,1.30801615
421,1.40333337,0.0107617227,0.000694666214,45.1417036,0.000238398683,0.00179388117,0.938551763,0.189817512,240,1.6617105,0.371358209,1.37244152
422,1.4066667,0.0117877359,0.000760895081,44.7756952,0.00026326193,0.00175712811,0.938496561,0.192570769,240,1.18258403,0.39473191,0.95511614
423,1.41000003,0.0104259782,0.000672994,44.1673144,0.000236056422,0.0016204649,0.938436803,0.19172659,240,0.881610987,0.382156541,0.847520025
424,1.41333337,0.0121607426,0.000784972556,43.3288373,0.000280661641,0.00163842659,0.938382577,0.187670366,240,0.890108971,0.345811591,1.03072526
425,1.4166667,0.0118251863,0.000763312497,42.2900727,0.000279620857,0.00189376658,0.938333641,0.18384036,240,1.10482074,0.29881416,1.29697271
426,1.42000003,0.0112261835,0.000724647029,42.1840975,0.000266123591,0.00185706758,0.938288812,0.187042512,240,1.64149708,0.372038484,1.34886091
427,1.42333337,0.0117354238,0.000757518349,41.843401,0.000280460563,0.00226844152,0.938248219,0.189709254,240,1.15606082,0.395485681,0.923640575
428,1.4266667,0.0109905959,0.000709439917,41.2486406,0.00026644747,0.00178523155,0.938212984,0.188780152,240,0.848758062,0.383018464,0.815234107
429,1.43000003,0.0112591631,0.000726775853,40.4130157,0.000278602398,0.0021764763,0.93818196,0.18457892,240,0.860708983,0.346681674,1.00701348
430,1.43333337,0.011446919,0.000738895443,39.3681351,0.000290766097,0.00178525224,0.938154675,0.180605857,240,1.08362268,0.299688959,1.28004708
431,1.4366667,0.0115740166,0.000747099561,39.3111323,0.000294420841,0.00224859672,0.938131734,0.183873338,240,1.61747911,0.37290506,1.32064533
432,1.44000003,0.0121759978,0.000785957275,39.0080158,0.000312140915,0.00193407756,0.938112525,0.186475616,240,1.12351733,0.396398011,0.883406528
433,1.44333337,0.011155739,0.000720099859,38.4385046,0.000290223024,0.00216637221,0.938092245,0.185481419,240,0.806738037,0.383887786,0.772682522
434,1.4466667,0.011543702,0.000745142758,37.6168903,0.000306875498,0.00214852988,0.938049417,0.181216611,240,0.821898838,0.347672194,0.974761108
435,1.45000004,0.0104843961,0.000676764859,36.5770938,0.000286638304,0.00194362679,0.938010386,0.177000909,240,1.05453259,0.300641488,1.25624624
436,1.45333337,0.0116370105,0.000751165797,36.5832282,0.000318096873,0.00177298556,0.937976654,0.1803873,240,1.59021366,0.37385907,1.28700242
437,1.4566667,0.0107569472,0.000694357956,36.3310249,0.000296081579,0.00215923052,0.937946557,0.182932851,240,1.08502129,0.397424783,0.834345822
438,1.46000004,0.0113366788,0.000731779473,35.799551,0.000316670978,0.00203334686,0.937916973,0.181882373,240,0.753791756,0.3850547,0.717421987
439,1.46333337,0.011300123,0.000729419803,35.0046177,0.000322818067,0.00205131996,0.937893816,0.177567989,240,0.771125259,0.348871223,0.932691794
440,1.4666667,0.0106688974,0.000688674364,33.9823976,0.000313953638,0.00169232581,0.937871172,0.173125365,240,1.01567686,0.301865536,1.22411199
441,1.47000004,0.010560514,0.000681678249,34.0657683,0.000310003694,0.00192125361,0.937851273,0.176665647,240,1.56061486,0.375148003,1.24968648
442,1.47333337,0.0119909982,0.000774015607,33.878032,0.000353946127,0.00200826596,0.937834815,0.179186352,240,1.04093188,0.398797003,0.775264157
443,1.4766667,0.0120288018,0.000776455819,33.3976473,0.000360169137,0.00193864154,0.937822158,0.178117543,240,0.688678049,0.386526525,0.647882705
444,1.48000004,0.0111550221,0.000720053579,32.6424111,0.000341734011,0.00218479929,0.93780979,0.173792567,240,0.707205696,0.350352367,0.88003556
445,1.48333337,0.0116087581,0.000749342114,31.6512533,0.000366770882,0.00194418796,0.937797752,0.169154128,240,0.967107061,0.303277765,1.18352812
446,1.4866667,0.0115292533,0.000744210103,31.8243037,0.000362278259,0.00199255712,0.937772376,0.172909354,240,1.52983216,0.376645773,1.20948161
447,1.49000004,0.0116611245,0.00075272235,31.7130662,0.000367707254,0.00234871842,0.937740138,0.175449567,240,0.992948372,0.400422226,0.707266104
448,1.49333337,0.0107820303,0.000695977065,31.2960375,0.000344517427,0.00155027536,0.937708691,0.17440572,240,0.61191732,0.388169142,0.562911025
449,1.4966667,0.0107972391,0.000696958785,30.5932816,0.000352928438,0.00187879685,0.93767991,0.170107391,240,0.63036291,0.351960155,0.817682148
450,1.50000004,0.0107766548,0.000695630074,29.6468255,0.000363501137,0.00187981803,0.937654064,0.165283297,240,0.909844706,0.304819427,1.13600924
451,1.50333337,0.0115103423,0.000742989398,29.9191154,0.000384715326,0.00178654677,0.937631516,0.169302104,240,1.50149741,0.378259847,1.17139909
452,1.5066667,0.0112430921,0.000725738475,29.8940477,0.000376098018,0.00195513153,0.937609538,0.171899769,240,0.945901313,0.402181041,0.635089723
453,1.51000004,0.0105306727,0.000679751999,29.5509096,0.000356356973,0.00183036964,0.937587775,0.17091834,240,0.527638205,0.389977946,0.464118383
454,1.51333337,0.0119861821,0.000773704726,28.9123453,0.000414569692,0.0018601879,0.937543785,0.166690225,240,0.543926396,0.353915964,0.749152203
455,1.5166667,0.0110908278,0.000715909855,28.023788,0.000395764762,0.00209135637,0.937502317,0.161748511,240,0.848030005,0.306799806,1.08460033
456,1.52000004,0.0116224548,0.000750226234,28.4011964,0.000409224128,0.00211543727,0.937463311,0.166084762,240,1.4793941,0.380393169,1.13876122
457,1.52333337,0.0110816287,0.000715316054,28.4692007,0.000389249729,0.00185590121,0.93740425,0.168793322,240,0.905966818,0.404416299,0.567194139
458,1.5266667,0.0109733786,0.000708328543,28.2085839,0.000389008489,0.00172909249,0.937333796,0.167926553,240,0.443736642,0.392298051,0.356473211
459,1.53000004,0.0115735788,0.000747071298,27.6449891,0.000418650147,0.001925492,0.937268237,0.163822606,240,0.454124477,0.356245214,0.682121627
460,1.53333337,0.0113455275,0.00073235065,26.8273423,0.000422909111,0.00186494952,0.937205026,0.158812403,240,0.787412861,0.309005879,1.03478966
461,1.5366667,0.0111742989,0.000721297895,27.3119597,0.000409135743,0.00194731184,0.937124277,0.163484277,240,1.46800888,0.382899044,1.11982672
462,1.54000004,0.0114719562,0.00074051159,27.4775118,0.000417503459,0.00198820112,0.93701324,0.166338024,240,0.880945605,0.407050464,0.51774497
463,1.54333337,0.0114253844,0.000737505395,27.3065872,0.000418411293,0.00196240622,0.936904699,0.165626742,240,0.377322899,0.394968842,0.253611495
464,1.5466667,0.0115436927,0.000745142163,26.8283361,0.000430279861,0.00180607317,0.936796655,0.161689427,240,0.376512535,0.358860859,0.627159186
465,1.55000004,0.0115965833,0.000748556231,26.0949951,0.000444398753,0.00191987674,0.936634096,0.156724502,240,0.737564571,0.311580856,0.993882408
466,1.55333337,0.0109777521,0.000708610849,26.6864722,0.000411360183,0.00194375417,0.936474521,0.161730143,240,1.47118564,0.385686226,1.11813008
467,1.5566667,0.0112488233,0.00072610842,26.9525276,0.000417356897,0.00161961943,0.936246807,0.164784804,240,0.878576788,0.409861843,0.502541895
468,1.56000004,0.0115499375,0.000745545261,26.878599,0.000429707572,0.00200897075,0.936013259,0.16427438,240,0.354564118,0.397827436,0.193254713
469,1.56333337,0.0117843121,0.000760674073,26.4968552,0.0004447438,0.00207390849,0.935766308,0.160538679,240,0.33524051,0.361774954,0.595575338
470,1.5666667,0.0112200376,0.000724250313,25.8627717,0.000433829667,0.00214612299,0.935446899,0.155677325,240,0.707641781,0.314421595,0.967557754
471,1.57000004,0.011155787,0.000720102957,26.5594512,0.000420030782,0.00190904384,0.935128461,0.16099698,240,1.49141511,0.388964005,1.13793311
472,1.57333337,0.0115014614,0.000742416141,26.928854,0.00042710549,0.00208331002,0.934811272,0.164271165,240,0.902323379,0.413197516,0.530245562
473,1.5766667,0.0104931377,0.000677329129,26.9590614,0.000389224892,0.00164635235,0.93442003,0.163984128,240,0.390257162,0.401167094,0.228612603
474,1.58000004,0.011027977,0.000711852852,26.685417,0.000413258558,0.00188999899,0.934013964,0.160473648,240,0.35230206,0.365071919,0.596731092
475,1.58333337,0.0114537403,0.00073933576,26.1653702,0.00043774425,0.00212107504,0.933609036,0.155820561,240,0.705223187,0.317604739,0.961453991
476,1.58666671,0.0111023062,0.000716650781,26.9642761,0.000411741303,0.00181092868,0.933130195,0.161399724,240,1.52655926,0.392442861,1.17627434
477,1.59000004,0.0116996594,0.000755209768,27.4384475,0.000426396552,0.00186251424,0.932639464,0.164903022,240,0.948890283,0.416668335,0.593191864
478,1.59333337,0.0119557275,0.000771738891,27.5789203,0.000433509628,0.00206473912,0.932145402,0.164838464,240,0.470196912,0.40468943,0.32811165
479,1.59666671,0.0107047032,0.000690985619,27.4230651,0.000390354001,0.0018588551,0.931654055,0.161551117,240,0.420093696,0.368560756,0.630036125
480,1.60000004,0.0115095959,0.000742941223,27.0298641,0.000425810351,0.0017553579,0.931177602,0.157208811,240,0.730095491,0.321056623,0.974516025
481,1.60333337,0.011128147,0.000718318798,27.9253021,0.000398496922,0.00183737919,0.930707073,0.16292838,240,1.57283771,0.396439208,1.22773736
482,1.60666671,0.0105704822,0.000682321695,28.5026292,0.000370859901,0.00203692202,0.930234919,0.166656668,240,1.01074705,0.420610401,0.675285077
483,1.61000004,0.0113977304,0.000735720336,28.7555578,0.000396366175,0.00194264905,0.929761485,0.166809391,240,0.568003038,0.408535146,0.441592063
484,1.61333337,0.0116476435,0.000751852153,28.7225036,0.000405523266,0.00207186896,0.929289076,0.163736826,240,0.509788721,0.372327479,0.684799125
485,1.61666671,0.0109806447,0.000708797567,28.4624178,0.000385794515,0.00172018811,0.928835582,0.159746243,240,0.773968839,0.324693214,1.00276979
486,1.62000004,0.0114763848,0.000740797453,29.4444304,0.000389764197,0.00165031764,0.928392881,0.165536594,240,1.62434971,0.400558805,1.28510828
487,1.62333337,0.0114271155,0.000737617137,30.1180629,0.000379410707,0.00194065543,0.927949536,0.169458513,240,1.07817404,0.424539396,0.760905201
488,1.62666671,0.010918165,0.000704764523,30.4790752,0.000358218383,0.00172673405,0.927503726,0.169793071,240,0.665607296,0.412391418,0.548076364
489,1.63000004,0.0111188356,0.000717717754,30.5657564,0.000363767724,0.00172315403,0.927064065,0.166894433,240,0.601838017,0.376174754,0.747527147
490,1.63333337,0.0113120183,0.000730187644,30.4354769,0.000371672123,0.00191620657,0.926642499,0.163276531,240,0.827264268,0.328428649,1.03968708
491,1.63666671,0.0112104299,0.000723630136,31.4888436,0.000356012751,0.00181130245,0.926230188,0.169017005,240,1.67447483,0.404700258,1.34007802
492,1.64000004,0.010995729,0.000709771256,32.2454131,0.000341001339,0.00175770423,0.925820522,0.173085186,240,1.14212455,0.428578585,0.838861359
493,1.64333337,0.0117398614,0.000757804796,32.7023592,0.000358991269,0.00198307904,0.925412064,0.173561212,240,0.751969447,0.416289469,0.639492235
494,1.64666671,0.011665755,0.000753021248,32.896579,0.000354619094,0.00218407924,0.925010192,0.170790511,240,0.683804478,0.37994336,0.808101109
495,1.65000004,0.010885482,0.000702654842,32.8831066,0.000331035693,0.002117716,0.924627274,0.167543157,240,0.879998505,0.332232404,1.07819754
496,1.65333337,0.0113062268,0.000729813804,33.9883965,0.00033264961,0.00180692238,0.924255842,0.173148808,240,1.71804023,0.408945083,1.38739867
497,1.65666671,0.0102666591,0.000662709992,34.8092509,0.000294940534,0.00200039151,0.923886346,0.177313657,240,1.19613653,0.432560224,0.90232494
498,1.66000004,0.011655388,0.000752352058,35.3433467,0.000329776013,0.00198958585,0.923518231,0.177867289,240,0.821299501,0.420140468,0.711412788
499,1.66333337,0.0111785072,0.000721569539,35.6257907,0.000313775695,0.00195374944,0.923158059,0.175165725,240,0.75030095,0.383702079,0.860308946
500,1.66666671,0.0110578925,0.00071378389,35.7085282,0.000309670911,0.00233824654,0.922820258,0.172250549,240,0.926590798,0.335776996,1.11400981
501,1.67000004,0.011221697,0.000724357424,36.8439603,0.000304573582,0.00218157513,0.922495138,0.177616022,240,1.7509185,0.412970915,1.42212886
502,1.67333337,0.0112312538,0.000724974317,37.7069857,0.00029785605,0.00184852234,0.922171744,0.18180907,240,1.23630815,0.436351913,0.948813463
503,1.67666671,0.012322192,0.000795394073,38.2960018,0.00032176184,0.00178965747,0.921848795,0.182379928,240,0.871848236,0.423670372,0.763963619
504,1.68000004,0.0110362611,0.000712387591,38.6435491,0.000285591292,0.00207210533,0.921534169,0.179684332,240,0.799651485,0.387078296,0.900764076
505,1.68333337,0.0117581625,0.000758986128,38.7983664,0.000303058185,0.00221383879,0.921241061,0.17705425,240,0.96347222,0.339115963,1.14403157
506,1.68666671,0.0103250768,0.00066648084,39.9424173,0.000258499047,0.00170438253,0.920958872,0.18211058,240,1.77254994,0.416530522,1.4448774
507,1.69000004,0.0117642767,0.000759380794,40.8258431,0.000288157593,0.00175240287,0.920680986,0.186271652,240,1.26235764,0.439547517,0.978696042
508,1.69333337,0.0109526405,0.000706989906,41.4468421,0.00026425754,0.00189678629,0.920400797,0.186802079,240,0.904648475,0.426654968,0.798818049
509,1.69666671,0.0108974671,0.000703428475,41.8359606,0.000260480862,0.00202530267,0.920129411,0.184056332,240,0.833409317,0.389831697,0.930239189
510,1.70000004,0.0113722811,0.000734077586,42.0386606,0.000270519586,0.00177087087,0.919879613,0.181616537,240,0.991350679,0.341768404,1.16790204
511,1.70333337,0.0111055964,0.000716863163,43.1717845,0.000257242004,0.00195485207,0.919641298,0.186351465,240,1.78299269,0.419501935,1.45530335
512,1.70666671,0.0111488283,0.000719653774,44.0554158,0.000253063741,0.00189035178,0.919407037,0.190429539,240,1.27550217,0.4422326,0.994150985
513,1.71000004,0.0114126461,0.00073668314,44.6878619,0.000255385817,0.00174370293,0.919173285,0.190870001,240,0.922728884,0.429065197,0.819361932
514,1.71333337,0.0110777943,0.000715068548,45.0973515,0.000245641794,0.00192319806,0.918946874,0.188130169,240,0.854260381,0.392111463,0.950602723
515,1.71666671,0.0108863143,0.000702708568,45.3264615,0.000240175693,0.00179260784,0.918741226,0.185703489,240,1.01106143,0.343870111,1.1865304
516,1.72000004,0.0103447275,0.00066774929,46.4328371,0.000222789047,0.00184940825,0.918546607,0.190114986,240,1.78444641,0.421831514,1.45702616
517,1.72333338,0.0107787399,0.000695764669,47.3003211,0.000227878789,0.00204603748,0.918353397,0.194072872,240,1.27833645,0.4442237,0.998801728
518,1.72666671,0.0105947927,0.000683890928,47.9271149,0.000221060515,0.00172224595,0.91816128,0.194391758,240,0.929429151,0.430883527,0.829346207
519,1.73000004,0.0107238704,0.000692222855,48.3395453,0.000221844667,0.00176723079,0.917974744,0.191696313,240,0.865676971,0.393826051,0.963918842
520,1.73333338,0.0113041207,0.000729677852,48.5776357,0.000232702158,0.00194810407,0.917806382,0.189127445,240,1.02474865,0.345405921,1.2014063
521,1.73666671,0.0105654577,0.000681997365,49.6454058,0.000212818439,0.00161920585,0.917648379,0.193241527,240,1.77927031,0.42347309,1.45165658
522,1.74000004,0.0111234763,0.000718017306,50.4844401,0.000220334745,0.00173003589,0.917492955,0.197062415,240,1.27394969,0.445585214,0.995827137
523,1.74333338,0.0107402514,0.000693280249,51.0928272,0.000210210552,0.0018833442,0.917338276,0.197240842,240,0.92799075,0.432038008,0.831931531
524,1.74666671,0.0113705449,0.000733965517,51.4950933,0.000220808317,0.00188553455,0.917186058,0.194511837,240,0.869753509,0.394758485,0.971376539
525,1.75000004,0.0110638414,0.000714167894,51.7290671,0.000213880552,0.00195041817,0.917053061,0.191788052,240,1.03339258,0.34614089,1.21219615
526,1.75333338,0.0112924523,0.000728924659,52.7505496,0.000214072694,0.00201219072,0.916930917,0.195662396,240,1.76998092,0.42439245,1.44228636
527,1.75666671,0.0111770923,0.000721478207,53.5527397,0.000208711868,0.00156333766,0.91680961,0.199335962,240,1.2647407,0.446288471,0.98754202
528,1.76000004,0.0107423203,0.000693413791,54.1338637,0.000198439933,0.00182071788,0.916687185,0.199370981,240,0.92107649,0.432539444,0.828797174
529,1.76333338,0.0111552208,0.000720066404,54.5167949,0.000204619893,0.00176555014,0.91656822,0.196557583,240,0.868837376,0.395103994,0.974889481
530,1.76666671,0.0107169664,0.000691777204,54.737334,0.000195788972,0.00194451875,0.916467242,0.193691825,240,1.03799317,0.346424982,1.21920313
531,1.77000004,0.0107679465,0.000695067958,55.7076552,0.000193293839,0.00188361555,0.91637436,0.197386009,240,1.7579315,0.424781719,1.43013486
532,1.77333338,0.0112690563,0.000727414456,56.4679595,0.000199565495,0.00189520012,0.916281289,0.200930639,240,1.2521596,0.446562587,0.975287427
533,1.77666671,0.0116999497,0.000755228505,57.0159402,0.000205204889,0.00200959766,0.916183838,0.200840839,240,0.909734281,0.432681518,0.821002897
534,1.78000004,0.0107445074,0.000693554973,57.3732811,0.000187273714,0.00218152832,0.916089031,0.197911946,240,0.862814558,0.395126623,0.972989827
535,1.78333338,0.0114480447,0.000738968107,57.5738862,0.000198840923,0.00180856003,0.916010418,0.195859266,240,1.03766428,0.34627356,1.2217428
536,1.78666671,0.0109979082,0.000709911923,58.4907467,0.000188028173,0.00186996559,0.915938793,0.198491331,240,1.74437516,0.424774311,1.41596338
537,1.79000004,0.0106136746,0.000685109752,59.2059554,0.000179267011,0.00163150621,0.915864866,0.201922264,240,1.23701193,0.446465748,0.95949528
538,1.79333338,0.0117860788,0.000760788115,59.7169402,0.000197365752,0.00174411401,0.915787795,0.201721819,240,0.893822152,0.432557651,0.807454743
539,1.79666671,0.0103883422,0.000670564604,60.0441516,0.000173011724,0.00175962531,0.915712345,0.198668822,240,0.850956673,0.394857511,0.966038945
540,1.80000004,0.0113080692,0.000729932726,60.2197635,0.000187780033,0.00194846382,0.915650581,0.19754475,240,1.0313308,0.345978843,1.21862208
541,1.80333338,0.011377336,0.000734403881,61.0816906,0.000186264262,0.00183934233,0.915596642,0.199083658,240,1.72955848,0.424462763,1.39991106
542,1.80666671,0.0115366512,0.000744687635,61.7494904,0.000186829902,0.0017712494,0.915541159,0.202426554,240,1.2191692,0.446108342,0.939539253
543,1.81000004,0.0112442304,0.000725811949,62.2203001,0.000180716427,0.00190108296,0.915480164,0.202148295,240,0.872729835,0.432147371,0.787364155
544,1.81333338,0.0106559836,0.000687840785,62.5133842,0.000170459234,0.00207642051,0.915421585,0.198961884,240,0.832153718,0.394348968,0.95152437
545,1.81666671,0.0111703607,0.000721043683,62.6593008,0.000178271391,0.00184550846,0.915377561,0.198397684,240,1.01822017,0.345379656,1.20892906
546,1.82000004,0.0113742869,0.000734207062,63.4649415,0.000179221577,0.00191363126,0.915338515,0.199298326,240,1.71354841,0.423970238,1.38180386
547,1.82333338,0.0112972408,0.000729233758,64.0829081,0.000176291013,0.00190214201,0.915294784,0.202579936,240,1.19830618,0.445644203,0.914139117
548,1.82666671,0.0108262783,0.000698833257,64.5101365,0.000167822901,0.00175422121,0.915246101,0.202248024,240,0.845796016,0.431649299,0.759041601
549,1.83000004,0.0109151022,0.000704566816,64.764637,0.000168534909,0.0022317586,0.915196339,0.198964217,240,0.805895002,0.393911675,0.929844003
550,1.83333338,0.0108669944,0.000701461473,64.8757297,0.000167504773,0.00192117326,0.915159508,0.198699988,240,0.99806877,0.344876414,1.19244688
551,1.83666671,0.0114651502,0.000740072265,65.6230233,0.000174712314,0.00205753701,0.91511067,0.199266408,240,1.69562035,0.42360051,1.3604193
552,1.84000004,0.0111227131,0.000717968046,66.1882573,0.000168046623,0.00208130233,0.915057334,0.202518383,240,1.17379171,0.445365981,0.882834531
553,1.84333338,0.0112490633,0.000726123915,66.5677882,0.000168986587,0.00209900176,0.915006178,0.2021571,240,0.81182881,0.431452657,0.721994414
554,1.84666671,0.011943251,0.000770933537,66.7784931,0.000178848765,0.00194009376,0.914955426,0.19881928,240,0.77066576,0.393668785,0.900069345
555,1.85000004,0.0117785953,0.000760305054,66.8485108,0.000176198319,0.00220891445,0.91490889,0.198663367,240,0.969859168,0.344605365,1.168978
556,1.85333338,0.01167025,0.0007533114,67.5344052,0.000172804513,0.00187573543,0.914866175,0.199123037,240,1.67631673,0.423312373,1.33680232
557,1.85666671,0.0112307087,0.000724939129,68.0426346,0.000165053996,0.00178374039,0.914826964,0.202363825,240,1.14602877,0.445098514,0.846168887
558,1.86000005,0.0117078568,0.000755738904,68.3690872,0.000171244889,0.0018687674,0.914787487,0.201996247,240,0.771197659,0.431150239,0.676215142
559,1.86333338,0.010601267,0.000684308841,68.5297801,0.000154695768,0.00182053916,0.91473333,0.198617121,240,0.727597912,0.393352066,0.863401852
560,1.86666671,0.0111607266,0.000720421806,68.5516752,0.000162807497,0.00198267013,0.914679535,0.19843614,240,0.935672624,0.344344753,1.14084448
561,1.87000005,0.0110060295,0.000710436152,69.1722066,0.000159110575,0.00186940009,0.914626778,0.198961568,240,1.6559935,0.423080737,1.31098844
562,1.87333338,0.0114672851,0.000740210067,69.6183569,0.000164716399,0.00198887316,0.914576718,0.202205885,240,1.11597403,0.444887615,0.804916494
563,1.87666671,0.0109275667,0.000705371398,69.8856316,0.000156363568,0.00187474496,0.914531738,0.201840424,240,0.725409052,0.431013986,0.623228804
564,1.88000005,0.0116260193,0.000750456318,69.9890812,0.0001661119,0.00194253221,0.914487983,0.198430805,240,0.678481625,0.393287674,0.822012327
565,1.88333338,0.0117117575,0.000755990695,69.9548301,0.000167418854,0.00194314352,0.914445695,0.198183166,240,0.897639371,0.344324904,1.10989567
566,1.88666671,0.012252755,0.000790911935,70.5052497,0.000173785003,0.0019443891,0.914405798,0.198803188,240,1.63539967,0.423160873,1.28530451
567,1.89000005,0.0102838928,0.000663822429,70.8837154,0.000145081177,0.00203868517,0.914367673,0.202048494,240,1.08515596,0.44502673,0.761407874
568,1.89333338,0.0112500372,0.000726186781,71.0851832,0.000158261353,0.00187487783,0.914331309,0.201685766,240,0.67687616,0.431185265,0.566337398
569,1.89666671,0.0117856916,0.000760763121,71.1241003,0.00016570602,0.00204191472,0.914295169,0.198290184,240,0.626303122,0.393470194,0.780326488
570,1.90000005,0.0125007234,0.000806918227,71.0254903,0.000176003339,0.00203634183,0.91425893,0.197930649,240,0.859199068,0.344487555,1.07930308
571,1.90333338,0.0109679491,0.00070797807,71.5013091,0.000153395081,0.00178939939,0.914224628,0.19868021,240,1.6161323,0.423325249,1.26077538
572,1.90666671,0.0113026439,0.000729582527,71.8067275,0.00015740369,0.00197000616,0.914175083,0.201941823,240,1.05628608,0.445228206,0.720890881
573,1.91000005,0.0110320689,0.000712116987,71.9362629,0.000153358939,0.00200523046,0.91412661,0.201595794,240,0.630630399,0.431408977,0.511735244
574,1.91333338,0.0114924142,0.000741832149,71.9037815,0.000159830457,0.00171317335,0.914080947,0.198220934,240,0.577507198,0.393661084,0.742622716
575,1.91666671,0.0106806502,0.000689433007,71.7336959,0.00014889307,0.00161902982,0.914035518,0.197739911,240,0.825619285,0.344724872,1.05366751
576,1.92000005,0.0103910189,0.000670737385,72.1309488,0.000144057704,0.00164435622,0.913990782,0.198626505,240,1.60024223,0.42343289,1.24137237
577,1.92333338,0.0114075463,0.000736353947,72.3588038,0.0001576525,0.00165999537,0.913944667,0.201894852,240,1.03309213,0.445343058,0.688053964
578,1.92666671,0.0112334367,0.00072511522,72.4113178,0.000155133714,0.00201625336,0.913856311,0.201550179,240,0.59370182,0.431499159,0.468272798
579,1.93000005,0.0111282575,0.000718325936,72.301701,0.000153914187,0.00176831887,0.913754483,0.198185529,240,0.540239991,0.393819311,0.716311883
580,1.93333338,0.0112919141,0.000728889919,72.0540535,0.000156714488,0.00202435441,0.913637234,0.197595763,240,0.802227131,0.344962218,1.03726302
581,1.93666671,0.0116866533,0.000754370226,72.3704426,0.000161483789,0.00192827599,0.913487554,0.198582282,240,1.59020151,0.423657543,1.22985475
582,1.94000005,0.012100082,0.000781056935,72.5179288,0.00016685642,0.00203468117,0.913310882,0.201849477,240,1.01943239,0.445592477,0.669617919
583,1.94333338,0.0114651446,0.0007400719,72.4900951,0.000158161533,0.0021977566,0.913055173,0.201506174,240,0.57320045,0.431749342,0.446067333
584,1.94666671,0.0108420623,0.000699852111,72.29991,0.000149959554,0.00180757765,0.912767015,0.198145191,240,0.522118171,0.394089788,0.7048979
585,1.95000005,0.0117962418,0.000761444136,71.970935,0.000163902857,0.00187974411,0.91240762,0.19743519,240,0.793582596,0.345211878,1.03240968
586,1.95333338,0.011487128,0.000741490927,72.2065694,0.000159087021,0.00169470435,0.912034427,0.198542175,240,1.5871029,0.423947802,1.22729796
587,1.95666671,0.0112658362,0.000727206597,72.2734006,0.000155878042,0.0016838547,0.911605168,0.201807859,240,1.0172595,0.445721635,0.669698734
588,1.96000005,0.0118398474,0.000764258862,72.1646541,0.000164067126,0.00213917062,0.911129077,0.201460532,240,0.574483568,0.431903219,0.45268697
589,1.96333338,0.0105244703,0.000679351637,71.8928646,0.000146391027,0.00188666878,0.91058642,0.19808701,240,0.529023326,0.394249793,0.713432193
590,1.96666671,0.0107999851,0.000697136041,71.4815781,0.00015108767,0.00209236342,0.91004642,0.19723146,240,0.801734036,0.345404402,1.04083755
591,1.97000005,0.0114324995,0.000737964668,71.6390039,0.000159584847,0.00208525324,0.909505391,0.198468963,240,1.59231839,0.424051161,1.23539429
592,1.97333338,0.0112020929,0.000723091985,71.6276156,0.000156393491,0.00218595217,0.90896377,0.201725363,240,1.02793372,0.445918553,0.688877746
593,1.97666671,0.0108650922,0.000701338683,71.4401192,0.000152086703,0.00160318595,0.9084248,0.20136429,240,0.597670284,0.432059464,0.48615761
594,1.98000005,0.0112959872,0.000729152838,71.0887473,0.000158899793,0.00210640046,0.907886508,0.197998783,240,0.559072513,0.394449845,0.739213388
595,1.98333338,0.0112572166,0.000726650207,70.5968768,0.000159457714,0.00188375519,0.907348002,0.196936589,240,0.825375096,0.345509051,1.0612435
596,1.98666671,0.011592779,0.00074831067,70.681776,0.000164013692,0.00174864692,0.906811758,0.198332579,240,1.60450816,0.4241295,1.25275971
597,1.99000005,0.0110727126,0.000714740524,70.5974329,0.000156842992,0.00222386904,0.906277199,0.20157648,240,1.04921346,0.445943333,0.72284864
598,1.99333338,0.0106938066,0.000690282246,70.3360881,0.000152038688,0.00223723098,0.905745434,0.20120612,240,0.637655797,0.432112833,0.538181154
599,1.99666672,0.0110678392,0.000714425947,69.9096858,0.000158316248,0.00218612935,0.905217806,0.197831705,240,0.605968203,0.394451152,0.777668947
600,2.00000005,0.010757362,0.000694384733,69.3418386,0.000155135229,0.00206241463,0.904693179,0.196518139,240,0.860782687,0.34556502,1.09070072
601,2.00333338,0.0108936737,0.000703183616,69.3623885,0.000157054478,0.00201166405,0.904171946,0.198134771,240,1.62200615,0.424144929,1.27649294
602,2.00666672,0.0101268223,0.000653683571,69.2128524,0.000146314188,0.00163220851,0.903654527,0.201359761,240,1.07765797,0.446072396,0.76554056
603,2.01000005,0.0107066121,0.000691108838,68.8849262,0.000155427503,0.00175005818,0.90314031,0.200967813,240,0.686464476,0.43220165,0.597690444
604,2.01333338,0.011279039,0.000728058837,68.3905123,0.000164921107,0.00194846111,0.902632141,0.197579222,240,0.660260522,0.394537223,0.822329221
605,2.01666672,0.0112238666,0.000724497475,67.7531008,0.000165658346,0.00171181108,0.902129401,0.195911515,240,0.901998179,0.345533753,1.12455333
606,2.02000005,0.0106809477,0.000689452212,67.7193932,0.000157723618,0.00204273998,0.901632068,0.197839436,240,1.64192362,0.424160287,1.30218332
607,2.02333338,0.0111514638,0.000719823892,67.5141591,0.000165172224,0.00197012858,0.901140208,0.201046452,240,1.10887721,0.44596338,0.810267271
608,2.02666672,0.0116680956,0.000753172331,67.1287665,0.000173816624,0.00175271375,0.900657054,0.200635198,240,0.73659067,0.432074764,0.655717472
609,2.03000005,0.0118059748,0.000762072399,66.5748615,0.000177333825,0.00179760037,0.900180518,0.197219303,240,0.714108471,0.394417015,0.866667535
610,2.03333338,0.0110407625,0.000712678154,65.8762867,0.000167598434,0.00174681885,0.899709739,0.195090868,240,0.943084699,0.345556063,1.15854341
611,2.03666672,0.0114456201,0.000738811603,65.799506,0.000173946901,0.00179895554,0.89924459,0.197447326,240,1.66208805,0.424269548,1.32777048
612,2.04000005,0.0107257911,0.000692346838,65.5493748,0.00016362919,0.00177823449,0.898787053,0.200635358,240,1.13899391,0.446128046,0.851198919
613,2.04333338,0.012285402,0.000793019292,65.1163085,0.000188668589,0.00221140855,0.898336912,0.200206977,240,0.781486422,0.432296463,0.706172476
614,2.04666672,0.0112429256,0.000725727727,64.5120929,0.00017427625,0.00174916758,0.897893626,0.196729791,240,0.760569505,0.394644244,0.905813001
615,2.05000005,0.0112704851,0.000727506687,63.7608763,0.000176761766,0.00171978566,0.897458885,0.194001082,240,0.979057959,0.345707591,1.18833766
616,2.05333338,0.0109860852,0.000709148752,63.6527958,0.000172593915,0.00169272539,0.897032175,0.196938321,240,1.67936289,0.424331334,1.3496186
617,2.05666672,0.0110408194,0.000712681827,63.3683767,0.000174232322,0.00200116521,0.896617633,0.20009099,240,1.1638674,0.446169545,0.884068679
618,2.06000005,0.0120906017,0.000780444982,62.8975416,0.000192226935,0.00189617018,0.896212705,0.199624882,240,0.81738487,0.432376762,0.745590468
619,2.06333338,0.0116599289,0.000752645176,62.2520876,0.000187301814,0.0017602584,0.89581463,0.196098349,240,0.79757943,0.394726895,0.936913699
620,2.06666672,0.0102722193,0.000663068907,61.4564934,0.0001671462,0.00184599232,0.895424125,0.192758323,240,1.00823733,0.345814094,1.21224503
621,2.07000005,0.0109255775,0.000705242992,61.3280946,0.000178149632,0.00201997189,0.895042738,0.196248537,240,1.69187435,0.424535098,1.36457314
622,2.07333338,0.0110610809,0.000713989699,61.0196835,0.000181270702,0.00200728398,0.894671167,0.199370887,240,1.18162585,0.446528712,0.906674851
623,2.07666672,0.0117951162,0.000761371479,60.5203249,0.000194895124,0.00184889306,0.894311737,0.198872119,240,0.842237311,0.432768669,0.77244078
624,2.08000005,0.0107420329,0.000693395245,59.841848,0.000179507039,0.00184583315,0.893961423,0.195297869,240,0.822851846,0.395143706,0.958722519
625,2.08333338,0.0111869847,0.000722116755,59.009351,0.000189579863,0.0018028221,0.893619316,0.191922064,240,1.02836526,0.346197612,1.22897697
626,2.08666672,0.0105990455,0.000684165443,58.8709368,0.000180038675,0.00178976885,0.893284592,0.195411918,240,1.69892066,0.424784215,1.37309847
627,2.09000005,0.0113816161,0.000734680162,58.5476591,0.000194399167,0.00207233408,0.892959655,0.198498839,240,1.19138696,0.446824847,0.919377437
628,2.09333338,0.0122690296,0.000791962458,58.0278482,0.000211433476,0.00220748479,0.892644566,0.197963044,240,0.856011942,0.433080237,0.787349036
629,2.09666672,0.0110393748,0.000712588581,57.3235922,0.000192579955,0.00200133081,0.892339115,0.194307323,240,0.837418097,0.395487977,0.971269577
630,2.10000005,0.0109361572,0.000705925909,56.4608991,0.00019369435,0.00197330407,0.892044166,0.190891203,240,1.04038412,0.34660342,1.23926424
631,2.10333338,0.0105577027,0.000681496776,56.3214659,0.00018745433,0.00193121924,0.891759706,0.194358327,240,1.70039576,0.425192136,1.37461542
632,2.10666672,0.0110057598,0.000710418742,55.9914438,0.000196561458,0.00204693972,0.891484855,0.197400862,240,1.19365748,0.447270676,0.922351721
633,2.11000005,0.0106633715,0.000688317667,55.4584676,0.000192276706,0.00173455152,0.891220613,0.196820572,240,0.859662618,0.433538816,0.791374113
634,2.11333338,0.0106433641,0.000687026197,54.7349833,0.000194452678,0.00194476619,0.890966351,0.19310989,240,0.841783653,0.396002688,0.975023975
635,2.11666672,0.0112101865,0.000723614427,53.8476417,0.000208183425,0.00171196765,0.890719735,0.189648351,240,1.04446305,0.347157587,1.24283593
636,2.12000005,0.011440046,0.000738451792,53.7153957,0.000212975178,0.00195240492,0.890482716,0.193095959,240,1.69702772,0.425701489,1.37087334
637,2.12333338,0.0111158158,0.000717522826,53.3860122,0.000208215886,0.00169368954,0.89025302,0.196095093,240,1.18933824,0.447864535,0.916547909
638,2.12666672,0.0113182868,0.000730592274,52.8462706,0.000214173805,0.00221314376,0.890032405,0.19546718,240,0.854543758,0.434226925,0.786136347
639,2.13000005,0.0110362411,0.0007123863,52.109066,0.00021179119,0.00216861063,0.889820146,0.191674676,240,0.837548126,0.396758937,0.972120897
640,2.13333338,0.011842094,0.000764403881,51.2020738,0.000231281531,0.00195151154,0.889616448,0.188161658,240,1.04190403,0.347933882,1.24147084
641,2.13666672,0.0115539459,0.000745804003,51.0846943,0.000226172362,0.00161354255,0.889422985,0.191597767,240,1.68983015,0.426476886,1.36190371
642,2.14000005,0.011607059,0.000749232436,50.7627089,0.000228653262,0.00196508336,0.889238684,0.194555822,240,1.1794481,0.448632811,0.904374473
643,2.14333339,0.0118729648,0.000766396585,50.2222826,0.000236408308,0.0020755534,0.889063939,0.193888666,240,0.841748716,0.435023815,0.773280207
644,2.14666672,0.0114443712,0.000738730983,49.476827,0.000231307702,0.00189981725,0.888895646,0.189983253,240,0.826017263,0.397521693,0.963283765
645,2.15000005,0.0110850194,0.000715534925,48.555023,0.000228298098,0.00201763831,0.888735342,0.186417189,240,1.03403585,0.348668966,1.2358123
646,2.15333339,0.0109766619,0.000708540479,48.4601339,0.000226509112,0.0016854129,0.888581253,0.189904585,240,1.67928357,0.427135185,1.34893216
647,2.15666672,0.01113101,0.000718503605,48.1525765,0.000231161254,0.00187876501,0.888432446,0.192818739,240,1.16504543,0.449390514,0.885910143
648,2.16000005,0.0111869772,0.000722116275,47.6176966,0.000234933187,0.00201368135,0.888289742,0.192100153,240,0.823168764,0.435864523,0.753811572
649,2.16333339,0.0113780987,0.000734453116,46.8694869,0.000242761325,0.00216494279,0.888154668,0.188109741,240,0.80893575,0.39847705,0.949462109
650,2.16666672,0.0110087696,0.000710613019,45.9382525,0.000239642759,0.00181557595,0.88802628,0.184429919,240,1.0217441,0.349716413,1.22635551
651,2.17000005,0.011071791,0.000714681037,45.8736634,0.000241353975,0.00164916014,0.887905989,0.187953639,240,1.66613803,0.428167117,1.33253442
652,2.17333339,0.0110051647,0.000710380329,45.5875599,0.00024140719,0.00175293063,0.887793433,0.190817444,240,1.14674216,0.45050169,0.862503216
653,2.17666672,0.011500914,0.000742380805,45.0647897,0.000255208424,0.00198091793,0.887687467,0.190055978,240,0.798655239,0.437069385,0.727946278
654,2.18000005,0.0107280045,0.000692489712,44.3200522,0.000242057578,0.0017456528,0.887588445,0.186024265,240,0.785760295,0.399741321,0.930674959
655,2.18333339,0.0112578254,0.000726689508,43.3851902,0.000259485447,0.00218785212,0.88749416,0.182206505,240,1.00472575,0.350922983,1.21313485
656,2.18666672,0.0115505786,0.000745586645,43.3591489,0.000266393113,0.00187200704,0.887406963,0.185793561,240,1.65058876,0.429322538,1.31358232
657,2.19000005,0.0121671155,0.000785383931,43.1024095,0.000282283884,0.00184094717,0.88732317,0.188619972,240,1.12476586,0.451780655,0.833377358
658,2.19333339,0.011551793,0.00074566503,42.5990597,0.000271174835,0.00204321956,0.887243777,0.18781716,240,0.768256956,0.438334178,0.695426476
659,2.19666672,0.010968705,0.000708026862,41.8647597,0.000262003295,0.00173515181,0.887170991,0.183746344,240,0.756329824,0.400956934,0.907033801
660,2.20000005,0.0110026959,0.000710220964,40.9331329,0.000268796818,0.00203129037,0.887102329,0.179788269,240,0.982694546,0.352147569,1.19566314
661,2.20333339,0.0111763812,0.000721432307,40.9544697,0.000272897716,0.00193253797,0.887035012,0.183447547,240,1.63403771,0.430502776,1.29184201
662,2.20666672,0.011318347,0.00073059616,40.7352332,0.000277851534,0.00187719581,0.886973266,0.186247281,240,1.10027378,0.453045352,0.799342356
663,2.21000005,0.0117156798,0.000756243882,40.2590784,0.000291007154,0.00201402831,0.886918868,0.185418233,240,0.732257451,0.439699183,0.655315284
664,2.21333339,0.0106838914,0.000689642225,39.5427661,0.000270185737,0.00175775925,0.886865969,0.181320791,240,0.720427797,0.402436326,0.87724316
665,2.21666672,0.0106219894,0.000685646467,38.6217413,0.000275026165,0.00176502993,0.886813438,0.177223041,240,0.95572025,0.353662235,1.17381296
666,2.22000005,0.0107028256,0.000690864422,38.6990766,0.0002765654,0.00196508623,0.886764151,0.180986404,240,1.61588587,0.43213175,1.26796972
667,2.22333339,0.0109204896,0.000704914572,38.5256837,0.000283459982,0.00209357929,0.886717219,0.183769332,240,1.07257898,0.454791193,0.760079187
668,2.22666672,0.0112004323,0.000722984799,38.0845674,0.000294093727,0.00223591992,0.886675212,0.182918301,240,0.690283131,0.441522862,0.607141339
669,2.23000005,0.0121798053,0.000786203051,37.3940426,0.000325715126,0.00194425221,0.886635728,0.178799934,240,0.6779573,0.404286165,0.842532251
670,2.23333339,0.0103835343,0.000670254259,36.4915877,0.000284545973,0.00203937884,0.886599258,0.17458497,240,0.923646302,0.355493479,1.14784595
671,2.23666672,0.0114550677,0.000739421442,36.632831,0.000312699494,0.00197003577,0.886566138,0.178444432,240,1.59715965,0.433899198,1.24286972
672,2.24000005,0.0108334823,0.000699298278,36.5127193,0.000296704342,0.00163307111,0.886536428,0.181231362,240,1.04314565,0.456697712,0.715644167
673,2.24333339,0.0105622317,0.000681789128,36.1143179,0.000292466599,0.001698259,0.886507693,0.18038969,240,0.642362576,0.443511598,0.550244117
674,2.24666672,0.0118851883,0.000767185606,35.4573287,0.000335196946,0.0020406223,0.886479311,0.176278505,240,0.628133525,0.406253416,0.802007468
675,2.25000005,0.010903131,0.000703794077,34.5816271,0.000315286812,0.00186377528,0.886451541,0.171962969,240,0.886777169,0.357403036,1.11768711
676,2.25333339,0.0112684723,0.00072737676,34.793415,0.000323867959,0.0020668966,0.886424122,0.175964418,240,1.57888968,0.435972799,1.21748454
677,2.25666672,0.0116903758,0.000754610515,34.7333231,0.000336575219,0.00204337015,0.886397777,0.178772053,240,1.01307558,0.458943366,0.668063992
678,2.26000005,0.0112097726,0.000723587709,34.3844614,0.000326012743,0.00193201115,0.886371189,0.177947945,240,0.590297966,0.445810166,0.485073362
679,2.26333339,0.0102973252,0.000664689481,33.7684264,0.000304939444,0.00180344853,0.886345672,0.173860968,240,0.572768688,0.40861545,0.757643404
680,2.26666672,0.0110573496,0.000713748851,32.9274868,0.000335809099,0.00178809729,0.886321908,0.169454825,240,0.846300641,0.35975627,1.08557217
681,2.27000005,0.0106665303,0.000688521572,33.2146199,0.000321139617,0.00167897596,0.886294921,0.173618354,240,1.56290352,0.438385108,1.19369326
682,2.27333339,0.0113468487,0.000732435931,33.2197497,0.00034156936,0.0019508061,0.886260615,0.17646965,240,0.984974373,0.461392448,0.620109541
683,2.27666672,0.0118246382,0.000763277112,32.9264272,0.000359123025,0.00176452097,0.886227151,0.175692304,240,0.536480656,0.448326651,0.412575512
684,2.28000006,0.0113960696,0.000735613127,32.3582747,0.000352184091,0.00188849479,0.886189147,0.17165087,240,0.513199863,0.411159192,0.711241396
685,2.28333339,0.0106113049,0.000684956788,31.5601629,0.000336224657,0.00223996942,0.886137451,0.167174789,240,0.804364866,0.362187325,1.05163016
686,2.28666672,0.0112512293,0.000726263726,31.9253466,0.000352423088,0.00187572497,0.886085814,0.171523994,240,1.55049524,0.440871017,1.17388987
687,2.29000006,0.0116065833,0.000749201729,31.9994157,0.000362712351,0.00195631856,0.886036575,0.174436414,240,0.961559904,0.464080691,0.575584706
688,2.29333339,0.0110121269,0.000710829738,31.7665908,0.0003466575,0.0018993414,0.885988522,0.173717892,240,0.486475157,0.451187491,0.336210591
689,2.29666672,0.0114762719,0.000740790167,31.2526764,0.000367209252,0.00186344559,0.885942947,0.169742044,240,0.455075634,0.414046095,0.666946852
690,2.30000006,0.0110811305,0.000715283896,30.5049106,0.000363257268,0.0018872823,0.885892063,0.165236766,240,0.764838495,0.365065046,1.01969914
691,2.30333339,0.0108823808,0.000702454662,30.949278,0.000351619862,0.00205452931,0.885822374,0.169764881,240,1.54350392,0.443947792,1.15996002
692,2.30666672,0.0118291546,0.000763568646,31.0943409,0.000380427894,0.00180986907,0.885753727,0.172761058,240,0.945579791,0.467162731,0.540998513
693,2.31000006,0.0116843953,0.000754224473,30.9260078,0.00037781777,0.00179608566,0.88568711,0.172126771,240,0.446761686,0.454343878,0.263257731
694,2.31333339,0.00959816165,0.000619558671,30.4723298,0.00031497958,0.00161898047,0.885620808,0.168241747,240,0.404957119,0.417190536,0.629807122
695,2.31666672,0.0117495596,0.000758430813,29.7828387,0.000394507715,0.00205624383,0.885528025,0.163756886,240,0.731230284,0.368148423,0.993209329
696,2.32000006,0.0110913653,0.00071594455,30.3053345,0.000365987225,0.00189343118,0.885393531,0.168474864,240,1.54376363,0.447243836,1.15557931
697,2.32333339,0.0112858592,0.000728499081,30.523009,0.000369749234,0.00196254436,0.885248337,0.171578027,240,0.940294287,0.470580919,0.522332345
698,2.32666672,0.0110092477,0.000710643881,30.4229135,0.000361873549,0.00189264829,0.885087542,0.17104981,240,0.425692046,0.457698542,0.207753348
699,2.33000006,0.0109990754,0.000709987263,30.0354485,0.000366203134,0.00189549093,0.884890882,0.167265123,240,0.372001008,0.420496373,0.604226026
700,2.33333339,0.0109280948,0.000705405484,29.4124156,0.000371547,0.00171678182,0.884663214,0.162821021,240,0.708238643,0.371248077,0.973396518
701,2.33666672,0.01104851,0.000713178256,30.0115513,0.000368141918,0.00191516531,0.884379506,0.167720968,240,1.55151453,0.450699761,1.16056726
702,2.34000006,0.0111260194,0.000718181462,30.3025523,0.000367164431,0.00161670033,0.884040861,0.170939232,240,0.947231561,0.474158202,0.524462843
703,2.34333339,0.0113580571,0.000733159434,30.2743423,0.00037517106,0.00191228945,0.883702628,0.170523214,240,0.430378775,0.461288264,0.196702719
704,2.34666672,0.0122268001,0.00078923655,29.959415,0.000408112109,0.00235898831,0.883289151,0.16685283,240,0.365497416,0.424060262,0.594900366
705,2.35000006,0.0118789837,0.000766785102,29.4111572,0.000403893788,0.00183675539,0.882863725,0.162496312,240,0.698294917,0.37471581,0.963588952
706,2.35333339,0.0119139908,0.0007690448,30.0843074,0.000396020113,0.00207482518,0.882314719,0.167549771,240,1.56835201,0.454413508,1.17636265
707,2.35666672,0.0114723887,0.000740539508,30.4490422,0.000376773386,0.00185324775,0.88175154,0.170888793,240,0.96707156,0.477937958,0.548419649
708,2.36000006,0.0109242367,0.00070515645,30.4959978,0.000358218701,0.0020187798,0.881180641,0.17058892,240,0.460168324,0.465102904,0.235834233
709,2.36333339,0.0115654022,0.000746543502,30.2593206,0.00038220958,0.00189432093,0.88060879,0.167038985,240,0.388328149,0.427754288,0.603025889
710,2.36666672,0.0115403531,0.000744926587,29.793887,0.000387339626,0.00182596678,0.88004863,0.162849008,240,0.703991031,0.378253861,0.964707638
711,2.37000006,0.0108700804,0.000701660673,30.5375405,0.000355957953,0.00172772387,0.879493685,0.167996339,240,1.59121087,0.45830229,1.20055721
712,2.37333339,0.0109480432,0.00070669315,30.9753554,0.000353443667,0.00179762309,0.878938166,0.171462422,240,0.996950274,0.481769463,0.588801181
713,2.37666672,0.0113743492,0.000734211087,31.0997712,0.000365737393,0.0017687285,0.878379168,0.171287791,240,0.50937099,0.468911427,0.305208185
714,2.38000006,0.0112774419,0.000727955746,30.9461626,0.000364421337,0.00191888759,0.87782261,0.167857799,240,0.434093954,0.431520603,0.627274864
715,2.38333339,0.0122372559,0.000789911473,30.5699411,0.000400303549,0.00188969058,0.877282855,0.163851838,240,0.72316257,0.381877477,0.975837982
716,2.38666672,0.0103192111,0.000666102211,31.3795215,0.000328851766,0.00162632241,0.876749658,0.169057343,240,1.61997135,0.462340268,1.23144426
717,2.39000006,0.0106087275,0.000684790417,31.8883649,0.000332683333,0.00164816837,0.876213587,0.172644526,240,1.03471043,0.485815696,0.640243656
718,2.39333339,0.010913551,0.000704466689,32.090701,0.000340084532,0.00206331336,0.875672874,0.172588195,240,0.568793982,0.472872896,0.382779058
719,2.39666672,0.0119041321,0.000768408424,32.0223802,0.000371744138,0.0019320456,0.875136214,0.169272717,240,0.491373642,0.435464,0.662447707
720,2.40000006,0.0114276682,0.000737652812,31.738737,0.000360054285,0.00210689911,0.874617299,0.165447143,240,0.751987723,0.385569522,0.994672953
721,2.40333339,0.0110093902,0.000710653084,32.6074444,0.000337634257,0.00207769962,0.874107235,0.170702752,240,1.65161584,0.466428304,1.26588707
722,2.40666672,0.0116729812,0.000753487696,33.1826983,0.000351779144,0.00211122954,0.873599202,0.174396435,240,1.07599123,0.489883046,0.694814481
723,2.41000006,0.0104408263,0.000673952443,33.4601287,0.000312037842,0.00178876496,0.873088291,0.174434979,240,0.630528771,0.476829785,0.45841784
724,2.41333339,0.0102806535,0.000663613333,33.4755837,0.000307109015,0.00159762166,0.872584271,0.17120853,240,0.552139873,0.439163699,0.702886061
725,2.41666673,0.0114990167,0.000742258339,33.2834139,0.000345487899,0.00208021401,0.872101412,0.167561754,240,0.786701371,0.389229245,1.01855172
726,2.42000006,0.0110720805,0.000714699722,34.2026461,0.000323719997,0.00181634706,0.871626928,0.172809014,240,1.68303419,0.470562764,1.30017377
727,2.42333339,0.0114339436,0.000738057887,34.8372258,0.00032821051,0.00175554671,0.87114971,0.176583387,240,1.11670043,0.493853781,0.747730974
728,2.42666673,0.0118637983,0.000765804884,35.1837573,0.000337195318,0.0018327427,0.870672033,0.176701321,240,0.688884537,0.480700216,0.526641707
729,2.43000006,0.0122923286,0.000793466402,35.2775626,0.000348446087,0.00199456423,0.870202469,0.173551502,240,0.609804124,0.442878539,0.744190942
730,2.43333339,0.0114294387,0.000737767093,35.1714766,0.000324963288,0.00179902809,0.869754332,0.170105511,240,0.822813131,0.392694042,1.04418982
731,2.43666673,0.0117670342,0.000759558789,36.1306302,0.000325680291,0.00172593468,0.869315979,0.17529442,240,1.71191606,0.474416402,1.33151255
732,2.44000006,0.0118830561,0.000767047976,36.8147893,0.000322779415,0.0019994787,0.868878824,0.179128289,240,1.15385591,0.497549745,0.794388825
733,2.44333339,0.0117820805,0.000760530029,37.2214172,0.000316540353,0.00176028203,0.868440955,0.179299465,240,0.740408275,0.484189938,0.584737162
734,2.44666673,0.010648482,0.000687356556,37.3847433,0.000284834963,0.00186957898,0.868011522,0.176199598,240,0.660558403,0.446270395,0.782339636
735,2.45000006,0.0111218475,0.000717912166,37.3554332,0.000297730384,0.00202646254,0.867603673,0.172939113,240,0.856278036,0.395976569,1.06885383
736,2.45333339,0.0118394838,0.000764235394,38.3423811,0.000308783218,0.00204651825,0.867209039,0.178027377,240,1.73745368,0.478015604,1.3589517
737,2.45666673,0.0109075954,0.000704082253,39.0644983,0.000279220157,0.00209720121,0.866816038,0.181887992,240,1.18573991,0.500995974,0.833181536
738,2.46000006,0.0113375738,0.000731837242,39.5195902,0.000286884903,0.0020282191,0.866422916,0.182079158,240,0.782969156,0.48751854,0.631298575
739,2.46333339,0.0112681948,0.000727358846,39.7403219,0.000283545635,0.00183497951,0.866035437,0.1790019,240,0.702741099,0.449556438,0.814713711
740,2.46666673,0.0114658417,0.000740116899,39.7752166,0.000288265977,0.00189596626,0.865670168,0.175921924,240,0.885690655,0.399121028,1.0911198
741,2.47000006,0.0112943812,0.000729049169,40.7772344,0.000276977616,0.00189119981,0.865318021,0.180863143,240,1.75705672,0.481569159,1.37930507
742,2.47333339,0.0111884896,0.0007222139,41.5244112,0.000269443667,0.00183705601,0.864969104,0.184733612,240,1.21017584,0.504379862,0.86235522
743,2.47666673,0.0112661614,0.000727227594,42.0148957,0.000268146838,0.0016533175,0.864620512,0.184927119,240,0.814846253,0.49074244,0.666076441
744,2.48000006,0.0111979909,0.000722827202,42.2795956,0.000264855676,0.00194703931,0.864278823,0.181847019,240,0.734178214,0.4524926,0.840488926
745,2.48333339,0.0117912257,0.000761120346,42.3647122,0.000278326586,0.00190402181,0.863959986,0.178901355,240,0.908551183,0.401810322,1.10893255
746,2.48666673,0.0113830009,0.000734769547,43.369361,0.000262466419,0.0018994256,0.863650716,0.183687109,240,1.77110725,0.48461704,1.39355379
747,2.49000006,0.0114745253,0.000740677424,44.1287492,0.000260023806,0.00221711372,0.863346384,0.187539345,240,1.22715397,0.507113927,0.882343788
748,2.49333339,0.0102879323,0.000664083174,44.6412535,0.000230457962,0.00172381144,0.863042908,0.187712808,240,0.836915594,0.493223259,0.689988795
749,2.49666673,0.0107487636,0.000693829706,44.9359496,0.000239201879,0.00183596551,0.862746178,0.18460757,240,0.756733327,0.454913116,0.859150715
750,2.50000006,0.0121078702,0.000781559659,45.0567534,0.000268724869,0.00239156768,0.862469895,0.181758235,240,0.925800112,0.404293894,1.12360667
751,2.50333339,0.0103384724,0.000667345524,46.0523417,0.000224493956,0.00175939049,0.862206323,0.186390256,240,1.77910775,0.48731063,1.40120379
752,2.50666673,0.0119301092,0.00077008524,46.8117535,0.000254852859,0.00190961272,0.861944121,0.190202545,240,1.23666063,0.50959488,0.893134147
753,2.51000006,0.0103114508,0.000665601289,47.3334035,0.00021784723,0.00168857367,0.861681746,0.190334638,240,0.849150975,0.495584594,0.704065395
754,2.51333339,0.01126993,0.000727470852,47.6448412,0.000236540404,0.00177352504,0.861426296,0.187183632,240,0.769656758,0.45705586,0.871190142
755,2.51666673,0.0107736263,0.000695434587,47.7874907,0.000225448672,0.00168406017,0.861192644,0.184392263,240,0.936569817,0.406201557,1.13333659
756,2.52000006,0.0115483982,0.000745445896,48.7635036,0.000236824619,0.00209563114,0.860971548,0.188857311,240,1.78168531,0.48936638,1.40313552
757,2.52333339,0.0113648275,0.000733596458,49.5120038,0.000229536811,0.00187510442,0.860752233,0.1926109,240,1.2394931,0.511518297,0.896039098
758,2.52666673,0.0117215585,0.000756623349,50.0312709,0.000234284644,0.00185389753,0.860530655,0.192684362,240,0.853177293,0.497350198,0.709116285
759,2.53000006,0.0109333424,0.000705744217,50.3471775,0.000217158994,0.00188810161,0.860313422,0.189477249,240,0.774926256,0.458653578,0.876827274
760,2.53333339,0.0117032394,0.000755440857,50.4990366,0.000231751737,0.00204501134,0.860117242,0.186715624,240,0.942106269,0.407649763,1.13916305
761,2.53666673,0.0115000355,0.0007423241,51.4464651,0.000223534027,0.00200750515,0.859933924,0.191019158,240,1.77939257,0.491062338,1.399747
762,2.54000006,0.0110392732,0.000712582019,52.174362,0.000211584248,0.00199616095,0.85975038,0.194701359,240,1.23649523,0.513024372,0.891989463
763,2.54333339,0.0109889873,0.00070933608,52.6808953,0.000208595303,0.00201888154,0.859564571,0.19470627,240,0.850025274,0.498710407,0.706190599
764,2.54666673,0.0114750219,0.000740709479,52.9903657,0.000216549211,0.00200723071,0.859381502,0.191460098,240,0.773474321,0.45983325,0.876771442
765,2.55000006,0.0104631059,0.00067539058,53.1402587,0.000196896028,0.00186368743,0.859219033,0.188672948,240,0.942712765,0.408726413,1.14094477
766,2.5533334,0.0108212168,0.000698506539,54.0515736,0.000200201697,0.0018776828,0.859067279,0.192840247,240,1.77347243,0.492321221,1.3918931
767,2.55666673,0.0113411884,0.000732070565,54.7506294,0.000207142613,0.00212138556,0.858918169,0.196452648,240,1.22875902,0.514122801,0.881926482
768,2.56000006,0.0109659935,0.000707851838,55.2354407,0.000198531837,0.00186960688,0.858766127,0.19638887,240,0.840419921,0.499698052,0.696628976
769,2.5633334,0.0106599229,0.000688095065,55.5290678,0.00019197014,0.00189635469,0.858614091,0.193103425,240,0.764987091,0.460763997,0.8715871
770,2.56666673,0.0109628196,0.00070764696,55.6672001,0.000196934991,0.00199436595,0.858481079,0.190239231,240,0.937789717,0.409480136,1.1386898
771,2.57000006,0.0109699711,0.000708108591,56.5360779,0.000194034881,0.00192230935,0.858358791,0.194309691,240,1.76453156,0.493257446,1.381199
772,2.5733334,0.011161678,0.000720483214,57.1995042,0.000195135922,0.00231758998,0.858234195,0.197847678,240,1.21679906,0.514970735,0.866721157
773,2.57666673,0.0110816467,0.000715317218,57.6550294,0.000192206071,0.0019088141,0.858105549,0.197710167,240,0.824971973,0.500347091,0.680418717
774,2.58000006,0.011296019,0.00072915489,57.9245442,0.000195012652,0.00180635768,0.857981903,0.19440402,240,0.750903836,0.461239616,0.86122171
775,2.5833334,0.0106986491,0.000690594827,58.0422347,0.000184325244,0.00163786464,0.857874507,0.191475771,240,0.928664412,0.40995869,1.13297018
776,2.58666673,0.011143214,0.000719291368,58.8634053,0.000189306309,0.00191160487,0.857775935,0.195425688,240,1.75278056,0.493751641,1.36671993
777,2.59000006,0.0108438865,0.000699969865,59.4850628,0.000182295958,0.00162946547,0.857674979,0.198901975,240,1.20133135,0.515372335,0.847071862
778,2.5933334,0.011869597,0.000766179193,59.9047417,0.000198141194,0.00206876691,0.85756922,0.198703668,240,0.804506561,0.500693461,0.657982623
779,2.59666673,0.010882248,0.000702446091,60.1429201,0.000180939802,0.0020110518,0.857464021,0.195356676,240,0.731185966,0.461573853,0.846357881
780,2.60000006,0.0112351866,0.00072522818,60.2323168,0.000186530873,0.00217412023,0.857375309,0.192954211,240,0.914979319,0.410221286,1.12328506
781,2.6033334,0.011314755,0.000730364293,61.0011699,0.000185484229,0.0020460671,0.857295022,0.196250642,240,1.73917512,0.494097709,1.35046523
782,2.60666673,0.011205506,0.000723312302,61.5758974,0.000181978769,0.00155725505,0.857212472,0.199670502,240,1.18301724,0.515633007,0.822375443
783,2.61000006,0.0113793888,0.000734536389,61.9535346,0.000183676184,0.0019541401,0.85712644,0.199417926,240,0.779191238,0.500933743,0.629911639
784,2.6133334,0.01108224,0.000715355519,62.1537601,0.000178303614,0.00182615197,0.857039946,0.195984615,240,0.705512181,0.461771959,0.826605254
785,2.61666673,0.0112052061,0.000723292941,62.2079572,0.000180124964,0.00186066335,0.856969579,0.194307281,240,0.896485077,0.410349639,1.10997791
786,2.62000006,0.0107644864,0.000694844607,62.9207373,0.000171080105,0.00172581814,0.856904128,0.196801902,240,1.72447795,0.494310696,1.33281141
787,2.6233334,0.0115028709,0.000742507123,63.4439041,0.00018130774,0.00195310338,0.856834474,0.200167953,240,1.16256751,0.515740919,0.795036188
788,2.62666673,0.0109504714,0.000706849892,63.7741727,0.000171706993,0.00204394449,0.856757654,0.199864362,240,0.749977841,0.501006012,0.596329038
789,2.63000006,0.0113268573,0.000731145495,63.9302995,0.000177175102,0.00236557251,0.856680095,0.196380595,240,0.675682801,0.461755696,0.803349607
790,2.6333334,0.0110697363,0.000714548404,63.9424882,0.000173120199,0.00201594806,0.85661966,0.195157938,240,0.8752032,0.410269567,1.09417207
791,2.63666673,0.0108863542,0.000702711144,64.595437,0.000168531319,0.00176490499,0.856561867,0.197122749,240,1.70880695,0.494303266,1.31376709
792,2.64000006,0.0109843801,0.000709038685,65.0625226,0.00016882807,0.00157942313,0.856501752,0.200447505,240,1.14082652,0.515744612,0.764803412
793,2.6433334,0.0122231776,0.000789002724,65.3403158,0.000187069461,0.00188277488,0.856436495,0.20010765,240,0.718365746,0.501004403,0.558462255
794,2.64666673,0.0101431423,0.00065473702,65.4467117,0.000154983223,0.00189118187,0.856369053,0.196600306,240,0.643161812,0.461717228,0.777880979
795,2.65000006,0.0118380458,0.000764142572,65.4108032,0.000180979979,0.00228585345,0.856316446,0.195627837,240,0.852091863,0.410198736,1.07695436
796,2.6533334,0.0112065667,0.000723380772,66.0007673,0.000169794492,0.00204757264,0.856267393,0.197263128,240,1.69343618,0.494335034,1.29482734
797,2.65666673,0.0103675096,0.000669219868,66.4080758,0.000156118205,0.00213968896,0.856213241,0.200566784,240,1.1192099,0.515809265,0.734040559
798,2.66000006,0.0108931222,0.000703148016,66.628882,0.000163489494,0.00191078119,0.85615255,0.200205065,240,0.685645839,0.501037398,0.518242405
799,2.6633334,0.0115486458,0.000745461881,66.68021,0.000173194502,0.00205952925,0.856089461,0.196646791,240,0.608714974,0.461773444,0.751086401
800,2.66666673,0.0114151617,0.000736845518,66.5905212,0.000171423222,0.00185500028,0.856040768,0.195808644,240,0.828071672,0.41031251,1.05950306
801,2.67000006,0.0106879966,0.000689907213,67.114818,0.000159249431,0.00179196698,0.855996349,0.197305104,240,1.67924413,0.494328206,1.27702502
802,2.6733334,0.0112303552,0.000724916313,67.4589899,0.000166476777,0.00170410218,0.855945423,0.200589301,240,1.09896944,0.515769135,0.705115128
803,2.67666673,0.0115314065,0.000744349091,67.6187154,0.000170535723,0.001798902,0.855885368,0.200208172,240,0.654423412,0.500975639,0.479250688
804,2.68000006,0.0114465685,0.000738872819,67.6104751,0.000169301702,0.00208913985,0.855824373,0.196597872,240,0.576106891,0.461723089,0.727257942
805,2.6833334,0.0105357929,0.00068008251,67.4619072,0.000156173956,0.0020246351,0.85577685,0.195796984,240,0.80641024,0.410207256,1.04371553
806,2.68666673,0.0114832063,0.000741237777,67.9186676,0.000169072903,0.00210473859,0.855731372,0.197248133,240,1.66699012,0.494334282,1.26211914
807,2.69000007,0.0108718113,0.000701772404,68.1970621,0.000159417591,0.0019014414,0.855682251,0.200516829,240,1.08172556,0.515838394,0.680033631
808,2.6933334,0.0117927185,0.000761216703,68.2925171,0.000172679511,0.00218295385,0.855624657,0.200124934,240,0.627550238,0.501126785,0.445385204
809,2.69666673,0.0115362218,0.000744659913,68.2208937,0.000169101006,0.0020974373,0.855566368,0.196483665,240,0.548267548,0.461847464,0.707606437
810,2.70000007,0.0109599525,0.000707461889,68.0093424,0.000161153631,0.00201324781,0.855520981,0.195604866,240,0.788605795,0.410330251,1.031885
811,2.7033334,0.0111905695,0.000722348158,68.3972977,0.000163611282,0.00168795349,0.855477912,0.197146524,240,1.65779714,0.494413732,1.25152857
812,2.70666673,0.011876748,0.000766640787,68.608363,0.000173109334,0.00180392086,0.855429811,0.200405455,240,1.06906555,0.515856822,0.662347623
813,2.71000007,0.0114005644,0.000735903271,68.6374494,0.000166098311,0.00179825217,0.855372407,0.199999365,240,0.608275134,0.501143971,0.421766124
814,2.7133334,0.0108128721,0.000697967891,68.4998533,0.000157852485,0.0019043994,0.855309769,0.196327065,240,0.528963927,0.461978201,0.695529816
815,2.71666673,0.0110330142,0.000712178007,68.2222208,0.00016172171,0.00192747606,0.85526044,0.195304438,240,0.777377056,0.410423519,1.02487349
816,2.72000007,0.0115221848,0.000743753828,68.5417913,0.000168104517,0.00193819343,0.855100458,0.196970033,240,1.65269027,0.49450805,1.24568172
817,2.7233334,0.0115125928,0.000743134667,68.6852514,0.000167613753,0.00191693094,0.854783519,0.200214463,240,1.06241356,0.515953336,0.654181044
818,2.72666673,0.0116851358,0.000754272273,68.6470938,0.000170220401,0.00194159032,0.854208606,0.199795743,240,0.599202305,0.501134062,0.412845135
819,2.73000007,0.0112952726,0.000729106713,68.4423812,0.000165033309,0.00209379424,0.8536198,0.196132951,240,0.522147776,0.46188766,0.692385122
820,2.7333334,0.010986143,0.000709152481,68.0972594,0.000161330178,0.00175171153,0.853029769,0.19488219,240,0.775158595,0.410496741,1.024784
821,2.73666673,0.0108555341,0.000700721714,68.3500307,0.000158822666,0.00184226503,0.852440942,0.196742758,240,1.65145812,0.494615974,1.24555737
822,2.74000007,0.0108818944,0.000702423263,68.4271235,0.000159028962,0.00190385508,0.851851558,0.199994004,240,1.06225315,0.51617029,0.656327709
823,2.7433334,0.0102323421,0.000660494843,68.322506,0.000149765322,0.00171702304,0.851259083,0.19958505,240,0.601922784,0.501437967,0.420977305
824,2.74666673,0.0112476282,0.000726031277,68.0508158,0.000165282782,0.0022997361,0.850666391,0.195917355,240,0.528404263,0.462169647,0.699718197
825,2.75000007,0.0120875261,0.000780246454,67.6381853,0.00017870861,0.00197064026,0.850074326,0.194379147,240,0.781702761,0.410693672,1.03129829
826,2.7533334,0.0114526384,0.000739264631,67.8273054,0.000168849969,0.00184671293,0.849480849,0.196535395,240,1.65453448,0.494741075,1.25083731
827,2.75666673,0.0121365248,0.000783409304,67.8405118,0.000178897895,0.00199705277,0.848888655,0.199769508,240,1.06855905,0.516270592,0.669056443
828,2.76000007,0.0108580529,0.0007008843,67.6715103,0.00016045235,0.00162067987,0.848298269,0.19933773,240,0.615855254,0.501538275,0.444246717
829,2.7633334,0.01118186,0.000721785958,67.3345458,0.000166064237,0.0018790096,0.847710173,0.195649746,240,0.547682947,0.462260981,0.716435139
830,2.76666673,0.0112676293,0.000727322347,66.8558368,0.00016853621,0.00189763304,0.847125146,0.19375448,240,0.797093697,0.410792914,1.04520019
831,2.77000007,0.012256854,0.000791176522,66.9859381,0.000182976522,0.00227773221,0.846539513,0.196233353,240,1.66139167,0.49479113,1.26105872
832,2.7733334,0.0114712839,0.000740468189,66.9396321,0.000171367596,0.00204470231,0.845956895,0.199458272,240,1.0806431,0.516389612,0.689937168
833,2.77666673,0.0112215656,0.000724348943,66.7100371,0.000168214051,0.00188824464,0.845376225,0.199019978,240,0.639066853,0.501623192,0.478692727
834,2.78000007,0.0114535349,0.000739322497,66.3112342,0.000172723898,0.00177995936,0.844799474,0.195315059,240,0.576473194,0.462416016,0.74083579
835,2.7833334,0.0104901186,0.000677134241,65.769444,0.000159498362,0.00194267495,0.844226847,0.192996892,240,0.819118908,0.410985454,1.06314839
836,2.78666673,0.0104238211,0.000672854759,65.8469301,0.000158303828,0.00195054954,0.843655105,0.1958853,240,1.67109647,0.495026826,1.27467619
837,2.79000007,0.0111956901,0.000722678691,65.7468579,0.000170284794,0.00211740653,0.843088215,0.199090152,240,1.09659459,0.516603495,0.716264532
838,2.7933334,0.0108421439,0.000699857382,65.4617945,0.000165625523,0.00193329799,0.842526451,0.198633418,240,0.667828544,0.50183025,0.518658105
839,2.79666673,0.0104411147,0.000673971054,65.0060098,0.000160617683,0.00169135217,0.841968625,0.194914564,240,0.610441539,0.462678883,0.769239944
840,2.80000007,0.0119320184,0.000770208473,64.4056453,0.000185263548,0.00198180455,0.841415088,0.192086445,240,0.844914944,0.411161463,1.08448242
841,2.8033334,0.0107376828,0.000693114442,64.4378684,0.000166636219,0.0020265591,0.840867087,0.195448373,240,1.68235126,0.495211984,1.29023936
842,2.80666673,0.0109829181,0.000708944316,64.2908624,0.000170831713,0.00230906147,0.840322777,0.198641288,240,1.1145948,0.516812805,0.744818284
843,2.81000007,0.0105760294,0.000682679763,63.9568546,0.000165361938,0.00188204569,0.839781719,0.198163145,240,0.698445126,0.502109899,0.559297006
844,2.8133334,0.0118699861,0.000766204306,63.4497393,0.000187076987,0.00215817965,0.839246383,0.194417036,240,0.64552747,0.462872368,0.798784927
845,2.81666673,0.010500088,0.000677777766,62.7961965,0.000167208981,0.00178760305,0.838718382,0.191153611,240,0.871747874,0.411443257,1.10657686
846,2.82000007,0.0108982315,0.000703477818,62.7915683,0.000173562021,0.001667993,0.838196875,0.194919769,240,1.69394461,0.495405281,1.30599768
847,2.8233334,0.0111190964,0.000717734589,62.6054914,0.000177605769,0.0017599161,0.837682174,0.19809322,240,1.13254298,0.517049734,0.772001121
848,2.82666674,0.010705579,0.000691042151,62.2295779,0.000172033611,0.00181876359,0.837175958,0.197596467,240,0.727857952,0.502327335,0.596804264
849,2.83000007,0.0116277556,0.000750568396,61.6778053,0.000188524146,0.00191643529,0.836675188,0.19382783,240,0.678617338,0.463108769,0.826359087
850,2.8333334,0.0102238926,0.000659949429,60.9771296,0.000167667659,0.00155971066,0.83618249,0.190522866,240,0.897697654,0.411647616,1.12747534
851,2.83666674,0.011332594,0.000731515797,60.9445988,0.000185949111,0.00207466825,0.835695211,0.194280067,240,1.70439786,0.495622609,1.31945503
852,2.84000007,0.0111405333,0.00071911833,60.7277038,0.000183450593,0.00165724745,0.835216648,0.197426442,240,1.14862845,0.517319299,0.795923771
853,2.8433334,0.0112068719,0.00072340047,60.3174778,0.000185798085,0.00224534019,0.834744311,0.196901736,240,0.753748911,0.502660997,0.628373717
854,2.84666674,0.0124647055,0.000804593283,59.7280889,0.000208690848,0.00216455996,0.834281385,0.193104918,240,0.707492323,0.463397071,0.850764762
855,2.85000007,0.0117998478,0.000761676899,58.9870204,0.000200041428,0.00199302611,0.833825967,0.18977533,240,0.920362111,0.411904534,1.14594841
856,2.8533334,0.0102830879,0.000663770469,58.9358221,0.000174479417,0.0017686884,0.833378897,0.193506979,240,1.71339476,0.495955542,1.33041437
857,2.85666674,0.0115396077,0.000744878473,58.6966177,0.00019659749,0.00183066931,0.83293946,0.196630541,240,1.16195683,0.517804818,0.81474351
858,2.86000007,0.011839305,0.000764223851,58.2599267,0.00020321524,0.00178125035,0.832509971,0.196081318,240,0.774003516,0.5032254,0.652534278
859,2.8633334,0.0109737844,0.000708354739,57.6400704,0.000190384647,0.00174840959,0.832087731,0.192256972,240,0.729266828,0.464148625,0.869106277
860,2.86666674,0.0107681455,0.000695080805,56.8651381,0.000189362866,0.00182306053,0.831673396,0.188873498,240,0.937653547,0.412600158,1.16020669
861,2.87000007,0.0110939431,0.00071611095,56.8044589,0.000195300569,0.00204789798,0.831268176,0.192599389,240,1.7189253,0.496620563,1.33786405
862,2.8733334,0.0117171877,0.000756341213,56.5514483,0.000207195183,0.0018724789,0.830872021,0.195691046,240,1.1702656,0.51838307,0.826674391
863,2.87666674,0.0121687122,0.000785486996,56.0959467,0.000216926765,0.00186519567,0.830484398,0.195109303,240,0.786974483,0.503818566,0.668388852
864,2.88000007,0.0108896105,0.000702921336,55.4526779,0.000196376639,0.00164552251,0.830103871,0.191252341,240,0.743759355,0.464595587,0.881943614
865,2.8833334,0.0110382343,0.000712514963,54.6504518,0.00020197883,0.00188214118,0.829733205,0.187806229,240,0.949433045,0.413070324,1.17009701
866,2.88666674,0.0103913126,0.000670756342,54.5892265,0.00019035464,0.00175788091,0.829373433,0.191547408,240,1.72162087,0.497014062,1.34122758
867,2.89000007,0.0110162892,0.00071109841,54.3307335,0.000202763491,0.00189520163,0.829023474,0.194613531,240,1.17420122,0.518917564,0.832219972
868,2.8933334,0.0108138664,0.000698032074,53.8640013,0.000200762404,0.00181203966,0.828682268,0.194003035,240,0.793355873,0.504375631,0.67573745
869,2.89666674,0.0107920654,0.000696624828,53.2040143,0.000202843067,0.00189534756,0.828349368,0.190115863,240,0.751109284,0.465324333,0.888164254
870,2.90000007,0.0111543858,0.000720012509,52.3807887,0.000212948031,0.00199439363,0.828023217,0.186586523,240,0.955548642,0.413775894,1.17532268
871,2.9033334,0.0107232559,0.000692183189,52.3276596,0.000204925195,0.0021061269,0.827705241,0.19034505,240,1.72139585,0.497815919,1.34024113
872,2.90666674,0.0114887016,0.000741592502,52.0713778,0.000220633717,0.00185086859,0.827396948,0.193378683,240,1.1737093,0.519838769,0.830710874
873,2.91000007,0.0112841194,0.000728386776,51.6004235,0.00021868269,0.00206915038,0.827097316,0.192735417,240,0.792540379,0.505360677,0.674610603
874,2.9133334,0.0114487003,0.000739010427,50.9303609,0.000224791266,0.00177305519,0.826805581,0.188815095,240,0.750674855,0.466263293,0.887877776
875,2.91666674,0.0108886655,0.000702860335,50.0920816,0.000217372989,0.00192488886,0.826523156,0.185216481,240,0.955615112,0.414773201,1.17584167
876,2.92000007,0.00997101116,0.000643626003,50.0552063,0.000199200281,0.00180988193,0.826249066,0.188985095,240,1.71777582,0.498744763,1.33548032
877,2.9233334,0.0118755461,0.000766563201,49.8086299,0.000238423463,0.00218549142,0.825983712,0.191992501,240,1.16831432,0.520806777,0.822668032
878,2.92666674,0.0111376102,0.00071892965,49.3402415,0.000225730761,0.00208433187,0.825725657,0.191320062,240,0.785060962,0.506370462,0.665733853
879,2.93000007,0.0108039423,0.000697391478,48.6662321,0.000222000797,0.00172971697,0.82547608,0.187368226,240,0.743563058,0.467281189,0.882084393
880,2.9333334,0.0102224075,0.000659853568,47.8186265,0.000213774595,0.00168199962,0.825235511,0.183690132,240,0.950558946,0.415754316,1.17169475
881,2.93666674,0.0119097877,0.000768773488,47.8055861,0.000249129623,0.00194385805,0.82500485,0.187486198,240,1.71156594,0.499662623,1.32674347
882,2.94000007,0.0110993375,0.000716459157,47.5757054,0.000233298433,0.00222266836,0.824781555,0.190465854,240,1.15906959,0.52191299,0.808877369
883,2.9433334,0.0107460406,0.00069365394,47.1163096,0.000228074752,0.00173217032,0.824567152,0.18976523,240,0.771637191,0.507635686,0.649441319
884,2.94666674,0.0109570694,0.000707275789,46.4442974,0.00023591851,0.00213150758,0.824359582,0.185788673,240,0.72993813,0.468608578,0.870492099
885,2.95000007,0.0115167319,0.000743401845,45.5931584,0.000252597808,0.00178629169,0.824157287,0.182023605,240,0.940236455,0.417009442,1.16404037
886,2.9533334,0.0110769056,0.00071501118,45.6112575,0.000242854641,0.00157193069,0.823962228,0.185867652,240,1.7032231,0.501016057,1.31507636
887,2.95666674,0.0109757114,0.000708479127,45.4048599,0.000241729882,0.00221143403,0.823773834,0.188831227,240,1.14625707,0.523339753,0.789743289
888,2.96000007,0.0106175519,0.000685360027,44.960665,0.000236152021,0.00172531824,0.823592858,0.188109985,240,0.752313995,0.509056619,0.625937301
889,2.96333341,0.0109955575,0.000709760188,44.2966039,0.000248225746,0.00189531108,0.823418595,0.184109662,240,0.710072616,0.470026021,0.853837197
890,2.96666674,0.0104943524,0.000677407538,43.447361,0.000241541769,0.00172344931,0.823250017,0.18024695,240,0.925363563,0.418388071,1.1517295
891,2.97000007,0.0109811053,0.000708827301,43.5034641,0.000252419102,0.00162614115,0.823089504,0.184150064,240,1.69266791,0.502349817,1.30041189
892,2.97333341,0.0104595603,0.000675161712,43.3267682,0.000241411042,0.00193516186,0.822933408,0.187098937,240,1.13047616,0.524770154,0.765306689
893,2.97666674,0.0111000936,0.000716507962,42.9037475,0.000258720841,0.0022026291,0.822783663,0.186361201,240,0.728393856,0.510603226,0.595977164
894,2.98000007,0.0109292065,0.000705477248,42.2532713,0.000258659417,0.00181298169,0.822640741,0.182344235,240,0.684847768,0.471587618,0.832748778
895,2.98333341,0.0117003566,0.000755254772,41.4117836,0.000282536892,0.00194919773,0.822502531,0.178387077,240,0.905789132,0.420054315,1.13631094
896,2.98666674,0.0110110648,0.000710761177,41.5122933,0.00026524829,0.00184828067,0.822367298,0.182354489,240,1.68176354,0.50405052,1.28549409
897,2.99000007,0.0108327631,0.00069925185,41.3714804,0.000261841321,0.00203263519,0.82223748,0.185287342,240,1.11296705,0.526617746,0.737385571
898,2.99333341,0.0112327569,0.000725071342,40.975354,0.00027413447,0.00187772544,0.822114903,0.184530899,240,0.700129452,0.512517885,0.559506436
899,2.99666674,0.00996266938,0.000643087543,40.3440356,0.000246942806,0.0014965223,0.821999561,0.18049466,240,0.654354819,0.473511753,0.807251303
900,3.00000007,0.0108443492,0.00069999973,39.5157104,0.000274431336,0.00183041214,0.821888615,0.176482209,240,0.882557992,0.421910749,1.11766481
901,3.00333341,0.0121523188,0.000784428807,39.6660906,0.000306365428,0.00195317955,0.821782522,0.180497857,240,1.67011938,0.505971775,1.26821991
902,3.00666674,0.0106606318,0.000688140823,39.5663714,0.000269436681,0.00178914546,0.821680782,0.183438052,240,1.09378456,0.528629392,0.70601491
903,3.01000007,0.0105730745,0.000682489022,39.2024569,0.000269704383,0.00174980316,0.821582267,0.182694188,240,0.668203977,0.514590753,0.517043811
904,3.01333341,0.0113577873,0.00073314202,38.5955408,0.000294277191,0.00193954929,0.82148599,0.178672281,240,0.619463444,0.475664101,0.778487453
905,3.01666674,0.0113142269,0.000730330209,37.7858521,0.000299430245,0.00209502061,0.821392303,0.174593936,240,0.856477187,0.423895433,1.09715219
906,3.02000007,0.0104512527,0.00067462546,37.9905978,0.000275101032,0.00182162241,0.821302435,0.178711604,240,1.65814673,0.508048326,1.25055814
907,3.02333341,0.0113568255,0.000733079932,37.9364725,0.000299364299,0.00171059191,0.821218088,0.181664307,240,1.0740579,0.530880766,0.671389932
908,3.02666674,0.0105246093,0.000679360611,37.6093381,0.000279840323,0.00175083905,0.821137844,0.180924401,240,0.634118029,0.516868541,0.468557321
909,3.03000007,0.0108419047,0.000699841936,37.0320135,0.000292771136,0.00189645178,0.821059396,0.176902795,240,0.581451958,0.477996881,0.746877851
910,3.03333341,0.0101293437,0.000653846327,36.2466135,0.000279456279,0.00182240014,0.82098491,0.17274962,240,0.828017854,0.426245487,1.07426524
911,3.03666674,0.0112888861,0.000728694462,36.5093375,0.000309205448,0.00177835702,0.820911463,0.176963702,240,1.64740765,0.510495967,1.23344438
912,3.04000007,0.0114608987,0.000739797828,36.5047088,0.000313956721,0.00186159145,0.820840521,0.179935507,240,1.05518691,0.533436268,0.637293998
913,3.04333341,0.0116874539,0.000754421904,36.2185756,0.000322692257,0.00176547254,0.820772056,0.179216249,240,0.598885627,0.519526756,0.415696696
914,3.04666674,0.0112458685,0.000725917693,35.6755933,0.000315225831,0.00192405271,0.82070398,0.175219826,240,0.540391299,0.480585204,0.714138423
915,3.05000007,0.010460698,0.000675235154,34.9196476,0.000299564822,0.00182458238,0.82063736,0.171014472,240,0.797991229,0.428645428,1.05078417
916,3.05333341,0.0112695569,0.000727446771,35.2426302,0.000319770597,0.0022412352,0.820573015,0.175348957,240,1.63869534,0.5129781,1.21844552
917,3.05666674,0.0105853317,0.000683280221,35.2901283,0.000299951635,0.00177381184,0.820509396,0.178359696,240,1.03867746,0.536101215,0.603909933
918,3.06000007,0.010954093,0.000707083661,35.0485544,0.000312540507,0.00183932413,0.820449959,0.177673047,240,0.565470603,0.522283493,0.35933835
919,3.06333341,0.0114725367,0.000740549056,34.5440945,0.00033211282,0.00191054621,0.820391377,0.173704596,240,0.499818347,0.483292029,0.681617141
920,3.06666674,0.0114864863,0.000741449499,33.8227934,0.000339607853,0.00178720255,0.820334195,0.16947128,240,0.768710879,0.431349698,1.0278344
921,3.07000007,0.011072347,0.000714716923,34.207035,0.000323686252,0.00180926005,0.820276386,0.173924677,240,1.63263894,0.515840449,1.20640031
922,3.07333341,0.0107856919,0.000696213422,34.3084926,0.000314373822,0.0022275517,0.820220944,0.176985249,240,1.0256052,0.539128004,0.574715928
923,3.07666674,0.0111649726,0.000720695881,34.1143177,0.000327281134,0.00196703243,0.820166159,0.17634975,240,0.536740546,0.52531795,0.302988002
924,3.08000007,0.011129878,0.000718430535,33.652536,0.00033072925,0.0020016038,0.820110837,0.172434222,240,0.463146325,0.486291023,0.652139939
925,3.08333341,0.0114423582,0.000738601048,32.9709799,0.000347043317,0.00197373251,0.820056165,0.168189177,240,0.742572246,0.43426462,1.00740427
926,3.08666674,0.0101965485,0.000658184378,33.4162997,0.000305136973,0.00187344674,0.820003481,0.172762199,240,1.62985991,0.519000178,1.1982052
927,3.09000007,0.0112943999,0.000729050378,33.5728424,0.000336414766,0.00168935028,0.819950729,0.175876112,240,1.017337,0.54237911,0.552610917
928,3.09333341,0.0111448149,0.000719394707,33.4287563,0.000333390054,0.00205266127,0.819896071,0.175286525,240,0.515440673,0.528595216,0.251231698
929,3.09666674,0.0112774432,0.000727955831,33.0133801,0.000341602199,0.00202393638,0.819840921,0.171416253,240,0.433032109,0.489608901,0.627754018
930,3.10000008,0.0107255855,0.000692333566,32.3765844,0.000331276003,0.00204228987,0.819785752,0.167194359,240,0.720735241,0.437401568,0.989903433
931,3.10333341,0.0107158612,0.000691705864,32.8818366,0.000325889983,0.00198290923,0.819732426,0.171857113,240,1.63098347,0.522252535,1.19517632
932,3.10666674,0.0109393636,0.000706132886,33.0938743,0.000330555544,0.00175633207,0.819678801,0.175031935,240,1.01510144,0.545771844,0.540216222
933,3.11000008,0.0114776431,0.000740878673,33.0017989,0.000347788406,0.00186755425,0.819625127,0.17450681,240,0.504599854,0.532036571,0.213793829
934,3.11333341,0.0108927398,0.000703123328,32.6367118,0.000333757267,0.00167352853,0.819569409,0.170706598,240,0.413356405,0.492950737,0.610709858
935,3.11666674,0.0107523501,0.000694061216,32.0500781,0.000335485926,0.00195111522,0.819513045,0.166532707,240,0.70499289,0.440641027,0.977172736
936,3.12000008,0.0111675624,0.000720863054,32.6138136,0.000342418172,0.00177401839,0.819456813,0.171304333,240,1.63720116,0.525755458,1.19857611
937,3.12333341,0.0111293945,0.000718399328,32.8815783,0.000338468988,0.00179148688,0.819318732,0.17456163,240,1.01992052,0.549233486,0.540022454
938,3.12666674,0.0116879772,0.000754455687,32.8436711,0.000355866956,0.00187354348,0.818688192,0.174112977,240,0.507011687,0.535577696,0.201730618
939,3.13000008,0.0111727978,0.000721200997,32.5327462,0.00034343236,0.00164126163,0.818052887,0.170383151,240,0.409093553,0.496425544,0.603685825
940,3.13333341,0.0115254713,0.000743965973,32.0014962,0.000360154138,0.00201008877,0.817429036,0.166250728,240,0.69829455,0.443913462,0.970226629
941,3.13666674,0.0114247514,0.000737464534,32.6214066,0.000350222527,0.00191162576,0.816810133,0.171132562,240,1.64767257,0.52935708,1.20706482
942,3.14000008,0.0109034764,0.000703816376,32.9445236,0.000330964762,0.00210214763,0.816184385,0.174463029,240,1.03155467,0.553045573,0.551587222
943,3.14333341,0.0114624267,0.000739896459,32.9625128,0.000347741287,0.00197302908,0.815552105,0.174085684,240,0.522549661,0.539271667,0.219949155
944,3.14666674,0.0109879681,0.000709270289,32.7092119,0.000335928854,0.00199631644,0.814919034,0.170427052,240,0.42066016,0.500022492,0.606344065
945,3.15000008,0.0106346613,0.000686464433,32.2384418,0.000329875163,0.00180239457,0.814302113,0.166388768,240,0.700577291,0.447335356,0.969757642
946,3.15333341,0.0103778389,0.000669886619,32.9117412,0.000315323301,0.00199539157,0.813685865,0.171335671,240,1.66219925,0.533116552,1.22103069
947,3.15666674,0.0119812741,0.000773387917,33.2895307,0.000359911175,0.00201287827,0.813064404,0.174741193,240,1.04925996,0.556900813,0.573595386
948,3.16000008,0.0110869476,0.000715659388,33.364618,0.000332296553,0.00181037381,0.812438174,0.174433797,240,0.549109543,0.543103259,0.261016347
949,3.16333341,0.0106691706,0.000688691999,33.1719456,0.000321632342,0.00178361706,0.811814418,0.170844675,240,0.445440847,0.503709285,0.61915865
950,3.16666674,0.0113532288,0.000732847767,32.7657918,0.000346496396,0.00186403237,0.811208923,0.166904208,240,0.710849937,0.450820096,0.975169316
951,3.17000008,0.0108948671,0.000703260649,33.4891049,0.000325325719,0.00213782201,0.810610133,0.171902332,240,1.68014534,0.536986702,1.23912183
952,3.17333341,0.0104812327,0.000676560663,33.9200387,0.000308998254,0.00189473561,0.810005539,0.175385985,240,1.07198525,0.560668113,0.604317223
953,3.17666674,0.010893508,0.000703172919,34.0526917,0.000319901525,0.00203322946,0.809394764,0.175149653,240,0.583488122,0.546840853,0.31295749
954,3.18000008,0.0110141723,0.000710961763,33.9225482,0.000324685876,0.00185809597,0.808786568,0.171630039,240,0.479639744,0.507403921,0.639461305
955,3.18333341,0.0103781809,0.000669908695,33.5839844,0.000309021727,0.00190466727,0.808197968,0.167778731,240,0.727944068,0.454383341,0.985907863
956,3.18666674,0.0106323306,0.00068631399,34.3529041,0.000309503109,0.00202959635,0.807614165,0.172828557,240,1.70014585,0.540906112,1.26014121
957,3.19000008,0.0110237542,0.000711580272,34.8343057,0.000316462578,0.00176154658,0.807029391,0.176375473,240,1.09767532,0.564601057,0.639151154
958,3.19333341,0.0115753026,0.000747182568,35.0235957,0.00033050012,0.00183263471,0.806443288,0.176203633,240,0.621928764,0.550596086,0.3688086
959,3.19666674,0.0112816995,0.000728230573,34.9563576,0.000322736701,0.00175545757,0.80586082,0.172746424,240,0.518199266,0.510957043,0.663895422
960,3.20000008,0.0108256342,0.000698791684,34.6862922,0.000312101223,0.0021482617,0.80530024,0.168999116,240,0.749317859,0.457728006,0.999588121
961,3.20333341,0.0104977536,0.000677627083,35.4955287,0.00029574862,0.00185277361,0.804748154,0.174065013,240,1.72136001,0.544671303,1.28237087
962,3.20666674,0.011682252,0.000754086122,36.0236344,0.000324294096,0.00184803487,0.804195662,0.1776638,240,1.12472278,0.568286725,0.67594705
963,3.21000008,0.0111150735,0.000717474911,36.2667685,0.000306480946,0.00207877628,0.803638142,0.177540818,240,0.661749347,0.554190716,0.421876874
964,3.21333341,0.0111634249,0.000720595981,36.2602815,0.00030786923,0.00186250903,0.803085332,0.17413563,240,0.558961052,0.514550748,0.692198494
965,3.21666674,0.0114857835,0.000741404139,36.0572933,0.000318542588,0.00197728651,0.802551734,0.170545528,240,0.773433451,0.461160093,1.01614053
966,3.22000008,0.0102298385,0.000660333233,36.9004616,0.000277227926,0.00178980249,0.802028372,0.175564236,240,1.74210516,0.54845874,1.30421109
967,3.22333341,0.0106193147,0.000685473814,37.4698417,0.000283409648,0.00180671356,0.801507669,0.179214187,240,1.15121565,0.571978689,0.710922234
968,3.22666674,0.0112387566,0.000725458616,37.7622974,0.000297618454,0.00172820243,0.800984641,0.179139581,240,0.699290815,0.557805136,0.470028892
969,3.23000008,0.0109135173,0.000704464514,37.8126222,0.000288621013,0.00183882808,0.800466123,0.175779008,240,0.596912705,0.517854987,0.719459044
970,3.23333341,0.0115021903,0.000742463193,37.6724459,0.000305321039,0.00211387724,0.799968404,0.172314786,240,0.797388485,0.464237327,1.0327007
971,3.23666675,0.0116489826,0.000751938591,38.5421594,0.000302240008,0.00174904693,0.799478915,0.177297226,240,1.76165024,0.551921403,1.32458161
972,3.24000008,0.0109782762,0.000708644679,39.146035,0.000280444141,0.0018864811,0.798993065,0.180983535,240,1.17578988,0.575405123,0.742432433
973,3.24333341,0.0104367271,0.000673687837,39.4815642,0.000264344316,0.00174205451,0.798505328,0.180941005,240,0.733275559,0.561205287,0.511424534
974,3.24666675,0.0118422873,0.00076441636,39.5824729,0.000299180078,0.00190141407,0.798023496,0.177612067,240,0.631125199,0.521181442,0.744588087
975,3.25000008,0.0112557889,0.000726558049,39.4989278,0.000284964416,0.00186861244,0.797564823,0.17422774,240,0.819692723,0.467409513,1.04871391
976,3.25333341,0.0105755844,0.000682651036,40.3870278,0.000261855971,0.0017794651,0.797119205,0.179173114,240,1.77858139,0.555423904,1.34212309
977,3.25666675,0.0111662162,0.000720776158,41.0175664,0.0002722301,0.00192479933,0.796678292,0.182874609,240,1.1966523,0.578840023,0.768642653
978,3.26000008,0.0115390828,0.000744844591,41.3883773,0.000278800077,0.00201005966,0.796237684,0.182843798,240,0.761339638,0.564361725,0.545178818
979,3.26333341,0.0111235702,0.000718023368,41.5320436,0.000267831034,0.0018304989,0.795802465,0.179524178,240,0.659302747,0.524133945,0.766244815
980,3.26666675,0.0111546172,0.000720027442,41.497046,0.000268805089,0.00209390315,0.795386871,0.176226794,240,0.838908596,0.470204183,1.06287663
981,3.27000008,0.0106704738,0.000688776121,42.3948846,0.000251692483,0.00169874078,0.794983609,0.181101693,240,1.79208078,0.558482606,1.35608615
982,3.27333341,0.0107500739,0.000693914284,43.0435356,0.000249748858,0.00173187524,0.794583605,0.184807669,240,1.21331654,0.581695864,0.789000623
983,3.27666675,0.0107795657,0.000695817974,43.4410233,0.000248142536,0.00214757372,0.794182611,0.184777357,240,0.783728424,0.567166288,0.57101464
984,3.28000008,0.0107783953,0.000695742427,43.6185542,0.000247105745,0.00165764549,0.793786968,0.181459619,240,0.681725537,0.526847885,0.783374981
985,3.28333341,0.0105870177,0.000683389056,43.6227791,0.00024269471,0.00185827893,0.793413313,0.178252431,240,0.854195122,0.472763477,1.0741946
986,3.28666675,0.0109292777,0.000705481842,44.5217328,0.000245481858,0.00178942677,0.793053606,0.183032859,240,1.80265879,0.561372783,1.3659259
987,3.29000008,0.0114638205,0.000739986434,45.1797009,0.000253738301,0.00196033002,0.792695295,0.186728904,240,1.22575702,0.584394665,0.803507152
988,3.29333341,0.0110641512,0.000714187889,45.5945445,0.000242663927,0.00184910842,0.792337953,0.18669121,240,0.799321979,0.569700381,0.588502223
989,3.29666675,0.0110469614,0.000713078293,45.796361,0.000241219197,0.00167913757,0.791986277,0.183363191,240,0.696970387,0.52924531,0.795441675
990,3.30000008,0.0107845209,0.000696137833,45.829662,0.000235317488,0.00201608249,0.791657935,0.180228222,240,0.864939284,0.475093292,1.08269013
991,3.30333341,0.0117047602,0.000755539019,46.7214112,0.000250522402,0.00180071164,0.79134195,0.184911963,240,1.8093623,0.563925577,1.37137314
992,3.30666675,0.010843523,0.000699946397,47.3798098,0.000228863793,0.0021445684,0.791026809,0.188592648,240,1.23318003,0.586862684,0.811436416
993,3.31000008,0.0111009625,0.000716564048,47.8029167,0.000232223539,0.00190202557,0.790710964,0.188535367,240,0.808318394,0.572055617,0.59821157
994,3.31333341,0.0112793167,0.000728076762,48.0192212,0.000234891704,0.00184553206,0.790402232,0.185191132,240,0.705641917,0.531406127,0.802549414
995,3.31666675,0.0112569943,0.000726635861,48.0713706,0.000234172527,0.0017511206,0.7901155,0.182108064,240,0.87095328,0.47710092,1.08766342
996,3.32000008,0.0108197411,0.000698411286,48.9478755,0.000221046184,0.00182930441,0.789841554,0.186699517,240,1.81228554,0.566142592,1.37367728
997,3.32333341,0.0120800318,0.0007797627,49.5982801,0.000243557474,0.00188201802,0.789567061,0.190355463,240,1.23590709,0.588832681,0.813291226
998,3.32666675,0.0112909237,0.00072882599,50.0204535,0.000225726136,0.00212059566,0.789289377,0.19027386,240,0.811234357,0.573832563,0.600549122
999,3.33000008,0.0113459062,0.000732375096,50.2416895,0.000225826526,0.00174155216,0.789017101,0.186901389,240,0.708462528,0.533027596,0.804746208
1000,3.33333341,0.0115997812,0.000748762655,50.3027635,0.000230599283,0.00215116149,0.788764846,0.183833712,240,0.873080583,0.478710462,1.08943865
1001,3.33666675,0.0116811667,0.00075401607,51.1566175,0.000228341265,0.00182031943,0.788526138,0.188345377,240,1.81225112,0.567968364,1.37107044
1002,3.34000008,0.0107314243,0.000692710462,51.7909073,0.000207206726,0.00182737329,0.788289646,0.191961506,240,1.23481443,0.590581006,0.809594065
1003,3.34333341,0.0113806701,0.000734619097,52.2036768,0.000218005145,0.00190630086,0.788052953,0.191838911,240,0.808629395,0.575549793,0.596261258
1004,3.34666675,0.0116121006,0.000749557873,52.4207974,0.000221517055,0.00183024719,0.787820263,0.188432381,240,0.705028067,0.534644854,0.801961572
1005,3.35000008,0.0114654347,0.000740090627,52.4813326,0.000218466913,0.00198606003,0.787608417,0.185373217,240,0.870308255,0.480164286,1.08837657
1006,3.35333341,0.0121092616,0.000781649472,52.4234044,0.000230989607,0.00201223377,0.787441308,0.180796699,240,1.09685862,0.420840502,1.33080244
1007,3.35666675,0.0112492322,0.000726134814,52.2794118,0.000215175186,0.00189010432,0.787347476,0.180279021,240,1.30431271,0.362642334,1.5190906
1008,3.36000008,0.0117415612,0.000757914515,52.0758986,0.00022547016,0.00205473355,0.787357732,0.179326776,240,1.47843773,0.309899004,1.66220982
1009,3.36333341,0.0113816632,0.000734683198,51.8344995,0.000219576986,0.00229571651,0.787499176,0.177908574,240,1.61928262,0.26572378,1.76908485
1010,3.36666675,0.0102457822,0.000661362394,51.5724904,0.000198667585,0.00174621592,0.787795565,0.175613437,240,1.728451,0.232043873,1.84519864
1011,3.37000008,0.0104173199,0.000672435111,51.3029078,0.000203055156,0.00181791133,0.788262067,0.175379503,240,1.80746183,0.209110891,1.89375176
1012,3.37333342,0.0113822625,0.000734721884,51.0350075,0.000223028525,0.00177440651,0.788398427,0.175264061,240,1.85830966,0.195995134,1.91783007
1013,3.37666675,0.0106261716,0.000685916424,50.7742202,0.000209282811,0.00184708754,0.788366849,0.17476601,240,1.88404348,0.191013598,1.92046672
1014,3.38000008,0.0107691238,0.000695143953,50.5226864,0.00021315422,0.00206381692,0.788402048,0.173804336,240,1.88885157,0.191762777,1.90582421
1015,3.38333342,0.0108041171,0.000697402763,50.2800104,0.000214878976,0.00192733662,0.788517558,0.172298128,240,1.87750542,0.196184791,1.87919215
1016,3.38666675,0.0111342497,0.00071871273,50.0441122,0.000222488705,0.00186289127,0.788728472,0.171608372,240,1.85479862,0.202344586,1.84482569
1017,3.39000008,0.0111104646,0.000717177404,49.8120358,0.000223047791,0.00211685739,0.789045965,0.171640757,240,1.82514293,0.208571235,1.80725736
1018,3.39333342,0.0105642221,0.000681917604,49.5805191,0.000213072035,0.00177010093,0.789147168,0.171389235,240,1.79228846,0.213792677,1.76967603
1019,3.39666675,0.0114177631,0.000737013437,49.3466756,0.000231378567,0.00203271882,0.789118169,0.170805473,240,1.75912716,0.217323263,1.73485514
1020,3.40000008,0.0112353051,0.000725235829,49.1081913,0.000228786784,0.00181708271,0.78914463,0.169839581,240,1.72755771,0.218711383,1.70405681
1021,3.40333342,0.0114961313,0.000742072086,48.8633141,0.000235271216,0.00183389021,0.789235511,0.168440926,240,1.69848055,0.217927578,1.67712217
1022,3.40666675,0.0113955023,0.000735576509,48.6106919,0.000234423782,0.00199506784,0.789400168,0.168045526,240,1.67198897,0.215170122,1.65344816
1023,3.41000008,0.0113270113,0.000731155433,48.3495398,0.000234273404,0.00190810767,0.789496101,0.167980113,240,1.64768347,0.210873372,1.63220326
1024,3.41333342,0.0109622974,0.000707613254,48.0790889,0.000228005514,0.00188902455,0.789421982,0.167660123,240,1.62507707,0.205572619,1.61230053
1025,3.41666675,0.0113859245,0.000734958264,47.7987805,0.000238205334,0.00173726387,0.789385719,0.167050638,240,1.60390358,0.199807836,1.59329071
1026,3.42000008,0.0115450573,0.000745230242,47.5080713,0.000243012544,0.00213157214,0.789392855,0.166122929,240,1.58421943,0.194082451,1.57501112
1027,3.42333342,0.011242826,0.0007257213,47.2063328,0.000238163512,0.00191363345,0.78945065,0.164842644,240,1.56626025,0.188848543,1.5579193
1028,3.42666675,0.0118815756,0.000766952406,46.8930172,0.000253376223,0.00183874078,0.789562633,0.16392987,240,1.55028223,0.184401592,1.54266723
1029,3.43000008,0.0114752308,0.000740722961,46.5678307,0.000246419698,0.00186864894,0.789548441,0.163831689,240,1.53640211,0.180700925,1.52876171
1030,3.43333342,0.0119701239,0.000772668176,46.2306037,0.000258922076,0.00197212509,0.789460589,0.163514824,240,1.5244658,0.177695119,1.51714507
1031,3.43666675,0.0117142578,0.000756152089,45.8812705,0.00025531677,0.00195850569,0.789405626,0.162953489,240,1.51407282,0.175176407,1.50671448
1032,3.44000008,0.0112602979,0.000726849107,45.5200432,0.000247370107,0.00164628958,0.789385839,0.16212727,240,1.50465071,0.172971258,1.49760011
1033,3.44333342,0.0113924348,0.000735378507,45.1470334,0.000252340718,0.00209771577,0.78940615,0.161009907,240,1.49560986,0.170827508,1.48841309
1034,3.44666675,0.0118767683,0.000766642099,44.7622235,0.000265330169,0.00209522089,0.789392917,0.159574707,240,1.48643438,0.168578865,1.47928136
1035,3.45000008,0.011627465,0.000750549639,44.3656839,0.000262082402,0.00204588548,0.789247054,0.158608033,240,1.47676358,0.166139019,1.4697836
1036,3.45333342,0.0105331268,0.000679910409,43.9574134,0.000239621169,0.00183299189,0.789126121,0.158277122,240,1.46643773,0.163569822,1.45955349
1037,3.45666675,0.0114300958,0.00073780951,43.5368462,0.000262538442,0.00194001965,0.789030831,0.157732002,240,1.4554938,0.160976859,1.44866235
1038,3.46000008,0.0103209444,0.000666214097,43.1037009,0.000239444507,0.00163935327,0.788963523,0.156957999,240,1.44415204,0.158453671,1.43702543
1039,3.46333342,0.0115285709,0.000744166048,42.6572061,0.000270260805,0.0018241192,0.78889824,0.155931158,240,1.432737,0.15614106,1.42555082
1040,3.46666675,0.0111060956,0.000716895386,42.1967931,0.000263197621,0.00190447673,0.788696843,0.154631345,240,1.42163374,0.154166966,1.41432449
1041,3.47000008,0.0111676821,0.000720870781,41.7217593,0.000267670451,0.00199939309,0.788511068,0.153040258,240,1.41120027,0.15256623,1.40387711
1042,3.47333342,0.0108390359,0.000699656757,41.231635,0.000262881544,0.0017966536,0.788344598,0.151278165,240,1.40175533,0.151239118,1.39466045
1043,3.47666675,0.0111829335,0.000721855255,40.7258712,0.000274590406,0.00187542559,0.788199169,0.150710222,240,1.39348922,0.150131312,1.38693546
1044,3.48000008,0.011787671,0.000760890894,40.2043242,0.00029319411,0.00194742059,0.787958915,0.14993131,240,1.38649416,0.149092769,1.38033982
1045,3.48333342,0.012192825,0.000787043472,39.666622,0.00030738249,0.00181565509,0.78768774,0.148928573,240,1.38074343,0.148066299,1.37532473
1046,3.48666675,0.0113815134,0.000734673533,39.1127961,0.000290992068,0.00202265462,0.787205676,0.147688895,240,1.3761347,0.146824103,1.37160114
1047,3.49000008,0.0105945321,0.000683874106,38.5429507,0.000274875999,0.00160577037,0.786612841,0.146189739,240,1.37246776,0.145436221,1.36891013
1048,3.49333342,0.0120900938,0.000780412196,37.9572837,0.000318518413,0.00216656318,0.786020257,0.144411921,240,1.36951215,0.143890549,1.36665869
1049,3.49666675,0.0111354784,0.000718792038,37.3559614,0.000298091066,0.0017080726,0.785425861,0.142346672,240,1.36706583,0.142093176,1.36489866
1050,3.50000008,0.0102511418,0.000661708356,36.7391251,0.000279025201,0.00210733268,0.78483192,0.140082503,240,1.36492907,0.140234147,1.3634382
1051,3.50333342,0.0113427316,0.000732170176,36.1071159,0.000314141169,0.00210086039,0.784240534,0.139027766,240,1.36298536,0.138347806,1.36180691
1052,3.50666675,0.011333922,0.000731601519,35.4599992,0.000319625558,0.0017903389,0.783653254,0.137755034,240,1.3611577,0.13654572,1.36061325
1053,3.51000008,0.0113850932,0.000734904603,34.7979568,0.000327177058,0.00192295198,0.783068778,0.13624802,240,1.35944807,0.134896723,1.35922225
1054,3.51333342,0.0114592872,0.000739693807,34.1209401,0.000335843243,0.00244073677,0.782486842,0.134497047,240,1.35793667,0.133331038,1.3579523
1055,3.51666675,0.0109209594,0.000704944899,33.4290681,0.000326690513,0.00204586537,0.781907867,0.132482673,240,1.35672952,0.131972365,1.35716126
1056,3.52000009,0.0117602134,0.000759118512,32.7224388,0.000359392938,0.00193052192,0.781329496,0.13019809,240,1.35596138,0.130723767,1.35655552
1057,3.52333342,0.00997730094,0.000644032006,32.0009147,0.000311781742,0.00164652834,0.780753354,0.127630671,240,1.35577234,0.129582052,1.35678137
1058,3.52666675,0.0110599411,0.000713916128,31.2652393,0.000353745608,0.00163874382,0.780182055,0.124768861,240,1.35626537,0.128540474,1.35783267
1059,3.53000009,0.0110391023,0.000712570992,30.5155093,0.000361753829,0.00193105724,0.77961612,0.122541297,240,1.35750468,0.127485653,1.3594979
1060,3.53333342,0.0104538712,0.000674794483,29.7524088,0.000351362179,0.00188998358,0.779054777,0.120737043,240,1.35949405,0.12644601,1.3622034
1061,3.53666675,0.0109793233,0.00070871227,28.9763492,0.000378906369,0.00183535386,0.77849745,0.118700078,240,1.36221527,0.125347167,1.36542325
1062,3.54000009,0.0112894571,0.000728731323,28.1882772,0.000400501849,0.00187990752,0.77794336,0.116419166,240,1.36558643,0.124171932,1.36956012
1063,3.54333342,0.0108716018,0.000701758881,27.3890824,0.000396931949,0.002093944,0.777393774,0.113882061,240,1.36951315,0.122889882,1.37421816
1064,3.54666675,0.0113335439,0.000731577116,26.5800949,0.000426392155,0.00162683043,0.776852651,0.111082013,240,1.37389865,0.121439107,1.37910472
1065,3.55000009,0.0111839611,0.000721921584,25.7627651,0.000434113381,0.00185722378,0.77631761,0.108007679,240,1.37862444,0.11998946,1.38449585
1066,3.55333342,0.0110551516,0.000713606965,24.9385563,0.000443295572,0.00211146742,0.775790554,0.104649134,240,1.38359657,0.118474663,1.38989506
1067,3.55666675,0.0108535309,0.000700592408,24.1093576,0.000450179184,0.00173698864,0.775270335,0.101004677,240,1.38873375,0.116959012,1.39554024
1068,3.56000009,0.011062621,0.000714089114,23.276987,0.000475260007,0.00173431188,0.774759833,0.0984409949,240,1.3939857,0.11544394,1.4011109
1069,3.56333342,0.0109084474,0.00070413725,22.4439802,0.000486029985,0.00206413146,0.774258653,0.0959077448,240,1.39932896,0.113904013,1.40676377
1070,3.56666675,0.0110022665,0.000710193247,21.6128146,0.000509062177,0.00209295427,0.773766828,0.0931359762,240,1.40475507,0.112408373,1.41224411
1071,3.57000009,0.010688292,0.000689926285,20.7868305,0.000514185751,0.00204927519,0.773289377,0.0901271192,240,1.41026506,0.110967842,1.41798595
1072,3.57333342,0.0112470003,0.000725990748,19.9693857,0.000563212132,0.00185673471,0.772827495,0.0868717857,240,1.41585593,0.109594573,1.4238042
1073,3.57666675,0.0113771433,0.000734391441,19.1645994,0.000593654114,0.001901844,0.772375889,0.0833541614,240,1.4215341,0.108228707,1.42965989
1074,3.58000009,0.0113002674,0.000729429125,18.3775133,0.000614896436,0.00189496953,0.771939631,0.079578418,240,1.42729296,0.106878574,1.43553642
1075,3.58333342,0.0116489159,0.000751934285,17.6137508,0.000661353507,0.00169828259,0.771522779,0.0755404152,240,1.43310839,0.105521067,1.44143254
1076,3.58666675,0.0116192942,0.000750022218,16.8797477,0.000688357103,0.00195824968,0.771124297,0.0715309336,240,1.43894782,0.104139279,1.44733317
1077,3.59000009,0.0116924459,0.000754744138,16.1828617,0.000722520287,0.00181121781,0.770737831,0.06862774,240,1.44475415,0.102768967,1.45313248
1078,3.59333342,0.0109687717,0.000708031167,15.5324356,0.000706184915,0.0019852175,0.770372876,0.0655039899,240,1.45045865,0.101393021,1.45894216
1079,3.59666675,0.0114029309,0.000736056027,14.9375911,0.000763371472,0.00185676177,0.770034298,0.0621571165,240,1.45599227,0.0999318948,1.46433076
1080,3.60000009,0.0110246944,0.000711640965,14.4095355,0.000765097141,0.00198261002,0.769721988,0.058582984,240,1.46128763,0.0983570973,1.46938416
1081,3.60333342,0.0104175769,0.000672451699,13.9592341,0.000746285708,0.00183817717,0.769436147,0.0547722896,240,1.46626102,0.0967811267,1.4742333
1082,3.60666675,0.0115131312,0.00074316942,13.5977798,0.000846691984,0.00211987032,0.769176779,0.0508898022,240,1.47083631,0.0951993364,1.47835005
1083,3.61000009,0.0110855927,0.000715571935,13.3358768,0.000831260882,0.00166667292,0.768947969,0.0519983806,240,1.47494266,0.0935869097,1.48218435
1084,3.61333342,0.0116915583,0.00075468684,13.1821417,0.000886924031,0.00194618291,0.768751985,0.0554833608,240,1.47851733,0.091959186,1.48505262
1085,3.61666675,0.0114458171,0.000738824319,13.1436706,0.000870823494,0.00199622358,0.76858967,0.0585990565,240,1.48149407,0.090354658,1.4874941
1086,3.62000009,0.0117396468,0.000757790941,13.2236169,0.000887778804,0.00209980879,0.768462711,0.0613541932,240,1.48382175,0.0887882545,1.48891696
1087,3.62333342,0.0117649035,0.000759421255,13.4219158,0.000876544281,0.00199191337,0.768371307,0.0637644744,240,1.48545291,0.0872370309,1.4897389
1088,3.62666675,0.0111773466,0.00072149462,13.7347658,0.00081379958,0.00192294486,0.768317061,0.0658382318,240,1.48633134,0.0857844209,1.4896346
1089,3.63000009,0.01130613,0.000729807556,14.1560049,0.000798680851,0.00180128162,0.768301421,0.0676021316,240,1.48641021,0.0844239026,1.48877265
1090,3.63333342,0.0110297811,0.000711969308,14.6766814,0.000751517378,0.00174173236,0.768327575,0.0690865012,240,1.48564389,0.0831146756,1.48679967
1091,3.63666675,0.0107465562,0.000693687217,15.2870492,0.000702984338,0.0017345555,0.768395441,0.0715041197,240,1.48396859,0.0819679956,1.48432205
1092,3.64000009,0.0115524355,0.000745706504,15.9765723,0.000723085984,0.00181809582,0.768507512,0.0753643197,240,1.48133869,0.0808210584,1.4804837
1093,3.64333342,0.0116710425,0.000753362555,16.7350849,0.00069739966,0.00201437243,0.768665218,0.0788768048,240,1.47769272,0.0798041022,1.47539352
1094,3.64666675,0.011681479,0.000754036224,17.5526303,0.000665511592,0.00178632153,0.768869061,0.0820468263,240,1.47296297,0.0788497686,1.46936361
1095,3.65000009,0.0111933913,0.0007225303,18.4201439,0.000607671218,0.00172355824,0.76912033,0.0848917351,240,1.4670856,0.0779575195,1.46228493
1096,3.65333342,0.0107587237,0.00069447263,19.3295035,0.000556595969,0.00184429482,0.769419167,0.0874246453,240,1.45999123,0.0771617204,1.45363301
1097,3.65666676,0.0108049095,0.000697453907,20.2730588,0.00053296888,0.00181547367,0.769761621,0.0896583734,240,1.45160452,0.0764676524,1.44367003
1098,3.66000009,0.0108135362,0.000698010763,21.2440903,0.000509013853,0.00189877409,0.770150794,0.0916183136,240,1.44184999,0.0758270974,1.43242018
1099,3.66333342,0.01133587,0.000731727261,22.2366699,0.000509782716,0.00198125582,0.770585398,0.0949663366,240,1.43064999,0.075345553,1.41949667
1100,3.66666676,0.0113645587,0.000733579111,23.2452828,0.000488897416,0.00204836796,0.771063929,0.0990284347,240,1.41792727,0.0749922209,1.40511073
1101,3.67000009,0.0113557979,0.000733013602,24.2648758,0.000467993243,0.0017103884,0.771584677,0.102762935,240,1.40361165,0.0747708067,1.38893861
1102,3.67333342,0.011206687,0.000723388538,25.2910323,0.000443109118,0.0020818986,0.772148119,0.106170815,240,1.38762539,0.0747757294,1.37119465
1103,3.67666676,0.0111724274,0.00072117709,26.3196109,0.000424490601,0.00201273951,0.772752853,0.10926254,240,1.36990183,0.0749863596,1.35146031
1104,3.68000009,0.0113557923,0.000733013242,27.3467038,0.000415252691,0.00186812312,0.773394845,0.112048123,240,1.35037771,0.0753569769,1.33022781
1105,3.68333342,0.0117842622,0.000760670857,28.3688766,0.00041539404,0.00187137221,0.774072773,0.114541323,240,1.32899868,0.0758767656,1.30679512
1106,3.68666676,0.0113262807,0.000731108275,29.3825248,0.000385476767,0.00179488614,0.774784983,0.116760822,240,1.30571522,0.0765956555,1.28145722
1107,3.69000009,0.0109451935,0.000706509204,30.3845118,0.000360222786,0.0019500365,0.775528871,0.119287872,240,1.28048913,0.0774995339,1.25415823
1108,3.69333342,0.0111010376,0.000716568893,31.3717903,0.000353854129,0.00195133684,0.776301261,0.123235251,240,1.25329098,0.0785499286,1.22481063
1109,3.69666676,0.0115519168,0.000745673022,32.3413706,0.000357186989,0.00193388375,0.777098068,0.126858321,240,1.22408936,0.0798456294,1.19387213
1110,3.70000009,0.0113015981,0.000729515022,33.2907378,0.000339481756,0.00181927718,0.777920487,0.13015936,240,1.19288424,0.0811932652,1.1603014
1111,3.70333342,0.01145656,0.000739517766,34.2168783,0.000334821893,0.00202313389,0.778763085,0.13313748,240,1.15968914,0.0827182426,1.12496846
1112,3.70666676,0.0108459759,0.000700104731,35.1174262,0.000308848827,0.00202036263,0.779622105,0.135805318,240,1.12451928,0.0843788408,1.08783502
1113,3.71000009,0.011239063,0.000725478399,35.9900631,0.000312282393,0.00225346711,0.780494709,0.138167145,240,1.0874223,0.0861624496,1.04878554
1114,3.71333342,0.0119922687,0.000774097617,36.8323422,0.000325590717,0.00194713115,0.781379617,0.140237802,240,1.04848517,0.0879559821,1.00772928
1115,3.71666676,0.0107426512,0.000693435154,37.6420377,0.000285389736,0.00216647982,0.782273039,0.142029848,240,1.00782049,0.0898074986,0.965384994
1116,3.72000009,0.011329285,0.000731302205,38.4171589,0.000294901689,0.00200853527,0.783169132,0.143558912,240,0.965580953,0.0916503641,0.921457588
1117,3.72333342,0.0115024527,0.000742480129,39.155743,0.000293761574,0.0019175244,0.784064402,0.144841186,240,0.921944679,0.0935081869,0.876204818
1118,3.72666676,0.011099656,0.000716479715,39.8559876,0.000278494065,0.00181551562,0.784956995,0.147328182,240,0.877148122,0.0952885646,0.830289039
1119,3.73000009,0.0111665487,0.000720797622,40.5163946,0.000275605686,0.0017485931,0.78584459,0.149552489,240,0.831485565,0.0970736357,0.783447766
1120,3.73333342,0.0108026868,0.000697310437,41.135395,0.000262612936,0.00185126186,0.786725274,0.151424658,240,0.785333603,0.0987411486,0.736632061
1121,3.73666676,0.0115320423,0.000744390127,41.7118571,0.000276469164,0.00194257279,0.787598001,0.152955394,240,0.739138315,0.100264159,0.690317605
1122,3.74000009,0.0112510822,0.000726254234,42.2445934,0.000266331885,0.00206073391,0.788461937,0.154145435,240,0.693461515,0.101660715,0.645056899
1123,3.74333342,0.0101652607,0.000656164754,42.7328442,0.000237879337,0.00159345527,0.789313281,0.155010878,240,0.648969711,0.102876548,0.601523956
1124,3.74666676,0.0116226975,0.000750241899,43.1758864,0.000269194185,0.00211275979,0.790150526,0.155558073,240,0.606475293,0.103902537,0.560863056
1125,3.75000009,0.0121089771,0.000781631109,43.5733363,0.000277898781,0.0021002203,0.790971964,0.155799902,240,0.566972354,0.104672753,0.524607906
1126,3.75333342,0.0109197039,0.000704863859,43.9250246,0.000248598699,0.00170328453,0.791778407,0.155748796,240,0.531570929,0.105196447,0.493481286
1127,3.75666676,0.01142274,0.000737334698,44.2311047,0.000258251294,0.00192468742,0.792567323,0.155420394,240,0.501520508,0.105447206,0.469046739
1128,3.76000009,0.0112297538,0.000724877488,44.4919405,0.000252399729,0.0019001424,0.793340164,0.154825277,240,0.47812457,0.105347137,0.45265392
1129,3.76333342,0.011201621,0.000723061529,44.7078962,0.000250551289,0.00175231183,0.794096737,0.153982204,240,0.462497997,0.104982839,0.44514018
1130,3.76666676,0.0110950279,0.000716180973,44.8798455,0.000247216268,0.00204591169,0.793883216,0.152909271,240,0.455391879,0.104350825,0.446586001
1131,3.77000009,0.0125644494,0.000811031723,45.0087483,0.000279155718,0.00192678445,0.793677759,0.151615226,240,0.457000393,0.103376271,0.45697747
1132,3.77333342,0.0111969293,0.000722758681,45.0958804,0.000248291623,0.00160324635,0.793497852,0.150120214,240,0.466916454,0.102159883,0.474428598
1133,3.77666676,0.0110216852,0.000711446718,45.1425714,0.000244152799,0.0017791037,0.793347164,0.148436255,240,0.484136684,0.100649434,0.498723329
1134,3.78000009,0.0121162476,0.00078210042,45.1505665,0.000268352062,0.00210122143,0.793223956,0.14657858,240,0.507348927,0.0988782807,0.527373247
1135,3.78333342,0.011123383,0.000718011286,45.1214921,0.000246520726,0.00171682057,0.793127281,0.144558285,240,0.535119536,0.0968532266,0.559338452
1136,3.78666676,0.0118287153,0.000763540289,45.0570562,0.000262527477,0.00197259475,0.793056469,0.143734349,240,0.566074028,0.0946456301,0.592966125
1137,3.79000009,0.0111707459,0.000721068545,44.9593927,0.000248463006,0.00180639372,0.793014036,0.142881199,240,0.599011922,0.0921720979,0.627886564
1138,3.79333343,0.0110045295,0.000710339325,44.8304546,0.000245469951,0.00194979489,0.793001488,0.142317688,240,0.632823986,0.0896983895,0.662829936
1139,3.79666676,0.0117279831,0.000757038056,44.6723045,0.00026253365,0.00194985761,0.793017103,0.142530072,240,0.666670718,0.0870771311,0.696917661
1140,3.80000009,0.0113830786,0.000734774567,44.4870701,0.000255873866,0.00177670585,0.793057751,0.142622141,240,0.699843876,0.0844094608,0.729589594
1141,3.80333343,0.0117775478,0.000760237444,44.2768183,0.000265998062,0.00195069438,0.793124526,0.142584986,240,0.731775198,0.0818014053,0.760481507
1142,3.80666676,0.0113045359,0.000729704656,44.0436569,0.000256666606,0.00199410644,0.793097564,0.142409643,240,0.762000993,0.0793414093,0.789334407
1143,3.81000009,0.0113551893,0.000732974315,43.7892258,0.000259314684,0.00215764458,0.793038019,0.142089323,240,0.790195654,0.0768788372,0.815968653
1144,3.81333343,0.011792732,0.000761217574,43.5153425,0.000271001704,0.00189998022,0.792994825,0.141617292,240,0.81608784,0.0746756363,0.83987933
1145,3.81666676,0.0109910605,0.000709469902,43.223791,0.000254282658,0.00180911948,0.792971163,0.140988793,240,0.839482357,0.0727791508,0.861217449
1146,3.82000009,0.0117149507,0.000756196819,42.9159322,0.000272974398,0.00202074371,0.792938878,0.140196865,240,0.860266368,0.0711875127,0.87974949
1147,3.82333343,0.0109425752,0.000706340191,42.5932844,0.000256908462,0.00190363213,0.792791392,0.139780064,240,0.878403091,0.0699477799,0.895413327
1148,3.82666676,0.011478666,0.000740944705,42.2568491,0.000271640367,0.00176731263,0.792659974,0.139365011,240,0.893901661,0.0690261928,0.908941824
1149,3.83000009,0.011031462,0.00071207781,41.9071665,0.000263235692,0.00184051065,0.792545046,0.138828687,240,0.906807734,0.0684795687,0.919374146
1150,3.83333343,0.0112912059,0.000728844208,41.5455438,0.000271778989,0.00181980112,0.792452572,0.13817237,240,0.917238601,0.0682970871,0.927614353
1151,3.83666676,0.0108801089,0.000702308012,41.1722941,0.00026425802,0.00176426873,0.792378863,0.137394001,240,0.925343039,0.068475797,0.933828646
1152,3.84000009,0.0111062769,0.000716907091,40.7877389,0.000272294498,0.0018196468,0.792326928,0.136488887,240,0.931307328,0.0689624783,0.937742928
1153,3.84333343,0.0117632135,0.000759312167,40.3922578,0.000291224461,0.00227674185,0.792166466,0.135457519,240,0.93536694,0.0695993557,0.940320693
1154,3.84666676,0.0112397854,0.000725525026,39.9855237,0.000281096365,0.00200237014,0.792010739,0.134300404,240,0.937758744,0.0704971787,0.941261455
1155,3.85000009,0.0117286261,0.000757079559,39.5677613,0.000296418743,0.00184187098,0.791870946,0.13328868,240,0.938756286,0.0714925353,0.940890304
1156,3.85333343,0.0116832857,0.000754152851,39.1386114,0.000298510481,0.00201424222,0.791746391,0.132778634,240,0.938640834,0.0725567052,0.940001897
1157,3.85666676,0.0107702366,0.000695215786,38.6978192,0.000278316372,0.00195725268,0.791636052,0.132141239,240,0.93769807,0.0735914248,0.938315655
1158,3.86000009,0.010594351,0.000683862415,38.2450643,0.000277012241,0.00162930598,0.791482442,0.131370717,240,0.936215057,0.0745708011,0.936345319
1159,3.86333343,0.0116196602,0.000750045838,37.7798708,0.000307562199,0.00180231715,0.791259676,0.130465369,240,0.934457992,0.0754869496,0.934416139
1160,3.86666676,0.0104154272,0.000672312935,37.3017442,0.000279220917,0.00189781257,0.791049129,0.129421433,240,0.932677256,0.0762542817,0.932761612
1161,3.87000009,0.0121841708,0.000786484843,36.8102589,0.000330999324,0.0019361654,0.790851136,0.128231704,240,0.931101257,0.0769030535,0.931441318
1162,3.87333343,0.0110755332,0.000714922592,36.3049908,0.000305069163,0.00208425838,0.790583088,0.126898956,240,0.92992911,0.0774106101,0.930633282
1163,3.87666676,0.0111483167,0.000719620746,35.7855403,0.000311531322,0.00200673011,0.790282733,0.125412579,240,0.929335575,0.0776914902,0.93047309
1164,3.88000009,0.0110960401,0.00071624631,35.2515885,0.000314767095,0.00178122816,0.789804049,0.123778041,240,0.929440994,0.077827454,0.931504675
1165,3.88333343,0.010502136,0.000677909966,34.7027824,0.000302630951,0.00175290446,0.789249199,0.122639004,240,0.930338077,0.0778112769,0.933017233
1166,3.88666676,0.0112689345,0.000727406597,34.1389124,0.000330090613,0.00196070923,0.788690902,0.121486214,240,0.93207706,0.0776276791,0.935551516
1167,3.89000009,0.0109012431,0.000703672218,33.5597277,0.000324831096,0.00181954521,0.788127412,0.120197823,240,0.934679577,0.077263229,0.938834892
1168,3.89333343,0.0125732846,0.000811602029,32.9652421,0.000381410351,0.00205128812,0.787560108,0.11877087,240,0.938124974,0.0768603906,0.943145828
1169,3.89666676,0.0106854412,0.000689742265,32.3552384,0.000330253825,0.00186899419,0.786991957,0.117208208,240,0.942379702,0.0763049606,0.947912234
1170,3.90000009,0.0110487256,0.00071319217,31.7298586,0.000348212255,0.00197620491,0.786423038,0.115506534,240,0.94739796,0.0756619727,0.953511959
1171,3.90333343,0.0113640704,0.000733547591,31.0891152,0.000365532127,0.0017518976,0.785855053,0.113661624,240,0.95311656,0.074857857,0.959832835
1172,3.90666676,0.010614704,0.000685176196,30.4331141,0.000348787966,0.00212843164,0.785287576,0.111672539,240,0.95946459,0.0740456237,0.966598024
1173,3.91000009,0.0114517293,0.000739205945,29.7620451,0.000384776288,0.00206115638,0.784717823,0.109540146,240,0.966358823,0.0732567475,0.973916036
1174,3.91333343,0.0113920991,0.000735356835,29.076151,0.000391802171,0.00180275985,0.78414783,0.107262196,240,0.97372586,0.0724628854,0.981454251
1175,3.91666676,0.0117708447,0.000759804761,28.3756568,0.000414821931,0.00183314891,0.783580438,0.105649788,240,0.981494262,0.0716352264,0.98932945
1176,3.92000009,0.0110760163,0.000714953778,27.6610461,0.000400419285,0.00206956167,0.783013739,0.103910161,240,0.98960726,0.0708521667,0.997718906
1177,3.92333343,0.0113026467,0.000729582709,26.9325698,0.000419664622,0.00181977249,0.782451209,0.102027803,240,0.998005727,0.0700200022,1.0062784
1178,3.92666676,0.0112759407,0.000727858844,26.190761,0.000430531237,0.00178326212,0.781894945,0.100000228,240,1.00664186,0.0692446112,1.01482685
1179,3.9300001,0.0116922949,0.000754734394,25.4360371,0.000459674394,0.00201508478,0.781343193,0.0978246408,240,1.01548228,0.0684392996,1.02375599
1180,3.93333343,0.0110532774,0.000713485989,24.6691479,0.000448060771,0.00185700274,0.780796627,0.095501526,240,1.02448526,0.0676909253,1.03285794
1181,3.93666676,0.0105601937,0.000681657572,23.8906845,0.000442021395,0.00193673614,0.780255908,0.0930288686,240,1.03362705,0.0669027454,1.04172893
1182,3.9400001,0.0117921506,0.000761180048,23.1015008,0.000510449547,0.00199254666,0.779721294,0.0904073652,240,1.04287727,0.0661752568,1.05118106
1183,3.94333343,0.011133763,0.00071868131,22.3024963,0.000499215999,0.00182864771,0.779194653,0.0876375717,240,1.0522158,0.0654032509,1.06046286
1184,3.94666676,0.011024284,0.000711614474,21.494658,0.000512884831,0.00189655066,0.778677753,0.0847209534,240,1.06161766,0.0646203353,1.06979348
1185,3.9500001,0.0112630925,0.000727029493,20.6793004,0.000544655391,0.00204891906,0.778170307,0.0818075681,240,1.07106063,0.0638327489,1.07925154
1186,3.95333343,0.0114346962,0.000738106467,19.8578641,0.000575827095,0.00224498542,0.777672725,0.0794014979,240,1.08051755,0.0630410863,1.0885368
1187,3.95666676,0.0114715003,0.000740482162,19.0321073,0.000602744621,0.00202394381,0.777186882,0.0768597249,240,1.08995926,0.0621789726,1.0979223
1188,3.9600001,0.0114396331,0.00073842514,18.2038838,0.000628417167,0.00181376171,0.776715215,0.0741824109,240,1.09935027,0.061327692,1.10722135
1189,3.96333343,0.011483084,0.000741229888,17.3756685,0.000660871495,0.00190881235,0.776260902,0.0713724296,240,1.1086558,0.0604132192,1.11649327
1190,3.96666676,0.0111519335,0.000719854214,16.550336,0.000673819161,0.00217955631,0.775821696,0.0684276213,240,1.1178448,0.0594522434,1.12562069
1191,3.9700001,0.0118223892,0.000763131939,15.7313715,0.000751516749,0.0020261328,0.775396995,0.0653490872,240,1.12688599,0.0583420134,1.13446615
1192,3.97333343,0.0114376986,0.000738300267,14.9228712,0.000766454282,0.00210918653,0.774987747,0.0621384794,240,1.1357281,0.0572792559,1.14310329
1193,3.97666676,0.0112778291,0.000727980739,14.1296805,0.000798165898,0.00185602359,0.77459491,0.058798114,240,1.14432588,0.0561936477,1.15156701
1194,3.9800001,0.0112763302,0.000727883982,13.35799,0.000844163692,0.00218336736,0.774222162,0.0553300821,240,1.1526366,0.0550998046,1.1595329
1195,3.98333343,0.0112525001,0.000726345758,12.6149299,0.00089199862,0.00185592081,0.773868693,0.0521795355,240,1.16061371,0.0539780108,1.16740137
1196,3.98666676,0.0114380549,0.000738323271,11.9096075,0.000960405702,0.00189005187,0.773537043,0.0492841093,240,1.16821221,0.0528346456,1.17472909
1197,3.9900001,0.0113698965,0.000733923661,11.2526419,0.00101042018,0.00169619545,0.773228399,0.0462633444,240,1.17539022,0.0516422126,1.18164102
1198,3.99333343,0.0114007755,0.000735916896,10.6561481,0.00106987773,0.00188454072,0.772941848,0.0431206366,240,1.18209895,0.0504936949,1.18800679
1199,3.99666676,0.0117725077,0.000759912101,10.1344632,0.0011616311,0.00180916601,0.77267767,0.0398583033,240,1.18829943,0.0493257904,1.19377512
1200,4.0000001,0.0109223486,0.000705034567,9.70271767,0.00112569992,0.00171782707,0.77243841,0.0364792425,240,1.19394902,0.0481577527,1.19895249
1201,4.00333343,0.0117067223,0.000755665678,9.37644772,0.00124852425,0.00196922701,0.772226306,0.0329878921,240,1.19900673,0.0469214094,1.20358402
1202,4.00666676,0.0116542364,0.000752277725,9.17022157,0.00127087839,0.00189763851,0.772038751,0.0329137491,240,1.20342644,0.0457666836,1.20756021
1203,4.0100001,0.0103482354,0.00066797572,9.09433412,0.00113787719,0.00178660877,0.771879379,0.0345618935,240,1.20716904,0.0446246977,1.21065308
1204,4.01333343,0.0111064447,0.000716917924,9.15386374,0.00121330676,0.00180634361,0.771746902,0.0361066652,240,1.21019675,0.043548095,1.21316785
1205,4.01666676,0.0108492081,0.000700313375,9.34846766,0.00116053331,0.00169271656,0.771641561,0.0379806271,240,1.21246998,0.0425353575,1.21479196
1206,4.0200001,0.0120596054,0.000778444179,9.67112285,0.00124697055,0.00192332737,0.771563949,0.0404883143,240,1.21394972,0.0415756955,1.21544246
1207,4.02333343,0.0113441309,0.000732260499,10.1097641,0.00112209649,0.00184581705,0.771514551,0.0428842122,240,1.21459513,0.0406737103,1.21544706
1208,4.02666676,0.0119774506,0.000773141112,10.6506856,0.00112457085,0.00234725334,0.771493714,0.045160886,240,1.21436276,0.0399410592,1.21435946
1209,4.0300001,0.0117532764,0.000758670727,11.2789463,0.00104205446,0.00188655251,0.771503705,0.0473274716,240,1.21321643,0.0392498033,1.21239255
1210,4.03333343,0.0114253387,0.000737502444,11.9800675,0.000953695692,0.00182907782,0.771543151,0.0493865947,240,1.21111824,0.038695486,1.20952842
1211,4.03666676,0.0112357903,0.000725267145,12.7413635,0.000881835788,0.00187825272,0.771614364,0.0517609202,240,1.20803164,0.0382474516,1.20545498
1212,4.0400001,0.0118085455,0.000762238337,13.5510673,0.000871410736,0.00208038013,0.771716939,0.0547853355,240,1.20392146,0.0379562975,1.2004348
1213,4.04333343,0.0118202656,0.000762994865,14.3999461,0.000820854851,0.00210171693,0.771852874,0.0576864843,240,1.19875303,0.0378052683,1.19422066
1214,4.04666676,0.0107748134,0.000695511214,15.2793296,0.000705188885,0.00186393003,0.772020516,0.0604696564,240,1.19249386,0.037818807,1.18691374
1215,4.0500001,0.0112580803,0.000726705958,16.1825537,0.00069569244,0.00170655784,0.772217326,0.0631301178,240,1.18510885,0.0380050106,1.17846839
1216,4.05333343,0.0113267517,0.000731138677,17.1033315,0.000662254116,0.00231821588,0.772441234,0.0656767212,240,1.17656989,0.0383809953,1.16883018
1217,4.05666676,0.0107177431,0.000691827339,18.0365665,0.000594223023,0.00176040822,0.772698938,0.0681034673,240,1.16685522,0.0388914422,1.15795993
1218,4.0600001,0.0111402741,0.000719101601,18.9779104,0.000587012681,0.00183464849,0.772987845,0.0713977983,240,1.15594151,0.0396048581,1.14576293
1219,4.06333343,0.0108419088,0.000699842201,19.9237015,0.000544171411,0.00179987454,0.773303835,0.0746702086,240,1.14380654,0.0404942469,1.13250333
1220,4.06666677,0.0109411857,0.000706250502,20.870326,0.00052424604,0.0021511501,0.773651767,0.0778129686,240,1.13043448,0.0414695064,1.11792642
1221,4.0700001,0.0112753157,0.000727818497,21.8145947,0.000516870281,0.00186511494,0.774031803,0.0808256491,240,1.11581014,0.0426180153,1.10203207
1222,4.07333343,0.0113433206,0.000732208195,22.7540319,0.000498519148,0.0016713723,0.774442597,0.0837134971,240,1.09992884,0.0439543079,1.08497758
1223,4.07666677,0.011515592,0.000743328267,23.6859173,0.000486178849,0.00196383541,0.774880438,0.086475925,240,1.08278994,0.0453574082,1.06638982
1224,4.0800001,0.0116557276,0.00075237398,24.6080258,0.000473655533,0.00214204859,0.775341884,0.0891091704,240,1.06439046,0.0468703441,1.04681222
1225,4.08333343,0.0121253249,0.00078268636,25.518142,0.000475164883,0.00188452885,0.775832289,0.0919547319,240,1.04474101,0.0484802205,1.02597408
1226,4.08666677,0.0115627868,0.000746374676,26.4144878,0.000437744122,0.00188376884,0.776346805,0.0952689935,240,1.02385548,0.0500773122,1.00369135
1227,4.0900001,0.0104305129,0.00067328671,27.2950105,0.000382139911,0.00165555239,0.77688565,0.098441529,240,1.00175515,0.0517460252,0.980310933
1228,4.09333343,0.0112597852,0.000726816008,28.1580127,0.000399878546,0.00196190832,0.777448026,0.101468018,240,0.978461016,0.0534595729,0.955885517
1229,4.09666677,0.0108123197,0.000697932237,29.0018415,0.000372814938,0.00188230141,0.778034078,0.10434674,240,0.954010156,0.0551903402,0.930132654
1230,4.1000001,0.0111534292,0.000719950758,29.8248872,0.000373963835,0.00200238273,0.77864093,0.107080466,240,0.928438062,0.0569300588,0.903477147
1231,4.10333343,0.0121305976,0.000783026707,30.6258439,0.000396090232,0.00204607038,0.779269468,0.109666549,240,0.901789171,0.0587138391,0.875485404
1232,4.10666677,0.0112626555,0.000727001286,31.4030852,0.000358648057,0.00168155566,0.779918183,0.112101152,240,0.874122958,0.0605048054,0.846898004
1233,4.1100001,0.0113959176,0.00073560332,32.1554753,0.000354400534,0.00216044402,0.780585391,0.114388116,240,0.845504372,0.0622090429,0.817177508
1234,4.11333343,0.0114489904,0.000739029151,32.8818374,0.000348185846,0.00226566505,0.78127037,0.116529961,240,0.816010444,0.0638831255,0.78688616
1235,4.11666677,0.0116878343,0.000754446457,33.581056,0.000348048443,0.00181644745,0.781971381,0.118524851,240,0.785729042,0.0655078463,0.755614673
1236,4.1200001,0.0110011421,0.000710120667,34.2520151,0.000321182331,0.00183351872,0.782686332,0.120376942,240,0.754759751,0.0670323641,0.724043532
1237,4.12333343,0.0114845922,0.000741327236,34.893756,0.000329130293,0.00219372136,0.783410353,0.122443472,240,0.723216472,0.0684880104,0.691764334
1238,4.12666677,0.0112541629,0.000726453089,35.5053651,0.000316970769,0.00189955861,0.784145725,0.124532817,240,0.69121265,0.069901153,0.65917643
1239,4.1300001,0.011322731,0.000730879144,36.0860581,0.000313770237,0.00172155361,0.78489186,0.126446691,240,0.658901488,0.0711990371,0.626485551
1240,4.13333343,0.011984488,0.000773595374,36.6351788,0.000327130599,0.00181229105,0.785647857,0.128178541,240,0.626462635,0.072383998,0.593920804
1241,4.13666677,0.0108832955,0.000702513706,37.1521112,0.000292938818,0.00202209982,0.786414048,0.129733214,240,0.594075553,0.0734600043,0.561404362
1242,4.1400001,0.0113192795,0.000730656351,37.6362104,0.000300755028,0.00192009652,0.787185942,0.13111234,240,0.5619656,0.0744657886,0.529565119
1243,4.14333343,0.0113365285,0.000731769767,38.0871887,0.000297646765,0.00198280474,0.787957317,0.132312897,240,0.530402225,0.0753056326,0.498565357
1244,4.14666677,0.0114908592,0.00074173177,38.504686,0.000298427552,0.0018796926,0.78873344,0.133336564,240,0.499673904,0.076037895,0.468668294
1245,4.1500001,0.0120243519,0.000776168574,38.8883333,0.000309202037,0.00214922322,0.789512234,0.134185005,240,0.470137196,0.0765917162,0.440232404
1246,4.15333343,0.0114281756,0.000737685563,39.2379911,0.000291252821,0.00188468278,0.790293589,0.134862381,240,0.442177793,0.077022884,0.413799937
1247,4.15666677,0.0117387519,0.000757733178,39.5535936,0.00029678092,0.00184773953,0.791077088,0.135370752,240,0.416232346,0.0773882648,0.389982091
1248,4.1600001,0.0110957867,0.000716229952,39.8352569,0.000278541864,0.00196096769,0.79185901,0.135713248,240,0.39282802,0.0776089536,0.36918084
1249,4.16333343,0.0106828127,0.000689572593,40.082909,0.000266517898,0.00176988766,0.792638766,0.135890232,240,0.372486928,0.0777227159,0.351889606
1250,4.16666677,0.011928561,0.000769985303,40.2968142,0.000296017471,0.00207912504,0.793413662,0.135908345,240,0.355767031,0.0777355384,0.338860552
1251,4.1700001,0.0111700514,0.000721023719,40.4772821,0.000275958534,0.0018215,0.794184657,0.135773213,240,0.34318382,0.077596987,0.330381608
1252,4.17333343,0.0108722582,0.000701801252,40.6247033,0.000267626772,0.00193657309,0.794950758,0.135486231,240,0.335092767,0.0773880631,0.326892261
1253,4.17666677,0.0113605773,0.000733322114,40.7393365,0.000278860146,0.00178835519,0.795711614,0.135050306,240,0.331753596,0.076991198,0.327982591
1254,4.1800001,0.0109578821,0.000707328251,40.8218084,0.000268432061,0.00177409364,0.795846573,0.134472443,240,0.333135628,0.0764517183,0.333731769
1255,4.18333343,0.0118235,0.000763203646,40.8725443,0.000289277319,0.00166776923,0.79572914,0.133756734,240,0.338974851,0.0757961123,0.343517898
1256,4.18666677,0.0118884124,0.000767393718,40.8923239,0.000290724791,0.00191476709,0.795625936,0.132906024,240,0.348804935,0.0750940598,0.356864827
1257,4.1900001,0.0117113082,0.000755961691,40.8816492,0.000286468584,0.00214950275,0.795537185,0.131927209,240,0.362056295,0.0742880018,0.372988751
1258,4.19333343,0.0110112429,0.000710772673,40.8414196,0.0002696097,0.00218376087,0.79545999,0.131362717,240,0.378076505,0.0734236457,0.391353222
1259,4.19666677,0.0120528387,0.000778007394,40.7724102,0.000295612613,0.00193687399,0.79539879,0.130764252,240,0.396232663,0.0724851963,0.411132738
1260,4.2000001,0.0111852917,0.000722007474,40.675334,0.000274989547,0.00183072084,0.795352793,0.130082186,240,0.415949928,0.0714751899,0.432108585
1261,4.20333344,0.0117406909,0.000757858341,40.5510668,0.000289528534,0.0018753358,0.795252647,0.129319053,240,0.436742431,0.0704473489,0.453742652
1262,4.20666677,0.0114030039,0.000736060737,40.4003409,0.00028225019,0.00172555541,0.795135765,0.128476686,240,0.4581689,0.0694018839,0.475684581
1263,4.2100001,0.011068555,0.000714472151,40.2242198,0.000275171403,0.00170255346,0.795029011,0.127552184,240,0.479879103,0.0683108021,0.497422062
1264,4.21333344,0.0117576432,0.000758952603,40.0234679,0.000293768726,0.0018150193,0.794934265,0.126642144,240,0.501579176,0.0672141362,0.518957756
1265,4.21666677,0.0109743532,0.000708391456,39.7989353,0.000275744895,0.00174639387,0.79485306,0.126277832,240,0.523023413,0.06608799,0.54019348
1266,4.2200001,0.0104074451,0.00067179769,39.5515188,0.00026313642,0.00210798292,0.794784611,0.125830871,240,0.544008001,0.0650465673,0.560681544
1267,4.22333344,0.0120953348,0.000780750507,39.2820895,0.000307909661,0.00181047523,0.794685473,0.125296284,240,0.564400891,0.0639694128,0.580412858
1268,4.22666677,0.0105564315,0.00068141472,38.9914143,0.000270737331,0.00189515936,0.794518358,0.12467431,240,0.584072246,0.062939552,0.599437704
1269,4.2300001,0.0115198432,0.000743602682,38.6803658,0.000297821465,0.00192052927,0.79436216,0.123958082,240,0.602912407,0.0620228183,0.617502693
1270,4.23333344,0.011740391,0.00075783898,38.3496691,0.000306140607,0.00168950038,0.794216977,0.123146004,240,0.620855642,0.061180722,0.634688923
1271,4.23666677,0.0112680465,0.000727349276,38.0000265,0.000296527333,0.00184812949,0.794040209,0.122234407,240,0.637865663,0.0603739062,0.650833967
1272,4.2400001,0.0118298271,0.000763612054,37.6321253,0.000314354477,0.0018099915,0.793792614,0.121500687,240,0.653917598,0.0596568883,0.665979804
1273,4.24333344,0.0110863128,0.000715618415,37.2466457,0.000297645939,0.00181815978,0.793553608,0.120939134,240,0.669012948,0.0589973087,0.680182653
1274,4.24666677,0.0111510219,0.000719795366,36.8440882,0.000302654304,0.00222795803,0.793305411,0.120273683,240,0.683155882,0.0584197465,0.693602027
1275,4.2500001,0.011360086,0.000733290399,36.4250793,0.000311875395,0.001969378,0.792811007,0.119505214,240,0.696361216,0.0579950517,0.705887655
1276,4.25333344,0.0108640874,0.000701273829,35.990132,0.000301862951,0.00170151879,0.792301937,0.118632725,240,0.708669814,0.0576581026,0.717387481
1277,4.25666677,0.0116408848,0.000751415886,35.5396109,0.000327546772,0.00204350157,0.791791926,0.117655105,240,0.720128428,0.0573825013,0.728181458
1278,4.2600001,0.0111305579,0.000718474426,35.0738965,0.00031734592,0.00201383441,0.791279253,0.116571704,240,0.730787582,0.0571772158,0.738245003
1279,4.26333344,0.0120378959,0.000777042836,34.5932556,0.000347983895,0.00188241938,0.790764385,0.115380364,240,0.740715938,0.0570321357,0.747494184
1280,4.26666677,0.0114103312,0.000736533715,34.0981355,0.000334632116,0.00192043887,0.790250923,0.114083414,240,0.749986065,0.0568766759,0.756245146
1281,4.2700001,0.0101736509,0.000656706343,33.5887003,0.000302889091,0.00190779584,0.789736714,0.112680122,240,0.758673491,0.0567911231,0.764435394
1282,4.27333344,0.0115165699,0.000743391388,33.0651885,0.000348298933,0.00185894853,0.789221406,0.1111729,240,0.766858457,0.0567308346,0.772289983
1283,4.27666677,0.0112157929,0.000723976318,32.5277305,0.000344807114,0.00182815202,0.788707883,0.109800887,240,0.77462489,0.0566836788,0.779711807
1284,4.2800001,0.0111432078,0.000719290968,31.9765667,0.000348480432,0.00170109257,0.78819644,0.108636067,240,0.782049769,0.0566542984,0.786990877
1285,4.28333344,0.011633579,0.000750944297,31.4116107,0.000370359201,0.00183402828,0.787689088,0.107368277,240,0.789207907,0.0566216032,0.794014953
1286,4.28666677,0.0110390694,0.000712568867,30.8330959,0.000358026631,0.00210232915,0.787182402,0.106000569,240,0.79618326,0.0565716487,0.800829591
1287,4.2900001,0.0122035536,0.000787735997,30.2410907,0.000403542111,0.00178888605,0.786677252,0.104530643,240,0.803050906,0.0565126437,0.807883669
1288,4.29333344,0.0114421377,0.000738586813,29.6356773,0.000386093343,0.00182754246,0.786175096,0.102958222,240,0.809881175,0.0564072781,0.814693664
1289,4.29666677,0.0111937251,0.00072255185,29.01694,0.000385765181,0.00181150929,0.785676338,0.101283342,240,0.816727704,0.0562393622,0.821695365
1290,4.3000001,0.0107974668,0.000696973487,28.3848694,0.000380395157,0.00161701672,0.785183054,0.0995067003,240,0.823659252,0.0560288882,0.82878616
1291,4.30333344,0.0112124196,0.000723758576,27.7396928,0.000404201292,0.00180968426,0.784691573,0.0976261469,240,0.830716105,0.0557999258,0.83624634
1292,4.30666677,0.0117810183,0.000760461463,27.0813526,0.000435023261,0.00199621396,0.78420504,0.0956400687,240,0.837935293,0.0554684232,0.843630698
1293,4.3100001,0.0108781709,0.000702182912,26.4101094,0.000411894201,0.00196574725,0.783724298,0.0935525303,240,0.845343324,0.0551241599,0.851331704
1294,4.31333344,0.011149035,0.000719667115,25.7261977,0.000433372826,0.00200634365,0.783250692,0.0916010185,240,0.852959767,0.0547597904,0.859238036
1295,4.31666677,0.0116580022,0.000752520804,25.0298079,0.000465764748,0.00187287338,0.78278386,0.0898259137,240,0.860796591,0.0543175338,0.867430874
1296,4.3200001,0.0115835836,0.000747717107,24.3211056,0.000476277016,0.00167134439,0.782325284,0.0879464716,240,0.86885529,0.0537529422,0.875816833
1297,4.32333344,0.0113208574,0.000730758201,23.6003899,0.000479689422,0.00201541727,0.781875495,0.0859635234,240,0.877128574,0.0531787971,0.884315675
1298,4.32666677,0.0113765723,0.000734354582,22.8681179,0.000497486165,0.0017619274,0.781434603,0.0838748409,240,0.885607447,0.0525207758,0.89303254
1299,4.3300001,0.0118875284,0.000767336659,22.1247227,0.000537296154,0.00184620744,0.78100278,0.0816834199,240,0.894277316,0.0518181848,0.90192629
1300,4.33333344,0.0114171983,0.000736976982,21.3707702,0.000534243653,0.00217683642,0.78057853,0.0793875133,240,0.903102971,0.0510801008,0.911096583
1301,4.33666677,0.00992001803,0.00064033441,20.60656,0.000481400973,0.00172148367,0.780165803,0.0769905278,240,0.912060029,0.0502485638,0.920146266
1302,4.34000011,0.012024304,0.000776165483,19.8333038,0.000606268331,0.00220818183,0.779763346,0.0744934821,240,0.921107685,0.0494546379,0.92936257
1303,4.34333344,0.0115950815,0.000748459294,19.0514839,0.000608618289,0.00197557342,0.779371171,0.0718964104,240,0.930212011,0.0485789044,0.938601136
1304,4.34666677,0.01119758,0.000722800681,18.2622728,0.000613153694,0.00183948376,0.778991631,0.0692027364,240,0.939331707,0.0476837372,0.947834281
1305,4.35000011,0.0109316518,0.000705635092,17.4667956,0.000625853308,0.00225159064,0.778623824,0.0664115158,240,0.948430594,0.0467252841,0.956994811
1306,4.35333344,0.0118060018,0.00076207414,16.6664856,0.000708367805,0.0019289189,0.778269823,0.0638876108,240,0.957462918,0.0457374003,0.966110506
1307,4.35666677,0.0116086284,0.000749333739,15.8629865,0.000731805979,0.00208940517,0.777930183,0.0614244605,240,0.966391377,0.0446548068,0.974860992
1308,4.36000011,0.0108890386,0.000702884419,15.0582508,0.000723127721,0.00164696566,0.777605428,0.0588668919,240,0.975165381,0.0436395926,0.98355396
1309,4.36333344,0.01112301,0.000717987209,14.2549384,0.000780291693,0.00223160106,0.777295291,0.0562168421,240,0.983742401,0.0425847648,0.992120733
1310,4.36666677,0.010491304,0.00067721076,13.4554682,0.000779705607,0.00169806881,0.777001676,0.0534788857,240,0.992085151,0.0414731333,1.00023815
1311,4.37000011,0.0112617472,0.000726942658,12.6639415,0.00088927663,0.00191611934,0.776722106,0.050651494,240,1.00015498,0.0403299158,1.00809793
1312,4.37333344,0.0108419669,0.000699845954,11.8844213,0.000912283959,0.00187399074,0.776460569,0.0477366107,240,1.00790518,0.0391850201,1.01561335
1313,4.37666677,0.0109980033,0.000709918061,11.1225097,0.00098880591,0.00213059164,0.776216377,0.0447387133,240,1.01529622,0.0381224588,1.02273298
1314,4.38000011,0.0111476956,0.000719580659,10.3850846,0.0010734333,0.00194388405,0.77599041,0.0416611448,240,1.02229528,0.0369889494,1.02935134
1315,4.38333344,0.0118137806,0.000762576261,9.68088187,0.00122032071,0.00163442271,0.775783021,0.0385027963,240,1.02886466,0.035845134,1.03564127
1316,4.38666677,0.0104576735,0.00067503992,9.02037744,0.00115933879,0.00174605966,0.775595567,0.0355941814,240,1.0349693,0.0347354878,1.04130553
1317,4.39000011,0.0111100208,0.000717148757,8.41754648,0.0013198645,0.0021223097,0.775428017,0.0328478289,240,1.04057261,0.0336345678,1.04658342
1318,4.39333344,0.0117989145,0.000761616656,7.88809936,0.00149578675,0.00207704249,0.775279729,0.0300233262,240,1.04564602,0.0325765697,1.05111923
1319,4.39666677,0.0110257022,0.000711706017,7.45099289,0.00147976281,0.00208574909,0.775152513,0.0271309769,240,1.05015477,0.0315462308,1.05508289
1320,4.40000011,0.0111686688,0.000720934473,7.12540182,0.00156744407,0.00171528005,0.775045438,0.0241757171,240,1.05406696,0.0305385817,1.05857377
1321,4.40333344,0.0105024964,0.000677933227,6.92960934,0.00151559718,0.00213611138,0.77496052,0.0236120208,240,1.05735159,0.0295810925,1.06123137
1322,4.40666677,0.0117184458,0.000756422422,6.87651908,0.00170412466,0.00191069729,0.774896879,0.025034998,240,1.0599803,0.0286957326,1.06324798
1323,4.41000011,0.0109535206,0.000707046716,6.97084299,0.00157133371,0.00205684032,0.774854085,0.0265308533,240,1.06192619,0.0278727403,1.06463106
1324,4.41333344,0.0114216843,0.000737266553,7.20774217,0.00158464108,0.00169786188,0.774834519,0.0285785402,240,1.0631588,0.0271409127,1.06512333
1325,4.41666677,0.0106487813,0.000687375877,7.57442041,0.00140588728,0.00168239772,0.774837843,0.0305631283,240,1.0636563,0.026450537,1.06504205
1326,4.42000011,0.0110041649,0.000710315793,8.05278495,0.00136650426,0.00188925226,0.774862351,0.0324883295,240,1.06339302,0.0258923526,1.06399437
1327,4.42333344,0.011419033,0.000737095409,8.62440482,0.00132403722,0.00178335629,0.774908382,0.034353259,240,1.0623458,0.0254402287,1.06213922
1328,4.42666677,0.0112169949,0.000724053908,9.27141199,0.00120984753,0.00173505382,0.774979606,0.0361607233,240,1.06048891,0.0251805212,1.05961096
1329,4.43000011,0.0106452084,0.000687145246,9.97771768,0.00106689813,0.00188015237,0.775073017,0.0386587687,240,1.05780543,0.0250392114,1.05616548
1330,4.43333344,0.0119519423,0.000771494557,10.7305078,0.00111382821,0.00194338827,0.775190782,0.0410973468,240,1.05427543,0.0250746045,1.0517766
1331,4.43666677,0.0109509392,0.000706880086,11.5190558,0.000950680282,0.00175310677,0.775329608,0.0434753957,240,1.04987969,0.0252329713,1.04650962
1332,4.44000011,0.0116506809,0.000752048219,12.3348285,0.000944535297,0.00200661195,0.775490985,0.0457898204,240,1.04460192,0.0255661394,1.04016576
1333,4.44333344,0.0117570783,0.00075891614,13.171087,0.000892642972,0.00211458285,0.775676438,0.0480401468,240,1.03842935,0.0260790983,1.03329449
1334,4.44666677,0.0115017938,0.000742437596,14.0219008,0.000820273507,0.00207460829,0.775886686,0.0506728216,240,1.03135402,0.0266931666,1.0251802
1335,4.45000011,0.0109565512,0.000707242341,14.8826542,0.000736196052,0.00211412344,0.776119099,0.0534968644,240,1.02336311,0.0274394553,1.0162447
1336,4.45333344,0.0107345304,0.00069291096,15.7493661,0.000681584919,0.0018843276,0.776372505,0.0562498594,240,1.01444704,0.028318817,1.00646637
1337,4.45666677,0.0109340529,0.000705790081,16.6188045,0.00065793258,0.00177829706,0.776648558,0.0589288117,240,1.00459949,0.0293565951,0.995575598
1338,4.46000011,0.01100989,0.000710685344,17.4881396,0.000629563252,0.00200117172,0.776943692,0.0615319905,240,0.993818999,0.0304925604,0.98367882
1339,4.46333344,0.0112429193,0.000725727319,18.3548071,0.000612532686,0.00193425796,0.777261782,0.0640608016,240,0.982105204,0.0316913345,0.97108183
1340,4.46666677,0.0119649581,0.000772334727,19.2166668,0.000622634418,0.00218061997,0.777600738,0.0666010689,240,0.969460966,0.0328984181,0.957523097
1341,4.47000011,0.0112404283,0.00072556653,20.0716952,0.000560013902,0.0021209821,0.777959675,0.069594395,240,0.955889948,0.0341924971,0.942728915
1342,4.47333344,0.0114380312,0.00073832174,20.9181807,0.000546798565,0.00187738084,0.778338834,0.0725056559,240,0.941399691,0.0355873489,0.927178904
1343,4.47666678,0.0113242741,0.000730978753,21.754386,0.00052055131,0.00209632479,0.77873936,0.0753340451,240,0.925999497,0.0370233797,0.910672196
1344,4.48000011,0.0101026487,0.000652123169,22.5788587,0.000447438413,0.00174455155,0.779157071,0.0780767055,240,0.90970022,0.038507048,0.893543466
1345,4.48333344,0.0112134488,0.000723825006,23.3902673,0.000479406612,0.00178019795,0.779593477,0.0807332702,240,0.892521073,0.0400098568,0.875267187
1346,4.48666678,0.0103594051,0.000668696724,24.1872307,0.000428300587,0.00179222718,0.780048337,0.0833011098,240,0.874481265,0.0414962077,0.856219658
1347,4.49000011,0.0107954535,0.000696843524,24.9684915,0.000432363062,0.00215332371,0.780520207,0.0857787848,240,0.855604302,0.0430188391,0.836224998
1348,4.49333344,0.0118445952,0.00076456533,25.7328164,0.000460291441,0.00197182039,0.781007763,0.0881687836,240,0.835915411,0.0445214508,0.815702518
1349,4.49666678,0.011349503,0.000732607267,26.4793824,0.000428616605,0.00184754394,0.781508823,0.0904734246,240,0.81543415,0.0460236436,0.794074895
1350,4.50000011,0.0109755055,0.000708465831,27.2068909,0.000403409029,0.00166626521,0.782025807,0.0929655748,240,0.794202607,0.0474507422,0.771893441
1351,4.50333344,0.0102176401,0.00065954583,27.914471,0.000366033805,0.00163751499,0.782556509,0.0954991371,240,0.772255999,0.0488486093,0.749201014
1352,4.50666678,0.0120547517,0.000778130879,28.6013252,0.000421475287,0.00170194533,0.783100332,0.0979223409,240,0.749636975,0.0502114794,0.725538458
1353,4.51000011,0.010876208,0.000702056209,29.2664535,0.000371627127,0.00186390108,0.783657118,0.100235308,240,0.726394849,0.0515429641,0.701374803
1354,4.51333344,0.0114103938,0.000736537751,29.9090905,0.000381502532,0.00168558123,0.784226025,0.102435203,240,0.702576727,0.0527841391,0.676576147
1355,4.51666678,0.0112479078,0.000726049324,30.5284201,0.000368440546,0.00216782329,0.784806066,0.104524411,240,0.678227967,0.0540743642,0.651522125
1356,4.52000011,0.0106367151,0.000686597009,31.1238337,0.000341754657,0.00166789044,0.785396635,0.106497509,240,0.653409258,0.055294681,0.626091271
1357,4.52333344,0.0106139605,0.000685128204,31.6947708,0.000334880493,0.00193767162,0.785993389,0.108351389,240,0.628192624,0.0564178186,0.599956796
1358,4.52666678,0.0112704739,0.000727505964,32.2403779,0.000349576359,0.00191160178,0.786598618,0.110092217,240,0.602657422,0.0574651573,0.573772779
1359,4.53000011,0.0117208383,0.000756576859,32.7602312,0.000357776422,0.00191266097,0.78721417,0.111716236,240,0.576888513,0.0583887203,0.547477149
1360,4.53333344,0.0108914095,0.00070303746,33.2538635,0.000327523131,0.00181897969,0.787833185,0.113227205,240,0.550962816,0.0593177738,0.521124507
1361,4.53666678,0.0115999562,0.00074877395,33.7208579,0.000343999438,0.00187994907,0.788456302,0.114619731,240,0.524982228,0.0602055846,0.494985595
1362,4.54000011,0.0116681923,0.000753178571,34.1608291,0.000341566424,0.00204436323,0.789084688,0.115896521,240,0.499069251,0.0610169485,0.468449785
1363,4.54333344,0.011613237,0.000749631224,34.5732535,0.000335902346,0.00210844008,0.789714417,0.117057228,240,0.473350259,0.0616873236,0.442831236
1364,4.54666678,0.0113839897,0.000734833376,34.9581067,0.000325646632,0.00197894535,0.790348532,0.118101104,240,0.447952067,0.0623507297,0.417440341
1365,4.55000011,0.0120977112,0.000780903899,35.3149694,0.000342566096,0.00192174788,0.790987694,0.119028376,240,0.42307195,0.0628840688,0.39249635
1366,4.55333344,0.0111437314,0.000719324766,35.6436294,0.000312643004,0.001909468,0.79162594,0.119843676,240,0.39886494,0.0633902125,0.368972998
1367,4.55666678,0.0111759565,0.000721404893,35.944162,0.0003109255,0.00200056053,0.79226437,0.120540978,240,0.375561505,0.063822039,0.345889446
1368,4.56000011,0.0117621776,0.000759245298,36.216144,0.000324777192,0.00197210309,0.792904274,0.121126483,240,0.35343141,0.0641242579,0.32495462
1369,4.56333344,0.0109782717,0.00070864439,36.459859,0.000301105709,0.00204130733,0.793541348,0.121602128,240,0.332767698,0.0643417512,0.305620439
1370,4.56666678,0.0115480771,0.000745425171,36.6751551,0.000314874663,0.00189856414,0.794174744,0.121966601,240,0.313870107,0.0645314504,0.288234211
1371,4.57000011,0.0108954653,0.000703299259,36.8620876,0.000295573745,0.00208384441,0.794805596,0.122219738,240,0.297143266,0.0645466196,0.273665997
1372,4.57333344,0.0117722534,0.000759895691,37.0207675,0.000317990529,0.00183072469,0.795433902,0.122369869,240,0.282945585,0.0645193017,0.262068271
1373,4.57666678,0.0107749002,0.000695516819,37.1512846,0.000290027662,0.00189781756,0.79605773,0.122408613,240,0.271665891,0.0644735839,0.253789927
1374,4.58000011,0.01057518,0.000682624935,37.2539287,0.000283867511,0.00186426322,0.796678153,0.122342498,240,0.26363466,0.0642593778,0.249210723
1375,4.58333344,0.0112127296,0.000723778583,37.3287912,0.000300377517,0.00162510784,0.797290657,0.122177884,240,0.259055884,0.0640456449,0.248444113
1376,4.58666678,0.0108077947,0.000697640149,37.376388,0.000289161027,0.0017364008,0.79721481,0.121906051,240,0.258019461,0.0637393784,0.251365147
1377,4.59000011,0.0119868653,0.000773748826,37.396828,0.000320531604,0.00188138097,0.797073287,0.121535736,240,0.260475401,0.0633933876,0.257421553
1378,4.59333344,0.0105690076,0.000682226506,37.3904678,0.000282665829,0.00179869797,0.796940912,0.121066811,240,0.266139798,0.0630204012,0.266661695
1379,4.59666678,0.0107768401,0.000695642036,37.357693,0.000288477131,0.00163853212,0.796812705,0.120501384,240,0.274688837,0.0625567967,0.27839301
1380,4.60000011,0.0114797344,0.000741013666,37.2988942,0.000307776802,0.00175121087,0.796694343,0.119845827,240,0.285714742,0.0619931635,0.291899974
1381,4.60333344,0.0110511822,0.000713350743,37.2143597,0.000296960159,0.00192020607,0.796584148,0.119102681,240,0.298789362,0.0613965121,0.307201296
1382,4.60666678,0.0110473976,0.000713106451,37.1047443,0.000297735447,0.0019641724,0.796416904,0.118264875,240,0.313467457,0.060820004,0.323753336
1383,4.61000011,0.0118726744,0.00076637784,36.9701002,0.000321142609,0.00198877863,0.796252588,0.117415112,240,0.329394434,0.0601914191,0.341140968
1384,4.61333345,0.0117536284,0.000758693449,36.8113132,0.000319293917,0.00199411896,0.796098225,0.116851907,240,0.346250945,0.0595550554,0.359115042
1385,4.61666678,0.0107555292,0.000694266423,36.628782,0.000293636004,0.00178058742,0.79595244,0.116214832,240,0.363756005,0.0588631792,0.377485282
1386,4.62000011,0.0111148903,0.000717463081,36.4229944,0.000305161353,0.00193717111,0.795815799,0.115507502,240,0.381667126,0.0581235791,0.396119254
1387,4.62333345,0.0115542269,0.00074582214,36.1943646,0.000319227234,0.00213959849,0.795687631,0.11472354,240,0.399783539,0.0574702871,0.414670532
1388,4.62666678,0.0110080102,0.000710564001,35.9434969,0.000306258742,0.00175419421,0.795496988,0.113864925,240,0.417941225,0.0567693247,0.433065471
1389,4.63000011,0.0114672476,0.000740207649,35.6707791,0.000321474548,0.00211503497,0.79530235,0.112932127,240,0.436006926,0.056065534,0.451152871
1390,4.63333345,0.0114116678,0.00073661999,35.3769192,0.000322573816,0.00189401315,0.795047844,0.11192664,240,0.453902299,0.0553677427,0.469155523
1391,4.63666678,0.0117193244,0.000756479137,35.062138,0.000334244432,0.0021601856,0.794631744,0.110847819,240,0.471532657,0.0546299536,0.486749052
1392,4.64000011,0.0117402356,0.000757828947,34.7271406,0.000338070897,0.00202851711,0.794215249,0.109903099,240,0.488839397,0.0539269873,0.503980765
1393,4.64333345,0.0105821409,0.00068307426,34.3724586,0.000307866861,0.00174609417,0.793795468,0.10916236,240,0.505765635,0.053253359,0.520743795
1394,4.64666678,0.0112196467,0.00072422508,33.9985092,0.000330004079,0.00196095525,0.793373044,0.10834623,240,0.52227041,0.0526495498,0.536898189
1395,4.65000011,0.0114128627,0.00073669712,33.6059511,0.000339608383,0.00201552672,0.79294898,0.10745404,240,0.538347808,0.0520441487,0.552782079
1396,4.65333345,0.0114082449,0.000736399042,33.1948573,0.00034367507,0.00184847209,0.792523826,0.106481089,240,0.553971497,0.0514727805,0.567968615
1397,4.65666678,0.0110917409,0.000715968798,32.7661611,0.000338512067,0.00182690504,0.792098039,0.105430427,240,0.569132184,0.0508653422,0.582989002
1398,4.66000011,0.0119503723,0.000771393217,32.3198789,0.000369753004,0.00210856111,0.791672141,0.104297852,240,0.583830511,0.0503402321,0.597156434
1399,4.66333345,0.0112483339,0.000726076832,31.8567037,0.000353091582,0.00165064254,0.791246771,0.103080619,240,0.598059073,0.049877539,0.61124881
1400,4.66666678,0.0106311794,0.000686239677,31.3768773,0.000338822097,0.00171776056,0.790821229,0.101783832,240,0.611836628,0.0493468405,0.624499924
1401,4.67000011,0.0116696358,0.000753271749,30.880935,0.00037789127,0.00204532152,0.790395627,0.100406788,240,0.625180558,0.0488778231,0.637631192
1402,4.67333345,0.0116358503,0.000751090906,30.3690861,0.000383147858,0.00186590926,0.789969888,0.0990049794,240,0.638102569,0.0484493769,0.650268925
1403,4.67666678,0.0119973281,0.000774424199,29.8417827,0.000402031214,0.0021991018,0.789545045,0.0978563492,240,0.650618612,0.0480422905,0.662551477
1404,4.68000011,0.0115693131,0.000746795948,29.2993918,0.000394865298,0.00173298424,0.789119976,0.0966226291,240,0.662763733,0.0476590574,0.674382384
1405,4.68333345,0.0109687856,0.000708032068,28.742261,0.000381625706,0.00199492418,0.788696252,0.0953077537,240,0.674552657,0.0472756351,0.685932621
1406,4.68666678,0.0113428121,0.000732175376,28.1706689,0.000402646177,0.00203571133,0.788275095,0.0939096434,240,0.686010186,0.0468633366,0.697076822
1407,4.69000011,0.0107074456,0.000691162643,27.5850073,0.000388161783,0.001926887,0.787858517,0.0924257963,240,0.697161895,0.0464718774,0.708002942
1408,4.69333345,0.0115157772,0.000743340221,26.9855856,0.000426738087,0.00192296116,0.787443074,0.0908589642,240,0.708030794,0.0461150144,0.718645421
1409,4.69666678,0.0114643532,0.000740020818,26.3727626,0.000434704298,0.00192157856,0.787031471,0.0892082621,240,0.718652152,0.0456768963,0.729161168
1410,4.70000011,0.010488405,0.000677023632,25.7467269,0.000407368481,0.00190102209,0.786623281,0.0874760477,240,0.72904455,0.0452660788,0.739184411
1411,4.70333345,0.0108854391,0.000702652073,25.1079881,0.000433544857,0.00181127352,0.786216671,0.0856621505,240,0.739229611,0.0448645739,0.749433714
1412,4.70666678,0.0118286394,0.000763535393,24.4565556,0.000483659254,0.00217030421,0.785814469,0.0837742778,240,0.749233877,0.0444016469,0.75932787
1413,4.71000011,0.0123984652,0.000800317485,23.7928593,0.000521100259,0.00204745666,0.785415238,0.0818087833,240,0.759068184,0.0439951897,0.768773786
1414,4.71333345,0.0121561682,0.000784677283,23.1175077,0.000525842506,0.00199030869,0.785021346,0.0797634898,240,0.768750875,0.0434903914,0.7785031
1415,4.71666678,0.0107914559,0.000696585482,22.4305346,0.000481105604,0.00161167744,0.784634052,0.0777812715,240,0.778284603,0.0429982728,0.787983061
1416,4.72000011,0.0111079993,0.000717018271,21.7323832,0.000511126607,0.00179824882,0.784252494,0.0759392017,240,0.787692483,0.0424611861,0.797234305
1417,4.72333345,0.0111285766,0.000718346528,21.0235687,0.000529338131,0.00185800387,0.783877589,0.0740178203,240,0.796977663,0.0419328771,0.806236567
1418,4.72666678,0.0100090911,0.000646084051,20.3046096,0.000492946739,0.00183521416,0.78350968,0.0720167196,240,0.806135617,0.0413897768,0.815335533
1419,4.73000011,0.0114666427,0.000740168604,19.5758316,0.000585755074,0.00201317303,0.783145378,0.0699365193,240,0.81518054,0.0407659608,0.824195595
1420,4.73333345,0.0105941912,0.000683852103,18.8378186,0.000562389492,0.00221958813,0.782789033,0.0677784654,240,0.824095157,0.0401119013,0.833084034
1421,4.73666678,0.0103763491,0.000669790455,18.0911658,0.000573558896,0.00171037379,0.782440707,0.0655434578,240,0.832878617,0.0394053533,0.841616354
1422,4.74000011,0.0110806615,0.000715253623,17.3365909,0.000639148813,0.00193621034,0.782102046,0.0632332167,240,0.841524287,0.0387008977,0.850146093
1423,4.74333345,0.0111309093,0.000718497106,16.5748164,0.000671555511,0.00186729275,0.78177337,0.0608499379,240,0.850018659,0.0379111525,0.858732
1424,4.74666678,0.0108364379,0.000699489061,15.8066771,0.000685560783,0.00160801697,0.781453995,0.0583954673,240,0.858346042,0.0370923959,0.866706799
1425,4.75000012,0.010678634,0.00068930286,15.0333938,0.000710327562,0.00154470093,0.781142069,0.0558699956,240,0.866483439,0.036281149,0.874493618
1426,4.75333345,0.0111875075,0.000722150505,14.2562085,0.000784746348,0.00181619247,0.78083989,0.0532799471,240,0.874413929,0.0354361805,0.882304985
1427,4.75666678,0.0116968226,0.000755026651,13.476385,0.000867949572,0.0017748391,0.780548767,0.0506501534,240,0.882117195,0.03448317,0.889784838
1428,4.76000012,0.00965322261,0.00062311284,12.6957312,0.00076035184,0.00162791512,0.780268678,0.0482950508,240,0.889572485,0.0335452337,0.89697621
1429,4.76333345,0.0103922493,0.000670816807,11.9163934,0.000872096862,0.00179151604,0.780000561,0.0458717246,240,0.89675307,0.0325662926,0.90388525
1430,4.76666678,0.0102582555,0.000662167547,11.1410379,0.000920763002,0.00158087417,0.779742709,0.0433813578,240,0.903635108,0.0315656763,0.910535276
1431,4.77000012,0.0110694669,0.000714531018,10.3730104,0.00106714121,0.00190819443,0.779499075,0.0408264067,240,0.910190439,0.0305450261,0.91655553
1432,4.77333345,0.010377199,0.000669845318,9.61661754,0.00107909033,0.00176294191,0.779267838,0.0382088543,240,0.916389609,0.0295328835,0.92249588
1433,4.77666678,0.0114397435,0.000738432268,8.87730658,0.00128865027,0.00167465158,0.779052912,0.0355308839,240,0.922206404,0.0284814565,0.927831384
1434,4.78000012,0.0116160292,0.000749811458,8.16241624,0.00142311159,0.00192285984,0.778851817,0.0327972652,240,0.927617157,0.0274403839,0.932807652
1435,4.78333345,0.0110281094,0.000711861398,7.48154637,0.00147404144,0.00170841715,0.778665293,0.0300080506,240,0.932591598,0.0263775649,0.937238434
1436,4.78666678,0.011617484,0.000749905366,6.84746791,0.00169661021,0.00190420365,0.778492015,0.0271695946,240,0.937104262,0.0253332224,0.941291144
1437,4.79000012,0.0112850599,0.000728447487,6.27700043,0.00179784278,0.00169891269,0.778332907,0.0244795408,240,0.941128604,0.0242572585,0.944889517
1438,4.79333345,0.0115693932,0.000746801119,5.79141903,0.00199767849,0.0021159532,0.778189982,0.0219864159,240,0.944637973,0.0232356824,0.947826158
1439,4.79666678,0.011462544,0.000739904035,5.41585001,0.00211648107,0.00204922871,0.778061319,0.0194474722,240,0.947608086,0.0222538696,0.950320522
1440,4.80000012,0.011152418,0.000719885488,5.17643517,0.00215445913,0.00195652628,0.777947235,0.0168664393,240,0.950014547,0.0213124088,0.95215367
1441,4.80333345,0.0113120676,0.000730190827,5.09365736,0.00222081441,0.00205607268,0.777850308,0.0178252406,240,0.951835751,0.0204666956,0.953501935
1442,4.80666678,0.0105748233,0.000682601909,5.17641922,0.00204288386,0.00188526877,0.777772566,0.0195142086,240,0.953047467,0.019666667,0.953878068
1443,4.81000012,0.011222814,0.000724429529,5.41717947,0.00207170799,0.00175032392,0.777714565,0.0211583758,240,0.953628843,0.0189671641,0.95403855
1444,4.81333345,0.0118097881,0.000762318542,5.79692725,0.00203724966,0.00206707416,0.777675435,0.0227610625,240,0.953565119,0.018379531,0.953202607
1445,4.81666678,0.0111946304,0.000722610284,6.28971819,0.0017798302,0.00171814355,0.777654638,0.0243612802,240,0.952832797,0.0179521523,0.952001309
1446,4.82000012,0.0111459215,0.000719466136,6.87108085,0.00162214966,0.00172510098,0.777649565,0.0264471991,240,0.951416191,0.0176264228,0.949844021
1447,4.82333345,0.0112605865,0.000726867731,7.51904242,0.00149760912,0.00209249555,0.777661892,0.0284905432,240,0.94930134,0.0175150216,0.947004342
1448,4.82666678,0.0107747692,0.000695508361,8.21689224,0.00131129494,0.00188029791,0.777693538,0.0304864124,240,0.946472921,0.0175221435,0.94338391
1449,4.83000012,0.0114354038,0.000738152139,8.95128219,0.00127751573,0.00207782202,0.777744694,0.0324444117,240,0.942919502,0.0177259064,0.939224351
1450,4.83333345,0.0113046538,0.000729712266,9.71264036,0.0011639115,0.00189387604,0.777809984,0.0346433627,240,0.938628483,0.0180945849,0.934268216
1451,4.83666678,0.0113107429,0.000730105313,10.4932908,0.00107790235,0.00202583113,0.777896511,0.0370540964,240,0.933593213,0.0186021375,0.928563026
1452,4.84000012,0.0119254,0.000769781259,11.2872391,0.00105653826,0.00212372638,0.77799868,0.0394203008,240,0.927807854,0.0192823276,0.921838175
1453,4.84333345,0.0114509462,0.000739155399,12.0896461,0.000947169676,0.00176200842,0.778121476,0.0417432649,240,0.921263567,0.0200834994,0.914647337
1454,4.84666678,0.0111971095,0.00072277031,12.8972295,0.000868179444,0.00201169236,0.778261327,0.0440141414,240,0.913957394,0.0209835201,0.906545271
1455,4.85000012,0.00986346454,0.000636683898,13.7068146,0.000719602974,0.00157936369,0.778422502,0.0463830434,240,0.905889176,0.0219525417,0.8978721
1456,4.85333345,0.0113748508,0.000734243464,14.5161391,0.00078360029,0.0017646483,0.778601378,0.0490418762,240,0.897059221,0.0230409443,0.888307387
1457,4.85666678,0.0109953533,0.000709747007,15.3228566,0.000717578558,0.00184643162,0.778799107,0.0516469146,240,0.887464392,0.0241972246,0.877971121
1458,4.86000012,0.0105028001,0.000677952833,16.1252166,0.000651327692,0.00201871779,0.779015054,0.0541979079,240,0.877107856,0.0254149902,0.866888156
1459,4.86333345,0.0112023024,0.000723105508,16.9214039,0.000662019679,0.00203346123,0.779247625,0.0566941361,240,0.865994189,0.0266749398,0.855110233
1460,4.86666678,0.0112387448,0.000725457855,17.7101722,0.000634592629,0.00192349835,0.779500256,0.0591413048,240,0.854134027,0.0279498917,0.842393941
1461,4.87000012,0.0110913949,0.000715946462,18.4899056,0.00059986217,0.00198943487,0.779766966,0.061531587,240,0.841529921,0.0292609804,0.829019863
1462,4.87333345,0.0113645343,0.000733577532,19.2594701,0.000590075125,0.00190090612,0.780052402,0.0639821708,240,0.828193666,0.0305703802,0.815042824
1463,4.87666678,0.0111516909,0.000719838554,20.0179499,0.000557084566,0.00194164565,0.780356916,0.066630008,240,0.814134578,0.0319074348,0.800269031
1464,4.88000012,0.010986747,0.000709191471,20.7641282,0.000529121516,0.00177328444,0.780679075,0.0692115793,240,0.799370984,0.0332176274,0.784920695
1465,4.88333345,0.0111806276,0.000721706409,21.4971688,0.000520097679,0.00179259261,0.78101654,0.0717293076,240,0.783923041,0.034526707,0.768758064
1466,4.88666678,0.0116339876,0.00075097067,22.216072,0.000523674373,0.00198865912,0.7813694,0.0741773967,240,0.767804647,0.0358255366,0.751947722
1467,4.89000012,0.0111521698,0.000719869466,22.9198983,0.000486571521,0.00201356552,0.781737929,0.0765578422,240,0.751041867,0.0370625215,0.734523398
1468,4.89333345,0.0113838797,0.000734826276,23.6078966,0.000482206437,0.00172134002,0.78212196,0.0788667886,240,0.733646976,0.038355675,0.716556338
1469,4.89666679,0.0106976628,0.000690531166,24.2792914,0.000440608528,0.00190122097,0.782520665,0.0811023249,240,0.715644917,0.0395995778,0.697909768
1470,4.90000012,0.0108790437,0.000702239251,24.9332923,0.000436326001,0.00202075489,0.782933395,0.0832623953,240,0.697063198,0.0408320832,0.67865598
1471,4.90333345,0.0107279862,0.000692488533,25.5692466,0.000419565989,0.00193087985,0.783361335,0.0853447406,240,0.677931391,0.0420387508,0.658931208
1472,4.90666679,0.0114948774,0.000741991145,26.1863412,0.000438964622,0.00203221953,0.783802768,0.0873533472,240,0.658279107,0.0432754918,0.638914945
1473,4.91000012,0.0110048473,0.00071035984,26.7842624,0.000410869903,0.00168018797,0.784255216,0.0892805389,240,0.638137296,0.0443937375,0.618157048
1474,4.91333345,0.0108180853,0.000698304406,27.3620839,0.000395367742,0.0020237172,0.784719449,0.0911284985,240,0.617528021,0.0455582253,0.597079742
1475,4.91666679,0.010683007,0.000689585137,27.9196108,0.000382634525,0.00212093464,0.785194607,0.0928957943,240,0.596501817,0.0465930017,0.575623672
1476,4.92000012,0.0109584504,0.000707364932,28.456047,0.000385100939,0.0017969952,0.785682209,0.0945793862,240,0.575092595,0.0476141925,0.55379715
1477,4.92333345,0.0121234286,0.000782563952,28.9710832,0.000418466528,0.00211623344,0.786182901,0.0961815685,240,0.553354921,0.0485199945,0.531696839
1478,4.92666679,0.0112059877,0.000723343396,29.463945,0.00038032883,0.00196432655,0.786693066,0.0978113458,240,0.531326194,0.0494306333,0.509186578
1479,4.93000012,0.0114762413,0.000740788191,29.9345248,0.000383378103,0.00174995207,0.78720951,0.0993868286,240,0.509052092,0.0503079046,0.486658215
1480,4.93333345,0.0122613291,0.000791465391,30.3822372,0.000403569001,0.0020177862,0.787733462,0.100867677,240,0.486606708,0.0510490121,0.464075325
1481,4.93666679,0.0106128582,0.00068505705,30.806806,0.000344497192,0.00166948316,0.788264264,0.102248806,240,0.464039134,0.0517888949,0.441287635
1482,4.94000012,0.0119750463,0.000772985912,31.208004,0.000383717147,0.00200226029,0.78880556,0.103529941,240,0.441421753,0.0524960507,0.418625907
1483,4.94333345,0.0114794736,0.000740996837,31.5854134,0.000363442248,0.0018736515,0.789352372,0.104714416,240,0.418824294,0.0531840257,0.395934876
1484,4.94666679,0.0120171694,0.000775704947,31.9388742,0.000376255259,0.00209329912,0.789902416,0.105800469,240,0.396331431,0.0537566082,0.373542753
1485,4.95000012,0.0109262168,0.000705284263,32.2681967,0.000338606366,0.00184055877,0.790457231,0.106784932,240,0.374022356,0.0543058753,0.351206533
1486,4.95333345,0.0111929087,0.000722499153,32.5730001,0.000343625356,0.00218145073,0.791018279,0.107663988,240,0.352043826,0.0547431916,0.329519106
1487,4.95666679,0.011983673,0.000773542768,32.8533328,0.000364762781,0.00204780092,0.791582991,0.108443562,240,0.330514515,0.0551314912,0.308386158
1488,4.96000012,0.011126458,0.000718209776,33.1089783,0.000336055613,0.00182629571,0.792149711,0.109127592,240,0.309595707,0.055474085,0.287996879
1489,4.96333345,0.0112615982,0.000726933037,33.3398538,0.000337781871,0.00214960611,0.792719232,0.109708632,240,0.289457728,0.0557817939,0.268697746
1490,4.96666679,0.0114474159,0.000738927516,33.5460069,0.00034124526,0.00194406427,0.79328908,0.110189473,240,0.270305935,0.0560276312,0.250504584
1491,4.97000012,0.0105672067,0.000682110261,33.7272422,0.000313313691,0.00164238262,0.793856766,0.110568985,240,0.252417819,0.0562241556,0.233692729
1492,4.97333345,0.0114024988,0.000736028135,33.8835686,0.00033652001,0.00201645253,0.794424697,0.110848178,240,0.236087449,0.0564373295,0.219070087
1493,4.97666679,0.0113899299,0.000735216813,34.0151977,0.000334848264,0.00204122182,0.794993712,0.111030543,240,0.221698388,0.056520665,0.206716313
1494,4.98000012,0.0109221244,0.0007050201,34.1219579,0.000320090789,0.00169344079,0.795562977,0.111113937,240,0.209619895,0.0565918551,0.196926874
1495,4.98333345,0.0117895635,0.000761013052,34.2042042,0.000344681708,0.00198503755,0.79613361,0.111100563,240,0.200235999,0.056583401,0.190263007
1496,4.98666679,0.0102700785,0.000662930715,34.2617942,0.000299753084,0.0017847522,0.79670316,0.110991568,240,0.193905043,0.0564950921,0.18708482
1497,4.99000012,0.0114940927,0.000741940494,34.2950865,0.000335152755,0.00191749982,0.797268989,0.110859923,240,0.19086946,0.0563466623,0.187299852
1498,4.99333345,0.0110013891,0.000710136613,34.3041277,0.000320701613,0.00170761078,0.797751355,0.110739328,240,0.191230198,0.0561746058,0.190881349
1499,4.99666679,0.0116910732,0.000754655527,34.2890515,0.000340956446,0.00193528255,0.797662866,0.11054171,240,0.194867268,0.0559781382,0.197647793
1500,5.00000012,0.0107764059,0.000695614007,34.25002,0.000314639403,0.00171154046,0.797580467,0.110268704,240,0.201538052,0.0557041081,0.207007598
1501,5.00333345,0.0111735384,0.000721248802,34.1873776,0.000326832274,0.00183579626,0.797458427,0.109919026,240,0.210820633,0.0554446009,0.218635686
1502,5.00666679,0.0110349223,0.000712301174,34.1013377,0.000323592067,0.0017868338,0.797302512,0.109493973,240,0.222318086,0.0550822897,0.232017305
1503,5.01000012,0.0115973509,0.000748605785,33.9921617,0.000341177211,0.00172494779,0.797153239,0.108995004,240,0.235581185,0.0547167545,0.24666155
1504,5.01333345,0.0109895873,0.000709374811,33.8601665,0.000324557983,0.00203312441,0.797011938,0.108423613,240,0.250218185,0.0542980804,0.262435367
1505,5.01666679,0.0108939855,0.000703203742,33.7055738,0.000323210208,0.00204245143,0.796842596,0.107778119,240,0.265885611,0.0538219857,0.279104442
1506,5.02000012,0.0105440599,0.000680616141,33.5287174,0.000314478475,0.0017169342,0.796635531,0.107060175,240,0.282310642,0.0533904676,0.296259233
1507,5.02333345,0.0114557139,0.000739463155,33.3300275,0.000343705506,0.0017612106,0.796370552,0.106270939,240,0.299287822,0.0528963913,0.313695144
1508,5.02666679,0.0112502172,0.000726198399,33.1097751,0.000339785371,0.00165739354,0.795943775,0.105415414,240,0.316607334,0.0523865172,0.331430757
1509,5.03000012,0.0111686824,0.000720935351,32.8682094,0.000339801974,0.00212912275,0.79551368,0.104494853,240,0.334139538,0.0518898438,0.348900983
1510,5.03333346,0.0109756244,0.00070847351,32.6058546,0.000336615143,0.00185058751,0.795080645,0.103501949,240,0.351765976,0.0513468971,0.366537446
1511,5.03666679,0.0111271999,0.000718257662,32.3229979,0.000344250242,0.00174348163,0.794644942,0.10243875,240,0.369388073,0.0507844712,0.384254124
1512,5.04000012,0.0110693408,0.000714522879,32.020004,0.000345700795,0.00182951145,0.7942078,0.101306753,240,0.386929432,0.0502183475,0.401751405
1513,5.04333346,0.0109543073,0.000707097496,31.6971866,0.000345592417,0.00184081422,0.793771045,0.100440683,240,0.404323663,0.0496940824,0.41902625
1514,5.04666679,0.0109664007,0.000707878121,31.3549375,0.000349750361,0.00181830201,0.793334222,0.0995260513,240,0.421533373,0.049086795,0.43594069
1515,5.05000012,0.0115239793,0.000743869668,30.9937052,0.00037181677,0.00198006645,0.79289568,0.0985443691,240,0.438517877,0.0485422007,0.452711292
1516,5.05333346,0.0109472682,0.000706643124,30.6138227,0.00035759233,0.0020946936,0.792457799,0.0975022532,240,0.455230669,0.0479253617,0.469286173
1517,5.05666679,0.0113075017,0.000729896094,30.2157191,0.0003742258,0.00195522221,0.792020805,0.0963913392,240,0.47164986,0.0473444118,0.485446832
1518,5.06000012,0.0104040258,0.000671576977,29.7997003,0.000349131893,0.0020519033,0.791583841,0.0952182283,240,0.4877679,0.046739044,0.501127759
1519,5.06333346,0.0108801837,0.000702312838,29.3662519,0.000370499571,0.00182157427,0.791147442,0.0939803538,240,0.503561437,0.0461064311,0.516682031
1520,5.06666679,0.010704209,0.000690953719,28.9157145,0.000370186563,0.00179686906,0.790713013,0.0926765636,240,0.519023232,0.045532194,0.531834707
1521,5.07000012,0.0115544969,0.000745839569,28.4484669,0.000406155345,0.00198512028,0.790277464,0.0913066814,240,0.534153369,0.0449213678,0.546734876
1522,5.07333346,0.0103346003,0.000667095578,27.9648634,0.000369556615,0.00185828015,0.789843762,0.0898705983,240,0.548941654,0.0442893962,0.561139122
1523,5.07666679,0.0115157972,0.000743341512,27.4653546,0.000419284489,0.00207055512,0.789412198,0.0883716819,240,0.563377835,0.0437030233,0.575348341
1524,5.08000012,0.0121270171,0.000782795585,26.950258,0.000449977773,0.00190829687,0.788985186,0.0871007895,240,0.57747091,0.0431328867,0.589033443
1525,5.08333346,0.0115152887,0.000743308691,26.4199996,0.000435854992,0.00168379668,0.788562627,0.0857870816,240,0.591213254,0.0425513174,0.602611114
1526,5.08666679,0.0113246063,0.000731000191,25.874883,0.000437667921,0.00172972085,0.788145372,0.0844069421,240,0.604611084,0.041960119,0.615573842
1527,5.09000012,0.0116401883,0.000751370924,25.3154416,0.000459805856,0.00195142134,0.787732427,0.0829571808,240,0.617681169,0.0413427636,0.628386408
1528,5.09333346,0.0112014079,0.000723047771,24.7419221,0.000452729899,0.00161640669,0.787326063,0.0814382345,240,0.630425339,0.0407211692,0.640921363
1529,5.09666679,0.0109776857,0.000708606563,24.1546823,0.000454474439,0.00178148456,0.78692438,0.0798510699,240,0.642839287,0.0401456969,0.653059716
1530,5.10000012,0.0113709671,0.000733992772,23.5542531,0.00048275643,0.00192889441,0.786529927,0.0781966224,240,0.654926919,0.0395050758,0.664932892
1531,5.10333346,0.0106328203,0.000686345598,22.9408822,0.000463487855,0.00176332205,0.786141195,0.0764745859,240,0.666700871,0.0388581219,0.67643963
1532,5.10666679,0.0104333859,0.000673472163,22.3151205,0.000467547817,0.0020270918,0.785758603,0.0746856868,240,0.678163333,0.0382035637,0.687622498
1533,5.11000012,0.0105729683,0.000682482172,21.6773093,0.000487743574,0.0017935225,0.785381265,0.072832079,240,0.689320733,0.0375533158,0.698565916
1534,5.11333346,0.0112284205,0.000724791424,21.0277936,0.000533979963,0.00188312809,0.785008054,0.070913502,240,0.70018119,0.0368973604,0.709208911
1535,5.11666679,0.0103016442,0.000664968275,20.3670686,0.000505799063,0.00181154613,0.784640974,0.0689316328,240,0.710740996,0.0362442398,0.719557576
1536,5.12000012,0.0112149892,0.000723924439,19.6955628,0.000569417047,0.00190365568,0.784281087,0.0668879383,240,0.72100246,0.0355971663,0.729581169
1537,5.12333346,0.0116848945,0.0007542567,19.013808,0.000614547835,0.00198876033,0.783931445,0.0649253956,240,0.73097192,0.034950904,0.73927795
1538,5.12666679,0.0118626376,0.000765729964,18.3223312,0.0006474415,0.00194269641,0.783591883,0.0630214235,240,0.740650774,0.0342407479,0.74890835
1539,5.13000012,0.011393269,0.000735432354,17.6214261,0.000646557719,0.00194918303,0.783263615,0.0610540198,240,0.750031181,0.033525182,0.757970267
1540,5.13333346,0.0125734108,0.000811610178,16.9118443,0.000743467748,0.00194251607,0.782945611,0.0590277917,240,0.759116224,0.0327309363,0.766810297
1541,5.13666679,0.0107366638,0.000693048668,16.1942157,0.000662993749,0.00192703845,0.782635575,0.0569377085,240,0.767902813,0.0319891909,0.77532621
1542,5.14000012,0.0119117959,0.000768903116,15.4691139,0.000770037375,0.00205219517,0.782337686,0.0547874869,240,0.776389322,0.0312626699,0.783643599
1543,5.14333346,0.0111592775,0.000720328263,14.7373279,0.000757211724,0.00177267426,0.782048565,0.0525781976,240,0.784570853,0.030456958,0.791675914
1544,5.14666679,0.0112333227,0.000725107859,13.9995908,0.00080240364,0.00193870099,0.781770893,0.0503123693,240,0.792437955,0.0296220471,0.799223833
1545,5.15000012,0.0114072159,0.000736332618,13.2569318,0.000860471794,0.00178143296,0.781504848,0.0479933863,240,0.799979216,0.0288028547,0.806562174
1546,5.15333346,0.0104976644,0.00067762132,12.5103722,0.000839116871,0.00180158226,0.781250971,0.0456221311,240,0.807190254,0.027958956,0.813583549
1547,5.15666679,0.0117539187,0.00075871219,11.7610597,0.000999392827,0.00202611722,0.781009675,0.0432006405,240,0.814062395,0.0270865557,0.820190005
1548,5.16000012,0.0110501155,0.000713281888,11.0107154,0.00100357834,0.00192233944,0.780779231,0.0407278396,240,0.820579186,0.0262151992,0.826449834
1549,5.16333346,0.0101078823,0.000652461,10.2610717,0.000985070819,0.00226609311,0.780562027,0.0382081909,240,0.826736382,0.0253252796,0.832389952
1550,5.16666679,0.0111745944,0.000721316968,9.51444799,0.00117448689,0.0019264277,0.780357949,0.0358525786,240,0.832518738,0.0244236831,0.837834944
1551,5.17000013,0.0113126574,0.000730228894,8.77386483,0.00128935852,0.00185997259,0.780169252,0.0335196322,240,0.837906059,0.0235444423,0.842896777
1552,5.17333346,0.011710062,0.000755881251,8.04323972,0.00145588872,0.00199303224,0.779996689,0.0311441244,240,0.842888939,0.0226008472,0.847615394
1553,5.17666679,0.0114064784,0.000736285014,7.32761526,0.00155664264,0.0017203293,0.779838294,0.0287223117,240,0.847456122,0.0217039278,0.851821034
1554,5.18000013,0.0111920736,0.000722445245,6.63428937,0.00168700414,0.0019495929,0.779689277,0.0262603229,240,0.851595877,0.0207928625,0.855606007
1555,5.18333346,0.0105827354,0.000683112632,5.97318214,0.00177170813,0.00168674858,0.779553897,0.0237589372,240,0.855286,0.0198792071,0.858962626
1556,5.18666679,0.0111146091,0.000717444934,5.35850144,0.00207420102,0.00178211897,0.779435649,0.0212164533,240,0.858512038,0.018985353,0.861858447
1557,5.19000013,0.0105498422,0.000680989383,4.8101834,0.00219323075,0.0018101108,0.779331654,0.0186393407,240,0.861261955,0.0181504551,0.864062883
1558,5.19333346,0.0110719272,0.000714689827,4.35573988,0.00254191653,0.00187363598,0.779243677,0.0162345172,240,0.863519988,0.0172988811,0.865943788
1559,5.19666679,0.0116074326,0.00074925655,4.02834186,0.00288144178,0.00201756105,0.779173834,0.0139664007,240,0.865270987,0.0165302843,0.867308459
1560,5.20000013,0.0116585132,0.000752553793,3.86187067,0.00301887718,0.00182915303,0.779119556,0.0131592451,240,0.866501842,0.0158210725,0.868108109
1561,5.20333346,0.0109820248,0.000708886652,3.87787013,0.00283197333,0.00199359325,0.779081289,0.0144847977,240,0.867198452,0.0152535792,0.868252869
1562,5.20666679,0.0112304822,0.000724924509,4.0745512,0.00275625012,0.00213812805,0.779058437,0.0158981965,240,0.867347285,0.0146809807,0.867996813
1563,5.21000013,0.0105211371,0.00067913648,4.42762896,0.00237624634,0.00176239568,0.779051862,0.017615487,240,0.866932953,0.0143019983,0.86704203
1564,5.21333346,0.0111447176,0.000719388429,4.90277324,0.00227314564,0.00181023414,0.779061719,0.0193013521,240,0.865948284,0.0140231604,0.865570364
1565,5.21666679,0.0101545123,0.000655470949,5.46740883,0.00185728059,0.00166678306,0.779087197,0.020955858,240,0.864380246,0.0138762646,0.863434594
1566,5.22000013,0.0110901892,0.000715868632,6.09561209,0.00181937252,0.00189799933,0.779128536,0.022688843,240,0.862217993,0.013864272,0.860755914
1567,5.22333346,0.0112825462,0.000728285226,6.76838747,0.00166694745,0.00206044229,0.779188509,0.0247307237,240,0.859453409,0.0139951875,0.857460916
1568,5.22666679,0.0118615274,0.000765658298,7.47215571,0.00158743043,0.00187258547,0.779262646,0.0267432942,240,0.856078355,0.0143240378,0.853441017
1569,5.23000013,0.0113571442,0.000733100504,8.19721391,0.00138548833,0.00199628849,0.779353734,0.0287243543,240,0.852084493,0.0147861675,0.848866418
1570,5.23333346,0.0117730376,0.00075994631,8.93678539,0.00131736828,0.00175432495,0.779462689,0.0306704852,240,0.847468944,0.0154095379,0.843755893
1571,5.23666679,0.0108714718,0.000701750489,9.68570318,0.00112242463,0.00173954949,0.779589663,0.0329512812,240,0.842224612,0.0161279312,0.837889779
1572,5.24000013,0.0119276317,0.000769925313,10.4401381,0.00114247834,0.00172690464,0.779732899,0.035243007,240,0.836349894,0.0169358456,0.83130139
1573,5.24333346,0.0114866073,0.00074145731,11.1969317,0.00102587098,0.00212300346,0.779890057,0.0375006459,240,0.829840477,0.0178651131,0.824187231
1574,5.24666679,0.010897878,0.000703454999,11.9537849,0.000911667568,0.00185936455,0.780063962,0.0397229196,240,0.822695453,0.0188439751,0.816462605
1575,5.25000013,0.0108120476,0.000697914673,12.7086853,0.000850760512,0.0015935533,0.780253123,0.0419078003,240,0.81491271,0.0198823174,0.80809493
1576,5.25333346,0.0105171889,0.000678881627,13.4599353,0.000781369949,0.00184336015,0.780458827,0.0443251305,240,0.806495867,0.0209772499,0.799089121
1577,5.25666679,0.0125496394,0.000810075741,14.2061115,0.000883397219,0.00210457249,0.780678692,0.0467713833,240,0.797451255,0.0220904843,0.789318323
1578,5.26000013,0.0108993792,0.000703551902,14.945865,0.000729257169,0.00209827267,0.780914769,0.0491765837,240,0.787781021,0.0232177227,0.779017766
1579,5.26333346,0.0106329284,0.000686352577,15.6780732,0.000678203772,0.00219441687,0.781167342,0.0515386501,240,0.777486588,0.0243865477,0.767970002
1580,5.26666679,0.0117730836,0.000759949276,16.4016002,0.000717800913,0.00198338843,0.781434122,0.053853985,240,0.766573504,0.0255434716,0.756494655
1581,5.27000013,0.0109041996,0.000703863056,17.1156813,0.000637088257,0.00194370293,0.781714672,0.0561220818,240,0.755052239,0.0266811948,0.744379974
1582,5.27333346,0.0103666515,0.000669164475,17.8193996,0.000581762108,0.00207633469,0.782010268,0.0583420216,240,0.742936016,0.0278498216,0.731531256
1583,5.27666679,0.0110635217,0.000714147254,18.511787,0.000597647418,0.00192561111,0.782319349,0.0605104544,240,0.730230278,0.0290502483,0.718290769
1584,5.28000013,0.0111070793,0.000716958887,19.1922193,0.000578728241,0.00195048498,0.782643189,0.0627138543,240,0.716952843,0.0301954872,0.704401187
1585,5.28333346,0.0119277991,0.000769936124,19.8598474,0.000600598731,0.00193676864,0.782979544,0.0650235963,240,0.70311583,0.0313799258,0.689898128
1586,5.28666679,0.0112344879,0.000725183073,20.5140268,0.000547649078,0.00180048757,0.783329003,0.0672731216,240,0.688730903,0.0325618499,0.674856523
1587,5.29000013,0.0108850506,0.000702626992,21.1540629,0.000514560753,0.00175704311,0.783689506,0.0694668847,240,0.673814567,0.0337304521,0.659403913
1588,5.29333346,0.0104776738,0.000676330935,21.779397,0.000481081905,0.00174451618,0.78406173,0.0715990266,240,0.658379796,0.0348663368,0.643307386
1589,5.29666679,0.0119817952,0.000773421556,22.3893472,0.000535156076,0.00187716913,0.784446374,0.0736674891,240,0.642454138,0.0359256334,0.626792234
1590,5.30000013,0.0113761645,0.000734328263,22.9832998,0.000494975249,0.00193281531,0.784843022,0.0756744305,240,0.626052016,0.0369828373,0.609775454
1591,5.30333346,0.011353986,0.000732896646,23.5607937,0.000481901678,0.00187719427,0.785248638,0.0776180241,240,0.609198264,0.037996292,0.592401608
1592,5.3066668,0.0109293953,0.000705489432,24.1212107,0.000453103097,0.00190160638,0.78566347,0.0794942702,240,0.591918042,0.0389685888,0.574529378
1593,5.31000013,0.00977439772,0.00063093466,24.6641696,0.000396299486,0.00168884577,0.786088069,0.0812992621,240,0.574231613,0.0399152779,0.556331617
1594,5.31333346,0.0117316645,0.00075727569,25.1891094,0.000465743522,0.0017744587,0.786524623,0.0830350451,240,0.556169602,0.0408292701,0.537564881
1595,5.3166668,0.0106212983,0.000685601855,25.6955069,0.000413352355,0.00176159576,0.786970345,0.084700431,240,0.537747029,0.0417883813,0.51876021
1596,5.32000013,0.0108625215,0.000701172746,26.1831313,0.000414867166,0.00165916989,0.787423358,0.0862951873,240,0.518997172,0.0426590796,0.499491083
1597,5.32333346,0.0115364308,0.000744673407,26.6514258,0.000432863552,0.00171018704,0.787883128,0.087817385,240,0.499951218,0.0434758946,0.479857871
1598,5.3266668,0.0107849194,0.000696163551,27.1000644,0.000397966559,0.00196297829,0.788351259,0.0892650027,240,0.48065451,0.0442173628,0.460169881
1599,5.33000013,0.0111862646,0.000722070274,27.5287661,0.000406348201,0.00209329944,0.788825878,0.0906382431,240,0.46114167,0.044919154,0.440176194
1600,5.33333346,0.0101980297,0.000658279986,27.9371473,0.000365034754,0.00179869439,0.789305144,0.0919356632,240,0.441443141,0.0456103337,0.419930987
1601,5.3366668,0.0108258713,0.00069880699,28.3248577,0.00038220391,0.00182556955,0.789789232,0.0931573252,240,0.421604783,0.0462900232,0.399540745
1602,5.34000013,0.011074493,0.000714855449,28.6916516,0.000385983113,0.00208444122,0.790279325,0.0943025317,240,0.401664599,0.0469578786,0.3793214
1603,5.34333346,0.0108381412,0.000699599009,29.0373056,0.000373248861,0.00185352537,0.790775177,0.095371323,240,0.381680553,0.0474938206,0.359096794
1604,5.3466668,0.0113988502,0.00073579262,29.3615885,0.000388223213,0.00220863064,0.791273918,0.0963622608,240,0.361698586,0.0480376975,0.338719192
1605,5.35000013,0.0115720131,0.000746970234,29.6643397,0.000390098456,0.00206804238,0.791774211,0.0972753108,240,0.341803405,0.0484688359,0.318343179
1606,5.35333346,0.0105478345,0.000680859792,29.9452601,0.000352237199,0.00176024889,0.792277562,0.098111724,240,0.322043511,0.0489218964,0.29815187
1607,5.3566668,0.0110728186,0.000714747368,30.2041981,0.000366598662,0.0020511793,0.792782022,0.0988705573,240,0.302503902,0.04929901,0.27868375
1608,5.36000013,0.0108366173,0.000699500637,30.4411537,0.000355985761,0.00212840137,0.793289806,0.0995520432,240,0.283330896,0.0495940215,0.259521385
1609,5.36333346,0.0110928868,0.000716042763,30.6559276,0.000361851285,0.00176574067,0.793798768,0.100156906,240,0.264642002,0.0498186888,0.240680652
1610,5.3666668,0.011059932,0.000713915544,30.8484454,0.000358524779,0.00192308851,0.794309306,0.100685909,240,0.246564178,0.0500777002,0.222706979
1611,5.37000013,0.0104875508,0.000676968491,31.0186743,0.000338104417,0.00194169279,0.794816512,0.101136847,240,0.229312285,0.050298942,0.205739953
1612,5.37333346,0.0113529543,0.00073283005,31.1665176,0.000364267657,0.00184937888,0.795322699,0.101508773,240,0.213104576,0.0504830612,0.189736142
1613,5.3766668,0.0106706901,0.000688790082,31.2919765,0.000341004029,0.00168979922,0.79582688,0.101804483,240,0.198226281,0.0505932387,0.176296514
1614,5.38000013,0.0118340171,0.000763882516,31.3951857,0.000376937317,0.00213503356,0.796330318,0.102022746,240,0.184969761,0.0507026254,0.164312544
1615,5.38333346,0.0108923939,0.000703101002,31.4760165,0.000346053761,0.00197244547,0.796831339,0.102165707,240,0.173734227,0.0507390581,0.154445831
1616,5.3866668,0.0111978074,0.000722815357,31.5345618,0.000355096337,0.00198826733,0.797331339,0.102231192,240,0.164884121,0.0507302333,0.147956984
1617,5.39000013,0.0114222101,0.000737300494,31.5709362,0.000361795104,0.00206811487,0.797825508,0.102222325,240,0.158820976,0.0506866841,0.143883292
1618,5.39333346,0.0112460235,0.000725927694,31.5850157,0.000356055656,0.00176751974,0.79831563,0.102138815,240,0.155854692,0.0505553502,0.144810702
1619,5.3966668,0.0120901455,0.000780415539,31.5771296,0.000382876649,0.00229578202,0.798276549,0.101980917,240,0.156123283,0.0504373982,0.14837641
1620,5.40000013,0.0114725538,0.000740550164,31.5474165,0.000363660644,0.00208709339,0.798112606,0.101749034,240,0.159526798,0.050223821,0.155064741
1621,5.40333346,0.0106322274,0.000686307325,31.4958517,0.000337575483,0.00183122287,0.797744633,0.101441102,240,0.165813269,0.0500302773,0.164403436
1622,5.4066668,0.0112551239,0.000726515122,31.4226632,0.000358184913,0.00209406597,0.797375455,0.101060294,240,0.174602793,0.0497906876,0.175397452
1623,5.41000013,0.011642868,0.000751543896,31.32786,0.000371645812,0.00168219067,0.797003839,0.100608042,240,0.18546263,0.0495287049,0.189382163
1624,5.41333346,0.0122791304,0.000792614456,31.2120617,0.000393409781,0.00215881411,0.79663059,0.100084658,240,0.197931949,0.0492402962,0.203701267
1625,5.4166668,0.0105585026,0.00068154841,31.0751048,0.000339773675,0.00178117789,0.796255519,0.0994943753,240,0.211680329,0.0489371142,0.219010453
1626,5.42000013,0.011085724,0.000715580404,30.917328,0.000358560221,0.00204395141,0.795881599,0.098833415,240,0.226404256,0.0485713071,0.235024709
1627,5.42333346,0.0112745294,0.000727767744,30.7388157,0.000366784769,0.00185411982,0.795506845,0.0981069957,240,0.241857669,0.0482021405,0.251476523
1628,5.4266668,0.0109921767,0.000709541957,30.5400383,0.00035992675,0.00190302334,0.795132998,0.097311371,240,0.257829385,0.0478151969,0.26840031
1629,5.43000013,0.0110897368,0.000715839433,30.3211176,0.00036574301,0.00186396594,0.794759661,0.0964506158,240,0.274149468,0.0473591028,0.285541085
1630,5.43333346,0.0122174606,0.000788633692,30.0824407,0.000406132625,0.00212902987,0.79438608,0.0955250897,240,0.29072586,0.046869677,0.302658141
1631,5.4366668,0.0108441073,0.000699984117,29.8241423,0.000363601648,0.00204556893,0.79401415,0.0945349504,240,0.307433682,0.0463759857,0.319769751
1632,5.44000013,0.0117048869,0.0007555472,29.5466483,0.000396149396,0.00203271253,0.793641189,0.093565827,240,0.324194855,0.0459003103,0.336880636
1633,5.44333347,0.0110185982,0.000711247457,29.2502052,0.000376701571,0.00185247819,0.793268105,0.0926928166,240,0.34093686,0.0453296842,0.353939337
1634,5.4466668,0.0111871994,0.000722130617,28.9349668,0.00038663253,0.00187074101,0.792896836,0.0917567471,240,0.357609375,0.0448034658,0.370700623
1635,5.45000013,0.011100938,0.000716562469,28.6015327,0.000388123887,0.00202166299,0.792526688,0.0907637291,240,0.374158129,0.0442399231,0.387528334
1636,5.45333347,0.011399256,0.000735818811,28.2498448,0.000403515704,0.0020045492,0.792156134,0.0897102056,240,0.390554302,0.0436716318,0.403939787
1637,5.4566668,0.011149253,0.000719681184,27.8804881,0.000399894468,0.00191339575,0.791787902,0.0885995799,240,0.406750985,0.0431527571,0.420129423
1638,5.46000013,0.0115051795,0.000742656146,27.493798,0.000418464541,0.00168167386,0.791421947,0.0874284855,240,0.422729553,0.0425600505,0.43614517
1639,5.46333347,0.010791409,0.000696582453,27.0900007,0.000398353957,0.00166171739,0.791060895,0.0862037284,240,0.438461807,0.0419859965,0.451898914
1640,5.4666668,0.011127939,0.000718305371,26.6694857,0.000417253601,0.00184202889,0.790698895,0.0849169208,240,0.453946408,0.0413502636,0.46726749
1641,5.47000013,0.0110611999,0.000713997385,26.232634,0.000421657998,0.00193366366,0.790340334,0.0835747318,240,0.469165881,0.0407467211,0.482327248
1642,5.47333347,0.0108170848,0.000698239825,25.7797739,0.000419595799,0.00205362397,0.789985498,0.0821809403,240,0.484111705,0.0401504034,0.497149906
1643,5.4766668,0.0110917694,0.000715970638,25.3113113,0.00043821394,0.00172725237,0.78963507,0.0807324463,240,0.498760473,0.0395202233,0.511643422
1644,5.48000013,0.0107591204,0.000694498234,24.8275706,0.000433353732,0.00170463636,0.78928872,0.0792267529,240,0.513111513,0.0388336802,0.525942078
1645,5.48333347,0.0112111094,0.000723673997,24.3287476,0.000460817365,0.00177096218,0.788947605,0.0776708568,240,0.527152013,0.0381800221,0.539756289
1646,5.4866668,0.0107271521,0.00069243469,23.8155857,0.00045042571,0.00179828344,0.788607114,0.0762374367,240,0.540887263,0.0374695451,0.553231958
1647,5.49000013,0.0114110628,0.000736580938,23.2883365,0.000489990465,0.00180861946,0.788274023,0.0748136011,240,0.554303571,0.0367870526,0.56653034
1648,5.49333347,0.0107291439,0.000692563263,22.7471943,0.000471668892,0.00214986546,0.787945689,0.0733322661,240,0.567397576,0.0360827736,0.579327703
1649,5.4966668,0.0112974948,0.000729250156,22.1927481,0.000509062456,0.00181067381,0.787619955,0.0717993632,240,0.580170091,0.0354116557,0.59188905
1650,5.50000013,0.0107889851,0.000696425992,21.6252471,0.000498906904,0.00185416717,0.78729897,0.0702081908,240,0.592614747,0.0347384675,0.604118143
1651,5.50333347,0.0106577874,0.000687957221,21.0451934,0.000506423829,0.00188170854,0.786984604,0.0685633621,240,0.604724135,0.034030516,0.61608712
1652,5.5066668,0.0117785078,0.000760299412,20.452795,0.000575887444,0.00179562721,0.786676352,0.0668623564,240,0.616494985,0.0333503269,0.627622154
1653,5.51000013,0.0115440153,0.000745162985,19.8486396,0.000581602345,0.0018257543,0.786375979,0.0651137524,240,0.627935778,0.0325853498,0.638778573
1654,5.51333347,0.0114344217,0.000738088748,19.2331875,0.000594515167,0.00211502347,0.786081267,0.0633135972,240,0.63903947,0.0318455684,0.649565154
1655,5.5166668,0.0111637464,0.000720616729,18.6069332,0.000599977774,0.00197343104,0.78579092,0.061458888,240,0.649802696,0.0311118891,0.660026758
1656,5.52000013,0.011170985,0.000721083983,17.9702528,0.000621637611,0.00178733914,0.785509133,0.0595558033,240,0.660221661,0.0303310168,0.670147923
1657,5.52333347,0.011264715,0.000727134225,17.3236749,0.000650249734,0.00200814964,0.785235902,0.0576030231,240,0.670291455,0.0295442721,0.679938121
1658,5.5266668,0.0112946091,0.000729063884,16.667526,0.000677641607,0.0019477414,0.784971111,0.0556075033,240,0.680008492,0.0288528431,0.689308785
1659,5.53000013,0.0110064637,0.000710464175,16.0023867,0.000687801382,0.00178485975,0.784714539,0.053563138,240,0.689368674,0.0281047238,0.698481943
1660,5.53333347,0.0109191774,0.000704829872,15.3287333,0.00071233397,0.00174591542,0.784466124,0.0516395959,240,0.698374687,0.0273645816,0.707181275
1661,5.5366668,0.0116421365,0.000751496683,14.6471996,0.000794837022,0.00208683394,0.784223534,0.049704228,240,0.707022244,0.0265691398,0.71560048
1662,5.54000013,0.0117297214,0.00075715026,13.9582321,0.000840344341,0.00178353559,0.783989428,0.0477233075,240,0.715307798,0.0257386921,0.723481778
1663,5.54333347,0.0103893093,0.000670627033,13.2626815,0.000783349076,0.00167800881,0.783760923,0.0456895017,240,0.72322174,0.0249476474,0.731031385
1664,5.5466668,0.011862315,0.000765709139,12.5612857,0.000944355163,0.00214070109,0.78354486,0.0436122943,240,0.730759138,0.0240799332,0.738134839
1665,5.55000013,0.0114247904,0.000737467048,11.8548942,0.000963719302,0.00199845139,0.78333917,0.0414921208,240,0.737915295,0.0232520185,0.744960069
1666,5.55333347,0.0108765737,0.000702079815,11.144226,0.000975982876,0.00202301198,0.783141204,0.0393285398,240,0.744683111,0.0224527064,0.751416189
1667,5.5566668,0.0114379435,0.000738316076,10.4303264,0.00109660455,0.00175161709,0.78295454,0.0371237705,240,0.751062557,0.021581045,0.757549138
1668,5.56000013,0.0112743943,0.00072775902,9.71433658,0.00116059333,0.00178536587,0.782778616,0.0348770153,240,0.757043062,0.0207081372,0.763055371
1669,5.56333347,0.010669589,0.000688719008,8.99798352,0.00118577556,0.00168586684,0.782613525,0.0325939142,240,0.76261636,0.0198489334,0.768274037
1670,5.5666668,0.0112448682,0.000725853118,8.28295412,0.00135759151,0.00170199426,0.78245775,0.0302819685,240,0.767773259,0.0190374233,0.773052954
1671,5.57000013,0.0110545329,0.000713567028,7.5716977,0.00145998075,0.00196841124,0.782311985,0.0279306644,240,0.772511097,0.0181961584,0.777206499
1672,5.57333347,0.0117022273,0.000755375522,6.86759556,0.00170397735,0.00200068708,0.782178275,0.0256963125,240,0.776821957,0.0173685325,0.781227939
1673,5.5766668,0.0115095913,0.000742940923,6.17481159,0.00186395829,0.00186525913,0.782056774,0.0235127661,240,0.780694172,0.0165573671,0.784644484
1674,5.58000014,0.0109610943,0.000707535594,5.49971606,0.00199302912,0.00189905943,0.781946232,0.0213007277,240,0.784119281,0.0157248557,0.787653342
1675,5.58333347,0.0115136889,0.000743205425,4.85187334,0.00237303988,0.00182439622,0.781846224,0.0190589507,240,0.787091655,0.0149264865,0.790401805
1676,5.5866668,0.0114632882,0.000739952073,4.24531477,0.00270022103,0.00217793452,0.781759096,0.0167891966,240,0.789602835,0.0141817769,0.792231711
1677,5.59000014,0.0109145763,0.000704532874,3.70293648,0.0029475462,0.00178483457,0.781683188,0.0144928923,240,0.791643097,0.0135048331,0.79388312
1678,5.59333347,0.011095653,0.00071622132,3.25821667,0.00340543742,0.0019773689,0.781618927,0.0121734674,240,0.793204673,0.012831489,0.794835348
1679,5.5966668,0.0103200467,0.000666156151,2.95695175,0.00349009642,0.00166831251,0.781567223,0.0101574381,240,0.794278137,0.0122555928,0.795515262
1680,5.60000014,0.0113112521,0.000730138187,2.84562635,0.00397496043,0.00189827771,0.781530418,0.0101594378,240,0.794860751,0.0117573108,0.795639743
1681,5.60333347,0.0110474835,0.000713111992,2.94619935,0.00374974065,0.00184919492,0.781506441,0.0115388013,240,0.794941335,0.011365977,0.795222471
1682,5.6066668,0.0111333813,0.000718656676,3.23853691,0.00343778121,0.00165636159,0.781493351,0.0129586448,240,0.794513645,0.0110449998,0.794261795
1683,5.61000014,0.0110856484,0.000715575528,3.67642787,0.00301533141,0.00177452136,0.781493051,0.0146650768,240,0.793570772,0.0108655211,0.792787454
1684,5.61333347,0.0113732243,0.000734138473,4.21378711,0.00269905053,0.00208113793,0.781505958,0.0163491519,240,0.792103573,0.0108590857,0.79080151
1685,5.6166668,0.0112558217,0.000726560164,4.81617708,0.00233708634,0.00185260473,0.781532231,0.0180061351,240,0.790109719,0.0109907159,0.788309257
1686,5.62000014,0.0106417476,0.000686921853,5.46061835,0.00194881731,0.00179977599,0.781569397,0.019716366,240,0.78758228,0.0112521486,0.785196928
1687,5.62333347,0.0109837145,0.000708995721,6.13228515,0.00179112912,0.00212316558,0.78161632,0.0216828326,240,0.78451805,0.0116185683,0.781604667
1688,5.6266668,0.0119765796,0.000773084886,6.8215702,0.00175569249,0.00197291811,0.781676945,0.0236224528,240,0.780912731,0.0120962773,0.777444898
1689,5.63000014,0.0107398223,0.000693252547,7.52193567,0.00142780034,0.00175733038,0.781751842,0.0255378133,240,0.776763146,0.0126688632,0.772718084
1690,5.63333347,0.0115512159,0.000745627783,8.22877661,0.0014037586,0.00183939581,0.781840524,0.0274265877,240,0.772065188,0.0133535469,0.767428915
1691,5.6366668,0.0109286236,0.00070543962,8.9387772,0.00122260834,0.00189742045,0.781942781,0.0295995891,240,0.766820524,0.0141284679,0.761707996
1692,5.64000014,0.0108678468,0.000701516496,9.6494644,0.00112626425,0.00171096096,0.782056763,0.0317579489,240,0.761021619,0.0149529244,0.755351576
1693,5.64333347,0.0113863702,0.000734987038,10.3588053,0.00109919724,0.00185279214,0.78218495,0.0338889259,240,0.754669579,0.0158756389,0.748517642
1694,5.6466668,0.010875765,0.000702027611,11.0652361,0.000982876902,0.00174074393,0.782324549,0.0359899217,240,0.74777006,0.0168440429,0.741077455
1695,5.65000014,0.0103919518,0.000670797605,11.7674199,0.000883112178,0.00180913721,0.78247513,0.0380587452,240,0.740321713,0.0178324764,0.732706018
1696,5.65333347,0.010233548,0.00066057268,12.463843,0.000821058801,0.00168811343,0.782636511,0.0402301634,240,0.732323755,0.0188557584,0.724404712
1697,5.6566668,0.0114024878,0.000736027424,13.154023,0.000866844146,0.00175898742,0.78281239,0.0424875209,240,0.723785726,0.0199110029,0.715263117
1698,5.66000014,0.0110854117,0.000715560247,13.8367741,0.000801155792,0.00207689234,0.782999073,0.0447145379,240,0.7147123,0.0209367525,0.705625411
1699,5.66333347,0.011452014,0.000739224324,14.5113001,0.000789179047,0.00204547304,0.7831975,0.0469045583,240,0.705105383,0.0219573713,0.695396332
1700,5.6666668,0.0117326178,0.000757337225,15.1768063,0.000773062371,0.00225917534,0.783409022,0.0490527416,240,0.694969866,0.0229956995,0.684767019
1701,5.67000014,0.0103345122,0.000667089896,15.832698,0.000652732228,0.00180796595,0.783633407,0.0511685804,240,0.684310858,0.0240419137,0.673609584
1702,5.67333347,0.0105015832,0.000677874282,16.4782886,0.000637298175,0.00178620022,0.783870917,0.0532380916,240,0.673137753,0.0251008567,0.661847963
1703,5.6766668,0.0119347194,0.000770382823,17.1128309,0.000697413504,0.00182279602,0.784118582,0.055267706,240,0.661463813,0.0261698296,0.649652896
1704,5.68000014,0.0111208685,0.000717848975,17.7357598,0.000627030848,0.00188237625,0.784378165,0.0572520371,240,0.649296766,0.0271930517,0.636839098
1705,5.68333347,0.0109674079,0.000707943134,18.346407,0.000597795954,0.00176845876,0.784646666,0.0591941783,240,0.636642154,0.0281827774,0.623880124
1706,5.6866668,0.010613142,0.000685075371,18.9445265,0.000560222079,0.00182431135,0.784922751,0.0610894012,240,0.623507937,0.0292007686,0.610149068
1707,5.69000014,0.0116668727,0.000753093393,19.5292773,0.00059740422,0.00188004021,0.78520832,0.0630546409,240,0.609912116,0.0302500637,0.596078716
1708,5.69333347,0.0112571278,0.000726644478,20.1002642,0.000560048749,0.00196242256,0.785506415,0.0649978638,240,0.595868883,0.0312107727,0.581689978
1709,5.6966668,0.0114325634,0.000737968797,20.657099,0.000553444772,0.00185149891,0.785816971,0.0668852777,240,0.581400771,0.0321329401,0.566555438
1710,5.70000014,0.0110377537,0.000712483937,21.1990408,0.000520672318,0.00165374841,0.786137363,0.0687210793,240,0.566514861,0.0330095488,0.551335884
1711,5.70333347,0.0119947158,0.000774255575,21.7259427,0.000552091845,0.00199402105,0.786466725,0.0704971699,240,0.551233291,0.0339144682,0.53552118
1712,5.7066668,0.0113741024,0.000734195155,22.237144,0.000511491153,0.0021545926,0.786805359,0.0722177872,240,0.535576976,0.0347199402,0.519545286
1713,5.71000014,0.0110476326,0.000713121616,22.7324234,0.000485985694,0.00175073893,0.787153494,0.0738786948,240,0.51954231,0.0356282267,0.503011888
1714,5.71333347,0.012303576,0.000794192413,23.2111836,0.000530071028,0.00189573192,0.787508757,0.0754781696,240,0.503159728,0.0364773467,0.486260112
1715,5.71666681,0.010836029,0.000699462664,23.6731665,0.000457734668,0.00172296218,0.787871679,0.0770142886,240,0.486448986,0.0372423546,0.469219342
1716,5.72000014,0.0108173579,0.000698257449,24.118118,0.000448515838,0.00182762085,0.788241699,0.0784911076,240,0.469431407,0.0379948435,0.451885205
1717,5.72333347,0.0114204996,0.000737190078,24.5456286,0.000465276314,0.00191056112,0.788615672,0.0799026922,240,0.452115771,0.0387790222,0.434142455
1718,5.72666681,0.0119113853,0.000768876616,24.95515,0.000477311711,0.00207231578,0.788998184,0.0812488854,240,0.434548122,0.0395090344,0.416331982
1719,5.73000014,0.0112098647,0.000723593656,25.3466567,0.000442262064,0.00182841844,0.789387781,0.0825299506,240,0.41674965,0.0401754669,0.39814292
1720,5.73333347,0.011299844,0.000729401791,25.7196918,0.000439346009,0.00187537402,0.789783442,0.0837458976,240,0.3987395,0.0408488267,0.37991484
1721,5.73666681,0.0112162382,0.000724005066,26.074121,0.000430167454,0.00175655596,0.790184419,0.0848968287,240,0.380535079,0.0414578266,0.361590623
1722,5.74000014,0.0118373937,0.000764100478,26.4098473,0.000448218938,0.00175658911,0.790591359,0.0859792874,240,0.36218001,0.0420279082,0.342912321
1723,5.74333347,0.0115099816,0.000742966116,26.7262384,0.000430662235,0.00183471846,0.791002988,0.086997634,240,0.343723184,0.0425008853,0.324292187
1724,5.74666681,0.0115398221,0.000744892313,27.0233264,0.000427031887,0.00175743096,0.791419093,0.0879468004,240,0.325184847,0.0429741547,0.305559559
1725,5.75000014,0.0103727711,0.000669559496,27.30088,0.000379942739,0.00180110269,0.79184038,0.0888248031,240,0.306624476,0.04333056,0.286935975
1726,5.75333347,0.0107620714,0.000694688719,27.5588828,0.000390511889,0.00166349789,0.792265498,0.0896341257,240,0.28807231,0.043722817,0.268307586
1727,5.75666681,0.0114108235,0.000736565492,27.7969547,0.000410506247,0.00218095686,0.792692519,0.0903709782,240,0.269577994,0.044122251,0.249784902
1728,5.76000014,0.0117491346,0.000758403378,28.0150809,0.000419386067,0.00196258889,0.793122112,0.0910379571,240,0.251223254,0.0444756938,0.231523059
1729,5.76333347,0.0109075233,0.000704077601,28.2130959,0.000386612067,0.00176342972,0.793554056,0.0916360901,240,0.233102508,0.0447615779,0.213418249
1730,5.76666681,0.0113041245,0.000729678096,28.3910358,0.000398158226,0.00188389245,0.793987581,0.0921635898,240,0.215312539,0.0449998129,0.195771298
1731,5.77000014,0.0105505346,0.000681034078,28.5487324,0.000369562278,0.00165253309,0.79442207,0.0926209219,240,0.197950618,0.0452131268,0.17885845
1732,5.77333347,0.0113435308,0.000732221767,28.6859236,0.000395438926,0.00205224639,0.794858312,0.0930072983,240,0.181197066,0.0454293811,0.162514233
1733,5.77666681,0.0109099276,0.0007042328,28.8030477,0.000378776848,0.00190998186,0.795296123,0.0933219238,240,0.165279014,0.0455976107,0.147353774
1734,5.78000014,0.0111883949,0.000722207787,28.8998601,0.000387143567,0.00168805771,0.795733939,0.0935646634,240,0.150501289,0.0457176129,0.133895951
1735,5.78333347,0.0113651624,0.000733618081,28.9762123,0.00039222388,0.00195468888,0.796172096,0.0937381526,240,0.13725765,0.0457265655,0.122015292
1736,5.78666681,0.0118457386,0.000764639138,29.0321181,0.000408021852,0.00176692086,0.796607447,0.0938401739,240,0.126041924,0.0457821517,0.113138712
1737,5.79000014,0.0104800816,0.000676486361,29.0677777,0.000360539487,0.00175757693,0.79704317,0.0938727639,240,0.117406891,0.045809607,0.107062233
1738,5.79333347,0.0109684116,0.000708007922,29.08315,0.000377139738,0.00177402328,0.797477202,0.0938336718,240,0.111943225,0.0457738001,0.105204379
1739,5.79666681,0.0112970477,0.000729221292,29.0782857,0.000388504597,0.00196521268,0.79791204,0.0937271106,240,0.110053302,0.0457433817,0.107039911
1740,5.80000014,0.0107985805,0.000697045377,29.053321,0.000371681452,0.00181205561,0.798346397,0.0935510117,240,0.111904196,0.0456769889,0.112602254
1741,5.80333347,0.0105301813,0.000679720279,29.00833,0.000363005429,0.00176464094,0.798128787,0.0933073946,240,0.117244746,0.0455613505,0.121391875
1742,5.80666681,0.0116301997,0.000750726164,28.9433157,0.000401826793,0.00190045314,0.797777513,0.0929945432,240,0.125604268,0.0454383539,0.132147594
1743,5.81000014,0.0104519198,0.000674668519,28.8585991,0.000362176963,0.00161692868,0.797423982,0.0926125233,240,0.136340293,0.0453151017,0.14504728
1744,5.81333347,0.0115313933,0.000744348235,28.7542292,0.000401032947,0.00203418054,0.797068235,0.0921666192,240,0.148881721,0.045140107,0.15936714
1745,5.81666681,0.0108125007,0.000697943918,28.6302763,0.00037765967,0.00178200816,0.796711902,0.0916552746,240,0.162773437,0.0448715326,0.174344948
1746,5.82000014,0.0115538224,0.000745796032,28.4870466,0.000405581618,0.00202474043,0.796356125,0.0910816816,240,0.177619821,0.0446018454,0.189903742
1747,5.82333347,0.0113105969,0.000730095891,28.3247348,0.000399318722,0.00206116489,0.796001319,0.0904420566,240,0.193147901,0.0442847297,0.206358632
1748,5.82666681,0.0116476817,0.00075185462,28.1432974,0.00041387054,0.00203494043,0.795644272,0.089738906,240,0.209126407,0.0439575491,0.223144036
1749,5.83000014,0.0124814309,0.000805672899,27.942986,0.000446674914,0.0020638664,0.795285863,0.0889733452,240,0.225389128,0.0436172572,0.239543686
1750,5.83333347,0.0115374938,0.000744742022,27.7241938,0.000416152544,0.00176412875,0.794925739,0.0881473923,240,0.241838734,0.0431997216,0.256123809
1751,5.83666681,0.0110099805,0.000710691183,27.4870617,0.000400551378,0.00181802979,0.794563556,0.0874129236,240,0.258393989,0.0427748,0.272601909
1752,5.84000014,0.0105809318,0.000682996208,27.2319242,0.00038854881,0.00169601483,0.794202459,0.0866237869,240,0.274953149,0.0423785288,0.289304121
1753,5.84333347,0.0117851784,0.000760729992,26.9588695,0.000437154028,0.00191007224,0.793843197,0.0857812903,240,0.291465996,0.0419574935,0.305829769
1754,5.84666681,0.0116347913,0.000751022546,26.6682979,0.000436277985,0.00191885809,0.793485692,0.0848810274,240,0.307906017,0.0415195862,0.322424923
1755,5.85000014,0.0120239252,0.000776141037,26.36022,0.000456139033,0.00222338484,0.793131121,0.0839264745,240,0.324221997,0.0410224489,0.338580227
1756,5.85333348,0.0120727644,0.000779293594,26.0351244,0.000463710649,0.00186064689,0.792776726,0.0829139148,240,0.340382465,0.0404874562,0.354756773
1757,5.85666681,0.0114505209,0.000739127946,25.6932061,0.000445663373,0.00188064014,0.792423372,0.0818481392,240,0.356340346,0.0399814376,0.370636166
1758,5.86000014,0.0114464573,0.000738865639,25.334704,0.000451809394,0.00182852439,0.792070415,0.0807290172,240,0.372107098,0.0394391313,0.386053302
1759,5.86333348,0.0115716542,0.000746947066,24.9601178,0.000463605752,0.00195361944,0.791719212,0.0795590422,240,0.38765374,0.0388568767,0.401371014
1760,5.86666681,0.0112044439,0.000723243742,24.569669,0.000456027465,0.00198921755,0.791366849,0.0783357474,240,0.402959059,0.0382944217,0.416570158
1761,5.87000014,0.011020029,0.000711339815,24.1635757,0.000456059533,0.00217347279,0.79101722,0.0770612274,240,0.41800916,0.0377129402,0.431494603
1762,5.87333348,0.0108276813,0.000698923823,23.7421861,0.000456052414,0.00170859814,0.790670828,0.0757359033,240,0.43279132,0.0371594405,0.445882736
1763,5.87666681,0.0111191245,0.000717736402,23.3059457,0.000477093899,0.00204797609,0.790329042,0.0743600068,240,0.447293507,0.0365145466,0.460283852
1764,5.88000014,0.0111048898,0.000716817553,22.8550348,0.000485883741,0.0020631671,0.78998881,0.0729347399,240,0.461507994,0.0358413639,0.474029658
1765,5.88333348,0.0105989677,0.000684160422,22.3900341,0.000473378808,0.00190041827,0.789652484,0.0714638039,240,0.475421341,0.0352250411,0.487901362
1766,5.88666681,0.0105434482,0.000680576655,21.9110322,0.000481193588,0.00167380789,0.789321531,0.0699445795,240,0.48902523,0.034542095,0.50119731
1767,5.89000014,0.0114559308,0.000739477151,21.4184611,0.000534862459,0.00204367804,0.788994836,0.0683776112,240,0.502308462,0.0339057813,0.514161832
1768,5.89333348,0.0107245619,0.000692267494,20.9127247,0.000512824706,0.00177580114,0.788671482,0.0668267346,240,0.515273502,0.0331546661,0.526704694
1769,5.89666681,0.0108258925,0.000698808355,20.3942616,0.000530830322,0.00162942253,0.788351466,0.0653537169,240,0.527911608,0.0324453596,0.539130243
1770,5.90000014,0.0111788826,0.000721593769,19.8633388,0.000562789705,0.00190273425,0.788036887,0.0638329772,240,0.540212078,0.0317982945,0.55118605
1771,5.90333348,0.012016395,0.000775654959,19.3202991,0.000621956984,0.00226756555,0.787728616,0.0622684863,240,0.552180765,0.0310090812,0.562754854
1772,5.90666681,0.0115186653,0.000743526645,18.7657552,0.000613813041,0.00213649983,0.787424909,0.0606588339,240,0.563810786,0.0303108201,0.574086565
1773,5.91000014,0.0113485558,0.000732546126,18.1999214,0.000623549714,0.00224381944,0.787126299,0.0590018248,240,0.575088022,0.0295945509,0.585091584
1774,5.91333348,0.0107064798,0.0006911003,17.6231993,0.000607521918,0.00188817122,0.786837059,0.0573036968,240,0.586012035,0.0288496988,0.595725917
1775,5.91666681,0.0110833688,0.000715428381,17.035996,0.000650585316,0.00193455783,0.786553713,0.055561883,240,0.596572796,0.028076634,0.605957801
1776,5.92000014,0.0116060407,0.000749166704,16.43881,0.000706014651,0.00195794454,0.786278952,0.0537771413,240,0.606765802,0.0272741211,0.615797295
1777,5.92333348,0.0111181256,0.000717671921,15.8321345,0.000702250578,0.00206292287,0.786011619,0.0519528857,240,0.61658852,0.0264729596,0.625206678
1778,5.92666681,0.0107723415,0.000695351654,15.2163652,0.000707944463,0.00188043123,0.785750223,0.0500872329,240,0.626041759,0.0256414445,0.63442774
1779,5.93000014,0.0107896013,0.000696465767,14.591899,0.000739424064,0.00186906129,0.785496627,0.0481836504,240,0.635118904,0.0248229507,0.64320886
1780,5.93333348,0.0108666698,0.000701440517,13.959293,0.000778454163,0.00202513875,0.78524905,0.0462431003,240,0.643819495,0.0239318476,0.651442536
1781,5.93666681,0.0112090678,0.000723542217,13.3191016,0.00084157837,0.00209361178,0.785011841,0.0442657669,240,0.652139221,0.0230705254,0.659516005
1782,5.94000014,0.0116798812,0.000753933092,12.6716983,0.000921729745,0.00184713162,0.784784941,0.0422531294,240,0.660074502,0.0221677887,0.667165029
1783,5.94333348,0.0110089702,0.000710625972,12.0177593,0.000916058471,0.00198356754,0.784563729,0.0402962134,240,0.667614701,0.0213257454,0.674249551
1784,5.94666681,0.0118891128,0.000767438928,11.3579417,0.00104676649,0.00193286577,0.784352509,0.0383726341,240,0.674755503,0.0204930197,0.681037518
1785,5.95000014,0.010671909,0.000688868762,10.6928465,0.000998041909,0.00179240218,0.784150722,0.036414789,240,0.681495564,0.0196389544,0.687410633
1786,5.95333348,0.0117093662,0.000755836335,10.0232161,0.00116822446,0.00194768248,0.783959093,0.0344206023,240,0.687827928,0.0187803192,0.69334305
1787,5.95666681,0.0108517813,0.000700479471,9.34995022,0.0011606245,0.00162995138,0.783777284,0.03239639,240,0.693744708,0.0179903531,0.6989729
1788,5.96000014,0.0111448853,0.000719399256,8.67394916,0.00128486865,0.0019370345,0.783608374,0.0303408586,240,0.699246872,0.0171638821,0.704056632
1789,5.96333348,0.0114484289,0.000738992908,7.99636293,0.00143170451,0.00167105472,0.783449532,0.0282552095,240,0.704326492,0.0163164656,0.708846271
1790,5.96666681,0.011441791,0.000738564431,7.31844899,0.00156341746,0.0019563302,0.783297384,0.026139872,240,0.708980383,0.0155146781,0.713099022
1791,5.97000014,0.0102451272,0.000661320114,6.64223518,0.00154242162,0.00169787468,0.783156603,0.0239997333,240,0.713203141,0.0146349544,0.717032834
1792,5.97333348,0.011063281,0.000714131715,5.97013511,0.00185310395,0.00167058312,0.783028695,0.0218348257,240,0.716990319,0.0137915056,0.720329604
1793,5.97666681,0.0110104509,0.000710721551,5.30565512,0.00207522929,0.00181589539,0.782912021,0.0196443736,240,0.720338519,0.0129913739,0.723414929
1794,5.98000014,0.0101637103,0.000656064678,4.65362242,0.00218404275,0.00161875768,0.782806447,0.0176251002,240,0.723245171,0.012178496,0.725766908
1795,5.98333348,0.0109624333,0.000707622025,4.02237311,0.0027253646,0.00194893049,0.782713428,0.015599944,240,0.725704674,0.01141392,0.727804779
1796,5.98666681,0.0119292648,0.000770030731,3.42503093,0.00348296557,0.00219362969,0.782632038,0.0135553474,240,0.727713827,0.0107190984,0.729447826
1797,5.99000015,0.0113367669,0.000731785159,2.88421205,0.0039306288,0.00197585177,0.782559828,0.0114930117,240,0.729265327,0.0100772506,0.730657088
1798,5.99333348,0.0111002942,0.000716520908,2.43948204,0.00455026681,0.00218079674,0.782499078,0.00940980748,240,0.73035771,0.00948971936,0.731378477
1799,5.99666681,0.0109282606,0.00070541619,2.15240832,0.00507722466,0.00201358815,0.78245374,0.00748239905,240,0.730984406,0.00894991995,0.731549683
1800,6.00000015,0.0113262762,0.000731107985,2.0890203,0.00542181242,0.00230451395,0.782420811,0.00764645083,240,0.731139381,0.00861608425,0.73133677
1801,6.00333348,0.0122735271,0.000792252769,2.2682127,0.00541110061,0.00209400563,0.782399748,0.00904111129,240,0.730824381,0.00835979277,0.730600271
1802,6.00666681,0.0116052101,0.00074911309,2.64009884,0.00439574834,0.00198098229,0.78239153,0.0105941277,240,0.730037549,0.00823452906,0.72932576
1803,6.01000015,0.0112653337,0.000727174162,3.1357519,0.00359254624,0.00197678989,0.782396867,0.0122726578,240,0.728775964,0.00831186515,0.727736511
1804,6.01333348,0.0114395314,0.000738418574,3.70453497,0.0030879804,0.00174445869,0.782414669,0.0139309659,240,0.727032832,0.00848302907,0.725453236
1805,6.01666681,0.0114772116,0.000740850825,4.31612981,0.00265914422,0.00194731532,0.782445492,0.0155699651,240,0.724805185,0.00887345794,0.722885312
1806,6.02000015,0.0111842248,0.000721938606,4.95334821,0.00225791208,0.00178322204,0.782486467,0.0174160189,240,0.722091252,0.00932224446,0.719681561
1807,6.02333348,0.0112018466,0.000723076088,5.6057448,0.0019982798,0.00217142276,0.782541518,0.0193050431,240,0.718890015,0.00988109859,0.715971194
1808,6.02666681,0.0113608922,0.000733342441,6.26687689,0.00181284752,0.00174245282,0.782607894,0.0211722314,240,0.715201933,0.0105375504,0.711852239
1809,6.03000015,0.0109550117,0.000707142964,6.93255087,0.0015802281,0.0019083611,0.782686732,0.0230167214,240,0.711028296,0.0112613961,0.707326943
1810,6.03333348,0.0101975873,0.00065825143,7.60001564,0.00134178504,0.00183544999,0.782778471,0.0249828993,240,0.706369069,0.0120510086,0.702156429
1811,6.03666681,0.0110187962,0.000711260239,8.26699621,0.00133286577,0.00193573993,0.782882423,0.0270320383,240,0.701224672,0.0129306086,0.696619931
1812,6.04000015,0.0112824949,0.000728281916,8.93191187,0.00126316684,0.00212288775,0.782997757,0.0290587773,240,0.695594641,0.0137798176,0.690588472
1813,6.04333348,0.0110631744,0.000714124838,9.59345201,0.00115320058,0.00165793276,0.783125167,0.0310622008,240,0.689482411,0.0146505795,0.683990767
1814,6.04666681,0.0114755147,0.000740741288,10.2504429,0.00111951404,0.0021809657,0.783264654,0.0330401633,240,0.682890147,0.0156007739,0.677003901
1815,6.05000015,0.0111539196,0.000719982415,10.9020077,0.00102310693,0.0019633518,0.783415278,0.0349913762,240,0.675814669,0.0165795561,0.669423162
1816,6.05333348,0.0114828879,0.000741217225,11.547271,0.000994424383,0.00186473707,0.783577642,0.0370413169,240,0.668266575,0.0175338389,0.661404006
1817,6.05666681,0.0117013764,0.000755320597,12.18553,0.000960268151,0.00206646034,0.783754451,0.0391221875,240,0.660249557,0.0185135527,0.652972226
1818,6.06000015,0.011684945,0.000754259956,12.8161535,0.000911735725,0.00188476619,0.783944833,0.0411737372,240,0.651760183,0.0194828856,0.644030034
1819,6.06333348,0.0117640465,0.000759365933,13.438458,0.000875401514,0.00176554673,0.784145813,0.0431958415,240,0.642808488,0.0204674829,0.634606378
1820,6.06666681,0.0116886452,0.000754498801,14.0518353,0.000831823384,0.00188481105,0.784357048,0.0451845388,240,0.633405301,0.0214333398,0.624752264
1821,6.07000015,0.0111264066,0.000718206461,14.6557536,0.000759183524,0.00176068928,0.78457836,0.0471385613,240,0.623554946,0.0223685693,0.614426664
1822,6.07333348,0.0112976437,0.000729259763,15.2496468,0.000740846254,0.00206192551,0.784808998,0.0490552075,240,0.613255801,0.0233408664,0.603814284
1823,6.07666681,0.0106917844,0.000690151713,15.8331045,0.000675280351,0.00189288853,0.785051431,0.0509341137,240,0.602516793,0.0243066955,0.592559803
1824,6.08000015,0.0106035164,0.000684454042,16.4055202,0.000646338325,0.00186566898,0.785305597,0.052774974,240,0.591347049,0.0252042056,0.580953167
1825,6.08333348,0.0107342966,0.000692895865,16.9664571,0.000632677553,0.00178231983,0.785572041,0.0545773946,240,0.579759275,0.0261414049,0.568932745
1826,6.08666681,0.0108182238,0.000698313346,17.5154512,0.000617638891,0.00190994091,0.785847902,0.0563367084,240,0.567769885,0.02703161,0.556501909
1827,6.09000015,0.0115573408,0.000746023138,18.0520665,0.00064022259,0.00205270073,0.786131249,0.0580523703,240,0.555389022,0.027888468,0.543736112
1828,6.09333348,0.0108515068,0.000700461755,18.5759058,0.000584171073,0.00188736069,0.786423895,0.0597276053,240,0.542623863,0.028735983,0.530597281
1829,6.09666681,0.0107590575,0.000694494173,19.0865998,0.000563696919,0.00181589015,0.786724997,0.06135724,240,0.529481263,0.0296340851,0.51694599
1830,6.10000015,0.0108341707,0.000699342711,19.5836055,0.00055322656,0.00196824855,0.787035048,0.0629448813,240,0.515976613,0.0304761481,0.503149392
1831,6.10333348,0.0108692475,0.000701606911,20.0667327,0.000541655071,0.00175771102,0.787352796,0.0645671686,240,0.502122916,0.0312421172,0.488807578
1832,6.10666681,0.0113070664,0.000729867999,20.535416,0.000550612971,0.00195065126,0.787680406,0.066138291,240,0.487929371,0.0320298454,0.474238065
1833,6.11000015,0.0116645536,0.000752943699,20.9893989,0.000555735478,0.0019432436,0.788014506,0.0676559962,240,0.473417658,0.0328000393,0.459333822
1834,6.11333348,0.0115309373,0.000744318805,21.4283291,0.000538116495,0.00226658169,0.78835536,0.0691216233,240,0.458604229,0.0335297057,0.444096367
1835,6.11666681,0.0113505243,0.000732673191,21.8518925,0.000519429806,0.00208044203,0.788704226,0.0705347243,240,0.443504062,0.034230546,0.428682271
1836,6.12000015,0.0116462474,0.000751762039,22.259854,0.00052319514,0.00214926573,0.789060562,0.0718928183,240,0.428129755,0.0348838493,0.412862682
1837,6.12333348,0.0112713492,0.000727562461,22.6517656,0.000497592522,0.0016152238,0.789421948,0.0731952078,240,0.412498055,0.0355067102,0.396875385
1838,6.12666682,0.0112137078,0.000723841727,23.0274575,0.000486971166,0.00175569819,0.789790328,0.0744399807,240,0.396625986,0.0361818536,0.380609094
1839,6.13000015,0.010769798,0.000695187473,23.386595,0.00046051159,0.00159242125,0.790165037,0.0756253197,240,0.380546925,0.0367897076,0.364240867
1840,6.13333348,0.011645824,0.000751734704,23.7290319,0.000490783779,0.00190495191,0.79054589,0.0767526512,240,0.364274549,0.0373578857,0.347551667
1841,6.13666682,0.0104326619,0.000673425429,24.0543965,0.000433711229,0.00152640978,0.790929921,0.0778189595,240,0.347820703,0.0379117537,0.330783396
1842,6.14000015,0.01139044,0.000735249738,24.3625947,0.000467538048,0.002005615,0.791319429,0.0788236215,240,0.33122627,0.0384041835,0.31385208
1843,6.14333348,0.011308189,0.000729940461,24.6533842,0.000458687088,0.0018551515,0.791710951,0.0797660037,240,0.314501481,0.0388925455,0.296826136
1844,6.14666682,0.0114387438,0.000738367738,24.926595,0.000458897166,0.00203697573,0.79210634,0.0806476215,240,0.297682896,0.0393131155,0.279516417
1845,6.15000015,0.0114081838,0.0007363951,25.1819214,0.000453030714,0.00172901361,0.79250614,0.0814671795,240,0.280808138,0.0397683653,0.262378805
1846,6.15333348,0.0111806115,0.000721705368,25.4193345,0.000439846743,0.00187547168,0.792909054,0.0822230639,240,0.263899904,0.0401514029,0.245212227
1847,6.15666682,0.011548729,0.000745467254,25.6386771,0.00045044169,0.00202380523,0.793315892,0.0829133422,240,0.247014571,0.0405029582,0.227924365
1848,6.16000015,0.0111558706,0.00072010835,25.8396954,0.000431733828,0.00173047005,0.793724781,0.083541368,240,0.230214082,0.0408150291,0.210915497
1849,6.16333348,0.0121340454,0.000783249261,26.0224677,0.000466291111,0.00224007069,0.794134813,0.0841062365,240,0.213565339,0.0410609446,0.193930277
1850,6.16666682,0.0111412001,0.000719161375,26.1868081,0.000425450863,0.001973775,0.794543614,0.0846084377,240,0.197126556,0.0413568174,0.177280795
1851,6.17000015,0.0106539035,0.000687706511,26.3327126,0.00040458815,0.00179683956,0.79495406,0.0850472052,240,0.181001726,0.0415863898,0.161080379
1852,6.17333348,0.0109321741,0.000705668806,26.4600939,0.000413157042,0.00213020386,0.795365724,0.0854227612,240,0.165336315,0.0417709951,0.145088244
1853,6.17666682,0.0112746279,0.000727774101,26.5688095,0.000424355781,0.00165300037,0.795776776,0.0857330118,240,0.150311654,0.0418723114,0.129891867
1854,6.18000015,0.0112978983,0.000729276197,26.6587989,0.000423796222,0.00189668919,0.796188784,0.085977955,240,0.136145392,0.0419979832,0.11623859
1855,6.18333348,0.0107623615,0.000694707447,26.730165,0.000402629818,0.00169336928,0.796598374,0.086158255,240,0.123187587,0.0421018327,0.103792456
1856,6.18666682,0.0118075307,0.00076217283,26.7828996,0.000440860806,0.00202291961,0.797008148,0.0862733156,240,0.111896912,0.0421273698,0.0931626128
1857,6.19000015,0.0114757585,0.000740757024,26.8167854,0.00042793192,0.00198388937,0.797417935,0.0863243048,240,0.102844354,0.0421080189,0.0861058804
1858,6.19333348,0.0102912097,0.000664294729,26.8322056,0.000383539462,0.00192693518,0.797825304,0.0863102035,240,0.0966289014,0.0420871627,0.0822488124
1859,6.19666682,0.0110135635,0.000710922466,26.8288926,0.000410511297,0.00193858823,0.798158808,0.0862324835,240,0.0937633555,0.0420390865,0.0825741004
1860,6.20000015,0.0105270585,0.000679518702,26.8071092,0.000392696519,0.00155420659,0.797816698,0.0860905492,240,0.0945186848,0.0419601297,0.0872591886
1861,6.20333348,0.0115873254,0.000747958637,26.7668377,0.000432898556,0.00204658273,0.79747301,0.0858856465,240,0.0988417992,0.0418824563,0.0950029362
1862,6.20666682,0.0116540272,0.000752264219,26.708058,0.000436348729,0.00187369759,0.797131872,0.0856188119,240,0.106227689,0.0418079123,0.10596569
1863,6.21000015,0.0116919879,0.000754714572,26.6310782,0.000439035467,0.00194291422,0.796789952,0.0852898581,240,0.116024396,0.0416869871,0.118229022
1864,6.21333348,0.0100169332,0.000646590255,26.5358835,0.000377486325,0.00166827072,0.796449509,0.0848994017,240,0.127588811,0.0415414011,0.13206584
1865,6.21666682,0.0104059746,0.000671702771,26.4226349,0.000393828043,0.00172661443,0.796108299,0.0844480497,240,0.140418098,0.0413860992,0.146523515
1866,6.22000015,0.0111233495,0.000718009121,26.2913721,0.000423079839,0.0019611065,0.795768172,0.0839370324,240,0.154219049,0.0411150062,0.161681541
1867,6.22333348,0.0107535413,0.000694138103,26.1422666,0.000411346935,0.00193463398,0.795427612,0.083367978,240,0.168682115,0.0408815963,0.177215368
1868,6.22666682,0.0108185893,0.000698336939,25.9756105,0.000416490282,0.00183201422,0.79508665,0.0828335099,240,0.183618352,0.0405456483,0.192939959
1869,6.23000015,0.0121044435,0.000781338466,25.7914115,0.000469320706,0.00189242128,0.794747362,0.0822437347,240,0.198872377,0.0402133801,0.208870651
1870,6.23333348,0.011972395,0.000772814775,25.5898582,0.000467857028,0.00196141256,0.794410791,0.0815995927,240,0.214313221,0.0398535101,0.224706313
1871,6.23666682,0.010680737,0.000689438608,25.3712243,0.000420978383,0.0019466037,0.794076386,0.0809059513,240,0.2298575,0.0394927612,0.240672503
1872,6.24000015,0.0115624983,0.000746356055,25.1356183,0.00046000453,0.00189518655,0.793742434,0.0801522222,240,0.24541587,0.039133733,0.256469452
1873,6.24333348,0.0114261145,0.000737552519,24.8834216,0.000459185825,0.00194485589,0.793411147,0.0793496116,240,0.26093757,0.0387467805,0.272338794
1874,6.24666682,0.011186476,0.000722083924,24.6146764,0.000454463664,0.00193610773,0.79308221,0.0784926795,240,0.276386237,0.0383367604,0.288032114
1875,6.25000015,0.0112875267,0.000728606718,24.3297422,0.000463939429,0.00191881033,0.792757975,0.0775836989,240,0.291735529,0.0378806298,0.303459142
1876,6.25333348,0.0112122698,0.000723748905,24.0286264,0.000466621338,0.00195578037,0.792435511,0.0766219935,240,0.306963952,0.0373959025,0.318730173
1877,6.25666682,0.0106530008,0.000687648246,23.7119891,0.000449266436,0.00200075833,0.792115684,0.075614585,240,0.322044974,0.0368513752,0.333818564
1878,6.26000015,0.0118122933,0.000762480253,23.3797687,0.000505235678,0.00177381389,0.791800045,0.0745553198,240,0.336947363,0.0363025792,0.348769482
1879,6.26333348,0.0115569142,0.000745995605,23.032368,0.000501768391,0.001813124,0.791487126,0.073443878,240,0.351644384,0.0357716547,0.36347797
1880,6.26666682,0.0106677877,0.000688602735,22.6700004,0.000470568483,0.00157215384,0.791178853,0.0722873665,240,0.366127553,0.0352124288,0.37792197
1881,6.27000015,0.0113988566,0.00073579303,22.2929613,0.00051132088,0.00198392515,0.790870783,0.071085637,240,0.380377292,0.0346789833,0.39202813
1882,6.27333349,0.0115397256,0.000744886085,21.9015949,0.000526889739,0.00201227995,0.790566566,0.0698365198,240,0.394392447,0.0340589216,0.406021257
1883,6.27666682,0.011254849,0.000726497379,21.4961272,0.00052357566,0.0016367948,0.790267385,0.0685400011,240,0.40814691,0.0334133925,0.419697626
1884,6.28000015,0.0114924626,0.000741835272,21.0769188,0.000545262937,0.00209428079,0.78997186,0.0671974204,240,0.421633945,0.0328085181,0.433028606
1885,6.28333349,0.0114832655,0.000741241602,20.6442501,0.000556245225,0.00196776899,0.789681828,0.0658149003,240,0.434844549,0.0321661991,0.446115839
1886,6.28666682,0.0121603122,0.000784944777,20.1983997,0.00060204335,0.00181142267,0.789397198,0.0643875592,240,0.447756169,0.0315384486,0.4588674
1887,6.29000015,0.0114475036,0.000738933181,19.739928,0.000579916178,0.00215813327,0.789117507,0.0629237456,240,0.460380672,0.0308522968,0.471203592
1888,6.29333349,0.0103166219,0.000665935081,19.2690022,0.000535399904,0.00171581721,0.78884374,0.0614218254,240,0.472698413,0.0301758376,0.483423362
1889,6.29666682,0.0110461953,0.000713028843,18.7859966,0.000588001561,0.00195735549,0.788575919,0.0598746225,240,0.484708023,0.0294895675,0.495181637
1890,6.30000015,0.0104664665,0.000675607509,18.2913103,0.000572209773,0.00181010506,0.788316033,0.0582915394,240,0.496395413,0.0287496628,0.506746006
1891,6.30333349,0.0112432125,0.000725746244,17.7851854,0.000632167291,0.00187835886,0.788063001,0.0567044638,240,0.507755169,0.0279908624,0.517929202
1892,6.30666682,0.0116189599,0.000750000636,17.2681412,0.000672855273,0.00187788162,0.787816231,0.0551745348,240,0.518791862,0.0272315592,0.528696328
1893,6.31000015,0.0117325965,0.000757335846,16.7403593,0.000700856909,0.00188082582,0.787571537,0.0536045856,240,0.529494361,0.0265271894,0.53909768
1894,6.31333349,0.0109762704,0.00070851521,16.2025391,0.000677441377,0.0017591292,0.787331293,0.0519968817,240,0.539852629,0.0257976628,0.549172104
1895,6.31666682,0.0108419565,0.000699845283,15.6548401,0.000692562584,0.00175538293,0.78709833,0.0503513796,240,0.549859228,0.0250527086,0.558994696
1896,6.32000015,0.0111114548,0.000717241324,15.0976322,0.000735973339,0.00191482175,0.786874855,0.0486720897,240,0.559513351,0.0242453424,0.568396606
1897,6.32333349,0.0118851376,0.000767182332,14.5314366,0.000817891438,0.00209782728,0.786659498,0.0469615906,240,0.568813445,0.0234804392,0.577372805
1898,6.32666682,0.0110579055,0.00071378473,13.9568081,0.000792294731,0.00177991269,0.786452029,0.0452128359,240,0.57774956,0.0226650924,0.586061373
1899,6.33000015,0.0114993496,0.000742279824,13.3738796,0.000859836483,0.00222764863,0.786252242,0.0434334968,240,0.586313045,0.0218575336,0.594345547
1900,6.33333349,0.0105400361,0.000680356404,12.7832919,0.000824516579,0.00175500768,0.786062271,0.0416235558,240,0.594502438,0.0210206354,0.602206845
1901,6.33666682,0.0107746969,0.000695503695,12.1854614,0.000884225599,0.0018450166,0.785878828,0.0397834348,240,0.602315175,0.0201695752,0.609777492
1902,6.34000015,0.0108604925,0.000701041779,11.580839,0.000937798425,0.0016671933,0.785703316,0.0379139348,240,0.609746696,0.0193159548,0.616747001
1903,6.34333349,0.0115920816,0.00074826565,10.9702549,0.00105668297,0.00237967088,0.785535236,0.03601686,240,0.616795409,0.0184970719,0.623577332
1904,6.34666682,0.0114284582,0.000737703806,10.3537637,0.00110379747,0.00182206021,0.785374533,0.0340930463,240,0.623451336,0.0176202207,0.62977064
1905,6.35000015,0.0111607037,0.000720420328,9.73244651,0.00114675213,0.00177289508,0.78522282,0.0321414401,240,0.629711273,0.0167575501,0.635837526
1906,6.35333349,0.0114180389,0.000737031239,9.10649309,0.0012538349,0.00167917064,0.785080615,0.0301905982,240,0.63557141,0.0159192664,0.641242615
1907,6.35666682,0.0109469881,0.000706625045,8.47691846,0.00129138769,0.00200248372,0.784948102,0.028323849,240,0.641028663,0.0150656669,0.646401712
1908,6.36000015,0.0106190389,0.000685456012,7.84420682,0.00135374285,0.00188062235,0.784824192,0.0264388387,240,0.646080212,0.0141904799,0.651204034
1909,6.36333349,0.0109267414,0.000705318123,7.2093412,0.0015156366,0.00224103716,0.784709428,0.0245315611,240,0.650722793,0.0133859564,0.655409608
1910,6.36666682,0.0114125975,0.00073668,6.5737598,0.00173608374,0.00190655548,0.784604461,0.0225960435,240,0.654953146,0.0125590247,0.659397342
1911,6.37000015,0.0110779068,0.000715075808,5.9385272,0.00186543,0.00210763914,0.78450761,0.0206404577,240,0.658765443,0.0117575213,0.66269516
1912,6.37333349,0.0101018268,0.000652070119,5.3060705,0.00190382447,0.00177307034,0.784420697,0.0186651592,240,0.66215745,0.0109282226,0.665707009
1913,6.37666682,0.0114908618,0.000741731938,4.67902692,0.00245582297,0.0018553707,0.784343415,0.0166749209,240,0.665125815,0.010156797,0.668253532
1914,6.38000015,0.0113928046,0.000735402377,4.06162038,0.00280499002,0.00209002036,0.784275554,0.0146730658,240,0.667672013,0.0094378092,0.67036747
1915,6.38333349,0.0104573019,0.000675015935,3.46059001,0.0030218263,0.00207508082,0.784218354,0.0127766049,240,0.669789757,0.00875582911,0.672095675
1916,6.38666682,0.0108016625,0.000697244318,2.88787838,0.00374034537,0.00185058287,0.784171951,0.010930814,240,0.671477707,0.00805424701,0.673390426
1917,6.39000015,0.0120339014,0.000776784998,2.36539002,0.00508749142,0.0020122321,0.784135341,0.0090728472,240,0.672730343,0.00752940781,0.674241092
1918,6.39333349,0.0110191048,0.000711280159,1.93568809,0.00569260352,0.00195040061,0.784109326,0.00720776253,240,0.673550674,0.00697504303,0.674765602
1919,6.39666682,0.0113153131,0.00073040032,1.67202305,0.00676743846,0.00188101025,0.784092289,0.00541421384,240,0.673935033,0.00656032549,0.674705085
1920,6.40000015,0.0116144091,0.000749706883,1.65662884,0.00701086978,0.00208368179,0.784084713,0.00599174248,240,0.673881294,0.00631365892,0.674217149
1921,6.40333349,0.0111688268,0.000720944671,1.89498189,0.00589389635,0.00209994052,0.784087236,0.00736874867,240,0.673387063,0.00625171727,0.673237313
1922,6.40666682,0.0102317612,0.000660457348,2.30842978,0.00443234676,0.00181470932,0.784099393,0.00896806312,240,0.672449635,0.00633343818,0.671804987
1923,6.41000016,0.0113357473,0.000731719342,2.81975711,0.00402011481,0.00208933386,0.78412099,0.0105621982,240,0.671068467,0.00662502901,0.670093967
1924,6.41333349,0.0104681568,0.000675716613,3.38339825,0.00309397712,0.00164443155,0.784153814,0.0121438637,240,0.669244839,0.00703630326,0.667727905
1925,6.41666682,0.0117447425,0.000758119869,3.97582778,0.00295403703,0.00203246339,0.784197642,0.0139121734,240,0.666978406,0.00749134704,0.665082453
1926,6.42000016,0.0106630793,0.000688298808,4.58420639,0.00232604695,0.00177343298,0.784252286,0.0157075679,240,0.664270575,0.00803434317,0.662077741
1927,6.42333349,0.0114692597,0.000740337528,5.20143474,0.00220501847,0.00183775852,0.784317001,0.0174852859,240,0.661120074,0.00870674238,0.658283011
1928,6.42666682,0.0119356788,0.000770444757,5.82301698,0.00204974138,0.0021550409,0.7843918,0.019246871,240,0.657530281,0.00946995702,0.654376429
1929,6.43000016,0.0112341744,0.000725162837,6.44613324,0.00174277725,0.00187215422,0.784478997,0.0211139282,240,0.653496066,0.0102679074,0.649808734
1930,6.43333349,0.0100386576,0.000647992563,7.0686146,0.00142017329,0.00165798162,0.784576921,0.0230394252,240,0.649020475,0.0111014801,0.644874799
1931,6.43666682,0.0124221778,0.000801848126,7.68906649,0.00161556384,0.00181896939,0.784684668,0.0249467965,240,0.644108772,0.0119539411,0.639681268
1932,6.44000016,0.0113890909,0.000735162655,8.30625295,0.00137114665,0.00208637455,0.784801666,0.0268318215,240,0.638759642,0.012824138,0.633736546
1933,6.44333349,0.010630472,0.000686194016,8.91927514,0.0011918538,0.00199330902,0.784926475,0.0286948263,240,0.632976047,0.0136595596,0.627498614
1934,6.44666682,0.0105033006,0.000677985136,9.5271877,0.00110245551,0.00168241878,0.785059979,0.0305349526,240,0.626761971,0.0145254587,0.620805778
1935,6.45000016,0.0124230744,0.000801906004,10.1293334,0.0012264454,0.00181952627,0.785202696,0.0323529451,240,0.620122015,0.0154074778,0.613595058
1936,6.45333349,0.010688489,0.000689939,10.7249989,0.000996595818,0.00214500465,0.785354039,0.0342772919,240,0.613057673,0.0163030778,0.606306995
1937,6.45666682,0.0112142372,0.000723875901,11.313784,0.000991201288,0.00184972556,0.785513473,0.036186076,240,0.605571481,0.0171848277,0.598248588
1938,6.46000016,0.0109772387,0.000708577712,11.8949474,0.000922848864,0.00204529099,0.785682015,0.0380654715,240,0.597670477,0.0180825912,0.590056011
1939,6.46333349,0.0110083778,0.000710587729,12.4681466,0.000882920141,0.00191148854,0.785861421,0.0399158,240,0.589357896,0.0189401714,0.581195506
1940,6.46666682,0.0114144368,0.000736798727,13.0326758,0.000875832174,0.00183564321,0.7860487,0.0417359847,240,0.580638852,0.0198107989,0.571894447
1941,6.47000016,0.0112399951,0.000725538566,13.5880603,0.000827196445,0.0018079575,0.786244793,0.0435256033,240,0.571523151,0.0206395594,0.562533854
1942,6.47333349,0.0101326056,0.000654056877,14.1340849,0.000716891515,0.00174023597,0.786451039,0.0452809398,240,0.562012587,0.021486607,0.552456526
1943,6.47666682,0.0113603742,0.000733309002,14.6701101,0.000774389157,0.00209400803,0.786665216,0.0470042361,240,0.552119935,0.0223124085,0.542167647
1944,6.48000016,0.0114889551,0.000741608863,15.1958034,0.000756061053,0.0019272938,0.786888061,0.0486944545,240,0.541849143,0.0231531859,0.531445456
1945,6.48333349,0.0117402996,0.000757833079,15.7107333,0.000747278907,0.00232330846,0.787117792,0.0503509938,240,0.531206573,0.0239876538,0.520560834
1946,6.48666682,0.0108833927,0.000702519981,16.2146564,0.000671207115,0.00209434219,0.787356041,0.0519680949,240,0.520204059,0.0248170423,0.50914711
1947,6.49000016,0.0118343167,0.000763901857,16.7070631,0.000708342133,0.00184700026,0.787601123,0.0535447026,240,0.508851036,0.0255727083,0.497226257
1948,6.49333349,0.011736803,0.000757607375,17.1874367,0.000682871052,0.0018349217,0.78785409,0.0550835321,240,0.497150541,0.0263499946,0.485299125
1949,6.49666682,0.0110543754,0.000713556865,17.6557291,0.00062610699,0.0017699005,0.78811554,0.0565796541,240,0.485114824,0.027106358,0.472783024
1950,6.50000016,0.011570678,0.000746884055,18.1113841,0.000638862162,0.00197251424,0.788384751,0.0580385618,240,0.472751832,0.0278942203,0.460000178
1951,6.50333349,0.0118432245,0.000764476857,18.5540959,0.000638307821,0.00187713627,0.788658774,0.0594528305,240,0.460068642,0.028627847,0.447014607
1952,6.50666682,0.0103326318,0.000666968514,18.9836285,0.000544291719,0.00177695909,0.788937979,0.0608239843,240,0.447086077,0.029252169,0.433710741
1953,6.51000016,0.0110066854,0.000710478489,19.39966,0.000567364863,0.00181014754,0.78922436,0.0621533279,240,0.433812909,0.0299290131,0.419994203
1954,6.51333349,0.0111453234,0.000719427531,19.8017958,0.000562844072,0.00182325871,0.789516503,0.0634386537,240,0.420264651,0.0305131332,0.406122338
1955,6.51666682,0.011010154,0.000710702386,20.1898221,0.000545331898,0.00195612838,0.789815999,0.0646809551,240,0.406442953,0.0311431444,0.392075648
1956,6.52000016,0.0111593907,0.00072033557,20.5635316,0.000542678703,0.00179548591,0.790120515,0.0658711472,240,0.392375921,0.0317205466,0.377349845
1957,6.52333349,0.0109433715,0.000706391592,20.9223629,0.000523046635,0.00162167097,0.790429639,0.0670156759,240,0.378072002,0.0322800226,0.362916986
1958,6.52666682,0.0108618032,0.000701126383,21.2664239,0.000510748929,0.00187330189,0.790743459,0.0681437338,240,0.363535303,0.0328584956,0.348148025
1959,6.53000016,0.0110411197,0.000712701212,21.5954025,0.000511271772,0.0017269468,0.791061192,0.0692258922,240,0.348790576,0.0334401748,0.332870122
1960,6.53333349,0.0118728117,0.0007663867,21.9089296,0.000541916559,0.00166153741,0.791380983,0.0702527733,240,0.333841696,0.0340190574,0.317804746
1961,6.53666682,0.0112168328,0.000724043442,22.2070046,0.000505103367,0.00196921322,0.791704431,0.0712261461,240,0.318726207,0.0344537236,0.302205694
1962,6.54000016,0.0110851486,0.000715543268,22.489173,0.000492910462,0.00188063269,0.792032835,0.0721442375,240,0.303436835,0.0349660829,0.286881691
1963,6.54333349,0.0109617765,0.000707579633,22.7555745,0.000481718293,0.00179474713,0.792364129,0.0730090925,240,0.287994266,0.0353890677,0.271059686
1964,6.54666683,0.0110345642,0.000712278059,23.0057634,0.000479643472,0.00170768581,0.792698578,0.0738187068,240,0.272438294,0.035732152,0.255172593
1965,6.55000016,0.0106025765,0.00068439337,23.2395889,0.00045622909,0.00159374096,0.793037417,0.0745731323,240,0.256790104,0.0360819606,0.239440203
1966,6.55333349,0.0121455626,0.000783992695,23.4571151,0.000517777338,0.00196278297,0.793378568,0.0752683671,240,0.241082984,0.0364310189,0.223511323
1967,6.55666683,0.0111213179,0.000717877981,23.6580604,0.000470085784,0.00225688852,0.793723662,0.0759082253,240,0.22534779,0.0367191234,0.207443602
1968,6.56000016,0.0108758745,0.000702034681,23.8422504,0.00045615973,0.00183696222,0.794070287,0.0764927305,240,0.209610804,0.0370271163,0.191572794
1969,6.56333349,0.0104067772,0.000671754579,24.0097671,0.000433439322,0.00197842248,0.794419513,0.0770217847,240,0.193915337,0.0373359335,0.175380537
1970,6.56666683,0.0109999565,0.000710044137,24.1601885,0.000455292658,0.00203327261,0.794769911,0.0774895134,240,0.178316515,0.0375969068,0.159768934
1971,6.57000016,0.011298101,0.000729289283,24.2937602,0.000465061848,0.00188140483,0.795119918,0.0778981397,240,0.162901072,0.0377747258,0.144189044
1972,6.57333349,0.0110606007,0.000713958707,24.410257,0.000453112834,0.00204955014,0.795471297,0.0782493123,240,0.147762918,0.0379380005,0.129148432
1973,6.57666683,0.0109420818,0.000706308346,24.5098625,0.000446435873,0.00182793114,0.795822708,0.078543236,240,0.133008139,0.0381047331,0.114280763
1974,6.58000016,0.0113415658,0.000732094926,24.5922343,0.000461184848,0.00203152164,0.796173744,0.0787816528,240,0.118825206,0.0382094155,0.10028776
1975,6.58333349,0.0104775692,0.000676324187,24.6574698,0.000424924752,0.00185705391,0.79652591,0.0789591529,240,0.105486973,0.03829214,0.0873842099
1976,6.58666683,0.0110605804,0.000713957393,24.7055685,0.000447695844,0.00184126624,0.796877284,0.0790822746,240,0.0933550043,0.0383539113,0.0763076975
1977,6.59000016,0.0105724946,0.000682451592,24.7365888,0.000427403095,0.00211687054,0.797229724,0.07914702,240,0.0830643847,0.0383749543,0.0675711149
1978,6.59333349,0.0103759153,0.000669762453,24.7502612,0.000419224477,0.00201519616,0.79758139,0.0791526489,240,0.075292477,0.0384099679,0.0626101819
1979,6.59666683,0.0111642544,0.000720649521,24.7468623,0.000451138178,0.00212847519,0.797931733,0.0791024277,240,0.0708467159,0.0384416392,0.0621020577
1980,6.60000016,0.0110214715,0.000711432923,24.7263336,0.000445738201,0.00190249936,0.797926696,0.0790027229,240,0.0704243766,0.0383960396,0.0660999476
1981,6.60333349,0.0109977295,0.000709900386,24.6889158,0.000445452105,0.00183150869,0.797621979,0.078877622,240,0.0740207815,0.0383688052,0.0740900528
1982,6.60666683,0.0117777196,0.000760248533,24.6344847,0.000478098883,0.00169940209,0.797315567,0.0786985844,240,0.0810871103,0.0382974411,0.0845425546
1983,6.61000016,0.0114467673,0.000738885651,24.5632085,0.000466012708,0.00206556507,0.797008162,0.0784639833,240,0.0907817171,0.0381198682,0.0969572409
1984,6.61333349,0.011214303,0.000723880145,24.4751246,0.000458191864,0.00207067672,0.796702363,0.0781769476,240,0.102337324,0.0379684174,0.110402666
1985,6.61666683,0.0108037832,0.000697381206,24.3702641,0.000443318264,0.00215126433,0.796396535,0.0778372133,240,0.115147017,0.0377954551,0.124558648
1986,6.62000016,0.0111521564,0.000719868599,24.2488202,0.000459905111,0.00206794445,0.796088824,0.077441994,240,0.128789342,0.0376293289,0.139127667
1987,6.62333349,0.0103955229,0.00067102812,24.1109759,0.000431153138,0.00158589323,0.795782194,0.0769964727,240,0.142953778,0.0373997846,0.154086859
1988,6.62666683,0.011829697,0.000763603658,23.9567453,0.000493793996,0.00179379798,0.795478127,0.0765033895,240,0.15747089,0.0371572022,0.169208407
1989,6.63000016,0.0108285901,0.000698982483,23.7862481,0.000455245823,0.00201087837,0.795174258,0.0759563299,240,0.172212901,0.0368858026,0.184326257
1990,6.63333349,0.0111302112,0.000718452042,23.5997086,0.000471624941,0.00173681974,0.794870966,0.0753586577,240,0.187059769,0.0365831603,0.199484715
1991,6.63666683,0.0112571495,0.000726645873,23.3972978,0.000481130324,0.00205546843,0.794567081,0.074715781,240,0.201950954,0.0362326639,0.214593542
1992,6.64000016,0.0117003449,0.000755254016,23.1791761,0.000504778291,0.00195138317,0.794266238,0.0740174733,240,0.216834434,0.0359419741,0.229536332
1993,6.64333349,0.010708642,0.000691239867,22.9455585,0.000466697814,0.00188576699,0.793967163,0.0732714451,240,0.231662726,0.035544635,0.244446164
1994,6.64666683,0.0110697271,0.000714547814,22.6966265,0.000487725659,0.00178987756,0.793671413,0.0724735389,240,0.24641903,0.0351756026,0.259246006
1995,6.65000016,0.0106395263,0.000686778471,22.432528,0.000474290117,0.00213628125,0.793375616,0.0716288476,240,0.261062397,0.0347683733,0.273920191
1996,6.65333349,0.0117208005,0.000756574417,22.1535391,0.000529071243,0.00183205307,0.793078805,0.0707348165,240,0.275563433,0.0343379524,0.288334358
1997,6.65666683,0.0107697547,0.000695184676,21.8599459,0.000492670693,0.00173141973,0.792784077,0.0697941482,240,0.289907569,0.0338875318,0.302591532
1998,6.66000016,0.0108129794,0.000697974818,21.5518874,0.000501718443,0.00190037829,0.792495149,0.0688071172,240,0.304080129,0.03338724,0.316788334
1999,6.66333349,0.0111296302,0.000718414543,21.2295078,0.000524252862,0.00189177335,0.792208981,0.0677724279,240,0.31806971,0.0328819722,0.330578243
2000,6.66666683,0.0108503001,0.000700383862,20.893293,0.000519319771,0.00189773761,0.79192473,0.0666922874,240,0.33182895,0.0324217249,0.344235449
