frame,time_s,valid,status,stretch_score,shear_score,bend_score,original_rms_N,alm_rms_N,constitutive_gap_rms_N,elastic_rms_N,damping_rms_N,contact_rms_N,inertia_rms_N,free_vertices,original_max_N,iterate_change_rms_m,self_contact_vt_candidates,self_contact_ee_candidates,body_max_abs_translation_m,soft_contact_count,pin_error_m,tri_stretch_active_rows,tri_stretch_floor_fraction,tri_stretch_rho_over_k_min,tri_stretch_rho_over_k_median,tri_stretch_rho_over_k_max,tri_stretch_effective_over_k_min,tri_stretch_effective_over_k_median,tri_stretch_effective_over_k_max,tri_area_active_rows,tri_area_floor_fraction,tri_area_rho_over_k_min,tri_area_rho_over_k_median,tri_area_rho_over_k_max,tri_area_effective_over_k_min,tri_area_effective_over_k_median,tri_area_effective_over_k_max,bend_active_rows,bend_floor_fraction,bend_rho_over_k_min,bend_rho_over_k_median,bend_rho_over_k_max,bend_effective_over_k_min,bend_effective_over_k_median,bend_effective_over_k_max
0,0.0,True,valid,0.0,0.0,0.0,,,,,,,,,,,0,0,0.1509999930858612,0,0.0,0,,,,,,,,0,,,,,,,,0,,,,,,,
1,0.016666666666666666,True,valid,0.008318738671991113,0.0029067939785786534,0.004079066692809664,2.7824262793322205,0.02218811066259493,2.780493755629512,2.7340796522998745,0.05065437978052515,0.0,0.00013151336913094484,1585.0,38.047306277165035,2.1821914644646166e-06,0,15544,0.14950264990329742,0,0.0,3240,0.0,0.0023135991096496582,0.002944905638694763,0.047543136596679685,0.0023082587243202298,0.0029362586340861037,0.045385373581025644,3240,0.0,0.0009640226761500041,0.0012213829656442005,0.019504768053690592,0.0009630942314715962,0.0012198930090741044,0.019131610429764467,4824,0.0,1.0169911901470045e-05,3.696695709698906e-05,0.00032222857847970303,1.0169808475413795e-05,3.696559059158625e-05,0.00032212478066953484
2,0.03333333333333333,True,valid,0.24169007630555708,0.07028637209692129,0.08870195389319872,92.23928872348789,37.25029025317522,85.08214039168602,83.47412133960772,2.058162167356657,37.12291643858762,0.0021324600158091583,1585.0,1345.8174271392613,6.984199693850007e-05,0,16551,0.14528286457061768,0,0.0,3240,0.0,0.002180208206176758,0.003007456660270691,0.09735800170898437,0.002175465239010415,0.0029984389829661225,0.08872036432719556,3240,0.0,0.00023872050146261852,0.0014133166273434957,0.019504766464233398,0.00023866352758563242,0.0014113219823783578,0.019131608900543252,4824,0.0,6.992594541150953e-06,4.0055094772949087e-05,0.0007045378096616136,6.992545645114447e-06,4.00534904263084e-05,0.0007040417856040738
3,0.05,True,valid,1.0087592103325944,0.21106452584804583,0.4062740345793881,741.4112173837837,431.71680592310315,601.5470956754999,595.2287199265232,9.465234184768612,430.96683589540226,0.006496866235454626,1585.0,8350.025663045179,0.00047047757694500784,107,17175,0.13834063708782196,0,0.0,3240,0.0,0.0016194415092468262,0.0030976803302764895,0.13838027954101562,0.001616823158710499,0.003088114339110163,0.12155892194197994,3240,0.0,5.580910791953405e-05,0.0015512451032797495,0.019504768053690592,5.5805993436823776e-05,0.0015488424682223527,0.019131610429764467,4824,0.0,4.121683609062183e-06,5.410487745849261e-05,0.005086359861763526,4.12166662085643e-06,5.410195027863371e-05,0.00506061972869982
4,0.06666666666666667,True,valid,2.0165737445406187,0.29391507124007393,0.7933558484306535,1728.4754333071892,727.843978532918,1531.4817631515407,1520.425398026102,18.160597057881944,727.4740390385264,0.010825026013168681,1585.0,12129.063988643537,0.0009568398638735228,666,16937,0.13852813839912415,27,0.0,3240,0.0,0.001624226689338684,0.00327606737613678,0.16428590393066406,0.0016215928549444423,0.003265369804638557,0.14110443437993186,3240,0.0,2.793561667203903e-05,0.0005155479659636815,0.020987512270609538,2.793483629516049e-05,0.0005152823132109823,0.020556091057308507,4824,0.0,4.7144525965682896e-06,0.00011529770888633123,0.00681097199800229,4.7144303706097875e-06,0.00011528441684847648,0.006764896477524486
5,0.08333333333333333,True,valid,2.7395937391986593,0.3602451767069331,1.0397531039142667,2626.8334977419963,717.7308891226683,2503.270577565772,2487.839161719374,30.060634780560093,719.0833234642992,0.012636540944484426,1585.0,12158.991522575821,0.0012266205797365503,1003,15300,0.176527202129364,57,0.0,3240,0.0,0.0015877717733383178,0.00328539502620697,0.10473236846923828,0.0015852547505917777,0.0032746365460427805,0.09480338537953738,3240,0.0,1.6876882873475552e-05,0.00023236046234766642,0.019504766464233398,1.6876598049106974e-05,0.00023230648350550337,0.019131608900543252,4824,0.0,4.752806928912009e-06,0.00026020270119499764,0.007942720048040662,4.752784339845667e-06,0.0002601350133457158,0.00788013037850216
6,0.1,True,valid,3.138487448786188,0.41767199938085153,1.2337390986618162,3778.9619545719133,1020.2452064164328,3599.6026060097524,3579.8571150607663,38.37004203641027,1024.110708162126,0.01253233287544882,1585.0,18808.259976093173,0.0011823461273307724,1266,13556,0.22751279175281525,40,0.0,3240,0.0,0.0016310633420944215,0.003229266047477722,0.07332567596435546,0.0016284073066305776,0.003218871455164543,0.06831633455379164,3240,0.0,1.3510345791776975e-05,0.00014704429234067598,0.019504769643147787,1.3510163264799566e-05,0.00014702267349403408,0.01913161195898568,4824,0.0,6.1363346440053125e-06,0.0002767210125467241,0.00995576920402083,6.1362969896335095e-06,0.0002766444591562273,0.00985762892553928
7,0.11666666666666667,True,valid,3.2052363776659107,0.48044448403037904,1.296506605767251,4517.347388464656,1876.9642141034994,4055.5652943503324,4041.128146248621,35.90099411774527,1879.4881112867859,0.012536802296898098,1585.0,35797.94784969607,0.0011494602833411207,1134,12135,0.2757761776447296,26,0.0,3240,0.0,0.0015937716960906982,0.0033086726665496826,0.10956606292724609,0.0015912356297821404,0.003297761451221325,0.09874676829804076,3240,0.0,1.0526246236016353e-05,0.00015821864207585652,0.019504768053690592,1.0526135435322847e-05,0.0001581936128530577,0.019131610429764467,4824,0.0,5.8655063346780815e-06,0.00021294499316851868,0.014459022028909006,5.865471930715316e-06,0.00021289965724834717,0.014252938477486347
8,0.13333333333333333,True,valid,2.9861729665942236,0.5193751223295515,1.3078652803994613,3834.305854202611,422.08762103584445,3792.725629897283,3780.118730163272,35.92665548418326,431.89715586889116,0.012014509444331365,1585.0,20400.825524612083,0.0008039044903892683,833,12062,0.3198201358318329,25,0.0,3240,0.0,0.0015651103258132934,0.0034363048076629637,0.20007766723632814,0.0015626645833381283,0.003424537030978325,0.16672059875681974,3240,0.0,1.0243296468009552e-05,0.00022108974556128182,0.019504768053690592,1.024319154396179e-05,0.0002210408756902621,0.019131610429764467,4824,0.0,5.901120842406415e-06,0.0001553913784548123,0.01752909087069764,5.901086019384713e-06,0.0001553672357249574,0.017227115202866617
9,0.15,True,valid,2.646553778344514,0.5563559549698103,1.3177094573112436,3517.208724469458,1421.364531689787,3169.0995497907306,3145.93056570498,36.01699267356922,1428.88335751964,0.011606607707655084,1585.0,40849.78241941948,0.0009514321075038827,652,12409,0.3616800308227539,10,0.0,3240,0.0,0.0015572383403778076,0.0035676214694976803,0.21832327270507812,0.001554817119546973,0.0035549387692481553,0.1791997884275236,3240,0.0,1.1553949055572351e-05,0.00030268917481104533,0.026757694880167642,1.1553815563375935e-05,0.0003025975817888758,0.026060379204940386,4824,0.0,5.784890654640298e-06,0.0001061824522257983,0.015835803696069198,5.7848571898740015e-06,0.0001061711787092631,0.01558894029768531
10,0.16666666666666666,True,valid,2.2481383027981092,0.5765638845740475,1.3377046902283591,2432.385144306696,375.90159632793876,2374.75247717879,2326.5123235038504,31.081665688223875,414.7868233695607,0.010829222649571863,1585.0,10565.93744027925,0.0007340163954304789,725,14564,0.40081897377967834,6,0.0,3240,0.0,0.0014022260904312134,0.003714908123016358,0.21759033203125,0.001400262605672085,0.003701158657712239,0.1787056995338112,3240,0.0,1.6134876447419325e-05,0.0003389905268947283,0.019504768053690592,1.6134616117381745e-05,0.00033887565125738904,0.019131610429764467,4824,0.0,2.985949878289412e-06,8.511873486996145e-05,0.010093044933367788,2.985940962419359e-06,8.511149028757228e-05,0.009992193277633735
11,0.18333333333333332,True,valid,2.049112108614877,0.6050146172316229,1.3322748939678821,2198.6232647376896,341.4054482463592,2156.933377622307,2085.8660228293725,25.895284466677687,387.3162402905545,0.009250969433586703,1585.0,8608.21596658492,0.0006446090316659111,963,17238,0.4372369647026062,10,0.0,3240,0.0,0.0013963994979858398,0.0037958526611328123,0.21169415283203125,0.0013944522855143826,0.0037814986490492673,0.17470923032619184,3240,0.0,1.1810689854125181e-05,0.00037295910219351447,0.019504769643147787,1.1810550363377832e-05,0.0003728200553904993,0.01913161195898568,4824,0.0,4.556926369864822e-06,6.894885308167509e-05,0.005987611550214332,4.556905604381509e-06,6.894409946508639e-05,0.0059519734452668826
12,0.2,True,valid,1.9945144320626427,0.6116061817798119,1.3278292683179653,2176.7229572460806,624.012670809684,2054.474038524959,1990.8244504616657,28.11231727863492,657.0741409597949,0.008346247121430382,1585.0,14971.468194545889,0.0007143971714860339,1099,18476,0.4709340035915375,12,0.0,3240,0.0,0.0014014924764633179,0.0038505890369415286,0.21582749938964843,0.0013995310442342466,0.003835818874562429,0.1775149019889704,3240,0.0,1.322164200246334e-05,0.00036921406785647075,0.019504768053690592,1.3221467192957367e-05,0.00036907779913609854,0.019131610429764467,4824,0.0,5.0560136820250915e-06,6.627124390130848e-05,0.003499129108102896,5.055988118879987e-06,6.626685231342924e-05,0.003486927897199948
13,0.21666666666666667,True,valid,2.0141095367993023,0.6336727405914973,1.3282846275548619,2150.2586074837172,534.3975038486382,2040.859526558732,1982.153616195475,24.45331847248023,576.2702203390401,0.00743805239704857,1585.0,15882.067245311933,0.000504727115365583,1075,18268,0.5019100904464722,14,0.0,3240,0.0,0.0013976870775222778,0.0037782912254333495,0.1582163543701172,0.001395736274967127,0.003764069474427285,0.1366034538997348,3240,0.0,1.4491962889830272e-05,0.00037078609069188435,0.019504768053690592,1.4491752875885384e-05,0.00037064865931375984,0.019131610429764467,4824,0.0,5.019233887089682e-06,6.26556172914687e-05,0.005168778801881944,5.019208694507316e-06,6.265169181103464e-05,0.0051421999080024225
14,0.23333333333333334,True,valid,2.037569008694749,0.6385857700756811,1.319584348291194,2051.429150895548,428.4014225555129,1985.708429704721,1933.4544727384884,29.481887235009957,470.0882028790168,0.0076527599741488825,1585.0,7113.23529178198,0.0005263961931154114,1116,18806,0.530163586139679,11,0.0,3240,0.0,0.0013985313177108764,0.0037308268547058105,0.13494406127929687,0.0013965781594173002,0.003716959521044528,0.11889930603909178,3240,0.0,1.575961398581664e-05,0.00038285224388043086,0.019504768053690592,1.5759365624297737e-05,0.00038270572411939157,0.019131610429764467,4824,0.0,4.291846359736857e-06,5.8830116349397216e-05,0.0037243653984582355,4.291827939870737e-06,5.882665556895545e-05,0.0037105459694402637
15,0.25,True,valid,2.012230637073567,0.6442582257462344,1.324542243169984,2093.988826427161,520.1983709362703,1988.6491965520274,1938.4189863454378,25.343910864811296,558.7725178335983,0.00796299487275332,1585.0,13057.666762164648,0.0004865894900223626,1341,21132,0.5556931495666504,33,0.0,3240,0.0,0.0013983911275863648,0.00370651912689209,0.11467862701416015,0.0013964383605727187,0.0036928315753904004,0.10288043946921693,3240,0.0,1.638352560500304e-05,0.000382174663245678,0.020311292012532553,1.638325718948938e-05,0.00038202866155462106,0.0199069560158147,4824,0.0,4.628960008584067e-06,5.708074152687085e-05,0.004492197199060705,4.6289385814124914e-06,5.70774835016826e-05,0.0044721076097821435
16,0.26666666666666666,True,valid,1.989403720134814,0.6455158457657236,1.329548605549294,13286.570539697326,13177.2869681741,1994.4714710382207,1947.3607399696061,22.408328885990368,13179.637852624057,0.007718262231054027,1585.0,495687.26913345535,0.0004237078206081704,1691,23334,0.5784987807273865,33,0.0,3240,0.0,0.0013871183395385742,0.003684309124946594,0.06313702392578124,0.0013851969075043028,0.0036707848154048477,0.05938747546636934,3240,0.0,1.622314875324567e-05,0.0003763343766331673,0.019504776000976564,1.622288556695991e-05,0.00037619280234557986,0.019131618075870476,4824,0.0,3.4085979900125467e-06,5.733772505260709e-05,0.003683066530613512,3.4085863715118917e-06,5.7334437626370035e-05,0.0036695513289315557
17,0.2833333333333333,True,valid,1.931828785583835,0.6463300005513579,1.3147451198443287,2013.3482662012893,453.61769831517415,1938.4229263571594,1897.7645033950048,21.311085993844276,492.4820400702109,0.007401254259658969,1585.0,8168.488101397284,0.00047671327160595417,1802,25266,0.5985804796218872,32,0.0,3240,0.0,0.0013985021114349366,0.0037145802974700927,0.04392752075195312,0.0013965490346612404,0.0037008332544007797,0.04207909062528749,3240,0.0,1.4491161952416102e-05,0.0003879509742061297,0.019504807790120444,1.4490951961684381e-05,0.00038780052655892786,0.019131648660293307,4824,0.0,4.7338440896098405e-06,5.103027260969337e-05,0.0032640236977879446,4.733821680436057e-06,5.1027668651795775e-05,0.0032534045083741216
18,0.3,True,valid,1.8292335972880145,0.6477652816956754,1.3074171332479076,1962.4180606161515,473.2454389019822,1886.2418609764334,1838.3019608073434,21.79425611274352,512.908945219387,0.007268724926092503,1585.0,9137.69490678707,0.0003514611444654346,1874,25853,0.6159382462501526,47,0.0,3240,0.0,0.0013961055278778076,0.00375350022315979,0.027910327911376952,0.0013941591346032468,0.0037394641414537624,0.02715249293008688,3240,0.0,1.8916480864087742e-05,0.00043420364459355673,0.019504798253377278,1.8916123037608276e-05,0.00043401519347898744,0.019131639484966656,4824,0.0,3.008092818366058e-06,4.907190370750956e-05,0.002182612169815749,3.008083769770873e-06,4.906949577372152e-05,0.0021778587488064643
19,0.31666666666666665,True,valid,1.7754405715142685,0.6410713816698944,1.2936422335072735,2060.0858433327935,657.4923746718276,1895.6810278455898,1843.1301006943977,26.47462983232569,694.6540792231538,0.006907490564402062,1585.0,23258.304476570098,0.0005497087175699072,2186,28490,0.6305720806121826,56,0.0,3240,0.0,0.0013962852954864501,0.0037909891605377197,0.029861860275268555,0.001394338401279811,0.003776671838001773,0.028995986187202692,3240,0.0,1.9504535011947154e-05,0.00043509831031163536,0.019504772822062175,1.9504154592481027e-05,0.0004349090821046431,0.019131615017428088,4824,0.0,4.202591641228758e-06,4.735251655740852e-05,0.005362295334798491,4.20257397952648e-06,4.7350274402744544e-05,0.00533369448971903
20,0.3333333333333333,True,valid,1.6932942550280548,0.6363542664156349,1.2919703621865812,1962.3414641867143,568.3062312312609,1870.7532685302795,1821.410370645987,18.585572048807414,606.9502077926268,0.006475432349085192,1585.0,9469.08879042786,0.00041091126508028647,2659,32090,0.6424819827079773,63,0.0,3240,0.0,0.0013972170352935791,0.0038221232891082766,0.0303255729675293,0.0013952675437127115,0.0038075702860198403,0.029433000367239264,3240,0.0,2.0027337595820426e-05,0.00045193587740262347,0.019504768053690592,2.0026936509601938e-05,0.00045173172361071283,0.019131610429764467,4824,0.0,2.7472205752632595e-06,4.690331217761996e-05,0.005553119913230504,2.7472130280631043e-06,4.690111235988373e-05,0.005522453069122479
21,0.35,True,valid,1.7376972706214941,0.647501846093241,1.2858666861686066,2068.0954463333896,677.3924614003797,1907.233039339155,1860.165634800943,21.38776624826967,713.3252586335061,0.006148269861699786,1585.0,12097.444413083982,0.0005560313205897365,3256,36738,0.6516679525375366,59,0.0,3240,0.0,0.0013962396383285522,0.003846152186393738,0.028325471878051758,0.0013942928713541287,0.0038314159774433553,0.027545239958240434,3240,0.0,1.3656488930185636e-05,0.00046203173696994786,0.019504766464233398,1.3656302433042632e-05,0.0004618183622266943,0.019131608900543252,4824,0.0,3.5859800972184898e-06,4.425076057533034e-05,0.004215898056319706,3.5859672380113447e-06,4.424880253195129e-05,0.0041981988778306166
22,0.36666666666666664,True,valid,1.788421941954653,0.6552982952676389,1.2837402279738015,2032.1759268240987,563.293530723054,1947.8128418456652,1902.1642914816312,17.550745928945584,605.6595832867447,0.0055795429253051795,1585.0,10598.277325188,0.00028527079462032116,3911,41874,0.6581299901008606,76,0.0,3240,0.0,0.0013965963125228882,0.0038491190671920772,0.029749862670898436,0.0013946485514986,0.0038343601583761214,0.028890377895982592,3240,0.0,1.3019732820490996e-05,0.00045083798468112943,0.019504766464233398,1.301956330925527e-05,0.00045063482138145693,0.019131608900543252,4824,0.0,3.895710506569124e-06,4.18357998309614e-05,0.003406434035234182,3.895695330067895e-06,4.183404967002396e-05,0.00339486963576174
23,0.38333333333333336,True,valid,1.804057685130314,0.6616380146659465,1.2785516064638736,2005.557777825457,514.2491370844059,1922.9955916646961,1882.5667657481854,17.95510286001945,562.2825199992725,0.0056618888760825185,1585.0,10389.143057520676,0.0003327978780444674,4433,45115,0.6618680953979492,79,0.0,3240,0.0,0.0013830275535583495,0.0038095430135726928,0.029950647354125975,0.0013811174300978244,0.0037950854722164536,0.029079691761024838,3240,0.0,1.4969147741794586e-05,0.00044111294051011403,0.019504766464233398,1.4968923669764638e-05,0.0004409184455744439,0.019131608900543252,4824,0.0,3.760750799347385e-06,4.2209289790201366e-05,0.0035827533965583727,3.760736656153999e-06,4.2207508241210786e-05,0.003569963099139343
24,0.4,True,valid,1.8142788234514124,0.6700890535735806,1.2755610354338636,2120.239395651712,698.2833153449423,1982.496499536237,1945.2053702979008,17.05747964085518,742.3079849143472,0.00560668877479553,1585.0,12345.351030771088,0.0003665921409335268,4758,47028,0.6628822684288025,53,0.0,3240,0.0,0.0013264282941818238,0.003787227749824524,0.02784751319885254,0.0013246712128046716,0.0037729387713118546,0.02709303942584431,3240,0.0,1.5586734128495058e-05,0.00042201057076454165,0.019504772822062175,1.5586491186000947e-05,0.00042183255296784417,0.019131615017428088,4824,0.0,2.7961524490790157e-06,4.096107691620488e-05,0.0028209984185087428,2.7961446306323585e-06,4.0959399174753715e-05,0.0028130627728752957
25,0.4166666666666667,True,valid,1.8048726712736354,0.6691970312969014,1.2766152927443117,2052.997345780101,573.0848147555997,1942.9154189377468,1907.9070127957605,16.335239843211248,624.453558731107,0.005932747660762359,1585.0,13460.30831999377,0.00040205406780482154,4652,46745,0.6611725091934204,65,0.0,3240,0.0,0.0013599319458007812,0.0037871023416519165,0.029052318572998045,0.001358085042566281,0.0037728143074780354,0.028232110310275886,3240,0.0,1.4988693098227182e-05,0.0004246002932389577,0.019504772822062175,1.4988468440673712e-05,0.0004244200843316549,0.019131615017428088,4824,0.0,2.226650911182974e-06,4.2251447744479025e-05,0.0031499596315347025,2.226645953219733e-06,4.2249662634969e-05,0.0031400685423859345
26,0.43333333333333335,True,valid,1.8069981850684944,0.6761758790532515,1.2595503143954023,2030.2228328033755,725.1033142767775,1847.990843000616,1816.416603267523,18.1535039035444,751.3735836771192,0.006553816777614442,1585.0,14520.462557153021,0.0005451805989189394,4164,43062,0.656738817691803,81,0.0,3240,0.0,0.0013650082349777222,0.003805776119232178,0.03297615051269531,0.0013631475273773626,0.0037913471007177124,0.031923438403034105,3240,0.0,1.3309437781572342e-05,0.0004248089591662089,0.019504777590433755,1.3309260642795896e-05,0.0004246285731400701,0.01913161960509166,4824,0.0,2.2829130011178094e-06,4.176787517102115e-05,0.0029871633592628197,2.2829077894379368e-06,4.1766130688481636e-05,0.0029782667898341176
27,0.45,True,valid,1.818783822119078,0.6871614558445203,1.2461557910034156,1999.7087443838655,658.97560524633,1837.8294890015889,1802.3175848023286,18.890890504854067,692.4708117489402,0.006546623736978752,1585.0,15755.034167906852,0.0005244017988153103,4082,42852,0.6495811939239502,81,0.0,3240,0.0,0.0013274441957473754,0.003862437844276428,0.03266267776489258,0.0013256844236538036,0.0038475768175359054,0.03162957127063803,3240,0.0,1.4465802038709323e-05,0.00041809171438217163,0.019504768053690592,1.4465592782307762e-05,0.000417916986746668,0.019131610429764467,4824,0.0,3.797764679622362e-06,4.155949892607568e-05,0.003571108588003966,3.797750256660575e-06,4.155777180589073e-05,0.0035584011510937322
28,0.4666666666666667,True,valid,1.826848059893357,0.6974154439639445,1.2463452978888132,1967.1815588809272,757.8001831188275,1795.599406363402,1759.8470252870343,15.643511608063184,799.4520251772548,0.005375075533126334,1585.0,17613.454764488088,0.00043099380708189314,4122,42970,0.6396996378898621,61,0.0,3240,0.0,0.0013220576047897339,0.0038967511653900146,0.04707365798950195,0.0013203120761687394,0.0038816254368880185,0.04495735102331637,3240,0.0,1.6275479768713316e-05,0.00039952569951613747,0.019504769643147787,1.6275214881782773e-05,0.00039936614247382404,0.01913161195898568,4824,0.0,4.236707411220143e-06,4.140757671835347e-05,0.003451097099145019,4.236689461606503e-06,4.1405862201920294e-05,0.0034392279894074765
29,0.48333333333333334,True,valid,1.861029920073209,0.7038506456299599,1.2299413420983345,1948.8434262441071,588.4101570446745,1809.8576448904673,1775.76196454423,17.620249687885387,656.8521504278301,0.006096986266744257,1585.0,18946.50864314886,0.0003294929073314946,4377,45098,0.6270941495895386,46,0.0,3240,0.0,0.0013329193592071533,0.003892829656600952,0.03405105590820313,0.0013311450501998293,0.0038777342951269484,0.03292976271688656,3240,0.0,1.917137453953425e-05,0.0003858430807789167,0.019504772822062175,1.917100700497866e-05,0.00038569426331594924,0.019131615017428088,4824,0.0,4.56508668254889e-06,4.0619872987343823e-05,0.0022521128694033984,4.5650658426276075e-06,4.061822307843717e-05,0.0022470522541037097
30,0.5,True,valid,1.920964525737569,0.7129169648692404,1.2274437259887983,2096.690085704649,871.7533678827464,1847.9008986125016,1811.7651636854791,17.167116061045242,927.2909465286918,0.006073962014209985,1585.0,23088.169857676698,0.0004357748495921019,4719,47515,0.6117647290229797,46,0.0,3240,0.0,0.001311789870262146,0.003917509317398071,0.046660362243652345,0.0013100713319595606,0.0039022223249151897,0.044580232448690235,3240,0.0,2.0284651157756646e-05,0.00037380386143922803,0.019504780769348144,2.0284239699030353e-05,0.0003736641842515769,0.019131622663534017,4824,0.0,3.016838950099852e-06,3.937400104561484e-05,0.0033094280080706207,3.016829848810058e-06,3.9372450794689936e-05,0.0032985118206663557
31,0.5166666666666667,True,valid,1.9255251007287655,0.7154519554863836,1.2268890603148166,2050.428736178132,746.1374475676142,1872.77755774384,1838.9378506047874,17.30936285179881,807.8758883155799,0.006210067220827242,1585.0,21018.95346944229,0.00033774892269236307,4988,49796,0.5937113761901855,46,0.0,3240,0.0,0.0013902939558029174,0.003872380614280701,0.03722175598144531,0.0013883637221116098,0.0038574431262440472,0.03588601547045756,3240,0.0,1.9370118776957195e-05,0.0003683263063430786,0.019504776000976564,1.936974358272332e-05,0.00036819069199798735,0.019131618075870476,4824,0.0,2.298274427377232e-06,3.919810307867179e-05,0.0031060813984895167,2.2982691453240277e-06,3.919656664739013e-05,0.0030964635307156596
32,0.5333333333333333,True,valid,1.9474217311224733,0.7175122760855495,1.2435327343305616,2158.29544870368,1035.839369278285,1850.8903106640762,1828.2775405272548,16.260682573599922,1077.9135808534897,0.004267504586442077,1585.0,24111.410433043657,0.0002640064715030092,4977,49649,0.572934091091156,34,0.0,3240,0.0,0.0013905881643295288,0.003914904356002807,0.03818169784545898,0.001388657114182235,0.0038996376474818148,0.03677747153961349,3240,0.0,1.327572079996268e-05,0.00036208522816499075,0.019504780769348144,1.3275544557539665e-05,0.00036195416990677154,0.019131622663534017,4824,0.0,2.851759668260563e-06,3.901483346607312e-05,0.0060117107429971915,2.85175153575055e-06,3.9013311368198356e-05,0.005975786045827637
33,0.55,True,valid,1.961543153101032,0.7161531500810402,1.2192945168077634,2095.241504206124,900.9461884146422,1829.8069653562004,1809.3708986376237,16.893183992336578,955.4279996657853,0.005367259422341914,1585.0,27626.861384849042,0.0003202205324144527,4923,49282,0.5494328737258911,29,0.0,3240,0.0,0.001403928279876709,0.003886348843574524,0.04841568374633789,0.0014019600285453773,0.0038713036072705494,0.046179854514702176,3240,0.0,1.134055977066358e-05,0.0003518128270904223,0.019504766464233398,1.1340431163826142e-05,0.0003516890983516292,0.019131608900543252,4824,0.0,3.646045565503357e-06,3.984455605048366e-05,0.005090684924389284,3.6460322719035603e-06,3.984296852502312e-05,0.005064901108671846
34,0.5666666666666667,True,valid,1.9899035566176237,0.7244129121613818,1.2094471856041031,2094.2078712837515,866.9945724535561,1856.341953449303,1835.399536551978,20.363406786011193,918.6139075154358,0.005516460773968113,1585.0,30817.70127131519,0.0003981244886066919,4830,48477,0.5232077240943909,26,0.0,3240,0.0,0.001411576509475708,0.0038805068731307983,0.05277998352050781,0.0014095867699032449,0.003865506747591856,0.05013391624716398,3240,0.0,1.3786588485042253e-05,0.00034847397357225414,0.019504766464233398,1.3786398417640577e-05,0.00034835258176339306,0.019131608900543252,4824,0.0,3.86476560720418e-06,3.924415177130592e-05,0.00439524281380547,3.864750670848707e-06,3.9242611727411146e-05,0.004376009190856212
35,0.5833333333333334,True,valid,2.0395965248244594,0.7259027010177632,1.20736935827503,2172.566513780598,1016.0578840022,1881.3073273023474,1851.9706788797382,18.652452420574303,1062.4346642633477,0.004451477050400018,1585.0,32449.993366305072,0.0003223947919515845,5134,50602,0.49425873160362244,37,0.0,3240,0.0,0.0014147628545761108,0.003912697672843933,0.04839279556274414,0.0014127641283650223,0.0038974481363045644,0.04615903101162424,3240,0.0,1.9043659170468647e-05,0.0003311398004492124,0.019504769643147787,1.9043296516420304e-05,0.00033103018317919594,0.01913161195898568,4824,0.0,4.146882825621998e-06,3.927264699081192e-05,0.004656342126707724,4.146865629056141e-06,3.9271104710317223e-05,0.004634761093381387
36,0.6,True,valid,2.062362655765463,0.7184952326040627,1.1922999145279802,1961.7330378995653,654.1911572092051,1824.5175150766124,1801.1520118254862,17.7406555195399,716.4764897332769,0.004425980241765873,1585.0,14950.806021434397,0.0002108937186326601,5211,51076,0.46258795261383057,35,0.0,3240,0.0,0.0014064444303512574,0.003985218286514282,0.03551387405395508,0.0014044691225762098,0.003969399363458677,0.03429589399408147,3240,0.0,1.7960731250544388e-05,0.0003246274342139562,0.02004191239674886,1.7960408668471145e-05,0.00032452208544188474,0.019648126369295197,4824,0.0,4.588720198590397e-06,4.027154934468663e-05,0.01079989571378343,4.588699142333957e-06,4.0269927611865484e-05,0.010684504182855112
37,0.6166666666666667,True,valid,2.1087182511047513,0.7287725638216094,1.1975836036644842,3024.784521449241,2351.3667449958198,1865.441727971624,1843.344446745577,15.24220021373365,2385.3973982819934,0.003986516556932236,1585.0,73384.12905451386,0.00018953908672680989,5076,49908,0.4281962215900421,38,0.0,3240,0.0,0.0014028630256652831,0.003982404589653016,0.035163875579833984,0.0014008977579978506,0.0039666079518249145,0.033969380510054395,3240,0.0,1.6348652231196562e-05,0.0003181294600168864,0.01972335497538249,1.634838495713636e-05,0.0003180282858034842,0.019341868438287006,4824,0.0,2.199355131184595e-06,3.8697137673477205e-05,0.01338089599434253,2.199350294032241e-06,3.86956402627067e-05,0.013204211809433236
38,0.6333333333333333,True,valid,2.1429344203533804,0.7276269789669247,1.1958474276159916,2458.3419482395248,1650.5464613683087,1832.4558583639841,1814.8615976477452,21.238090467169425,1685.5612492786825,0.004959408622127821,1585.0,57448.1545402563,0.00024113565317911332,5086,50457,0.3910835385322571,56,0.0,3240,0.0,0.0014016599655151368,0.003955952644348145,0.040562168121337894,0.0013996980647739343,0.0039403647480035706,0.0389810136904843,3240,0.0,1.8081412029763063e-05,0.00031388128797213237,0.019504769643147787,1.8081085098213454e-05,0.00031378279741580274,0.01913161195898568,4824,0.0,3.118444710113669e-06,4.0483323604493285e-05,0.012568738560376993,3.1184349854465852e-06,4.048168476874714e-05,0.012412726249327665
39,0.65,True,valid,2.1918496050643386,0.7285843366317271,1.1908137333671738,2057.4964591985845,892.3676993396728,1825.2125451999595,1809.721488764404,21.487442712105274,931.5035779342197,0.0059042021278738225,1585.0,27365.01337345611,0.00032759031416166755,5044,49696,0.41669562458992004,43,0.0,3240,0.0,0.0014089380502700806,0.003956859827041626,0.047604473114013675,0.001406955736797461,0.003941264794243401,0.04544126560715128,3240,0.0,1.6573344667752583e-05,0.00030529333899418515,0.019504772822062175,1.6573069996551326e-05,0.0003052001634122339,0.019131615017428088,4824,0.0,4.17250768425112e-06,4.0655510109719e-05,0.011070440834139529,4.172490274503387e-06,4.065385730640141e-05,0.010949228052801489
40,0.6666666666666666,True,valid,2.2161441143684804,0.7300334087740219,1.1896357964006428,2287.7422457982243,1300.62669278707,1866.98983759368,1846.7484722663041,21.587527900212184,1315.9389615469088,0.005190506426271149,1585.0,29556.236702206286,0.00032864496111845886,4839,48073,0.44512104988098145,26,0.0,3240,0.0,0.0014038012027740479,0.003919081330299378,0.06754058074951172,0.0014018333074909035,0.0039037820905862474,0.06326745977384018,3240,0.0,1.793119745949904e-05,0.00030398565034071606,0.019504766464233398,1.7930875937421984e-05,0.000303893271101804,0.019131608900543252,4824,0.0,3.3797745150540206e-06,4.1140620093824164e-05,0.005016731856944325,3.379763092216854e-06,4.113892761281352e-05,0.004991689887266887
41,0.6833333333333333,True,valid,2.22380468045924,0.7348424704945237,1.1798441514239155,1976.0137036533636,745.7643503326811,1830.0097233274123,1811.4248697022545,20.213646877162336,779.9293063196519,0.004906306527219653,1585.0,14033.925568673907,0.00032432958016909337,4721,47391,0.4848921597003937,18,0.0,3240,0.0,0.0014018583297729491,0.0038857003450393675,0.042721473693847656,0.0013998958740810538,0.0038706601193421643,0.0409711267789533,3240,0.0,1.511145383119583e-05,0.00031092081218957906,0.019504766464233398,1.5111225478609679e-05,0.00031082417048286385,0.019131608900543252,4824,0.0,1.7874278821739572e-06,4.103207045326612e-05,0.004691206058992207,1.787424687281234e-06,4.103038689144682e-05,0.004669301403954713
42,0.7,True,valid,2.2044771093892637,0.7307823398157932,1.1839521743406107,1986.0738275044841,727.812070715089,1803.589363854601,1794.10344574619,20.928963016048172,766.0337032219662,0.0049725861372846725,1585.0,15243.796054322156,0.0004116380066567588,4332,44557,0.5365235209465027,1,0.0,3240,0.0,0.0014019287824630737,0.003877004861831665,0.0349242057800293,0.0013999661296514418,0.0038620317458846285,0.033745665223577116,3240,0.0,1.3546158249179521e-05,0.0003103771805763245,0.019504769643147787,1.3545974753261876e-05,0.0003102808764713684,0.01913161195898568,4824,0.0,2.715416570465608e-06,4.15624643070789e-05,0.004872875426446085,2.715409196998479e-06,4.156073694012694e-05,0.004849245656449969
43,0.7166666666666667,True,valid,2.157835214075984,0.7311697139879755,1.1839938441612883,1901.4696108392245,413.6057594140492,1839.1511551111491,1828.7413096665944,22.669597915413895,485.5277842805013,0.004840262591057143,1585.0,9432.777787573272,0.00019132532538750064,4249,43806,0.5789207816123962,0,0.0,3240,0.0,0.0014009395837783815,0.003930673956871033,0.030363100051879883,0.001398979697742911,0.003915284251030826,0.029468349604475422,3240,0.0,1.4494739783306917e-05,0.0003116689746578534,0.019504768053690592,1.4494529688870796e-05,0.0003115718673597323,0.019131610429764467,4824,0.0,3.7402410829808217e-06,4.051602992445731e-05,0.005543392575953956,3.740227093629786e-06,4.051438844225147e-05,0.005512832779650764
44,0.7333333333333333,True,valid,2.1427896695240705,0.7346277605372353,1.1712785969248047,1961.5058304201882,664.4357365770308,1832.2937453698844,1808.9458316904474,20.231266512119497,730.1134233356831,0.005832581338813386,1585.0,12075.816598528949,0.00042076768475861613,4358,44731,0.6085613965988159,0,0.0,3240,0.0,0.0014020497798919677,0.003958835363388062,0.02930027389526367,0.001400086788518296,0.0039432247856562045,0.028466206255226466,3240,0.0,1.3023611779014269e-05,0.00030771553516387943,0.019504769643147787,1.3023442166759462e-05,0.0003076208754237954,0.01913161195898568,4824,0.0,3.1845620777294694e-06,3.9040075529140483e-05,0.006730563422809813,3.1845519363261383e-06,3.903855146061669e-05,0.0066855657981877425
45,0.75,True,valid,2.103875089427186,0.7271992488153015,1.1575116961529877,1918.6131631193043,474.8251122841787,1838.9395541747929,1809.5156950677167,20.721915105756093,548.0343330709388,0.005413653932276843,1585.0,8279.80539777684,0.00037553007282840385,4352,44737,0.6440244913101196,0,0.0,3240,0.0,0.0014065489768981933,0.003965614318847656,0.02996440505981445,0.0014045733756536893,0.003949950338784558,0.029092660787703912,3240,0.0,1.3457010500133037e-05,0.0003058941538135211,0.019504766464233398,1.3456829411438349e-05,0.0003058006111771025,0.019131608900543252,4824,0.0,3.053334698929655e-06,3.996722945717358e-05,0.007878150208364054,3.0533253761053372e-06,3.996563214144864e-05,0.007816570095041114
46,0.7666666666666667,True,valid,2.091632476054605,0.7285679400098336,1.159412540635859,1959.4876139326977,519.6728876228032,1882.6659383737585,1848.0912985381437,19.91811276554552,598.5099376998377,0.005365739956411793,1585.0,14398.725436759145,0.00035801441272131527,4507,45602,0.6930971741676331,0,0.0,3240,0.0,0.0014031386375427245,0.003928974747657776,0.03086222457885742,0.0014011725981324186,0.003913598318607203,0.029938263177182282,3240,0.0,1.5911840212841828e-05,0.00031131279965241753,0.019504772822062175,1.5911587030211473e-05,0.0003112159141402768,0.019131615017428088,4824,0.0,3.180074297571359e-06,3.94737514483076e-05,0.007301051988351703,3.18006418473098e-06,3.947219333274202e-05,0.007248132992554575
47,0.7833333333333333,True,valid,2.0984542913282263,0.7363699102500637,1.1678856260809756,2021.5078146900341,653.4671664448149,1903.422439751838,1870.789030397549,18.966746697241085,717.4419658803877,0.005003304941393479,1585.0,12190.45565577454,0.00040118846374201703,4834,48464,0.7410184144973755,0,0.0,3240,0.0,0.0014038721323013305,0.003951646089553833,0.026382835388183593,0.0014019040382898147,0.003936092046577218,0.025704673225761282,3240,0.0,1.73140037804842e-05,0.0003172288338343302,0.019504769643147787,1.7313704010947502e-05,0.0003171282316105314,0.01913161195898568,4824,0.0,2.8760521500101285e-06,3.804973405417269e-05,0.005093381294750562,2.8760438783579487e-06,3.8048286326993e-05,0.005067570227344769
48,0.8,True,valid,2.1165701839145177,0.7388307625562279,1.1790095755073273,2028.0400339572295,622.5080849787583,1895.0243858621131,1871.0912492815696,19.624599575204336,685.1650809572172,0.005872508806922862,1585.0,12284.413302694742,0.00033568097838209044,5079,49590,0.775672435760498,0,0.0,3240,0.0,0.0014069305658340454,0.0039378652572631834,0.02583261489868164,0.0014049538932580333,0.0039224192985462,0.02518209552270187,3240,0.0,1.6751117072999477e-05,0.0003171592205762863,0.019504766464233398,1.6750836477776568e-05,0.0003170586624976731,0.019131608900543252,4824,0.0,2.7860832894095978e-06,3.7464740739495694e-05,0.005169468837861516,2.7860755271711283e-06,3.746333718526688e-05,0.005142882865153333
49,0.8166666666666667,True,valid,2.1473966061525536,0.7369598494906863,1.17660637333127,2023.7836072358546,623.8615917393772,1919.1246800582371,1903.4718682583343,22.20340856613633,686.1238381330328,0.004266491672937335,1585.0,12481.078977724937,0.0002485314237489354,5215,50510,0.8060598969459534,0,0.0,3240,0.0,0.001401584267616272,0.0039023418426513672,0.02534409713745117,0.0013996225786294645,0.0038871727656735883,0.02471765059964421,3240,0.0,1.318959053605795e-05,0.00032792645196119945,0.019504768053690592,1.3189416573053942e-05,0.00032781895145227207,0.019131610429764467,4824,0.0,2.6726197995125765e-06,3.767073922977138e-05,0.004645656177620171,2.672612656635074e-06,3.766932019863297e-05,0.004624173855780673
50,0.8333333333333334,True,valid,2.1596548754737372,0.742878116773065,1.1738427136755454,2024.7169227524394,539.3754554162803,1934.9123310426926,1927.0799714293087,25.207740448139855,600.8702893169554,0.004831130466606209,1585.0,12183.123456618692,0.00011512921383921024,5238,50762,0.8471102714538574,0,0.0,3240,0.0,0.0014048205614089965,0.0038703269958496097,0.02543286895751953,0.0014028498091525304,0.0038554053159207185,0.024802080884509987,3240,0.0,1.2461273775746426e-05,0.00033688707898060484,0.019504769643147787,1.2461118494337316e-05,0.00033677362429046986,0.01913161195898568,4824,0.0,2.4081036350609695e-06,3.659548524636763e-05,0.004967195397885678,2.4080978361118165e-06,3.6594146064815905e-05,0.004942644317777031
51,0.85,True,valid,2.1915977961341,0.7485225861806558,1.18284149627468,2118.8114042900497,620.9153976148137,1973.3682633713265,1967.8755236146806,22.048087660131298,688.3113917071008,0.004870873100461575,1585.0,16107.391790959111,0.00029295713483801873,5086,51077,0.897322952747345,0,0.0,3240,0.0,0.0013981597423553466,0.003871600031852722,0.030620187759399415,0.0013962076210676001,0.003856668553224645,0.029710448255403053,3240,0.0,1.1444174063702424e-05,0.0003283697242538134,0.019504766464233398,1.144404309608124e-05,0.00032826193291790053,0.019131608900543252,4824,0.0,2.855468096580635e-06,3.467360011056118e-05,0.005103852792359782,2.8554599429058668e-06,3.4672397893701666e-05,0.005077935755773255
52,0.8666666666666667,True,valid,2.2278212572157,0.749628072953769,1.1828292059905767,2282.3512569949007,859.2301010872292,2020.9479226966537,2015.1642714932916,23.75526456894378,913.7716087280708,0.004709592205543246,1585.0,30034.99172054538,0.0004843738950224437,5440,53221,0.9421547651290894,0,0.0,3240,0.0,0.0014108362197875976,0.003895774245262146,0.033467674255371095,0.0014088485652036125,0.003880656085105934,0.03238386172018884,3240,0.0,1.0594562627375127e-05,0.0003184086953600248,0.019504769643147787,1.0594450383807032e-05,0.00031830734353285514,0.01913161195898568,4824,0.0,3.3405833869984946e-06,3.4763144789303166e-05,0.003669743573647211,3.340572227538408e-06,3.4761936355057484e-05,0.0036563257955558094
53,0.8833333333333333,True,valid,2.278718540586686,0.7561005588124384,1.1846705681375325,2033.3559386842537,559.5982136260299,1931.969121491219,1925.9241051566923,21.06640395089427,643.7883712014429,0.004637359633368447,1585.0,14038.628863217578,0.00023738227635366292,5500,53563,0.9753322601318359,0,0.0,3240,0.0,0.0014165719747543334,0.00392154610157013,0.03516586685180664,0.0014145681371748311,0.0039062276487826387,0.03397123879166792,3240,0.0,9.669004163394371e-06,0.0003043650214870771,0.019504769643147787,9.668910674656803e-06,0.0003042724116079316,0.01913161195898568,4824,0.0,3.405166059509026e-06,3.545555298910107e-05,0.00381099615563892,3.4051544643926163e-06,3.545429593736973e-05,0.003796527603537063
54,0.9,True,valid,2.3019650570193986,0.7605824627562422,1.1652564132435985,2043.7484777139541,515.3158781135566,1955.438470485396,1939.1255267336733,20.83376606133044,595.084540774429,0.003967372770663743,1585.0,15376.459823577725,0.0003550123546324191,5302,52756,1.0068306922912598,0,0.0,3240,0.0,0.0014329426288604737,0.003917122602462769,0.03659063720703125,0.0014308922423690773,0.003901838619862964,0.0352990234463436,3240,0.0,8.385132532566786e-06,0.00029732861866553625,0.019504766464233398,8.385062222708755e-06,0.00029724024063537604,0.019131608900543252,4824,0.0,2.95716944445359e-06,3.392400587962648e-05,0.0037641230193227316,2.9571606996283266e-06,3.3922855080254275e-05,0.003750007529657713
55,0.9166666666666666,True,valid,2.315202473002624,0.7568163017482166,1.1641858512630079,2030.4302085288193,470.71914365003545,1962.7042931731314,1952.7893326490255,27.347262787018366,553.0393724979656,0.004928707902625035,1585.0,13440.186419883537,0.00032195249018485687,4983,50826,1.048378348350525,0,0.0,3240,0.0,0.0014351603984832763,0.0038931950330734254,0.03748316955566406,0.001433103664856553,0.003878096844758189,0.036128942286087824,3240,0.0,7.621638942509889e-06,0.0003026188537478447,0.019504768053690592,7.621580853572453e-06,0.00030252730327895476,0.019131610429764467,4824,0.0,2.7595968595102263e-06,3.514289963935392e-05,0.0047089780958108575,2.7595892441564145e-06,3.514166465873767e-05,0.004686907550816969
56,0.9333333333333333,True,valid,2.3270464846034686,0.7531601528587402,1.153624063493188,2036.4505592231928,469.9328172772219,1966.4649298799745,1958.5038738891735,23.678228577237896,558.2838212110647,0.004713472611974744,1585.0,11959.194039201573,0.0002912324895912336,4549,47539,1.1312617063522339,0,0.0,3240,0.0,0.0014369539022445678,0.003862458944320679,0.03799175643920898,0.0014348920285448508,0.0038475977559536494,0.03660121210358958,3240,0.0,7.2543548109630745e-06,0.0002986748516559601,0.019504766464233398,7.254302185681114e-06,0.00029858567161289933,0.019131608900543252,4824,0.0,3.523306676140302e-06,3.443010638049004e-05,0.004296434231574601,3.5232942624941048e-06,3.44289209888329e-05,0.004278053854549395
57,0.95,True,valid,2.343214158152265,0.7566505584572838,1.1419733294836114,2036.9823614618897,498.9467347505565,1971.1657962518505,1961.4408593660364,25.604166240461858,592.8211999458662,0.004351322111410163,1585.0,14138.957217361602,0.00023507182087412616,4603,47974,1.2098103761672974,0,0.0,3240,0.0,0.001436341404914856,0.003877062201499939,0.03813716125488281,0.00143428128731559,0.0038620886435772887,0.036736148823324315,3240,0.0,5.750956091408929e-06,0.00030188821256160736,0.019504766464233398,5.750923018103167e-06,0.0003017971035689676,0.019131608900543252,4824,0.0,3.68869885485963e-06,3.3602589558181084e-05,0.0053056276914144225,3.6886852484105783e-06,3.360146046185286e-05,0.0052776265697410596
58,0.9666666666666667,True,valid,2.3757865008691286,0.7631192888558573,1.148058909683491,2130.630915221322,548.6423967671143,2029.3635794480506,2010.194991422019,28.851181851224567,637.0804971774111,0.004401842308036415,1585.0,15044.014255597061,0.000166193255712174,4556,47949,1.2824708223342896,0,0.0,3240,0.0,0.0014289379119873046,0.0038834741115570067,0.038289020538330075,0.0014268989619639788,0.003868451080637215,0.03687703498827143,3240,0.0,4.5499139620612065e-06,0.0002895945062239965,0.019504768053690592,4.549893260438335e-06,0.0002895106655179217,0.019131610429764467,4824,0.0,2.4842187632992197e-06,3.286643012730034e-05,0.005131550244083653,2.4842125919716865e-06,3.286534996000519e-05,0.0051053518744263076
59,0.9833333333333333,True,valid,2.435535161927826,0.7735990803616266,1.1597682668412295,2118.5191143052066,547.1362330012099,2028.7202976011226,2006.473688896243,22.46480593715719,652.9863678667243,0.00426950591065265,1585.0,14007.64345538131,0.00021563424090779691,5025,51252,1.3600445985794067,0,0.0,3240,0.0,0.0014269052743911743,0.0038997669219970705,0.03702807998657227,0.001424872116852305,0.003884617817796486,0.03570595695639381,3240,0.0,4.094891871015231e-06,0.0002830714484055837,0.019504766464233398,4.09487510294446e-06,0.00028299134163570314,0.019131608900543252,4824,0.0,1.703797717017389e-06,3.2096578806862633e-05,0.005179250520195351,1.7037948140956746e-06,3.2095548649530955e-05,0.005152564099900601
60,1.0,True,valid,2.473789631972291,0.7763626828095448,1.163854271403848,2162.19450948352,704.5926378845357,2020.593720738092,2001.2230129646045,23.169920123516526,782.4580439968075,0.004247003190209161,1585.0,12609.438249410587,0.00025384650350397436,4911,50617,1.450202226638794,0,0.0,3240,0.0,0.001418454647064209,0.0038675034046173097,0.036822513580322264,0.0014164454833859872,0.003852603447606743,0.03551477046265898,3240,0.0,4.4554413761943575e-06,0.00027441331495841345,0.019504768053690592,4.4554215253249445e-06,0.00027433803291273347,0.019131610429764467,4824,0.0,3.2211833012149834e-06,3.31891163004485e-05,0.00510601144383703,3.2211729252265463e-06,3.318801481956423e-05,0.005080072535336082
61,1.0166666666666666,True,valid,2.4759247879614663,0.7866917513011678,1.1586860627942357,2123.483133077925,566.103330825955,2016.4556696859288,1999.7062388485795,21.682742302293164,656.7685966089307,0.004081268600829947,1585.0,12404.203736588335,0.0002598451621308857,5451,54332,1.5486301183700562,0,3.448803909122944e-09,3240,0.0,0.0014181983470916747,0.0038743684291839596,0.03624066162109375,0.0014161899089036995,0.003859415631061372,0.03497320937435412,3240,0.0,5.340899418418606e-06,0.0002761410176753998,0.019504768053690592,5.340870893364358e-06,0.0002760647848558638,0.019131610429764467,4824,0.0,3.6319168930757464e-06,3.227199802721186e-05,0.007941529482253726,3.6319037023033365e-06,3.22709565786227e-05,0.007878958501028354
62,1.0333333333333334,True,valid,2.4837071698140023,0.7866075802417338,1.1542402454845533,2085.5357411151786,544.0163902998718,1995.252360126273,1971.4028736676873,19.49407085013709,640.6804160488603,0.004077197811457895,1585.0,15345.898973609192,0.00016056131497929,5463,54345,1.6447770595550537,0,1.7462298274040222e-09,3240,0.0,0.0014192638397216796,0.003855185031890869,0.03653616333007813,0.0014172523846603718,0.00384037965771347,0.035248324778846554,3240,0.0,6.887016352266073e-06,0.0002873798832297325,0.019504768053690592,6.886968921598492e-06,0.00028729731975793134,0.019131610429764467,4824,0.0,3.445213211248982e-06,3.310316671713334e-05,0.008086446479596096,3.445201341795804e-06,3.310207093376002e-05,0.008021580399017663
63,1.05,True,valid,2.4996948531046344,0.7819395661198323,1.1485843112135539,2066.326806354828,683.6684490264831,1913.5665039683763,1895.1151806396292,20.678088909630503,764.327424526437,0.00396635131735037,1585.0,16368.794291605314,0.0002446730508787861,5226,53058,1.7342236042022705,0,3.026798367500305e-09,3240,0.0,0.0013848674297332764,0.003868056297302246,0.03757932662963867,0.0013829522242410478,0.00385315208589656,0.03621826848816208,3240,0.0,8.144263022889693e-06,0.00028585974127054214,0.019504766464233398,8.144196694409704e-06,0.00028577804877787214,0.019131608900543252,4824,0.0,3.6136109683096558e-06,3.2574769433482216e-05,0.007883956920735208,3.613597910172613e-06,3.25737083522402e-05,0.00782228635211349
64,1.0666666666666667,True,valid,2.525542610215763,0.7842432563922288,1.146044302226722,2078.4783052333464,671.1094153218877,1933.6171622748345,1903.7764036575954,26.867885971370228,768.2287063061481,0.0036498908105007132,1585.0,14868.954990958076,0.00023377744517443086,5538,55301,1.8232357501983643,0,2.3283064365386963e-09,3240,0.0,0.0013689024448394775,0.0038969945907592774,0.03722550582885742,0.0013670311126072576,0.003881866975698012,0.03588950100018042,3240,0.0,8.077536864827077e-06,0.0002853517358501752,0.019504768053690592,8.0774716187523e-06,0.0002852703334607262,0.019131610429764467,4824,0.0,3.604160734347579e-06,3.149285575373052e-05,0.007328393611254119,3.604147744419798e-06,3.149186398463344e-05,0.007275078969016212
65,1.0833333333333333,True,valid,2.5647395902702232,0.7947362435354112,1.1408728617625565,2050.9303817638615,617.0496978518167,1931.1559980593702,1902.0797412886511,30.112411908540118,693.6648209986964,0.0034610649261376885,1585.0,14079.515561488133,0.0002943049640420964,5936,58274,1.9212677478790283,0,2.7939677238464355e-09,3240,0.0,0.0013752914667129518,0.003914160490036011,0.03533546447753906,0.0013734026377848452,0.0038988995712691426,0.034129483331637234,3240,0.0,7.077734917402267e-06,0.0002798277512192726,0.019504768053690592,7.077684823425258e-06,0.00027974946954859394,0.019131610429764467,4824,0.0,3.5919908508126414e-06,2.963325799351424e-05,0.0075560155634409095,3.5919779484607145e-06,2.963237988954583e-05,0.007499350355439513
66,1.1,True,valid,2.5902362411079625,0.7931725408485609,1.149598387513026,2098.185382931176,532.8131445734235,2007.8286968794237,1975.3483515374155,29.640731374210674,643.6861872354716,0.0038437383433613972,1585.0,12947.405953024772,0.00032941944956559434,6197,60088,2.030611991882324,0,3.259629011154175e-09,3240,0.0,0.0014055020809173584,0.003918378710746765,0.0357598762512207,0.0014035294174005732,0.0039030849419896957,0.034525257321849794,3240,0.0,7.3909061029553415e-06,0.00028124844034512836,0.019504769643147787,7.390851477866048e-06,0.00028116936190061555,0.01913161195898568,4824,0.0,9.749957886116958e-07,2.946623004779967e-05,0.006746038746156203,9.749948379958348e-07,2.9465361814669805e-05,0.006700834655935675
67,1.1166666666666667,True,valid,2.6150860556623545,0.7907324241253786,1.1669449638187914,2214.608159192362,593.3961049903985,2101.3912559324604,2072.437306536475,21.535662569999786,709.4173794741546,0.004061244337980835,1585.0,13441.391554733778,0.00019598502798400474,6650,63503,2.144392728805542,0,2.7939677238464355e-09,3240,0.0,0.001339001178741455,0.003938588380813599,0.03483955764770508,0.0013372106521020648,0.003923136759270258,0.03366662724693179,3240,0.0,7.79700077449282e-06,0.00027801911036173506,0.019504766464233398,7.796939981745743e-06,0.000277941837219418,0.019131608900543252,4824,0.0,9.449038840595896e-07,2.919864315078568e-05,0.006161662645013628,9.449029912170831e-07,2.919779061488937e-05,0.0061239290600833985
68,1.1333333333333333,True,valid,2.639540438011226,0.7926894590127725,1.1717609687523638,2364.7752355950033,1111.4233379614247,2073.042220921778,2047.6726058939994,19.62695813881005,1179.1107171352899,0.0033170686515231226,1585.0,29565.752240029935,0.00012850358637605034,6962,64943,2.2542243003845215,0,3.725290298461914e-09,3240,0.0,0.0013887511491775513,0.003867933511734009,0.0345214614868164,0.0013868251940955428,0.003853030246919905,0.033369497658561946,3240,0.0,7.948995723078648e-06,0.00027357267836729683,0.019504769643147787,7.948932537047908e-06,0.0002734978568074346,0.01913161195898568,4824,0.0,1.020054236207514e-06,2.930033761367332e-05,0.007610497655359156,1.0200531956979305e-06,2.9299479129039156e-05,0.007553015448993697
69,1.15,True,valid,2.676774799594909,0.7959929729947487,1.1810329216938338,2639.6426810966977,1418.4951111078424,2157.284414356491,2134.012498747393,22.09543832410444,1468.9475088088789,0.003719643392833497,1585.0,42210.76896049597,0.00012220497291913493,7472,68993,2.3588531017303467,0,2.7939677238464355e-09,3240,0.0,0.00136817729473114,0.0038571871519088746,0.035959041595458985,0.0013663079432256078,0.0038423664237602676,0.03471087190868011,3240,0.0,8.385133308668932e-06,0.00027144903937975564,0.019504772822062175,8.385062998797887e-06,0.0002713753747701842,0.019131615017428088,4824,0.0,1.2288672408126222e-06,2.995338656756827e-05,0.00995599116743685,1.2288657306997824e-06,2.9952489389056712e-05,0.009857846534410311
70,1.1666666666666667,True,valid,2.7175123501657072,0.7975276379107568,1.1833979791360683,2848.5670845195164,1714.2031504057995,2166.2143852107356,2148.4883039761057,24.117140572823555,1770.3527647128094,0.0026146467583979573,1585.0,51685.39218027466,0.00020275614384430602,8011,72969,2.4650211334228516,0,6.51925802230835e-09,3240,0.0,0.0013771783113479615,0.003873759150505066,0.035399166107177735,0.001375284299638562,0.003858811045238498,0.03418890729868856,3240,0.0,8.755469073851903e-06,0.00026099125544230145,0.019504769643147787,8.755392416284373e-06,0.0002609231567728856,0.01913161195898568,4824,0.0,9.991273832787746e-07,2.9097873104035396e-05,0.009960982000282071,9.99126385024244e-07,2.909702644245218e-05,0.009862739430342953
71,1.1833333333333333,True,valid,2.7747921346411153,0.7952629174762824,1.1915709109224932,2749.072690209362,1585.7081573024102,2158.010059789805,2154.2391421922816,30.83153290735268,1642.4473276895342,0.0027866509785889537,1585.0,41750.456786718234,0.0001611257655986624,7966,72745,2.580376386642456,0,5.587935447692871e-09,3240,0.0,0.0013555891513824462,0.0038757479190826417,0.036147174835205076,0.0013537540171231937,0.003860784490525504,0.03488613945306962,3240,0.0,8.637526383002599e-06,0.0002486774449547132,0.019504766464233398,8.637451776784996e-06,0.0002486156198103117,0.019131608900543252,4824,0.0,2.8192505049944013e-06,2.9930050421303722e-05,0.009644437168478995,2.819242556843399e-06,2.9929154640047428e-05,0.009552310509951962
72,1.2,True,valid,2.8055285656878013,0.7990801367061656,1.1947097244557385,2456.277956470094,1190.4695775144064,2103.586843532754,2113.309196891013,27.82594218816797,1257.2841319418476,0.003034921538380701,1585.0,32673.869239977008,0.00017070945171538613,7874,72167,2.705998420715332,0,5.587935447692871e-09,3240,0.0,0.001368633985519409,0.0039020432233810424,0.034348033905029295,0.0013667633866982104,0.0038868764613101334,0.03320742417361527,3240,0.0,8.45611250648896e-06,0.00024295683950185774,0.019504768053690592,8.456041001254893e-06,0.0002428978256754597,0.019131610429764467,4824,0.0,3.372687807621798e-06,3.0133846489957554e-05,0.00945102553155526,3.372676432637114e-06,3.013293846857403e-05,0.009362539927658751
73,1.2166666666666666,True,valid,2.809584385040513,0.7991868354361814,1.1874437522163348,2716.1938750778095,1663.9684031848717,2080.3276930501647,2092.024393249035,33.17390078898815,1715.144574408061,0.002788538812659583,1585.0,48193.16757470177,0.00010320629577235882,7623,70254,2.8357136249542236,0,1.862645149230957e-09,3240,0.0,0.0013349900245666505,0.003919045090675354,0.03442082977294922,0.0013332102022460015,0.003903746118908663,0.033275460801098174,3240,0.0,7.842205620060365e-06,0.0002436221887667974,0.019504769643147787,7.842144120353672e-06,0.0002435628514018343,0.01913161195898568,4824,0.0,3.55040729332177e-06,2.9778887812007015e-05,0.008497091120191824,3.550394687974576e-06,2.977800105621713e-05,0.00842549888840398
74,1.2333333333333334,True,valid,2.830410485093265,0.8030561193320062,1.1891631329235899,2481.412921082026,1362.3082431353916,2032.6538109060327,2044.453301922353,24.09080722523094,1420.4106212318704,0.003155530065306585,1585.0,36761.86980014793,0.00024015633341101052,7331,68370,2.962280511856079,0,3.725290298461914e-09,3240,0.0,0.001340605854988098,0.003936982274055481,0.03365095138549805,0.0013388110370730752,0.003921543226948201,0.03255543018694324,3240,0.0,8.00512187803785e-06,0.00023339711129665374,0.019504772822062175,8.005057796574547e-06,0.00023334264978133523,0.019131615017428088,4824,0.0,3.479854639589244e-06,3.0569057310340486e-05,0.010977715457463432,3.4798425302430705e-06,3.056812287161185e-05,0.010858513782864204
75,1.25,True,valid,2.8183704970941945,0.8003320949532143,1.1785043572333458,2201.592141292985,992.1658257442776,1949.170907354919,1960.7367391468686,21.698481527729754,1047.2330573981878,0.0030356056445138497,1585.0,23053.471237780785,0.000193270098834575,7190,67305,3.084151029586792,0,5.587935447692871e-09,3240,0.0,0.00134648597240448,0.00394640839099884,0.03199781799316406,0.001344675385859982,0.003930895472030826,0.031005703147112675,3240,0.0,7.416148825238148e-06,0.00023176876207192738,0.019504768053690592,7.41609382638263e-06,0.0002317150577584686,0.019131610429764467,4824,0.0,3.500428316014286e-06,3.15602511925133e-05,0.010692375658640814,3.5004160630587806e-06,3.155925517428883e-05,0.010579258255186583
76,1.2666666666666666,True,valid,2.798714354523957,0.8003359673049905,1.1678268574279065,2226.694543464462,1007.7305605334288,1942.6757127874241,1950.8529866207314,26.650799396370058,1059.0943814815892,0.0030157041213069,1585.0,20994.81122709826,0.0001918304363798099,7032,65568,3.2065951824188232,0,3.725290298461914e-09,3240,0.0,0.00132391095161438,0.0039880813360214235,0.036928760528564454,0.0013221605288104956,0.0039722397201923335,0.03561359462123548,3240,0.0,6.927299934128921e-06,0.00023474129537741345,0.019504766464233398,6.927251946976965e-06,0.00023468620483141144,0.019131608900543252,4824,0.0,2.8819508498795865e-06,3.240086705135078e-05,0.009526266561302973,2.8819425442628217e-06,3.2399817269156714e-05,0.0094363731552541
77,1.2833333333333334,True,valid,2.8045407104627156,0.8058438078752826,1.1718989884634372,2234.585096136204,1046.355114331119,1961.3815469063366,1975.9067501545285,19.726002171482516,1087.4758227828556,0.0028495957576581306,1585.0,21024.779041165122,0.00016595443299879787,6780,63861,3.3366243839263916,0,7.450580596923828e-09,3240,0.0,0.001427777886390686,0.003990574479103089,0.03412724304199219,0.0014257422431442316,0.003974713090316574,0.033001009567839426,3240,0.0,6.495297032718857e-06,0.00023326723525921505,0.019504772822062175,6.495254844109341e-06,0.00023321283433098424,0.019131615017428088,4824,0.0,2.5504580401067793e-06,3.175266879887459e-05,0.010447803408346763,2.5504515352871552e-06,3.175166059889324e-05,0.010339775466981295
78,1.3,True,valid,2.8110604042985203,0.807022813520144,1.171625838547668,2211.3198846019404,973.5162004206271,1971.822843080085,1988.792996429737,24.29741017845232,1030.7213191385067,0.0026055119306534983,1585.0,30705.49493591134,7.135636173459265e-05,6968,65026,3.4766993522644043,0,3.725290298461914e-09,3240,0.0,0.001422297477722168,0.003972985148429871,0.02869478416442871,0.0014202774207289991,0.003957263001290848,0.02789436148228985,3240,0.0,6.510365443925063e-06,0.00024048707137505214,0.01950479030609131,6.510323059342789e-06,0.00024042925124854536,0.019131631838860987,4824,0.0,2.803131463987251e-06,3.09015319927261e-05,0.00947535057444134,2.803123606463272e-06,3.0900577117491334e-05,0.00938641103920903
79,1.3166666666666667,True,valid,2.8150932017586054,0.7996781236601223,1.1638067038332645,2168.5517290078715,927.2094276871388,1957.3504278534035,1962.8665159149878,27.08097578793518,978.1261195900346,0.003243693887770964,1585.0,26504.316514353104,8.25954865931833e-05,6878,64804,3.6228036880493164,0,7.450580596923828e-09,3240,0.0,0.001445690393447876,0.003979900836944579,0.030435293197631837,0.0014436033898951558,0.003964124016144072,0.029536345851650204,3240,0.0,7.0344571334620315e-06,0.00024384737014770507,0.019504764874776204,7.034407650222956e-06,0.00024378792309482622,0.019131607371322034,4824,0.0,3.712286879492825e-06,3.1263979551475356e-05,0.010357098004163373,3.7122730984701084e-06,3.126300214561057e-05,0.010250928136816726
80,1.3333333333333333,True,valid,2.821072975249183,0.7973509643720397,1.157617024485842,2103.998228951531,727.2560158773191,1978.4938803374002,1979.7646864397907,29.656396853958118,790.839785400117,0.0023405044408305927,1585.0,19347.520994803926,8.384777749871965e-05,6929,65084,3.7682087421417236,0,7.450580596923828e-09,3240,0.0,0.0014133462905883789,0.00398517644405365,0.03436984634399414,0.0014113515620933783,0.0039693578526396895,0.033227811566119425,3240,0.0,7.73678223292033e-06,0.00025725095222393674,0.019504766464233398,7.736722375584113e-06,0.00025718479114683493,0.019131608900543252,4824,0.0,3.2114078242112194e-06,3.0427483919685165e-05,0.011966328586781955,3.211397511104126e-06,3.0426558115950485e-05,0.011824828799880147
81,1.35,True,valid,2.8282853060071163,0.7911441548572263,1.1486306491666414,2042.0742843322232,729.1692752088414,1905.7358791208985,1911.2456944297576,29.387734073838907,819.2742789477447,0.0031954568704793736,1585.0,16101.946357301655,6.803302140796973e-05,7052,65760,3.909306764602661,0,3.725290298461914e-09,3240,0.0,0.0014177967309951783,0.003986244678497314,0.0343282470703125,0.0014157894293704394,0.0039704176222413005,0.033188929305126964,3240,0.0,7.739126837501924e-06,0.0002597937608758608,0.019504766464233398,7.73906694388124e-06,0.00025972628560620053,0.019131608900543252,4824,0.0,2.368589931218946e-06,3.089680490757131e-05,0.01422196679190796,2.3685843210139717e-06,3.089585032429815e-05,0.014022538712007546
82,1.3666666666666667,True,valid,2.840427977960249,0.7951093340584212,1.1552499141077153,2652.797269698679,1802.1945936147126,1949.3847941972986,1961.2801243877054,25.831078724476935,1843.3040446490872,0.00277726599887421,1585.0,53874.15189133157,0.00016456420040289845,7681,70555,4.0484819412231445,0,3.725290298461914e-09,3240,0.0,0.0014122755527496338,0.0040206887722015385,0.03419896697998047,0.0014102838433552253,0.00400458757189813,0.03306807304192799,3240,0.0,7.651074944684903e-06,0.0002529972046613693,0.019504768053690592,7.651016406184976e-06,0.0002529332132617144,0.019131610429764467,4824,0.0,2.604973170031214e-06,2.9652151121150695e-05,0.01361091856101338,2.6049663841636744e-06,2.965127189673997e-05,0.01342814911695733
83,1.3833333333333333,True,valid,2.8926755073218593,0.8040557363124551,1.1601418228877962,2332.638398053482,1132.2312218054788,2022.8311860970175,2036.3895813688976,21.427769870449012,1186.2885638884534,0.002805081613166798,1585.0,30237.61406751539,0.0001712523332019769,7804,71364,4.191870212554932,0,3.725290298461914e-09,3240,0.0,0.0013961777687072753,0.003993368864059448,0.03356355667114258,0.001394231174137506,0.003977485297694404,0.03247362627533294,3240,0.0,7.17616251980265e-06,0.0002398152028520902,0.019504776000976564,7.17611102286369e-06,0.0002397577052992988,0.019131618075870476,4824,0.0,2.2110862368744806e-06,2.9152045107578603e-05,0.011565779982093575,2.2110813479829437e-06,2.915119529060429e-05,0.011433542149180163
84,1.4,True,valid,2.922213710927012,0.8108296552520307,1.1558957031160462,2145.7449187360717,819.2624861313283,1964.8167225950274,1966.558006504267,21.458587449103785,915.1772912717456,0.003179277045768358,1585.0,18100.39471624748,0.00016304904199295365,7422,69235,4.344191551208496,0,7.450580596923828e-09,3240,0.0,0.001408275842666626,0.003975192666053772,0.033714427947998046,0.0014062953908400527,0.0039594530759051475,0.032614837363665085,3240,0.0,6.7484712538619836e-06,0.000233771118024985,0.019504769643147787,6.748425712305055e-06,0.00023371648186052416,0.01913161195898568,4824,0.0,1.9136220116351456e-06,2.8778937708577827e-05,0.013091367296403773,1.9136183496929498e-06,2.8778109505044113e-05,0.012922198055383869
85,1.4166666666666667,True,valid,2.959228668749772,0.8168106645001453,1.1662582126447945,2389.9841987042346,1113.1266482558233,2048.8024010841996,2045.0479394491642,21.277600582680872,1188.6555000528163,0.0029545493102021625,1585.0,28209.01607159256,0.00022466292571340034,8135,74179,4.505032539367676,0,3.725290298461914e-09,3240,0.0,0.001298339605331421,0.003968767762184143,0.033801918029785154,0.0012966561053553434,0.003953078909295622,0.03269670663235438,3240,0.0,6.454022756467263e-06,0.00023457030455271402,0.019504798253377278,6.453981102326358e-06,0.00023451529418815547,0.019131639484966656,4824,0.0,1.6790676036725965e-06,2.7925044437405274e-05,0.01407101052654782,1.6790647844093127e-06,2.7924264651070467e-05,0.013875764498229337
86,1.4333333333333333,True,valid,2.9946467396815093,0.8184602642139215,1.170200181447132,2364.0575725943067,975.4304322785522,2049.911657194449,2038.5711136833531,16.934058375947675,1041.8971323340993,0.0025043057275793783,1585.0,30725.457396164238,6.259724868193408e-05,8673,77994,4.669395923614502,0,3.725290298461914e-09,3240,0.0,0.0012936004400253295,0.004004546403884888,0.03269068908691406,0.00129192919984393,0.003988573972974703,0.031655837931315677,3240,0.0,6.613925409813722e-06,0.00022621071587006252,0.019504768053690592,6.613881666093714e-06,0.00022615955614879534,0.019131610429764467,4824,0.0,1.0059493078424317e-06,2.7496057094813726e-05,0.014253861749272585,1.0059482959094397e-06,2.7495301080293414e-05,0.014053544469319647
87,1.45,True,valid,3.062611369365778,0.8236782337357176,1.171600676732461,2382.904577520878,1202.9978062407056,2016.908486643276,2009.3445501999377,17.930377697192533,1245.6934647630312,0.0016373081106032421,1585.0,32088.416872089936,6.117801258469684e-05,8592,77777,4.831810474395752,0,7.450580596923828e-09,3240,0.0,0.0013378320932388307,0.0040055856704711915,0.03406573867797852,0.0013360446897748486,0.00398960496587724,0.03294349421297965,3240,0.0,5.232894327491522e-06,0.0002154118443528811,0.019504772822062175,5.2328669444517725e-06,0.00021536545208360896,0.019131615017428088,4824,0.0,9.915907234940496e-07,2.8154694195505376e-05,0.013647707575034425,9.915897402428617e-07,2.8153901530994368e-05,0.0134639554482731
88,1.4666666666666666,True,valid,3.1290358442975217,0.8270948686907742,1.1715804640314214,2275.431278432538,979.5812855690913,1997.9283223099876,1991.5878152998012,23.083243676413556,1049.0414426561765,0.0022071732784712385,1585.0,32480.16713667349,6.352509244190264e-05,8155,74819,4.990572929382324,0,3.725290298461914e-09,3240,0.0,0.0013121687173843384,0.004007305145263672,0.034818302154541014,0.0013104491869554938,0.003991310744495639,0.033646778455742085,3240,0.0,4.736274325599273e-06,0.00020688397188981374,0.019504766464233398,4.736251893411031e-06,0.00020684117976368417,0.019131608900543252,4824,0.0,1.0352334120794273e-06,2.7870873275836568e-05,0.010663820522096329,1.0352323403723193e-06,2.7870096511907077e-05,0.010551303317247006
89,1.4833333333333334,True,valid,3.1854733193079356,0.8255705326239168,1.1697142035783439,2209.682531686054,856.3120561717793,2016.8901404406224,2011.87557032389,23.662818996755256,924.8740939959068,0.0015602357483300046,1585.0,19300.97490448187,4.722883684997644e-05,7927,73360,5.1488847732543945,0,7.450580596923828e-09,3240,0.0,0.0013114851713180542,0.004054582595825196,0.033059326171875,0.001309767430754744,0.004038209342146173,0.032001382044901806,3240,0.0,4.851787816733122e-06,0.000200544868906339,0.019504766464233398,4.851764277002313e-06,0.0002005046587061551,0.019131608900543252,4824,0.0,1.2216139710039483e-06,2.8246919990589952e-05,0.010544233233915349,1.2216124786650772e-06,2.824612212343424e-05,0.010434212464081842
90,1.5,True,valid,3.2452947369486047,0.8276462226826531,1.1727537317794918,2159.7180922719763,746.4649952674419,1999.3338095410688,2002.6643897125123,18.873767408363342,839.8661646443832,0.0031077171851978712,1585.0,15502.773165678518,0.00014064000777268628,7509,70721,5.312236309051514,0,3.725290298461914e-09,3240,0.0,0.0013011502027511597,0.004048058748245239,0.03235393905639648,0.0012994594108752325,0.0040317380358025155,0.03133996765292433,3240,0.0,4.972918735196193e-06,0.0002021334134042263,0.019504776000976564,4.972894005398425e-06,0.00020209256374447955,0.019131618075870476,4824,0.0,9.90101927949527e-07,2.8305062513150957e-05,0.012666707826383633,9.9010094764867e-07,2.830426135915414e-05,0.012508269234575523
91,1.5166666666666666,True,valid,3.3097004920549984,0.8313035738384299,1.1644641746394033,2184.315848989649,884.4050933032245,1961.6258557407928,1977.565454738242,22.073410333535698,955.1294879118107,0.0022487481312554285,1585.0,22578.169127717665,4.3637059143217094e-05,7326,69606,5.484231472015381,0,1.862645149230957e-09,3240,0.0,0.0012969931364059449,0.004040194272994995,0.03181523704528809,0.001295313124174394,0.004023936784424815,0.030834238440202128,3240,0.0,4.787845149015387e-06,0.00020008217543363572,0.019504769643147787,4.787822225663969e-06,0.0002000421505278146,0.01913161195898568,4824,0.0,9.119021825887362e-07,2.9213976462834885e-05,0.013813832247136205,9.119013510239038e-07,2.9213123031235874e-05,0.013625610351476072
92,1.5333333333333334,True,valid,3.3887393303595608,0.8319026643833354,1.1617390817938222,2130.0074381137447,794.7462059421355,1963.5521295613394,1981.8476432098169,32.278989551798894,882.5538917773378,0.0018198076731516918,1585.0,21977.93493170226,7.311216577209368e-05,7305,69394,5.664018630981445,0,3.725290298461914e-09,3240,0.0,0.0013568726778030395,0.004045516967773438,0.03252831268310547,0.001355034069097189,0.004029216703228946,0.03150355518927913,3240,0.0,4.527575802057982e-06,0.00019420697664221127,0.019504776000976564,4.527555303208149e-06,0.00019416926761482877,0.019131618075870476,4824,0.0,9.48447396004132e-07,3.045219933961071e-05,0.013596625129977412,9.484464964525223e-07,3.0451272031154954e-05,0.013414236781060575
93,1.55,True,valid,3.468822915564606,0.8364182913405623,1.165138861866361,2205.827640426202,894.6875818092531,2039.0172180043826,2052.0709854647394,24.91273269647379,965.031376147958,0.002319068618362457,1585.0,18683.562299622507,0.00012191825890734964,7019,67269,5.847092151641846,0,2.7939677238464355e-09,3240,0.0,0.0013404293060302734,0.004068431377410888,0.03172422218322754,0.0013386349604991438,0.004051946311181897,0.030748742252165062,3240,0.0,4.677674733102321e-06,0.00018640587727228802,0.019504764874776204,4.677652852563763e-06,0.00018637113659560755,0.019131607371322034,4824,0.0,8.625484690252854e-07,3.088817317064224e-05,0.014276860775209132,8.625477250360656e-07,3.088721912078924e-05,0.014075901094990342
94,1.5666666666666667,True,valid,3.5527235722997412,0.8416671441184628,1.1622895881525852,2562.7576595935984,1448.3874326175135,2073.8638498278606,2086.024163493111,26.29515691988659,1500.8947548030949,0.0023016198797553454,1585.0,33368.50795548558,9.68298679267794e-05,6808,65432,6.029254913330078,0,2.7939677238464355e-09,3240,0.0,0.001341076374053955,0.004016515016555786,0.03178433418273926,0.0013392802968895604,0.004000447159684376,0.03080521105984338,3240,0.0,5.102470361938079e-06,0.0001783883571624756,0.019504791895548504,5.102444326867128e-06,0.00017835654042257161,0.019131633368082133,4824,0.0,8.093602565733179e-07,3.200772917207884e-05,0.014985578127726405,8.093596015098231e-07,3.200670471013396e-05,0.014764326164485276
95,1.5833333333333333,True,valid,3.619168614796479,0.8500649750494488,1.154670644062366,2800.3304485726376,1785.7272013663646,2144.0515655492454,2135.17656561397,31.679387491430557,1839.3443745896268,0.002013378503122347,1585.0,42226.59067308036,7.436240434007824e-05,6705,64922,6.221384525299072,0,2.9103830456733704e-09,3240,0.0,0.0013158397674560547,0.004024817705154419,0.03343442916870117,0.001314110608458609,0.00400868348454102,0.032352733976161376,3240,0.0,5.697160571192701e-06,0.0001722508296370506,0.019504785537719727,5.697128113739044e-06,0.0001722211643827493,0.019131627251197523,4824,0.0,6.017595139555962e-07,3.144960471699824e-05,0.01485904960968489,6.017591518413014e-07,3.144861567008822e-05,0.01464149096901652
96,1.6,True,valid,3.696590464705532,0.8545596661106131,1.1602223102699363,3078.7475202808373,2052.698545305339,2143.4089251367254,2132.6503479078597,34.45831581246486,2111.3477026234546,0.0021059784521976913,1585.0,54360.60943850346,4.501563623450465e-05,6755,65382,6.416232109069824,0,3.259629011154175e-09,3240,0.0,0.0013313027620315552,0.004008165836334229,0.034280586242675784,0.001329532751407395,0.0039921645785626955,0.03314437754962602,3240,0.0,6.765457025418679e-06,0.00016612996657689412,0.019504764874776204,6.765411254319578e-06,0.00016610237188883099,0.019131607371322034,4824,0.0,4.553837223567334e-07,3.1756277542558094e-05,0.014912017020713384,4.553835149824933e-07,3.175526911315016e-05,0.014692916007131133
97,1.6166666666666667,True,valid,3.7726390363153595,0.8529825990170371,1.1653830874707307,2622.6002076159157,1596.107442186859,2118.655377639223,2123.9160606482405,24.919489449973845,1609.7906570614302,0.002814339658739987,1585.0,28990.4959021904,0.00013723818054584407,6526,63393,6.613797664642334,0,2.7939677238464355e-09,3240,0.0,0.001358723759651184,0.0040148932933807375,0.032037437438964846,0.0013568801343736118,0.003998838383096646,0.03104290239554372,3240,0.0,7.77906971052289e-06,0.00016383778303861616,0.019504764874776204,7.779009197068066e-06,0.00016381094459029695,0.019131607371322034,4824,0.0,6.62659136036669e-07,3.27116420271387e-05,0.0183024877464499,6.626586969198295e-07,3.271057201061584e-05,0.01797352747998696
98,1.6333333333333333,True,valid,3.8428259396139177,0.8567395853656679,1.1597566861370128,2669.604506542434,1498.703416260793,2104.1424489343217,2093.9352596119966,31.01167832741323,1562.762538727707,0.0026672649862716927,1585.0,30934.695263627116,0.0001487248800420351,6071,60480,6.814081192016602,0,5.587935447692871e-09,3240,0.0,0.001396673321723938,0.004020907640457153,0.03274679183959961,0.001394725346041989,0.004004804690492854,0.03170844208701803,3240,0.0,7.842106278985738e-06,0.0001535398264726003,0.019504768053690592,7.842044780837122e-06,0.00015351625561034571,0.019131610429764467,4824,0.0,7.53655370774143e-07,3.377756683377394e-05,0.017110104096045322,7.536548027781531e-07,3.3776425948281824e-05,0.016822273249612336
99,1.65,True,valid,3.9031268743586667,0.8619241376228534,1.1541862491800743,2636.3298685713207,1404.0967332273103,2150.7460683643126,2122.2826376697085,24.752082846524527,1487.584233325913,0.0025719972793740217,1585.0,32445.686384673492,8.279867787473416e-05,5625,57893,7.017082691192627,0,1.862645149230957e-09,3240,0.0,0.0013979125022888185,0.004024796485900879,0.03419314956665039,0.0013959610708551616,0.00400866243540383,0.033062633977974105,3240,0.0,7.411820503572623e-06,0.00014648998777071635,0.019504766464233398,7.411765568896612e-06,0.00014646853156508215,0.019131608900543252,4824,0.0,6.733883043477592e-07,3.2080474747473536e-05,0.018266488233929203,6.733878508962561e-07,3.207944562361981e-05,0.017938809186984452
100,1.6666666666666667,True,valid,3.9746294549096195,0.8663757806567975,1.1529612076206277,2794.5392628392983,1666.0489939965234,2167.4194169661932,2125.2271832145293,33.5602301629015,1734.846040394552,0.0029540473664194837,1585.0,36928.447204626216,0.00011050879650374159,5600,57570,7.22280216217041,0,5.587935447692871e-09,3240,0.0,0.0013911468982696533,0.004023140668869019,0.0343818244934082,0.0013892142971091979,0.004007019864063533,0.033239006795432444,3240,0.0,6.742362553874651e-06,0.00014043465877572694,0.019504772822062175,6.742317094728346e-06,0.00014041493965118173,0.019131615017428088,4824,0.0,6.870478204014814e-07,3.2107200780262936e-05,0.016493555476162176,6.870473483670982e-07,3.210616994101438e-05,0.01622593216386502
101,1.6833333333333333,True,valid,4.05482741212508,0.871236233236411,1.1598235642902754,2587.5338874722866,1358.2074302576184,2151.8720825365413,2136.4604105964386,29.64162960166597,1426.4378615730675,0.0025523935641829977,1585.0,34886.77370840165,0.00017852584346250458,5632,57700,7.431239604949951,0,7.450580596923828e-09,3240,0.0,0.0014123742580413818,0.0040304212570190425,0.03182583618164062,0.0014103822704286304,0.004014242168842136,0.030844193918825334,3240,0.0,6.237109967817863e-06,0.00013171760365366937,0.019504776000976564,6.237071066519744e-06,0.0001317002564085054,0.019131618075870476,4824,0.0,1.0457758308687346e-06,3.233390251080192e-05,0.017483528795465258,1.04577473722279e-06,3.23328570632896e-05,0.017183107441712503
102,1.7,True,valid,4.122488305945997,0.8742208919311693,1.1632195082576835,2615.6067895189435,1311.9969745178837,2128.398574796619,2133.5425839553586,36.04059838623216,1422.392305266472,0.002918005704529332,1585.0,37074.16331406421,0.00022338380766312178,5593,57146,7.64239501953125,0,7.450580596923828e-09,3240,0.0,0.0013623614311218263,0.004040443658828736,0.03234469223022461,0.001360507927594536,0.00402418416706345,0.03133129125733072,3240,0.0,6.387658650055528e-06,0.00012299345806241036,0.019504785537719727,6.387617848133127e-06,0.00012297833253197707,0.019131627251197523,4824,0.0,1.160167344540408e-06,3.234002776098189e-05,0.019613889851232982,1.160165998553702e-06,3.233898191677146e-05,0.019236585580542406
103,1.7166666666666666,True,valid,4.170374349091814,0.878969202228291,1.1621271714224815,2558.8916283715707,1443.6479223966278,2130.7205472201695,2132.8423635484633,33.86489070170369,1475.8247569552398,0.0028327668813953534,1585.0,27549.09361837197,0.00015015540060243373,5505,56199,7.856268405914307,0,7.450580596923828e-09,3240,0.0,0.0013600842952728271,0.004064049482345581,0.0290039176940918,0.0013582369784891253,0.004047599836217051,0.028186401621372887,3240,0.0,6.605157783875863e-06,0.00011765800416469575,0.019504764874776204,6.6051141560546825e-06,0.00011764416238731196,0.019131607371322034,4824,0.0,1.3046289982400338e-06,3.1961679009697265e-05,0.018369895547932013,1.3046272961854315e-06,3.1960657492694904e-05,0.01803852964255991
104,1.7333333333333334,True,valid,4.219478989570603,0.8864133913733531,1.149251018417067,2457.057377392681,1202.5106961165802,2105.302133837108,2124.6774474756603,32.909951969320126,1297.9805757508689,0.002518766755574623,1585.0,36415.2051282946,0.00013732354269683868,5522,56390,8.07286262512207,0,3.725290298461914e-09,3240,0.0,0.0013772861957550048,0.004099923849105834,0.030656064987182617,0.001375391887494605,0.004083183107219423,0.029744224119579468,3240,0.0,6.449273011336724e-06,0.00011660650372505188,0.019504766464233398,6.449231418482593e-06,0.00011659290823278975,0.019131608900543252,4824,0.0,1.518071855769579e-06,3.117350414751805e-05,0.018500290556447297,1.5180695512309182e-06,3.1172532390429e-05,0.018164246714490233
105,1.75,True,valid,4.254082608732784,0.8883863336610536,1.1382399294516017,2494.8855507170115,1299.7115948292703,2077.5240281456777,2104.843401345192,31.703724025548105,1393.0160574836048,0.0028762995860370823,1585.0,33377.7184190445,0.0001756878993678399,5577,57509,8.29221248626709,0,3.725290298461914e-09,3240,0.0,0.0013153600692749024,0.0040868866443634026,0.03117314338684082,0.0013136321699728055,0.004070251984245101,0.030230755704569713,3240,0.0,6.1083616067965825e-06,0.00012006943424542745,0.019504768053690592,6.108324294942978e-06,0.00012005501930403034,0.019131610429764467,4824,0.0,2.022585294032798e-06,3.0110060945376968e-05,0.018946747915751364,2.0225812031898e-06,3.0109154356886342e-05,0.0185944436787367
106,1.7666666666666666,True,valid,4.285116463301964,0.884143401708389,1.1371114676292373,2461.322915011722,1230.019295559557,2061.141269578858,2093.185746924737,36.2129830728327,1316.6157208711957,0.002400703998923403,1585.0,29765.272807722464,9.777362070114879e-05,5762,58770,8.514328002929688,0,7.450580596923828e-09,3240,0.0,0.0013205536603927612,0.004106902599334716,0.031809879302978517,0.0013188120982490482,0.004090104933548019,0.030829205981694165,3240,0.0,5.863038823008538e-06,0.00012652813146511713,0.019504764874776204,5.863004447985839e-06,0.00012651212412185874,0.019131607371322034,4824,0.0,2.328546548100896e-06,2.8904528242372065e-05,0.017776170943142003,2.328541125984495e-06,2.890369279476561e-05,0.017465697714920334
107,1.7833333333333334,True,valid,4.341363975608088,0.8819014608958876,1.1336205414087268,2580.8702129046137,1454.229297698503,2044.9628028377485,2071.9269228545927,45.875797837050264,1515.5927990182588,0.0026795176769357433,1585.0,29035.4456686908,0.00015740722266500076,5880,59428,8.739209175109863,0,7.450580596923828e-09,3240,0.0,0.0014022233486175536,0.004111916780471802,0.03238847732543945,0.0014002598715315599,0.004095078151543315,0.031372373904585575,3240,0.0,5.599888972938061e-06,0.0001265673649807771,0.019504772822062175,5.599857614357156e-06,0.00012655134771011035,0.019131615017428088,4824,0.0,2.4153049096429504e-06,2.9447822630028632e-05,0.019828896442755112,2.415299075959234e-06,2.9446955481289922e-05,0.01944335614721243
108,1.8,True,valid,4.399131063895461,0.8847928255414936,1.1352791950488257,2460.5699706849928,1124.8786791642426,2076.9507261714366,2097.7798376063292,44.135363381044485,1222.790696125795,0.0023502173889163244,1585.0,29958.891021613003,8.10401291707524e-05,5585,57199,8.966856002807617,0,7.450580596923828e-09,3240,0.0,0.0014062438011169433,0.004093983888626099,0.0329983024597168,0.0014042690564611945,0.004077291520706253,0.03194419814741526,3240,0.0,5.306924770896633e-06,0.00012471552938222885,0.019504764874776204,5.306896607595569e-06,0.00012469997729985474,0.019131607371322034,4824,0.0,2.2457668276728086e-06,2.930494235660787e-05,0.018318079100028462,2.245761784215491e-06,2.9304083602120167e-05,0.017988563176858905
109,1.8166666666666667,True,valid,4.462720544617694,0.8804028641556206,1.1407232088810204,2806.2688762736393,1731.120061219549,2107.9821649925493,2113.59099022599,46.079364658279395,1808.3439384435796,0.0026378937603214513,1585.0,37199.5510402663,0.00012520533692828375,5589,57338,9.19726848602295,0,7.450580596923828e-09,3240,0.0,0.001404078245162964,0.00408442234992981,0.033350433349609375,0.0014021095736133186,0.004067807704319989,0.03227407883451872,3240,0.0,5.093901418149471e-06,0.00012330695365866023,0.019504764874776204,5.093875470449988e-06,0.00012329175092824952,0.019131607371322034,4824,0.0,1.778395109054326e-06,3.0405157644375192e-05,0.01743796775291917,1.7783919463707868e-06,3.040423319868929e-05,0.01713909673671025
110,1.8333333333333333,True,valid,4.5220968738359675,0.8770530818719628,1.1448940599134525,2629.0521443773837,1366.3191865156311,2142.0535577831806,2135.372522704186,46.398219927669544,1458.9119752189733,0.003403356334900098,1585.0,27884.14150585589,0.00023740186370911975,5437,56254,9.43044662475586,0,7.450580596923828e-09,3240,0.0,0.0014016495943069457,0.004083864450454711,0.03369067001342774,0.0013996877225784371,0.004067254333025053,0.032592603368462335,3240,0.0,4.958177839095394e-06,0.00012116832658648491,0.019504766464233398,4.958153255689798e-06,0.00012115364659975097,0.019131608900543252,4824,0.0,1.4126218368560096e-06,3.220023861489414e-05,0.023412368656038372,1.4126198413583747e-06,3.2199201792910636e-05,0.022876769299538437
111,1.85,True,valid,4.595146669659823,0.8787060136368884,1.149008596442546,2594.9332685179857,1286.4185263593674,2211.3224284772896,2201.499623107931,42.694931607118036,1391.9666396462505,0.002816163316713293,1585.0,23079.80772949601,0.0002809766241147269,5101,53408,9.666390419006348,0,7.450580596923828e-09,3240,0.0,0.0014043289422988891,0.0040787625312805175,0.03398106384277344,0.0014023595681697985,0.004062193805722375,0.03286429996743207,3240,0.0,4.889985624079903e-06,0.00011756375432014465,0.019504768053690592,4.889961712237429e-06,0.00011754993470695614,0.019131610429764467,4824,0.0,9.456357393375175e-07,3.212590551357933e-05,0.018386697936239607,9.456348451114116e-07,3.2124873472928324e-05,0.018054731050101344
112,1.8666666666666667,True,valid,4.644995276447791,0.87892242603984,1.1475395709212357,2857.7775130603636,1693.7892385692562,2258.4937197256913,2244.057482692714,37.49691786182236,1800.3659190044452,0.003248803408465991,1585.0,37625.73006381715,0.00027411508953276983,4860,52146,9.905099868774414,0,7.450580596923828e-09,3240,0.0,0.0014158903360366821,0.004069775581359863,0.03413912582397461,0.0014138884250793782,0.004053279642003962,0.03301212087568339,3240,0.0,4.7029155151297646e-06,0.00011689511438210806,0.019504766464233398,4.702893397819438e-06,0.00011688145151124984,0.019131608900543252,4824,0.0,6.683744027932355e-07,3.1888084950727724e-05,0.02182795883712889,6.683739560691918e-07,3.188706813319025e-05,0.02136167703022118
113,1.8833333333333333,True,valid,4.671712229480204,0.8783503080479652,1.1429010389076297,2823.103375333343,1504.0373048513648,2337.6196679724435,2327.1356921262673,31.946889531062173,1610.8325395514655,0.003339766301953476,1585.0,27753.91648662921,0.00016873353735570088,4755,51678,10.146574974060059,0,7.450580596923828e-09,3240,0.0,0.0014071213006973267,0.004100521087646485,0.034167129516601565,0.0014051440925142008,0.004083775478889887,0.03303830545510785,3240,0.0,4.5832199975848195e-06,0.00011468357096115748,0.019504768053690592,4.5831989917755474e-06,0.0001146704201438236,0.019131610429764467,4824,0.0,6.269501312022926e-07,3.1593891786829245e-05,0.023644635879393448,6.26949738136072e-07,3.159289364430583e-05,0.023098480713554265
114,1.9,True,valid,4.689306748778034,0.874666874410207,1.1410932784611665,2580.85442560589,993.4819920226363,2348.890514434376,2349.808925318161,37.16249132715517,1160.7493734367724,0.002854615900034414,1585.0,24321.105621927578,0.00022247939189806493,4769,51423,10.390815734863281,0,7.450580596923828e-09,3240,0.0,0.0014114660024642945,0.004090518951416015,0.03430744552612305,0.0014094765741985435,0.004073854770423496,0.03316948521884788,3240,0.0,4.475921935712297e-06,0.00011889344702164332,0.019504768053690592,4.475901901924792e-06,0.00011887931304987599,0.019131610429764467,4824,0.0,5.283616033497369e-07,3.0753330146940705e-05,0.02011885532730119,5.283613241839005e-07,3.075238440870459e-05,0.019722069857091438
115,1.9166666666666667,True,valid,4.71567147252987,0.8790649320770123,1.143502301871959,2606.595890992606,1037.345527552787,2377.258129413355,2370.7116548922613,35.463108274506276,1226.6050507721943,0.0027960052447400354,1585.0,24331.122227956665,7.803429103708479e-05,5217,54761,10.637822151184082,0,7.450580596923828e-09,3240,0.0,0.0014123576879501343,0.004094548225402832,0.03449934005737305,0.0014103657470444745,0.004077851266725909,0.03334882751637108,3240,0.0,4.343638817469279e-06,0.00011939018964767455,0.019504768053690592,4.343619950353054e-06,0.00011937593732895636,0.019131610429764467,4824,0.0,3.9503996273307895e-07,2.9499457068361664e-05,0.029132258801376373,3.950398066765684e-07,2.9498586875945804e-05,0.02830759462861122
116,1.9333333333333333,True,valid,4.746816502825151,0.8777147171621389,1.1469025986146089,4251.9381510787925,3270.471049159223,2351.0262888247116,2357.2371572049137,28.31700624287047,3496.4982924272585,0.0032358474291151393,1585.0,117304.26522075286,0.00015921054201063946,5439,56086,10.887594223022461,0,7.450580596923828e-09,3240,0.0,0.001414373517036438,0.004096228361129761,0.034529624938964845,0.0014123758899815472,0.004079517724925033,0.033377125320120264,3240,0.0,4.245431628078223e-06,0.00011671891435980796,0.019504769643147787,4.245413604465032e-06,0.00011670529255074318,0.01913161195898568,4824,0.0,3.218507828430625e-07,3.0473474030185253e-05,0.022743201112794778,3.218506792551694e-07,3.047254542489608e-05,0.022237450308199614
117,1.95,True,valid,4.785915978388611,0.8803796836553454,1.1536122372072652,2811.825693735352,1509.4509282716451,2348.7179189150033,2358.2635256473827,30.07372656367229,1538.8678120473614,0.0024664591356880795,1585.0,37274.52895352637,0.00011744019578408906,5261,54521,11.140131950378418,0,7.450580596923828e-09,3240,0.0,0.0014081720113754271,0.004114397764205933,0.03458161163330078,0.001406191851367707,0.004097538857620238,0.03342569715569037,3240,0.0,4.192938019211093e-06,0.00011351424579819043,0.019504769643147787,4.192920438555575e-06,0.00011350136177464698,0.01913161195898568,4824,0.0,3.8640171614612213e-07,3.128670880592273e-05,0.018340383093090308,3.8640156683989355e-07,3.128572997570545e-05,0.018010071482566104
118,1.9666666666666666,True,valid,4.821279992735721,0.883474957947886,1.1598480721553712,2735.862006750714,1199.873210835264,2371.4035205235855,2397.604001191959,28.570426725436132,1443.7493682048762,0.0033223355025666338,1585.0,31765.641563287754,0.00012075024651923976,5008,52666,11.395435333251953,0,7.450580596923828e-09,3240,0.0,0.001407549023628235,0.004084386110305786,0.034634201049804685,0.0014055706140827422,0.004067771758799013,0.03347482715597711,3240,0.0,4.192133201286197e-06,0.00011098853622873623,0.019504769643147787,4.192115627379092e-06,0.00011097621912340054,0.01913161195898568,4824,0.0,4.5699515983959805e-07,3.2211212761643705e-05,0.023012160235979823,4.569949509951173e-07,3.221017523277469e-05,0.02249451290067908
119,1.9833333333333334,True,valid,4.8743961560554405,0.8894563943555513,1.1595811096384236,3454.5026941522965,2514.7754170344488,2423.49445831874,2484.1412768393416,34.47182099804953,2340.293158012811,0.0027002161184511942,1585.0,88664.35448767322,0.0002530246930262234,4867,51831,11.653504371643066,0,3.725290298461914e-09,3240,0.0,0.0014132553339004518,0.004089832067489624,0.03470648193359375,0.0014112608619597624,0.00407317347186415,0.033542345138049656,3240,0.0,4.235561937093734e-06,0.00010539477691054344,0.019504766464233398,4.235543997184797e-06,0.00010538366997012434,0.019131608900543252,4824,0.0,4.927567420050651e-07,3.11604052002992e-05,0.022140559090815103,4.927564991959779e-07,3.115943425968273e-05,0.021660973037317816
120,2.0,True,valid,4.9291115302602195,0.8885148167567104,1.1651887474121316,2692.7567001375937,879.3043157556922,2492.183850068246,2539.010649605056,37.1694285624679,1005.5213098805708,0.003115955310066511,1585.0,27273.01135112359,0.00023344702340271687,4843,51708,11.914339065551758,0,3.725290298461914e-09,3240,0.0,0.0014200545549392701,0.004084872961044312,0.03276630401611328,0.0014180408595575655,0.004068254655920252,0.03172673613449153,3240,0.0,4.2771753699829184e-06,0.0001005062988648812,0.019504768053690592,4.277157075832021e-06,0.00010049619836130654,0.019131610429764467,4824,0.0,9.605910507936204e-07,3.1843215286865334e-05,0.016878902373371037,9.6059012805934e-07,3.184220132878074e-05,0.01659873396328322
121,2.0166666666666666,True,valid,4.968827570583924,0.8848677308528623,1.1758110775240092,2810.602745112502,869.7954423337253,2633.717152503044,2681.0004514645684,44.66149739550292,990.6478758628064,0.002807484691688069,1585.0,34395.25794724973,8.823446196636834e-05,4379,48551,12.177939414978027,0,3.725290298461914e-09,3240,0.0,0.001421323299407959,0.004069616079330445,0.03265131378173828,0.0014193060067116301,0.004053121431164444,0.0316189146771758,3240,0.0,4.404900052274267e-06,9.874513372778892e-05,0.019504768053690592,4.404880649215265e-06,9.873538408908287e-05,0.019131610429764467,4824,0.0,1.0231229543020173e-06,3.2981316433097405e-05,0.017580098339758373,1.0231219075225085e-06,3.298022870014835e-05,0.017276377917022294
122,2.033333333333333,True,valid,4.995691713484125,0.8877754120221953,1.1845277170035773,2898.560611774177,801.7787623337741,2710.800941142589,2765.405808886956,59.15472945982899,885.8025937532598,0.0035312093442389347,1585.0,27783.623868110935,0.00034372081332179944,3788,44181,12.444305419921875,0,7.450580596923828e-09,3240,0.0,0.001410366177558899,0.004063443899154664,0.03266489791870117,0.0014083798462585803,0.004046999145137511,0.03163165319605236,3240,0.0,4.624511736134688e-06,9.672856579224269e-05,0.019504768053690592,4.62449035012479e-06,9.671921027637697e-05,0.019131610429764467,4824,0.0,1.227697588861762e-06,3.427696256357654e-05,0.018913895648054974,1.2276960816222427e-06,3.427578769360074e-05,0.018562800771330396
123,2.05,True,valid,5.005329619075276,0.8928554182046619,1.185502605485905,3372.462319226424,1882.4549236893774,2741.032942766293,2775.6691315973385,53.498423702608086,1915.489503861656,0.0032271765314564674,1585.0,47877.24312926513,0.00035980971314394813,3449,41917,12.7134370803833,0,3.725290298461914e-09,3240,0.0,0.0014076586961746216,0.004003790616989135,0.032734081268310546,0.001405679978528807,0.003987824202065924,0.03169652465435198,3240,0.0,4.96778404340148e-06,9.278842868904273e-05,0.019504768053690592,4.967759364645777e-06,9.277981979306639e-05,0.019131610429764467,4824,0.0,1.2645296105073636e-06,3.443870356796742e-05,0.018040637088533283,1.2645280114742497e-06,3.443751758424762e-05,0.017720940040396826
124,2.066666666666667,True,valid,5.005165396308948,0.8959221140591458,1.1848536643445533,5165.163947864993,4441.497906984589,2693.555294687658,2742.004843265502,59.1707900961427,4486.204667000897,0.003320694415366092,1585.0,122416.27536635625,0.0002573596888046087,3324,40816,12.985334396362305,0,7.450580596923828e-09,3240,0.0,0.0014068654775619507,0.004016746044158935,0.03298142623901367,0.001404888987745285,0.004000676342990618,0.031928382641976324,3240,0.0,5.26883639395237e-06,8.872974974413712e-05,0.019504766464233398,5.2688086334616894e-06,8.872187747129203e-05,0.019131608900543252,4824,0.0,1.5921717334957208e-06,3.407794598806719e-05,0.02229409943026954,1.5921691984889278e-06,3.4076784721238e-05,0.02180791167893287
125,2.0833333333333335,True,valid,4.997596489539053,0.8980597158297041,1.1785165381578657,3211.681043789491,1741.8898014590548,2616.3905368052333,2669.291120723382,59.32144915608341,1795.4735384342396,0.0030674832679420958,1585.0,44760.07619877889,0.00022348611933441738,3289,40578,13.259997367858887,0,3.725290298461914e-09,3240,0.0,0.0013480209112167359,0.004067220687866211,0.03223816299438476,0.001346206197112219,0.004050745412218837,0.031231322528190747,3240,0.0,5.762761381144325e-06,8.512982167303563e-05,0.019504766464233398,5.762728171916965e-06,8.512257519239721e-05,0.019131608900543252,4824,0.0,1.5149623222989988e-06,3.4119820783574777e-05,0.022027355264830104,1.5149600271916379e-06,3.4118656660251905e-05,0.02155260830481619
126,2.1,True,valid,4.995369223084,0.8964528494303748,1.167934977078838,3323.363916884286,1922.6183822074192,2657.396251822564,2719.77401188802,32.30478804430945,1983.669309906712,0.0027664765473454354,1585.0,37575.525302385904,0.00013443091354379457,3289,40597,13.537425994873047,0,5.587935447692871e-09,3240,0.0,0.0013475522994995117,0.0040591731071472174,0.032487407684326175,0.0013457388460230276,0.004042762832257294,0.03146518537905395,3240,0.0,6.336116542418798e-06,8.490810170769692e-05,0.019504768053690592,6.33607639630033e-06,8.490089292794933e-05,0.019131610429764467,4824,0.0,2.1589740127862577e-06,3.450399567655109e-05,0.02525954880956747,2.158969351627533e-06,3.450280519163854e-05,0.024637223656094127
127,2.1166666666666667,True,valid,5.00410501200387,0.8969430950593597,1.1712405911817798,3121.324494252197,1490.0677641170525,2705.7889346239513,2771.71588202815,26.74325203802624,1556.716247766893,0.0029649112617033424,1585.0,32261.478232471665,0.00022605354139276527,3345,41252,13.817620277404785,0,5.587935447692871e-09,3240,0.0,0.001427610993385315,0.004060092926025391,0.03203631591796875,0.0014255758256646917,0.004043675228751712,0.031041849423170058,3240,0.0,6.430764527370532e-06,8.648611294726531e-05,0.019504769643147787,6.430723172904067e-06,8.647863374104289e-05,0.01913161195898568,4824,0.0,2.1370376870424834e-06,3.4254914377354745e-05,0.028040084927508188,2.1370331201221675e-06,3.4253741018362704e-05,0.02727528365733465
128,2.1333333333333333,True,valid,5.005533598753683,0.9002622059814566,1.1738456693618786,4306.520666130876,3241.838113174006,2709.5716725161788,2778.8659189238037,32.56835643928885,3256.5575202643054,0.0028593717137368395,1585.0,112814.51523839725,0.00022830204322831768,3510,42231,14.100580215454102,0,3.725290298461914e-09,3240,0.0,0.0014139198064804077,0.004069351434707642,0.032334693908691405,0.001411923459935171,0.004052858911644745,0.03132190955073274,3240,0.0,6.28029927611351e-06,8.65342499067386e-05,0.019504772822062175,6.280259834202219e-06,8.652676237724608e-05,0.019131615017428088,4824,0.0,1.8435419722872348e-06,3.42455324460674e-05,0.029875840433546377,1.843538573646497e-06,3.424435972967646e-05,0.02900916718365736
129,2.15,True,valid,5.000854674646447,0.9015310218045981,1.1815527289716425,3419.7121645014363,1924.4251970501336,2711.284810509401,2772.3164938850477,30.53813049385884,1962.9302116249048,0.0027393365981104897,1585.0,36975.095575357096,0.00016423691142539165,3645,43539,14.386305809020996,0,3.725290298461914e-09,3240,0.0,0.0014337674379348755,0.00410090708732605,0.0329555778503418,0.0014317146920290315,0.004084158333250652,0.03190415789120848,3240,0.0,5.522269445161025e-06,9.082199384768804e-05,0.019504768053690592,5.522238949869604e-06,9.081374596176047e-05,0.019131610429764467,4824,0.0,1.6930586677641815e-06,3.3841441745968266e-05,0.02652246543143926,1.693055801321382e-06,3.38402965415346e-05,0.02583719920858437
130,2.1666666666666665,True,valid,4.98732430406793,0.9051854429392885,1.1905983022478572,3376.6906119442233,1893.527878034137,2664.6940881553223,2729.370615620227,41.00883496384673,1921.5488877096764,0.002893365336791174,1585.0,36306.82335879257,0.00019135562274077237,3587,43151,14.674797058105469,0,3.026798367500305e-09,3240,0.0,0.0014287769794464112,0.00407682752609253,0.03286368179321289,0.001426738488338583,0.004060274487298926,0.0318180243651867,3240,0.0,5.016843788325787e-06,9.317473197976747e-05,0.019504766464233398,5.0168186197304565e-06,9.316605125788888e-05,0.019131608900543252,4824,0.0,1.5471488962060546e-06,3.343481558241704e-05,0.028516581565846636,1.5471465025400512e-06,3.34336977312194e-05,0.027725932743283613
131,2.183333333333333,True,valid,4.975912606318326,0.9038969068727479,1.1950809940104823,3517.294009405957,2101.6973504096445,2706.4873379835435,2771.90701370328,30.665009629942418,2145.057497526393,0.0034081845378213325,1585.0,40340.682518849164,0.0001541669268924255,3641,43782,14.96605396270752,0,3.4924596548080444e-09,3240,0.0,0.001368977427482605,0.0040860953330993655,0.032629150390625,0.0013671058903776995,0.004069467101950398,0.03159813024674151,3240,0.0,5.105670231084029e-06,9.695495168368022e-05,0.019504766464233398,5.105644163348614e-06,9.694555233227795e-05,0.019131608900543252,4824,0.0,1.784434578678438e-06,3.307215066856398e-05,0.027322787998838555,1.784431394477354e-06,3.30710569374452e-05,0.026596108173616653
132,2.2,True,valid,4.977491416784108,0.9011855602846618,1.196515648141655,4759.503253089628,3781.094291833089,2718.991663200731,2781.652698185642,25.839892065928264,3805.0128279303763,0.0033250870937369848,1585.0,96565.97978778463,0.00019631898198225312,3686,44341,15.260076522827148,0,2.7939677238464355e-09,3240,0.0,0.0013709462881088257,0.004090091228485107,0.032032363891601565,0.0013690693675412315,0.004073430523542101,0.031038138930850476,3240,0.0,5.349982917929689e-06,9.574886721869309e-05,0.019504769643147787,5.3499542957655945e-06,9.573970025057916e-05,0.01913161195898568,4824,0.0,2.18681956607969e-06,3.2990270793860216e-05,0.027733313393955804,2.1868147839103333e-06,3.298918247163549e-05,0.02698493182279957
133,2.216666666666667,True,valid,4.972561589459375,0.8969815681440895,1.1982518945583251,3626.0529143434796,2342.2381441507605,2767.6827667116204,2825.624996346064,38.10509724646135,2405.6388759917795,0.0030730657103536195,1585.0,59147.30578360054,0.0002146850366350285,3866,45587,15.556864738464355,0,1.862645149230957e-09,3240,0.0,0.0012921608686447144,0.004079464912414551,0.03326881408691406,0.00129049334364481,0.004062890492657921,0.03219763689114461,3240,0.0,5.797733319923282e-06,9.880360836784045e-05,0.019504766464233398,5.797699706406516e-06,9.879384716223019e-05,0.019131608900543252,4824,0.0,2.6985319481057626e-06,3.287904411194062e-05,0.029755851214074983,2.6985246660507385e-06,3.287796311593682e-05,0.028896025382126298
134,2.2333333333333334,True,valid,4.970055869565078,0.8955516240998284,1.1965532340736262,4082.7831015848487,2742.506395902555,2890.7817082845795,2944.949857965114,35.66159708221801,2774.7495168373694,0.002596510878446338,1585.0,64194.597436570795,0.00019969145803814354,4148,47955,15.85641860961914,0,1.862645149230957e-09,3240,0.0,0.0012932764291763306,0.004072015047073364,0.04011505508422852,0.0012916060255477074,0.004055500986002119,0.03856790158756043,3240,0.0,6.242877958963314e-06,0.00010192396119236946,0.019504766464233398,6.242838985681409e-06,0.0001019135737568837,0.019131608900543252,4824,0.0,2.1623267408979397e-06,3.268783449882035e-05,0.02731518142850343,2.1623220652511155e-06,3.268676603922175e-05,0.026588900779720877
135,2.25,True,valid,4.983655342060483,0.8914629108608451,1.203644252695354,3522.2871518070597,1960.8981894046124,2895.12685138884,2951.501680566024,27.326497687285457,2021.394768633566,0.0029702815450303208,1585.0,46181.73314802728,0.00019086046103796925,4185,48382,16.158723831176758,0,7.450580596923828e-09,3240,0.0,0.001349732995033264,0.004044296503067016,0.039694713592529296,0.001347913671476416,0.004028006052267653,0.03817920113815852,3240,0.0,6.132832495495677e-06,0.00010412578781445821,0.019504769643147787,6.132794884091924e-06,0.00010411494676360316,0.01913161195898568,4824,0.0,2.009067984513553e-06,3.245777523611815e-05,0.029499563116956787,2.009063948167496e-06,3.2456721762743534e-05,0.028654274536691064
136,2.2666666666666666,True,valid,5.012263035705786,0.8882797399352457,1.200257968230847,3614.7595043984106,2081.504283679833,2871.9633907442635,2921.8750008800284,28.79714778937654,2132.7040849494524,0.001928104265854376,1585.0,46816.427709317875,0.00011433436748875411,4465,50240,16.463708877563477,0,7.450580596923828e-09,3240,0.0,0.0013996832370758057,0.004055630445480346,0.039523937225341796,0.0013977268622167504,0.004039248743914408,0.03802119009480205,3240,0.0,5.970204947516322e-06,0.00010591079170505206,0.019504768053690592,5.970169304382003e-06,0.0001058995757738189,0.019131610429764467,4824,0.0,2.556850682543519e-06,3.143113302036433e-05,0.03073397335892909,2.5568441450748216e-06,3.1430145135290005e-05,0.029817561226563642
137,2.283333333333333,True,valid,5.03330478047206,0.8864993094507815,1.2099939693224755,3352.8339758770308,1941.8303828607302,2765.9340345933983,2820.042842034638,25.185260551352865,2005.8089779818736,0.0022467254685937382,1585.0,43044.51302304157,7.898021478364922e-05,4770,52214,16.771364212036133,0,7.450580596923828e-09,3240,0.0,0.0013986254930496217,0.004058626174926758,0.040409603118896485,0.0013966720718844537,0.004042220313755015,0.038840090477594846,3240,0.0,5.227082486574849e-06,0.00010841735328237216,0.019504769643147787,5.227055164326343e-06,0.00010840560023410777,0.01913161195898568,4824,0.0,1.6733023898251844e-06,3.0844690957056e-05,0.02948615037354747,1.6732995898889819e-06,3.0843739591397636e-05,0.028641619280500727
138,2.3,True,valid,5.048188223061374,0.8866180774533428,1.2072620815373694,3774.9757055109976,2391.478165286396,2827.5810620399243,2883.8728309233975,24.860773672168325,2428.290289548589,0.0022213031654127443,1585.0,40968.31155922925,0.0001379647478722822,5066,54532,17.081689834594727,0,3.725290298461914e-09,3240,0.0,0.001397955894470215,0.004038928270339966,0.04082794189453125,0.0013960043419716497,0.004022680942550745,0.03922640837275716,3240,0.0,5.171115432555477e-06,0.00011045110722382863,0.019504766464233398,5.1710886922589375e-06,0.0001104389091236197,0.019131608900543252,4824,0.0,1.3154685304546394e-06,3.153272945151942e-05,0.028669266848881318,1.315466799999461e-06,3.1531735169766366e-05,0.027870247292119243
139,2.316666666666667,True,valid,5.060523962222442,0.8901262379730399,1.206282117573856,4234.777235406823,3074.9979515779864,2854.5756610681874,2905.0198102228474,27.679677894857605,3122.9423503506555,0.0019222083666596223,1585.0,60483.94438684721,9.469220206364696e-05,5612,58755,17.394685745239258,0,3.725290298461914e-09,3240,0.0,0.001398042917251587,0.004019643545150757,0.04123336410522461,0.0013960911219467115,0.004003550696122647,0.03960050218008348,3240,0.0,5.4368128379186e-06,0.00011280886208017666,0.019504766464233398,5.4367832791454705e-06,0.00011279613767123457,0.019131608900543252,4824,0.0,1.3438867127292744e-06,3.083647471122218e-05,0.028150908226749996,1.3438849067002047e-06,3.0835523852164974e-05,0.027380132625960344
140,2.3333333333333335,True,valid,5.081890733448526,0.8965741416456197,1.2015933885267431,4200.933057310711,3025.990518325357,2835.224273650232,2886.612423023941,31.648882339763713,3065.739609341499,0.0017822975045086915,1585.0,66769.06667067198,6.680467748191751e-05,5755,59870,17.710351943969727,0,3.725290298461914e-09,3240,0.0,0.0013977174758911133,0.004042664289474487,0.040306648254394534,0.001395766588538049,0.004026386958633605,0.03874496843986142,3240,0.0,5.234200895453493e-06,0.00011404464021325111,0.019504766464233398,5.234173498737879e-06,0.00011403163549634669,0.019131608900543252,4824,0.0,1.3505352225662082e-06,2.9744542136363503e-05,0.029452548516569615,1.3505333986232842e-06,2.9743657423874745e-05,0.028609913646831447
141,2.35,True,valid,5.116514620127583,0.8997406100299911,1.2013538168166056,3890.3978725158017,2499.291275850057,2835.2356978603157,2894.3680753884278,35.87582142572021,2568.2564668084615,0.0022320682589012644,1585.0,49432.599920017965,0.00011411967029815792,5742,59673,18.028688430786133,0,7.450580596923828e-09,3240,0.0,0.001397870421409607,0.004041812658309937,0.04119841766357422,0.0013959191073787216,0.004025542171005421,0.039568267646835784,3240,0.0,4.9635954201221465e-06,0.00011182660857836406,0.019504766464233398,4.963570782964941e-06,0.0001118141046657206,0.019131608900543252,4824,0.0,1.270813916064174e-06,2.9003535483534498e-05,0.027776709417756805,1.270812301098217e-06,2.900269430261141e-05,0.027026015634750586
142,2.3666666666666667,True,valid,5.143060461695869,0.8969639078181065,1.2034406360314511,3847.264666248885,2413.6570931571823,2863.295666039008,2933.4708414607994,36.687533766353916,2474.703312653085,0.0018382833501592727,1585.0,58356.87987042445,0.00015336946911988255,5510,58314,18.349695205688477,0,3.725290298461914e-09,3240,0.0,0.001397789478302002,0.004048248052597046,0.041773380279541014,0.0013958383900869284,0.004031925816527646,0.040098337191464696,3240,0.0,4.543398196498553e-06,0.00010955519353350003,0.019504766464233398,4.543377554125167e-06,0.00010954319250532302,0.019131608900543252,4824,0.0,1.1809884428373708e-06,3.007240125249995e-05,0.03003571824632686,1.1809870481053159e-06,3.0071496930374478e-05,0.029159880297611192
143,2.3833333333333333,True,valid,5.174905177470197,0.8958922494887468,1.2046719825662509,4013.4460690588935,2552.071256731398,2943.5032870695695,3021.8162080377656,30.617784160734914,2608.0162235401294,0.0015611516094405596,1585.0,56117.6854144468,0.00025293596398648144,5502,58708,18.673372268676758,0,7.450580596923828e-09,3240,0.0,0.001398149013519287,0.004080677270889283,0.042096118927001956,0.0013961969221698764,0.0040640930187239395,0.040395620099177014,3240,0.0,4.176069051027298e-06,0.00010889011124769847,0.019504766464233398,4.176051611547408e-06,0.00010887825547785163,0.019131608900543252,4824,0.0,1.076165322693297e-06,3.0130759090117323e-05,0.03087600427651398,1.0761641645627418e-06,3.0129851253868727e-05,0.029951229971817296
144,2.4,True,valid,5.21208483477743,0.8937256482106275,1.204495206733576,4646.18232799822,3329.0030108890946,3061.7508340745367,3149.949427150028,35.206593818378266,3364.438154470638,0.0019657378040119646,1585.0,73901.57547844712,0.00016277851440028786,5743,60250,18.999719619750977,0,7.450580596923828e-09,3240,0.0,0.0013982468843460082,0.004062242269515992,0.042110713958740234,0.001396294519883951,0.004045807220406679,0.04040905960823612,3240,0.0,3.823983327796062e-06,0.00010738156115015348,0.019504766464233398,3.8239687050034885e-06,0.00010737003158848917,0.019131608900543252,4824,0.0,9.741055038698227e-07,3.0009853635168513e-05,0.031071367943059928,9.741045549892143e-07,3.0008953070847338e-05,0.03013503129763547
145,2.4166666666666665,True,valid,5.250831679476854,0.8924094744300964,1.204821857478605,5707.5625482596715,4544.76382948526,3241.204530727045,3327.3534190056225,24.575577469774494,4583.1751845772105,0.0018378290223803136,1585.0,118777.38549545361,9.20723688312362e-05,5749,60077,19.328737258911133,0,7.450580596923828e-09,3240,0.0,0.0013980246782302856,0.004052639484405518,0.04221643829345703,0.0013960729338162012,0.00403628188864961,0.04050640226187849,3240,0.0,3.5620216901103655e-06,0.00010657224183281263,0.019504768053690592,3.5620090021570397e-06,0.00010656088539849113,0.019131610429764467,4824,0.0,1.0425663230707682e-06,3.163661076471348e-05,0.03469634263276251,1.0425652361273636e-06,3.163560992122135e-05,0.03353287452865487
146,2.433333333333333,True,valid,5.276721933361734,0.8905133649747959,1.2024099446793142,4446.367031537422,2712.6959680849423,3322.6969992367253,3410.9881507375158,25.355201194488444,2755.7680687327424,0.002957063010101443,1585.0,62454.788031109136,0.00018172662709070253,5588,58885,19.660425186157227,0,7.450580596923828e-09,3240,0.0,0.0013976138830184936,0.004048375606536865,0.04244419479370117,0.0013956632846358673,0.004032052343377431,0.04071603545367802,3240,0.0,3.4700132285555206e-06,0.00010591128220160803,0.019504780769348144,3.4700011876054964e-06,0.00010590006617767922,0.019131622663534017,4824,0.0,1.3355442415947305e-06,3.146139816895419e-05,0.0294294233572983,1.3355424579186912e-06,3.146040838051864e-05,0.028588092286423623
147,2.45,True,valid,5.31233400386338,0.8928824099337085,1.19823100019037,4578.888784837264,2920.636820078003,3329.9970604702285,3418.025994687897,25.85179219230195,2967.795973222914,0.0023351683631921984,1585.0,62223.00675528707,6.627265533259554e-05,5525,58345,19.994783401489258,0,7.450580596923828e-09,3240,0.0,0.001397519826889038,0.004063624143600464,0.04242396926879883,0.0013955694908557657,0.004047177932074502,0.04069742304425025,3240,0.0,3.316566968957583e-06,0.0001019380862514178,0.019504772822062175,3.3165559693776043e-06,0.00010192769593543778,0.019131615017428088,4824,0.0,1.5317610617058639e-06,3.162927486427114e-05,0.03216344542310161,1.5317587154175076e-06,3.162827448468253e-05,0.03116119405867668
148,2.466666666666667,True,valid,5.366479293027913,0.8936114395317782,1.1926628164357926,4434.77761317665,2625.8965996059433,3442.40407679236,3538.5678425127394,28.17508961979101,2677.3423151221787,0.0024285705647838795,1585.0,52610.017108514534,0.00010731452644816361,5450,57570,20.331811904907227,0,7.450580596923828e-09,3240,0.0,0.0013976547718048096,0.004056690454483033,0.04216787338256836,0.001395704059366209,0.004040300206608633,0.04046168996334912,3240,0.0,3.1405982250968615e-06,9.842402922610442e-05,0.019504766464233398,3.140588361770627e-06,9.841434288938221e-05,0.019131608900543252,4824,0.0,1.1956911464082975e-06,3.160659135482147e-05,0.02971927531541628,1.1956897167326894e-06,3.160559240975762e-05,0.02886153151431771
149,2.4833333333333334,True,valid,5.4058152167618605,0.894833740690624,1.191200996650979,4601.379812536915,2586.593653983035,3488.7314536051786,3585.6613966821997,30.945477075419145,2625.579655816713,0.002734218352711567,1585.0,91496.10325376435,8.833682252258467e-05,5275,56473,20.671510696411133,0,7.450580596923828e-09,3240,0.0,0.0013980281352996826,0.00407737135887146,0.04159775924682617,0.0013960763812396822,0.004060813912163653,0.039936490720664845,3240,0.0,3.0274341891830166e-06,9.871820608774821e-05,0.019504766464233398,3.027425023852994e-06,9.870846176150755e-05,0.019131608900543252,4824,0.0,1.389463477901574e-06,3.120164480863894e-05,0.029664031146888207,1.3894615472955e-06,3.120067129626705e-05,0.02880942739530972
150,2.5,True,valid,5.443321600292354,0.8907519337698363,1.1912067500439674,5196.487806894307,3510.796535753267,3552.4075018888607,3654.530876881683,31.1140406923267,3541.085668861132,0.001727097084059697,1585.0,133329.79140669812,0.0001825069733958604,5258,56454,21.013879776000977,0,7.450580596923828e-09,3240,0.0,0.0013980243206024169,0.0040746557712554934,0.04198335266113281,0.0013960725771861844,0.004058120327835053,0.04029176910927709,3240,0.0,2.987526434784134e-06,9.700889699161054e-05,0.019504768053690592,2.9875175094966002e-06,9.699948694103498e-05,0.019131610429764467,4824,0.0,1.4025805623339065e-06,3.067388929531037e-05,0.031674730850075924,1.4025785951044318e-06,3.067294843667836e-05,0.030702245487758222
151,2.5166666666666666,True,valid,5.466520318392971,0.8891093881727147,1.1894001718617344,5147.657278899936,3682.9050403406827,3512.22516262847,3622.3310011723956,31.758922957366988,3730.1513781202807,0.0024910162852304733,1585.0,133059.5317580988,0.00012688571301727982,5355,56916,21.358919143676758,0,7.450580596923828e-09,3240,0.0,0.0013978592157363893,0.004059831857681275,0.04269960403442383,0.0013959079329679703,0.004043416267429159,0.0409510120356909,3240,0.0,2.913225713806848e-06,9.35154998054107e-05,0.019504768053690592,2.9132172269475126e-06,9.35067554744242e-05,0.019131610429764467,4824,0.0,2.06957915608895e-06,3.2113896830715684e-05,0.0323300083707923,2.0695748729399312e-06,3.2112865561357235e-05,0.03131751291606357
152,2.533333333333333,True,valid,5.48354893327349,0.8920233741696154,1.1847525760125355,4626.3199339955945,2824.449178587642,3518.361168453563,3622.6107339766268,29.051945198014536,2873.1480898123996,0.0018391397121191022,1585.0,89469.20505749683,0.00016181215790451775,5364,57057,21.706628799438477,0,7.450580596923828e-09,3240,0.0,0.0013979164361953736,0.004028224468231201,0.04278752899169922,0.0013959649937862063,0.004012062917863008,0.04103187639103403,3240,0.0,2.7302444990103443e-06,9.477717181046804e-05,0.019504768053690592,2.730237044795672e-06,9.476818993389881e-05,0.019131610429764467,4824,0.0,1.8452318062412245e-06,3.2069959667811574e-05,0.030702512420089687,1.8452284013670886e-06,3.206893121845707e-05,0.029787947589261406
153,2.55,True,valid,5.480516701169203,0.8979828025830527,1.1798755176900702,5150.852451779443,3854.4429611666556,3232.1190540129014,3335.803712491249,27.78291181189773,3885.904223023268,0.0023558779708939205,1585.0,127035.96616027795,0.0002433934986036343,5414,57736,22.057008743286133,0,7.450580596923828e-09,3240,0.0,0.0013980015516281128,0.004023710012435913,0.042268798828125,0.0013960498717412683,0.004007584653925075,0.040554604412652406,3240,0.0,2.8918369207531212e-06,9.616850564877192e-05,0.019504768053690592,2.8918285580565285e-06,9.615925815376834e-05,0.019131610429764467,4824,0.0,1.5568720182613143e-06,3.1369174532102574e-05,0.03308006800423379,1.5568695944146069e-06,3.136819053780483e-05,0.03202081719390817
154,2.566666666666667,True,valid,5.505576255212768,0.9074724848287843,1.179624109996218,3790.057029189412,1996.6415409834285,3089.8937944628415,3186.0751033179395,21.984219567963265,2047.305853743124,0.0012982341943066804,1585.0,48707.86500425795,3.384742546245147e-05,5553,58838,22.410058975219727,0,3.725290298461914e-09,3240,0.0,0.0013982018232345582,0.004006661415100097,0.04250320816040039,0.0013962495845197922,0.003990672142138699,0.04077033799771368,3240,0.0,3.0889307769636313e-06,9.63314591596524e-05,0.019504768053690592,3.0889212354997594e-06,9.632218030051665e-05,0.019131610429764467,4824,0.0,1.7601113080834063e-06,2.998553195115017e-05,0.037141389295392534,1.7601082100970423e-06,2.9984632845983885e-05,0.035811307579408674
155,2.5833333333333335,True,valid,5.542377712620584,0.9130498747423141,1.1817502465656577,3793.704308530991,1998.5363868485122,3111.323057173016,3218.1261542851266,22.285165846709557,2053.4307001129614,0.0015817882869178614,1585.0,34533.91131298517,0.0001375245034623994,5608,59634,22.765779495239258,0,7.450580596923828e-09,3240,0.0,0.0013983368873596192,0.004012278079986572,0.0422643051147461,0.0013963842717235394,0.003996244033201278,0.04055046777227307,3240,0.0,3.17820794104288e-06,9.305839737256368e-05,0.019504772822062175,3.1781978400692667e-06,9.304973831301023e-05,0.019131615017428088,4824,0.0,1.8380705553527097e-06,2.996870962521791e-05,0.035503937597416865,1.8380671768555532e-06,2.9967811528088276e-05,0.03428662732060038
156,2.6,True,valid,5.592558002904674,0.9180026319063592,1.1840249763743442,3895.5293727175786,2241.1075473172746,3093.321101840581,3214.1007482248883,27.710858276346585,2286.293684943479,0.0011492199629252189,1585.0,56405.91677905004,5.9721371486385876e-05,5583,59149,23.124170303344727,0,3.725290298461914e-09,3240,0.0,0.0013983705043792724,0.0039969986677169805,0.04236983489990234,0.0013964177949230617,0.00398108627087666,0.04064760268505954,3240,0.0,3.1410147979234657e-06,8.965162560343743e-05,0.019504768053690592,3.1410049319804943e-06,8.964358889971093e-05,0.019131610429764467,4824,0.0,1.521192077271536e-06,3.052680078907579e-05,0.0386177113563263,1.5211897632497203e-06,3.0525868931831426e-05,0.03718183402235227
157,2.6166666666666667,True,valid,5.652753794610273,0.9227757771645555,1.1793382639307095,3773.9815154247713,2069.1075318383732,3105.0463720879675,3233.66473639982,29.94489989721028,2138.1645216972965,0.0014865053726580454,1585.0,34051.85077413636,0.00011782654948727333,5566,58929,23.485231399536133,0,3.725290298461914e-09,3240,0.0,0.0013983608484268188,0.003993418097496032,0.04239740371704102,0.0013964081659191738,0.003977534140662176,0.04067297516845102,3240,0.0,3.0587815369168918e-06,8.625867466131846e-05,0.019504766464233398,3.0587721808010193e-06,8.625123474355472e-05,0.019131608900543252,4824,0.0,1.094209958056617e-06,3.14419154607619e-05,0.040591462636734126,1.0942087607624949e-06,3.144092689762095e-05,0.03900806809800286
158,2.6333333333333333,True,valid,5.71467880183933,0.9257635420725152,1.1794655969228873,3839.840170266244,2008.9088021283392,3186.234287312667,3334.186367477511,28.384855559033944,2057.7416759141056,0.0018743011781614761,1585.0,42101.76602968679,7.895643000882946e-05,5309,57080,23.848962783813477,0,3.725290298461914e-09,3240,0.0,0.0013984206914901733,0.003977137446403503,0.04236277008056641,0.001396467841964969,0.003961382483557939,0.040641100484903256,3240,0.0,2.9731146059930325e-06,8.371225247780483e-05,0.019504766464233398,2.9731057666088523e-06,8.370524532315441e-05,0.019131608900543252,4824,0.0,1.3990022687559956e-06,3.192050630846444e-05,0.05260494069733339,1.3990003115513859e-06,3.1919487422264704e-05,0.0499759583709378
159,2.65,True,valid,5.782093652474556,0.9303109754734007,1.1867089301063716,4304.810421052657,2732.407644757397,3243.066778168864,3401.348742690748,31.011657775701806,2773.1339030801305,0.0015782281264137348,1585.0,72124.29430146207,3.716350980986924e-05,5320,57118,24.215364456176758,0,7.450580596923828e-09,3240,0.0,0.0013984541893005372,0.003977353096008301,0.04237728881835937,0.0013965012462823102,0.003961596428065804,0.040654462902197666,3240,0.0,2.864484170762201e-06,8.015034099419911e-05,0.019504769643147787,2.8644759655161406e-06,8.014391743162318e-05,0.01913161195898568,4824,0.0,1.1412184050681386e-06,3.2121169334813356e-05,0.04191145072967783,1.1412171026901768e-06,3.212013759838452e-05,0.04022553999221925
160,2.6666666666666665,True,valid,5.850458497275537,0.931415029275001,1.1806952841622413,4358.27235079228,2663.6271890899257,3301.024538521388,3462.414309479481,31.947100287932514,2695.424169313762,0.0013717607368116912,1585.0,53387.43190585251,7.669901863759434e-05,5273,56930,24.584436416625977,0,3.725290298461914e-09,3240,0.0,0.0013984943628311158,0.003965511679649353,0.042430278778076175,0.0013965413076848577,0.003949848509124221,0.04070322940716229,3240,0.0,2.7479155687615276e-06,7.629148041208585e-05,0.019504766464233398,2.747908017742304e-06,7.628566045910522e-05,0.019131608900543252,4824,0.0,8.699597494822465e-07,3.254460026978313e-05,0.03160490197598828,8.699589926529391e-07,3.254354115319276e-05,0.030636634156594886
161,2.683333333333333,True,valid,5.926433052545603,0.9338344229973475,1.1854159028834894,5559.475983932012,4222.404024868666,3358.2286950342923,3529.3131825194955,36.60477334174866,4237.705321589307,0.0017028924035677492,1585.0,119690.00201347213,6.89020776875916e-05,5362,57089,24.956178665161133,0,7.450580596923828e-09,3240,0.0,0.0013986051082611084,0.003980789303779602,0.04244759750366211,0.001396651743997492,0.003965005451991951,0.04071916670469663,3240,0.0,2.6137277018278837e-06,7.44724553078413e-05,0.019504766464233398,2.6137208702732403e-06,7.446690955303345e-05,0.019131608900543252,4824,0.0,4.931669016164483e-07,3.227476101283735e-05,0.029160300281563648,4.931666584029755e-07,3.227371938622154e-05,0.028334070283886584
162,2.7,True,valid,5.990845055800286,0.9347133959294849,1.1819455536041246,9081.716546218528,8371.292169360158,3382.3131912657914,3566.8837083139133,36.22549172901901,8410.098748673376,0.001974681015925739,1585.0,217057.43435152655,5.6507831943592704e-05,5672,58893,25.330591201782227,0,3.725290298461914e-09,3240,0.0,0.001398377776145935,0.003980009317398071,0.04266563415527344,0.0013964250463950026,0.003964231628561056,0.04091976637346397,3240,0.0,2.5275768712162973e-06,7.365676884849866e-05,0.019504768053690592,2.5275704825876054e-06,7.365134392787334e-05,0.019131610429764467,4824,0.0,2.701896653794394e-07,3.238923031199027e-05,0.03348613307813011,2.7018959237700384e-07,3.238818128372024e-05,0.032401144056374676
163,2.716666666666667,True,valid,6.049679130364557,0.936831098218487,1.1800610089013208,4829.960681938128,3220.809369394456,3412.0876932306833,3609.6592850479014,38.00004547218152,3236.091546811548,0.0015195262107269266,1585.0,56721.27518586917,4.561662093239379e-05,5620,58632,25.707674026489258,0,7.450580596923828e-09,3240,0.0,0.0013988282680511474,0.0039786330461502074,0.04288262939453125,0.0013968742808202225,0.003962866255293334,0.04111932463524464,3240,0.0,2.47094314545393e-06,7.391760125756264e-05,0.019504776000976564,2.4709370399089885e-06,7.391213784725278e-05,0.019131618075870476,4824,0.0,2.0484669347030033e-07,3.270876281861009e-05,0.03360683552130044,2.048466515081411e-07,3.270769299043543e-05,0.03251413822582821
164,2.7333333333333334,True,valid,6.110847074200488,0.9429005516888198,1.180029266191838,4814.687909610997,3315.4923329002995,3513.6838730864242,3723.316729286179,48.81906839996578,3380.166432286136,0.0014028941087917523,1585.0,65498.26389310738,4.599222380925512e-05,5478,57593,26.087427139282227,0,3.725290298461914e-09,3240,0.0,0.0013991949558258057,0.0039710674285888675,0.04237372589111328,0.001397239944743043,0.003955360425551243,0.040651183772776385,3240,0.0,2.415341635545095e-06,7.382742129266262e-05,0.019504768053690592,2.415335801683969e-06,7.382197120688557e-05,0.019131610429764467,4824,0.0,1.5346836716919636e-07,3.249823682069502e-05,0.03734988530875247,1.5346834361666024e-07,3.249718071941317e-05,0.036005098990911644
165,2.75,True,valid,6.163656076189642,0.9457351612593181,1.1830362976038158,4210.272274872139,2061.3119002583494,3515.8916660359173,3720.308740663976,57.46026296375437,2104.345270918853,0.0025124677439252218,1585.0,50190.36592993845,7.741658183088152e-05,5411,57648,26.469850540161133,0,2.7939677238464355e-09,3240,0.0,0.0013990774154663086,0.003964483022689819,0.03836429977416992,0.0013971227326044868,0.00394882796126931,0.036946859385009315,3240,0.0,2.3676466662436724e-06,7.371662184596061e-05,0.019504772822062175,2.3676410605062084e-06,7.37111881061617e-05,0.019131615017428088,4824,0.0,1.3461273766910173e-07,3.2769829250259955e-05,0.03518952462872378,1.3461271954851503e-07,3.2768755423700775e-05,0.03399331599819337
166,2.7666666666666666,True,valid,6.203906370410918,0.9470863099452738,1.1726232884882777,4246.154937002877,2507.595992672639,3303.793582391409,3512.024350428354,40.517803463790635,2546.7569837451865,0.0017758515687154182,1585.0,60404.78064355689,0.00019068911355079996,5262,56530,26.854944229125977,0,4.656612873077393e-10,3240,0.0,0.0013989825248718261,0.00395658552646637,0.03650128173828125,0.0013970281069634295,0.0039409926519618,0.03521585779138274,3240,0.0,2.374883236673971e-06,7.258744910359382e-05,0.019504769643147787,2.3748775966169775e-06,7.258218054713942e-05,0.01913161195898568,4824,0.0,5.660280629768172e-08,3.2683451274523025e-05,0.040293204950128954,5.660280309380423e-08,3.26823831014254e-05,0.03873254651515347
167,2.783333333333333,True,valid,6.251149338129449,0.9463752932733088,1.1685217686498837,3855.788096181661,2202.75002089427,3097.869880605046,3279.278212813158,42.70719590952037,2267.77603743586,0.0013957577510899546,1585.0,51522.46969911057,4.9809984172773324e-05,5064,54916,27.242708206176758,0,3.725290298461914e-09,3240,0.0,0.0013992342948913575,0.003950794577598572,0.03630674362182617,0.0013972791739516267,0.003935247224199445,0.03503474607811237,3240,0.0,2.3236401223888e-06,7.358355758090814e-05,0.019504766464233398,2.323634723097928e-06,7.35781434257238e-05,0.019131608900543252,4824,0.0,2.9516832339063626e-07,3.304111910320482e-05,0.05904765646170296,2.9516823626632285e-07,3.3040027423630975e-05,0.055755429041769694
168,2.8,True,valid,6.293579328953927,0.950102136855303,1.1677403091284135,3805.62866997377,2222.504971206875,3042.465464986422,3226.9129891937405,49.73679985985381,2291.3128837421777,0.001430090511507202,1585.0,41949.53889102001,9.520508749927701e-05,4950,54224,27.633142471313477,0,2.7939677238464355e-09,3240,0.0,0.0013974381685256958,0.003948347687721253,0.036277076721191404,0.0013954880602465851,0.003932819547504844,0.03500712071714744,3240,0.0,2.2577174240723253e-06,7.440839583675066e-05,0.019504764874776204,2.2577123267958663e-06,7.440285963931878e-05,0.019131607371322034,4824,0.0,7.815095596852284e-07,3.227132465474216e-05,0.05655815561209652,7.815089489285138e-07,3.2270283249603013e-05,0.0535305655554101
169,2.816666666666667,True,valid,6.345748024718065,0.9515565145852521,1.1661023709022071,3872.4387338041843,2394.2400376196397,3037.8797867119533,3222.0139605456266,49.76988068360144,2472.5795846888595,0.0023508916181926684,1585.0,50863.395670103986,6.923967052022705e-05,4933,54395,28.026247024536133,0,5.587935447692871e-09,3240,0.0,0.0013949718475341796,0.003930703163146972,0.03611212158203125,0.0013930286118378564,0.003915313228789503,0.034853488179340995,3240,0.0,2.1783019959305725e-06,7.416389882564545e-05,0.021855807304382323,2.1782972509413233e-06,7.415839894919419e-05,0.021388347698524247,4824,0.0,1.0082274706714185e-06,3.18672046403459e-05,0.025489659721202026,1.0082264541498109e-06,3.1866189153454973e-05,0.024856086533463297
170,2.8333333333333335,True,valid,6.407516181731648,0.9536080973500851,1.1739540255578045,3890.3550042684915,2363.878699852868,3081.896467873309,3270.7031539558716,47.0634383183148,2438.2518989024024,0.001085953201351634,1585.0,49166.30443458094,5.136292185955345e-05,4809,53340,28.422021865844727,0,5.587935447692871e-09,3240,0.0,0.001395293354988098,0.003936468362808228,0.036069217681884765,0.001393349224074569,0.003921033339034554,0.034813521207189724,3240,0.0,2.08429836978515e-06,7.450538376967112e-05,0.02399943987528483,2.084294025494511e-06,7.449983313091901e-05,0.02343696582315297,4824,0.0,9.434782498597064e-07,3.153796520765872e-05,0.019354052093245533,9.434773597093382e-07,3.1536970595766455e-05,0.018986584743055614
171,2.85,True,valid,6.469245528731728,0.9553020473353022,1.174799549072582,3758.580185895221,2050.1700710923847,3166.8212734195718,3360.767073136705,54.85374429650075,2128.1200006602703,0.0014731365076856488,1585.0,40768.43027315884,3.7537087321158554e-05,4907,54134,28.820466995239258,0,3.725290298461914e-09,3240,0.0,0.0013948984146118163,0.0039312028884887695,0.036079437255859374,0.0013929553833559483,0.003915809047564275,0.03482304151447953,3240,0.0,2.0008029726644357e-06,7.289307502408821e-05,0.025720321337381998,2.00079896945991e-06,7.288776200748513e-05,0.025075374643886008,4824,0.0,8.144426059708506e-07,3.1684899683203984e-05,0.032211978962746954,8.144419426546324e-07,3.1683895782040587e-05,0.03120674785727274
172,2.8666666666666667,True,valid,6.530607032952423,0.9554662691663974,1.1740260348592129,3680.04015373928,1681.8558708995042,3243.57503305091,3435.687659206768,60.82776743661228,1788.7393021276332,0.0013225875208771843,1585.0,43067.084333561594,6.220461453501621e-05,4925,54033,29.221582412719727,0,3.725290298461914e-09,3240,0.0,0.0013950161933898926,0.003941330075263977,0.03609381866455078,0.0013930728342275735,0.003925856975988771,0.03483643856796007,3240,0.0,1.9179973363255463e-06,7.275985243419806e-05,0.02648241996765137,1.91799365761882e-06,7.275455882321482e-05,0.0257991948546824,4824,0.0,7.910391221356283e-07,3.0876828179472775e-05,0.05777078219414946,7.910384963932304e-07,3.087587483037123e-05,0.05461559646629176
173,2.8833333333333333,True,valid,6.588711229179586,0.9563319024917872,1.1719678634662123,3765.401451673204,1809.372738518885,3288.498308665502,3477.392279671407,56.21347445278958,1868.095549341915,0.0014365849420341383,1585.0,42832.22433688966,8.632628597523399e-05,5052,54901,29.625368118286133,0,3.725290298461914e-09,3240,0.0,0.0013951141834259034,0.003942308902740478,0.03605728149414063,0.0013931705514296725,0.003926828129575546,0.03480240150635392,3240,0.0,1.831367650690178e-06,7.236038024226825e-05,0.028672024408976236,1.8313642967888484e-06,7.235514459644373e-05,0.027872853279401425,4824,0.0,4.484032955201213e-07,3.084454562167384e-05,0.05380992140591881,4.48403094454696e-07,3.084359426477777e-05,0.05106226494255189
174,2.9,True,valid,6.647051778645703,0.9601854352717198,1.1705492909371678,3930.315720704604,1988.2056472237023,3324.3774141753197,3508.914633375064,51.797998109356165,2056.2845637844675,0.001255606935286621,1585.0,43830.445769741986,0.00013621286883036025,5251,56258,30.031824111938477,0,3.725290298461914e-09,3240,0.0,0.0013948602676391601,0.003947009563446045,0.03599138641357422,0.001392917342581887,0.0039314919253605266,0.03474100932264531,3240,0.0,1.7541972920298577e-06,7.33174104243517e-05,0.02919796625773112,1.7541942148271163e-06,7.3312035372209e-05,0.028369630736735624,4824,0.0,3.5640785609937047e-07,3.066284067941686e-05,0.03627643182644568,3.5640772907285587e-07,3.0661900497783386e-05,0.035006520183526874
175,2.9166666666666665,True,valid,6.708700387732436,0.9646745851010903,1.1723934595408658,3672.2863459556634,1713.5387584294413,3217.8693461932694,3426.0657671344716,64.69548992511808,1861.223599455313,0.0013382036758171792,1585.0,42977.06148003666,4.9350583832553835e-05,5518,58549,30.440950393676758,0,7.450580596923828e-09,3240,0.0,0.0013764797449111938,0.003949970126152039,0.03585295867919922,0.0013745876528494416,0.003934429248134948,0.034612015517062195,3240,0.0,1.6783499935021002e-06,7.093828481932481e-05,0.02798818588256836,1.6783471766481273e-06,7.093325293584347e-05,0.027226174645712878,4824,0.0,5.404686294718226e-07,3.06769364434898e-05,0.023620348171703904,5.404683373656411e-07,3.0675995397537304e-05,0.023075301515735194
176,2.933333333333333,True,valid,6.765513342311293,0.9681744296097518,1.1696476827359312,4489.038750876226,3137.60507580093,3207.0027004146536,3417.1118391055393,65.21019744102844,3213.1798251917667,0.0016629883689745389,1585.0,105218.41642975257,0.0002746861444651479,5814,60750,30.852746963500977,0,7.450580596923828e-09,3240,0.0,0.0013253406286239625,0.003958281517028809,0.03578163528442383,0.0013235864257584097,0.0039426752957070965,0.03454553939315429,3240,0.0,1.6039703041315079e-06,7.15585673848788e-05,0.026667133967081705,1.6039677314148979e-06,7.155344711938928e-05,0.025974469314157225,4824,0.0,5.545156139896407e-07,3.009298204868965e-05,0.024418033235785463,5.54515306502245e-07,3.0092076488371398e-05,0.023836004876502673
177,2.95,True,valid,6.8146453158409095,0.9698531157570286,1.1672946459738947,4661.602970791132,3357.5300600248434,3191.26546817559,3407.707760357443,70.00949477542382,3420.9529387635275,0.0015609600315536346,1585.0,100757.72329256836,6.344967766099407e-05,5813,60946,31.267213821411133,0,3.725290298461914e-09,3240,0.0,0.0013399502038955687,0.003955751180648804,0.03562789916992187,0.001338157139963031,0.003940164866240884,0.034402220332687444,3240,0.0,1.5425546249995628e-06,7.405378545324008e-05,0.024326270421346028,1.5425522455284623e-06,7.404830189579366e-05,0.023748556611107578,4824,0.0,5.220540862840138e-07,2.934197227876816e-05,0.03332701734062777,5.220538137436871e-07,2.9341111352690864e-05,0.03225214939835624
178,2.966666666666667,True,valid,6.867696608311941,0.9734840958696057,1.166599937017718,3738.619309779448,1783.0843710222791,3237.535936866729,3462.3717247652794,72.60485732598848,1878.73988707774,0.0016419726347215247,1585.0,38073.41916593403,4.022251674010325e-05,5901,61327,31.684350967407227,0,3.725290298461914e-09,3240,0.0,0.0013369386196136475,0.003956628918647766,0.03548800277709961,0.0013351536012010856,0.003941035702160889,0.0342717662415436,3240,0.0,1.489843416493386e-06,7.565769677360853e-05,0.02355372428894043,1.4898411968632874e-06,7.5651973114099e-05,0.02301171275137817,4824,0.0,7.089708685372502e-07,2.8444282881704336e-05,0.029356168393180244,7.089703658979142e-07,2.8443473826695435e-05,0.028518960972473768
179,2.9833333333333334,True,valid,6.918810337844665,0.9749193472242419,1.1663259827314514,3781.2678267802053,1958.0871133631151,3150.5734593846605,3384.0909220877447,77.01473641535215,2040.5922480209351,0.0010795871891350905,1585.0,37544.2634261427,0.00011018020174292094,5945,61554,32.104164123535156,0,7.450580596923828e-09,3240,0.0,0.0013114503622055054,0.003959931254386902,0.035302433013916015,0.0013097327127649574,0.00394431204982232,0.03409866710266052,3240,0.0,1.4504768963282307e-06,7.615353601674239e-05,0.021039625803629558,1.4504747924480556e-06,7.614773709603757e-05,0.02060608155836254,4824,0.0,1.0024625675763119e-06,2.8752438528008935e-05,0.018192428534253853,1.00246156264612e-06,2.8751611849037584e-05,0.017867377545168837
180,3.0,True,valid,6.9680439497368605,0.9783605698572053,1.1690651433213968,3564.364850497954,1711.0686902586854,3114.726625110442,3361.352118202571,79.1006017702533,1876.748729080437,0.0008734649100198914,1585.0,34228.36331854421,4.5415285027921795e-05,5905,61397,32.52666091918945,0,7.450580596923828e-09,3240,0.0,0.0013063329458236695,0.003972707867622376,0.03515170669555664,0.001304628666414666,0.003956987909864301,0.03395802418929396,3240,0.0,1.4202998136170208e-06,7.541838722924391e-05,0.019504772822062175,1.4202977963683253e-06,7.541269972485042e-05,0.019131615017428088,4824,0.0,8.995929082803752e-07,2.7767605053988215e-05,0.041949840791787846,8.995920990137025e-07,2.7766834035098422e-05,0.04026090234814927
181,3.0166666666666666,True,valid,7.020546486641277,0.978949658956611,1.1732858529141912,3731.082107916708,2196.321568234188,3050.8055754126704,3300.3842607363454,64.38364007175656,2335.4276245519113,0.0015071044920939827,1585.0,37965.433511561285,8.850654472137243e-05,6003,62192,32.95182800292969,0,7.450580596923828e-09,3240,0.0,0.0013092619180679322,0.003974987626075744,0.035035964965820315,0.001307549992656577,0.003959249656309099,0.03384999763460132,3240,0.0,1.3887958872752884e-06,7.38106667995453e-05,0.019504768053690592,1.3887939585239507e-06,7.380521918254238e-05,0.019131610429764467,4824,0.0,8.230698868798332e-07,2.8059536694214502e-05,0.01792453540504073,8.23069209436352e-07,2.805874937413182e-05,0.017608903982168387
182,3.033333333333333,True,valid,7.057791166077993,0.9763975126166621,1.173821328488521,3610.1361633046567,1822.5906939477252,3086.454466701025,3343.0455698489523,53.80420319678087,1963.2730963030685,0.001112504253189942,1585.0,36473.22839005691,3.652545904745138e-05,5878,61706,33.37966537475586,0,7.450580596923828e-09,3240,0.0,0.0013373596668243407,0.003965472221374512,0.034946441650390625,0.0013355735246603816,0.003949809358457363,0.033766425240964966,3240,0.0,1.3590367355694374e-06,7.557423785328865e-05,0.019504804611206055,1.3590348885910987e-06,7.556852681944555e-05,0.01913164560185111,4824,0.0,8.559526877867691e-07,2.806016348982904e-05,0.02526872337332431,8.559519551323925e-07,2.805937613850686e-05,0.024645951639083966
183,3.05,True,valid,7.083075545469785,0.9750867369068562,1.1811242809375757,3773.868789781973,2051.4119285562606,3157.1544133114658,3403.3592768217222,52.48197000587149,2186.5688283330314,0.0011784585275756395,1585.0,44813.63189111263,3.9080119849374543e-05,6228,64214,33.81017303466797,0,7.450580596923828e-09,3240,0.0,0.0013748233318328857,0.003938147306442261,0.03491617584228516,0.0013729357876788764,0.003922699137300072,0.03373816803459276,3240,0.0,1.3259039648498098e-06,7.747541492184002e-05,0.01950480620066325,1.3259022068308168e-06,7.746941293504819e-05,0.01913164713107221,4824,0.0,9.422649878864181e-07,2.8012486964262136e-05,0.03380689172088955,9.422641000239474e-07,2.8011702286449907e-05,0.03270136037167842
184,3.066666666666667,True,valid,7.100698708952316,0.9735118573237574,1.1915369239662648,4117.5328319179625,2524.911380825435,3289.9876151257745,3529.815444482162,67.7939599947376,2645.8532065524114,0.0010971337685939683,1585.0,79539.6929039004,4.48681438369071e-05,6453,66472,34.243350982666016,0,7.450580596923828e-09,3240,0.0,0.0013853232860565185,0.003926388621330261,0.034927326202392577,0.0013834068203741647,0.0039110323873615405,0.033748578589142514,3240,0.0,1.292711531277746e-06,8.02794098854065e-05,0.019504777590433755,1.292709860176803e-06,8.027296561011974e-05,0.01913161960509166,4824,0.0,1.0681882928379609e-06,2.747080819963605e-05,0.04941295776525777,1.0681871518129508e-06,2.7470053574945803e-05,0.04708628514601485
185,3.0833333333333335,True,valid,7.143647725994798,0.9734415910900471,1.1930566799314188,3958.189703838338,2110.3910984614076,3412.7784830411547,3648.065336027592,54.13479332798233,2251.9745380605164,0.0010062419425198115,1585.0,59561.065642066314,4.041912694598808e-05,6512,67289,34.67919921875,0,7.450580596923828e-09,3240,0.0,0.0013952301740646363,0.0039109417200088505,0.03493886184692383,0.0013932862190906524,0.0038957058408120673,0.03375934862912857,3240,0.0,1.2576744969313344e-06,8.070513606071473e-05,0.019504804611206055,1.2576729151881833e-06,8.069862326645865e-05,0.01913164560185111,4824,0.0,9.134222861849348e-07,2.7335094795050297e-05,0.04976523721505552,9.134214518454239e-07,2.7334347608055817e-05,0.04740606323284126
186,3.1,True,valid,7.199476912093093,0.9778075027604535,1.1883752756945256,4491.3258434055215,2449.263996425429,3623.5693423431258,3859.5860687239406,40.71329033815385,2530.969237744337,0.0019122559498537916,1585.0,77255.25298525291,0.00013240826071390894,6562,67516,35.11771774291992,0,7.450580596923828e-09,3240,0.0,0.0013949811458587647,0.003930967092514039,0.03492644119262695,0.0013930378842747346,0.003915575095405994,0.03374775230631703,3240,0.0,1.2304830791739126e-06,7.874237063030401e-05,0.019504769643147787,1.2304815650871676e-06,7.87361707560343e-05,0.01913161195898568,4824,0.0,5.556709757097275e-07,2.6919986619695855e-05,0.08256068644264271,5.556706669396659e-07,2.6919261953523462e-05,0.07626425703111565
187,3.1166666666666667,True,valid,7.263979275048388,0.9773269498784521,1.1888053031257788,11512.4603670017,10765.728830587619,3890.565930158437,4153.516777620367,38.61075332962916,10777.423389210693,0.0017572506588665823,1585.0,401497.5196269744,0.0001306922515294424,6558,67509,35.55890655517578,0,7.450580596923828e-09,3240,0.0,0.0013948315382003784,0.003932751655578613,0.03582390975952148,0.0013928886931220091,0.003917345707759449,0.03458494192110165,3240,0.0,1.2114767256813744e-06,7.763336102167765e-05,0.019504768053690592,1.2114752580072957e-06,7.762733455024705e-05,0.019131610429764467,4824,0.0,1.5773379552291203e-07,2.7788039975049935e-05,0.09161252627711433,1.577337706429657e-07,2.7787267821340155e-05,0.08392403354838178
188,3.1333333333333333,True,valid,7.321910893871472,0.9792816434034517,1.1886278318727879,4538.671008365138,1925.976491659377,4019.4849593566573,4277.624870932219,42.70061185816145,2055.464796216814,0.0020388576125944468,1585.0,89128.90829188285,0.00010918938850854244,6232,64545,36.00276565551758,0,7.450580596923828e-09,3240,0.0,0.0013907130956649781,0.0039274214506149294,0.03757225799560547,0.0013887816987694795,0.003912057151814776,0.03621170256439586,3240,0.0,1.1943597928620875e-06,7.505471197267373e-05,0.019504772822062175,1.1943583663684764e-06,7.504907912000061e-05,0.019131615017428088,4824,0.0,1.6916304333598908e-07,2.8146758837650443e-05,0.07295052650788184,1.691630147198587e-07,2.814596661991065e-05,0.067990578042133
189,3.15,True,valid,7.37213732090042,0.9809102360990806,1.1939630220589152,4468.3736235474025,1431.0792309450458,4175.270903491858,4426.319568983401,39.17291753427111,1625.1312438106795,0.001468209907911598,1585.0,98241.37026002434,0.00010702921392484935,6121,63689,36.44929504394531,0,7.450580596923828e-09,3240,0.0,0.0013949190378189087,0.003934005856513977,0.03886031341552734,0.001392975949148218,0.003918590097216779,0.03740667817770785,3240,0.0,1.180181473804017e-06,7.456069812178612e-05,0.019504769643147787,1.1801800809773495e-06,7.455513923744535e-05,0.01913161195898568,4824,0.0,4.1856906243431403e-07,2.8153148832727297e-05,0.05275780927525353,4.185688872343273e-07,2.815235625517133e-05,0.0501139092110591
190,3.1666666666666665,True,valid,7.420572617862176,0.9854480672264739,1.200510884562556,4651.899591728714,1605.813107060006,4343.192588516818,4590.198749369416,38.61415129504593,1820.5635411905785,0.001600080823107693,1585.0,106939.77355862233,0.00011750241937826661,6251,64321,36.898494720458984,0,7.450580596923828e-09,3240,0.0,0.0013949992656707765,0.003941527605056763,0.039643508911132816,0.0013930559536384126,0.003926052958166549,0.03813182939280149,3240,0.0,1.1697102066439887e-06,7.247964851558208e-05,0.019504769643147787,1.1697088384236216e-06,7.24743955865278e-05,0.01913161195898568,4824,0.0,5.279820627529385e-07,2.7471039421034008e-05,0.08000769111176481,5.279817839880271e-07,2.7470284783049782e-05,0.07408066791580394
191,3.183333333333333,True,valid,7.474278933605786,0.9862991096550003,1.2054825699716498,4865.012472754504,1633.946028793466,4530.114479600612,4767.6876494173985,44.52241446042236,1832.218239336225,0.0013301294979553447,1585.0,112084.66950414024,6.758306338859917e-05,6221,64137,37.350364685058594,0,7.450580596923828e-09,3240,0.0,0.0013785918951034547,0.003964794635772705,0.03983758163452149,0.0013766939959186436,0.003949137115626047,0.03831135009748422,3240,0.0,1.1575378205937643e-06,7.204184929529826e-05,0.019504769643147787,1.1575364807015092e-06,7.203665964107905e-05,0.01913161195898568,4824,0.0,8.815856564006335e-07,2.8477052259536134e-05,0.08805174196471377,8.81584879208049e-07,2.847624133952036e-05,0.08092606129715599
192,3.2,True,valid,7.524641637469375,0.9877906157360288,1.2099869062270086,5155.60433846378,1712.8988917755635,4782.833997114046,5006.356669714748,49.472031442620924,1892.5319982477195,0.0019160807365969162,1585.0,123431.77215608413,0.00017709104687699107,6182,63881,37.80490493774414,0,7.450580596923828e-09,3240,0.0,0.0013794900178909302,0.003954732775688171,0.03998311614990235,0.0013775896467245238,0.0039391544723797155,0.0384459281396057,3240,0.0,1.1496549511017898e-06,6.854529182116191e-05,0.019504766464233398,1.1496536293968028e-06,6.854059367986034e-05,0.019131608900543252,4824,0.0,8.844650107684906e-07,2.8521523473541715e-05,0.11334603972551342,8.844642284908272e-07,2.8520710019272432e-05,0.10180665820076747
193,3.216666666666667,True,valid,7.561507000509384,0.9877718874390258,1.2094822926068574,5325.85211852361,1586.2326008202974,5007.045685409681,5206.35293412938,50.81843855838843,1780.024270767307,0.0016469282021354642,1585.0,127100.63723445457,9.522050416459099e-05,6178,63728,38.262115478515625,0,3.725290298461914e-09,3240,0.0,0.0013876047134399414,0.003952672243118286,0.04005808258056641,0.001385681934656084,0.003937110133370936,0.03851523607333091,3240,0.0,1.1415892125417788e-06,6.84373266994953e-05,0.019504772822062175,1.1415879093173365e-06,6.843264335232497e-05,0.019131615017428088,4824,0.0,1.0832888946997983e-06,2.7973307257846124e-05,0.08027241035749713,1.08328772118624e-06,2.7972524773778884e-05,0.07430756315523451
194,3.2333333333333334,True,valid,7.586153437733974,0.9895668623984913,1.2107954729744372,5689.943150000819,1925.2632534694108,5276.782971156158,5456.695757620948,50.48159239412737,2084.0012815076993,0.001977450743365113,1585.0,134255.46097211522,0.00019646902037279658,6181,64015,38.72199630737305,0,3.725290298461914e-09,3240,0.0,0.0013775715827941894,0.003946154356002807,0.040110591888427735,0.00137567648995451,0.003930643429024339,0.03856377600732133,3240,0.0,1.129079416083793e-06,6.731443728009859e-05,0.019504764874776204,1.1290781412649044e-06,6.73099063477557e-05,0.019131607371322034,4824,0.0,1.6708861697531335e-06,2.7780813452290653e-05,0.03759798494039058,1.6708833778972062e-06,2.7780041700014994e-05,0.03623559941912431
195,3.25,True,valid,7.596014352871115,0.9936919154046199,1.2179810678326393,6579.902777294165,3923.1890561292485,5361.482455674545,5544.345542584164,38.0237440514799,4027.5240705417673,0.0018662858045213687,1585.0,121549.05793695843,0.00010625507359031306,6779,68207,39.184547424316406,0,7.450580596923828e-09,3240,0.0,0.001346763014793396,0.003934482097625732,0.040205284118652346,0.001344951683609227,0.003919062615416281,0.038651297712564085,3240,0.0,1.1191061154628794e-06,6.793317074577014e-05,0.019504857063293458,1.1191048630657833e-06,6.792855614115382e-05,0.019131696066144926,4824,0.0,1.6462721127791372e-06,2.719943609990176e-05,0.04077739451560218,1.6462694025717294e-06,2.71986963105329e-05,0.03917974653415754
196,3.2666666666666666,True,valid,7.620047440203627,0.9960638047587549,1.2160099042687598,6280.2858109134495,2226.6484403043924,5714.562281862704,5794.705797164531,42.01524885787427,2369.2787234078387,0.0018180592318477456,1585.0,139781.64987435695,0.00013155776756190257,7008,69719,39.6497688293457,0,5.587935447692871e-09,3240,0.0,0.001340288281440735,0.003917032480239868,0.04034794235229492,0.0013384943131979805,0.003901749201584724,0.038783123135770876,3240,0.0,1.1115825812642773e-06,7.028671602408091e-05,0.019504761695861815,1.1115813456498158e-06,7.028177614828662e-05,0.019131604312879576,4824,0.0,1.1336191045503725e-06,2.704632255394995e-05,0.051765764532363694,1.133617819459555e-06,2.7045591070081832e-05,0.049217959243406065
197,3.283333333333333,True,valid,7.6461576828056925,0.9973092289449446,1.2199112915461578,7385.0362228148915,4245.7295860228005,5917.545417986935,5951.372335532781,42.06609602745749,4343.91578673918,0.0016847129397315743,1585.0,139478.96205717052,3.225135562990845e-05,7384,72411,40.11766052246094,0,5.587935447692871e-09,3240,0.0,0.0013924006223678589,0.0039245781898498535,0.04048281097412109,0.0013904645386788221,0.003909236087159488,0.038907717212762274,3240,0.0,1.1087551441354056e-06,7.027359368900458e-05,0.019504826863606772,1.108753914798799e-06,7.026865565767994e-05,0.01913166701094609,4824,0.0,6.112179972194682e-07,2.69181334054555e-05,0.06731572014563017,6.112176236322564e-07,2.691740883859161e-05,0.06307011025420411
198,3.3,True,valid,7.655335853280115,0.9972444431672431,1.2193414749384774,7497.069841987856,4404.701785770485,6067.201981216628,6096.597652563744,45.92635202568301,4534.163426120136,0.0016912332376659346,1585.0,153403.7180156824,0.00012653714732551588,7472,72948,40.58822250366211,0,5.587935447692871e-09,3240,0.0,0.0013968973159790038,0.003932489395141602,0.040581798553466795,0.001394948715861888,0.003917085497960532,0.038999143181132276,3240,0.0,1.1038816107126574e-06,7.004572389026484e-05,0.019504772822062175,1.103880392159392e-06,7.004081783047774e-05,0.019131615017428088,4824,0.0,5.915333511529035e-07,2.708865276179539e-05,0.07576757743768385,5.915330012414049e-07,2.7087918986548657e-05,0.07043117772535104
199,3.316666666666667,True,valid,7.665328632119667,0.9923671163078621,1.2119061501022275,6737.898908749402,1914.2507084723522,6410.251332451545,6437.902107032082,54.58368887331135,2157.2349353536415,0.0011545204871157946,1585.0,156282.91124634317,8.262902825669741e-05,7411,72406,41.06145477294922,0,1.862645149230957e-09,3240,0.0,0.0013987902402877808,0.003935891389846802,0.04064284133911133,0.001396836359221223,0.003920460881575499,0.03905551426924885,3240,0.0,1.0964380150350432e-06,6.943436029056707e-05,0.019504788716634115,1.0964368128600405e-06,6.942953949302141e-05,0.019131630309639835,4824,0.0,6.683911467195623e-07,2.8106826059989168e-05,0.02952484842834792,6.68390699973136e-07,2.810603608850863e-05,0.028678130958587317
200,3.3333333333333335,True,valid,7.66547098283382,0.9919240888203548,1.206143968527375,6800.856604941592,1850.3717149293757,6441.116939417164,6549.083542219072,51.857896551318845,1959.103778139504,0.0018649321685313234,1585.0,164645.07039041418,0.00012717900460554467,6706,67239,41.537357330322266,0,2.7939677238464355e-09,3240,0.0,0.0013904050588607788,0.003915979266166688,0.0406317138671875,0.0013884745168684259,0.0039007041892435597,0.03904523889262633,3240,0.0,1.0835820770201583e-06,7.028591198225817e-05,0.019504766464233398,1.083580902871313e-06,7.028097221962371e-05,0.019131608900543252,4824,0.0,7.468515951731878e-07,2.8613276817703205e-05,0.05688171970084323,7.468510373862992e-07,2.8612458121081885e-05,0.05382032694911588
201,3.35,True,valid,7.660571947544435,0.9931665665381773,1.2054444173880037,6604.003193925465,1978.316668480006,6276.975674647718,6393.933425249637,59.185108811104435,2122.7181299872786,0.0016059510316942672,1585.0,140991.34338775786,3.4561384927361744e-05,6337,64170,42.01593017578125,0,2.3283064365386963e-10,3240,0.0,0.0013674182891845704,0.003926070332527161,0.040691261291503904,0.0013655510097590115,0.003910716583502918,0.03910022386563121,3240,0.0,1.0853423736989499e-06,6.957227985064189e-05,0.019504772822062175,1.08534119573216e-06,6.956743988524392e-05,0.019131615017428088,4824,0.0,8.254628470825271e-07,2.8999671200368896e-05,0.1368022427091835,8.254621656941776e-07,2.8998830243489066e-05,0.12033952570603806
202,3.3666666666666667,True,valid,7.671661614694564,0.9977093704715565,1.2071814075547163,6000.698116560686,1917.0514840470753,5634.7456056263745,5742.008478457741,62.898105166606854,2101.6432094979973,0.0016127628935754949,1585.0,112660.68840850862,0.00013723467303150406,6109,63125,42.49717330932617,0,3.725290298461914e-09,3240,0.0,0.0013514831066131592,0.003920318126678467,0.04091996002197266,0.0013496590651868718,0.003905009245137741,0.039311341499406814,3240,0.0,1.0926994339873394e-06,6.809963844716548e-05,0.019504766464233398,1.092698239996591e-06,6.809500120183901e-05,0.019131608900543252,4824,0.0,9.449831394671177e-07,2.8121686385980856e-05,0.04138479532835975,9.449822464748276e-07,2.8120895578974494e-05,0.03974015706203074
203,3.3833333333333333,True,valid,7.6943705391094035,0.9996757163584838,1.2110823877170962,5276.075409686194,2139.271769229628,4772.4627762199925,4880.878631106301,47.511474540013076,2232.3665551904724,0.0017536318795725095,1585.0,62127.32449613533,0.00012575895396713978,6315,64760,42.98108673095703,0,2.7939677238464355e-09,3240,0.0,0.001342765212059021,0.003922794580459595,0.041097877502441406,0.001340964611428193,0.003907466392443558,0.039475517519096115,3240,0.0,1.0892830323427917e-06,6.784157827496528e-05,0.019504766464233398,1.0892818458065594e-06,6.783697609950307e-05,0.019131608900543252,4824,0.0,7.992742685526432e-07,2.8014749903580008e-05,0.04309209198044933,7.992736297137975e-07,2.8013965099347706e-05,0.041311876786097816
204,3.4,True,valid,7.7095270726294265,0.9976487253768773,1.2083963549847656,4790.145552424879,2169.550862639178,4218.2470120805865,4339.863754065249,42.741476535608925,2296.2154742052567,0.0013727894108866451,1585.0,59026.57372958327,7.552543787445437e-05,6259,64611,43.46767044067383,0,3.725290298461914e-09,3240,0.0,0.0013397539854049683,0.003935540080070496,0.041237083435058594,0.00133796144622507,0.003920112320570014,0.03960393275565711,3240,0.0,1.0919665995364388e-06,6.696518821020921e-05,0.019504772822062175,1.0919654071466863e-06,6.696070417166042e-05,0.019131615017428088,4824,0.0,6.866232445893251e-07,2.8224637080399746e-05,0.04074161451314887,6.866227731381689e-07,2.8223840472586565e-05,0.03914671417478342
205,3.4166666666666665,True,valid,7.724456052992555,0.9978333924078999,1.2046802220461688,4346.871248207743,1813.4624530735969,3922.663184573889,4050.638572183395,52.76970754545739,1948.9076604698848,0.001227288562671506,1585.0,34847.91993877811,8.761323060805166e-05,6358,65764,43.95692443847656,0,3.725290298461914e-09,3240,0.0,0.0013386833667755128,0.003944439649581909,0.04132393264770508,0.0013368936894303254,0.003928942172413278,0.03968403236698254,3240,0.0,1.0890654327037434e-06,6.690120014051597e-05,0.019504788716634115,1.0890642466415184e-06,6.689672466810075e-05,0.019131630309639835,4824,0.0,5.190056990402395e-07,2.813127762373231e-05,0.054282974148189014,5.190054296734636e-07,2.8130486276456703e-05,0.05148804967854774
206,3.433333333333333,True,valid,7.750371706384084,1.0008318414400679,1.2029437989998946,5636.554221027709,4366.726801636355,3843.9322109536547,3983.2070973607006,57.52834445352522,4465.381863573984,0.0018343864641967313,1585.0,144288.04322432925,0.00029089782582723687,6646,67867,44.448848724365234,0,5.587935447692871e-09,3240,0.0,0.0013439921140670776,0.003928144931793213,0.04138370132446289,0.0013421882236788597,0.003912774983895005,0.03973914828110894,3240,0.0,1.0855558017889658e-06,6.801389157772064e-05,0.019504776000976564,1.0855546233588464e-06,6.800926600283256e-05,0.019131618075870476,4824,0.0,2.740951202173907e-07,2.765493841589566e-05,0.06213008683333945,2.740950450892764e-07,2.765417364137398e-05,0.05849574134424118
207,3.45,True,valid,7.785938724813204,1.0046497148200657,1.2001119945527912,4189.58920754629,1938.848130710364,3694.4431111210693,3803.9975695480607,53.3062336951685,2145.9406654875625,0.001006910849009779,1585.0,44368.97728815128,1.981039499439882e-05,7134,70814,44.943443298339844,0,3.725290298461914e-09,3240,0.0,0.001384374737739563,0.003940729975700379,0.04140313720703125,0.0013824608938022703,0.003925261579725147,0.0397570697915041,3240,0.0,1.0803389401795963e-06,6.752188007036845e-05,0.019504764874776204,1.0803377730486315e-06,6.751732117307138e-05,0.019131607371322034,4824,0.0,9.897468662536497e-07,2.6509994975003314e-05,0.06459915755235866,9.8974588665576e-07,2.6509292213748824e-05,0.060679324320413605
208,3.466666666666667,True,valid,7.820956025915901,1.005648207798652,1.1978411377948077,3976.490224106441,1447.4702402327032,3671.024996425093,3809.991856366298,55.76302420344463,1675.0469922578732,0.0014821756840093776,1585.0,31818.825413264854,7.273715238606829e-05,7163,71044,45.44070816040039,0,3.725290298461914e-09,3240,0.0,0.0013958349227905272,0.003946132779121399,0.04140020751953125,0.001393889283450184,0.003930622017102705,0.03975436841724923,3240,0.0,1.0755395245117446e-06,6.672716389099757e-05,0.019504772822062175,1.07553836772772e-06,6.672271167367433e-05,0.019131615017428088,4824,0.0,1.0091875056820848e-06,2.6915936412570876e-05,0.0511303242332004,1.0091864872236908e-06,2.691521196442447e-05,0.04864318253828323
209,3.4833333333333334,True,valid,7.860330698287932,1.0022006646561556,1.193405960835468,4068.2648201040884,1381.8328331408597,3777.852887052845,3925.038663638341,44.65256933393367,1622.0205519247427,0.0010797318280480314,1585.0,41592.0471888071,5.458937279840331e-05,6970,69330,45.940643310546875,0,7.450580596923828e-09,3240,0.0,0.0013961931467056275,0.003938417196273804,0.04142474365234375,0.001394246509284546,0.003922966915846965,0.03977699195725319,3240,0.0,1.0695399638886253e-06,6.702531750003497e-05,0.019504772822062175,1.0695388199741143e-06,6.702082540369176e-05,0.019131615017428088,4824,0.0,1.0330369491701077e-06,2.6320165675526275e-05,0.045993967566146196,1.0330358820058719e-06,2.6319472942615717e-05,0.04397154189442076
210,3.5,True,valid,7.906243761125418,1.0018641324054456,1.1852140244714826,4242.712519184526,1630.8952527936485,3895.1320439274778,4048.831300204687,46.51604306462979,1783.0680594693438,0.0009750777954410205,1585.0,47307.75582013327,6.141571226491288e-05,6681,67832,46.4432487487793,0,3.725290298461914e-09,3240,0.0,0.001406400203704834,0.00393768846988678,0.04140893173217773,0.0014044250200705185,0.003922243894616703,0.039762412699209486,3240,0.0,1.0625897751500208e-06,6.779004509250323e-05,0.019504776000976564,1.0625886460541905e-06,6.778544991321793e-05,0.019131618075870476,4824,0.0,1.1410534688508204e-06,2.6573390548473354e-05,0.055944522602390405,1.1410521668492872e-06,2.6572684422150562e-05,0.05298055097110057
211,3.5166666666666666,True,valid,7.96367557749347,1.0006385996871863,1.1800139106279812,4215.166874757353,1355.2246427809905,3990.825547073267,4141.805368556044,48.80811618410562,1597.5395875632848,0.0012210881193996373,1585.0,49234.40527165594,3.095911738048662e-05,6669,67571,46.948524475097656,0,3.725290298461914e-09,3240,0.0,0.0014039591550827027,0.003952164053916931,0.04140180206298828,0.0014019908172394975,0.0039366059405463415,0.039755838698351066,3240,0.0,1.0554446877601247e-06,6.673737739523252e-05,0.019504766464233398,1.0554435737978113e-06,6.673292381482668e-05,0.019131608900543252,4824,0.0,1.3142715674969686e-06,2.6399983545273124e-05,0.06131457344492362,1.3142698401894854e-06,2.639928660450394e-05,0.05777229011932108
212,3.533333333333333,True,valid,8.016398396205883,1.0024327891435092,1.1734364149429801,4358.7184223076065,1502.8384394052125,4049.1734473454476,4194.640896502245,48.40994944754693,1737.1718705530789,0.001305843038995758,1585.0,48960.49192841847,2.359303814513864e-05,6664,67133,47.45647048950195,0,3.725290298461914e-09,3240,0.0,0.0014021695852279663,0.003941923499107361,0.04138780212402344,0.0014002062585991128,0.0039264457453454206,0.03974292961719786,3240,0.0,1.0450087332477173e-06,6.571392839153608e-05,0.019504788716634115,1.0450076412056058e-06,6.570961035373433e-05,0.019131630309639835,4824,0.0,1.4811342437387164e-06,2.7085390895993806e-05,0.06119596495338223,1.4811320499833178e-06,2.7084657297025565e-05,0.05766697855477668
213,3.55,True,valid,8.056823637783106,1.0032200768105626,1.1721638904960439,4405.36867492966,1706.9878817380436,4020.0147580110506,4168.132870732041,48.153324055344854,1920.9038809047413,0.0014803838567927282,1585.0,49277.207263306984,4.269711884208036e-05,6533,66111,47.96708679199219,0,3.725290298461914e-09,3240,0.0,0.001408853054046631,0.00394248116016388,0.04137678527832031,0.0014068709795704137,0.003926999040428066,0.03973277094636009,3240,0.0,1.0287394979968667e-06,6.478058795134226e-05,0.019504782358805338,1.0287384396930006e-06,6.477639169630325e-05,0.019131624192755194,4824,0.0,1.3567693526479741e-06,2.81390868482807e-05,0.052499658871810316,1.3567675118273954e-06,2.8138295061718006e-05,0.04988092720912182
214,3.566666666666667,True,valid,8.092249028179015,1.003444129238635,1.1715029978234797,4419.84619698366,1632.5577382509575,4053.975844560754,4195.1384495969505,55.682437272099556,1851.7255366554682,0.0013092901252281992,1585.0,50244.84127601355,4.895496692303683e-05,6171,63343,48.48037338256836,0,7.450580596923828e-09,3240,0.0,0.001410260796546936,0.003936697721481324,0.04135997772216797,0.001408274761859519,0.003921260902589714,0.0397172722276472,3240,0.0,1.006037249074628e-06,6.381876766681672e-05,0.019504772822062175,1.0060362369646997e-06,6.38146950868827e-05,0.019131615017428088,4824,0.0,1.6385277050102983e-06,2.92130731357746e-05,0.05175470041866989,1.6385250202416572e-06,2.9212219755551786e-05,0.049207957328898086
215,3.5833333333333335,True,valid,8.132858560449002,1.0058547882520597,1.1698207478822455,4566.732611221821,1909.6242845877846,4129.175779329064,4258.478217956502,60.33019206009846,2096.265898972353,0.0014260786930113828,1585.0,51327.05087810981,3.185718357212541e-05,5969,61765,48.99633026123047,0,7.450580596923828e-09,3240,0.0,0.0014022549390792847,0.003936858773231506,0.041347068786621095,0.0014002913735845256,0.003921420693685062,0.03970536819659823,3240,0.0,9.764820182075102e-07,6.225639022886754e-05,0.01950476328531901,9.764810646913096e-07,6.225251461202508e-05,0.01913160584210081,4824,0.0,1.6999402153297208e-06,2.89798446634628e-05,0.040096288155577954,1.6999373255378977e-06,2.8979004856398403e-05,0.03855055403253236
216,3.6,True,valid,8.189880543393702,1.0089619570262793,1.1665276366767707,4752.713285502116,2114.11914632037,4214.5775203786025,4328.565828306526,54.71764180712539,2306.889706923188,0.0008984774322524026,1585.0,48613.710241157576,1.9180350843028772e-05,5858,60989,49.514957427978516,0,7.450580596923828e-09,3240,0.0,0.0014140080213546752,0.003958003759384155,0.04133677291870117,0.0014120114258722473,0.003942399725464397,0.03969587360565476,3240,0.0,9.423570008948445e-07,6.146590846280257e-05,0.019504772822062175,9.423561128589643e-07,6.146213063691993e-05,0.019131615017428088,4824,0.0,8.622073458657304e-07,2.8869941993266455e-05,0.043432906333263445,8.622066024648641e-07,2.8869108543777313e-05,0.041625011123993964
217,3.6166666666666667,True,valid,8.251410827498544,1.0085553938992147,1.1625504418266166,4963.678887278128,2328.8477154512566,4305.405698236969,4395.335060313027,42.944916424060594,2521.5625950622707,0.0016507946475658418,1585.0,45801.85787926598,0.00014513285882762877,5950,61877,50.0362548828125,0,7.450580596923828e-09,3240,0.0,0.0014117765426635742,0.003951170325279236,0.04131257629394531,0.0014097862395204494,0.003935620019036596,0.03967355934658707,3240,0.0,9.080143839431305e-07,6.0575632378458973e-05,0.019504791895548504,9.080135594537578e-07,6.057196319065767e-05,0.019131633368082133,4824,0.0,7.623144088894476e-07,2.8561034964982552e-05,0.03107236828895886,7.623138277666326e-07,2.856021925545062e-05,0.030135972260145763
218,3.6333333333333333,True,valid,8.30743798215183,1.0090773441979635,1.1704789166410077,5072.373682584951,2588.8746392030753,4385.846704086951,4426.004259905576,44.034124168652006,2813.490511001564,0.0014696509242476425,1585.0,67782.15414066665,6.899967120965537e-05,6121,63459,50.56022262573242,0,7.450580596923828e-09,3240,0.0,0.0014064236879348755,0.003962078928947449,0.04134164047241211,0.001404448438382651,0.00394644281088251,0.03970036236489802,3240,0.0,8.762733583959441e-07,5.9903869405388826e-05,0.019504799842834472,8.762725905416184e-07,5.9900281146756184e-05,0.019131641014187777,4824,0.0,6.980298961124721e-07,2.8405026047218327e-05,0.03004336559006697,6.980294088670763e-07,2.8404219224598877e-05,0.029167088099107785
219,3.65,True,valid,8.36640253965121,1.0079947402151748,1.1729491619438561,5235.162702526606,2756.248117059532,4432.457211017017,4440.492546242743,49.439004034902815,2979.60561386225,0.001331689537104429,1585.0,53709.874359600435,2.4237639750965845e-05,6092,63252,51.08686065673828,0,7.450580596923828e-09,3240,0.0,0.0014046456813812257,0.0039633167982101435,0.04132040405273438,0.0014026754194109705,0.003947670925584988,0.039680778261828656,3240,0.0,8.461804827675224e-07,5.946330105264982e-05,0.019504766464233398,8.461797667467188e-07,5.9459765378438356e-05,0.019131608900543252,4824,0.0,5.918796662300794e-07,2.8776604066680252e-05,0.05219474659661843,5.918793159087475e-07,2.8775775997558605e-05,0.04960559512908157
220,3.6666666666666665,True,valid,8.426899682381624,1.009354896125892,1.1765680988555145,5198.316980319848,2479.3679030935564,4473.275860045593,4470.413619550354,60.50767971002645,2753.899181371432,0.001375241144111953,1585.0,54112.78081954916,0.00015093084325356815,5920,62456,51.61616897583008,0,7.450580596923828e-09,3240,0.0,0.0013966554403305055,0.0039660056829452514,0.041265842437744144,0.0013947075144927195,0.003950338617185348,0.039630458194168,3240,0.0,8.228430912519494e-07,5.893620351950328e-05,0.019504764874776204,8.228424141817538e-07,5.8932730241139703e-05,0.019131607371322034,4824,0.0,4.3171092154585434e-07,2.896370178871568e-05,0.0267615456663646,4.317107351716151e-07,2.896286291683011e-05,0.026064031886777035
221,3.683333333333333,True,valid,8.487622012692913,1.0101677863504208,1.1812980568996252,5617.993582059004,3402.759168367441,4448.093022544294,4450.9164846487765,63.05231764428144,3597.2882236013943,0.0009015489898852277,1585.0,107091.15004424253,0.0001759328353512585,5892,62389,52.14814758300781,0,7.450580596923828e-09,3240,0.0,0.001396998167037964,0.004008263111114502,0.04120003890991211,0.0013950492857428536,0.0039922610763093135,0.0395697631293278,3240,0.0,8.047087855326632e-07,5.804194758335749e-05,0.019504791895548504,8.047081379769548e-07,5.8038578911125555e-05,0.019131633368082133,4824,0.0,4.988015515845976e-07,2.9861280328214578e-05,0.04096897643105384,4.988013027817339e-07,2.986038865877674e-05,0.039356577725798654
222,3.7,True,valid,8.54533021716208,1.0116897735436243,1.18293632334204,5095.392713415979,2361.120457580798,4502.942875984666,4488.094650318481,59.50832174706744,2646.190934770106,0.001088248621080631,1585.0,56815.93455786792,0.00010879028514769557,5739,61175,52.682796478271484,0,7.450580596923828e-09,3240,0.0,0.0013962712287902833,0.004008322238922119,0.04111065673828125,0.0013943243737835683,0.003992319733423778,0.03948730759041286,3240,0.0,7.834129307108621e-07,5.78890119989713e-05,0.019504772822062175,7.834123169755229e-07,5.788566093176564e-05,0.019131615017428088,4824,0.0,5.73964410093456e-07,3.0284881458355674e-05,0.023381951592262012,5.739640806585011e-07,3.0283964312086306e-05,0.0228477271422292
223,3.716666666666667,True,valid,8.604462578178994,1.0123064699255928,1.1833811825301275,4877.157539171848,1514.7029397415072,4639.5043248431775,4615.860801581774,67.14971789264176,1915.8342864188685,0.001492717548415064,1585.0,46866.01846094301,7.303076322943116e-05,5704,60944,53.220115661621094,0,7.450580596923828e-09,3240,0.0,0.0013968784809112549,0.004005684614181519,0.041001171112060544,0.001394929933305042,0.003989703121770137,0.03938628721066721,3240,0.0,7.557785041475047e-07,5.810133181512356e-05,0.019504783948262532,7.55777932946789e-07,5.809795623691736e-05,0.019131625721976363,4824,0.0,5.392156468094135e-07,3.0545131814760394e-05,0.03735388712297332,5.392153560560565e-07,3.054419883810766e-05,0.03600881780717249
224,3.7333333333333334,True,valid,8.680371578889629,1.0138005472332745,1.1804649817576662,4953.898416060698,1623.865527582161,4680.231377526234,4669.648650443314,73.53317035408988,1998.1063753605438,0.0014563758994519623,1585.0,51780.14558776676,0.0001956214331181809,5630,60467,53.76010513305664,0,7.450580596923828e-09,3240,0.0,0.0014156686067581176,0.00400911808013916,0.0409066162109375,0.0014136673223095243,0.003993109233446406,0.03929902603544203,3240,0.0,7.239354211681833e-07,5.7502913599212964e-05,0.019504768053690592,7.239348970860686e-07,5.749960720405677e-05,0.019131610429764467,4824,0.0,5.416962853202112e-07,3.0164621428852283e-05,0.05003092874084016,5.416959918855046e-07,3.016371155141719e-05,0.04764710007240974
225,3.75,True,valid,8.763894067429165,1.0168969547295132,1.1839483394991281,5069.489517093989,1566.1063327485708,4805.289257783695,4814.612804568356,71.97950605177651,1932.659726107561,0.0020876206041202123,1585.0,52178.92249103066,0.0001291958733093451,5564,59419,54.302764892578125,0,7.450580596923828e-09,3240,0.0,0.0014150667190551758,0.004005717039108276,0.040815532684326174,0.0014130671347809569,0.003989735286488584,0.03921495346928619,3240,0.0,6.961443189842005e-07,5.599539106090864e-05,0.019504772822062175,6.96143834367625e-07,5.599225575102194e-05,0.019131615017428088,4824,0.0,5.585632970582684e-07,3.0348229860260933e-05,0.05204557325932684,5.585629850654859e-07,3.0347308873138552e-05,0.049470835277682146
226,3.7666666666666666,True,valid,8.848566621316152,1.0186245043501596,1.1816125134336475,5097.785282861277,1212.3653999807316,4927.0123377601785,4956.0212127328305,73.3345655393434,1670.2242102640264,0.0017097257724464682,1585.0,52161.102511117,6.774037976006562e-05,5455,58308,54.84809494018555,0,3.725290298461914e-09,3240,0.0,0.0014012624025344848,0.004011887073516846,0.0407702751159668,0.0013993016137932703,0.003995856149870827,0.0391731740334571,3240,0.0,6.806462382276853e-07,5.579337477684021e-05,0.019504766464233398,6.80645774948699e-07,5.5790262049785266e-05,0.019131608900543252,4824,0.0,5.84629090143138e-07,3.0301163932357265e-05,0.05839835413817023,5.846287483521647e-07,3.0300245799641747e-05,0.05517615736064015
227,3.783333333333333,True,valid,8.926707721711605,1.0207617658636254,1.1812622201847467,5378.81474000574,1264.9733554432341,5155.683097639563,5204.656449788359,65.58224280611587,1679.957871020465,0.001961689449435159,1585.0,54464.145164874164,2.3773033837625384e-05,5670,60172,55.396095275878906,0,3.725290298461914e-09,3240,0.0,0.00140287983417511,0.004038721799850464,0.0407346305847168,0.0014009145194463753,0.0040224761362478625,0.03914026629615547,3240,0.0,6.720825331285596e-07,5.6068822741508486e-05,0.019504764874776204,6.720820814339318e-07,5.606567920487031e-05,0.019131607371322034,4824,0.0,6.056395179869995e-07,3.023094061328935e-05,0.06590099806451814,6.056391511879958e-07,3.023002673111404e-05,0.06182656567934765
228,3.8,True,valid,9.004885519737618,1.0253724910032822,1.1786712789454643,5497.141084791113,1846.8914695935885,5153.242559080795,5221.035387625866,54.36039305247735,2100.211913946534,0.0011130139385960715,1585.0,51328.833190812424,2.5130765705277268e-05,5706,60354,55.9467658996582,0,7.450580596923828e-09,3240,0.0,0.0013995888233184815,0.004040124177932739,0.04069767379760742,0.0013976327121953886,0.0040238672545487315,0.039106144678019344,3240,0.0,6.66198757244274e-07,5.5190914620955787e-05,0.019504785537719727,6.661983134237855e-07,5.518786875199914e-05,0.019131627251197523,4824,0.0,6.920390558068243e-07,2.954029487188314e-05,0.062293921022508705,6.920385768891009e-07,2.953942226860656e-05,0.05864094653064364
229,3.816666666666667,True,valid,9.083907335205817,1.0259048003838933,1.1780765572108745,5187.498113700949,1204.2971329749364,5015.563398069059,5098.400854252917,55.51106946385391,1571.2787668168728,0.0011590677890533907,1585.0,50163.820145575744,1.417385209396225e-05,5535,59235,56.50010681152344,0,3.725290298461914e-09,3240,0.0,0.0014047605991363526,0.004042544364929199,0.040656063079833986,0.0014027900149944266,0.004026267996289738,0.039067723258645014,3240,0.0,6.618615104040752e-07,5.408433886865775e-05,0.019504769643147787,6.618610723437061e-07,5.4081413911132134e-05,0.01913161195898568,4824,0.0,7.351805256154627e-07,2.9678631815539946e-05,0.08806870024928938,7.351799851254548e-07,2.9677751020462522e-05,0.08094038568438904
230,3.8333333333333335,True,valid,9.151464242412835,1.0277867988451925,1.1786002278590741,5204.60318381405,1449.5776596120513,4974.141254599652,5071.247251823781,59.219567954518176,1766.5157071013357,0.0022915971669975888,1585.0,47249.061185166385,0.00020461991564101284,5404,58503,57.05611801147461,0,7.450580596923828e-09,3240,0.0,0.0013952047824859618,0.004026079416275025,0.04060991668701172,0.001393260898217518,0.0040099350991108975,0.0390251102125775,3240,0.0,6.576345185749233e-07,5.34613182147344e-05,0.019504769643147787,6.576340860920476e-07,5.3458460254975125e-05,0.01913161195898568,4824,0.0,7.779518596786833e-07,2.9749052190573616e-05,0.058750751114247,7.779512544700582e-07,2.9748167209620008e-05,0.055490634648822416
231,3.85,True,valid,9.212796603387838,1.0286282891937952,1.1786869447721402,5219.790622785938,1055.031645471031,5092.354941186255,5196.993252637936,63.62395123567251,1404.228294285687,0.002010939033402853,1585.0,48664.99222628841,0.0001520928657368474,5393,58919,57.61479949951172,0,3.725290298461914e-09,3240,0.0,0.0013951772451400756,0.004024902343749999,0.040553611755371095,0.0013932334375508363,0.004008767446024896,0.03897311132961119,3240,0.0,6.536046081843476e-07,5.23559469729662e-05,0.019504768053690592,6.536041809856429e-07,5.235320597114596e-05,0.019131610429764467,4824,0.0,7.550115550870994e-07,2.9253964037119196e-05,0.04581164543864309,7.550109850450815e-07,2.9253108267544607e-05,0.043804872166467786
232,3.8666666666666667,True,valid,9.271244533559363,1.031045812066791,1.1857152575834664,5154.326568638934,1104.8618233309253,5010.629167083605,5102.835448776522,60.299539166317295,1469.4242127203931,0.0010909958000593248,1585.0,48915.45040510262,2.911902956220171e-05,5403,59227,58.176151275634766,0,1.862645149230957e-09,3240,0.0,0.0013950279951095582,0.004015252590179444,0.040494407653808594,0.0013930846030886933,0.00399919481244993,0.03891842892756981,3240,0.0,6.498277555995931e-07,5.232123347620169e-05,0.019504780769348144,6.498273333237556e-07,5.2318496107906454e-05,0.019131622663534017,4824,0.0,9.717163236844426e-07,2.8376842077888123e-05,0.07565350919714761,9.717153794527465e-07,2.837603685557101e-05,0.07033260111205727
233,3.8833333333333333,True,valid,9.324394562125404,1.0321251272660352,1.1897490605574224,5490.710673011553,2059.741665335342,5075.717383576105,5111.717627013259,69.10945255742493,2272.2538102159538,0.0013115749246550305,1585.0,61167.2135205756,0.00015480647633297516,5421,59568,58.74017333984375,0,1.862645149230957e-09,3240,0.0,0.001395033836364746,0.004019505500793457,0.04043168640136719,0.0013930904280804578,0.004003413757174145,0.038860491207463925,3240,0.0,6.451346659256766e-07,5.217557462553183e-05,0.019504766464233398,6.45134249727208e-07,5.2172852476972234e-05,0.019131608900543252,4824,0.0,1.0587247626161222e-06,2.8209566181736084e-05,0.0723414078807591,1.058723641719186e-06,2.8208770424536672e-05,0.06746117173981518
234,3.9,True,valid,9.374910418033359,1.0327741221133337,1.191755193076451,5385.987014342877,1554.192726153382,5169.899786270661,5183.284554760203,87.3832280154967,1870.44969617959,0.001635933180891153,1585.0,60169.44764941151,8.664788194959644e-05,5542,61033,59.30686569213867,0,2.7939677238464355e-09,3240,0.0,0.0013949958086013794,0.0040084168910980225,0.04035085678100586,0.001393052506194077,0.003992413631304826,0.03878581587932477,3240,0.0,6.419542478397489e-07,5.2097681909799575e-05,0.019504766464233398,6.419538357347571e-07,5.2094967882379386e-05,0.019131608900543252,4824,0.0,1.1951774086061247e-06,2.7836848224035426e-05,0.05771628030340535,1.195175980158794e-06,2.7836073355477385e-05,0.054566882800413614
235,3.9166666666666665,True,valid,9.427035263282914,1.0369637413324297,1.1915747627129518,5053.8283107230545,1659.1796481716028,4886.173474305392,4928.14397485244,65.91166535272727,1905.4829131999272,0.0016231408821042136,1585.0,48279.52155671717,0.00018692190034166631,5559,60863,59.87622833251953,0,3.725290298461914e-09,3240,0.0,0.0014011073112487793,0.003989641666412354,0.04003072738647461,0.0013991469562189096,0.003973787677512658,0.03848994681827244,3240,0.0,6.41278165858239e-07,5.27848241229852e-05,0.019504782358805338,6.412777546208167e-07,5.278203803169298e-05,0.019131624192755194,4824,0.0,1.3665765997259656e-06,2.7464006822315424e-05,0.05265533036154797,1.3665747321969148e-06,2.7463252571155537e-05,0.050021435167637275
236,3.933333333333333,True,valid,9.472693396089461,1.0390985806914164,1.1950220833156628,4984.576912669876,1531.150042009019,4783.439948078613,4843.452138338178,63.17693439305104,1784.96161155765,0.0013174554054723546,1585.0,48670.87512981698,9.069820470001686e-05,5654,62179,60.44826126098633,0,2.561137080192566e-09,3240,0.0,0.0013960080146789551,0.003980790615081787,0.0393731575012207,0.0013940618931032247,0.003965006751378191,0.03788163780934901,3240,0.0,6.426740825797121e-07,5.3962618112564085e-05,0.019504764874776204,6.426736695500011e-07,5.3959706303397716e-05,0.019131607371322034,4824,0.0,1.425155377599492e-06,2.6570993520572383e-05,0.05948516684899184,1.4251533465345361e-06,2.6570287521634747e-05,0.05614535126141153
237,3.95,True,valid,9.504572537715562,1.0420976114598803,1.1977115724546046,4896.745439362811,1526.0973993917733,4695.914003575923,4781.583538088037,52.36499603969679,1744.435121336759,0.0013607026011621425,1585.0,53169.87705420194,0.00014700247562779247,5867,64048,61.02296447753906,0,3.4924596548080444e-09,3240,0.0,0.00139509117603302,0.0039874669313430785,0.039148681640625,0.0013931476080980508,0.003971630183447048,0.03767380196144446,3240,0.0,6.444802662978569e-07,5.486059933900833e-05,0.019504764874776204,6.44479850943311e-07,5.485758981756022e-05,0.019131607371322034,4824,0.0,1.607916020132438e-06,2.560243018399375e-05,0.03779476231260364,1.6079134347426674e-06,2.5601774716339787e-05,0.03641833981545875
238,3.966666666666667,True,valid,9.527046845132116,1.0419484303600461,1.2022743572695507,4721.599406804298,1290.911151946011,4517.53117256963,4642.388677774006,56.763425540240604,1568.5748862832725,0.001113168048301592,1585.0,52175.11207172009,5.4540055300332696e-05,6143,66524,61.600337982177734,0,3.725290298461914e-09,3240,0.0,0.0013953077793121338,0.003982838153839111,0.03888412857055664,0.00139336360823016,0.003967038083141078,0.037428744458786675,3240,0.0,6.449432112276555e-07,5.6090839207172395e-05,0.019504768053690592,6.44942795276178e-07,5.608769320125919e-05,0.019131610429764467,4824,0.0,1.4143976622153202e-06,2.4778465810420417e-05,0.04332335933677853,1.4143956616974027e-06,2.4777851853257868e-05,0.041524383547128084
239,3.9833333333333334,True,valid,9.550154353267164,1.0432746087243998,1.1996478510697617,4664.808947472061,1624.8401371830987,4347.591833228659,4487.941308535991,54.65664601534912,1849.4019208502257,0.0010272365596072355,1585.0,57127.11715862233,6.570456832536346e-05,6306,67758,62.180381774902344,0,5.587935447692871e-09,3240,0.0,0.001395214557647705,0.0039770292043685915,0.038575138092041016,0.0013932706461594402,0.003961275097562708,0.03714236618730074,3240,0.0,6.421783958406498e-07,5.732410897811254e-05,0.019504783948262532,6.421779834478225e-07,5.732082311256914e-05,0.019131625721976363,4824,0.0,1.26611401678919e-06,2.464088538157061e-05,0.04270901609915344,1.2661124137465163e-06,2.4640278223237812e-05,0.0409596689390208
240,4.0,True,valid,9.57644315174115,1.043482630422026,1.1946663244037126,4623.92132268382,1496.8975540687247,4285.946677579552,4442.084531539482,58.13507001691201,1709.5431539177803,0.00109383419595997,1585.0,55497.77363919797,9.892141302668174e-05,6373,67925,62.76309585571289,0,7.450580596923828e-09,3240,0.0,0.0013951691389083862,0.0039535540342330935,0.038458927154541016,0.0013932253538910925,0.003937984996915178,0.037034615572058775,3240,0.0,6.375822704285383e-07,5.9047431374589606e-05,0.01950477917989095,6.375818639176459e-07,5.9043944978218055e-05,0.01913162113431284,4824,0.0,1.4625791653895512e-06,2.5058798251810318e-05,0.061068182088619395,1.4625770262548649e-06,2.5058170324169007e-05,0.057553494789007856
241,4.016666666666667,True,valid,9.602729466236397,1.0409405340071776,1.1999511585997136,4696.218498193301,1705.4878177250926,4310.691404742076,4476.363253209985,59.46619827753237,1927.089013739333,0.0009789027091928833,1585.0,57310.4947249083,5.255024667758945e-05,6233,66727,63.348480224609375,0,5.587935447692871e-09,3240,0.0,0.0013952252864837646,0.003933436989784241,0.038386524200439455,0.0013932813451198673,0.003918025682471131,0.036967471462514584,3240,0.0,6.338666814068953e-07,6.031861218313376e-05,0.019504772822062175,6.338662796201802e-07,6.0314974064652226e-05,0.019131615017428088,4824,0.0,1.5780582184819457e-06,2.5815199558501057e-05,0.066632599417041,1.5780557282181344e-06,2.581453315107146e-05,0.062470057125066765
242,4.033333333333333,True,valid,9.627672740344693,1.0380435635558756,1.204403154205118,4707.2539404436675,1585.4743457623367,4367.518505803917,4539.947544453596,52.731055273870304,1820.1376774315277,0.0009730939928998624,1585.0,56343.29947475555,3.3421830265164526e-05,6091,65093,63.9365348815918,0,3.725290298461914e-09,3240,0.0,0.0013956024646759034,0.003928301334381103,0.03949797058105469,0.0013936574728718493,0.003912930165382314,0.03799715987802868,3240,0.0,6.303523453728606e-07,6.106353054443996e-05,0.019504766464233398,6.303519480290317e-07,6.105980201731972e-05,0.019131608900543252,4824,0.0,9.287618759235832e-07,2.6181903534131755e-05,0.06681367488680834,9.287610133257622e-07,2.618121805998109e-05,0.06262918863867904
243,4.05,True,valid,9.653660641197689,1.0356459272920238,1.2009699417909554,4966.300301258171,2124.1033830614783,4478.535406221206,4652.999199219905,54.84727549765972,2318.77952890386,0.001323183793440078,1585.0,54944.24641745681,8.135917720628978e-05,6012,64650,64.5273666381836,0,3.725290298461914e-09,3240,0.0,0.0013954837322235107,0.00392930781841278,0.03939522552490234,0.0013935390711195456,0.003913928787215651,0.03790206512157823,3240,0.0,6.27364885682861e-07,6.192762094239394e-05,0.019504768053690592,6.273644920964082e-07,6.192378614941916e-05,0.019131610429764467,4824,0.0,6.943683822168391e-07,2.6348202118686722e-05,0.06434355542706961,6.943679000697237e-07,2.6347507908325163e-05,0.06045374644209844
244,4.066666666666666,True,valid,9.677099268703273,1.035665540551216,1.1980981967909992,4873.040497388825,1615.7725062245759,4510.49999159439,4694.88922106702,50.4301523549191,1851.70371417184,0.0015040050642846717,1585.0,53985.937797849285,4.7159560205419746e-05,5985,64696,65.1212387084961,0,7.450580596923828e-09,3240,0.0,0.0013957232236862182,0.0039264589548110955,0.039382293701171876,0.001393777895508796,0.003911102172569085,0.03789009485714263,3240,0.0,6.232355372048914e-07,6.340173073112964e-05,0.019504766464233398,6.232351487825987e-07,6.339771120651105e-05,0.019131608900543252,4824,0.0,5.56683750569192e-07,2.6040352201731177e-05,0.07637233640792518,5.566834406725663e-07,2.603967411944472e-05,0.07095345525396472
245,4.083333333333333,True,valid,9.700450165795925,1.0375778431067542,1.2010958909165623,4917.010037429316,1689.1188373475125,4581.51983736196,4781.006473491702,55.3017431741931,1927.3704483444033,0.0009755398399754555,1585.0,53833.743922316164,1.6740124270108024e-05,6087,65391,65.7181625366211,0,7.450580596923828e-09,3240,0.0,0.0013953622579574586,0.003914633989334107,0.03927638244628906,0.0013934179351611736,0.0038993693854007046,0.037792047533918544,3240,0.0,6.194582480626801e-07,6.590891319016616e-05,0.019504768053690592,6.194578643343967e-07,6.590456948762605e-05,0.019131610429764467,4824,0.0,6.369028021010166e-07,2.5801185735497802e-05,0.06859487970100264,6.369023964560957e-07,2.5800520051430227e-05,0.0641916604730464
246,4.1,True,valid,9.726945447347614,1.0347903565870678,1.204447733156016,5630.763977626316,3019.7899174187082,4646.4607247203085,4848.5784887680165,63.759612318627504,3146.320500227153,0.0008629091489155297,1585.0,82099.97429990255,4.282269690360042e-05,6060,65414,66.3181381225586,0,7.450580596923828e-09,3240,0.0,0.001395134449005127,0.003920387268066407,0.03909613418579101,0.001393190760581005,0.003905077849485109,0.03762513678912466,3240,0.0,6.1601089934508e-07,6.651516382892927e-05,0.019504799842834472,6.160105198758856e-07,6.651073985590435e-05,0.019131641014187777,4824,0.0,6.56360947898529e-07,2.5983037956446395e-05,0.07116613123277046,6.563605170891179e-07,2.5982362855653456e-05,0.06643799608457342
247,4.116666666666666,True,valid,9.7518516733824,1.033652479464318,1.2073415584140075,7147.8018001263545,5304.623552009273,4701.05502383176,4895.462888513427,61.88530826537561,5380.1566248452555,0.0012291871449404406,1585.0,170862.88573087403,6.958249063177858e-05,6192,66116,66.9211654663086,0,3.725290298461914e-09,3240,0.0,0.0013951953649520873,0.003914906382560731,0.039047328948974606,0.0013932515069074375,0.003899639658363648,0.0375799329453761,3240,0.0,6.127956051689883e-07,6.717870322366556e-05,0.019504766464233398,6.127952296507647e-07,6.717419054861935e-05,0.019131608900543252,4824,0.0,5.128979702683561e-07,2.5429297482202703e-05,0.06199721510053111,5.12897707204163e-07,2.542865084940325e-05,0.058377945082146304
248,4.133333333333334,True,valid,9.770799581805367,1.0326440651281616,1.2087292962364131,5177.8659358146015,1946.3311667684718,4766.872179574665,4935.273767705484,65.08464861060246,2217.4802420501537,0.0009504451963748267,1585.0,51250.88911337789,2.6724384677867543e-05,6241,66370,67.5272445678711,0,3.725290298461914e-09,3240,0.0,0.0013950563669204712,0.003918779253959656,0.039284931182861325,0.0013931128959051996,0.00390348236821282,0.03779996226650685,3240,0.0,6.096392462495714e-07,6.875092474122842e-05,0.019504769643147787,6.096388745897874e-07,6.874619836643334e-05,0.01913161195898568,4824,0.0,2.40567543411679e-07,2.504947952851318e-05,0.06456306429370344,2.4056748553895e-07,2.5048852067721177e-05,0.060647477316469314
249,4.15,True,valid,9.788381988728942,1.0335272271843883,1.2142709609260423,5317.604811759779,1996.7420126661723,4899.505688266853,5017.316860558355,62.93777686595808,2264.3212171017894,0.0009403237935111243,1585.0,56968.99496581695,0.00011089303237478812,6587,69282,68.1363754272461,0,7.450580596923828e-09,3240,0.0,0.001395005464553833,0.003927506446838379,0.039261268615722655,0.0013930621352626787,0.003912141485350039,0.03777805427889943,3240,0.0,6.066471299466988e-07,7.143345351020495e-05,0.019504791895548504,6.066467619261818e-07,7.142835113559946e-05,0.019131633368082133,4824,0.0,1.2821206936120108e-07,2.4168653959948896e-05,0.08282704080674722,1.2821205292286846e-07,2.4168069850229926e-05,0.07649147803423705
250,4.166666666666667,True,valid,9.813654229210833,1.0334983400967503,1.2139839321809318,5708.277498422053,2591.516850990353,5080.118724886897,5119.90811166725,63.782397012514345,2853.6825392198007,0.0010932870754933172,1585.0,78904.07573036614,4.072696900740958e-05,6971,71460,68.7485580444336,0,7.450580596923828e-09,3240,0.0,0.0013950285911560059,0.0039051084518432616,0.03914659881591797,0.0013930851974756112,0.0038899179005709382,0.03767187311253731,3240,0.0,6.040318597418567e-07,7.459213646749654e-05,0.019504766464233398,6.040314948875895e-07,7.458657288638614e-05,0.019131608900543252,4824,0.0,1.9890379962033268e-07,2.403621254180512e-05,0.13452799103253313,1.9890376005761904e-07,2.4035634816043817e-05,0.11857617625643532
251,4.183333333333334,True,valid,9.850596808837926,1.0331752294154846,1.2185098599139859,5519.525066910204,1879.0600962315916,5241.688244456387,5237.298999449669,66.99206676359036,2277.23794710419,0.0005459649141456909,1585.0,50197.3237396681,1.2665013055106609e-05,7398,74469,69.3637924194336,0,7.450580596923828e-09,3240,0.0,0.0013950895071029664,0.0039008129835128784,0.03905524444580078,0.0013931459438148873,0.0038856557634214055,0.037587264637340446,3240,0.0,6.016570356829712e-07,7.54540879279375e-05,0.019504766464233398,6.016566736920004e-07,7.544839503501052e-05,0.019131608900543252,4824,0.0,2.5896956534215965e-07,2.3594083421720803e-05,0.1308397623961535,2.5896949827694126e-07,2.3593526754080373e-05,0.11570141654633292
252,4.2,True,valid,9.895470790453215,1.0318195337717169,1.219135579385144,5838.533033386702,2275.678079985988,5228.846813481038,5256.991656170349,68.10594016413442,2537.483009777563,0.0003841056166713608,1585.0,80426.33984320011,8.98784818290203e-06,7705,76535,69.9820785522461,0,7.450580596923828e-09,3240,0.0,0.001395135521888733,0.003896103024482727,0.03909293746948242,0.001393191830477229,0.003880982313309719,0.03762217609205005,3240,0.0,5.991329574802269e-07,7.639264067014058e-05,0.019504766464233398,5.991325985201413e-07,7.63868052513134e-05,0.019131608900543252,4824,0.0,3.4852225157239984e-07,2.3484297729126015e-05,0.08259989292622616,3.4852213010468236e-07,2.3483746229832564e-05,0.07629771023065761
253,4.216666666666667,True,valid,9.942198862964126,1.031292149866987,1.2215211160621258,5615.11323412976,2033.1950704639569,5158.74049357934,5265.299758373969,63.72697158316504,2311.136987905934,0.0007742782276921011,1585.0,47848.906796654206,1.4590108885283439e-05,8134,80001,70.6034164428711,0,7.450580596923828e-09,3240,0.0,0.0013951672315597535,0.00389610493183136,0.03903388214111328,0.001393223451853487,0.0038809842099486675,0.03756747764632762,3240,0.0,5.96646035167699e-07,7.73894569526116e-05,0.019504766464233398,5.966456791814201e-07,7.738346828550782e-05,0.019131608900543252,4824,0.0,4.189947978050208e-07,2.300551735643159e-05,0.078536487402787,4.189946222484538e-07,2.3004988114725268e-05,0.07281764531852783
254,4.233333333333333,True,valid,9.986740353120812,1.0335274251458424,1.2254001343500074,5347.409350143425,1827.1686812198145,5027.144283908441,5201.620633602493,50.85015386902008,2071.114677587802,0.0008564660007957321,1585.0,46434.322179589624,4.0387219936164236e-05,8794,84776,71.2278060913086,0,7.450580596923828e-09,3240,0.0,0.0013952411413192748,0.003899348497390747,0.0388762321472168,0.0013932971558054121,0.003884202637592685,0.03742142802407259,3240,0.0,5.942140220819662e-07,7.954554011424381e-05,0.019504768053690592,5.942136689918721e-07,7.953921312405901e-05,0.019131610429764467,4824,0.0,6.925121991870366e-07,2.2328682082236802e-05,0.08505249911633413,6.925117196142226e-07,2.232818352332354e-05,0.0783856073190936
255,4.25,True,valid,10.027311485166255,1.0351890005467042,1.2251493392762456,5196.327389639269,1504.5701376136356,4997.836727712253,5186.041552746093,46.14615398278318,1836.5299019945899,0.00043971703339976495,1585.0,43622.59387155606,4.344970365861601e-05,9193,88146,71.8552474975586,0,7.450580596923828e-09,3240,0.0,0.0013952981233596802,0.0039127573966979984,0.038300399780273435,0.0013933539791673724,0.003897507395381191,0.03688759032393575,3240,0.0,5.91896193024392e-07,8.139669274290402e-05,0.019504791895548504,5.91895842683496e-07,8.139006784660261e-05,0.019131633368082133,4824,0.0,7.904734389874313e-07,2.2098281748306534e-05,0.09397432409314034,7.904728141396675e-07,2.2097793424944305e-05,0.08590176389289683
256,4.266666666666667,True,valid,10.066308935518745,1.0351797289138276,1.223894095511457,5361.423050037508,2131.1559885983133,4938.394461403631,5131.150887429127,46.24785091967619,2413.2825175846706,0.0005113420998494758,1585.0,53402.53732569317,8.454776606403772e-06,9224,88690,72.4857406616211,0,7.450580596923828e-09,3240,0.0,0.001395337462425232,0.003915500164031983,0.03793801498413086,0.0013933932086812701,0.003900228817453278,0.03655133007601701,3240,0.0,5.89352809280778e-07,8.30078994234403e-05,0.019504766464233398,5.89352461944249e-07,8.300100965119678e-05,0.019131608900543252,4824,0.0,8.014031067451951e-07,2.2068007307502957e-05,0.09806027903359335,8.014024644987703e-07,2.2067520321128903e-05,0.08930318390161289
257,4.283333333333333,True,valid,10.103537485557995,1.0340711378052347,1.2219772987734365,5310.329038572812,1953.7385018835935,4905.987808385601,5096.14935957576,61.91835210536638,2218.846773515708,0.000949823820705335,1585.0,43607.54201466832,9.563768492969495e-06,9260,88987,73.1192855834961,0,7.450580596923828e-09,3240,0.0,0.0013953862190246582,0.003911519289016724,0.03794515991210937,0.0013934418294987633,0.0038962789183655503,0.03655796219072159,3240,0.0,5.866689025424421e-07,8.618085955580075e-05,0.019504766464233398,5.866685583622428e-07,8.617343304891239e-05,0.019131608900543252,4824,0.0,6.237245073278159e-07,2.2162793523615085e-05,0.09848933490390475,6.237241182957974e-07,2.2162302344993438e-05,0.08965889041837675
258,4.3,True,valid,10.145294907301045,1.031502235387627,1.2169512903660564,5561.419189221443,2642.554278674403,4896.512691698163,5082.017822340944,74.28173850832447,2834.290367385263,0.0006858489512043173,1585.0,45242.312580235026,5.3324439602282486e-05,9132,88111,73.7558822631836,0,7.450580596923828e-09,3240,0.0,0.0013954204320907593,0.003912588357925415,0.03789205551147461,0.0013934759472822946,0.003897339671366945,0.036508667072127604,3240,0.0,5.838011081020038e-07,8.804143716891606e-05,0.019504766464233398,5.838007672784689e-07,8.803368655662254e-05,0.019131608900543252,4824,0.0,5.938356177228462e-07,2.2446244108910042e-05,0.09884071644625088,5.938352650823147e-07,2.244574028621329e-05,0.08994999454143872
259,4.316666666666666,True,valid,10.209185374690701,1.0282231308534269,1.2117517507177353,5432.027624512738,2287.6788381855936,4890.024192042198,5089.753369236462,93.88320542373485,2477.14798222896,0.000980032965852891,1585.0,52635.013131511245,1.4149457967001498e-05,8937,86897,74.3955307006836,0,7.450580596923828e-09,3240,0.0,0.0013950377702713012,0.003904479146003723,0.037895137786865235,0.001393094351034057,0.0038892934806654617,0.036511528387800495,3240,0.0,5.799386902557065e-07,8.942629831532637e-05,0.019504766464233398,5.799383539270172e-07,8.941830196527665e-05,0.019131608900543252,4824,0.0,9.808087069384011e-07,2.3286563337639032e-05,0.09776049343473318,9.80807744953625e-07,2.328602108622614e-05,0.08905448321323242
260,4.333333333333333,True,valid,10.279319859008853,1.0251053485721144,1.2077894771485944,5779.660121407883,3024.077134390054,4955.9139453368625,5103.052240583625,97.66671144461176,3140.051069327711,0.000707957593345366,1585.0,62599.89613972344,1.3342909921985102e-05,8538,83822,75.0382308959961,0,3.725290298461914e-09,3240,0.0,0.0013948595523834229,0.003890867233276367,0.03789829635620117,0.001392916629317346,0.0038757870593391823,0.0365144605104879,3240,0.0,5.741845719361056e-07,9.013777288297811e-05,0.019504766464233398,5.741842422483724e-07,9.012964879574227e-05,0.019131608900543252,4824,0.0,1.245839241194488e-06,2.3899240626133225e-05,0.09485575885831149,1.2458376890810069e-06,2.3898669466007455e-05,0.08663767632480167
261,4.35,True,valid,10.354233017645246,1.0274054565254238,1.2083438731903076,5491.611102156343,2416.8128233846637,4897.85488870624,5117.126746637848,89.26079083529208,2575.9215198501956,0.0011207258142503132,1585.0,56366.43595366423,1.9190657362761245e-05,8153,81327,75.6839828491211,0,3.725290298461914e-09,3240,0.0,0.0013936384916305542,0.0038801196813583374,0.037903247833251955,0.0013916989663822414,0.003865122543214917,0.0365190569664172,3240,0.0,5.662221519742161e-07,8.826632363100848e-05,0.019504766464233398,5.662218313668722e-07,8.825853337103447e-05,0.019131608900543252,4824,0.0,1.1767756771766475e-06,2.314677819397089e-05,0.09156997385285344,1.1767742923772827e-06,2.3146242433025262e-05,0.08388832236713513
262,4.366666666666666,True,valid,10.426932350361884,1.0282351827177785,1.206813785346597,5281.37124764957,1628.656070566372,4958.824689876251,5165.248117758653,84.08433028572809,1940.1362838023178,0.0008512603980603777,1585.0,50666.40198078413,0.00010617051127153846,8098,81144,76.3327865600586,0,3.725290298461914e-09,3240,0.0,0.0013908982276916505,0.003882523655891418,0.03790792846679687,0.0013889663169031467,0.0038675079643869154,0.036523401958008614,3240,0.0,5.561721627600491e-07,8.729554402331512e-05,0.019504793485005698,5.561718534327465e-07,8.728792412597422e-05,0.01913163489730327,4824,0.0,1.1975286205577824e-06,2.3028376330522707e-05,0.09504674431547301,1.1975271864847029e-06,2.3027846036593744e-05,0.08679697447517447
263,4.383333333333334,True,valid,10.496000515334627,1.0279825462189494,1.2034554818423873,5331.228077058205,1737.3450777286444,5008.337547089674,5188.996932873759,86.06084907287791,2033.8718985057217,0.0008383225952937677,1585.0,55665.554228539266,1.4982404392501137e-05,8025,80347,76.9846420288086,0,3.725290298461914e-09,3240,0.0,0.0013819210529327393,0.0038899357318878175,0.037910408020019534,0.0013800139825569024,0.003874862764709812,0.03652570368991647,3240,0.0,5.446400124734888e-07,8.52361787110567e-05,0.019504766464233398,5.446397158409072e-07,8.522891410809468e-05,0.019131608900543252,4824,0.0,1.2904664159226486e-06,2.3397743094726004e-05,0.09652316004378925,1.290464750621227e-06,2.339719565315287e-05,0.08802655845402721
264,4.4,True,valid,10.562760945170991,1.0286454969960295,1.20617338911652,5751.990120193344,2353.4480691923686,5206.0513465077665,5409.3311679133485,82.00596072228727,2548.719702479795,0.0006332001826950144,1585.0,62417.98208457725,4.020049376910648e-05,7826,79050,77.6395492553711,0,7.450580596923828e-09,3240,0.0,0.0013774077892303466,0.0038759994506835935,0.03791083908081055,0.0013755131467078825,0.0038610340846699552,0.0365261038360337,3240,0.0,5.342758959159256e-07,8.310856608053049e-05,0.019504768053690592,5.34275610465345e-07,8.310165962075526e-05,0.019131610429764467,4824,0.0,1.415073660292918e-06,2.324011971328155e-05,0.10382609523850396,1.4150716578622876e-06,2.323957962265448e-05,0.09406019271185126
265,4.416666666666667,True,valid,10.62831916215327,1.0277420546616367,1.2065473746944344,5819.127841071686,2241.5625327055623,5388.696632539859,5638.100107657638,93.24171006811783,2485.2038319782837,0.000890318797692981,1585.0,72049.98284577593,1.8161540043500243e-05,7495,77091,78.2975082397461,0,7.450580596923828e-09,3240,0.0,0.0013748372793197631,0.003859679341316223,0.03790929412841797,0.0013729496968938426,0.003844839493731184,0.03652466968248146,3240,0.0,5.256946800121417e-07,8.2622937237223e-05,0.019504772822062175,5.256944036573903e-07,8.261611125090355e-05,0.019131615017428088,4824,0.0,7.41349212356645e-07,2.3725160976493824e-05,0.12743139406529755,7.413486627583977e-07,2.372459810655224e-05,0.11302806958905483
266,4.433333333333334,True,valid,10.691312268664,1.0250663618550326,1.2058063959750405,6120.997112640636,2157.8182040502975,5757.604177070575,5964.412710585405,97.85801485511608,2340.8827413942086,0.001294848533753389,1585.0,76755.47595902752,3.360124617623006e-05,7213,75043,78.9585189819336,0,7.450580596923828e-09,3240,0.0,0.0013759857416152954,0.0038704148530960083,0.03790488433837891,0.0013740950064787558,0.003855492497018072,0.036520576124412105,3240,0.0,5.185973714105785e-07,8.162055164575576e-05,0.019504764874776204,5.185971024674842e-07,8.16138902396661e-05,0.019131607371322034,4824,0.0,7.419854098117656e-07,2.411549014601813e-05,0.08029604732766114,7.419848592698258e-07,2.4114908603155713e-05,0.07432781738514203
267,4.45,True,valid,10.750082366099006,1.0240882848181427,1.2084616416809435,6263.449726567099,2076.0856635070872,5920.902573190413,6117.834173875291,86.950905832619,2296.1787173465286,0.0014269884760196062,1585.0,78836.19335322305,2.4983381586703534e-05,7004,72953,79.6225814819336,0,3.725290298461914e-09,3240,0.0,0.001377633810043335,0.003871510863304138,0.03789764022827148,0.0013757385461084363,0.0038565800694515167,0.036513851423668725,3240,0.0,5.093798487602422e-07,8.250085326532523e-05,0.019504791895548504,5.093795892925441e-07,8.249404743449837e-05,0.019131633368082133,4824,0.0,8.478002782417703e-07,2.4677244253167477e-05,0.11359054226916752,8.47799559477068e-07,2.4676635301727277e-05,0.10200386763136805
268,4.466666666666667,True,valid,10.810127823774309,1.024344555580378,1.2143338227954408,6817.3485061457,2712.1669952770662,6226.724649337053,6428.119985384627,107.89513740351403,2865.484178101718,0.0011523546490928098,1585.0,86760.20555825182,3.816174831171039e-05,7172,73915,80.2896957397461,0,3.725290298461914e-09,3240,0.0,0.0013786295652389526,0.003872644305229187,0.03789110565185547,0.0013767315624036254,0.0038577047867501555,0.036507785301867164,3240,0.0,4.989920610872408e-07,8.554322645068168e-05,0.019504777590433755,4.989918120942881e-07,8.553590942799136e-05,0.01913161960509166,4824,0.0,9.050589244624718e-07,2.472803077984686e-05,0.14553225533039302,9.050581053315564e-07,2.472741931941378e-05,0.12704335006998016
269,4.483333333333333,True,valid,10.867065392301567,1.0223541202531479,1.2164280541912789,7090.203340244618,2516.031240158307,6616.458083436956,6815.6726127257525,96.02405454123868,2686.353794524257,0.0009238927362109975,1585.0,97720.77493073483,0.00012158561160086598,7180,74339,80.9598617553711,0,1.862645149230957e-09,3240,0.0,0.0013828431367874146,0.003858074903488159,0.03788677978515625,0.001380933522343682,0.0038432473659388276,0.03650376950846108,3240,0.0,4.881294444203377e-07,8.996089299519857e-05,0.01950476328531901,4.881292061500994e-07,8.995280075930042e-05,0.01913160584210081,4824,0.0,1.067871197672771e-06,2.474107197736308e-05,0.15626127485871655,1.0678700573250939e-06,2.4740459871801274e-05,0.13514356854838896
270,4.5,True,valid,10.91884971387034,1.0198414953901163,1.21635329130967,7366.580488826776,2292.877744661979,6970.840817695354,7169.999910814303,86.32470546853594,2490.3802262694458,0.0010687967629721495,1585.0,105861.7202283546,6.227895678087931e-05,7038,73609,81.6330795288086,0,3.725290298461914e-09,3240,0.0,0.0013836537599563599,0.003846863031387329,0.03788445281982422,0.0013817419075706605,0.003832121385294124,0.03650160932355822,3240,0.0,4.771808744408191e-07,9.369357178608576e-05,0.019504772822062175,4.771806467393408e-07,9.368479411538713e-05,0.019131615017428088,4824,0.0,1.1808558841270455e-06,2.4891441206879302e-05,0.15177419720706903,1.180854489708073e-06,2.489082163743389e-05,0.1317742640659128
271,4.516666666666667,True,valid,10.971809703308054,1.0167948515852998,1.2221147682137379,7169.133595750228,1916.0689769573708,6894.680350557073,7089.966770010468,88.14760141425653,2158.8313633520415,0.0012435421906659644,1585.0,100627.71816453367,4.0257973368870854e-05,7297,75113,82.3093490600586,0,3.259629011154175e-09,3240,0.0,0.0013831130266189575,0.0038441027402877806,0.037881664276123043,0.0013812026672175282,0.0038293822014060378,0.036499020630202425,3240,0.0,4.660960985347629e-07,9.70793298135201e-05,0.019504804611206055,4.6609588128929104e-07,9.706990631757831e-05,0.01913164560185111,4824,0.0,1.174228463345e-06,2.470889356371668e-05,0.14490707064111855,1.1742270845341349e-06,2.4708283049218156e-05,0.12656666585173093
272,4.533333333333333,True,valid,11.033511304388176,1.0137239291697544,1.2323450022072817,7244.693216278986,1890.3323582871242,6979.910144301894,7178.685655927347,99.77863506000101,2143.20276820567,0.0010063560851893132,1585.0,95848.34320294953,1.794762776670219e-05,7376,76288,82.9886703491211,0,3.14321368932724e-09,3240,0.0,0.0013865007162094116,0.0038599497079849243,0.03787750625610352,0.001384580993670038,0.003845107785073275,0.03649516058281061,3240,0.0,4.5477238018065693e-07,9.698732445637385e-05,0.019504764874776204,4.547721733628332e-07,9.697791882624725e-05,0.019131607371322034,4824,0.0,1.207587498876734e-06,2.4523091026902208e-05,0.14288803753008672,1.2075860406109274e-06,2.452248965965196e-05,0.12502365309456234
273,4.55,True,valid,11.088814885321474,1.0107920004666375,1.23028097033662,7520.294343778586,2109.6789450994506,7221.241825097728,7424.248889117662,76.38581276517593,2338.998512607075,0.0008659716533355254,1585.0,98364.26289075197,2.644484297822722e-05,7389,76211,83.6710433959961,0,2.3283064365386963e-09,3240,0.0,0.0013896737098693848,0.0038561904430389404,0.037872825622558594,0.0013877451968533202,0.003841377360365038,0.03649081533649454,3240,0.0,4.43469713597248e-07,9.819735152026017e-05,0.019504764874776204,4.4346951693194835e-07,9.818770973427198e-05,0.019131607371322034,4824,0.0,1.339603259358478e-06,2.4441252110617744e-05,0.16168371608615215,1.3396014648239895e-06,2.444065475041321e-05,0.13918049624633066
274,4.566666666666666,True,valid,11.146400496839322,1.0077709520216678,1.2254113924840588,7654.065787078782,2261.290355071221,7324.520851840738,7540.783661621141,88.77329036397315,2469.8695752437407,0.001231759451905997,1585.0,94753.07786087457,6.553640350207307e-05,7407,76164,84.3564682006836,0,2.7939677238464355e-09,3240,0.0,0.0013964128494262694,0.0038416671752929685,0.0378662338256836,0.0013944655997447028,0.0038269652483080905,0.036484695803335555,3240,0.0,4.32255231620123e-07,0.00010128675649563471,0.019504768053690592,4.322550447756185e-07,0.00010127649852680192,0.019131610429764467,4824,0.0,1.247368591735434e-06,2.458205768152901e-05,0.30888179788747283,1.2473670358089712e-06,2.458145341881418e-05,0.23598906974335354
275,4.583333333333333,True,valid,11.20401880938277,1.006054628360915,1.2220616410039618,7755.777791129337,2307.519293857372,7400.561091620334,7612.458955332425,97.74709403323106,2525.959988425767,0.001232381763945798,1585.0,88168.76818206701,2.228153686105912e-05,7197,74707,85.0449447631836,0,3.725290298461914e-09,3240,0.0,0.001398463249206543,0.0038493858575820925,0.03786103057861328,0.001396510280901563,0.0038346249066382562,0.036479865283606944,3240,0.0,4.2155520835270484e-07,9.986717874805132e-05,0.019504766464233398,4.2155503064398607e-07,9.985720629056233e-05,0.019131608900543252,4824,0.0,1.1402639220666519e-06,2.4745438991300777e-05,0.24231044879302555,1.1402626218663224e-06,2.474482666955307e-05,0.19504822568983762
276,4.6,True,valid,11.252333436407177,1.0034318753057454,1.2225991532948208,7595.022503327912,2094.35720916258,7449.541945149539,7666.660356745195,90.83531055329847,2347.631247973632,0.0014165751980056052,1585.0,88309.25466998824,0.00020320055970181049,7053,73502,85.7364730834961,0,7.450580596923828e-09,3240,0.0,0.0014003407955169678,0.003858604907989502,0.03785569763183594,0.0013983825833377794,0.003843773305352794,0.036474914304767535,3240,0.0,4.1190258343704044e-07,9.912358907361826e-05,0.019504804611206055,4.119024137733721e-07,9.911376455191978e-05,0.01913164560185111,4824,0.0,1.1241767214268001e-06,2.5665258370113884e-05,0.14904453871080756,1.1241754576549197e-06,2.5664599681471527e-05,0.12971171585570646
277,4.616666666666666,True,valid,11.29358200414385,1.0031818401529824,1.221482569775045,7955.886146933994,2495.7958111968255,7475.689674463305,7696.910774436593,85.30164906407312,2676.735701414454,0.0014079602029251161,1585.0,88361.16485504572,4.422620367029753e-05,6947,72272,86.4310531616211,0,3.725290298461914e-09,3240,0.0,0.0014000900983810426,0.0038507933616638186,0.03785076522827149,0.001398132586790054,0.003836021634942184,0.036470335135269996,3240,0.0,4.032491900337239e-07,9.855181910097598e-05,0.019504768053690592,4.032490274238802e-07,9.854210759507293e-05,0.019131610429764467,4824,0.0,1.126490942808154e-06,2.5067757404165362e-05,0.1609014742784956,1.1264896738277393e-06,2.5067129027426637e-05,0.13860045649308564
278,4.633333333333334,True,valid,11.32628067548569,1.0016524506727724,1.2230355613725352,7751.37147723104,2527.9979879890407,7287.041994374201,7525.134692214796,92.17840168016633,2695.4911933537896,0.0012675382041217875,1585.0,87255.45001452323,0.00022355072950111459,6987,72526,87.1286849975586,0,3.725290298461914e-09,3240,0.0,0.0014004592895507813,0.003876749277114868,0.03784667205810547,0.0013985007461893369,0.0038617781315338313,0.03646653506442671,3240,0.0,3.9511112845502796e-07,9.767700918018818e-05,0.019504764874776204,3.9511097234228583e-07,9.766746930951498e-05,0.019131607371322034,4824,0.0,1.1629486244940696e-06,2.4491828829496256e-05,0.16763920712347835,1.1629472720461392e-06,2.4491228994458405e-05,0.1435710672447045
279,4.65,True,valid,11.357595386367155,1.002257667471622,1.2202921710740255,7785.916892669517,2388.0084141967454,7462.454174841461,7705.825804286135,86.07521121320825,2583.0904583571537,0.0012866974539661787,1585.0,85994.00099824212,0.00014274134153717711,7065,72672,87.8293685913086,0,3.725290298461914e-09,3240,0.0,0.0014039777517318725,0.0038749542236328127,0.037844593048095704,0.0014020093617802133,0.0038599969120704553,0.0364646049144488,3240,0.0,3.8700287404935805e-07,9.828784503042697e-05,0.019504768053690592,3.870027242781915e-07,9.827818547925924e-05,0.019131610429764467,4824,0.0,1.1716631571991716e-06,2.4342144118902845e-05,0.16848078670451538,1.1716617844062262e-06,2.4341551593191867e-05,0.1441878964734066
280,4.666666666666667,True,valid,11.387063395840483,1.0010996399890588,1.220087964355504,7916.206874387461,1974.0239619064046,7717.13168744441,7962.94905597272,85.00823388553971,2277.051324079878,0.0009209956617346313,1585.0,88187.2029206515,8.259283883728032e-05,7131,73614,88.5331039428711,0,3.725290298461914e-09,3240,0.0,0.001395841360092163,0.003869967460632324,0.037842926025390626,0.0013938957028185144,0.0038550485478557684,0.03646305724732069,3240,0.0,3.787818665538604e-07,0.00010035910954078038,0.019504766464233398,3.7878172307821233e-07,0.00010034903860056244,0.019131608900543252,4824,0.0,7.042658605405066e-07,2.4412527133268438e-05,0.16186517970213632,7.042653645504536e-07,2.441193117633442e-05,0.13931494163861005
281,4.683333333333334,True,valid,11.42034734240779,0.9984677090749147,1.2152390292511956,8150.990410150292,1646.5822830195088,7884.416611414753,8115.209336040342,77.86997556134244,1964.5702526207924,0.0006662734019793476,1585.0,91285.00124200096,5.205097160521671e-05,7398,75417,89.2398910522461,0,7.450580596923828e-09,3240,0.0,0.0013957685232162476,0.003865452766418457,0.03784158706665039,0.0013938230688498145,0.003850568573922136,0.0364618141518164,3240,0.0,3.706975015423571e-07,0.00010224081886311372,0.019504766464233398,3.706973641257704e-07,0.00010223036674620638,0.019131608900543252,4824,0.0,4.1279636447689346e-07,2.4397467191807116e-05,0.15440117787004143,4.127961940761253e-07,2.4396871969915447e-05,0.13375001761079577
282,4.7,True,valid,11.456048080126152,0.9953849520680254,1.212805100508543,8194.133305917743,1476.3989507689473,8036.357957926987,8222.248078527751,83.85252660600308,1839.2029301740263,0.0006848246531267391,1585.0,93761.28010557852,1.1145261370105317e-05,7399,75342,89.9497299194336,0,3.725290298461914e-09,3240,0.0,0.0013957116603851318,0.0038551071882247925,0.03783900451660156,0.0013937663644184603,0.0038403024107918947,0.036459416491314074,3240,0.0,3.628346894402057e-07,0.00010286737233400345,0.019504807790120444,3.6283455779124163e-07,0.000102856791676195,0.019131648660293307,4824,0.0,2.2791843423409235e-07,2.4722737837321966e-05,0.15395127392237629,2.2791838228729155e-07,2.4722126638638816e-05,0.13341228299794938
283,4.716666666666667,True,valid,11.484751355421539,0.9933779763751243,1.2109858840870944,8523.439986981786,3073.8418632728853,7991.297831777835,8205.772088099697,87.62007024723485,3289.0405876295144,0.0007505242857955633,1585.0,95677.31172591746,3.747988412290295e-05,7401,75104,90.6626205444336,0,3.725290298461914e-09,3240,0.0,0.0014008044004440309,0.003864607334136963,0.03783502197265625,0.0013988448923632696,0.0038497296391270634,0.03645571904168511,3240,0.0,3.552528020615379e-07,0.00010470105955998104,0.019504769643147787,3.552526758570294e-07,0.00010469009839395163,0.01913161195898568,4824,0.0,6.336637290881524e-07,2.426773295418166e-05,0.1542810758758826,6.336633275586853e-07,2.4267144045607727e-05,0.1336598850144123
284,4.733333333333333,True,valid,11.507214464024578,0.9908117254861039,1.2061164048130035,8270.578868239778,2141.9193811436103,7975.456652822273,8203.626496627016,80.04704195645067,2380.814820271819,0.0009130843022027433,1585.0,97090.96058858915,2.0636040022918628e-05,7407,75015,91.3785629272461,0,7.450580596923828e-09,3240,0.0,0.0013970991373062134,0.0038557122945785524,0.03782926559448242,0.001395149974480454,0.0038409028778170345,0.03645037468934094,3240,0.0,3.480164741631597e-07,0.00010563969612121583,0.019504768053690592,3.4801635304773557e-07,0.00010562853754921724,0.019131610429764467,4824,0.0,7.881663520162782e-07,2.4168796009291207e-05,0.15896346870652384,7.881657308105695e-07,2.4168211892679916e-05,0.13716003394303453
285,4.75,True,valid,11.530684016813245,0.988747730411583,1.2056423555233406,8278.56301688516,1776.6985106037164,8094.359053620473,8313.943286675196,64.98573250971374,2114.8060854686064,0.0006831268811953099,1585.0,97977.00616318602,1.3389754184219667e-05,7277,74065,92.0975570678711,0,7.450580596923828e-09,3240,0.0,0.0014007089138031005,0.003845126986503601,0.037824153900146484,0.0013987496726684148,0.003830398617399676,0.03644562882642805,3240,0.0,3.4119972648719945e-07,0.00010700233280658722,0.019504766464233398,3.411996100699858e-07,0.00010699088453233925,0.019131608900543252,4824,0.0,5.280438136743759e-07,2.4440401480409027e-05,0.17027969536740603,5.280435348442541e-07,2.4439804161650445e-05,0.1455034177226729
286,4.766666666666667,True,valid,11.550986131893168,0.9874024990413711,1.20352086697081,8366.533320121027,2149.8298894862455,8012.2213041130235,8250.09375144587,73.8452784469515,2397.159996972785,0.0013280120529678716,1585.0,98861.39184149254,2.7950021214835225e-05,7345,74435,92.8196029663086,0,7.450580596923828e-09,3240,0.0,0.0014028816223144531,0.0038530477285385134,0.03782023620605469,0.0014009163025791643,0.003838258734424836,0.03644199148044522,3240,0.0,3.3483314230882875e-07,0.00010888831689953804,0.019504801432291666,3.348330301956331e-07,0.00010887646152449727,0.019131642543408895,4824,0.0,6.914676731645531e-07,2.395657952235602e-05,0.18118697053198637,6.914671950373407e-07,2.395600561828917e-05,0.1533939799982579
287,4.783333333333333,True,valid,11.552715082199212,0.9873770301437033,1.1968979126613921,8120.696520467687,2238.523697613413,7746.562621285643,8002.470570674071,78.14309618698701,2469.40681325693,0.0017281536921452466,1585.0,99720.2675070243,0.00016739992058851377,7590,76281,93.5447006225586,0,7.450580596923828e-09,3240,0.0,0.0014003368616104126,0.0038525259494781496,0.037816757202148436,0.0013983786604257291,0.003837740952831783,0.03643876140919008,3240,0.0,3.28927223260204e-07,0.00011112779378890991,0.019504798253377278,3.2892711506712136e-07,0.00011111544577439223,0.019131639484966656,4824,0.0,8.09908472466783e-07,2.369978572960167e-05,0.18157381818955004,8.099078165155804e-07,2.3699224062983084e-05,0.1536711590882777
288,4.8,True,valid,11.558263162379129,0.9851663001504114,1.208477917462687,7988.3688369362035,2084.751624305798,7710.307972927607,7971.281022902438,73.5459667016625,2371.236766836954,0.001296806667299846,1585.0,100980.07086983646,3.387275391080348e-05,7587,76299,94.2728500366211,0,7.450580596923828e-09,3240,0.0,0.001401975393295288,0.0038525699377059937,0.03781406784057617,0.0014000126100656729,0.003837784604087611,0.03643626446426719,3240,0.0,3.2340845791622995e-07,0.00011032757038871447,0.019504772822062175,3.234083533232331e-07,0.00011031539955863478,0.019131615017428088,4824,0.0,5.360735348172999e-07,2.412165333530685e-05,0.1737904506344838,5.360732474426192e-07,2.412107149517848e-05,0.14805917916655623
289,4.816666666666666,True,valid,11.576212753998028,0.9827168627236601,1.2163120843506199,7948.259393654731,1574.3558655955565,7771.558114036603,8038.5487181941535,86.38782306536409,1896.368972502743,0.0013962435011071529,1585.0,101351.67615685212,0.00018355258010871675,7483,75419,95.0040512084961,0,7.450580596923828e-09,3240,0.0,0.0013996046781539918,0.0038535276651382446,0.03781069564819336,0.0013976485227431455,0.0038387349935182823,0.0364331335249707,3240,0.0,3.1823328754398973e-07,0.00010478618865211804,0.019504785537719727,3.182331862715967e-07,0.00010477520965134264,0.019131627251197523,4824,0.0,5.128861852892702e-07,2.4464381215237527e-05,0.17027268504899762,5.12885922237166e-07,2.4463782723850178e-05,0.1454982990070118
290,4.833333333333333,True,valid,11.589770774516671,0.9829160659367366,1.2237880132039847,7871.453089389879,1165.750005210753,7794.930485524712,8068.590771310257,103.13869659768433,1604.4755810637344,0.0010986425305274951,1585.0,100294.17051521616,7.007142998667939e-05,7126,72878,95.7383041381836,0,7.450580596923828e-09,3240,0.0,0.001396039605140686,0.0038496177196502687,0.037806724548339846,0.001394093395547237,0.0038348549936665466,0.0364294464990999,3240,0.0,3.1337964173872024e-07,0.00010533716529607774,0.019504766464233398,3.1337954353195114e-07,0.00010532607054030297,0.019131608900543252,4824,0.0,5.492812576789016e-07,2.45794510851046e-05,0.1711025238706828,5.492809559691674e-07,2.4578846950537966e-05,0.14610379568234674
291,4.85,True,valid,11.61309143133652,0.9822835521368621,1.224091556734011,7802.068342945554,1823.756499678313,7610.593742567628,7886.301478639588,74.28156011476658,2123.538087975847,0.0008745149453494498,1585.0,98555.92421031858,2.1819020545059512e-05,7144,73565,96.4756088256836,0,7.450580596923828e-09,3240,0.0,0.0013965842723846435,0.0038388181924819947,0.03780287551879883,0.001394636544920315,0.0038241380218667787,0.03642587278427141,3240,0.0,3.08867771915781e-07,0.00010546572506427764,0.019504769643147787,3.088676765165099e-07,0.00010545460321718066,0.01913161195898568,4824,0.0,7.723946188843342e-07,2.4460939519928113e-05,0.1738577618830627,7.723940222913477e-07,2.4460341197001438e-05,0.1481080310822037
292,4.866666666666666,True,valid,11.64655115121056,0.9797190095740386,1.2233740315650428,7763.838884600058,1836.0867831435753,7565.358620142787,7846.318896302885,76.08036184325422,2099.1176202642523,0.0009454394378309181,1585.0,96947.7889176155,2.3889735926964382e-05,7071,72685,97.2159652709961,0,7.450580596923828e-09,3240,0.0,0.0013980193138122558,0.0038304519653320312,0.03779906463623047,0.001396067584365925,0.0038158355894257288,0.03642233446170989,3240,0.0,3.0459688180902354e-07,0.00010996631036202113,0.019504766464233398,3.0459678902979143e-07,0.00010995421907713206,0.019131608900543252,4824,0.0,9.796412771047877e-07,2.4872191637919917e-05,0.1753996539853136,9.79640317408696e-07,2.4871573027301722e-05,0.14922554502258276
293,4.883333333333334,True,valid,11.689325373582196,0.9762314787345373,1.2304006295980001,7793.765062515589,2126.1847809549836,7690.708685901924,7932.433465726719,70.75920757146024,2372.8538244923743,0.0009797811474337337,1585.0,95557.69010640509,2.2504654086032797e-05,7164,73157,97.9593734741211,0,7.450580596923828e-09,3240,0.0,0.001402743101119995,0.003834094524383545,0.0377960205078125,0.0014007781692069404,0.0038194503900400682,0.03641950803522856,3240,0.0,3.0046867323108016e-07,0.00011018051455418269,0.019504804611206055,3.004685829496837e-07,0.00011016837614574683,0.01913164560185111,4824,0.0,6.833164416514735e-07,2.5468669052312806e-05,0.17634424257545103,6.833159747304332e-07,2.5468020414998567e-05,0.1499087054562944
294,4.9,True,valid,11.731839639133451,0.9759915465016686,1.2314781124054448,11592.05134016729,8638.461490194582,7780.829691772438,7967.5871952666275,66.38512573687382,8530.299875609904,0.0012588281751114928,1585.0,322792.0862402156,2.1410572375469148e-05,7468,75679,98.7058334350586,0,7.450580596923828e-09,3240,0.0,0.001402234435081482,0.0038459703922271733,0.03779296875,0.0014002709269692422,0.0038312355736236856,0.03641667450832785,3240,0.0,2.964302257169038e-07,0.00011286307747165362,0.019504799842834472,2.964301378460511e-07,0.0001128503408050701,0.019131641014187777,4824,0.0,5.067626291182223e-07,2.485276141675137e-05,0.17910663720853656,5.067623723099902e-07,2.48521437713861e-05,0.15190028751984694
295,4.916666666666667,True,valid,11.768220031636412,0.9735666973705696,1.229832856691456,8116.518666665531,4166.735389447448,7675.341662985178,7911.83345218039,67.14952584364741,4198.626438718891,0.0011248164357975413,1585.0,93098.53155738997,3.8441546053471124e-05,7741,77644,99.4553451538086,0,3.725290298461914e-09,3240,0.0,0.0013940260410308838,0.0038459261655807496,0.037789207458496094,0.001392085437679419,0.0038311916847829563,0.03641318216349575,3240,0.0,2.925160515587777e-07,0.00011514516547322273,0.019504769643147787,2.925159659931623e-07,0.00011513190858727453,0.01913161195898568,4824,0.0,6.132468496899998e-07,2.4817674236919733e-05,0.18232538528222297,6.132464736185318e-07,2.4817058335047526e-05,0.15420914373643563
296,4.933333333333334,True,valid,11.800454516883287,0.972341409357041,1.232341182218544,7889.7369714357665,1752.4879782936932,7639.451912069788,7909.011514231058,69.16742351992934,2017.3888825186793,0.0010898524383004726,1585.0,93183.66922930322,2.1263228269454696e-05,7777,77803,100.2079086303711,0,7.450580596923828e-09,3240,0.0,0.001400957465171814,0.003845831036567688,0.03778512191772461,0.0013989975291396088,0.003831097283703712,0.036409388725771506,3240,0.0,2.891970507334918e-07,0.00011949112017949423,0.019504783948262532,2.891969670985818e-07,0.00011947684375572065,0.019131625721976363,4824,0.0,9.621253663964698e-07,2.4877064061933085e-05,0.17939487711777452,9.621244407121398e-07,2.4876445209011954e-05,0.1521075600702818
297,4.95,True,valid,11.833351458316574,0.97174978684342,1.2344256671154008,8989.572312004571,2049.885633176614,8710.631669832077,8966.040799729386,66.9318123818327,2272.7287921450984,0.0010633766306278,1585.0,133737.29998490788,8.940198018199099e-05,7745,77253,100.9635238647461,0,3.725290298461914e-09,3240,0.0,0.001398688793182373,0.0038436007499694823,0.03776641845703125,0.0013967351953176389,0.003828884048267059,0.03639202212110795,3240,0.0,2.864309741804997e-07,0.00011938172082106272,0.019504768053690592,2.864308921378202e-07,0.00011936747052474823,0.019131610429764467,4824,0.0,8.626658369757694e-07,2.4551475600138637e-05,0.16656108111155413,8.626650927840652e-07,2.4550872839843395e-05,0.14277956277509868
298,4.966666666666667,True,valid,11.866484270733128,0.969957329113966,1.2344690734438442,9001.79052097077,2019.8993195142382,8714.3320489181,8985.827742854679,67.02733934182253,2181.3271259711273,0.0009014482652056156,1585.0,137296.20140810029,4.067235425155686e-05,7671,76366,101.7221908569336,0,3.725290298461914e-09,3240,0.0,0.0014097005128860473,0.00384676730632782,0.037759929656982424,0.0014077160548415391,0.0038320263917646447,0.03638599697086345,3240,0.0,2.8384667530190197e-07,0.0001189112663269043,0.019504782358805338,2.838465947329898e-07,0.00011889712810687583,0.019131624192755194,4824,0.0,8.266345911051678e-07,2.4709766616827226e-05,0.14880493212353688,8.266339077809855e-07,2.4709156059169934e-05,0.12953019956875944
299,4.983333333333333,True,valid,11.903265240140694,0.9688437241197092,1.2323385315244237,9130.62877024912,2393.8246503073105,8723.548695129599,9003.86065292996,56.58156035802191,2532.0666189930275,0.0011142877382537097,1585.0,142703.10986540918,5.515627153352258e-05,7722,76740,102.4839096069336,0,7.450580596923828e-09,3240,0.0,0.0014059858322143554,0.0038463606834411622,0.03774700927734375,0.0014040118114991259,0.0038316228796767024,0.03637399957782547,3240,0.0,2.812369590780387e-07,0.00011995980516076088,0.019504783948262532,2.812368799838338e-07,0.00011994541651107374,0.019131625721976363,4824,0.0,9.271158007378821e-07,2.5013875829823477e-05,0.11570612218543641,9.27114941194971e-07,2.5013250151453783e-05,0.1037066301642158
300,5.0,True,valid,11.936587355950715,0.9698337396724517,1.228756913639206,9051.395729706646,2381.5259661718105,8671.694164888759,8947.879548746734,58.75665665023702,2521.7898343409024,0.001108448288253732,1585.0,145278.8295230277,3.8755160242078644e-05,7765,77033,103.2486801147461,0,7.450580596923828e-09,3240,0.0,0.0014059453010559083,0.0038428764343261717,0.03775243759155274,0.0014039713940715963,0.003828165268221898,0.03637904014869841,3240,0.0,2.7863143865639964e-07,0.00011676360542575518,0.019504772822062175,2.786313610209427e-07,0.00011674997325824708,0.019131615017428088,4824,0.0,1.2889546317949907e-06,2.532207327007545e-05,0.08859182398207854,1.2889529703930895e-06,2.5321432078891526e-05,0.08138204056871276
301,5.016666666666667,True,valid,11.963813316287881,0.9674152274170318,1.2324195198109262,8905.066104564588,2968.1976679953336,8354.32600546097,8649.431937530928,67.2250030123137,3117.201762425495,0.0008641318059577327,1585.0,133412.61711459587,4.5511766556181336e-05,7774,76424,104.0165023803711,0,7.450580596923828e-09,3240,0.0,0.001414399743080139,0.0038588873147964477,0.03775636291503906,0.0014124020419948157,0.0038440535437774233,0.03638268505430515,3240,0.0,2.761243861944725e-07,0.00011587455868721008,0.019504768053690592,2.761243099498169e-07,0.00011586113332415622,0.019131610429764467,4824,0.0,2.418001215793583e-07,2.58851973696093e-05,0.07952221076280196,2.4180006311207365e-07,2.588452734303794e-05,0.07366426551484356
302,5.033333333333333,True,valid,11.98643909675817,0.9663358020370599,1.2384707609156163,9452.816338661198,4638.605956756345,8221.700057932361,8534.491710622837,64.74044859208557,4736.045898367709,0.000859269511770144,1585.0,124552.18898055592,1.9803575492592295e-05,7584,75232,104.7873764038086,0,7.450580596923828e-09,3240,0.0,0.0014075359106063843,0.003874568939208984,0.03776860809326172,0.00140555753789737,0.0038596145963765353,0.036394055282377116,3240,0.0,2.737306203925982e-07,0.00011507184555133184,0.019504791895548504,2.737305454641662e-07,0.00011505860554033147,0.019131633368082133,4824,0.0,1.4895765528941618e-06,2.5665795829901693e-05,0.0735129218119106,1.48957433405916e-06,2.5665137113705168e-05,0.06847884205048325
303,5.05,True,valid,12.014013540929572,0.9641123330983096,1.233981848489639,8569.379122858236,1812.9047396358633,8291.19930746325,8601.544762251351,60.331280543608976,2039.3009469078747,0.0019822400696897016,1585.0,125444.92409631514,4.8501813334279383e-05,7515,75150,105.5613021850586,0,5.587935447692871e-09,3240,0.0,0.0014175711870193482,0.003880017876625061,0.03778046798706055,0.001415564523537415,0.0038650215229912395,0.03640506749981694,3240,0.0,2.711850053553159e-07,0.00011812978734572729,0.019504796663920083,2.711849318140287e-07,0.00011811583431978366,0.01913163795574553,4824,0.0,9.612969553809828e-07,2.578713399647037e-05,0.08094610950893805,9.612960312900348e-07,2.5786469037337873e-05,0.07488450052862577
304,5.066666666666666,True,valid,12.0448352784186,0.9653337787791831,1.2335966725662977,8676.945827632904,1321.3172701807282,8533.645239789645,8835.413110617154,64.92900288696435,1633.1983830464699,0.00162992847344825,1585.0,131831.9434331133,0.0001537461427087053,7251,73122,106.3382797241211,0,3.725290298461914e-09,3240,0.0,0.0014123578071594239,0.003877571940422058,0.037798065185546875,0.0014103658659177438,0.0038625944522735476,0.03642140648892903,3240,0.0,2.683722656608249e-07,0.0001160891354084015,0.019504769643147787,2.6837219363717124e-07,0.0001160756602841076,0.01913161195898568,4824,0.0,9.771475091959829e-07,2.58722007202197e-05,0.0956861528411801,9.771465543796612e-07,2.5871531366405876e-05,0.08732989149589976
305,5.083333333333333,True,valid,12.067882240066911,0.9617591374532828,1.239162099178583,9088.117359979784,1825.2521103134577,8848.016063776377,9138.487353433504,53.32359872706184,2069.806902553615,0.0026378946002682062,1585.0,137258.80589739207,0.0001907103287225847,7035,71125,107.1183090209961,0,2.7939677238464355e-09,3240,0.0,0.0014017277956008911,0.003870959401130676,0.037781776428222655,0.0013997657051047169,0.003856032853834436,0.036406282405784564,3240,0.0,2.6579436962492764e-07,0.00011265478407343229,0.019504766464233398,2.6579429897829947e-07,0.00011264209439901597,0.019131608900543252,4824,0.0,1.0538515329041858e-06,2.5973560337388163e-05,0.10827330165567421,1.0538504223023028e-06,2.597288572906932e-05,0.0976954885531595
306,5.1,True,valid,12.08663798134704,0.9635175552484551,1.241649196453786,10753.437192109002,3504.242215072909,10063.946991343606,10329.672728867208,57.06492754584444,3636.485424104442,0.0023195815616665733,1585.0,143014.42897602322,0.00020454175500088598,6841,69275,107.9013900756836,0,1.862645149230957e-09,3240,0.0,0.0014067260026931763,0.0038551126718521117,0.03775271606445312,0.0014047499044752703,0.0038403078523155092,0.036379298728916425,3240,0.0,2.6438324615204084e-07,0.00010839308922489484,0.019504801432291666,2.643831762535585e-07,0.00010838134133687179,0.019131642543408895,4824,0.0,1.120548712661985e-06,2.6141333587929665e-05,0.13963906548467592,1.1205474570339745e-06,2.6140650236370516e-05,0.12252920219551175
307,5.116666666666666,True,valid,12.10518326172343,0.9615735020807898,1.24530700897635,11184.117241858368,2982.576877710007,10699.782739510496,10957.473762177218,62.60578091173238,3141.8753804545872,0.0015671504395291507,1585.0,185914.25285802933,0.00015166556276599653,6731,68520,108.6875228881836,0,1.0477378964424133e-09,3240,0.0,0.0013928260803222656,0.003862940073013306,0.037700607299804685,0.0013908888141071487,0.003848075185687981,0.03633090993162781,3240,0.0,2.633658004924655e-07,0.00010627386470635732,0.019504788716634115,2.633657311309389e-07,0.00010626257176168209,0.019131630309639835,4824,0.0,1.1258686639693771e-06,2.6235624121748026e-05,0.12027419685850489,1.1258673963905557e-06,2.6234935831816272e-05,0.10736139169837187
308,5.133333333333334,True,valid,12.117895689044017,0.9633035170259703,1.2462999853298669,11264.840246439444,2002.9268996649562,11028.072895838897,11276.77491057453,54.036927914638575,2237.5310682289746,0.0016823775080374692,1585.0,193815.9112830815,9.148149877567023e-05,6555,66980,109.4767074584961,0,3.725290298461914e-09,3240,0.0,0.0014000903367996215,0.0038864372968673705,0.03767213439941406,0.0013981328245424173,0.003871391375742741,0.03630446761608185,3240,0.0,2.624993552065765e-07,0.00010460137079159419,0.019504769643147787,2.624992863006831e-07,0.0001045904304797426,0.01913161195898568,4824,0.0,1.3950420190335447e-06,2.638127109996127e-05,0.13482752895559977,1.3950400728940247e-06,2.638057514681345e-05,0.11880882822756664
309,5.15,True,valid,12.128701700372659,0.9641564282330869,1.2531401564879578,11927.193282487944,2423.6532648838574,11635.652042076295,11862.69457830776,59.23677959489403,2655.6403199985657,0.0016951383144794443,1585.0,192433.2183349228,8.121771913890533e-05,6730,67635,110.2689437866211,0,2.7939677238464355e-09,3240,0.0,0.0013294299840927123,0.0038683241605758666,0.037653995513916017,0.0013276649465040011,0.0038534178909876964,0.03628762157395947,3240,0.0,2.6180248823948205e-07,0.0001035978551954031,0.01950479030609131,2.6180241969895715e-07,0.00010358712378995884,0.019131631838860987,4824,0.0,1.5933515028066643e-06,2.6812600188818594e-05,0.19592125615682005,1.5933489640416982e-06,2.6811881292565188e-05,0.16382454542736974
310,5.166666666666667,True,valid,12.13129935831217,0.965388714965992,1.254015878443331,12481.947330653147,2773.923226676144,12095.063962483031,12310.209657305275,43.665314383299304,2958.5132830576554,0.0011744299123347304,1585.0,193872.09184929167,2.7181808105158422e-05,6948,69568,111.0642318725586,0,5.587935447692871e-09,3240,0.0,0.0013175561428070068,0.00385766339302063,0.03765080261230469,0.0013158224728250926,0.003842839013209071,0.03628465618444867,3240,0.0,2.613083294515188e-07,0.00010462146252393723,0.01950477917989095,2.6130826116949356e-07,0.00010461051801787275,0.01913162113431284,4824,0.0,1.3681789401769756e-06,2.591818950455371e-05,0.2294441987029755,1.3681770682659244e-06,2.5917517769413074e-05,0.18662432906270318
311,5.183333333333334,True,valid,12.130499626277043,0.9647605136218252,1.2462094546985922,12659.27038242535,3334.7523303097337,12097.477118384675,12314.297579217256,43.4090491070818,3469.6072393983504,0.002359376119637239,1585.0,199119.84284614044,0.0001259723751025377,7033,70548,111.8625717163086,0,1.862645149230957e-09,3240,0.0,0.001315786600112915,0.00385213029384613,0.0376343994140625,0.001314057580756379,0.003837348326534202,0.036269421518132124,3240,0.0,2.6102757450037946e-07,0.00010657713438073793,0.019504761695861815,2.610275063650026e-07,0.00010656577690508158,0.019131604312879576,4824,0.0,1.4183162264641364e-06,2.5103411792147815e-05,0.23425158005122867,1.4183142148460713e-06,2.5102781626292625e-05,0.18979240848247964
312,5.2,True,valid,12.137894685937233,0.9649600727792036,1.2557707670941696,12617.08465384152,3394.0909254276507,12043.508977655392,12263.711425117925,46.15582888319503,3490.322705415217,0.0013405164710916702,1585.0,198838.5361014821,6.019652023955628e-05,7078,70863,112.6639633178711,0,7.450580596923828e-09,3240,0.0,0.0013137325048446656,0.0038593423366546633,0.037655086517333985,0.0013120088761374392,0.003844505075131172,0.03628863483309775,3240,0.0,2.609906611420835e-07,0.00011043825497229895,0.019504772822062175,2.609905930259761e-07,0.00011042605970815178,0.019131615017428088,4824,0.0,3.3667378033989183e-07,2.4774477712895284e-05,0.2200819085437105,3.366736669906956e-07,2.4773863953354544e-05,0.18038289642897848
313,5.216666666666667,True,valid,12.14904784605423,0.9645448384026506,1.2591525812438866,11929.34973885747,1888.4388520419022,11726.040913382027,11961.215012653643,54.46054011187988,2140.3413190875253,0.0015529097574652924,1585.0,192037.15123415558,4.168668048945125e-05,7099,71514,113.4684066772461,0,3.725290298461914e-09,3240,0.0,0.0013181204795837402,0.00386415958404541,0.037705093383789065,0.0013163853251276659,0.003849285330428739,0.03633507595191504,3240,0.0,2.6091322069987654e-07,0.0001140822097659111,0.019504769643147787,2.6091315262418554e-07,0.00011406919648916852,0.01913161195898568,4824,0.0,2.843006007148401e-07,2.4438965021530353e-05,0.20391092566570904,2.843005198880315e-07,2.443836777311183e-05,0.1693737645523529
314,5.233333333333333,True,valid,12.157372818228968,0.9628483332252695,1.2552717987227697,11564.25588142955,1953.1226806179732,11407.008088010925,11661.124759847822,50.5861480128248,2237.619177777011,0.0017926322279777837,1585.0,185220.87386014935,0.00012605871913946355,7117,71736,114.2759017944336,0,7.450580596923828e-09,3240,0.0,0.0013133565187454224,0.0038661351203918455,0.03771608352661133,0.001311633875844375,0.0038512456831947574,0.036345281840901654,3240,0.0,2.606988709885627e-07,0.00011549488951762517,0.019504791895548504,2.606988030246791e-07,0.0001154815519766461,0.019131633368082133,4824,0.0,1.0084907177398412e-06,2.479267331144014e-05,0.18588762814830073,1.008489700687339e-06,2.4792058650028088e-05,0.15674978280914711
315,5.25,True,valid,12.16702119251634,0.9601505352247276,1.255419230031903,11163.174689139967,2079.0146020237717,10977.960352624143,11243.400932096145,44.05172847914284,2354.60628264486,0.001537306565746732,1585.0,170444.46533119158,0.0001478917571384682,7079,71515,115.0864486694336,0,7.450580596923828e-09,3240,0.0,0.001302154779434204,0.003858618259429932,0.037737957000732424,0.001300461377436106,0.0038437865542907583,0.03636559378612552,3240,0.0,2.6067806174978614e-07,0.00011695130417744317,0.01950476328531901,2.6067799379675196e-07,0.00011693762812991978,0.01913160584210081,4824,0.0,8.044885556251089e-07,2.4909113460205825e-05,0.16770611859473072,8.044879084237935e-07,2.490849301172222e-05,0.14362014202388157
316,5.266666666666667,True,valid,12.17788973656486,0.9576181042115092,1.2529635354995243,10837.379620421712,2358.3082656687234,10595.07803587948,10876.969901080603,35.76901427149557,2616.6479199418263,0.0009993274952692576,1585.0,160220.82124408957,2.3201080530581027e-05,7035,70999,115.9000473022461,0,7.450580596923828e-09,3240,0.0,0.0012983901500701904,0.003853424072265625,0.03773922348022461,0.0012967065190982612,0.0038386321945444593,0.036366769826488864,3240,0.0,2.606294583529234e-07,0.00011710988978544871,0.019504766464233398,2.606293904252265e-07,0.00011709617666500353,0.019131608900543252,4824,0.0,1.0823475935096256e-06,2.5416645424760873e-05,0.14043407458871768,1.0823464220345804e-06,2.541599943528882e-05,0.12314089671458069
317,5.283333333333333,True,valid,12.191647626912959,0.9562799845720653,1.2536980110875928,10593.524752516392,1956.9333455300787,10434.766205521977,10720.701208248098,39.766024345026615,2279.40322660311,0.0009568160997958711,1585.0,154309.63129790555,1.9127331942571918e-05,6936,70454,116.7166976928711,0,7.450580596923828e-09,3240,0.0,0.0012963330745697022,0.003864305019378662,0.037734626770019535,0.0012946547707702034,0.0038494296484311913,0.0363625013530383,3240,0.0,2.604563390680899e-07,0.00011804880574345589,0.019504785537719727,2.60456271230603e-07,0.00011803487186194772,0.019131627251197523,4824,0.0,1.390880191939487e-06,2.46575018360096e-05,0.13924636026186635,1.3908782573944693e-06,2.4656893858581698e-05,0.12222673261809612
318,5.3,True,valid,12.201982719339258,0.9546154622525008,1.2515919077809743,10558.209663248632,1489.7031403851886,10477.524218500448,10768.96592529467,43.17430325843143,1821.8389435691727,0.0017566222898853473,1585.0,156887.9333702445,9.312951803284094e-05,7006,71422,117.5363998413086,0,3.725290298461914e-09,3240,0.0,0.0012937421798706055,0.003876048684120178,0.037727996826171874,0.0012920705736700789,0.0038610829385519515,0.03635634476622069,3240,0.0,2.6017277074667317e-07,0.00011942713210980098,0.019504761695861815,2.601727030568202e-07,0.00011941287097110259,0.019131604312879576,4824,0.0,1.3096232210594613e-06,2.4107562408385635e-05,0.1784808191802756,1.3096215059487263e-06,2.4106981247829283e-05,0.15144991439438343
319,5.316666666666666,True,valid,12.214813989847727,0.9562077853388508,1.255630975064854,10457.69986166682,1275.471238766148,10385.33435901503,10682.60231244002,48.861993313152105,1706.7178198685813,0.0013849837803199406,1585.0,158370.77356725934,0.00028829079297383234,7425,74477,118.3591537475586,0,3.725290298461914e-09,3240,0.0,0.0012904559373855592,0.003880043625831604,0.03771590805053711,0.0012887928070556343,0.003865047071708025,0.03634511888845433,3240,0.0,2.5971215412331123e-07,0.0001213127685089906,0.019504796663920083,2.5971208667292573e-07,0.00012129805350405277,0.01913163795574553,4824,0.0,1.4517144432325503e-06,2.3916654249957165e-05,0.19224509073414123,1.451712335760785e-06,2.3916082257279804e-05,0.16124628419796105
320,5.333333333333333,True,valid,12.23731340094491,0.957532344376031,1.254480992471629,10250.353229065699,1479.886285322214,10162.097559876205,10463.906430049161,45.45739953401606,1850.0884332236647,0.0013315723525445938,1585.0,159989.6373599586,0.0001053525288350286,7644,75969,119.1849594116211,0,7.450580596923828e-09,3240,0.0,0.0012881231307983398,0.003884324073791504,0.03770853042602539,0.001286466004181368,0.0038692944800801194,0.036338267750911105,3240,0.0,2.592113984671111e-07,0.00012127760176857313,0.01950485070546468,2.5921133127657935e-07,0.0001212628952901956,0.019131689949261104,4824,0.0,1.3124600353318312e-06,2.3680563586254173e-05,0.1773954059281565,1.3124583127827477e-06,2.3680002830430518e-05,0.1506676559420693
321,5.35,True,valid,12.262310506683164,0.9598015054072842,1.2471454435784726,10494.067796585605,2577.9613952754557,10071.90018280333,10377.614879780242,39.430323291231055,2782.8938096599063,0.0011428243568871637,1585.0,161744.6937147431,6.976041596183373e-05,7630,75773,120.0138168334961,0,7.450580596923828e-09,3240,0.0,0.0012885452508926392,0.0038675472736358642,0.037697723388671875,0.0012868870387104736,0.003852646979265297,0.03632823175670793,3240,0.0,2.5872269664735845e-07,0.00012063400819897652,0.019504769643147787,2.58722629709942e-07,0.00012061945738938549,0.01913161195898568,4824,0.0,1.0701837885204592e-06,2.4011391337784004e-05,0.1415657811316116,1.0701826432283437e-06,2.4010814804713022e-05,0.12401018274328462
322,5.366666666666666,True,valid,12.289243482276852,0.9627018688227823,1.2477728186215005,10202.959675725238,2866.9644267595754,9972.730066713615,10278.934598341466,43.716181353130864,3168.0325868302502,0.0012993877720294412,1585.0,162477.13023466573,5.1579193111117194e-05,7619,75766,120.8457260131836,0,7.450580596923828e-09,3240,0.0,0.0012892915010452271,0.0038737491369247434,0.03768459701538086,0.0012876313688648705,0.0038588011094377603,0.03631604162167426,3240,0.0,2.582545372812698e-07,0.0001201955663661162,0.019504776000976564,2.58254470585881e-07,0.00012018112112357096,0.019131618075870476,4824,0.0,8.863280971899148e-07,2.3867730310109798e-05,0.13298423803489387,8.863273116131152e-07,2.386716065515593e-05,0.11737518808341817
323,5.383333333333334,True,valid,12.31530932999368,0.9644863771629655,1.250743030910672,10165.134282511179,2089.6243064277346,9899.728135866233,10208.262706983076,51.885253726992715,2372.8530885771797,0.0011015634578082421,1585.0,163965.94665263884,0.00016426924404995788,7744,76866,121.6806869506836,0,7.450580596923828e-09,3240,0.0,0.0012885688543319703,0.0038810036182403565,0.037675022125244144,0.0012869105814384185,0.003865999659487739,0.036307149465815015,3240,0.0,2.577231013371299e-07,0.00011887935921549796,0.019504777590433755,2.5772303491595004e-07,0.00011886522859197236,0.01913161960509166,4824,0.0,7.932574851914631e-07,2.387546673990678e-05,0.13451027148250463,7.932568559345244e-07,2.3874896714919067e-05,0.11856240958200874
324,5.4,True,valid,12.339936001602675,0.9645197691385936,1.2536118872260518,10438.177287762785,2934.5159355016876,9905.69302164394,10221.756194620555,42.395604610225476,3107.0288607220214,0.0008908858168569537,1585.0,163117.53883687156,0.00010184407341537352,8079,79390,122.5186996459961,0,7.450580596923828e-09,3240,0.0,0.0012892677783966065,0.0038712059259414676,0.037668895721435544,0.0012876077072684101,0.0038562774807657466,0.036301459817051164,3240,0.0,2.5722123003409555e-07,0.00011610670636097591,0.019504777590433755,2.572211638713514e-07,0.00011609322715782573,0.01913161960509166,4824,0.0,7.9893825529081e-07,2.35964369255874e-05,0.13432457637951392,7.989376169889841e-07,2.3595880146524978e-05,0.11841811345412707
325,5.416666666666667,True,valid,12.36029004974395,0.9651379555748164,1.2532271727973423,10057.83742006759,2880.0613551554247,9734.03810772796,10061.029750440324,41.45161464674117,3099.2331195883226,0.001283394693179559,1585.0,155590.03451946581,5.739495163128974e-05,8299,80993,123.3597640991211,0,7.450580596923828e-09,3240,0.0,0.0012886724472045898,0.003869658708572388,0.03766133117675781,0.0012870139078423842,0.0038547421676416553,0.0362944344606617,3240,0.0,2.5661051040515303e-07,0.00011592317372560501,0.01950476328531901,2.5661044455621587e-07,0.00011590973709773016,0.01913160584210081,4824,0.0,1.0263596908505362e-06,2.3058521790529196e-05,0.12519387584160066,1.0263586374374025e-06,2.3057990107335264e-05,0.11126427056667063
326,5.433333333333334,True,valid,12.378945946799186,0.9659447145717678,1.2539033492358127,9357.247576206344,1944.2547946119632,9324.194215216403,9670.379949426107,49.1014103552688,2304.5023972442377,0.0009642743711948583,1585.0,144590.05710524734,2.2655940522484657e-05,8274,81164,124.2038803100586,0,7.450580596923828e-09,3240,0.0,0.0012887612581253052,0.003864185929298401,0.03764406585693359,0.001287102490300569,0.003849311474000714,0.03627839940070915,3240,0.0,2.5603820783241344e-07,0.00011874375864863396,0.019504777590433755,2.5603814227686637e-07,0.00011872966022027828,0.01913161960509166,4824,0.0,1.1272418493457346e-06,2.3070547423468837e-05,0.11064677915699539,1.12724057867298e-06,2.3070015185589186e-05,0.09962373387602011
327,5.45,True,valid,12.396236009050972,0.9674919118426291,1.2553244083959485,9262.259100819294,2716.9637819220834,8939.810451470114,9300.450329931773,45.34050351023756,2982.2860906455576,0.0012591246187792793,1585.0,135367.71527691043,4.7330175869143e-05,8199,80660,125.0510482788086,0,7.450580596923828e-09,3240,0.0,0.001289271593093872,0.0038643825054168702,0.037639957427978515,0.0012876115121483185,0.0038495065394041706,0.03627458364390431,3240,0.0,2.553009350473682e-07,0.00011668757225076357,0.019504804611206055,2.553008698688174e-07,0.00011667395784738677,0.01913164560185111,4824,0.0,1.1434800555257164e-06,2.3466476507085318e-05,0.09964405932004919,1.143478747980574e-06,2.3465925844453864e-05,0.0906148298401783
328,5.466666666666667,True,valid,12.410880309883755,0.9652902559438025,1.257238176993438,9394.181113792249,2816.087356142999,8809.419357871027,9182.25114238655,44.02089663453375,2995.343433733741,0.0007232551074868403,1585.0,130750.16994312614,1.7064384179075503e-05,8131,80148,125.9012680053711,0,7.450580596923828e-09,3240,0.0,0.001290856957435608,0.0038632678985595706,0.037647342681884764,0.0012891927939480642,0.0038484004964604145,0.0362814427728231,3240,0.0,2.5445020582992585e-07,0.000116927952816089,0.01950477917989095,2.544501410850351e-07,0.00011691428226820647,0.01913162113431284,4824,0.0,9.655346219408745e-07,2.381786556051098e-05,0.09668347492333479,9.655336896846684e-07,2.381729828329469e-05,0.08815987213639158
329,5.483333333333333,True,valid,12.429751956740416,0.96626284114926,1.259515862705697,9021.840337795784,2032.4084852014662,8763.245175869226,9138.474438341658,45.77810055407784,2338.5925733085473,0.0010587307506987726,1585.0,129092.62927145798,2.8502357669135035e-05,7838,78370,126.7545394897461,0,7.450580596923828e-09,3240,0.0,0.0012912511825561523,0.0038570626974105834,0.03765667343139648,0.0012895860031046354,0.003842242925530785,0.036290108660768046,3240,0.0,2.5343038335752983e-07,0.00011867758507529895,0.019504766464233398,2.534303191305869e-07,0.00011866350237738611,0.019131608900543252,4824,0.0,3.797781095667586e-07,2.4070164102210355e-05,0.09850228110412612,3.797779653354008e-07,2.4069584743025677e-05,0.089669619079097
330,5.5,True,valid,12.445193422882454,0.9663294159138939,1.262754484844267,8991.602289316124,2099.168429740515,8779.094282727412,9149.583960147333,53.07344640051865,2419.1481545435045,0.0008333775808699263,1585.0,128883.34084683281,9.20681500939263e-05,7730,77676,127.6108627319336,0,7.450580596923828e-09,3240,0.0,0.001290284752845764,0.003851104259490967,0.03766781997680664,0.0012886220634451202,0.0038363301519162875,0.03630046075597543,3240,0.0,2.522496652090922e-07,0.00011863187576333682,0.019504756927490235,2.5224960157921466e-07,0.00011861780390998617,0.019131599725215862,4824,0.0,4.3548641806394534e-07,2.399647490071499e-05,0.102582515489376,4.3548622841560764e-07,2.3995899083722772e-05,0.09303840215881279
331,5.516666666666667,True,valid,12.45673648418554,0.9674769806091564,1.2584673031259481,9377.087816567595,2493.3744467051265,8781.653679486204,9162.475427669842,52.80704023581279,2707.3124961012363,0.0010389022064577127,1585.0,127277.59019515768,1.7637051862550866e-05,7638,76853,128.47015380859375,0,3.725290298461914e-09,3240,0.0,0.0012939529418945312,0.0038535816669464113,0.037675174713134765,0.0012922807913627937,0.003838788581644023,0.03630729117476485,3240,0.0,2.5111238452761126e-07,0.00011961388712128004,0.019504768053690592,2.5111232147019744e-07,0.00011959958134908272,0.019131610429764467,4824,0.0,3.010778777966013e-07,2.4424920707496292e-05,0.10515399751887969,3.010777871487401e-07,2.442432414524085e-05,0.09514872837175192
332,5.533333333333333,True,valid,12.467925078038055,0.9682481277463929,1.2583284044377279,8930.141126964745,2641.6314136196047,8673.958017477937,9096.999648792933,54.53675714403751,2883.2390501196496,0.0008093010247599617,1585.0,121339.55516657597,1.554576940859723e-05,7456,75709,129.33242797851562,0,3.725290298461914e-09,3240,0.0,0.0012925182580947876,0.0038622684478759766,0.03767831039428711,0.001290849811145424,0.0038474087223084458,0.03631020328445573,3240,0.0,2.505317631099994e-07,0.00011933666964371999,0.019504768053690592,2.505317003438508e-07,0.00011932243010219515,0.019131610429764467,4824,0.0,5.097085239602351e-07,2.47964819926883e-05,0.09638023199425179,5.09708264157588e-07,2.479586714241418e-05,0.08790767033344059
333,5.55,True,valid,12.480066930865739,0.9666940943284015,1.2534540945332981,9107.38665013955,1727.6157833334523,8729.331464413279,9133.813790868435,52.25941249874935,2011.9146365569425,0.0013104667928010535,1585.0,122255.61745900867,0.00027741161448424396,7243,74260,130.19775390625,0,3.725290298461914e-09,3240,0.0,0.001292062759399414,0.003865103840827942,0.037681419372558596,0.0012903954874451892,0.003850222330421519,0.03631309057778343,3240,0.0,2.49887258784535e-07,0.00012112734218438466,0.019504820505777995,2.498871963409085e-07,0.00012111267212503335,0.019131660894061906,4824,0.0,4.46308139118031e-07,2.517087903349334e-05,0.09579246412583271,4.463079399271648e-07,2.5170245476227837e-05,0.0874184366674314
334,5.566666666666666,True,valid,12.489965287971174,0.9643410485477973,1.2524483814777527,9134.77367790189,2042.8702957931694,8604.628341774689,9016.922875055483,49.91117242743789,2273.946001027346,0.001217365779715958,1585.0,144263.43039951293,0.00011766720723882118,7050,72156,131.06613159179688,0,7.450580596923828e-09,3240,0.0,0.0012919484376907348,0.003854318261146545,0.03768352508544922,0.0012902814605735655,0.003839519530003018,0.03631504613349829,3240,0.0,2.489682083250955e-07,0.00012205680211385091,0.019504761695861815,2.4896814633994215e-07,0.00012204190606743409,0.019131604312879576,4824,0.0,5.40333309645787e-07,2.5134317774420778e-05,0.0780786313053378,5.403330176858593e-07,2.5133686055719418e-05,0.07242387432426907
335,5.583333333333333,True,valid,12.495678952454718,0.964418633471891,1.2547647571606886,8658.230986064464,1267.2346206137618,8508.542267165745,8927.133255725645,56.44754745895246,1667.065894975168,0.0012692502165779034,1585.0,114358.27266566671,5.652707934616613e-05,6904,71311,131.93756103515625,0,3.725290298461914e-09,3240,0.0,0.0012921236753463746,0.003849279284477234,0.03767224884033203,0.0012904562462785593,0.0038345191478660065,0.036304573898389675,3240,0.0,2.483232916953663e-07,0.00012017872184514999,0.019504785537719727,2.4832323003092444e-07,0.00012016428065364512,0.019131627251197523,4824,0.0,8.243593266541651e-07,2.6032371325996777e-05,0.07665190928064228,8.243586470864259e-07,2.6031693659271063e-05,0.07119469962381503
336,5.6,True,valid,12.501372897181358,0.963892448743842,1.2503429177000185,8460.530408787276,1566.573631880805,8467.269069775402,8889.46615047841,64.06649505455336,1968.5082722533757,0.0016709421491696032,1585.0,113161.97019407937,0.00018559725914101997,6867,70641,132.81204223632812,0,7.450580596923828e-09,3240,0.0,0.0012918126583099365,0.0038450275659561157,0.03766069793701172,0.001290146031335589,0.00383029995472478,0.036293846352555795,3240,0.0,2.479020622558892e-07,0.00011787943542003632,0.019504772822062175,2.4790200080047196e-07,0.00011786554147752301,0.019131615017428088,4824,0.0,1.1137614907293626e-06,2.558704588334929e-05,0.09981673998804194,1.113760250266086e-06,2.5586391203167773e-05,0.09075761111721871
337,5.616666666666666,True,valid,12.513008680315997,0.9606780462564831,1.258607772400565,8736.51369823414,2776.731985744285,8449.54463833312,8878.50358713141,63.27788870681259,3031.0303269936667,0.0016911596506599756,1585.0,113613.40705974193,9.593047056138471e-05,7089,71804,133.6895751953125,0,7.450580596923828e-09,3240,0.0,0.001292167067527771,0.003838822603225708,0.037658275604248045,0.0012904995265389174,0.0038241423988903712,0.03629159665528511,3240,0.0,2.474974219997724e-07,0.00011538518592715263,0.019504764874776204,2.4749736074481366e-07,0.00011537187372090825,0.019131607371322034,4824,0.0,1.206528391724044e-06,2.5742596710198826e-05,0.0963140049778733,1.2065269360150404e-06,2.574193404596544e-05,0.0878525719278914
338,5.633333333333334,True,valid,12.532293618795926,0.9585182938617612,1.2577726853390558,8563.000892619497,1811.3797115885795,8526.980486605233,8960.410208226842,62.797384016337375,2204.108049736792,0.0018488374669779395,1585.0,116853.62625081804,3.242679624501674e-05,7150,72235,134.57015991210938,0,5.587935447692871e-09,3240,0.0,0.0012909778356552124,0.0038348308801651,0.03765564727783203,0.001289313360683356,0.003820181130771895,0.036289155633294344,3240,0.0,2.468230134885137e-07,0.00011634545400738716,0.01950477917989095,2.4682295256692873e-07,0.00011633191927678261,0.01913162113431284,4824,0.0,1.1165512488720829e-06,2.5622579362500987e-05,0.08582858914428798,1.1165500021867836e-06,2.5621922862660285e-05,0.07904432615089566
339,5.65,True,valid,12.556892842317323,0.9595396296474218,1.2614466686973573,8815.326403683266,1906.9434034689602,8608.587301226347,9046.705476985284,63.88963739124823,2221.191345029455,0.0010440499531240049,1585.0,124077.5466632286,2.026957488363501e-05,7338,73273,135.45379638671875,0,1.862645149230957e-09,3240,0.0,0.0012910441160202026,0.003840986967086792,0.037660667419433594,0.0012893794702418299,0.0038262902358673504,0.03629381800997835,3240,0.0,2.4572184580999117e-07,0.00011314672728379568,0.019504777590433755,2.457217854307805e-07,0.00011313392655006072,0.01913161960509166,4824,0.0,1.108958628923272e-06,2.491878112731083e-05,0.07585657410285461,1.108957399135395e-06,2.4918160196888647e-05,0.07050807322166583
340,5.666666666666667,True,valid,12.589885486150553,0.9605839831852573,1.261217761424522,8767.712912757162,1709.9967610477904,8661.682655208144,9111.109185099542,56.79079816570396,2061.118038149919,0.001132517543233543,1585.0,124873.81079996306,2.326465475177458e-05,7395,73753,136.34048461914062,0,2.7939677238464355e-09,3240,0.0,0.0012917442321777343,0.0038476390838623046,0.03766733932495117,0.0012900777816442347,0.0038328915004768207,0.036300014366314595,3240,0.0,2.4404856958426534e-07,0.00011292554438114167,0.019504766464233398,2.4404851002457556e-07,0.00011291279364242544,0.019131608900543252,4824,0.0,1.0393167001933115e-06,2.492398607459968e-05,0.0701675888485689,1.0393156200152308e-06,2.4923364884973675e-05,0.06556691641546039
341,5.683333333333334,True,valid,12.620180163074393,0.9587267764326127,1.2595019298464656,9027.936209079557,2243.122679574648,8772.068802988608,9223.55166655987,58.347272965112815,2514.792475161563,0.0018242096975046307,1585.0,126711.89896463673,0.00010639528069586233,7419,74098,137.230224609375,0,3.725290298461914e-09,3240,0.0,0.0012945868968963622,0.003848581790924072,0.03767417526245117,0.0012929131085272375,0.003833826993189531,0.03630636298038594,3240,0.0,2.4190951080527157e-07,0.00011073557039101918,0.019504766464233398,2.419094522850743e-07,0.00011072330936605151,0.019131608900543252,4824,0.0,9.63794893797242e-07,2.512248888423223e-05,0.07160314083653052,9.6379396489754e-07,2.5121857760610192e-05,0.06681871124475675
342,5.7,True,valid,12.640926049929801,0.9580362793578844,1.2583647039109032,9242.61206875782,2668.4115039175504,8728.330161761067,9148.375713958829,62.59056598162205,2856.8386094182692,0.0013892595626482608,1585.0,132743.7694328736,6.47740596560405e-05,7660,75570,138.12301635742188,0,2.561137080192566e-09,3240,0.0,0.0012971899509429932,0.003858240008354187,0.03768415832519531,0.0012955094291301735,0.0038434112053346123,0.03631563421572987,3240,0.0,2.39433526682357e-07,0.00011510611822207768,0.01950476328531901,2.3943346935395697e-07,0.00011509287032783716,0.01913160584210081,4824,0.0,9.704532044520923e-07,2.477878390541842e-05,0.06990797013919288,9.704522626735842e-07,2.4778169932193417e-05,0.06534017138885131
343,5.716666666666667,True,valid,12.663198128025995,0.9593267770810541,1.2595402074713633,7713.993265376765,1593.6777735975306,7516.961454535027,7948.716439081779,58.79652025347431,1962.6481724412229,0.0015488090586403068,1585.0,107564.94609930136,0.0001170608836325513,7690,76028,139.01885986328125,0,2.7939677238464355e-09,3240,0.0,0.0012942198514938354,0.003865270614624023,0.037690620422363284,0.0012925470114925727,0.003850387823197906,0.03632163544758876,3240,0.0,2.365539209373916e-07,0.00011427621667583784,0.019504776000976564,2.3655386497964734e-07,0.00011426315911298687,0.019131618075870476,4824,0.0,9.435789279516659e-07,2.440819287115383e-05,0.05892455742012534,9.435780376113128e-07,2.4407597125807498e-05,0.055645661447010136
344,5.733333333333333,True,valid,12.689147761505842,0.960120355654989,1.2517504690209262,6857.306242447076,1755.845596357318,6562.75798370294,6972.417791022946,60.3675726466937,2139.6116124157834,0.0015907872259311904,1585.0,68206.58245321544,0.0001977942153427799,7613,75470,139.91775512695312,0,1.862645149230957e-09,3240,0.0,0.00129133939743042,0.0038685927391052246,0.03769187927246094,0.0012896739905965216,0.003853684403592874,0.03632280451003163,3240,0.0,2.3419440064268808e-07,0.0001164675752321879,0.019504764874776204,2.3419434579568366e-07,0.00011645401204587663,0.019131607371322034,4824,0.0,8.867544443160092e-07,2.418084927704366e-05,0.04918444926732771,8.867536579832619e-07,2.4180264577649474e-05,0.04687874405846795
345,5.75,True,valid,12.719589500801408,0.9619821274882021,1.2505540626562137,6865.063032001955,2524.03999233315,6302.903381199438,6684.647666133258,53.6992876220696,2794.793638955093,0.0013807363870968307,1585.0,65099.093776507165,2.777526605075397e-05,7461,74560,140.8197021484375,0,3.725290298461914e-09,3240,0.0,0.0012938014268875121,0.003856228709220886,0.037690727233886716,0.0012921296676797443,0.0038414153320934018,0.036321734640875854,3240,0.0,2.322713650452594e-07,0.00011732325578729311,0.019504788716634115,2.3227131109528493e-07,0.00011730949265262414,0.019131630309639835,4824,0.0,4.555815654744321e-07,2.431082119299108e-05,0.06143846689987908,4.555813579199638e-07,2.4310230191133833e-05,0.057882269029990135
346,5.766666666666667,True,valid,12.755147759673918,0.9631500807482243,1.254611193790334,7201.899054587692,3648.7863058282624,6215.843758827006,6585.130847330853,54.02540392464078,3851.257586489607,0.001529902031800894,1585.0,121038.0430672802,4.860993721490128e-05,7111,72416,141.72470092773438,0,3.725290298461914e-09,3240,0.0,0.0012965657711029052,0.003859700322151184,0.03768072509765625,0.001294886865116145,0.003844860312433806,0.036312445809485484,3240,0.0,2.3106326504300039e-07,0.00011660723015666008,0.01950476010640462,2.310632116527803e-07,0.00011659363436668601,0.01913160278365834,4824,0.0,4.0303016118558066e-07,2.4400342789830013e-05,0.07155888151676888,4.0302999875233527e-07,2.439974742757741e-05,0.06678016742811071
347,5.783333333333333,True,valid,12.796256071165221,0.964576966100446,1.2557038175181447,6704.205786079624,2313.8798958314514,6230.236677542998,6602.277781219852,62.56813504659414,2606.494232916133,0.0021277256600859824,1585.0,61032.30102291875,4.363999699605861e-05,7294,73892,142.63275146484375,0,5.587935447692871e-09,3240,0.0,0.0012971678972244264,0.003840443730354309,0.03766660308837891,0.0012954874325157093,0.0038257511478388714,0.03629933060992116,3240,0.0,2.3026698424170414e-07,0.00011610458294550579,0.019504804611206055,2.3026693121883233e-07,0.00011609110423027621,0.01913164560185111,4824,0.0,4.6087290224883193e-07,2.481884133657821e-05,0.07099252083003747,4.608726898450978e-07,2.4818225376577588e-05,0.06628666349137252
348,5.8,True,valid,12.832766367671613,0.9667844597979266,1.2522819381335535,6391.048856891991,1540.4006186653444,6216.325858742386,6616.4662736287,61.12943790447001,1973.1745481917767,0.0013704335160309442,1585.0,63061.33458773757,9.25379313040617e-05,7282,73788,143.54385375976562,0,7.450580596923828e-09,3240,0.0,0.0012959215641021728,0.003841312527656555,0.03765309143066406,0.0012942443249722244,0.003826613310009253,0.036286781913548644,3240,0.0,2.296294163291653e-07,0.00011446174855033557,0.019504766464233398,2.2962936359950858e-07,0.00011444864854797665,0.019131608900543252,4824,0.0,5.48025109294642e-07,2.4945860868464987e-05,0.057203099912199094,5.480248089632862e-07,2.4945238588002652e-05,0.05410795703961691
349,5.816666666666666,True,valid,12.868201229559544,0.9682682104553558,1.25083030273347,6360.239711132911,1190.0073459218918,6263.950995330414,6680.202023095229,54.3270189906648,1672.5338866959517,0.0012519306336639545,1585.0,67179.45116185174,5.571654042606139e-05,6820,70728,144.4580078125,0,3.725290298461914e-09,3240,0.0,0.0012934457063674928,0.003838416337966919,0.03763722610473633,0.0012917748657138416,0.003823739234625834,0.03627204687521236,3240,0.0,2.2895299480296672e-07,0.00011484858890374502,0.019504804611206055,2.289529423835049e-07,0.00011483540021910087,0.01913164560185111,4824,0.0,8.612743417212573e-07,2.5039802943064565e-05,0.05293615837354539,8.612735999284046e-07,2.5039175966732263e-05,0.05027480341763082
350,5.833333333333333,True,valid,12.900201565202188,0.9695236389726807,1.2540744806783517,6289.382425279891,1151.1102108733662,6197.00244966381,6612.506029254845,62.415856442707835,1648.3105874894252,0.0023715671574847637,1585.0,64511.03481288453,6.055690053149401e-05,6502,68154,145.37521362304688,0,3.725290298461914e-09,3240,0.0,0.0012938517332077026,0.0038436222076416015,0.03762981414794922,0.0012921798440768278,0.0038289053404625024,0.036265162811314346,3240,0.0,2.2821302991360426e-07,0.00011471235503753027,0.019504772822062175,2.2821297783242915e-07,0.00011469919762062281,0.019131615017428088,4824,0.0,8.238586007271393e-07,2.511471862529799e-05,0.05386556286878934,8.238579219847045e-07,2.5114087891873992e-05,0.05111236647885023
351,5.85,True,valid,12.936845520953845,0.9710785057314888,1.2533014925918295,6510.065305427897,2039.4174215827186,6156.8465646745135,6572.714891416719,69.38114525551896,2320.318605911886,0.0013697187654012877,1585.0,59196.29394615336,4.5534632214260233e-05,6385,67245,146.29547119140625,0,3.725290298461914e-09,3240,0.0,0.0012915968894958497,0.0038483341932296754,0.03761631774902344,0.0012899308188625421,0.0038335812912060306,0.03625262739759842,3240,0.0,2.2759995772503315e-07,0.00011572818582256635,0.019504780769348144,2.275999059233042e-07,0.00011571479435698513,0.019131622663534017,4824,0.0,8.3181572250259e-07,2.6056958636686026e-05,0.057072129076775314,8.318150305857693e-07,2.6056279689283773e-05,0.053990761374648026
352,5.866666666666666,True,valid,12.973890646665165,0.9725860505092546,1.2527364237881067,6369.083096229335,1386.128439104313,6198.578985234607,6621.733360400138,72.0652803306137,1799.3621849968,0.0017390143434375008,1585.0,58483.50793316928,0.00014201957305494197,6260,66395,147.21878051757812,0,7.450580596923828e-09,3240,0.0,0.001290847659111023,0.0038299622535705566,0.0376212158203125,0.0012891835195826054,0.0038153496085727664,0.036257176748810294,3240,0.0,2.2701271518599242e-07,0.00011180112759272257,0.019504768053690592,2.2701266365123124e-07,0.00011178862949077962,0.019131610429764467,4824,0.0,8.436074646222549e-07,2.627649199708299e-05,0.05380116112051034,8.436067529493009e-07,2.6275801561180472e-05,0.05105437639042207
353,5.883333333333334,True,valid,13.01263619106,0.9732865333111052,1.24659886855529,6354.197271747143,1417.2173026962475,6222.644976644938,6657.579205035899,68.00479883558918,1814.077019783645,0.0020573868524054943,1585.0,61045.99189071911,5.4078117300661575e-05,6152,65379,148.1451416015625,0,3.725290298461914e-09,3240,0.0,0.0012958139181137086,0.003820470690727234,0.03762568664550781,0.0012941369574323226,0.0038059302457023802,0.03626132923438524,3240,0.0,2.2625878045801074e-07,0.0001100544383128484,0.019504777590433755,2.262587292649866e-07,0.00011004232764947901,0.01913161960509166,4824,0.0,9.372011735676021e-07,2.6271567313472803e-05,0.0633158704300048,9.372002952223855e-07,2.6270877134923363e-05,0.059545683639989196
354,5.9,True,valid,13.054174046093415,0.9721948131706338,1.2501686315177059,6344.986896677293,1237.943514788237,6244.01538288341,6677.855531375624,59.2282414632772,1718.1672985253233,0.0016349870422866849,1585.0,61482.87952673585,2.779033076091682e-05,5932,63452,149.07455444335938,0,3.725290298461914e-09,3240,0.0,0.0013954353332519532,0.003808576345443726,0.037622379302978515,0.0013934908069433826,0.0037941261245533677,0.036258257390565624,3240,0.0,2.252322155982256e-07,0.00010842576002081235,0.019504764874776204,2.252321648686861e-07,0.00010841400509294889,0.019131607371322034,4824,0.0,9.338546283886818e-07,2.6774196076746295e-05,0.0742707951423341,9.338537563050294e-07,2.677347923836295e-05,0.06913600879608171
355,5.916666666666667,True,valid,13.104963464942516,0.9739269653962989,1.2559521287664628,6631.099050362749,2088.2753245958484,6282.830807803669,6726.565137052135,61.98713517759489,2402.779368653218,0.0012904723982426927,1585.0,60809.81545318463,4.609926692761297e-05,5764,62400,150.00701904296875,0,7.450580596923828e-09,3240,0.0,0.0013959074020385741,0.003823927402496338,0.03761574172973633,0.0013939615607777272,0.0038093606830214358,0.036252092385404416,3240,0.0,2.2399532705700647e-07,0.00010894325872262319,0.019504764874776204,2.239952768831112e-07,0.0001089313913645358,0.019131607371322034,4824,0.0,1.1188935037789049e-06,2.7006271726085824e-05,0.0942793552905793,1.1188922518576327e-06,2.700554240697381e-05,0.08615656946716681
356,5.933333333333334,True,valid,13.159108381840413,0.9760903886824359,1.2623906298585736,6514.6002356404115,1749.7691189649972,6278.203257989311,6729.310181587373,65.4298862347551,2108.215173916997,0.001303054475438353,1585.0,58115.343283609225,9.891611647972398e-05,5636,61714,150.94253540039062,0,7.450580596923828e-09,3240,0.0,0.001398457169532776,0.0038207021951675415,0.03761050796508789,0.0013965042181965563,0.0038061599905547753,0.036247231187787235,3240,0.0,2.2264483656423788e-07,0.00010723744208614031,0.019504785537719727,2.2264478699352567e-07,0.00010722594344433022,0.019131627251197523,4824,0.0,1.1259831398777265e-06,2.7209893523837503e-05,0.06629998918338244,1.1259818720411228e-06,2.7209153165656634e-05,0.062177614044765926
357,5.95,True,valid,13.208751142304324,0.9759457975359802,1.261680219277929,6422.618855453142,1691.100103701225,6288.15593812566,6746.502229932478,65.22959862055274,2057.80513229234,0.0016452169418798405,1585.0,58894.008301109614,4.404692716057094e-05,5694,62184,151.881103515625,0,7.450580596923828e-09,3240,0.0,0.0013983253240585328,0.0038199236392974854,0.03760715103149414,0.001396372740693396,0.0038053873489396883,0.03624411319265538,3240,0.0,2.212325974445169e-07,0.00010757312178611755,0.021658897399902344,2.212325485006656e-07,0.00010756155097795306,0.021199734524921892,4824,0.0,1.231361472482207e-06,2.740142551986827e-05,0.0518528860987787,1.231359956232998e-06,2.7400674702269022e-05,0.04929670943918409
358,5.966666666666667,True,valid,13.249651748189061,0.9795916878243919,1.2653741902736633,6648.52224009795,1884.3938918062588,6417.447057966039,6889.101192316066,73.94365542696447,2229.51730244147,0.0018382577494192103,1585.0,59213.20887776027,0.0001825900170013814,5708,62198,152.82272338867188,0,7.450580596923828e-09,3240,0.0,0.0013952685594558717,0.0038191770315170286,0.03760451889038086,0.001393324497591263,0.0038046464133060496,0.03624166838690652,3240,0.0,2.1979911252856254e-07,0.00010501669719815255,0.02138446013132731,2.197990642169233e-07,0.00010500566983340936,0.020936739265230004,4824,0.0,1.3206710070739334e-06,2.74996290605659e-05,0.052631550461504674,1.320669262904328e-06,2.7498872851689276e-05,0.04999997429150727
359,5.983333333333333,True,valid,13.289084714645213,0.9861264438164484,1.2749303162535255,6572.294537804158,1498.5966453528852,6427.905407288987,6909.04823758307,77.24539351123941,1960.4094952859746,0.0014774325310020358,1585.0,59307.8946931611,4.820370923416062e-05,5898,63432,153.76739501953125,0,7.450580596923828e-09,3240,0.0,0.001395105242729187,0.0038100197315216067,0.037600582122802734,0.001393161635627354,0.0037955585783818408,0.03623801178472412,3240,0.0,2.183988302325209e-07,0.00010164986364543437,0.021425271034240724,2.183987825344823e-07,0.0001016395319995653,0.020975857599985402,4824,0.0,1.4174992810938767e-06,2.718442298695841e-05,0.05585862119755717,1.417497271792513e-06,2.718368401411608e-05,0.052903504386034375
360,6.0,True,valid,13.332168315988278,0.9851737719819376,1.281477055782718,6770.285828842277,2061.9571965333207,6433.566580363006,6928.3319357716055,78.6611046324717,2430.0969136575095,0.0011783404556156348,1585.0,65384.09220121582,7.776700074771805e-05,5865,63589,154.71511840820312,0,7.450580596923828e-09,3240,0.0,0.00139551842212677,0.0038096922636032104,0.03759580612182617,0.0013935736644055015,0.003795233591066969,0.0362335756370742,3240,0.0,2.1699597709812224e-07,9.822762260834375e-05,0.01960020383199056,2.1699593001087837e-07,9.82179748837985e-05,0.01922342086469441,4824,0.0,1.6603163069519902e-06,2.77787266256058e-05,0.0546554206634451,1.660313550306328e-06,2.7777954989252115e-05,0.05182301213515157
