frame,time_s,valid,status,stretch_score,shear_score,bend_score,original_rms_N,alm_rms_N,constitutive_gap_rms_N,elastic_rms_N,damping_rms_N,contact_rms_N,inertia_rms_N,free_vertices,original_max_N,iterate_change_rms_m,self_contact_vt_candidates,self_contact_ee_candidates,body_max_abs_translation_m,soft_contact_count,pin_error_m,tri_stretch_active_rows,tri_stretch_floor_fraction,tri_stretch_rho_over_k_min,tri_stretch_rho_over_k_median,tri_stretch_rho_over_k_max,tri_stretch_effective_over_k_min,tri_stretch_effective_over_k_median,tri_stretch_effective_over_k_max,tri_area_active_rows,tri_area_floor_fraction,tri_area_rho_over_k_min,tri_area_rho_over_k_median,tri_area_rho_over_k_max,tri_area_effective_over_k_min,tri_area_effective_over_k_median,tri_area_effective_over_k_max,bend_active_rows,bend_floor_fraction,bend_rho_over_k_min,bend_rho_over_k_median,bend_rho_over_k_max,bend_effective_over_k_min,bend_effective_over_k_median,bend_effective_over_k_max
0,0.0,True,valid,0.0,0.0,0.0,,,,,,,,,,,0,0,0.1509999930858612,0,0.0,0,,,,,,,,0,,,,,,,,0,,,,,,,
1,0.016666666666666666,True,valid,0.0031209522036689057,0.001466858770981657,6.257420073119728e-05,0.012787131056633847,0.010755436853849153,0.004134152865802389,0.01264161823628,0.0003599089066283503,0.0,0.00010409777417372268,1585.0,0.059947816728318226,1.9023004008043297e-06,0,15504,0.14950264990329742,0,0.0,3240,1.0,0.1,0.1,0.1,0.09090909090909091,0.09090909090909091,0.09090909090909091,3240,1.0,0.1,0.1,0.1,0.09090909090909091,0.09090909090909091,0.09090909090909091,4824,1.0,0.09999999794283958,0.10000000121918592,0.10000000617148178,0.09090908920895832,0.09090909191668257,0.09090909600948903
2,0.03333333333333333,True,valid,0.009954489852260372,0.0047459147065833625,0.000728828259871,0.03776212073460761,0.03570554381469912,0.005360674941684947,0.03757744520358491,0.00042273019617009467,0.0,0.00010049511165051707,1585.0,0.1648720246262988,1.987117407870094e-06,0,15504,0.14528286457061768,0,0.0,3240,1.0,0.1,0.1,0.1,0.09090909090909091,0.09090909090909091,0.09090909090909091,3240,1.0,0.1,0.1,0.1,0.09090909090909091,0.09090909090909091,0.09090909090909091,4824,1.0,0.09999999794283958,0.10000000121918592,0.10000000617148178,0.09090908920895832,0.09090909191668257,0.09090909600948903
3,0.05,True,valid,0.018548734100425457,0.009278845531103334,0.0016514295860776608,0.07054849648655236,0.06837130316761938,0.005693752583255466,0.07032267733247859,0.0005395978613661737,0.0,0.0001372321777101954,1585.0,0.3252321057354816,2.7631290545096377e-06,0,15504,0.13834063708782196,0,0.0,3240,1.0,0.1,0.1,0.1,0.09090909090909091,0.09090909090909091,0.09090909090909091,3240,1.0,0.1,0.1,0.1,0.09090909090909091,0.09090909090909091,0.09090909090909091,4824,1.0,0.09999999794283958,0.10000000121918592,0.10000000617148178,0.09090908920895832,0.09090909191668257,0.09090909600948903
4,0.06666666666666667,True,valid,0.0264102231992183,0.013696939284491288,0.002484021128922748,0.09886650871675956,0.0975567228892148,0.004984621798922225,0.0987329068508304,0.000461408589090305,0.0,0.00017311448475839996,1585.0,0.41024710838200323,3.6714922251358535e-06,0,15504,0.12867596745491028,0,0.0,3240,1.0,0.1,0.1,0.1,0.09090909090909091,0.09090909090909091,0.09090909090909091,3240,1.0,0.1,0.1,0.1,0.09090909090909091,0.09090909090909091,0.09090909090909091,4824,1.0,0.09999999794283958,0.10000000121918592,0.10000000617148178,0.09090908920895832,0.09090909191668257,0.09090909600948903
5,0.08333333333333333,True,valid,0.031238098405666208,0.01665643775711308,0.002794798265745231,0.11434142772908319,0.11415088362836379,0.0031336684847382604,0.11433288149854776,0.00027935321343828666,0.0,0.00020091339896174243,1585.0,0.47648735312938084,4.282248633325849e-06,0,15504,0.11628885567188263,68,0.0,3240,1.0,0.1,0.1,0.1,0.09090909090909091,0.09090909090909091,0.09090909090909091,3240,1.0,0.1,0.1,0.1,0.09090909090909091,0.09090909090909091,0.09090909090909091,4824,1.0,0.09999999794283958,0.10000000121918592,0.10000000617148178,0.09090908920895832,0.09090909191668257,0.09090909600948903
6,0.1,True,valid,0.032082806833135746,0.017319276972726894,0.003426104833465629,0.1359445349489055,0.12872859843694984,0.04735936962798157,0.21905812834277352,0.005556595064099662,0.16559487495616496,0.00017729665666298198,1585.0,1.0700073110758712,4.320857601689328e-06,0,15504,0.10117930173873901,122,0.0,3240,1.0,0.1,0.1,0.1,0.09090909090909091,0.09090909090909091,0.09090909090909091,3240,1.0,0.1,0.1,0.1,0.09090909090909091,0.09090909090909091,0.09090909090909091,4824,1.0,0.09999999794283958,0.10000000121918592,0.10000000617148178,0.09090908920895832,0.09090909191668257,0.09090909600948903
7,0.11666666666666667,True,valid,0.0328234892749972,0.01841218063561491,0.005900794112851508,3.4764676374249803,2.480993586205055,1.3454863188961927,1.4854281163434402,0.10377727248189207,2.4289873673392375,0.0004084642085760404,1585.0,96.4719637053034,1.230007736644178e-05,0,15656,0.09039898216724396,131,0.0,3240,1.0,0.1,0.1,0.1,0.09090909090909091,0.09090909090909091,0.09090909090909091,3240,1.0,0.1,0.1,0.1,0.09090909090909091,0.09090909090909091,0.09090909090909091,4824,1.0,0.09999999794283958,0.10000000121918592,0.10000000617148178,0.09090908920895832,0.09090909191668257,0.09090909600948903
8,0.13333333333333333,True,valid,0.035019656554298804,0.019648753657781712,0.0036480141701604302,0.20555675963594494,0.20290135957011363,0.05677055807072691,0.21327056872673691,0.007233570837789869,0.06672722626732581,0.0004672697164212213,1585.0,1.4652168172479978,9.357076611260625e-06,0,15772,0.09187108278274536,130,0.0,3240,1.0,0.1,0.1,0.1,0.09090909090909091,0.09090909090909091,0.09090909090909091,3240,1.0,0.1,0.1,0.1,0.09090909090909091,0.09090909090909091,0.09090909090909091,4824,1.0,0.09999999794283958,0.10000000121918592,0.10000000617148178,0.09090908920895832,0.09090909191668257,0.09090909600948903
9,0.15,True,valid,0.03191969564889678,0.01689083534318328,0.0030819659567206947,0.27107874581286534,0.16379693481642438,0.19930264385429117,0.351290452370783,0.045030976217817306,0.16500037871039408,0.00022030762670604035,1585.0,5.206031022614757,6.990853456849156e-06,0,15734,0.09417645633220673,130,0.0,3240,1.0,0.1,0.1,0.1,0.09090909090909091,0.09090909090909091,0.09090909090909091,3240,1.0,0.1,0.1,0.1,0.09090909090909091,0.09090909090909091,0.09090909090909091,4824,1.0,0.09999999794283958,0.10000000121918592,0.10000000617148178,0.09090908920895832,0.09090909191668257,0.09090909600948903
10,0.16666666666666666,True,valid,0.023801757727406666,0.013224633880661947,0.0023389047278092024,0.12942170409294715,0.12460664953967249,0.03514516942577762,0.14764734985252714,0.004995046814316111,0.09172334138873936,0.0003116444225684489,1585.0,2.184852823959144,6.162436803706764e-06,0,15504,0.0987723097205162,132,0.0,3240,1.0,0.1,0.1,0.1,0.09090909090909091,0.09090909090909091,0.09090909090909091,3240,1.0,0.1,0.1,0.1,0.09090909090909091,0.09090909090909091,0.09090909090909091,4824,1.0,0.09999999794283958,0.10000000121918592,0.10000000617148178,0.09090908920895832,0.09090909191668257,0.09090909600948903
11,0.18333333333333332,True,valid,0.014483694579032012,0.008823875460516026,0.00294029473437877,0.14904321548173607,0.1287430288767954,0.07089425525278302,0.21152133433447395,0.007507036334082651,0.18405056835778943,0.0001441058526487929,1585.0,2.4279518575376637,3.3291399576686597e-06,0,15546,0.10267771780490875,130,0.0,3240,1.0,0.1,0.1,0.1,0.09090909090909091,0.09090909090909091,0.09090909090909091,3240,1.0,0.1,0.1,0.1,0.09090909090909091,0.09090909090909091,0.09090909090909091,4824,1.0,0.09999999794283958,0.10000000121918592,0.10000000617148178,0.09090908920895832,0.09090909191668257,0.09090909600948903
12,0.2,True,valid,0.008887780122855017,0.005954491745423967,0.0010734027014082748,0.13717810997921057,0.10260902659382594,0.05027901501131248,0.08859211427354345,0.0039602234154540025,0.07625382657294077,0.00016912542879861763,1585.0,3.2433942914278386,3.565388092800103e-06,0,15566,0.10720468312501907,131,0.0,3240,1.0,0.1,0.1,0.1,0.09090909090909091,0.09090909090909091,0.09090909090909091,3240,1.0,0.1,0.1,0.1,0.09090909090909091,0.09090909090909091,0.09090909090909091,4824,1.0,0.09999999794283958,0.10000000121918592,0.10000000617148178,0.09090908920895832,0.09090909191668257,0.09090909600948903
13,0.21666666666666667,True,valid,0.006872865506407589,0.0061645164530173425,0.0016020246581075165,0.0818040361197619,0.07927347737335888,0.016064208997656447,0.08383966252833956,0.001871071050776707,0.011326874238595715,0.0001581726239178071,1585.0,0.5371687555755834,3.4309946201772664e-06,0,15792,0.10960564762353897,129,0.0,3240,1.0,0.1,0.1,0.1,0.09090909090909091,0.09090909090909091,0.09090909090909091,3240,1.0,0.1,0.1,0.1,0.09090909090909091,0.09090909090909091,0.09090909090909091,4824,1.0,0.09999999794283958,0.10000000121918592,0.10000000617148178,0.09090908920895832,0.09090909191668257,0.09090909600948903
14,0.23333333333333334,True,valid,0.005382336808535591,0.004475677264596373,0.0010565986096538254,0.056049636659795905,0.05267232297486309,0.015377752562424685,0.056444303877020784,0.0027771187443631955,0.00784571479618722,0.00014659144993724657,1585.0,0.288133086310613,2.932386110769142e-06,0,15830,0.10931112617254257,127,0.0,3240,1.0,0.1,0.1,0.1,0.09090909090909091,0.09090909090909091,0.09090909090909091,3240,1.0,0.1,0.1,0.1,0.09090909090909091,0.09090909090909091,0.09090909090909091,4824,1.0,0.09999999794283958,0.10000000121918592,0.10000000617148178,0.09090908920895832,0.09090909191668257,0.09090909600948903
15,0.25,True,valid,0.007889468416155293,0.00456879855117154,0.0017171634017652336,0.06394509250499945,0.06189823962854247,0.009695588800147713,0.06376933037697335,0.001082899058575062,0.0,8.943740899017208e-05,1585.0,0.35042501694976597,2.0371784405697778e-06,0,15505,0.1062941625714302,126,0.0,3240,1.0,0.1,0.1,0.1,0.09090909090909091,0.09090909090909091,0.09090909090909091,3240,1.0,0.1,0.1,0.1,0.09090909090909091,0.09090909090909091,0.09090909090909091,4824,1.0,0.09999999794283958,0.10000000121918592,0.10000000617148178,0.09090908920895832,0.09090909191668257,0.09090909600948903
16,0.26666666666666666,True,valid,0.015136446114677944,0.008294145061715266,0.0011610788423180446,0.33723014915654875,0.1012016882891414,0.2526265826102732,0.31882578019579094,0.01875342776847335,0.0,0.00017787576334024589,1585.0,10.97612050747123,5.270023038868553e-06,0,15504,0.10055475682020187,138,0.0,3240,1.0,0.1,0.1,0.1,0.09090909090909091,0.09090909090909091,0.09090909090909091,3240,1.0,0.1,0.1,0.1,0.09090909090909091,0.09090909090909091,0.09090909090909091,4824,1.0,0.09999999794283958,0.10000000121918592,0.10000000617148178,0.09090908920895832,0.09090909191668257,0.09090909600948903
17,0.2833333333333333,True,valid,0.021800597763960067,0.011455384712548247,0.0020367373063235354,1.6536651197108867,1.2299272705256017,0.624294322224742,0.6878743066048101,0.041236392324395056,1.2360393504944547,0.0001477556568158201,1585.0,45.88422375975272,4.3555803822321375e-06,0,15504,0.09209290891885757,148,0.0,3240,1.0,0.1,0.1,0.1,0.09090909090909091,0.09090909090909091,0.09090909090909091,3240,1.0,0.1,0.1,0.1,0.09090909090909091,0.09090909090909091,0.09090909090909091,4824,1.0,0.09999999794283958,0.10000000121918592,0.10000000617148178,0.09090908920895832,0.09090909191668257,0.09090909600948903
18,0.3,True,valid,0.026983673939897333,0.014595743098527993,0.0034627426343155124,0.6426148126713455,0.34708786635155575,0.4157029021890034,0.6742503049511449,0.07693835844225944,0.5562424683116236,0.00016758864350007873,1585.0,17.193743894577835,4.725734960352786e-06,0,15504,0.08349936455488205,154,0.0,3240,1.0,0.1,0.1,0.1,0.09090909090909091,0.09090909090909091,0.09090909090909091,3240,1.0,0.1,0.1,0.1,0.09090909090909091,0.09090909090909091,0.09090909090909091,4824,1.0,0.09999999794283958,0.10000000121918592,0.10000000617148178,0.09090908920895832,0.09090909191668257,0.09090909600948903
19,0.31666666666666665,True,valid,0.03157185843500789,0.016858829137171717,0.003921582670637716,0.1370482497706809,0.1130510751163373,0.07018579333908258,0.3659431671319655,0.00499907437122405,0.33457123728191607,0.00018044624978983865,1585.0,2.020232972363691,3.678525402348112e-06,0,15602,0.07927413284778595,152,0.0,3240,1.0,0.1,0.1,0.1,0.09090909090909091,0.09090909090909091,0.09090909090909091,3240,1.0,0.1,0.1,0.1,0.09090909090909091,0.09090909090909091,0.09090909090909091,4824,1.0,0.09999999794283958,0.10000000121918592,0.10000000617148178,0.09090908920895832,0.09090909191668257,0.09090909600948903
20,0.3333333333333333,True,valid,0.033544101036673275,0.017820548614954343,0.0036036758188275316,0.1240286322382485,0.1122431043760374,0.05804499249513124,0.320140691386705,0.006803050778553852,0.2757124606741685,0.00024159667175524576,1585.0,1.2031167921074388,5.120835646743163e-06,0,15504,0.07821111381053925,153,0.0,3240,1.0,0.1,0.1,0.1,0.09090909090909091,0.09090909090909091,0.09090909090909091,3240,1.0,0.1,0.1,0.1,0.09090909090909091,0.09090909090909091,0.09090909090909091,4824,1.0,0.09999999794283958,0.10000000121918592,0.10000000617148178,0.09090908920895832,0.09090909191668257,0.09090909600948903
21,0.35,True,valid,0.03169554425853858,0.016657030568784013,0.00316338234338538,1.0856436821623348,0.23636564998487036,0.9232773344294444,1.1319755866014642,0.06426621810136186,0.239549995017005,0.00019492377308568388,1585.0,20.36601877937089,7.372571703472601e-06,0,15504,0.08024071156978607,152,0.0,3240,1.0,0.1,0.1,0.1,0.09090909090909091,0.09090909090909091,0.09090909090909091,3240,1.0,0.1,0.1,0.1,0.09090909090909091,0.09090909090909091,0.09090909090909091,4824,1.0,0.09999999794283958,0.10000000121918592,0.10000000617148178,0.09090908920895832,0.09090909191668257,0.09090909600948903
22,0.36666666666666664,True,valid,0.026101477613502344,0.014157712155228186,0.0029500865281969785,0.14256253696113522,0.0986075055625343,0.10099036393318912,0.24726596419654723,0.013808221173694298,0.1519835307489605,0.0001831880568762448,1585.0,2.0740790814907877,3.990090122996934e-06,0,15516,0.08336498588323593,154,0.0,3240,1.0,0.1,0.1,0.1,0.09090909090909091,0.09090909090909091,0.09090909090909091,3240,1.0,0.1,0.1,0.1,0.09090909090909091,0.09090909090909091,0.09090909090909091,4824,1.0,0.09999999794283958,0.10000000121918592,0.10000000617148178,0.09090908920895832,0.09090909191668257,0.09090909600948903
23,0.38333333333333336,True,valid,0.01875781627441715,0.010752600126075117,0.0022438112566615298,0.1253161693036127,0.10366576990669929,0.07177078709422959,0.15795017241989562,0.011337851600182552,0.10087636936052737,0.00017259928047382492,1585.0,1.848127428803767,5.6522793569658346e-06,0,15504,0.08712033927440643,152,0.0,3240,1.0,0.1,0.1,0.1,0.09090909090909091,0.09090909090909091,0.09090909090909091,3240,1.0,0.1,0.1,0.1,0.09090909090909091,0.09090909090909091,0.09090909090909091,4824,1.0,0.09999999794283958,0.10000000121918592,0.10000000617148178,0.09090908920895832,0.09090909191668257,0.09090909600948903
24,0.4,True,valid,0.01230133832786705,0.007843904063595742,0.0012908151180199786,0.0900475542216441,0.07030517623287585,0.058290657694028546,0.09445196521225384,0.009725075755956434,0.02491719113737731,0.00016396760036469976,1585.0,0.7349726641347303,3.122374525918323e-06,0,15504,0.09087541699409485,151,0.0,3240,1.0,0.1,0.1,0.1,0.09090909090909091,0.09090909090909091,0.09090909090909091,3240,1.0,0.1,0.1,0.1,0.09090909090909091,0.09090909090909091,0.09090909090909091,4824,1.0,0.09999999794283958,0.10000000121918592,0.10000000617148178,0.09090908920895832,0.09090909191668257,0.09090909600948903
25,0.4166666666666667,True,valid,0.007417797447717572,0.007403564018747392,0.000994651228752915,0.05350521188422924,0.05170762296762148,0.019955443964027184,0.0540122225782867,0.015494220978585662,0.003410831505286913,0.00014729507351479788,1585.0,0.26095371281265317,2.8216134018731135e-06,0,15582,0.09305714815855026,150,0.0,3240,1.0,0.1,0.1,0.1,0.09090909090909091,0.09090909090909091,0.09090909090909091,3240,1.0,0.1,0.1,0.1,0.09090909090909091,0.09090909090909091,0.09090909090909091,4824,1.0,0.09999999794283958,0.10000000121918592,0.10000000617148178,0.09090908920895832,0.09090909191668257,0.09090909600948903
26,0.43333333333333335,True,valid,0.00588131855314084,0.006448488973859164,0.0008081050786655337,0.1262050425962531,0.04266756760106447,0.11133812897887582,0.14659823188165066,0.00844991517611375,0.05473662396230252,7.820513107275062e-05,1585.0,3.241755599031719,4.157823116549143e-06,0,15672,0.09319969266653061,152,0.0,3240,1.0,0.1,0.1,0.1,0.09090909090909091,0.09090909090909091,0.09090909090909091,3240,1.0,0.1,0.1,0.1,0.09090909090909091,0.09090909090909091,0.09090909090909091,4824,1.0,0.09999999794283958,0.10000000121918592,0.10000000617148178,0.09090908920895832,0.09090909191668257,0.09090909600948903
27,0.45,True,valid,0.007568478893993818,0.007063562573491606,0.0008524132705635451,0.0618680275078709,0.04196921863979784,0.040340678692268664,0.060468623640918984,0.00427442176122452,0.007389912511714772,0.00011097297453237077,1585.0,0.7676377020486004,2.1925429333224455e-06,0,15727,0.09144067764282227,152,0.0,3240,1.0,0.1,0.1,0.1,0.09090909090909091,0.09090909090909091,0.09090909090909091,3240,1.0,0.1,0.1,0.1,0.09090909090909091,0.09090909090909091,0.09090909090909091,4824,1.0,0.09999999794283958,0.10000000121918592,0.10000000617148178,0.09090908920895832,0.09090909191668257,0.09090909600948903
28,0.4666666666666667,True,valid,0.012230709292502811,0.007983478042711016,0.0010849801403284385,0.051959310190776806,0.05045785331951423,0.009315167351678514,0.05966639408729443,0.0011479647480752931,0.029080911389642396,0.00011069085741817694,1585.0,0.2829332735466801,2.3053998301454436e-06,0,15669,0.08694581687450409,153,0.0,3240,1.0,0.1,0.1,0.1,0.09090909090909091,0.09090909090909091,0.09090909090909091,3240,1.0,0.1,0.1,0.1,0.09090909090909091,0.09090909090909091,0.09090909090909091,4824,1.0,0.09999999794283958,0.10000000121918592,0.10000000617148178,0.09090908920895832,0.09090909191668257,0.09090909600948903
29,0.48333333333333334,True,valid,0.018315541277447712,0.010547106654984532,0.0017961089154531706,0.07757067374656393,0.0670354673817287,0.03453269386506197,0.10286100327435578,0.0019147388646520841,0.055772227322149245,0.00014725249498978414,1585.0,1.0416645277311676,2.910833037296422e-06,0,15535,0.07975470274686813,163,0.0,3240,1.0,0.1,0.1,0.1,0.09090909090909091,0.09090909090909091,0.09090909090909091,3240,1.0,0.1,0.1,0.1,0.09090909090909091,0.09090909090909091,0.09090909090909091,4824,1.0,0.09999999794283958,0.10000000121918592,0.10000000617148178,0.09090908920895832,0.09090909191668257,0.09090909600948903
30,0.5,True,valid,0.024961244377649523,0.014014031302160512,0.0026307886045220806,0.09996467794845407,0.09336168198659636,0.03302454975065685,0.1504096599825095,0.006062613264918529,0.10863165162052492,0.0001689895513137566,1585.0,1.4389247115712407,3.663109594576612e-06,0,15504,0.07539590448141098,166,0.0,3240,1.0,0.1,0.1,0.1,0.09090909090909091,0.09090909090909091,0.09090909090909091,3240,1.0,0.1,0.1,0.1,0.09090909090909091,0.09090909090909091,0.09090909090909091,4824,1.0,0.09999999794283958,0.10000000121918592,0.10000000617148178,0.09090908920895832,0.09090909191668257,0.09090909600948903
31,0.5166666666666667,True,valid,0.030227090722583044,0.016856915816124297,0.0031936849260350533,0.2399134942615426,0.15143582970426328,0.1630906547116221,0.2727024767607479,0.04287228908448747,0.16035723605043792,0.00018621552866923723,1585.0,3.2520134146062945,4.074149211284651e-06,0,15504,0.07332596182823181,167,0.0,3240,1.0,0.1,0.1,0.1,0.09090909090909091,0.09090909090909091,0.09090909090909091,3240,1.0,0.1,0.1,0.1,0.09090909090909091,0.09090909090909091,0.09090909090909091,4824,1.0,0.09999999794283958,0.10000000121918592,0.10000000617148178,0.09090908920895832,0.09090909191668257,0.09090909600948903
32,0.5333333333333333,True,valid,0.032656342665114586,0.0177637112360424,0.003514018557981482,0.696269452203016,0.47693552328768885,0.30370040519247093,0.41065591170643573,0.044154770031384516,0.5048297890391638,0.00038180071474110366,1585.0,24.48136823925104,7.405843068377669e-06,0,15588,0.0729101225733757,178,0.0,3240,1.0,0.1,0.1,0.1,0.09090909090909091,0.09090909090909091,0.09090909090909091,3240,1.0,0.1,0.1,0.1,0.09090909090909091,0.09090909090909091,0.09090909090909091,4824,1.0,0.09999999794283958,0.10000000121918592,0.10000000617148178,0.09090908920895832,0.09090909191668257,0.09090909600948903
33,0.55,True,valid,0.03248662331967931,0.017602989636369342,0.0034622391544300124,0.15532589415440445,0.12295340259476524,0.09009351073268812,0.3697354216472992,0.017274210946481777,0.3809026200858738,0.00020217803050598987,1585.0,2.1971006315176154,4.29642132943325e-06,0,15510,0.07145459204912186,172,0.0,3240,1.0,0.1,0.1,0.1,0.09090909090909091,0.09090909090909091,0.09090909090909091,3240,1.0,0.1,0.1,0.1,0.09090909090909091,0.09090909090909091,0.09090909090909091,4824,1.0,0.09999999794283958,0.10000000121918592,0.10000000617148178,0.09090908920895832,0.09090909191668257,0.09090909600948903
34,0.5666666666666667,True,valid,0.02960689220497602,0.015439625933802081,0.00331992425207776,1.1289315829213282,0.8182438206273674,0.428262153483362,0.5077434754049877,0.048354650149981686,0.8853578004407266,0.00017055217602366125,1585.0,38.19926920720299,1.0085164591297959e-05,0,15510,0.07055201381444931,169,0.0,3240,1.0,0.1,0.1,0.1,0.09090909090909091,0.09090909090909091,0.09090909090909091,3240,1.0,0.1,0.1,0.1,0.09090909090909091,0.09090909090909091,0.09090909090909091,4824,1.0,0.09999999794283958,0.10000000121918592,0.10000000617148178,0.09090908920895832,0.09090909191668257,0.09090909600948903
35,0.5833333333333334,True,valid,0.02489642656262982,0.012779839483183848,0.0024460098619581935,0.2312094551373204,0.12154382586188121,0.16752133987219386,0.23965772978095368,0.013799275199522452,0.30373277009063304,0.00017228259225461552,1585.0,4.264121916884372,5.283526332877803e-06,0,15516,0.06985035538673401,172,0.0,3240,1.0,0.1,0.1,0.1,0.09090909090909091,0.09090909090909091,0.09090909090909091,3240,1.0,0.1,0.1,0.1,0.09090909090909091,0.09090909090909091,0.09090909090909091,4824,1.0,0.09999999794283958,0.10000000121918592,0.10000000617148178,0.09090908920895832,0.09090909191668257,0.09090909600948903
36,0.6,True,valid,0.018735568779455845,0.010067015394708513,0.001721949512589076,1.0700214756151787,0.5823441392754937,0.6065990455075121,0.7193424581356952,0.03186658434446712,0.5762165712093085,0.00017828416215926842,1585.0,32.614897328731765,9.58739755292993e-06,0,15516,0.06911814212799072,168,0.0,3240,1.0,0.1,0.1,0.1,0.09090909090909091,0.09090909090909091,0.09090909090909091,3240,1.0,0.1,0.1,0.1,0.09090909090909091,0.09090909090909091,0.09090909090909091,4824,1.0,0.09999999794283958,0.10000000121918592,0.10000000617148178,0.09090908920895832,0.09090909191668257,0.09090909600948903
37,0.6166666666666667,True,valid,0.012412500966385664,0.00859998591245954,0.001275364253845601,0.13556090116069724,0.11114969701568635,0.045846879888915865,0.11021550246871921,0.019240540085988765,0.1399316635667695,0.00012338061632138152,1585.0,4.335921917126444,2.4376223630894463e-06,0,15504,0.06870801746845245,172,0.0,3240,1.0,0.1,0.1,0.1,0.09090909090909091,0.09090909090909091,0.09090909090909091,3240,1.0,0.1,0.1,0.1,0.09090909090909091,0.09090909090909091,0.09090909090909091,4824,1.0,0.09999999794283958,0.10000000121918592,0.10000000617148178,0.09090908920895832,0.09090909191668257,0.09090909600948903
38,0.6333333333333333,True,valid,0.008788976620267609,0.009298400247399464,0.0008798412658348308,0.08182762527296457,0.04453386566884896,0.05805107835175623,0.10858563149200216,0.010725383081196757,0.06783902595114984,0.00010999677030433756,1585.0,1.1822016686310162,2.2572494274961885e-06,0,15644,0.06847748160362244,171,0.0,3240,1.0,0.1,0.1,0.1,0.09090909090909091,0.09090909090909091,0.09090909090909091,3240,1.0,0.1,0.1,0.1,0.09090909090909091,0.09090909090909091,0.09090909090909091,4824,1.0,0.09999999794283958,0.10000000121918592,0.10000000617148178,0.09090908920895832,0.09090909191668257,0.09090909600948903
39,0.65,True,valid,0.008255865737081699,0.01029806520200752,0.0009092350389756567,0.04706382822267023,0.04076650447523166,0.020923294545769987,0.06552431744997549,0.005358869271060475,0.061265353866679535,0.00011936114634138284,1585.0,0.6693600355409415,2.3129929051751437e-06,0,15871,0.06847838312387466,170,0.0,3240,1.0,0.1,0.1,0.1,0.09090909090909091,0.09090909090909091,0.09090909090909091,3240,1.0,0.1,0.1,0.1,0.09090909090909091,0.09090909090909091,0.09090909090909091,4824,1.0,0.09999999794283958,0.10000000121918592,0.10000000617148178,0.09090908920895832,0.09090909191668257,0.09090909600948903
40,0.6666666666666666,True,valid,0.01046870648419923,0.01078246595742831,0.0009792012552121093,0.13286458931865114,0.0402061861835848,0.11188092266899156,0.17490359366989314,0.009279659914365378,0.06749362555788653,0.00010046878891754285,1585.0,2.2022663536964586,2.286266329959207e-06,0,15899,0.0690193921327591,169,0.0,3240,1.0,0.1,0.1,0.1,0.09090909090909091,0.09090909090909091,0.09090909090909091,3240,1.0,0.1,0.1,0.1,0.09090909090909091,0.09090909090909091,0.09090909090909091,4824,1.0,0.09999999794283958,0.10000000121918592,0.10000000617148178,0.09090908920895832,0.09090909191668257,0.09090909600948903
41,0.6833333333333333,True,valid,0.015327953848870585,0.011723095044735721,0.001437176758983988,0.04812125944927529,0.044381135878982785,0.016618501427872398,0.1167319444842373,0.001334646066391842,0.09790813056387704,0.00012512590328103416,1585.0,0.42230436662883863,2.421415446528126e-06,0,15738,0.06942781805992126,168,0.0,3240,1.0,0.1,0.1,0.1,0.09090909090909091,0.09090909090909091,0.09090909090909091,3240,1.0,0.1,0.1,0.1,0.09090909090909091,0.09090909090909091,0.09090909090909091,4824,1.0,0.09999999794283958,0.10000000121918592,0.10000000617148178,0.09090908920895832,0.09090909191668257,0.09090909600948903
42,0.7,True,valid,0.021451313732797756,0.013629747624635811,0.0022141848548050784,0.07083708624349064,0.06405691996918583,0.025856254237887493,0.16090528864492426,0.0019166954528222033,0.13561260596601624,0.0001284424658633657,1585.0,0.7738102892835356,2.5809252651833634e-06,0,15505,0.06986124068498611,166,0.0,3240,1.0,0.1,0.1,0.1,0.09090909090909091,0.09090909090909091,0.09090909090909091,3240,1.0,0.1,0.1,0.1,0.09090909090909091,0.09090909090909091,0.09090909090909091,4824,1.0,0.09999999794283958,0.10000000121918592,0.10000000617148178,0.09090908920895832,0.09090909191668257,0.09090909600948903
43,0.7166666666666667,True,valid,0.027515031469113344,0.01605152440193909,0.0027553386238884097,0.328945998549126,0.24429592510703524,0.12319979842846407,0.267678310954865,0.00913984605090055,0.3067834094542243,0.00014925636823526868,1585.0,11.828062939530275,3.159454711209128e-06,0,15504,0.07016994804143906,164,0.0,3240,1.0,0.1,0.1,0.1,0.09090909090909091,0.09090909090909091,0.09090909090909091,3240,1.0,0.1,0.1,0.1,0.09090909090909091,0.09090909090909091,0.09090909090909091,4824,1.0,0.09999999794283958,0.10000000121918592,0.10000000617148178,0.09090908920895832,0.09090909191668257,0.09090909600948903
44,0.7333333333333333,True,valid,0.031804294357412964,0.018268719723008663,0.0032597181111596106,0.1027821781881796,0.10222820713443674,0.011011217804108853,0.253134928911544,0.0008742368090065196,0.23130861528750618,0.00018356760633005004,1585.0,1.9488700450035623,3.7573172445778305e-06,0,15504,0.07041195780038834,161,0.0,3240,1.0,0.1,0.1,0.1,0.09090909090909091,0.09090909090909091,0.09090909090909091,3240,1.0,0.1,0.1,0.1,0.09090909090909091,0.09090909090909091,0.09090909090909091,4824,1.0,0.09999999794283958,0.10000000121918592,0.10000000617148178,0.09090908920895832,0.09090909191668257,0.09090909600948903
45,0.75,True,valid,0.03328341461889146,0.019421339553182537,0.00374648024993567,0.1927758835830306,0.10682972680230372,0.14808997408642266,0.3409668503398707,0.01014990705425043,0.23356474259042354,0.00017853612371868062,1585.0,3.2484527682417195,4.243626995750718e-06,0,15504,0.07079809159040451,161,0.0,3240,1.0,0.1,0.1,0.1,0.09090909090909091,0.09090909090909091,0.09090909090909091,3240,1.0,0.1,0.1,0.1,0.09090909090909091,0.09090909090909091,0.09090909090909091,4824,1.0,0.09999999794283958,0.10000000121918592,0.10000000617148178,0.09090908920895832,0.09090909191668257,0.09090909600948903
46,0.7666666666666667,True,valid,0.032074200901200556,0.018585863825306137,0.0033804429924249447,0.21791953754476986,0.18133536636003628,0.06442013623303032,0.2368470539101404,0.005356884817523561,0.2508253786525771,0.00018212151609652336,1585.0,7.162753746180362,3.831011078491836e-06,0,15504,0.0719912052154541,161,0.0,3240,1.0,0.1,0.1,0.1,0.09090909090909091,0.09090909090909091,0.09090909090909091,3240,1.0,0.1,0.1,0.1,0.09090909090909091,0.09090909090909091,0.09090909090909091,4824,1.0,0.09999999794283958,0.10000000121918592,0.10000000617148178,0.09090908920895832,0.09090909191668257,0.09090909600948903
47,0.7833333333333333,True,valid,0.028013355885921475,0.015962905080262654,0.0028524324476934563,0.12639544475656445,0.09592320316072306,0.07522295588229727,0.2587014282399623,0.006152611144698868,0.2421461992604564,0.00016734037912765568,1585.0,1.365796410336997,3.5114601300764695e-06,0,15504,0.07349449396133423,163,0.0,3240,1.0,0.1,0.1,0.1,0.09090909090909091,0.09090909090909091,0.09090909090909091,3240,1.0,0.1,0.1,0.1,0.09090909090909091,0.09090909090909091,0.09090909090909091,4824,1.0,0.09999999794283958,0.10000000121918592,0.10000000617148178,0.09090908920895832,0.09090909191668257,0.09090909600948903
48,0.8,True,valid,0.022005060588540487,0.011978138443819474,0.002318855913171927,0.12098961313357011,0.0966446874373419,0.07106272193582007,0.2068605404198778,0.012088031362733405,0.19253962080479559,0.0001529638473475423,1585.0,2.2648644648157186,3.0953711408250007e-06,0,15504,0.07479254901409149,163,0.0,3240,1.0,0.1,0.1,0.1,0.09090909090909091,0.09090909090909091,0.09090909090909091,3240,1.0,0.1,0.1,0.1,0.09090909090909091,0.09090909090909091,0.09090909090909091,4824,1.0,0.09999999794283958,0.10000000121918592,0.10000000617148178,0.09090908920895832,0.09090909191668257,0.09090909600948903
49,0.8166666666666667,True,valid,0.01566684244315897,0.00824481864114561,0.0016652619203128072,0.29291975625163336,0.06995791629319545,0.25168690161624996,0.4014440037629404,0.020328648726747202,0.17931827358531796,0.00012651204137619572,1585.0,5.600625962837886,3.895302070690813e-06,0,15504,0.07573625445365906,164,0.0,3240,1.0,0.1,0.1,0.1,0.09090909090909091,0.09090909090909091,0.09090909090909091,3240,1.0,0.1,0.1,0.1,0.09090909090909091,0.09090909090909091,0.09090909090909091,4824,1.0,0.09999999794283958,0.10000000121918592,0.10000000617148178,0.09090908920895832,0.09090909191668257,0.09090909600948903
50,0.8333333333333334,True,valid,0.010450361650487794,0.006355650184000194,0.0009651212582722055,0.10238738894185331,0.050181580114963605,0.07764244166282029,0.1065399303860145,0.006220748416822804,0.06090360702713271,0.00011194419424571878,1585.0,1.6209954735287366,2.4351929852001093e-06,0,15508,0.07628228515386581,166,0.0,3240,1.0,0.1,0.1,0.1,0.09090909090909091,0.09090909090909091,0.09090909090909091,3240,1.0,0.1,0.1,0.1,0.09090909090909091,0.09090909090909091,0.09090909090909091,4824,1.0,0.09999999794283958,0.10000000121918592,0.10000000617148178,0.09090908920895832,0.09090909191668257,0.09090909600948903
51,0.85,True,valid,0.007629014387747604,0.006591954355609872,0.0006557881163375184,0.06614414851966013,0.03807574329859262,0.047760399543441155,0.061668409167259935,0.0013064432682279002,0.04970737049895977,0.00010280885655789938,1585.0,1.4155247023091178,2.1217475329861403e-06,0,15547,0.0764913260936737,167,0.0,3240,1.0,0.1,0.1,0.1,0.09090909090909091,0.09090909090909091,0.09090909090909091,3240,1.0,0.1,0.1,0.1,0.09090909090909091,0.09090909090909091,0.09090909090909091,4824,1.0,0.09999999794283958,0.10000000121918592,0.10000000617148178,0.09090908920895832,0.09090909191668257,0.09090909600948903
52,0.8666666666666667,True,valid,0.0075355575090930264,0.007731577537946825,0.0007854698345280133,0.12620013326682364,0.05055905086875416,0.09078512459085095,0.11072947579861439,0.007385608960592006,0.06769187541562433,0.00010217518377577269,1585.0,3.3260042331334763,2.532671999995524e-06,0,15765,0.07656484842300415,166,0.0,3240,1.0,0.1,0.1,0.1,0.09090909090909091,0.09090909090909091,0.09090909090909091,3240,1.0,0.1,0.1,0.1,0.09090909090909091,0.09090909090909091,0.09090909090909091,4824,1.0,0.09999999794283958,0.10000000121918592,0.10000000617148178,0.09090908920895832,0.09090909191668257,0.09090909600948903
53,0.8833333333333333,True,valid,0.010624539646974197,0.009111387783796183,0.001257588793595511,0.10714847488879074,0.04234669338136205,0.08482269553977359,0.12171219593984306,0.006746547810464599,0.05138670787921421,8.875331892066559e-05,1585.0,1.5020337858345028,1.8855675638816183e-06,0,15777,0.07662414759397507,166,0.0,3240,1.0,0.1,0.1,0.1,0.09090909090909091,0.09090909090909091,0.09090909090909091,3240,1.0,0.1,0.1,0.1,0.09090909090909091,0.09090909090909091,0.09090909090909091,4824,1.0,0.09999999794283958,0.10000000121918592,0.10000000617148178,0.09090908920895832,0.09090909191668257,0.09090909600948903
54,0.9,True,valid,0.01663573091573482,0.010881202428071116,0.0014593081254406833,0.12044889630552177,0.09110754514018259,0.04756859098276642,0.11851153755806496,0.002841804796736318,0.11149904837877388,0.00013661271505596202,1585.0,3.703420785898688,2.7185493411093897e-06,0,15511,0.07636591047048569,169,0.0,3240,1.0,0.1,0.1,0.1,0.09090909090909091,0.09090909090909091,0.09090909090909091,3240,1.0,0.1,0.1,0.1,0.09090909090909091,0.09090909090909091,0.09090909090909091,4824,1.0,0.09999999794283958,0.10000000121918592,0.10000000617148178,0.09090908920895832,0.09090909191668257,0.09090909600948903
55,0.9166666666666666,True,valid,0.0231508934749963,0.01316555473967282,0.0021992834822024865,0.26650399748483045,0.19578760315723637,0.11073470347048321,0.19472630904533783,0.0022818314895838698,0.21363765101612478,0.0001473167060703875,1585.0,9.158308152782114,3.3926061017546677e-06,0,15504,0.07578766345977783,169,0.0,3240,1.0,0.1,0.1,0.1,0.09090909090909091,0.09090909090909091,0.09090909090909091,3240,1.0,0.1,0.1,0.1,0.09090909090909091,0.09090909090909091,0.09090909090909091,4824,1.0,0.09999999794283958,0.10000000121918592,0.10000000617148178,0.09090908920895832,0.09090909191668257,0.09090909600948903
56,0.9333333333333333,True,valid,0.028475351020129203,0.015313900168306041,0.0029212961341604678,0.14452974498381174,0.12047644593844845,0.06269319793846105,0.2062603344746522,0.03362838367870116,0.17917172612408913,0.00016540703031166893,1585.0,3.7823680700246114,3.4412749369412913e-06,0,15504,0.07506559789180756,166,0.0,3240,1.0,0.1,0.1,0.1,0.09090909090909091,0.09090909090909091,0.09090909090909091,3240,1.0,0.1,0.1,0.1,0.09090909090909091,0.09090909090909091,0.09090909090909091,4824,1.0,0.09999999794283958,0.10000000121918592,0.10000000617148178,0.09090908920895832,0.09090909191668257,0.09090909600948903
57,0.95,True,valid,0.031335290181865,0.016709875182343157,0.003323430938485532,0.4005205432568233,0.32510228383295736,0.13257089257107257,0.2741140641775165,0.012606859068851834,0.38203132938412676,0.00016981562146608386,1585.0,14.503704411486575,3.726425262702343e-06,0,15504,0.07420936226844788,166,0.0,3240,1.0,0.1,0.1,0.1,0.09090909090909091,0.09090909090909091,0.09090909090909091,3240,1.0,0.1,0.1,0.1,0.09090909090909091,0.09090909090909091,0.09090909090909091,4824,1.0,0.09999999794283958,0.10000000121918592,0.10000000617148178,0.09090908920895832,0.09090909191668257,0.09090909600948903
58,0.9666666666666667,True,valid,0.03140654985529218,0.01710475850149106,0.0032475073719261376,0.35046265964499457,0.11694885340353456,0.29035744312346584,0.48839498888230304,0.018726219317669063,0.21959180961700586,0.00017240517808392,1585.0,5.96632099914495,5.799062356449682e-06,0,15504,0.07332643121480942,166,0.0,3240,1.0,0.1,0.1,0.1,0.09090909090909091,0.09090909090909091,0.09090909090909091,3240,1.0,0.1,0.1,0.1,0.09090909090909091,0.09090909090909091,0.09090909090909091,4824,1.0,0.09999999794283958,0.10000000121918592,0.10000000617148178,0.09090908920895832,0.09090909191668257,0.09090909600948903
59,0.9833333333333333,True,valid,0.02865401707348405,0.0158956126914691,0.002798949279213412,0.28134415121577067,0.23885913552974297,0.07371545917772773,0.28948331228567686,0.007765426249422388,0.34361464372889033,0.00019117628445587095,1585.0,10.299379346961993,4.546535429835419e-06,0,15504,0.07245347648859024,168,0.0,3240,1.0,0.1,0.1,0.1,0.09090909090909091,0.09090909090909091,0.09090909090909091,3240,1.0,0.1,0.1,0.1,0.09090909090909091,0.09090909090909091,0.09090909090909091,4824,1.0,0.09999999794283958,0.10000000121918592,0.10000000617148178,0.09090908920895832,0.09090909191668257,0.09090909600948903
60,1.0,True,valid,0.023474464891598015,0.013189835823699167,0.0025674933749123535,0.25154161138711695,0.20169188704565552,0.07212208691091658,0.24211258583345663,0.007191055889551941,0.28918339639653734,0.00013414989772630805,1585.0,9.185931078717665,2.802565196795704e-06,0,15504,0.07154366374015808,169,0.0,3240,1.0,0.1,0.1,0.1,0.09090909090909091,0.09090909090909091,0.09090909090909091,3240,1.0,0.1,0.1,0.1,0.09090909090909091,0.09090909090909091,0.09090909090909091,4824,1.0,0.09999999794283958,0.10000000121918592,0.10000000617148178,0.09090908920895832,0.09090909191668257,0.09090909600948903
61,1.0166666666666666,True,valid,0.01790391125380595,0.010021063974569864,0.0020231946760461135,0.07715206429430753,0.06553136557887522,0.04158693496782526,0.15708271847169678,0.00395498811528369,0.15302811677275707,0.00014531028102193923,1585.0,0.8378955579116201,2.863462638559886e-06,0,15504,0.07075214385986328,168,3.448803909122944e-09,3240,1.0,0.1,0.1,0.1,0.09090909090909091,0.09090909090909091,0.09090909090909091,3240,1.0,0.1,0.1,0.1,0.09090909090909091,0.09090909090909091,0.09090909090909091,4824,1.0,0.09999999794283958,0.10000000121918592,0.10000000617148178,0.09090908920895832,0.09090909191668257,0.09090909600948903
62,1.0333333333333334,True,valid,0.013402986413557999,0.007616196745786142,0.001421781488376275,0.09763611987513078,0.09391103145131467,0.04477203914763575,0.1784894701172628,0.0053490972056891425,0.17462346231039047,0.0001216717213322616,1585.0,1.7926504427803553,2.7352941734746017e-06,0,15567,0.07035455107688904,168,1.7462298274040222e-09,3240,1.0,0.1,0.1,0.1,0.09090909090909091,0.09090909090909091,0.09090909090909091,3240,1.0,0.1,0.1,0.1,0.09090909090909091,0.09090909090909091,0.09090909090909091,4824,1.0,0.09999999794283958,0.10000000121918592,0.10000000617148178,0.09090908920895832,0.09090909191668257,0.09090909600948903
63,1.05,True,valid,0.01073008060462725,0.006973290808840071,0.0011337724660873741,0.4140860625637913,0.2541440933522084,0.2496636086716735,0.29517623246589875,0.018223099341020732,0.26124041991426195,0.0001602423196318091,1585.0,11.792890282129976,4.428626390365963e-06,0,15628,0.07027535140514374,169,3.026798367500305e-09,3240,1.0,0.1,0.1,0.1,0.09090909090909091,0.09090909090909091,0.09090909090909091,3240,1.0,0.1,0.1,0.1,0.09090909090909091,0.09090909090909091,0.09090909090909091,4824,1.0,0.09999999794283958,0.10000000121918592,0.10000000617148178,0.09090908920895832,0.09090909191668257,0.09090909600948903
64,1.0666666666666667,True,valid,0.010191673693591996,0.008024025559210996,0.0013587398757285093,0.2843459716091138,0.15385376189664615,0.22487302202594595,0.3333365523816103,0.021731117131168008,0.13943530820368505,0.00018320661636292827,1585.0,2.958005661581963,4.987434471733727e-06,0,15656,0.07006319612264633,169,2.3283064365386963e-09,3240,1.0,0.1,0.1,0.1,0.09090909090909091,0.09090909090909091,0.09090909090909091,3240,1.0,0.1,0.1,0.1,0.09090909090909091,0.09090909090909091,0.09090909090909091,4824,1.0,0.09999999794283958,0.10000000121918592,0.10000000617148178,0.09090908920895832,0.09090909191668257,0.09090909600948903
65,1.0833333333333333,True,valid,0.012121016170851687,0.010386186274570563,0.0018045347322612378,0.5682391559054483,0.34061513667937166,0.3428132556802987,0.3882887112454908,0.025029212018369787,0.3037248311937599,0.00021646951781243212,1585.0,14.087407268965288,5.984561713180615e-06,0,15769,0.06954169273376465,171,2.7939677238464355e-09,3240,1.0,0.1,0.1,0.1,0.09090909090909091,0.09090909090909091,0.09090909090909091,3240,1.0,0.1,0.1,0.1,0.09090909090909091,0.09090909090909091,0.09090909090909091,4824,1.0,0.09999999794283958,0.10000000121918592,0.10000000617148178,0.09090908920895832,0.09090909191668257,0.09090909600948903
66,1.1,True,valid,0.016000786504277303,0.012686128337403029,0.002179478105211857,0.8386816030055437,0.571813505317214,0.4566919955841511,0.5868638826510905,0.04198449341091832,0.5742568005709352,0.000255970754822563,1585.0,25.82734077868121,7.98011966580699e-06,0,15841,0.06900224834680557,170,3.259629011154175e-09,3240,1.0,0.1,0.1,0.1,0.09090909090909091,0.09090909090909091,0.09090909090909091,3240,1.0,0.1,0.1,0.1,0.09090909090909091,0.09090909090909091,0.09090909090909091,4824,1.0,0.09999999794283958,0.10000000121918592,0.10000000617148178,0.09090908920895832,0.09090909191668257,0.09090909600948903
67,1.1166666666666667,True,valid,0.020811218301295877,0.015200578568536016,0.00256291147373637,0.6740085779941924,0.5267610939539179,0.28827750371223715,0.37097255257688616,0.043751657834458606,0.4621064904058439,0.0003011779116310554,1585.0,17.48696493743557,8.932806262278916e-06,0,15864,0.06788496673107147,168,2.7939677238464355e-09,3240,1.0,0.1,0.1,0.1,0.09090909090909091,0.09090909090909091,0.09090909090909091,3240,1.0,0.1,0.1,0.1,0.09090909090909091,0.09090909090909091,0.09090909090909091,4824,1.0,0.09999999794283958,0.10000000121918592,0.10000000617148178,0.09090908920895832,0.09090909191668257,0.09090909600948903
68,1.1333333333333333,True,valid,0.025248667348273805,0.016997315526832656,0.0030889178860696127,1.2334415655916042,0.7175747838030849,0.680808362574776,0.7714462619021725,0.05322368102654837,0.6422892719722024,0.0003362904973216067,1585.0,35.86801434053339,1.0654689572871357e-05,0,15833,0.06751498579978943,181,3.725290298461914e-09,3240,1.0,0.1,0.1,0.1,0.09090909090909091,0.09090909090909091,0.09090909090909091,3240,1.0,0.1,0.1,0.1,0.09090909090909091,0.09090909090909091,0.09090909090909091,4824,1.0,0.09999999794283958,0.10000000121918592,0.10000000617148178,0.09090908920895832,0.09090909191668257,0.09090909600948903
69,1.15,True,valid,0.02827131358878025,0.01805477862181854,0.0034282219279272177,0.9118684012868877,0.701049496264472,0.3941976334610511,0.7019687935346799,0.05642389326683039,0.7600564712779982,0.00037438913105256825,1585.0,28.621537194389546,1.0196474207835082e-05,0,15857,0.06656676530838013,191,2.7939677238464355e-09,3240,1.0,0.1,0.1,0.1,0.09090909090909091,0.09090909090909091,0.09090909090909091,3240,1.0,0.1,0.1,0.1,0.09090909090909091,0.09090909090909091,0.09090909090909091,4824,1.0,0.09999999794283958,0.10000000121918592,0.10000000617148178,0.09090908920895832,0.09090909191668257,0.09090909600948903
70,1.1666666666666667,True,valid,0.029459699535220398,0.01852680676983503,0.003911041474051419,0.46101142625066854,0.38949648478217297,0.2515564710383406,0.7053799205530166,0.029694969529625644,0.578668291852787,0.0003730961590246669,1585.0,10.841528606216709,9.538104724139907e-06,0,15907,0.06550874561071396,196,6.51925802230835e-09,3240,1.0,0.1,0.1,0.1,0.09090909090909091,0.09090909090909091,0.09090909090909091,3240,1.0,0.1,0.1,0.1,0.09090909090909091,0.09090909090909091,0.09090909090909091,4824,1.0,0.09999999794283958,0.10000000121918592,0.10000000617148178,0.09090908920895832,0.09090909191668257,0.09090909600948903
71,1.1833333333333333,True,valid,0.0290590944469876,0.01799562861379964,0.003753509849801821,0.4444787661214975,0.32908387306294334,0.330570826732132,0.708971258169245,0.033300860003826496,0.43393907759594696,0.0003983212076050689,1585.0,5.611602699264968,1.0788352536949298e-05,0,15939,0.06428675353527069,196,5.587935447692871e-09,3240,1.0,0.1,0.1,0.1,0.09090909090909091,0.09090909090909091,0.09090909090909091,3240,1.0,0.1,0.1,0.1,0.09090909090909091,0.09090909090909091,0.09090909090909091,4824,1.0,0.09999999794283958,0.10000000121918592,0.10000000617148178,0.09090908920895832,0.09090909191668257,0.09090909600948903
72,1.2,True,valid,0.025939138057258945,0.01607912852229507,0.0037516494284944406,0.5272860217972337,0.3680987785446308,0.36606897481760103,0.8839630638211152,0.14156878665043493,0.6628083944080453,0.0004007846976045695,1585.0,8.406818692566587,1.391621199977212e-05,0,15988,0.061974719166755676,198,5.587935447692871e-09,3240,1.0,0.1,0.1,0.1,0.09090909090909091,0.09090909090909091,0.09090909090909091,3240,1.0,0.1,0.1,0.1,0.09090909090909091,0.09090909090909091,0.09090909090909091,4824,1.0,0.09999999794283958,0.10000000121918592,0.10000000617148178,0.09090908920895832,0.09090909191668257,0.09090909600948903
73,1.2166666666666666,True,valid,0.022216524990877392,0.014568240320423196,0.003256663968721566,0.9150572031153632,0.36819218809606863,0.7550138734750327,1.081924820865917,0.059170516215817544,0.5330102289601029,0.0003975963878441962,1585.0,23.652120962856642,1.158054080860453e-05,0,16048,0.05990905314683914,196,1.862645149230957e-09,3240,1.0,0.1,0.1,0.1,0.09090909090909091,0.09090909090909091,0.09090909090909091,3240,1.0,0.1,0.1,0.1,0.09090909090909091,0.09090909090909091,0.09090909090909091,4824,1.0,0.09999999794283958,0.10000000121918592,0.10000000617148178,0.09090908920895832,0.09090909191668257,0.09090909600948903
74,1.2333333333333334,True,valid,0.01824086337964427,0.011923355361811341,0.0028905111281384197,0.3604635800082081,0.3448886506352286,0.24717904577751199,0.34997470665165153,0.028214174933775996,0.0,0.0004333547300516631,1585.0,2.3816107437600795,1.0624270401567914e-05,0,16149,0.057338085025548935,196,3.725290298461914e-09,3240,1.0,0.1,0.1,0.1,0.09090909090909091,0.09090909090909091,0.09090909090909091,3240,1.0,0.1,0.1,0.1,0.09090909090909091,0.09090909090909091,0.09090909090909091,4824,1.0,0.09999999794283958,0.10000000121918592,0.10000000617148178,0.09090908920895832,0.09090909191668257,0.09090909600948903
75,1.25,True,valid,0.014564123716990339,0.0104872748847532,0.0025338089853846877,0.7017306818257057,0.48278171704717054,0.39338708527944777,0.6030577383163311,0.03675031333048594,0.43920005548451685,0.00039117347083136226,1585.0,15.737376580698925,1.0912810165301907e-05,0,16157,0.053738564252853394,202,5.587935447692871e-09,3240,1.0,0.1,0.1,0.1,0.09090909090909091,0.09090909090909091,0.09090909090909091,3240,1.0,0.1,0.1,0.1,0.09090909090909091,0.09090909090909091,0.09090909090909091,4824,1.0,0.09999999794283958,0.10000000121918592,0.10000000617148178,0.09090908920895832,0.09090909191668257,0.09090909600948903
76,1.2666666666666666,True,valid,0.011548419128987915,0.009355399767323802,0.0022804665825045573,0.32008638634676995,0.29598677477653895,0.2419739486498365,0.3708135212548448,0.027616422130555224,0.1437239294275999,0.00036633311291682643,1585.0,3.468545218578816,9.486092062708468e-06,0,16254,0.05063922703266144,196,3.725290298461914e-09,3240,1.0,0.1,0.1,0.1,0.09090909090909091,0.09090909090909091,0.09090909090909091,3240,1.0,0.1,0.1,0.1,0.09090909090909091,0.09090909090909091,0.09090909090909091,4824,1.0,0.09999999794283958,0.10000000121918592,0.10000000617148178,0.09090908920895832,0.09090909191668257,0.09090909600948903
77,1.2833333333333334,True,valid,0.010855857201258496,0.008765406302876503,0.002399784968469923,0.8484391468280588,0.5460644016291614,0.4640467165657753,0.6161977740913733,0.11050625324213452,0.5493583209861812,0.0004104104586708472,1585.0,22.141870306849267,1.8349005573806404e-05,0,16771,0.05302722752094269,208,7.450580596923828e-09,3240,1.0,0.1,0.1,0.1,0.09090909090909091,0.09090909090909091,0.09090909090909091,3240,1.0,0.1,0.1,0.1,0.09090909090909091,0.09090909090909091,0.09090909090909091,4824,1.0,0.09999999794283958,0.10000000121918592,0.10000000617148178,0.09090908920895832,0.09090909191668257,0.09090909600948903
78,1.3,True,valid,0.013014377974923785,0.008739001435962372,0.0018919251278489177,0.27457122366957365,0.28852008060188356,0.18096478794476517,0.25320262753470946,0.0217426395969499,0.14021390214570095,0.00035000138961659133,1585.0,4.628155855546109,8.7963551539662e-06,0,16548,0.058025237172842026,197,3.725290298461914e-09,3240,1.0,0.1,0.1,0.1,0.09090909090909091,0.09090909090909091,0.09090909090909091,3240,1.0,0.1,0.1,0.1,0.09090909090909091,0.09090909090909091,0.09090909090909091,4824,1.0,0.09999999794283958,0.10000000121918592,0.10000000617148178,0.09090908920895832,0.09090909191668257,0.09090909600948903
79,1.3166666666666667,True,valid,0.016821324031521635,0.008869615995076822,0.0022655718572583993,0.24807915082757256,0.23915094612909435,0.158886867815411,0.3552976808916091,0.02321732439632014,0.24258248440662247,0.00031286108687591515,1585.0,1.7420836285661558,7.628768702726744e-06,0,15911,0.06259123980998993,196,7.450580596923828e-09,3240,1.0,0.1,0.1,0.1,0.09090909090909091,0.09090909090909091,0.09090909090909091,3240,1.0,0.1,0.1,0.1,0.09090909090909091,0.09090909090909091,0.09090909090909091,4824,1.0,0.09999999794283958,0.10000000121918592,0.10000000617148178,0.09090908920895832,0.09090909191668257,0.09090909600948903
80,1.3333333333333333,True,valid,0.021828135329816468,0.011634154729060282,0.0026120584445642405,0.22151791185721065,0.209121461724036,0.14636819612692126,0.28691757324003075,0.016708569758339665,0.15963992011542874,0.000289602739617461,1585.0,3.348221512999722,6.813759678295098e-06,0,15658,0.06739922612905502,197,7.450580596923828e-09,3240,1.0,0.1,0.1,0.1,0.09090909090909091,0.09090909090909091,0.09090909090909091,3240,1.0,0.1,0.1,0.1,0.09090909090909091,0.09090909090909091,0.09090909090909091,4824,1.0,0.09999999794283958,0.10000000121918592,0.10000000617148178,0.09090908920895832,0.09090909191668257,0.09090909600948903
81,1.35,True,valid,0.02656794359137074,0.014876941832899771,0.003074561471426302,1.2558447431392818,0.8544821106824618,0.5371413681558107,0.6546407613720424,0.0528183914749125,0.837097396828426,0.0002663064080882043,1585.0,45.42437594530578,1.1694845647931158e-05,0,15658,0.07333598285913467,202,3.725290298461914e-09,3240,1.0,0.1,0.1,0.1,0.09090909090909091,0.09090909090909091,0.09090909090909091,3240,1.0,0.1,0.1,0.1,0.09090909090909091,0.09090909090909091,0.09090909090909091,4824,1.0,0.09999999794283958,0.10000000121918592,0.10000000617148178,0.09090908920895832,0.09090909191668257,0.09090909600948903
82,1.3666666666666667,True,valid,0.030049586691462363,0.018016817405102047,0.0029581001157647276,0.17769808419803734,0.17121727602454448,0.0796166008986022,0.2798821261305252,0.008710078693677613,0.2010704670171997,0.00025097275332737755,1585.0,1.606290161618139,5.462896507314153e-06,0,15552,0.07839429378509521,203,3.725290298461914e-09,3240,1.0,0.1,0.1,0.1,0.09090909090909091,0.09090909090909091,0.09090909090909091,3240,1.0,0.1,0.1,0.1,0.09090909090909091,0.09090909090909091,0.09090909090909091,4824,1.0,0.09999999794283958,0.10000000121918592,0.10000000617148178,0.09090908920895832,0.09090909191668257,0.09090909600948903
83,1.3833333333333333,True,valid,0.03050108574423728,0.019462486505063024,0.003260549813763903,0.15828086479584244,0.14719893849002844,0.05097998861860982,0.2744627183415679,0.005339453903691165,0.22273360247671717,0.0001993106116223228,1585.0,2.4302377012042706,4.224289782209655e-06,0,15855,0.08259779959917068,203,3.725290298461914e-09,3240,1.0,0.1,0.1,0.1,0.09090909090909091,0.09090909090909091,0.09090909090909091,3240,1.0,0.1,0.1,0.1,0.09090909090909091,0.09090909090909091,0.09090909090909091,4824,1.0,0.09999999794283958,0.10000000121918592,0.10000000617148178,0.09090908920895832,0.09090909191668257,0.09090909600948903
84,1.4,True,valid,0.02924198072499362,0.019983557455922087,0.0030315046789798055,0.15650244702436045,0.1390620174317277,0.06767423417141075,0.22843336134300854,0.006194593397592291,0.1743532105052247,0.00017641625610863835,1585.0,2.395650608834658,3.915040941958337e-06,0,16080,0.08676498383283615,204,7.450580596923828e-09,3240,1.0,0.1,0.1,0.1,0.09090909090909091,0.09090909090909091,0.09090909090909091,3240,1.0,0.1,0.1,0.1,0.09090909090909091,0.09090909090909091,0.09090909090909091,4824,1.0,0.09999999794283958,0.10000000121918592,0.10000000617148178,0.09090908920895832,0.09090909191668257,0.09090909600948903
85,1.4166666666666667,True,valid,0.026744760169198908,0.020220325779231406,0.002650622082999604,0.23641029118715154,0.18792449058133948,0.14669546511732215,0.23021536932102052,0.0355508861667422,0.16418183232474678,0.000212051778492678,1585.0,5.116359347097852,4.8361591308454305e-06,0,16886,0.09024109691381454,205,3.725290298461914e-09,3240,1.0,0.1,0.1,0.1,0.09090909090909091,0.09090909090909091,0.09090909090909091,3240,1.0,0.1,0.1,0.1,0.09090909090909091,0.09090909090909091,0.09090909090909091,4824,1.0,0.09999999794283958,0.10000000121918592,0.10000000617148178,0.09090908920895832,0.09090909191668257,0.09090909600948903
86,1.4333333333333333,True,valid,0.024021893884833754,0.019912979289837707,0.00248898049710259,0.21283770597490262,0.19477625801063725,0.1285152162518884,0.2273940230879016,0.023960035422428236,0.10579799012361187,0.0002195704851902423,1585.0,2.0711250779775865,5.185702458566654e-06,0,17304,0.09236960858106613,207,3.725290298461914e-09,3240,1.0,0.1,0.1,0.1,0.09090909090909091,0.09090909090909091,0.09090909090909091,3240,1.0,0.1,0.1,0.1,0.09090909090909091,0.09090909090909091,0.09090909090909091,4824,1.0,0.09999999794283958,0.10000000121918592,0.10000000617148178,0.09090908920895832,0.09090909191668257,0.09090909600948903
87,1.45,True,valid,0.021356585837827277,0.020113988611400988,0.0024023112022176045,0.6158230239537882,0.24685297272493958,0.5182796590510941,0.644746886360758,0.04171550745088087,0.11845546437351254,0.00027150385698008453,1585.0,13.310352124928277,1.2184416741815445e-05,0,17412,0.09241988509893417,204,7.450580596923828e-09,3240,1.0,0.1,0.1,0.1,0.09090909090909091,0.09090909090909091,0.09090909090909091,3240,1.0,0.1,0.1,0.1,0.09090909090909091,0.09090909090909091,0.09090909090909091,4824,1.0,0.09999999794283958,0.10000000121918592,0.10000000617148178,0.09090908920895832,0.09090909191668257,0.09090909600948903
88,1.4666666666666666,True,valid,0.020044308719364887,0.02003728993465769,0.002551535266764687,0.5879652298921345,0.42114812404126994,0.3737614939754708,0.5160711976031561,0.039521626935341655,0.37647753851924703,0.00033861898774785313,1585.0,15.421579786890762,1.1460540446964925e-05,0,17318,0.09016557037830353,199,3.725290298461914e-09,3240,1.0,0.1,0.1,0.1,0.09090909090909091,0.09090909090909091,0.09090909090909091,3240,1.0,0.1,0.1,0.1,0.09090909090909091,0.09090909090909091,0.09090909090909091,4824,1.0,0.09999999794283958,0.10000000121918592,0.10000000617148178,0.09090908920895832,0.09090909191668257,0.09090909600948903
89,1.4833333333333334,True,valid,0.01978035471085228,0.020291555342284166,0.0026022309071622915,0.8438668036186806,0.41151496779241037,0.7739689357351286,0.9559770753225361,0.06739789710104827,0.3452258326884187,0.0004472170825102741,1585.0,19.207173342016464,2.0957825177440622e-05,0,17558,0.08888621628284454,201,7.450580596923828e-09,3240,1.0,0.1,0.1,0.1,0.09090909090909091,0.09090909090909091,0.09090909090909091,3240,1.0,0.1,0.1,0.1,0.09090909090909091,0.09090909090909091,0.09090909090909091,4824,1.0,0.09999999794283958,0.10000000121918592,0.10000000617148178,0.09090908920895832,0.09090909191668257,0.09090909600948903
90,1.5,True,valid,0.019811667584985843,0.02063130047231534,0.0032354685711120028,2.0121318609219254,1.6192588205039078,0.8284168509030806,1.0172391666545069,0.07374431379276362,1.5951029157767116,0.0005577087887837825,1585.0,60.35262575184208,3.642899621969516e-05,0,17795,0.08544360846281052,202,3.725290298461914e-09,3240,1.0,0.1,0.1,0.1,0.09090909090909091,0.09090909090909091,0.09090909090909091,3240,1.0,0.1,0.1,0.1,0.09090909090909091,0.09090909090909091,0.09090909090909091,4824,1.0,0.09999999794283958,0.10000000121918592,0.10000000617148178,0.09090908920895832,0.09090909191668257,0.09090909600948903
91,1.5166666666666666,True,valid,0.02129074065215362,0.020102349247327306,0.003524265228200865,0.5781473027640026,0.48039360663635056,0.44321571638588636,0.552193679520612,0.05124337994761603,0.03884714342324537,0.0006261943196164478,1585.0,6.5243273388688,1.7280586702221478e-05,0,17618,0.0809384137392044,195,1.862645149230957e-09,3240,1.0,0.1,0.1,0.1,0.09090909090909091,0.09090909090909091,0.09090909090909091,3240,1.0,0.1,0.1,0.1,0.09090909090909091,0.09090909090909091,0.09090909090909091,4824,1.0,0.09999999794283958,0.10000000121918592,0.10000000617148178,0.09090908920895832,0.09090909191668257,0.09090909600948903
92,1.5333333333333334,True,valid,0.02364331200768563,0.0188863048455776,0.004268067219023496,0.5623864579891132,0.5587443939252401,0.39377428326965325,0.5519186201178854,0.04739265053473627,0.10943153207209264,0.000686193303716626,1585.0,3.158581222400697,1.76612449901064e-05,0,17318,0.07632754743099213,184,3.725290298461914e-09,3240,1.0,0.1,0.1,0.1,0.09090909090909091,0.09090909090909091,0.09090909090909091,3240,1.0,0.1,0.1,0.1,0.09090909090909091,0.09090909090909091,0.09090909090909091,4824,1.0,0.09999999794283958,0.10000000121918592,0.10000000617148178,0.09090908920895832,0.09090909191668257,0.09090909600948903
93,1.55,True,valid,0.0266125209819536,0.0175387869001287,0.004277175653860671,0.6562508228583847,0.6275795370862859,0.4592371815212971,0.6199505961312096,0.05217145898879537,0.3095025230309094,0.0007570636413714681,1585.0,7.612327339346363,2.0170383465008663e-05,0,17286,0.07232629507780075,181,2.7939677238464355e-09,3240,1.0,0.1,0.1,0.1,0.09090909090909091,0.09090909090909091,0.09090909090909091,3240,1.0,0.1,0.1,0.1,0.09090909090909091,0.09090909090909091,0.09090909090909091,4824,1.0,0.09999999794283958,0.10000000121918592,0.10000000617148178,0.09090908920895832,0.09090909191668257,0.09090909600948903
94,1.5666666666666667,True,valid,0.027658951431361923,0.016564980694275495,0.005161503018270993,0.9100452985845778,0.7883103573455513,0.5169068273983914,0.7867509511601499,0.062548359017355,0.4806140308565937,0.0008308712484425901,1585.0,20.870787632948645,2.115200539416736e-05,0,17037,0.06609001010656357,186,2.7939677238464355e-09,3240,1.0,0.1,0.1,0.1,0.09090909090909091,0.09090909090909091,0.09090909090909091,3240,1.0,0.1,0.1,0.1,0.09090909090909091,0.09090909090909091,0.09090909090909091,4824,1.0,0.09999999794283958,0.10000000121918592,0.10000000617148178,0.09090908920895832,0.09090909191668257,0.09090909600948903
95,1.5833333333333333,True,valid,0.027451493075470904,0.016251323896317914,0.005068089554218166,0.757551460200458,0.735610147107223,0.4897332525877081,0.72225034862441,0.06042067149003614,0.13582049780120592,0.0009053802175447808,1585.0,5.335916321667567,2.328109954235481e-05,0,16654,0.06028521806001663,169,2.9103830456733704e-09,3240,1.0,0.1,0.1,0.1,0.09090909090909091,0.09090909090909091,0.09090909090909091,3240,1.0,0.1,0.1,0.1,0.09090909090909091,0.09090909090909091,0.09090909090909091,4824,1.0,0.09999999794283958,0.10000000121918592,0.10000000617148178,0.09090908920895832,0.09090909191668257,0.09090909600948903
96,1.6,True,valid,0.024764361632751905,0.014564048485727694,0.005270955850038775,0.8339568244721313,0.7743447679422432,0.538295518423135,0.7910208651117239,0.06893355127643187,0.15108773874072065,0.000943136318779923,1585.0,5.970047147854397,2.4071635096533388e-05,0,16494,0.07189604640007019,163,3.259629011154175e-09,3240,1.0,0.1,0.1,0.1,0.09090909090909091,0.09090909090909091,0.09090909090909091,3240,1.0,0.1,0.1,0.1,0.09090909090909091,0.09090909090909091,0.09090909090909091,4824,1.0,0.09999999794283958,0.10000000121918592,0.10000000617148178,0.09090908920895832,0.09090909191668257,0.09090909600948903
97,1.6166666666666667,True,valid,0.02082704391731284,0.013841714088970378,0.004927093868005238,0.7967645443346766,0.7823126405847546,0.5330896911887931,0.7801260756716165,0.06507390532186723,0.1213084659090591,0.0009737112017672102,1585.0,4.397634804716095,2.5215357652069397e-05,0,16524,0.08310108631849289,170,2.7939677238464355e-09,3240,1.0,0.1,0.1,0.1,0.09090909090909091,0.09090909090909091,0.09090909090909091,3240,1.0,0.1,0.1,0.1,0.09090909090909091,0.09090909090909091,0.09090909090909091,4824,1.0,0.09999999794283958,0.10000000121918592,0.10000000617148178,0.09090908920895832,0.09090909191668257,0.09090909600948903
98,1.6333333333333333,True,valid,0.016763960125138165,0.014675801162159146,0.005108498925192078,0.7963109111500488,0.7835138973551575,0.5356586185000259,0.7896459131571488,0.0654840747209158,0.15771963851558451,0.000982626854161062,1585.0,4.726748202542568,2.5146947814050934e-05,0,16497,0.09404224157333374,168,5.587935447692871e-09,3240,1.0,0.1,0.1,0.1,0.09090909090909091,0.09090909090909091,0.09090909090909091,3240,1.0,0.1,0.1,0.1,0.09090909090909091,0.09090909090909091,0.09090909090909091,4824,1.0,0.09999999794283958,0.10000000121918592,0.10000000617148178,0.09090908920895832,0.09090909191668257,0.09090909600948903
99,1.65,True,valid,0.015058283235415505,0.016899194189750753,0.0044604835524731075,0.7827581516439709,0.7474832856566558,0.5694564953439307,0.7461508023098149,0.06814919235986198,0.07157594904146859,0.000982398545228896,1585.0,5.68628084647018,2.5417995028708294e-05,0,16596,0.10491986572742462,153,1.862645149230957e-09,3240,1.0,0.1,0.1,0.1,0.09090909090909091,0.09090909090909091,0.09090909090909091,3240,1.0,0.1,0.1,0.1,0.09090909090909091,0.09090909090909091,0.09090909090909091,4824,1.0,0.09999999794283958,0.10000000121918592,0.10000000617148178,0.09090908920895832,0.09090909191668257,0.09090909600948903
100,1.6666666666666667,True,valid,0.01608547447257977,0.020934343728144414,0.004531572972307163,0.742260642197208,0.7370899411315076,0.5388510139882616,0.717271925797214,0.06541702871026708,0.0,0.0009930681496567964,1585.0,4.387111686267938,2.5638722581133675e-05,0,17306,0.1157974898815155,132,5.587935447692871e-09,3240,1.0,0.1,0.1,0.1,0.09090909090909091,0.09090909090909091,0.09090909090909091,3240,1.0,0.1,0.1,0.1,0.09090909090909091,0.09090909090909091,0.09090909090909091,4824,1.0,0.09999999794283958,0.10000000121918592,0.10000000617148178,0.09090908920895832,0.09090909191668257,0.09090909600948903
101,1.6833333333333333,True,valid,0.01846689084952231,0.023986397307532117,0.004447716420411649,0.7314972291159014,0.7149449111925871,0.5211121284628628,0.7752497587983594,0.06375519923712884,0.2876011725799076,0.0009679755459818994,1585.0,4.326451256360618,2.5208539417657805e-05,0,17653,0.12690171599388123,147,7.450580596923828e-09,3240,1.0,0.1,0.1,0.1,0.09090909090909091,0.09090909090909091,0.09090909090909091,3240,1.0,0.1,0.1,0.1,0.09090909090909091,0.09090909090909091,0.09090909090909091,4824,1.0,0.09999999794283958,0.10000000121918592,0.10000000617148178,0.09090908920895832,0.09090909191668257,0.09090909600948903
102,1.7,True,valid,0.021135344102483546,0.027182315999201546,0.0043705333292735704,0.708149142632184,0.6926939833922292,0.4901466461548031,0.6848316421100356,0.06203535716839165,0.0,0.0008986038934128732,1585.0,4.188779780342662,2.3129588392640405e-05,0,17751,0.1368243247270584,142,7.450580596923828e-09,3240,1.0,0.1,0.1,0.1,0.09090909090909091,0.09090909090909091,0.09090909090909091,3240,1.0,0.1,0.1,0.1,0.09090909090909091,0.09090909090909091,0.09090909090909091,4824,1.0,0.09999999794283958,0.10000000121918592,0.10000000617148178,0.09090908920895832,0.09090909191668257,0.09090909600948903
103,1.7166666666666666,True,valid,0.025104972547310478,0.02923556337008656,0.00418778899728626,0.8045722910724065,0.6629079372210871,0.6029611085245887,0.7444850152176662,0.1790368407319203,0.06975664485139402,0.0008773351803335142,1585.0,13.063402663880861,2.348803124650152e-05,0,17802,0.14362208545207977,149,7.450580596923828e-09,3240,1.0,0.1,0.1,0.1,0.09090909090909091,0.09090909090909091,0.09090909090909091,3240,1.0,0.1,0.1,0.1,0.09090909090909091,0.09090909090909091,0.09090909090909091,4824,1.0,0.09999999794283958,0.10000000121918592,0.10000000617148178,0.09090908920895832,0.09090909191668257,0.09090909600948903
104,1.7333333333333334,True,valid,0.028845753417250278,0.03082014179369955,0.004568464464997009,2.5747490366188757,0.8810371956594917,1.9780377465550443,2.4269970768699025,0.161055434049124,0.413955737629387,0.0008423981152528842,1585.0,80.48331356741947,2.1667642632682546e-05,0,17522,0.14964109659194946,154,3.725290298461914e-09,3240,1.0,0.1,0.1,0.1,0.09090909090909091,0.09090909090909091,0.09090909090909091,3240,1.0,0.1,0.1,0.1,0.09090909090909091,0.09090909090909091,0.09090909090909091,4824,1.0,0.09999999794283958,0.10000000121918592,0.10000000617148178,0.09090908920895832,0.09090909191668257,0.09090909600948903
105,1.75,True,valid,0.03150455578542853,0.031083471728776763,0.004010566787739464,0.6177558677698008,0.5780924517509689,0.4126307405505287,0.6204517834665114,0.058570064084608874,0.10713963717856055,0.0007384112770304123,1585.0,9.124656577590445,1.8988555744740343e-05,0,17451,0.15465587377548218,158,3.725290298461914e-09,3240,1.0,0.1,0.1,0.1,0.09090909090909091,0.09090909090909091,0.09090909090909091,3240,1.0,0.1,0.1,0.1,0.09090909090909091,0.09090909090909091,0.09090909090909091,4824,1.0,0.09999999794283958,0.10000000121918592,0.10000000617148178,0.09090908920895832,0.09090909191668257,0.09090909600948903
106,1.7666666666666666,True,valid,0.03135611571719631,0.030241869778604956,0.004230630526995971,1.410110542642068,0.5936510579900568,1.0785886207112152,1.3693155178899181,0.08835616986650502,0.25696832708330364,0.0006457319290710164,1585.0,38.66938925269638,1.9194561902427632e-05,0,17592,0.15760231018066406,161,7.450580596923828e-09,3240,1.0,0.1,0.1,0.1,0.09090909090909091,0.09090909090909091,0.09090909090909091,3240,1.0,0.1,0.1,0.1,0.09090909090909091,0.09090909090909091,0.09090909090909091,4824,1.0,0.09999999794283958,0.10000000121918592,0.10000000617148178,0.09090908920895832,0.09090909191668257,0.09090909600948903
107,1.7833333333333334,True,valid,0.029771074712977654,0.028553706790396552,0.0036290178960544056,0.46540788632487917,0.4715359106762476,0.2918707967439247,0.4755136904118477,0.04755651542561273,0.12466187670904015,0.0005881269040060896,1585.0,2.7877959030756383,1.4551907926666851e-05,0,17605,0.1588049679994583,173,7.450580596923828e-09,3240,1.0,0.1,0.1,0.1,0.09090909090909091,0.09090909090909091,0.09090909090909091,3240,1.0,0.1,0.1,0.1,0.09090909090909091,0.09090909090909091,0.09090909090909091,4824,1.0,0.09999999794283958,0.10000000121918592,0.10000000617148178,0.09090908920895832,0.09090909191668257,0.09090909600948903
108,1.8,True,valid,0.026311564054705517,0.025565617807346078,0.00322955641478924,0.4077490344681562,0.40861194801838585,0.25010301545250735,0.41925929009829915,0.07343649101417271,0.11014968042862125,0.0005223844662878701,1585.0,2.5846780258692643,1.292307720393816e-05,0,17515,0.15739388763904572,192,7.450580596923828e-09,3240,1.0,0.1,0.1,0.1,0.09090909090909091,0.09090909090909091,0.09090909090909091,3240,1.0,0.1,0.1,0.1,0.09090909090909091,0.09090909090909091,0.09090909090909091,4824,1.0,0.09999999794283958,0.10000000121918592,0.10000000617148178,0.09090908920895832,0.09090909191668257,0.09090909600948903
109,1.8166666666666667,True,valid,0.022041692582744594,0.021372448185488745,0.00281706752776858,0.8500688072338966,0.7763140301697953,0.28440377281031964,0.5256519606338084,0.21689273719268548,0.7360334381656279,0.00045991873649329443,1585.0,30.225922239053546,1.1811585041123247e-05,0,17387,0.15490110218524933,179,7.450580596923828e-09,3240,1.0,0.1,0.1,0.1,0.09090909090909091,0.09090909090909091,0.09090909090909091,3240,1.0,0.1,0.1,0.1,0.09090909090909091,0.09090909090909091,0.09090909090909091,4824,1.0,0.09999999794283958,0.10000000121918592,0.10000000617148178,0.09090908920895832,0.09090909191668257,0.09090909600948903
110,1.8333333333333333,True,valid,0.018176000444467235,0.01770534640980748,0.0022410196809732837,3.216889401424162,3.254695359931754,0.260783725639566,0.34336360399731225,0.02458155610953119,3.2452907946421843,0.00047051368565523185,1585.0,127.37298246566213,2.003698210637852e-05,0,17160,0.15183721482753754,177,7.450580596923828e-09,3240,1.0,0.1,0.1,0.1,0.09090909090909091,0.09090909090909091,0.09090909090909091,3240,1.0,0.1,0.1,0.1,0.09090909090909091,0.09090909090909091,0.09090909090909091,4824,1.0,0.09999999794283958,0.10000000121918592,0.10000000617148178,0.09090908920895832,0.09090909191668257,0.09090909600948903
111,1.85,True,valid,0.015283514323103447,0.013834830841365883,0.002123562398564845,2.140385853199101,1.3754085048990345,1.0865974221991666,1.2296257429959563,0.07672394584666017,1.3271536193473272,0.00036860074545091667,1585.0,42.902575130353995,1.5897762429039855e-05,0,16837,0.1484505534172058,169,7.450580596923828e-09,3240,1.0,0.1,0.1,0.1,0.09090909090909091,0.09090909090909091,0.09090909090909091,3240,1.0,0.1,0.1,0.1,0.09090909090909091,0.09090909090909091,0.09090909090909091,4824,1.0,0.09999999794283958,0.10000000121918592,0.10000000617148178,0.09090908920895832,0.09090909191668257,0.09090909600948903
112,1.8666666666666667,True,valid,0.01376814431864642,0.011208370978358492,0.001663914462066947,0.16888664865742922,0.1670186976065426,0.08353552396958648,0.1687269808607754,0.009242569942030912,0.015220541665545394,0.00024228217304592985,1585.0,1.5735829604118288,5.3553929601765414e-06,0,16213,0.14453692734241486,156,7.450580596923828e-09,3240,1.0,0.1,0.1,0.1,0.09090909090909091,0.09090909090909091,0.09090909090909091,3240,1.0,0.1,0.1,0.1,0.09090909090909091,0.09090909090909091,0.09090909090909091,4824,1.0,0.09999999794283958,0.10000000121918592,0.10000000617148178,0.09090908920895832,0.09090909191668257,0.09090909600948903
113,1.8833333333333333,True,valid,0.014673289854260935,0.009614366750234802,0.001653057526370267,0.11893342152389874,0.11953765059508345,0.03375708131800346,0.13034436053026052,0.0042774743489483935,0.0754779972871947,0.00019812950050722381,1585.0,0.7539684535006547,4.138997408356983e-06,0,15977,0.14035268127918243,153,7.450580596923828e-09,3240,1.0,0.1,0.1,0.1,0.09090909090909091,0.09090909090909091,0.09090909090909091,3240,1.0,0.1,0.1,0.1,0.09090909090909091,0.09090909090909091,0.09090909090909091,4824,1.0,0.09999999794283958,0.10000000121918592,0.10000000617148178,0.09090908920895832,0.09090909191668257,0.09090909600948903
114,1.9,True,valid,0.01733724851348317,0.009911442161354467,0.0016838589994550533,0.15187630403258623,0.12143646635965014,0.07840224375640366,0.15456692835973831,0.0061571613852383945,0.09062835101280757,0.00017623798275579597,1585.0,2.2459382144103293,3.825278222015911e-06,0,15612,0.13587814569473267,161,7.450580596923828e-09,3240,1.0,0.1,0.1,0.1,0.09090909090909091,0.09090909090909091,0.09090909090909091,3240,1.0,0.1,0.1,0.1,0.09090909090909091,0.09090909090909091,0.09090909090909091,4824,1.0,0.09999999794283958,0.10000000121918592,0.10000000617148178,0.09090908920895832,0.09090909191668257,0.09090909600948903
115,1.9166666666666667,True,valid,0.02043345220680224,0.01145024248910266,0.0028760827106425703,7.814605957956542,4.778693294200366,3.9330165655480696,4.322298005944867,0.2592291951785668,4.602374647153088,0.0002165572167692305,1585.0,264.1131256233016,1.858061495278832e-05,0,15628,0.13122443854808807,172,7.450580596923828e-09,3240,1.0,0.1,0.1,0.1,0.09090909090909091,0.09090909090909091,0.09090909090909091,3240,1.0,0.1,0.1,0.1,0.09090909090909091,0.09090909090909091,0.09090909090909091,4824,1.0,0.09999999794283958,0.10000000121918592,0.10000000617148178,0.09090908920895832,0.09090909191668257,0.09090909600948903
116,1.9333333333333333,True,valid,0.02372450515483969,0.013748237389752654,0.003344249748816942,0.5262238758917163,0.31316211381541814,0.35586956277823595,0.48570357595053837,0.05064081673372031,0.2886837191251486,0.0003018991240397135,1585.0,11.032075733610757,1.1163907550822374e-05,0,15628,0.12805891036987305,169,7.450580596923828e-09,3240,1.0,0.1,0.1,0.1,0.09090909090909091,0.09090909090909091,0.09090909090909091,3240,1.0,0.1,0.1,0.1,0.09090909090909091,0.09090909090909091,0.09090909090909091,4824,1.0,0.09999999794283958,0.10000000121918592,0.10000000617148178,0.09090908920895832,0.09090909191668257,0.09090909600948903
117,1.95,True,valid,0.027535667277936174,0.01579911067282278,0.0030597320806755677,1.1479051583146715,0.813052896001421,0.49566776494593123,0.5879738149159287,0.04182931496868814,0.7610380056538016,0.0003091522223876102,1585.0,34.36689947764085,8.474567159866835e-06,0,15714,0.12542389333248138,168,7.450580596923828e-09,3240,1.0,0.1,0.1,0.1,0.09090909090909091,0.09090909090909091,0.09090909090909091,3240,1.0,0.1,0.1,0.1,0.09090909090909091,0.09090909090909091,0.09090909090909091,4824,1.0,0.09999999794283958,0.10000000121918592,0.10000000617148178,0.09090908920895832,0.09090909191668257,0.09090909600948903
118,1.9666666666666666,True,valid,0.028867460412454554,0.016533674650112733,0.0033911440376850977,0.44971813540840333,0.3266184624923181,0.3270445582690326,0.46778046906200077,0.07445156788288572,0.17193798437446087,0.0004066913320968251,1585.0,7.335771908728144,1.0147684925099699e-05,0,15743,0.12256581336259842,173,7.450580596923828e-09,3240,1.0,0.1,0.1,0.1,0.09090909090909091,0.09090909090909091,0.09090909090909091,3240,1.0,0.1,0.1,0.1,0.09090909090909091,0.09090909090909091,0.09090909090909091,4824,1.0,0.09999999794283958,0.10000000121918592,0.10000000617148178,0.09090908920895832,0.09090909191668257,0.09090909600948903
119,1.9833333333333334,True,valid,0.027194282406758762,0.015573949245340314,0.0033615648119553676,0.5952944963327221,0.3841286256890539,0.4637134838014074,0.6312229339446184,0.039394539168916325,0.1929760052729712,0.000453224737292855,1585.0,10.761634481891702,1.3573059479887584e-05,0,15836,0.11911582201719284,171,3.725290298461914e-09,3240,1.0,0.1,0.1,0.1,0.09090909090909091,0.09090909090909091,0.09090909090909091,3240,1.0,0.1,0.1,0.1,0.09090909090909091,0.09090909090909091,0.09090909090909091,4824,1.0,0.09999999794283958,0.10000000121918592,0.10000000617148178,0.09090908920895832,0.09090909191668257,0.09090909600948903
120,2.0,True,valid,0.023547971745727928,0.014026061520055583,0.004036752895506073,1.0258538996652966,0.4585909967602776,0.8528985463814581,1.088274645733506,0.07987328573859412,0.23697731455013823,0.0005240615333935438,1585.0,25.592935779944266,1.3645508328092857e-05,0,15923,0.11612498015165329,171,3.725290298461914e-09,3240,1.0,0.1,0.1,0.1,0.09090909090909091,0.09090909090909091,0.09090909090909091,3240,1.0,0.1,0.1,0.1,0.09090909090909091,0.09090909090909091,0.09090909090909091,4824,1.0,0.09999999794283958,0.10000000121918592,0.10000000617148178,0.09090908920895832,0.09090909191668257,0.09090909600948903
121,2.0166666666666666,True,valid,0.020163851344353317,0.012482585298653422,0.003530777209003266,1.4026482098526958,1.3607746529733298,0.37001278775185437,0.534961216139762,0.09153268835744013,1.286396799392618,0.0005666936229073078,1585.0,50.991687001033874,1.5702720805872295e-05,0,16078,0.11341552436351776,164,3.725290298461914e-09,3240,1.0,0.1,0.1,0.1,0.09090909090909091,0.09090909090909091,0.09090909090909091,3240,1.0,0.1,0.1,0.1,0.09090909090909091,0.09090909090909091,0.09090909090909091,4824,1.0,0.09999999794283958,0.10000000121918592,0.10000000617148178,0.09090908920895832,0.09090909191668257,0.09090909600948903
122,2.033333333333333,True,valid,0.016826705838857713,0.010729248470900362,0.003651428142612613,0.9494105073321937,0.7997454802999169,0.4848026135454272,0.6524210483135315,0.07164319887203906,0.6177940086866993,0.0006642112873404557,1585.0,28.083584281956405,1.803957218932859e-05,0,16157,0.11344479769468307,159,7.450580596923828e-09,3240,1.0,0.1,0.1,0.1,0.09090909090909091,0.09090909090909091,0.09090909090909091,3240,1.0,0.1,0.1,0.1,0.09090909090909091,0.09090909090909091,0.09090909090909091,4824,1.0,0.09999999794283958,0.10000000121918592,0.10000000617148178,0.09090908920895832,0.09090909191668257,0.09090909600948903
123,2.05,True,valid,0.014172012931605776,0.009899324204795702,0.0037997438709906745,0.5809635372082045,0.5702993719667596,0.41550377436825664,0.5609947938001579,0.07054133495676188,0.047274012933968025,0.0007382009492933261,1585.0,3.181236749644609,1.9620291127159328e-05,0,16244,0.11380264908075333,165,3.725290298461914e-09,3240,1.0,0.1,0.1,0.1,0.09090909090909091,0.09090909090909091,0.09090909090909091,3240,1.0,0.1,0.1,0.1,0.09090909090909091,0.09090909090909091,0.09090909090909091,4824,1.0,0.09999999794283958,0.10000000121918592,0.10000000617148178,0.09090908920895832,0.09090909191668257,0.09090909600948903
124,2.066666666666667,True,valid,0.013500483148196487,0.010633978603734781,0.004122330139104455,0.634156727929065,0.6151648039735499,0.45251734262421717,0.611186982846757,0.05475529357269667,0.006786867546076804,0.0008006728651045055,1585.0,3.5500111542530126,2.097989395516675e-05,0,16568,0.11383363604545593,171,7.450580596923828e-09,3240,1.0,0.1,0.1,0.1,0.09090909090909091,0.09090909090909091,0.09090909090909091,3240,1.0,0.1,0.1,0.1,0.09090909090909091,0.09090909090909091,0.09090909090909091,4824,1.0,0.09999999794283958,0.10000000121918592,0.10000000617148178,0.09090908920895832,0.09090909191668257,0.09090909600948903
125,2.0833333333333335,True,valid,0.014952884382056313,0.01151919604324102,0.004399967145846081,2.2630193136363843,1.671394745908938,0.9087690441929741,1.0167474487082226,0.14662595033225612,1.5426700743363413,0.0008744939692328533,1585.0,83.65750494567733,2.4019610423713104e-05,0,16723,0.11329308152198792,179,3.725290298461914e-09,3240,1.0,0.1,0.1,0.1,0.09090909090909091,0.09090909090909091,0.09090909090909091,3240,1.0,0.1,0.1,0.1,0.09090909090909091,0.09090909090909091,0.09090909090909091,4824,1.0,0.09999999794283958,0.10000000121918592,0.10000000617148178,0.09090908920895832,0.09090909191668257,0.09090909600948903
126,2.1,True,valid,0.017423420631208105,0.013444021123693922,0.005878975947737678,16.275621673897994,11.757178568974702,5.906939941694388,6.054558887439255,0.36611013905327094,11.817966367825317,0.0009829938663085932,1585.0,619.587061228504,4.305113339023311e-05,0,16970,0.11230659484863281,178,5.587935447692871e-09,3240,1.0,0.1,0.1,0.1,0.09090909090909091,0.09090909090909091,0.09090909090909091,3240,1.0,0.1,0.1,0.1,0.09090909090909091,0.09090909090909091,0.09090909090909091,4824,1.0,0.09999999794283958,0.10000000121918592,0.10000000617148178,0.09090908920895832,0.09090909191668257,0.09090909600948903
127,2.1166666666666667,True,valid,0.020924747103175843,0.015940260512122228,0.004931332697215454,0.850945282895781,0.7398808233963572,0.6376068641585142,0.9166161606708009,0.07501735260764715,0.33955881068496774,0.0010328819821810477,1585.0,13.365094917759476,2.5572869265364003e-05,0,17466,0.1093573048710823,173,5.587935447692871e-09,3240,1.0,0.1,0.1,0.1,0.09090909090909091,0.09090909090909091,0.09090909090909091,3240,1.0,0.1,0.1,0.1,0.09090909090909091,0.09090909090909091,0.09090909090909091,4824,1.0,0.09999999794283958,0.10000000121918592,0.10000000617148178,0.09090908920895832,0.09090909191668257,0.09090909600948903
128,2.1333333333333333,True,valid,0.025307283581393142,0.017659934782709268,0.005286556520563633,0.8682463660433645,0.7878937216340085,0.6586505649518039,0.841191678283835,0.0683030430973784,0.0,0.001027836341081732,1585.0,6.3877917869907614,2.611864080563366e-05,0,17240,0.10245586186647415,171,3.725290298461914e-09,3240,1.0,0.1,0.1,0.1,0.09090909090909091,0.09090909090909091,0.09090909090909091,3240,1.0,0.1,0.1,0.1,0.09090909090909091,0.09090909090909091,0.09090909090909091,4824,1.0,0.09999999794283958,0.10000000121918592,0.10000000617148178,0.09090908920895832,0.09090909191668257,0.09090909600948903
129,2.15,True,valid,0.02793759726672008,0.01832860938536351,0.005212842045303725,1.3369226918167096,1.044394137955831,0.7189509061714473,0.9346238997756133,0.08012489033805344,0.6856561084942264,0.000992764363101419,1585.0,39.61497364379556,2.60221546325708e-05,0,17176,0.09806700795888901,180,3.725290298461914e-09,3240,1.0,0.1,0.1,0.1,0.09090909090909091,0.09090909090909091,0.09090909090909091,3240,1.0,0.1,0.1,0.1,0.09090909090909091,0.09090909090909091,0.09090909090909091,4824,1.0,0.09999999794283958,0.10000000121918592,0.10000000617148178,0.09090908920895832,0.09090909191668257,0.09090909600948903
130,2.1666666666666665,True,valid,0.028165039595286323,0.01811455127821177,0.00620954892318106,3.1357728055507037,2.006422313988989,1.4937785498486733,2.1201949147269263,0.18481375221056476,1.9176506390234984,0.000966091234262657,1585.0,109.67404375712543,2.438132266898562e-05,0,17086,0.09265080094337463,174,3.026798367500305e-09,3240,1.0,0.1,0.1,0.1,0.09090909090909091,0.09090909090909091,0.09090909090909091,3240,1.0,0.1,0.1,0.1,0.09090909090909091,0.09090909090909091,0.09090909090909091,4824,1.0,0.09999999794283958,0.10000000121918592,0.10000000617148178,0.09090908920895832,0.09090909191668257,0.09090909600948903
131,2.183333333333333,True,valid,0.027426653386671617,0.01760529725756383,0.005898402566370253,3.4742577985674905,2.2084172592437374,1.8979065433668705,2.2668666093808434,0.12611534342865088,2.042745483280323,0.0010530990724351259,1585.0,115.0217419130185,2.650372572113882e-05,0,17202,0.0865032747387886,172,3.4924596548080444e-09,3240,1.0,0.1,0.1,0.1,0.09090909090909091,0.09090909090909091,0.09090909090909091,3240,1.0,0.1,0.1,0.1,0.09090909090909091,0.09090909090909091,0.09090909090909091,4824,1.0,0.09999999794283958,0.10000000121918592,0.10000000617148178,0.09090908920895832,0.09090909191668257,0.09090909600948903
132,2.2,True,valid,0.0250775438523489,0.016390171677092683,0.005637607716011216,1.570376180735566,0.8607925095553525,1.1740305227766257,1.4924833900586443,0.10112180073505403,0.03427978943971784,0.0010233471069238521,1585.0,42.13527139939091,3.2066731954393764e-05,0,17366,0.07783670723438263,175,2.7939677238464355e-09,3240,1.0,0.1,0.1,0.1,0.09090909090909091,0.09090909090909091,0.09090909090909091,3240,1.0,0.1,0.1,0.1,0.09090909090909091,0.09090909090909091,0.09090909090909091,4824,1.0,0.09999999794283958,0.10000000121918592,0.10000000617148178,0.09090908920895832,0.09090909191668257,0.09090909600948903
133,2.216666666666667,True,valid,0.02076725250851292,0.013509297472415499,0.00556899228730441,1.1140345704099086,0.8356347057569943,0.8170183056148852,1.1141033776633316,0.08031742890461434,0.2457605611355446,0.001038193801091454,1585.0,15.265628206056272,2.645053326039812e-05,0,16757,0.06883296370506287,181,1.862645149230957e-09,3240,1.0,0.1,0.1,0.1,0.09090909090909091,0.09090909090909091,0.09090909090909091,3240,1.0,0.1,0.1,0.1,0.09090909090909091,0.09090909090909091,0.09090909090909091,4824,1.0,0.09999999794283958,0.10000000121918592,0.10000000617148178,0.09090908920895832,0.09090909191668257,0.09090909600948903
134,2.2333333333333334,True,valid,0.016357274510741152,0.011960786337968573,0.005264989861955788,0.8048913981042528,0.7837892989242367,0.5545317017122195,0.8398619467867603,0.0689345943143594,0.273365387336928,0.0010117791608333703,1585.0,4.776238463787037,2.607188454365018e-05,0,17113,0.05703582987189293,161,1.862645149230957e-09,3240,1.0,0.1,0.1,0.1,0.09090909090909091,0.09090909090909091,0.09090909090909091,3240,1.0,0.1,0.1,0.1,0.09090909090909091,0.09090909090909091,0.09090909090909091,4824,1.0,0.09999999794283958,0.10000000121918592,0.10000000617148178,0.09090908920895832,0.09090909191668257,0.09090909600948903
135,2.25,True,valid,0.0134471016227368,0.010489935370350529,0.004891217333358234,2.880907472449752,0.8236471724854347,2.5072066862181246,3.0410024790299706,0.19579643573895167,0.485496312138081,0.000988879470079547,1585.0,84.47272349732661,2.6812955981751063e-05,0,17140,0.04753813147544861,159,7.450580596923828e-09,3240,1.0,0.1,0.1,0.1,0.09090909090909091,0.09090909090909091,0.09090909090909091,3240,1.0,0.1,0.1,0.1,0.09090909090909091,0.09090909090909091,0.09090909090909091,4824,1.0,0.09999999794283958,0.10000000121918592,0.10000000617148178,0.09090908920895832,0.09090909191668257,0.09090909600948903
136,2.2666666666666666,True,valid,0.01328741028074577,0.010555910385854848,0.004221243731487295,0.7141933847678485,0.7183025127153677,0.51318865457495,0.6918723455627491,0.06212078333511651,0.0,0.000945958268313283,1585.0,4.402874440556226,2.5128688590657117e-05,0,16816,0.04479155316948891,140,7.450580596923828e-09,3240,1.0,0.1,0.1,0.1,0.09090909090909091,0.09090909090909091,0.09090909090909091,3240,1.0,0.1,0.1,0.1,0.09090909090909091,0.09090909090909091,0.09090909090909091,4824,1.0,0.09999999794283958,0.10000000121918592,0.10000000617148178,0.09090908920895832,0.09090909191668257,0.09090909600948903
137,2.283333333333333,True,valid,0.01429717380482132,0.012982202903042587,0.004629094588295033,0.7130643956037754,0.7107429809817141,0.49173372983968905,0.6916658576145698,0.05971141972141359,0.0,0.0009038986698427935,1585.0,4.3998287677205,2.328511463015582e-05,0,16684,0.05634591355919838,148,7.450580596923828e-09,3240,1.0,0.1,0.1,0.1,0.09090909090909091,0.09090909090909091,0.09090909090909091,3240,1.0,0.1,0.1,0.1,0.09090909090909091,0.09090909090909091,0.09090909090909091,4824,1.0,0.09999999794283958,0.10000000121918592,0.10000000617148178,0.09090908920895832,0.09090909191668257,0.09090909600948903
138,2.3,True,valid,0.01733804889238117,0.017303667788589692,0.004638787956972004,0.6850048957858211,0.6774163737391007,0.46932904353365373,0.7207831737679958,0.05634516676262689,0.33332890447641167,0.0008737290031237897,1585.0,7.287510830190349,2.263086762259783e-05,0,16530,0.07357929646968842,159,3.725290298461914e-09,3240,1.0,0.1,0.1,0.1,0.09090909090909091,0.09090909090909091,0.09090909090909091,3240,1.0,0.1,0.1,0.1,0.09090909090909091,0.09090909090909091,0.09090909090909091,4824,1.0,0.09999999794283958,0.10000000121918592,0.10000000617148178,0.09090908920895832,0.09090909191668257,0.09090909600948903
139,2.316666666666667,True,valid,0.023381185041094252,0.021527293377839027,0.005053220477771323,22.05572856924652,19.88535302596994,5.255816585867202,5.903155643832255,0.23070285435660015,19.743373458331835,0.0008429154847057684,1585.0,852.1494043477619,7.783755084783835e-05,0,16640,0.0876927375793457,165,3.725290298461914e-09,3240,1.0,0.1,0.1,0.1,0.09090909090909091,0.09090909090909091,0.09090909090909091,3240,1.0,0.1,0.1,0.1,0.09090909090909091,0.09090909090909091,0.09090909090909091,4824,1.0,0.09999999794283958,0.10000000121918592,0.10000000617148178,0.09090908920895832,0.09090909191668257,0.09090909600948903
140,2.3333333333333335,True,valid,0.028228009860830114,0.025276156598304705,0.00434795101713502,0.5888594697608733,0.5981695390538767,0.3718664370668751,0.5753626937788116,0.04507622420535436,0.0,0.0007449883064495014,1585.0,3.638469374770395,1.901004898813574e-05,0,16544,0.10334508866071701,149,3.725290298461914e-09,3240,1.0,0.1,0.1,0.1,0.09090909090909091,0.09090909090909091,0.09090909090909091,3240,1.0,0.1,0.1,0.1,0.09090909090909091,0.09090909090909091,0.09090909090909091,4824,1.0,0.09999999794283958,0.10000000121918592,0.10000000617148178,0.09090908920895832,0.09090909191668257,0.09090909600948903
141,2.35,True,valid,0.031114002973751314,0.027926333851914405,0.004008776368521115,0.5189767152505084,0.5339208160890746,0.3279937040465676,0.5078950821066789,0.03995047433439488,0.0,0.0006631211608086069,1585.0,3.142115070337409,1.7208999356357855e-05,0,17056,0.11865207552909851,138,7.450580596923828e-09,3240,1.0,0.1,0.1,0.1,0.09090909090909091,0.09090909090909091,0.09090909090909091,3240,1.0,0.1,0.1,0.1,0.09090909090909091,0.09090909090909091,0.09090909090909091,4824,1.0,0.09999999794283958,0.10000000121918592,0.10000000617148178,0.09090908920895832,0.09090909191668257,0.09090909600948903
142,2.3666666666666667,True,valid,0.03161577637176714,0.029222984876801066,0.0041325266830004705,0.7722207131724641,0.6375471862075688,0.4490733504080289,0.6245729645969385,0.05389661230475522,0.4609834734487945,0.0005796616998750473,1585.0,16.83936825847963,1.8188708982492858e-05,0,17433,0.13339895009994507,155,3.725290298461914e-09,3240,1.0,0.1,0.1,0.1,0.09090909090909091,0.09090909090909091,0.09090909090909091,3240,1.0,0.1,0.1,0.1,0.09090909090909091,0.09090909090909091,0.09090909090909091,4824,1.0,0.09999999794283958,0.10000000121918592,0.10000000617148178,0.09090908920895832,0.09090909191668257,0.09090909600948903
143,2.3833333333333333,True,valid,0.030747553712922083,0.030378917960584687,0.0037774383160316437,1.5245399095941041,0.6764070778483793,1.1008974087518846,1.2584589970921152,0.07861609698725303,0.49573253091512953,0.0005173392745218314,1585.0,39.72373190269877,2.3828110531108737e-05,0,17768,0.14399777352809906,160,7.450580596923828e-09,3240,1.0,0.1,0.1,0.1,0.09090909090909091,0.09090909090909091,0.09090909090909091,3240,1.0,0.1,0.1,0.1,0.09090909090909091,0.09090909090909091,0.09090909090909091,4824,1.0,0.09999999794283958,0.10000000121918592,0.10000000617148178,0.09090908920895832,0.09090909191668257,0.09090909600948903
144,2.4,True,valid,0.029446374411155985,0.029428020685272005,0.003163058108550656,0.5863394582746596,0.4267527331387854,0.4231720214450928,0.4618914823752257,0.05548702234358003,0.5765876522037022,0.000448288312058662,1585.0,16.15074306902367,1.122794561086863e-05,0,17761,0.15137167274951935,167,7.450580596923828e-09,3240,1.0,0.1,0.1,0.1,0.09090909090909091,0.09090909090909091,0.09090909090909091,3240,1.0,0.1,0.1,0.1,0.09090909090909091,0.09090909090909091,0.09090909090909091,4824,1.0,0.09999999794283958,0.10000000121918592,0.10000000617148178,0.09090908920895832,0.09090909191668257,0.09090909600948903
145,2.4166666666666665,True,valid,0.027786574691495213,0.02852208034864598,0.0040318327389543135,0.4495140805501247,0.40376470512232265,0.2776022767257139,0.38851051675389464,0.033956060764202954,0.2461756554413484,0.0004833231138210502,1585.0,8.30799140703521,1.1152617774588686e-05,0,17717,0.1587531417608261,168,7.450580596923828e-09,3240,1.0,0.1,0.1,0.1,0.09090909090909091,0.09090909090909091,0.09090909090909091,3240,1.0,0.1,0.1,0.1,0.09090909090909091,0.09090909090909091,0.09090909090909091,4824,1.0,0.09999999794283958,0.10000000121918592,0.10000000617148178,0.09090908920895832,0.09090909191668257,0.09090909600948903
146,2.433333333333333,True,valid,0.02797560846753829,0.027522642104380914,0.0028543897322698655,0.2622395530075073,0.2758537999034298,0.1575497810885386,0.2880184360153587,0.01911681631350461,0.0927249675907688,0.00044045946778189404,1585.0,2.7281398090699693,1.0113623974455451e-05,0,17474,0.1651490181684494,174,7.450580596923828e-09,3240,1.0,0.1,0.1,0.1,0.09090909090909091,0.09090909090909091,0.09090909090909091,3240,1.0,0.1,0.1,0.1,0.09090909090909091,0.09090909090909091,0.09090909090909091,4824,1.0,0.09999999794283958,0.10000000121918592,0.10000000617148178,0.09090908920895832,0.09090909191668257,0.09090909600948903
147,2.45,True,valid,0.027439871866191064,0.02591973288619743,0.002451656654129234,0.40383647034523423,0.29587936244581425,0.21301283214936542,0.3126344419922486,0.01662485452351556,0.16387862536019351,0.00029749253694081674,1585.0,8.927927133918649,7.226029171850559e-06,0,17480,0.1656673401594162,165,7.450580596923828e-09,3240,1.0,0.1,0.1,0.1,0.09090909090909091,0.09090909090909091,0.09090909090909091,3240,1.0,0.1,0.1,0.1,0.09090909090909091,0.09090909090909091,0.09090909090909091,4824,1.0,0.09999999794283958,0.10000000121918592,0.10000000617148178,0.09090908920895832,0.09090909191668257,0.09090909600948903
148,2.466666666666667,True,valid,0.02405749328996022,0.024424731314037936,0.002574023822495383,0.1582020381515424,0.1604954454157545,0.05166427296177746,0.21788855557751888,0.005718925570692241,0.12763304291278782,0.00027566244017610355,1585.0,1.224430361344117,6.044901546396731e-06,0,17374,0.16482026875019073,168,7.450580596923828e-09,3240,1.0,0.1,0.1,0.1,0.09090909090909091,0.09090909090909091,0.09090909090909091,3240,1.0,0.1,0.1,0.1,0.09090909090909091,0.09090909090909091,0.09090909090909091,4824,1.0,0.09999999794283958,0.10000000121918592,0.10000000617148178,0.09090908920895832,0.09090909191668257,0.09090909600948903
149,2.4833333333333334,True,valid,0.02192537040101575,0.0206143936523301,0.0030287711707084903,0.21255542687194415,0.14679383632253756,0.14446431680032895,0.2332560936676,0.009277685386919343,0.06551970140402967,0.0002189870972152273,1585.0,3.639535518889113,5.0928397438442585e-06,0,17358,0.16287805140018463,168,7.450580596923828e-09,3240,1.0,0.1,0.1,0.1,0.09090909090909091,0.09090909090909091,0.09090909090909091,3240,1.0,0.1,0.1,0.1,0.09090909090909091,0.09090909090909091,0.09090909090909091,4824,1.0,0.09999999794283958,0.10000000121918592,0.10000000617148178,0.09090908920895832,0.09090909191668257,0.09090909600948903
150,2.5,True,valid,0.020406961567517166,0.017458988143102754,0.001798883205382501,0.19421296906678207,0.16981718213883137,0.08370509348619551,0.15365290215592273,0.008480693468863394,0.12204037827092667,0.00019426456514245126,1585.0,4.8636167159356765,4.570267725486657e-06,0,17091,0.15952961146831512,169,7.450580596923828e-09,3240,1.0,0.1,0.1,0.1,0.09090909090909091,0.09090909090909091,0.09090909090909091,3240,1.0,0.1,0.1,0.1,0.09090909090909091,0.09090909090909091,0.09090909090909091,4824,1.0,0.09999999794283958,0.10000000121918592,0.10000000617148178,0.09090908920895832,0.09090909191668257,0.09090909600948903
151,2.5166666666666666,True,valid,0.01952484707219726,0.014248617561622783,0.0021163434643807853,0.19726811267412628,0.18334638906017198,0.11473190792785687,0.21056757281572472,0.013026957267089592,0.061441173056479004,0.00023678010597573935,1585.0,1.605449145706659,5.551173395533447e-06,0,16928,0.1559002548456192,170,7.450580596923828e-09,3240,1.0,0.1,0.1,0.1,0.09090909090909091,0.09090909090909091,0.09090909090909091,3240,1.0,0.1,0.1,0.1,0.09090909090909091,0.09090909090909091,0.09090909090909091,4824,1.0,0.09999999794283958,0.10000000121918592,0.10000000617148178,0.09090908920895832,0.09090909191668257,0.09090909600948903
152,2.533333333333333,True,valid,0.018587238291125237,0.011275753896484862,0.002418141616561967,0.6526617970944594,0.4336616521289629,0.32951812032286254,0.40183499290206626,0.027576171742208656,0.3553215736170114,0.00029903798209784206,1585.0,21.82190054349435,7.804460985264255e-06,0,16492,0.15002883970737457,171,7.450580596923828e-09,3240,1.0,0.1,0.1,0.1,0.09090909090909091,0.09090909090909091,0.09090909090909091,3240,1.0,0.1,0.1,0.1,0.09090909090909091,0.09090909090909091,0.09090909090909091,4824,1.0,0.09999999794283958,0.10000000121918592,0.10000000617148178,0.09090908920895832,0.09090909191668257,0.09090909600948903
153,2.55,True,valid,0.01818156511885951,0.011217080016476894,0.0032060525193147327,0.32529367671236437,0.31586939302754385,0.19580963266508997,0.29717477783497526,0.023642339444411853,0.13893656747640049,0.0003249942921924674,1585.0,4.812387589852315,8.76831613284105e-06,0,15977,0.14270131289958954,171,7.450580596923828e-09,3240,1.0,0.1,0.1,0.1,0.09090909090909091,0.09090909090909091,0.09090909090909091,3240,1.0,0.1,0.1,0.1,0.09090909090909091,0.09090909090909091,0.09090909090909091,4824,1.0,0.09999999794283958,0.10000000121918592,0.10000000617148178,0.09090908920895832,0.09090909191668257,0.09090909600948903
154,2.566666666666667,True,valid,0.02013114978651769,0.012105173297477038,0.0025948215068390943,0.7029909651596975,0.4214781520922394,0.5557639485667374,0.7115287301360715,0.04525508991270868,0.26853484402025424,0.0004268180179805717,1585.0,16.070675897372737,1.2358256905287423e-05,0,16020,0.13465401530265808,174,3.725290298461914e-09,3240,1.0,0.1,0.1,0.1,0.09090909090909091,0.09090909090909091,0.09090909090909091,3240,1.0,0.1,0.1,0.1,0.09090909090909091,0.09090909090909091,0.09090909090909091,4824,1.0,0.09999999794283958,0.10000000121918592,0.10000000617148178,0.09090908920895832,0.09090909191668257,0.09090909600948903
155,2.5833333333333335,True,valid,0.020688177562406415,0.01325219256497397,0.0029669005480950487,0.4122305761348669,0.40155099678680084,0.27617945117998766,0.40597428556360937,0.033616939774452445,0.062439848747929086,0.00047775633558231164,1585.0,2.0642543342237354,1.2669935758043011e-05,0,15971,0.12647877633571625,173,7.450580596923828e-09,3240,1.0,0.1,0.1,0.1,0.09090909090909091,0.09090909090909091,0.09090909090909091,3240,1.0,0.1,0.1,0.1,0.09090909090909091,0.09090909090909091,0.09090909090909091,4824,1.0,0.09999999794283958,0.10000000121918592,0.10000000617148178,0.09090908920895832,0.09090909191668257,0.09090909600948903
156,2.6,True,valid,0.019841458153453645,0.014441375846272485,0.0036294180334277724,0.4650102415546883,0.4574936560241769,0.31435814748544033,0.45062780548371173,0.037996413446330396,0.0,0.0005417647935156804,1585.0,2.1752316910951226,1.4753053679690502e-05,0,16072,0.11761878430843353,170,3.725290298461914e-09,3240,1.0,0.1,0.1,0.1,0.09090909090909091,0.09090909090909091,0.09090909090909091,3240,1.0,0.1,0.1,0.1,0.09090909090909091,0.09090909090909091,0.09090909090909091,4824,1.0,0.09999999794283958,0.10000000121918592,0.10000000617148178,0.09090908920895832,0.09090909191668257,0.09090909600948903
157,2.6166666666666667,True,valid,0.019760091100020884,0.015439612410399928,0.0039956122494702855,0.5516395698497427,0.5216687259637548,0.37335248331951304,0.5399980583591226,0.08364910070972374,0.16714945257599897,0.0006353100708208426,1585.0,3.987069212369359,1.6838340836521367e-05,0,16512,0.1089390367269516,172,3.725290298461914e-09,3240,1.0,0.1,0.1,0.1,0.09090909090909091,0.09090909090909091,0.09090909090909091,3240,1.0,0.1,0.1,0.1,0.09090909090909091,0.09090909090909091,0.09090909090909091,4824,1.0,0.09999999794283958,0.10000000121918592,0.10000000617148178,0.09090908920895832,0.09090909191668257,0.09090909600948903
158,2.6333333333333333,True,valid,0.020684288207738613,0.015926816017813237,0.0035888949213714032,0.563262945220634,0.557327093007892,0.39018453327495595,0.5455494404200092,0.04715259231587582,0.0,0.0006918747986886646,1585.0,2.8510396135175724,1.8345815778830136e-05,0,16542,0.10013853758573532,171,3.725290298461914e-09,3240,1.0,0.1,0.1,0.1,0.09090909090909091,0.09090909090909091,0.09090909090909091,3240,1.0,0.1,0.1,0.1,0.09090909090909091,0.09090909090909091,0.09090909090909091,4824,1.0,0.09999999794283958,0.10000000121918592,0.10000000617148178,0.09090908920895832,0.09090909191668257,0.09090909600948903
159,2.65,True,valid,0.020083085530181552,0.01541525976795808,0.003986881092913941,0.6233244314760601,0.6099012941509067,0.4298518944187081,0.616837390654287,0.052569321224336794,0.1133921345385042,0.0007602720134961745,1585.0,3.2045575743235135,2.0353264356835464e-05,0,16414,0.09044327586889267,165,7.450580596923828e-09,3240,1.0,0.1,0.1,0.1,0.09090909090909091,0.09090909090909091,0.09090909090909091,3240,1.0,0.1,0.1,0.1,0.09090909090909091,0.09090909090909091,0.09090909090909091,4824,1.0,0.09999999794283958,0.10000000121918592,0.10000000617148178,0.09090908920895832,0.09090909191668257,0.09090909600948903
160,2.6666666666666665,True,valid,0.018206409673604932,0.014653464811729298,0.004524848776826503,0.6708708625028439,0.655064693099747,0.45945976964648794,0.6732040435930439,0.05673785485253728,0.16031634088832972,0.000810925755178658,1585.0,3.4968354361077254,2.1051768610124743e-05,0,16312,0.08029311150312424,179,3.725290298461914e-09,3240,1.0,0.1,0.1,0.1,0.09090909090909091,0.09090909090909091,0.09090909090909091,3240,1.0,0.1,0.1,0.1,0.09090909090909091,0.09090909090909091,0.09090909090909091,4824,1.0,0.09999999794283958,0.10000000121918592,0.10000000617148178,0.09090908920895832,0.09090909191668257,0.09090909600948903
161,2.683333333333333,True,valid,0.01738636118536635,0.014335471965122287,0.004605218264134845,2.1373397093168625,0.8149475244806349,1.8174725521567328,2.231518752740913,0.14908042182258352,0.5268586279011856,0.0009050769427912977,1585.0,50.67119940633666,4.599893899530686e-05,0,16274,0.07098370790481567,175,7.450580596923828e-09,3240,1.0,0.1,0.1,0.1,0.09090909090909091,0.09090909090909091,0.09090909090909091,3240,1.0,0.1,0.1,0.1,0.09090909090909091,0.09090909090909091,0.09090909090909091,4824,1.0,0.09999999794283958,0.10000000121918592,0.10000000617148178,0.09090908920895832,0.09090909191668257,0.09090909600948903
162,2.7,True,valid,0.01739652663206503,0.01318391991544274,0.004532617923572966,1.3004250368382773,0.8304352584871375,0.972751862125061,1.1287982210479663,0.08191473013341113,0.3893789094372114,0.0009510165878270832,1585.0,22.968894388285634,2.7337350131280752e-05,0,16362,0.0663142278790474,173,3.725290298461914e-09,3240,1.0,0.1,0.1,0.1,0.09090909090909091,0.09090909090909091,0.09090909090909091,3240,1.0,0.1,0.1,0.1,0.09090909090909091,0.09090909090909091,0.09090909090909091,4824,1.0,0.09999999794283958,0.10000000121918592,0.10000000617148178,0.09090908920895832,0.09090909191668257,0.09090909600948903
163,2.716666666666667,True,valid,0.01692124526875983,0.012211106542038224,0.004894128240213931,0.7735931739090989,0.7613619876788164,0.530706121951605,0.7494786541712894,0.06431824822288637,0.0,0.0009760988158923009,1585.0,4.317652348301939,2.5404147298853466e-05,0,16418,0.06073300912976265,170,7.450580596923828e-09,3240,1.0,0.1,0.1,0.1,0.09090909090909091,0.09090909090909091,0.09090909090909091,3240,1.0,0.1,0.1,0.1,0.09090909090909091,0.09090909090909091,0.09090909090909091,4824,1.0,0.09999999794283958,0.10000000121918592,0.10000000617148178,0.09090908920895832,0.09090909191668257,0.09090909600948903
164,2.7333333333333334,True,valid,0.01675404338262953,0.011598061332499543,0.0049072600103751045,0.8005299931555696,0.7857489771447503,0.5414522853821621,0.7868824805088652,0.06666650595181449,0.3227962997934732,0.0009970436440431174,1585.0,6.360872908492245,2.567460974137833e-05,0,16587,0.058077920228242874,178,3.725290298461914e-09,3240,1.0,0.1,0.1,0.1,0.09090909090909091,0.09090909090909091,0.09090909090909091,3240,1.0,0.1,0.1,0.1,0.09090909090909091,0.09090909090909091,0.09090909090909091,4824,1.0,0.09999999794283958,0.10000000121918592,0.10000000617148178,0.09090908920895832,0.09090909191668257,0.09090909600948903
165,2.75,True,valid,0.017437596157749338,0.011667097791912412,0.005175392471421879,0.8369433332902164,0.7971843352023326,0.5630274882432219,0.8080003163442877,0.06969609539094682,0.0,0.001034988844208592,1585.0,4.743069805608973,2.6165438382608566e-05,0,16928,0.05326767638325691,184,2.7939677238464355e-09,3240,1.0,0.1,0.1,0.1,0.09090909090909091,0.09090909090909091,0.09090909090909091,3240,1.0,0.1,0.1,0.1,0.09090909090909091,0.09090909090909091,0.09090909090909091,4824,1.0,0.09999999794283958,0.10000000121918592,0.10000000617148178,0.09090908920895832,0.09090909191668257,0.09090909600948903
166,2.7666666666666666,True,valid,0.01918320703871231,0.012226628820725333,0.005013571662752519,0.8410742340417753,0.8278642724246537,0.5567588339855086,0.7959879773744225,0.06905543379451388,0.3253167892955534,0.0010417420555112944,1585.0,10.674909611214087,2.6186833707753787e-05,0,16781,0.04721617326140404,179,4.656612873077393e-10,3240,1.0,0.1,0.1,0.1,0.09090909090909091,0.09090909090909091,0.09090909090909091,3240,1.0,0.1,0.1,0.1,0.09090909090909091,0.09090909090909091,0.09090909090909091,4824,1.0,0.09999999794283958,0.10000000121918592,0.10000000617148178,0.09090908920895832,0.09090909191668257,0.09090909600948903
167,2.783333333333333,True,valid,0.0203338788399397,0.013057563499235394,0.005244249026847267,0.8489353011617732,0.8039921411127923,0.6092727517445945,0.8118491294893696,0.06860436857863966,0.09520948078844774,0.001052790420888392,1585.0,6.823658976007633,2.8258775255312992e-05,0,16628,0.044303663074970245,174,3.725290298461914e-09,3240,1.0,0.1,0.1,0.1,0.09090909090909091,0.09090909090909091,0.09090909090909091,3240,1.0,0.1,0.1,0.1,0.09090909090909091,0.09090909090909091,0.09090909090909091,4824,1.0,0.09999999794283958,0.10000000121918592,0.10000000617148178,0.09090908920895832,0.09090909191668257,0.09090909600948903
168,2.8,True,valid,0.021552015275524534,0.01292882062712376,0.00548590683320564,0.8151204532594277,0.8162009272829768,0.5299143179844218,0.7931456542793317,0.06482471886863707,0.0,0.0010372874128552105,1585.0,5.029101818952182,2.5966280182637818e-05,0,16675,0.0427718460559845,159,2.7939677238464355e-09,3240,1.0,0.1,0.1,0.1,0.09090909090909091,0.09090909090909091,0.09090909090909091,3240,1.0,0.1,0.1,0.1,0.09090909090909091,0.09090909090909091,0.09090909090909091,4824,1.0,0.09999999794283958,0.10000000121918592,0.10000000617148178,0.09090908920895832,0.09090909191668257,0.09090909600948903
169,2.816666666666667,True,valid,0.02216641014856422,0.012936910326145488,0.00507337968605014,0.7971825024434933,0.7784063695982996,0.5446468445025366,0.7714961468066127,0.06523197253471431,0.07414375073309071,0.0010030408803727753,1585.0,4.818768293530211,2.6265527603355234e-05,0,16611,0.040079206228256226,165,5.587935447692871e-09,3240,1.0,0.1,0.1,0.1,0.09090909090909091,0.09090909090909091,0.09090909090909091,3240,1.0,0.1,0.1,0.1,0.09090909090909091,0.09090909090909091,0.09090909090909091,4824,1.0,0.09999999794283958,0.10000000121918592,0.10000000617148178,0.09090908920895832,0.09090909191668257,0.09090909600948903
170,2.8333333333333335,True,valid,0.0214655753024887,0.013664684801215113,0.00551931073853306,0.8238137949056537,0.7919114739394916,0.5294174802873574,0.8046221276719788,0.06325539082531677,0.1522794408468693,0.0010056304254897513,1585.0,4.739018327476332,2.5239083807180054e-05,0,16670,0.03531811013817787,167,5.587935447692871e-09,3240,1.0,0.1,0.1,0.1,0.09090909090909091,0.09090909090909091,0.09090909090909091,3240,1.0,0.1,0.1,0.1,0.09090909090909091,0.09090909090909091,0.09090909090909091,4824,1.0,0.09999999794283958,0.10000000121918592,0.10000000617148178,0.09090908920895832,0.09090909191668257,0.09090909600948903
171,2.85,True,valid,0.020727390768223296,0.013340723704172101,0.0051045381715871885,0.9707868415619566,0.9391849863768934,0.5174610258677708,0.7447207173441821,0.06255785157571128,0.6194769229074797,0.0009709225669036164,1585.0,24.37483014139455,2.999238368183934e-05,0,17010,0.036871541291475296,161,3.725290298461914e-09,3240,1.0,0.1,0.1,0.1,0.09090909090909091,0.09090909090909091,0.09090909090909091,3240,1.0,0.1,0.1,0.1,0.09090909090909091,0.09090909090909091,0.09090909090909091,4824,1.0,0.09999999794283958,0.10000000121918592,0.10000000617148178,0.09090908920895832,0.09090909191668257,0.09090909600948903
172,2.8666666666666667,True,valid,0.019906655148738427,0.012250176767637753,0.0046348924833386936,0.7184062540935569,0.7166829084792864,0.4752834760159594,0.7279323141133803,0.05777933553767018,0.16663964064896677,0.0008907616048304071,1585.0,4.385124675286534,2.247993944502086e-05,0,16904,0.04331789165735245,147,3.725290298461914e-09,3240,1.0,0.1,0.1,0.1,0.09090909090909091,0.09090909090909091,0.09090909090909091,3240,1.0,0.1,0.1,0.1,0.09090909090909091,0.09090909090909091,0.09090909090909091,4824,1.0,0.09999999794283958,0.10000000121918592,0.10000000617148178,0.09090908920895832,0.09090909191668257,0.09090909600948903
173,2.8833333333333333,True,valid,0.018160025498824214,0.011576860089618795,0.0043238123234068645,0.8216026028502481,0.684869467203461,0.6399853869088047,0.8598980443988571,0.061733218831590775,0.19322571583927958,0.0008439625509284039,1585.0,11.453469336075877,2.4550778649468125e-05,0,16670,0.05011964216828346,159,3.725290298461914e-09,3240,1.0,0.1,0.1,0.1,0.09090909090909091,0.09090909090909091,0.09090909090909091,3240,1.0,0.1,0.1,0.1,0.09090909090909091,0.09090909090909091,0.09090909090909091,4824,1.0,0.09999999794283958,0.10000000121918592,0.10000000617148178,0.09090908920895832,0.09090909191668257,0.09090909600948903
174,2.9,True,valid,0.016742163845250155,0.011253855884109328,0.0041556576121350415,0.622836018841035,0.6334666256731986,0.4263434692157817,0.6065101886279998,0.05266919628638996,0.025839227505985954,0.0008075091728433885,1585.0,3.86671057432035,2.0967532411176724e-05,0,16414,0.05671829730272293,173,3.725290298461914e-09,3240,1.0,0.1,0.1,0.1,0.09090909090909091,0.09090909090909091,0.09090909090909091,3240,1.0,0.1,0.1,0.1,0.09090909090909091,0.09090909090909091,0.09090909090909091,4824,1.0,0.09999999794283958,0.10000000121918592,0.10000000617148178,0.09090908920895832,0.09090909191668257,0.09090909600948903
175,2.9166666666666665,True,valid,0.0167161828069288,0.013122554767878717,0.0038665258393642365,0.6205036165379938,0.5872787875704956,0.44532601118105825,0.6679569935433155,0.10208058352279127,0.3302316211670419,0.0007785247951724323,1585.0,6.812867916799695,1.944755581666193e-05,0,16268,0.06378207355737686,182,7.450580596923828e-09,3240,1.0,0.1,0.1,0.1,0.09090909090909091,0.09090909090909091,0.09090909090909091,3240,1.0,0.1,0.1,0.1,0.09090909090909091,0.09090909090909091,0.09090909090909091,4824,1.0,0.09999999794283958,0.10000000121918592,0.10000000617148178,0.09090908920895832,0.09090909191668257,0.09090909600948903
176,2.933333333333333,True,valid,0.018152464981424556,0.016084551214834455,0.003644867770629923,0.9734181986472453,0.9579701085792464,0.3915205136367874,0.5588608061406982,0.04449656995838764,0.8075207187098036,0.0006845413010133771,1585.0,28.806007583716813,1.7654679558214694e-05,0,16196,0.07195161283016205,175,7.450580596923828e-09,3240,1.0,0.1,0.1,0.1,0.09090909090909091,0.09090909090909091,0.09090909090909091,3240,1.0,0.1,0.1,0.1,0.09090909090909091,0.09090909090909091,0.09090909090909091,4824,1.0,0.09999999794283958,0.10000000121918592,0.10000000617148178,0.09090908920895832,0.09090909191668257,0.09090909600948903
177,2.95,True,valid,0.020485030537522594,0.020122463051791165,0.0034603118166224036,0.47599814812882496,0.4963383709981269,0.3131521824133675,0.46577131657110954,0.037769418971382,0.0,0.0006279549224612422,1585.0,3.0177195893420983,1.5888670869468523e-05,0,16602,0.0857996791601181,180,3.725290298461914e-09,3240,1.0,0.1,0.1,0.1,0.09090909090909091,0.09090909090909091,0.09090909090909091,3240,1.0,0.1,0.1,0.1,0.09090909090909091,0.09090909090909091,0.09090909090909091,4824,1.0,0.09999999794283958,0.10000000121918592,0.10000000617148178,0.09090908920895832,0.09090909191668257,0.09090909600948903
178,2.966666666666667,True,valid,0.022207606215800365,0.022788540035065002,0.003525541097577013,0.4242643362419142,0.43746784743817807,0.2756227053462494,0.41553612514852856,0.033770818400339866,0.0031300596896950226,0.0005323623206295109,1585.0,2.704209344044323,1.3896688195736672e-05,0,17180,0.09715656191110611,189,3.725290298461914e-09,3240,1.0,0.1,0.1,0.1,0.09090909090909091,0.09090909090909091,0.09090909090909091,3240,1.0,0.1,0.1,0.1,0.09090909090909091,0.09090909090909091,0.09090909090909091,4824,1.0,0.09999999794283958,0.10000000121918592,0.10000000617148178,0.09090908920895832,0.09090909191668257,0.09090909600948903
179,2.9833333333333334,True,valid,0.024859392668351285,0.02510285947021316,0.003279854860287913,0.5660822018171692,0.402404596054635,0.4429747554797804,0.6236549815691402,0.11245290767956909,0.22078821970242585,0.00048494476222488814,1585.0,8.186712019791761,2.457115780423356e-05,0,17430,0.10739529132843018,195,7.450580596923828e-09,3240,1.0,0.1,0.1,0.1,0.09090909090909091,0.09090909090909091,0.09090909090909091,3240,1.0,0.1,0.1,0.1,0.09090909090909091,0.09090909090909091,0.09090909090909091,4824,1.0,0.09999999794283958,0.10000000121918592,0.10000000617148178,0.09090908920895832,0.09090909191668257,0.09090909600948903
180,3.0,True,valid,0.02741974855061642,0.026476486871025818,0.0028369672989841106,0.4471058516035956,0.42751628022164334,0.3632905650018076,0.4520216281551358,0.030202040134877133,0.29706236510743617,0.0004123998868274059,1585.0,8.399984406666503,1.1710388502978594e-05,0,17456,0.11751943826675415,176,7.450580596923828e-09,3240,1.0,0.1,0.1,0.1,0.09090909090909091,0.09090909090909091,0.09090909090909091,3240,1.0,0.1,0.1,0.1,0.09090909090909091,0.09090909090909091,0.09090909090909091,4824,1.0,0.09999999794283958,0.10000000121918592,0.10000000617148178,0.09090908920895832,0.09090909191668257,0.09090909600948903
181,3.0166666666666666,True,valid,0.028959047411264816,0.026748386656173375,0.002675534415068768,0.8702182330705771,0.39973200494853844,0.6928740228209356,0.8595182646878748,0.052093882637469995,0.32745727593580715,0.0003657374968425374,1585.0,21.972036634352346,1.4676691347624468e-05,0,17294,0.1274358034133911,173,7.450580596923828e-09,3240,1.0,0.1,0.1,0.1,0.09090909090909091,0.09090909090909091,0.09090909090909091,3240,1.0,0.1,0.1,0.1,0.09090909090909091,0.09090909090909091,0.09090909090909091,4824,1.0,0.09999999794283958,0.10000000121918592,0.10000000617148178,0.09090908920895832,0.09090909191668257,0.09090909600948903
182,3.033333333333333,True,valid,0.029199387625453856,0.026774724642510534,0.0033142169705714206,0.2273484811304136,0.22568163244865175,0.12110569300455679,0.27844902219717677,0.0164806811578016,0.14052644931957578,0.00030705355843261623,1585.0,2.3594318006360653,7.171709392916015e-06,0,17238,0.13733027875423431,166,7.450580596923828e-09,3240,1.0,0.1,0.1,0.1,0.09090909090909091,0.09090909090909091,0.09090909090909091,3240,1.0,0.1,0.1,0.1,0.09090909090909091,0.09090909090909091,0.09090909090909091,4824,1.0,0.09999999794283958,0.10000000121918592,0.10000000617148178,0.09090908920895832,0.09090909191668257,0.09090909600948903
183,3.05,True,valid,0.02930828264837505,0.026985836261321134,0.002600257237737875,0.2394747684541093,0.2001879876427017,0.09864919169398033,0.2267028218142419,0.021033438125206978,0.14436622018934778,0.0002902593673736055,1585.0,5.959091509607191,6.406047258962098e-06,0,17424,0.1455688625574112,167,7.450580596923828e-09,3240,1.0,0.1,0.1,0.1,0.09090909090909091,0.09090909090909091,0.09090909090909091,3240,1.0,0.1,0.1,0.1,0.09090909090909091,0.09090909090909091,0.09090909090909091,4824,1.0,0.09999999794283958,0.10000000121918592,0.10000000617148178,0.09090908920895832,0.09090909191668257,0.09090909600948903
184,3.066666666666667,True,valid,0.027884187640290048,0.026335148844187802,0.002496903795466512,1.0773650692349417,0.21431585054485427,0.923220849741508,1.1336926678301007,0.07062634527349809,0.1766994613650871,0.00018437709511775205,1585.0,30.520245192075375,7.191209680118935e-06,0,17468,0.15248414874076843,173,7.450580596923828e-09,3240,1.0,0.1,0.1,0.1,0.09090909090909091,0.09090909090909091,0.09090909090909091,3240,1.0,0.1,0.1,0.1,0.09090909090909091,0.09090909090909091,0.09090909090909091,4824,1.0,0.09999999794283958,0.10000000121918592,0.10000000617148178,0.09090908920895832,0.09090909191668257,0.09090909600948903
185,3.0833333333333335,True,valid,0.025442582161490934,0.024852288910622702,0.0024927286588088855,1.204070481255199,0.8007334792016673,0.5936752393283594,0.6657416850641515,0.0423298953727596,0.8333379312071285,0.0002257813138540883,1585.0,37.92833052184611,7.025612937462247e-06,0,17532,0.15847134590148926,174,7.450580596923828e-09,3240,1.0,0.1,0.1,0.1,0.09090909090909091,0.09090909090909091,0.09090909090909091,3240,1.0,0.1,0.1,0.1,0.09090909090909091,0.09090909090909091,0.09090909090909091,4824,1.0,0.09999999794283958,0.10000000121918592,0.10000000617148178,0.09090908920895832,0.09090909191668257,0.09090909600948903
186,3.1,True,valid,0.023264596012455254,0.022247823685310492,0.0028507636533972747,0.47216278943468626,0.409644569479767,0.15691918817258904,0.5139146829429115,0.035961950227418764,0.6006136290772107,0.00019267222736967475,1585.0,16.33373143465207,5.04898025264484e-06,0,17540,0.16263417899608612,192,7.450580596923828e-09,3240,1.0,0.1,0.1,0.1,0.09090909090909091,0.09090909090909091,0.09090909090909091,3240,1.0,0.1,0.1,0.1,0.09090909090909091,0.09090909090909091,0.09090909090909091,4824,1.0,0.09999999794283958,0.10000000121918592,0.10000000617148178,0.09090908920895832,0.09090909191668257,0.09090909600948903
187,3.1166666666666667,True,valid,0.022120414405698847,0.01906091507004157,0.002196857981162188,0.3015149697387938,0.25200851886938397,0.18374830090957112,0.25340605588130005,0.017897619555812302,0.13098920984557394,0.0002655518690041231,1585.0,5.5483842454083625,6.8710285993272826e-06,0,17316,0.15749849379062653,190,7.450580596923828e-09,3240,1.0,0.1,0.1,0.1,0.09090909090909091,0.09090909090909091,0.09090909090909091,3240,1.0,0.1,0.1,0.1,0.09090909090909091,0.09090909090909091,0.09090909090909091,4824,1.0,0.09999999794283958,0.10000000121918592,0.10000000617148178,0.09090908920895832,0.09090909191668257,0.09090909600948903
188,3.1333333333333333,True,valid,0.020819126097502617,0.015831577518592623,0.0025522117817587597,0.4862199438048644,0.32591872375080927,0.30179752328141446,0.45417726037939465,0.027226880071200936,0.2711872255492879,0.00033381436045919655,1585.0,11.348329421063925,1.1801701759951821e-05,0,17080,0.1519102305173874,178,7.450580596923828e-09,3240,1.0,0.1,0.1,0.1,0.09090909090909091,0.09090909090909091,0.09090909090909091,3240,1.0,0.1,0.1,0.1,0.09090909090909091,0.09090909090909091,0.09090909090909091,4824,1.0,0.09999999794283958,0.10000000121918592,0.10000000617148178,0.09090908920895832,0.09090909191668257,0.09090909600948903
189,3.15,True,valid,0.01965670081798551,0.013801242332113505,0.003064181738365376,1.6453505559796007,0.5209468871404513,1.374685131536709,1.7242918810492762,0.1956781137636383,0.6963670791912908,0.00050495331981157,1585.0,29.932026107920507,3.677241534394997e-05,0,16544,0.14387556910514832,175,7.450580596923828e-09,3240,1.0,0.1,0.1,0.1,0.09090909090909091,0.09090909090909091,0.09090909090909091,3240,1.0,0.1,0.1,0.1,0.09090909090909091,0.09090909090909091,0.09090909090909091,4824,1.0,0.09999999794283958,0.10000000121918592,0.10000000617148178,0.09090908920895832,0.09090909191668257,0.09090909600948903
190,3.1666666666666665,True,valid,0.019346365875544985,0.012836935314204326,0.003983050247248662,0.9147111269369764,0.41869563997764975,0.7810338854165726,0.9620245170936255,0.06347263826114534,0.16607456674121066,0.0005161498966267658,1585.0,23.99145260971249,1.392866443636493e-05,0,16505,0.13572277128696442,178,7.450580596923828e-09,3240,1.0,0.1,0.1,0.1,0.09090909090909091,0.09090909090909091,0.09090909090909091,3240,1.0,0.1,0.1,0.1,0.09090909090909091,0.09090909090909091,0.09090909090909091,4824,1.0,0.09999999794283958,0.10000000121918592,0.10000000617148178,0.09090908920895832,0.09090909191668257,0.09090909600948903
191,3.183333333333333,True,valid,0.021867305639498368,0.013939535355014465,0.0036130494464296737,0.5899265581330765,0.532671687216851,0.3581485475611698,0.47811851243586867,0.04527125225435258,0.3078424089502754,0.0005774787008671006,1585.0,12.864864264057006,1.595633609675168e-05,0,16505,0.1273142695426941,178,7.450580596923828e-09,3240,1.0,0.1,0.1,0.1,0.09090909090909091,0.09090909090909091,0.09090909090909091,3240,1.0,0.1,0.1,0.1,0.09090909090909091,0.09090909090909091,0.09090909090909091,4824,1.0,0.09999999794283958,0.10000000121918592,0.10000000617148178,0.09090908920895832,0.09090909191668257,0.09090909600948903
192,3.2,True,valid,0.0242337092446366,0.015301977937493732,0.003883652800470516,3.391135620983768,3.264114728304725,0.6222241623652067,0.7542118312998712,0.051955008421297806,3.242757700987894,0.0005857979010896973,1585.0,131.49868588333345,1.733097130138188e-05,0,16254,0.11851418763399124,178,7.450580596923828e-09,3240,1.0,0.1,0.1,0.1,0.09090909090909091,0.09090909090909091,0.09090909090909091,3240,1.0,0.1,0.1,0.1,0.09090909090909091,0.09090909090909091,0.09090909090909091,4824,1.0,0.09999999794283958,0.10000000121918592,0.10000000617148178,0.09090908920895832,0.09090909191668257,0.09090909600948903
193,3.216666666666667,True,valid,0.024670662383763642,0.015791168213274854,0.004069965654360151,0.5681607990347852,0.5590492497463543,0.3714035979168046,0.5488157514296197,0.044286199876933635,0.060645912284810095,0.0006610246806305646,1585.0,2.870239220801418,1.781066947711286e-05,0,16215,0.10978935658931732,176,3.725290298461914e-09,3240,1.0,0.1,0.1,0.1,0.09090909090909091,0.09090909090909091,0.09090909090909091,3240,1.0,0.1,0.1,0.1,0.09090909090909091,0.09090909090909091,0.09090909090909091,4824,1.0,0.09999999794283958,0.10000000121918592,0.10000000617148178,0.09090908920895832,0.09090909191668257,0.09090909600948903
194,3.2333333333333334,True,valid,0.023810908420213637,0.016107634333904136,0.004523084669054633,0.8586990008990066,0.6294925579454071,0.5987356645376064,0.8292343563201157,0.07734072009616047,0.10558261926908738,0.0007323076435364122,1585.0,18.23730594364274,4.548752122049569e-05,0,16277,0.1007142886519432,178,3.725290298461914e-09,3240,1.0,0.1,0.1,0.1,0.09090909090909091,0.09090909090909091,0.09090909090909091,3240,1.0,0.1,0.1,0.1,0.09090909090909091,0.09090909090909091,0.09090909090909091,4824,1.0,0.09999999794283958,0.10000000121918592,0.10000000617148178,0.09090908920895832,0.09090909191668257,0.09090909600948903
195,3.25,True,valid,0.022792328375448152,0.015487325999504737,0.004279302280361963,0.6633611446953941,0.6415781493408227,0.45580334707728826,0.6373282673448231,0.054347883152068704,0.05571424022707712,0.0007872329092040529,1585.0,3.5459015227992285,2.077483641594695e-05,0,16279,0.09252546727657318,179,7.450580596923828e-09,3240,1.0,0.1,0.1,0.1,0.09090909090909091,0.09090909090909091,0.09090909090909091,3240,1.0,0.1,0.1,0.1,0.09090909090909091,0.09090909090909091,0.09090909090909091,4824,1.0,0.09999999794283958,0.10000000121918592,0.10000000617148178,0.09090908920895832,0.09090909191668257,0.09090909600948903
196,3.2666666666666666,True,valid,0.019818627165432208,0.015649445643492927,0.004378970681484967,0.9439312539913604,0.8164859876622677,0.5677587792558676,0.745529658639413,0.061228853124806935,0.4456824286018454,0.0008674401729347898,1585.0,17.81654612941714,2.9717890367368602e-05,0,16234,0.08439208567142487,167,5.587935447692871e-09,3240,1.0,0.1,0.1,0.1,0.09090909090909091,0.09090909090909091,0.09090909090909091,3240,1.0,0.1,0.1,0.1,0.09090909090909091,0.09090909090909091,0.09090909090909091,4824,1.0,0.09999999794283958,0.10000000121918592,0.10000000617148178,0.09090908920895832,0.09090909191668257,0.09090909600948903
197,3.283333333333333,True,valid,0.016711247655762537,0.016272951333815705,0.004503941990027411,0.7304158144107816,0.7070236823244789,0.5104050084270971,0.7092840849378603,0.07867085061812049,0.12311014696448364,0.0008931803497242337,1585.0,3.902747232239906,2.3364475744938275e-05,0,16428,0.07806547731161118,159,5.587935447692871e-09,3240,1.0,0.1,0.1,0.1,0.09090909090909091,0.09090909090909091,0.09090909090909091,3240,1.0,0.1,0.1,0.1,0.09090909090909091,0.09090909090909091,0.09090909090909091,4824,1.0,0.09999999794283958,0.10000000121918592,0.10000000617148178,0.09090908920895832,0.09090909191668257,0.09090909600948903
198,3.3,True,valid,0.01462030856217806,0.016463958532234042,0.004661764786438543,0.7563354918222851,0.7336294223517518,0.5478522635759878,0.7301985900695646,0.06530138218715807,0.025176565135108145,0.0009531272019663528,1585.0,4.067784193261142,2.488048976828262e-05,0,17184,0.07553861290216446,177,5.587935447692871e-09,3240,1.0,0.1,0.1,0.1,0.09090909090909091,0.09090909090909091,0.09090909090909091,3240,1.0,0.1,0.1,0.1,0.09090909090909091,0.09090909090909091,0.09090909090909091,4824,1.0,0.09999999794283958,0.10000000121918592,0.10000000617148178,0.09090908920895832,0.09090909191668257,0.09090909600948903
199,3.316666666666667,True,valid,0.01466758347941252,0.016559963163018127,0.004784643626345415,0.8407380408043601,0.7531766443654695,0.6390271496990644,0.8071782848354245,0.07102593891826062,0.0,0.001002913478831478,1585.0,6.194652363380485,2.6178892111289676e-05,0,17454,0.07301174849271774,187,1.862645149230957e-09,3240,1.0,0.1,0.1,0.1,0.09090909090909091,0.09090909090909091,0.09090909090909091,3240,1.0,0.1,0.1,0.1,0.09090909090909091,0.09090909090909091,0.09090909090909091,4824,1.0,0.09999999794283958,0.10000000121918592,0.10000000617148178,0.09090908920895832,0.09090909191668257,0.09090909600948903
200,3.3333333333333335,True,valid,0.015807024791029967,0.016274006852507118,0.004870281526959194,2.1937022726018145,1.688722149571746,0.9546125346018092,1.159938219133752,0.08441225154210372,1.5648136693091905,0.0010478050384414178,1585.0,60.11888691555932,2.874963207543112e-05,0,17514,0.07012692838907242,194,2.7939677238464355e-09,3240,1.0,0.1,0.1,0.1,0.09090909090909091,0.09090909090909091,0.09090909090909091,3240,1.0,0.1,0.1,0.1,0.09090909090909091,0.09090909090909091,0.09090909090909091,4824,1.0,0.09999999794283958,0.10000000121918592,0.10000000617148178,0.09090908920895832,0.09090909191668257,0.09090909600948903
201,3.35,True,valid,0.018815133880507984,0.01466398873557128,0.004884647126108406,0.8447364360000953,0.788666516429576,0.5909872029664115,0.8096073549699669,0.06994953800811764,0.04845198061734559,0.0010906792085022424,1585.0,4.618842987477264,2.8081902546944775e-05,0,16692,0.06757991015911102,192,2.3283064365386963e-10,3240,1.0,0.1,0.1,0.1,0.09090909090909091,0.09090909090909091,0.09090909090909091,3240,1.0,0.1,0.1,0.1,0.09090909090909091,0.09090909090909091,0.09090909090909091,4824,1.0,0.09999999794283958,0.10000000121918592,0.10000000617148178,0.09090908920895832,0.09090909191668257,0.09090909600948903
202,3.3666666666666667,True,valid,0.02124310292235178,0.015299437051909254,0.00572369876566773,5.9457487471159025,4.101502013997193,2.807590447162413,3.1592278522430948,0.19727891534500985,3.973968334762568,0.001119693590614989,1585.0,145.48994633055958,3.2873484604080173e-05,0,16360,0.06289420276880264,189,3.725290298461914e-09,3240,1.0,0.1,0.1,0.1,0.09090909090909091,0.09090909090909091,0.09090909090909091,3240,1.0,0.1,0.1,0.1,0.09090909090909091,0.09090909090909091,0.09090909090909091,4824,1.0,0.09999999794283958,0.10000000121918592,0.10000000617148178,0.09090908920895832,0.09090909191668257,0.09090909600948903
203,3.3833333333333333,True,valid,0.023863773279570906,0.015202565381816652,0.005889512061402432,0.8294423127418445,0.8249721544521037,0.5295546960883022,1.4160828670937513,0.12133131431857366,1.0965532445677677,0.0010489969245291793,1585.0,4.414594801445234,2.7567180193846405e-05,0,16282,0.060709282755851746,187,2.7939677238464355e-09,3240,1.0,0.1,0.1,0.1,0.09090909090909091,0.09090909090909091,0.09090909090909091,3240,1.0,0.1,0.1,0.1,0.09090909090909091,0.09090909090909091,0.09090909090909091,4824,1.0,0.09999999794283958,0.10000000121918592,0.10000000617148178,0.09090908920895832,0.09090909191668257,0.09090909600948903
204,3.4,True,valid,0.02477240237555074,0.014458687494441612,0.00535158480176401,0.8190383409049816,0.7861319863471733,0.5357411851652749,0.893523861653529,0.0692421674180865,0.3781387714161708,0.000995780973982377,1585.0,4.28210084253423,2.4377050254199945e-05,0,16349,0.0602971613407135,187,3.725290298461914e-09,3240,1.0,0.1,0.1,0.1,0.09090909090909091,0.09090909090909091,0.09090909090909091,3240,1.0,0.1,0.1,0.1,0.09090909090909091,0.09090909090909091,0.09090909090909091,4824,1.0,0.09999999794283958,0.10000000121918592,0.10000000617148178,0.09090908920895832,0.09090909191668257,0.09090909600948903
205,3.4166666666666665,True,valid,0.024037943412131252,0.015411134694829376,0.005529166219122933,0.8150773030607374,0.7894002126509393,0.5169913892485818,0.7839229428012121,0.06333741971830954,0.2293340058887601,0.0010028027666358174,1585.0,6.487483444446889,2.5082806823972522e-05,0,16282,0.062492046505212784,190,3.725290298461914e-09,3240,1.0,0.1,0.1,0.1,0.09090909090909091,0.09090909090909091,0.09090909090909091,3240,1.0,0.1,0.1,0.1,0.09090909090909091,0.09090909090909091,0.09090909090909091,4824,1.0,0.09999999794283958,0.10000000121918592,0.10000000617148178,0.09090908920895832,0.09090909191668257,0.09090909600948903
206,3.433333333333333,True,valid,0.022955959010235897,0.015184801158866045,0.005378261304479938,0.7653012692138823,0.7567789271596431,0.4880667928846494,0.7443353172920466,0.059519001237050166,0.0,0.0009325573001725764,1585.0,4.365289933609665,2.305162488058812e-05,0,16613,0.06090979650616646,176,5.587935447692871e-09,3240,1.0,0.1,0.1,0.1,0.09090909090909091,0.09090909090909091,0.09090909090909091,3240,1.0,0.1,0.1,0.1,0.09090909090909091,0.09090909090909091,0.09090909090909091,4824,1.0,0.09999999794283958,0.10000000121918592,0.10000000617148178,0.09090908920895832,0.09090909191668257,0.09090909600948903
207,3.45,True,valid,0.020684030200264894,0.014624907072496305,0.004910828755777597,0.8129250778617785,0.8201095994412232,0.47472700576640736,0.6946675447509228,0.05846192349068715,0.39054256856371333,0.0009274872303410071,1585.0,15.503950804320102,2.3045217692918065e-05,0,16833,0.057831719517707825,161,3.725290298461914e-09,3240,1.0,0.1,0.1,0.1,0.09090909090909091,0.09090909090909091,0.09090909090909091,3240,1.0,0.1,0.1,0.1,0.09090909090909091,0.09090909090909091,0.09090909090909091,4824,1.0,0.09999999794283958,0.10000000121918592,0.10000000617148178,0.09090908920895832,0.09090909191668257,0.09090909600948903
208,3.466666666666667,True,valid,0.01805719403437477,0.013552488661493044,0.0048308889077976445,0.6952167606228632,0.6978694439771514,0.4591653205128084,0.7113482881382501,0.05608983880737728,0.24555819821979097,0.0008542400859263269,1585.0,4.592868323946743,2.1516617883466677e-05,0,16912,0.05498364940285683,150,3.725290298461914e-09,3240,1.0,0.1,0.1,0.1,0.09090909090909091,0.09090909090909091,0.09090909090909091,3240,1.0,0.1,0.1,0.1,0.09090909090909091,0.09090909090909091,0.09090909090909091,4824,1.0,0.09999999794283958,0.10000000121918592,0.10000000617148178,0.09090908920895832,0.09090909191668257,0.09090909600948903
209,3.4833333333333334,True,valid,0.015569267167690304,0.011172746435623156,0.004374408712840735,0.6891530475683403,0.693799395816817,0.4369806673764069,0.6198609019462424,0.05337612614473768,0.2833027578718652,0.000826308371981026,1585.0,10.628591386944981,2.1233009690729544e-05,0,16969,0.055124346166849136,166,7.450580596923828e-09,3240,1.0,0.1,0.1,0.1,0.09090909090909091,0.09090909090909091,0.09090909090909091,3240,1.0,0.1,0.1,0.1,0.09090909090909091,0.09090909090909091,0.09090909090909091,4824,1.0,0.09999999794283958,0.10000000121918592,0.10000000617148178,0.09090908920895832,0.09090909191668257,0.09090909600948903
210,3.5,True,valid,0.01377011106089103,0.00825637655359056,0.003783259972236267,0.5935672076432359,0.5966511858060263,0.41307951829108147,0.5794954275054642,0.052609657082545815,0.12124577732541628,0.0007591469839429001,1585.0,3.7619813760383822,1.9509679214508932e-05,0,16556,0.06187354028224945,175,3.725290298461914e-09,3240,1.0,0.1,0.1,0.1,0.09090909090909091,0.09090909090909091,0.09090909090909091,3240,1.0,0.1,0.1,0.1,0.09090909090909091,0.09090909090909091,0.09090909090909091,4824,1.0,0.09999999794283958,0.10000000121918592,0.10000000617148178,0.09090908920895832,0.09090909191668257,0.09090909600948903
211,3.5166666666666666,True,valid,0.012204245212164316,0.007681016812214362,0.003460872182944772,0.7280289754977365,0.7085154847199963,0.3722222218480691,0.5207098400304593,0.045097579258025176,0.500080016972464,0.000707405938251241,1585.0,19.634954826335647,1.7997548230167834e-05,0,16269,0.06857562065124512,176,3.725290298461914e-09,3240,1.0,0.1,0.1,0.1,0.09090909090909091,0.09090909090909091,0.09090909090909091,3240,1.0,0.1,0.1,0.1,0.09090909090909091,0.09090909090909091,0.09090909090909091,4824,1.0,0.09999999794283958,0.10000000121918592,0.10000000617148178,0.09090908920895832,0.09090909191668257,0.09090909600948903
212,3.533333333333333,True,valid,0.013628873307397453,0.009526189322949921,0.003245451866274867,0.5454152243483711,0.5006731690888551,0.4005798068554968,0.5192193869197131,0.04249205608784844,0.04272918918375734,0.0006489391472891307,1585.0,5.6390724135063,1.6565330692559932e-05,0,16374,0.07558602839708328,180,3.725290298461914e-09,3240,1.0,0.1,0.1,0.1,0.09090909090909091,0.09090909090909091,0.09090909090909091,3240,1.0,0.1,0.1,0.1,0.09090909090909091,0.09090909090909091,0.09090909090909091,4824,1.0,0.09999999794283958,0.10000000121918592,0.10000000617148178,0.09090908920895832,0.09090909191668257,0.09090909600948903
213,3.55,True,valid,0.01644187926707838,0.01206582822800742,0.0032257404312856807,0.6465957152837571,0.4994272131815887,0.4601068835553805,0.6022407278435942,0.06226374497037571,0.2438397328448863,0.0005677955576813347,1585.0,10.896174243045955,1.5503561766755252e-05,0,16319,0.07998504489660263,184,3.725290298461914e-09,3240,1.0,0.1,0.1,0.1,0.09090909090909091,0.09090909090909091,0.09090909090909091,3240,1.0,0.1,0.1,0.1,0.09090909090909091,0.09090909090909091,0.09090909090909091,4824,1.0,0.09999999794283958,0.10000000121918592,0.10000000617148178,0.09090908920895832,0.09090909191668257,0.09090909600948903
214,3.566666666666667,True,valid,0.021022854244253583,0.015604149214689894,0.0032681196806326703,0.3910764648699498,0.41462848266245156,0.24902379066913952,0.39775106414181655,0.029754108231743428,0.19487479739467442,0.0005225949443668559,1585.0,3.1884810455916024,1.2967409780598093e-05,0,16164,0.08529914170503616,182,7.450580596923828e-09,3240,1.0,0.1,0.1,0.1,0.09090909090909091,0.09090909090909091,0.09090909090909091,3240,1.0,0.1,0.1,0.1,0.09090909090909091,0.09090909090909091,0.09090909090909091,4824,1.0,0.09999999794283958,0.10000000121918592,0.10000000617148178,0.09090908920895832,0.09090909191668257,0.09090909600948903
215,3.5833333333333335,True,valid,0.025885445842847972,0.01874398020281144,0.003091757870247199,0.5432716592312994,0.5562557940798057,0.2068838239053179,0.33340597881029066,0.024673242638649,0.42748967412394867,0.00044726895552094293,1585.0,16.94702265098522,1.1289246658936313e-05,0,16149,0.09680737555027008,174,7.450580596923828e-09,3240,1.0,0.1,0.1,0.1,0.09090909090909091,0.09090909090909091,0.09090909090909091,3240,1.0,0.1,0.1,0.1,0.09090909090909091,0.09090909090909091,0.09090909090909091,4824,1.0,0.09999999794283958,0.10000000121918592,0.10000000617148178,0.09090908920895832,0.09090909191668257,0.09090909600948903
216,3.6,True,valid,0.028951643984080632,0.022092362274426583,0.003015687538440597,0.6130792024388593,0.46590987665273037,0.27331260007028674,0.4103404043610706,0.025483627651581315,0.3708425123255313,0.00037737753190695135,1585.0,19.863106077202517,9.330045195731462e-06,0,16142,0.10635340213775635,178,7.450580596923828e-09,3240,1.0,0.1,0.1,0.1,0.09090909090909091,0.09090909090909091,0.09090909090909091,3240,1.0,0.1,0.1,0.1,0.09090909090909091,0.09090909090909091,0.09090909090909091,4824,1.0,0.09999999794283958,0.10000000121918592,0.10000000617148178,0.09090908920895832,0.09090909191668257,0.09090909600948903
217,3.6166666666666667,True,valid,0.029987490571757064,0.024689515384943083,0.0031313008365651267,0.3972102008512977,0.3131171445598562,0.21437044230916627,0.3200629510487304,0.013993286753474003,0.23498243205079974,0.00031490716257911,1585.0,9.948367028343574,7.602410009167762e-06,0,17044,0.11619218438863754,183,7.450580596923828e-09,3240,1.0,0.1,0.1,0.1,0.09090909090909091,0.09090909090909091,0.09090909090909091,3240,1.0,0.1,0.1,0.1,0.09090909090909091,0.09090909090909091,0.09090909090909091,4824,1.0,0.09999999794283958,0.10000000121918592,0.10000000617148178,0.09090908920895832,0.09090909191668257,0.09090909600948903
218,3.6333333333333333,True,valid,0.029605789227263857,0.025743738198285657,0.002809796871361787,0.19463859272758535,0.18230306829448387,0.09694337548331691,0.22545732464835613,0.019881631895457226,0.1536019886212378,0.00024136546365739945,1585.0,2.1781436283722986,5.374298675049314e-06,0,17216,0.12509697675704956,179,7.450580596923828e-09,3240,1.0,0.1,0.1,0.1,0.09090909090909091,0.09090909090909091,0.09090909090909091,3240,1.0,0.1,0.1,0.1,0.09090909090909091,0.09090909090909091,0.09090909090909091,4824,1.0,0.09999999794283958,0.10000000121918592,0.10000000617148178,0.09090908920895832,0.09090909191668257,0.09090909600948903
219,3.65,True,valid,0.028174432842907996,0.026254507254286633,0.002326248747466503,0.14277534714826268,0.1289094145094178,0.06920235161537217,0.22751243013624525,0.011572979027050406,0.14935701635734347,0.00019540758330493553,1585.0,1.396886787445795,4.325735509027946e-06,0,17340,0.1323210746049881,181,7.450580596923828e-09,3240,1.0,0.1,0.1,0.1,0.09090909090909091,0.09090909090909091,0.09090909090909091,3240,1.0,0.1,0.1,0.1,0.09090909090909091,0.09090909090909091,0.09090909090909091,4824,1.0,0.09999999794283958,0.10000000121918592,0.10000000617148178,0.09090908920895832,0.09090909191668257,0.09090909600948903
220,3.6666666666666665,True,valid,0.02639703201647099,0.02560987949365329,0.002063543068647285,0.12483391478327924,0.11924910301463425,0.041499535708347204,0.15083183710071651,0.005156064506468006,0.07415800087742756,0.00017239115172062414,1585.0,0.6491764544764916,3.712775531467076e-06,0,17444,0.13710761070251465,174,7.450580596923828e-09,3240,1.0,0.1,0.1,0.1,0.09090909090909091,0.09090909090909091,0.09090909090909091,3240,1.0,0.1,0.1,0.1,0.09090909090909091,0.09090909090909091,0.09090909090909091,4824,1.0,0.09999999794283958,0.10000000121918592,0.10000000617148178,0.09090908920895832,0.09090909191668257,0.09090909600948903
221,3.683333333333333,True,valid,0.02416799477932923,0.02538655357072581,0.002084242206850281,0.16103008795721124,0.14792599477284915,0.08896451154486036,0.1682521640436846,0.010128630378449868,0.04191905716807463,0.00018638477285613396,1585.0,0.8827760490662915,4.34823952011306e-06,0,17620,0.14110828936100006,168,7.450580596923828e-09,3240,1.0,0.1,0.1,0.1,0.09090909090909091,0.09090909090909091,0.09090909090909091,3240,1.0,0.1,0.1,0.1,0.09090909090909091,0.09090909090909091,0.09090909090909091,4824,1.0,0.09999999794283958,0.10000000121918592,0.10000000617148178,0.09090908920895832,0.09090909191668257,0.09090909600948903
222,3.7,True,valid,0.022355212785826573,0.024768837493087087,0.0022268177955741012,0.21337089857106933,0.1951738229126751,0.13762578374621037,0.2062087770918019,0.015923635089237657,0.0,0.00022431102390651483,1585.0,1.2860995012077792,6.183299040951795e-06,0,17638,0.1439485102891922,185,7.450580596923828e-09,3240,1.0,0.1,0.1,0.1,0.09090909090909091,0.09090909090909091,0.09090909090909091,3240,1.0,0.1,0.1,0.1,0.09090909090909091,0.09090909090909091,0.09090909090909091,4824,1.0,0.09999999794283958,0.10000000121918592,0.10000000617148178,0.09090908920895832,0.09090909191668257,0.09090909600948903
223,3.716666666666667,True,valid,0.02123614332650655,0.023229594122422294,0.0024738480055493135,0.27888092677713555,0.27285547227805823,0.18100310853325488,0.27177679224514306,0.02960175509552605,0.13606717664795998,0.00030028063989916837,1585.0,3.6467165347059813,7.397286588008582e-06,0,17584,0.14182643592357635,178,7.450580596923828e-09,3240,1.0,0.1,0.1,0.1,0.09090909090909091,0.09090909090909091,0.09090909090909091,3240,1.0,0.1,0.1,0.1,0.09090909090909091,0.09090909090909091,0.09090909090909091,4824,1.0,0.09999999794283958,0.10000000121918592,0.10000000617148178,0.09090908920895832,0.09090909191668257,0.09090909600948903
224,3.7333333333333334,True,valid,0.020899957956907758,0.020861585311291845,0.0026229661040093346,0.34014985943029646,0.3155499933881499,0.22886244773165004,0.3287301265835546,0.027207541248926128,0.1292160902356123,0.00037121015048121843,1585.0,4.04629739861538,1.0662521572503288e-05,0,17486,0.13611838221549988,171,7.450580596923828e-09,3240,1.0,0.1,0.1,0.1,0.09090909090909091,0.09090909090909091,0.09090909090909091,3240,1.0,0.1,0.1,0.1,0.09090909090909091,0.09090909090909091,0.09090909090909091,4824,1.0,0.09999999794283958,0.10000000121918592,0.10000000617148178,0.09090908920895832,0.09090909191668257,0.09090909600948903
225,3.75,True,valid,0.02173572322485173,0.01810429846048043,0.003061740582688276,1.822356922414289,0.6301887331601221,1.531171740697392,1.869652289930311,0.11546834445471457,0.5547106657234543,0.0004595748315828663,1585.0,44.62212599550091,4.179409819412736e-05,0,17278,0.13048887252807617,169,7.450580596923828e-09,3240,1.0,0.1,0.1,0.1,0.09090909090909091,0.09090909090909091,0.09090909090909091,3240,1.0,0.1,0.1,0.1,0.09090909090909091,0.09090909090909091,0.09090909090909091,4824,1.0,0.09999999794283958,0.10000000121918592,0.10000000617148178,0.09090908920895832,0.09090909191668257,0.09090909600948903
226,3.7666666666666666,True,valid,0.023258000983521494,0.01605321329035747,0.003489437476469895,0.5953118242003124,0.5871464738461972,0.3220558925721103,0.4645159961035789,0.036620195802902385,0.41137321371905355,0.000521733818614611,1585.0,13.397270098022089,1.8328377891859045e-05,0,17148,0.12298822402954102,162,3.725290298461914e-09,3240,1.0,0.1,0.1,0.1,0.09090909090909091,0.09090909090909091,0.09090909090909091,3240,1.0,0.1,0.1,0.1,0.09090909090909091,0.09090909090909091,0.09090909090909091,4824,1.0,0.09999999794283958,0.10000000121918592,0.10000000617148178,0.09090908920895832,0.09090909191668257,0.09090909600948903
227,3.783333333333333,True,valid,0.02503487228668676,0.01545167592890701,0.0040068595094753775,0.5014684913594947,0.4829789502708405,0.33372075030666093,0.4909383865068869,0.04040506830415044,0.13921488678179558,0.0005695539557726339,1585.0,2.911662382377839,1.505375572172657e-05,0,16955,0.11452122032642365,163,3.725290298461914e-09,3240,1.0,0.1,0.1,0.1,0.09090909090909091,0.09090909090909091,0.09090909090909091,3240,1.0,0.1,0.1,0.1,0.09090909090909091,0.09090909090909091,0.09090909090909091,4824,1.0,0.09999999794283958,0.10000000121918592,0.10000000617148178,0.09090908920895832,0.09090909191668257,0.09090909600948903
228,3.8,True,valid,0.026381335677370152,0.015684730549202348,0.004666051379159925,5.137821526403341,3.6759784261541046,2.062830271960959,2.2357522522389774,0.13067524363786392,3.553393182083577,0.0006400486008110729,1585.0,167.1274618033857,3.303967189005347e-05,0,16732,0.10637570917606354,164,7.450580596923828e-09,3240,1.0,0.1,0.1,0.1,0.09090909090909091,0.09090909090909091,0.09090909090909091,3240,1.0,0.1,0.1,0.1,0.09090909090909091,0.09090909090909091,0.09090909090909091,4824,1.0,0.09999999794283958,0.10000000121918592,0.10000000617148178,0.09090908920895832,0.09090909191668257,0.09090909600948903
229,3.816666666666667,True,valid,0.027214759016386793,0.01636851605099233,0.004403632892106709,1.7406391966604164,0.6813405606980663,1.5080156018766364,1.8715490070929857,0.12081773622272286,0.46476138927186306,0.000727313998237386,1585.0,42.69501194239262,4.4204970094094565e-05,0,16475,0.10423092544078827,181,3.725290298461914e-09,3240,1.0,0.1,0.1,0.1,0.09090909090909091,0.09090909090909091,0.09090909090909091,3240,1.0,0.1,0.1,0.1,0.09090909090909091,0.09090909090909091,0.09090909090909091,4824,1.0,0.09999999794283958,0.10000000121918592,0.10000000617148178,0.09090908920895832,0.09090909191668257,0.09090909600948903
230,3.8333333333333335,True,valid,0.02575481259917808,0.016109392093115685,0.00445610280030944,0.6720456468510689,0.6387831774471963,0.4647812320443984,0.6371600400129744,0.05304157230316996,0.15111657576681764,0.0007663086402984858,1585.0,6.091619938034792,2.0047886490261596e-05,0,16249,0.09316407889127731,173,7.450580596923828e-09,3240,1.0,0.1,0.1,0.1,0.09090909090909091,0.09090909090909091,0.09090909090909091,3240,1.0,0.1,0.1,0.1,0.09090909090909091,0.09090909090909091,0.09090909090909091,4824,1.0,0.09999999794283958,0.10000000121918592,0.10000000617148178,0.09090908920895832,0.09090909191668257,0.09090909600948903
231,3.85,True,valid,0.022845240070600598,0.016969168542468997,0.004599156842804373,0.6745867074664337,0.6681798360307049,0.46221004636693275,0.695179908974685,0.057121783452589864,0.2282927264182361,0.0008133220685242751,1585.0,3.7847500568658243,2.1690418054271712e-05,0,16214,0.08093210309743881,174,3.725290298461914e-09,3240,1.0,0.1,0.1,0.1,0.09090909090909091,0.09090909090909091,0.09090909090909091,3240,1.0,0.1,0.1,0.1,0.09090909090909091,0.09090909090909091,0.09090909090909091,4824,1.0,0.09999999794283958,0.10000000121918592,0.10000000617148178,0.09090908920895832,0.09090909191668257,0.09090909600948903
232,3.8666666666666667,True,valid,0.019679623934712488,0.0172024354698924,0.00433763069160304,0.711027598537244,0.7041761311759508,0.4833946073697305,0.6841880926138986,0.0589897052858664,0.08311869764629393,0.0008631977327955875,1585.0,3.7518481664054044,2.2961828293616335e-05,0,16546,0.07041136175394058,169,1.862645149230957e-09,3240,1.0,0.1,0.1,0.1,0.09090909090909091,0.09090909090909091,0.09090909090909091,3240,1.0,0.1,0.1,0.1,0.09090909090909091,0.09090909090909091,0.09090909090909091,4824,1.0,0.09999999794283958,0.10000000121918592,0.10000000617148178,0.09090908920895832,0.09090909191668257,0.09090909600948903
233,3.8833333333333333,True,valid,0.01714404933730603,0.018574182900935373,0.004817360043224813,3.951625701560663,2.540158194815402,1.8168205358504819,2.0316416985162036,0.11861833729886838,2.3691056475681616,0.0009552652533151488,1585.0,141.65411687224844,2.5830397901323657e-05,0,17144,0.058662574738264084,170,1.862645149230957e-09,3240,1.0,0.1,0.1,0.1,0.09090909090909091,0.09090909090909091,0.09090909090909091,3240,1.0,0.1,0.1,0.1,0.09090909090909091,0.09090909090909091,0.09090909090909091,4824,1.0,0.09999999794283958,0.10000000121918592,0.10000000617148178,0.09090908920895832,0.09090909191668257,0.09090909600948903
234,3.9,True,valid,0.017127124032023662,0.021009706949328976,0.004676834101005219,0.8952195827428207,0.7808663941905442,0.6346696734241077,0.8260254068270156,0.0722273410332127,0.3261290566637432,0.0010015377446038775,1585.0,14.589678892462448,3.2915324507504505e-05,0,17434,0.047361671924591064,169,2.7939677238464355e-09,3240,1.0,0.1,0.1,0.1,0.09090909090909091,0.09090909090909091,0.09090909090909091,3240,1.0,0.1,0.1,0.1,0.09090909090909091,0.09090909090909091,0.09090909090909091,4824,1.0,0.09999999794283958,0.10000000121918592,0.10000000617148178,0.09090908920895832,0.09090909191668257,0.09090909600948903
235,3.9166666666666665,True,valid,0.01809352012123764,0.021864531183937604,0.004787806932121579,2.172229368035641,1.9451865663463053,0.7533997030343816,0.9835493392663753,0.10464507944349606,1.7955368870334043,0.0010357064290414256,1585.0,78.38171491989405,2.991424859086329e-05,0,17436,0.04363226518034935,162,3.725290298461914e-09,3240,1.0,0.1,0.1,0.1,0.09090909090909091,0.09090909090909091,0.09090909090909091,3240,1.0,0.1,0.1,0.1,0.09090909090909091,0.09090909090909091,0.09090909090909091,4824,1.0,0.09999999794283958,0.10000000121918592,0.10000000617148178,0.09090908920895832,0.09090909191668257,0.09090909600948903
236,3.933333333333333,True,valid,0.019324841250421384,0.02258268205274545,0.004947785472801157,0.7990433903893797,0.7842048680334015,0.5749756570210194,0.771381001872036,0.06974467833373924,0.0,0.0010558469266526006,1585.0,4.644072715526308,2.746994814726371e-05,0,17202,0.04295840114355087,140,2.561137080192566e-09,3240,1.0,0.1,0.1,0.1,0.09090909090909091,0.09090909090909091,0.09090909090909091,3240,1.0,0.1,0.1,0.1,0.09090909090909091,0.09090909090909091,0.09090909090909091,4824,1.0,0.09999999794283958,0.10000000121918592,0.10000000617148178,0.09090908920895832,0.09090909191668257,0.09090909600948903
237,3.95,True,valid,0.02024429429685509,0.022559025137647685,0.0050797206725039035,1.1226924602529322,0.8189125636543381,0.8883582095751447,1.0779042642197427,0.09085548799267337,0.09489970911359273,0.0011114801272059,1585.0,23.2283253244515,2.97026233717821e-05,0,17228,0.0414118766784668,134,3.4924596548080444e-09,3240,1.0,0.1,0.1,0.1,0.09090909090909091,0.09090909090909091,0.09090909090909091,3240,1.0,0.1,0.1,0.1,0.09090909090909091,0.09090909090909091,0.09090909090909091,4824,1.0,0.09999999794283958,0.10000000121918592,0.10000000617148178,0.09090908920895832,0.09090909191668257,0.09090909600948903
238,3.966666666666667,True,valid,0.021561129687098963,0.020367366246647766,0.005112891153355675,0.9604426771929108,0.8075622943487508,0.7263416459432706,0.9228101931301739,0.07468752172740992,0.09177451016768046,0.0010548990236187092,1585.0,11.006607273245034,3.181897942343285e-05,0,17118,0.04742103070020676,150,3.725290298461914e-09,3240,1.0,0.1,0.1,0.1,0.09090909090909091,0.09090909090909091,0.09090909090909091,3240,1.0,0.1,0.1,0.1,0.09090909090909091,0.09090909090909091,0.09090909090909091,4824,1.0,0.09999999794283958,0.10000000121918592,0.10000000617148178,0.09090908920895832,0.09090909191668257,0.09090909600948903
239,3.9833333333333334,True,valid,0.023633178557201234,0.018996931133548025,0.005031092067578288,0.8012150073287558,0.7976599882365814,0.5408663304185335,0.7778826394709561,0.06584859326800008,0.0,0.0010186409673828907,1585.0,4.5141707331890775,2.649443262433936e-05,0,16690,0.04872637242078781,152,5.587935447692871e-09,3240,1.0,0.1,0.1,0.1,0.09090909090909091,0.09090909090909091,0.09090909090909091,3240,1.0,0.1,0.1,0.1,0.09090909090909091,0.09090909090909091,0.09090909090909091,4824,1.0,0.09999999794283958,0.10000000121918592,0.10000000617148178,0.09090908920895832,0.09090909191668257,0.09090909600948903
240,4.0,True,valid,0.02444523711252472,0.017687094159604982,0.005290718597054845,0.79636391679159,0.7994597273189291,0.5122381083586214,0.7990718842667672,0.06185319637190174,0.13240251388313398,0.0009853980408024772,1585.0,4.412494761397905,2.5218548597652353e-05,0,16548,0.05555121600627899,151,7.450580596923828e-09,3240,1.0,0.1,0.1,0.1,0.09090909090909091,0.09090909090909091,0.09090909090909091,3240,1.0,0.1,0.1,0.1,0.09090909090909091,0.09090909090909091,0.09090909090909091,4824,1.0,0.09999999794283958,0.10000000121918592,0.10000000617148178,0.09090908920895832,0.09090909191668257,0.09090909600948903
241,4.016666666666667,True,valid,0.023548962012425907,0.017022061668804187,0.005148278043880247,0.7647742615050311,0.7487199424968658,0.5064003867636034,0.7420166983530218,0.06186811946608277,0.07143268919044593,0.0009438254545023879,1585.0,4.277040369255316,2.408705485918492e-05,0,16518,0.06089425086975098,153,5.587935447692871e-09,3240,1.0,0.1,0.1,0.1,0.09090909090909091,0.09090909090909091,0.09090909090909091,3240,1.0,0.1,0.1,0.1,0.09090909090909091,0.09090909090909091,0.09090909090909091,4824,1.0,0.09999999794283958,0.10000000121918592,0.10000000617148178,0.09090908920895832,0.09090909191668257,0.09090909600948903
242,4.033333333333333,True,valid,0.02156815462870161,0.015115819446659249,0.0048341018298074185,0.9567462118996253,0.8606571672639148,0.5392740711810547,0.7606268811118054,0.061564678537621514,0.5170258985921119,0.000916362072279224,1585.0,23.27114102729441,2.6300928529468306e-05,0,16398,0.06735171377658844,161,3.725290298461914e-09,3240,1.0,0.1,0.1,0.1,0.09090909090909091,0.09090909090909091,0.09090909090909091,3240,1.0,0.1,0.1,0.1,0.09090909090909091,0.09090909090909091,0.09090909090909091,4824,1.0,0.09999999794283958,0.10000000121918592,0.10000000617148178,0.09090908920895832,0.09090909191668257,0.09090909600948903
243,4.05,True,valid,0.019386248252054376,0.01365329042935853,0.00490337452251627,0.7368208427169793,0.7485848113642439,0.4535118582895219,0.6877141906720717,0.05524204615240907,0.21608715266086004,0.0008960442172112316,1585.0,8.540667240043252,2.2580869026319476e-05,0,16328,0.07391741126775742,171,3.725290298461914e-09,3240,1.0,0.1,0.1,0.1,0.09090909090909091,0.09090909090909091,0.09090909090909091,3240,1.0,0.1,0.1,0.1,0.09090909090909091,0.09090909090909091,0.09090909090909091,4824,1.0,0.09999999794283958,0.10000000121918592,0.10000000617148178,0.09090908920895832,0.09090909191668257,0.09090909600948903
244,4.066666666666666,True,valid,0.017634089721852753,0.01163682759393303,0.004378426840354709,0.6594053277477196,0.6656450532118499,0.43568436558197254,0.6420102650901343,0.05288139170087421,0.0,0.0008360387217227751,1585.0,3.942248173667605,2.1250705626793054e-05,0,16250,0.08027707785367966,171,7.450580596923828e-09,3240,1.0,0.1,0.1,0.1,0.09090909090909091,0.09090909090909091,0.09090909090909091,3240,1.0,0.1,0.1,0.1,0.09090909090909091,0.09090909090909091,0.09090909090909091,4824,1.0,0.09999999794283958,0.10000000121918592,0.10000000617148178,0.09090908920895832,0.09090909191668257,0.09090909600948903
245,4.083333333333333,True,valid,0.01541952879813208,0.009542434806904915,0.003959739112213209,0.6045143296763446,0.6004645128797083,0.4166909406691621,0.5860425095642308,0.05094757315532117,0.0,0.0007542901334450619,1585.0,3.729262666223096,1.8537622237743487e-05,0,16267,0.08688139915466309,165,7.450580596923828e-09,3240,1.0,0.1,0.1,0.1,0.09090909090909091,0.09090909090909091,0.09090909090909091,3240,1.0,0.1,0.1,0.1,0.09090909090909091,0.09090909090909091,0.09090909090909091,4824,1.0,0.09999999794283958,0.10000000121918592,0.10000000617148178,0.09090908920895832,0.09090909191668257,0.09090909600948903
246,4.1,True,valid,0.014492651937806777,0.009025865330523944,0.0036834423141063285,0.5492446399736253,0.5567147890607322,0.38345239664624053,0.5335884630605351,0.046776765740952096,0.0,0.000713456448486373,1585.0,3.572071171494886,1.8110655775280315e-05,0,16254,0.09430648386478424,165,7.450580596923828e-09,3240,1.0,0.1,0.1,0.1,0.09090909090909091,0.09090909090909091,0.09090909090909091,3240,1.0,0.1,0.1,0.1,0.09090909090909091,0.09090909090909091,0.09090909090909091,4824,1.0,0.09999999794283958,0.10000000121918592,0.10000000617148178,0.09090908920895832,0.09090909191668257,0.09090909600948903
247,4.116666666666666,True,valid,0.014468400292280876,0.00954273513335689,0.0034821135529091844,0.5086820837862484,0.5244384288332077,0.3459686445915156,0.4961101673342148,0.041812398529432505,0.0,0.000659729112975538,1585.0,3.329740659155736,1.6985518709605122e-05,0,16360,0.10169082880020142,156,3.725290298461914e-09,3240,1.0,0.1,0.1,0.1,0.09090909090909091,0.09090909090909091,0.09090909090909091,3240,1.0,0.1,0.1,0.1,0.09090909090909091,0.09090909090909091,0.09090909090909091,4824,1.0,0.09999999794283958,0.10000000121918592,0.10000000617148178,0.09090908920895832,0.09090909191668257,0.09090909600948903
248,4.133333333333334,True,valid,0.014681763799916163,0.009063351509735421,0.0031601303349622083,0.5679279466393733,0.49937212986572566,0.41077276426602966,0.5349672712771469,0.044874327703651344,0.1436802037466108,0.0005955966698815821,1585.0,6.318292502117359,1.6461549527540955e-05,0,16377,0.109534852206707,158,3.725290298461914e-09,3240,1.0,0.1,0.1,0.1,0.09090909090909091,0.09090909090909091,0.09090909090909091,3240,1.0,0.1,0.1,0.1,0.09090909090909091,0.09090909090909091,0.09090909090909091,4824,1.0,0.09999999794283958,0.10000000121918592,0.10000000617148178,0.09090908920895832,0.09090909191668257,0.09090909600948903
249,4.15,True,valid,0.016613003044616534,0.009553633307260384,0.0028266931545461228,0.4024201797722126,0.4100377625762266,0.26492334566935977,0.395645682093849,0.03520262949272822,0.0007520737585387394,0.0005169662221888631,1585.0,2.5923105582078807,1.2846995519217014e-05,0,16214,0.11791115254163742,167,7.450580596923828e-09,3240,1.0,0.1,0.1,0.1,0.09090909090909091,0.09090909090909091,0.09090909090909091,3240,1.0,0.1,0.1,0.1,0.09090909090909091,0.09090909090909091,0.09090909090909091,4824,1.0,0.09999999794283958,0.10000000121918592,0.10000000617148178,0.09090908920895832,0.09090909191668257,0.09090909600948903
250,4.166666666666667,True,valid,0.019112189249283377,0.010955528891353854,0.0029331020184090477,0.35908351902183755,0.37334649537348336,0.2141520058105309,0.3454145806590909,0.026395592817731968,0.10946910033783487,0.0004545294654392427,1585.0,3.758749018868018,1.0931962031160413e-05,0,16000,0.1265055239200592,180,7.450580596923828e-09,3240,1.0,0.1,0.1,0.1,0.09090909090909091,0.09090909090909091,0.09090909090909091,3240,1.0,0.1,0.1,0.1,0.09090909090909091,0.09090909090909091,0.09090909090909091,4824,1.0,0.09999999794283958,0.10000000121918592,0.10000000617148178,0.09090908920895832,0.09090909191668257,0.09090909600948903
251,4.183333333333334,True,valid,0.021346734116858335,0.012523412074078557,0.002828207829276946,0.29802623026789077,0.3081369893730774,0.1704000867800647,0.3007632563127501,0.04045257932910812,0.07181260241542514,0.00039304242367826605,1585.0,1.8829508903269179,9.525616109508884e-06,0,15757,0.13550972938537598,193,7.450580596923828e-09,3240,1.0,0.1,0.1,0.1,0.09090909090909091,0.09090909090909091,0.09090909090909091,3240,1.0,0.1,0.1,0.1,0.09090909090909091,0.09090909090909091,0.09090909090909091,4824,1.0,0.09999999794283958,0.10000000121918592,0.10000000617148178,0.09090908920895832,0.09090909191668257,0.09090909600948903
252,4.2,True,valid,0.023446565701425188,0.014542122769000463,0.002645480673465047,0.23904143182046073,0.25395080346504373,0.12139187175659973,0.2523202412466296,0.017572931041024073,0.09449955802106201,0.0003400703796830578,1585.0,1.4213398310728156,7.764551814391465e-06,0,15705,0.1444043517112732,202,7.450580596923828e-09,3240,1.0,0.1,0.1,0.1,0.09090909090909091,0.09090909090909091,0.09090909090909091,3240,1.0,0.1,0.1,0.1,0.09090909090909091,0.09090909090909091,0.09090909090909091,4824,1.0,0.09999999794283958,0.10000000121918592,0.10000000617148178,0.09090908920895832,0.09090909191668257,0.09090909600948903
253,4.216666666666667,True,valid,0.024345473366200927,0.016266740093876554,0.0025282714623878146,0.4155212255233914,0.3591948858598522,0.15184541256242054,0.25999811278121426,0.016418731198972077,0.31084964530719855,0.00027566798187691826,1585.0,11.907057929124045,7.3569337747876565e-06,0,15878,0.15135204792022705,207,7.450580596923828e-09,3240,1.0,0.1,0.1,0.1,0.09090909090909091,0.09090909090909091,0.09090909090909091,3240,1.0,0.1,0.1,0.1,0.09090909090909091,0.09090909090909091,0.09090909090909091,4824,1.0,0.09999999794283958,0.10000000121918592,0.10000000617148178,0.09090908920895832,0.09090909191668257,0.09090909600948903
254,4.233333333333333,True,valid,0.024206710480646865,0.01737299104203716,0.0023965139952460777,0.15260884524452922,0.15416291403487284,0.03959854791366359,0.19461610554826353,0.004609688494894381,0.13143806264087157,0.00022127798446554506,1585.0,1.2435368191596563,4.779270567748952e-06,0,16278,0.15532760322093964,206,7.450580596923828e-09,3240,1.0,0.1,0.1,0.1,0.09090909090909091,0.09090909090909091,0.09090909090909091,3240,1.0,0.1,0.1,0.1,0.09090909090909091,0.09090909090909091,0.09090909090909091,4824,1.0,0.09999999794283958,0.10000000121918592,0.10000000617148178,0.09090908920895832,0.09090909191668257,0.09090909600948903
255,4.25,True,valid,0.02376184098316983,0.018413660354588374,0.002278756071557778,0.2027683042239987,0.16810840275647854,0.07767995008758949,0.18921327415938477,0.006978568890251023,0.14046469523330207,0.00018443179358575476,1585.0,3.710925920834374,4.276219603544718e-06,0,16837,0.15869440138339996,204,7.450580596923828e-09,3240,1.0,0.1,0.1,0.1,0.09090909090909091,0.09090909090909091,0.09090909090909091,3240,1.0,0.1,0.1,0.1,0.09090909090909091,0.09090909090909091,0.09090909090909091,4824,1.0,0.09999999794283958,0.10000000121918592,0.10000000617148178,0.09090908920895832,0.09090909191668257,0.09090909600948903
256,4.266666666666667,True,valid,0.023424629791133474,0.019563965103614855,0.002271242626339427,0.38030947198491066,0.3002464800448981,0.13552050447376274,0.21534501981370877,0.014312747570448628,0.27893905670339614,0.00018611353414888605,1585.0,13.20446578268747,4.270693371607211e-06,0,17083,0.1615656614303589,205,7.450580596923828e-09,3240,1.0,0.1,0.1,0.1,0.09090909090909091,0.09090909090909091,0.09090909090909091,3240,1.0,0.1,0.1,0.1,0.09090909090909091,0.09090909090909091,0.09090909090909091,4824,1.0,0.09999999794283958,0.10000000121918592,0.10000000617148178,0.09090908920895832,0.09090909191668257,0.09090909600948903
257,4.283333333333333,True,valid,0.02313607943851027,0.020805536487254864,0.002332363450791633,0.20242753556700796,0.19361334115743842,0.11148284234200787,0.19358550608889122,0.014512421001242918,0.06142623764434762,0.00020696861894283871,1585.0,1.220035274757703,5.091523459809233e-06,0,17289,0.16288070380687714,206,7.450580596923828e-09,3240,1.0,0.1,0.1,0.1,0.09090909090909091,0.09090909090909091,0.09090909090909091,3240,1.0,0.1,0.1,0.1,0.09090909090909091,0.09090909090909091,0.09090909090909091,4824,1.0,0.09999999794283958,0.10000000121918592,0.10000000617148178,0.09090908920895832,0.09090909191668257,0.09090909600948903
258,4.3,True,valid,0.023085297251367567,0.021956659990088393,0.002433835838785256,1.3584081850682477,1.0464904613175452,0.5312740688301404,0.6108799276570891,0.03786704227497439,1.0357059395538708,0.00027572459412734073,1585.0,47.89239864020402,7.43465092689393e-06,0,17420,0.1636088788509369,202,7.450580596923828e-09,3240,1.0,0.1,0.1,0.1,0.09090909090909091,0.09090909090909091,0.09090909090909091,3240,1.0,0.1,0.1,0.1,0.09090909090909091,0.09090909090909091,0.09090909090909091,4824,1.0,0.09999999794283958,0.10000000121918592,0.10000000617148178,0.09090908920895832,0.09090909191668257,0.09090909600948903
259,4.316666666666666,True,valid,0.02286175368759613,0.022901877956968866,0.002673867929942129,0.3084688180582693,0.290988929890458,0.20378484084443538,0.29737819712480795,0.02489204122805736,0.02232770890876781,0.0003299695309922229,1585.0,1.685208108698351,8.584916976926209e-06,0,17406,0.1618090569972992,200,7.450580596923828e-09,3240,1.0,0.1,0.1,0.1,0.09090909090909091,0.09090909090909091,0.09090909090909091,3240,1.0,0.1,0.1,0.1,0.09090909090909091,0.09090909090909091,0.09090909090909091,4824,1.0,0.09999999794283958,0.10000000121918592,0.10000000617148178,0.09090908920895832,0.09090909191668257,0.09090909600948903
260,4.333333333333333,True,valid,0.022939555809194483,0.022879796440734484,0.0029067070770325506,0.49644497591697845,0.45892620210211926,0.27127272291625015,0.372934013023129,0.031112600837331264,0.3226121730285361,0.0004238466163170721,1585.0,12.469708080422748,1.5145438338933921e-05,0,17394,0.15859055519104004,201,3.725290298461914e-09,3240,1.0,0.1,0.1,0.1,0.09090909090909091,0.09090909090909091,0.09090909090909091,3240,1.0,0.1,0.1,0.1,0.09090909090909091,0.09090909090909091,0.09090909090909091,4824,1.0,0.09999999794283958,0.10000000121918592,0.10000000617148178,0.09090908920895832,0.09090909191668257,0.09090909600948903
261,4.35,True,valid,0.023154319787745743,0.02213601213422424,0.0032345203173026996,0.41832699308862914,0.41221185503529245,0.2905469394903568,0.40845122085027535,0.034732834702022895,0.02775510127559432,0.0004932607576141984,1585.0,2.2008768076263037,1.3090847694141158e-05,0,17522,0.1529112011194229,196,3.725290298461914e-09,3240,1.0,0.1,0.1,0.1,0.09090909090909091,0.09090909090909091,0.09090909090909091,3240,1.0,0.1,0.1,0.1,0.09090909090909091,0.09090909090909091,0.09090909090909091,4824,1.0,0.09999999794283958,0.10000000121918592,0.10000000617148178,0.09090908920895832,0.09090909191668257,0.09090909600948903
262,4.366666666666666,True,valid,0.02328298211156179,0.02035912690277668,0.003731986845804982,0.5253273015575277,0.46727820849733664,0.38365693293019476,0.5143161594404713,0.05554242876340609,0.1514812881334742,0.0006289405911080587,1585.0,4.1028136265356965,1.5615643233167944e-05,0,17530,0.1468195915222168,201,3.725290298461914e-09,3240,1.0,0.1,0.1,0.1,0.09090909090909091,0.09090909090909091,0.09090909090909091,3240,1.0,0.1,0.1,0.1,0.09090909090909091,0.09090909090909091,0.09090909090909091,4824,1.0,0.09999999794283958,0.10000000121918592,0.10000000617148178,0.09090908920895832,0.09090909191668257,0.09090909600948903
263,4.383333333333334,True,valid,0.024334388278904075,0.01840614260440001,0.0038192537412481105,0.5207538020093111,0.5231277426310239,0.35934179218145784,0.510041758731839,0.04314414734432271,0.04422821960537905,0.0006374865647234958,1585.0,2.8359596736436563,1.6509481519993753e-05,0,17439,0.14014339447021484,206,3.725290298461914e-09,3240,1.0,0.1,0.1,0.1,0.09090909090909091,0.09090909090909091,0.09090909090909091,3240,1.0,0.1,0.1,0.1,0.09090909090909091,0.09090909090909091,0.09090909090909091,4824,1.0,0.09999999794283958,0.10000000121918592,0.10000000617148178,0.09090908920895832,0.09090909191668257,0.09090909600948903
264,4.4,True,valid,0.025039211109552553,0.01620604847712316,0.004375004266860031,0.6002133205824808,0.5794523746610905,0.40906123800501887,0.5826208777839337,0.1008312326737882,0.11708880544123713,0.000716908149982068,1585.0,4.204869054191518,1.8535277911533604e-05,0,17252,0.132518470287323,206,7.450580596923828e-09,3240,1.0,0.1,0.1,0.1,0.09090909090909091,0.09090909090909091,0.09090909090909091,3240,1.0,0.1,0.1,0.1,0.09090909090909091,0.09090909090909091,0.09090909090909091,4824,1.0,0.09999999794283958,0.10000000121918592,0.10000000617148178,0.09090908920895832,0.09090909191668257,0.09090909600948903
265,4.416666666666667,True,valid,0.023991205878617812,0.014428107821630882,0.004487170696728672,0.6573520439510984,0.6138860488140216,0.4465775346955,0.6581525963217648,0.057372630040859365,0.15706156120872056,0.0007450975212493768,1585.0,5.496635795351912,2.0442220676399133e-05,0,16966,0.12226293981075287,200,7.450580596923828e-09,3240,1.0,0.1,0.1,0.1,0.09090909090909091,0.09090909090909091,0.09090909090909091,3240,1.0,0.1,0.1,0.1,0.09090909090909091,0.09090909090909091,0.09090909090909091,4824,1.0,0.09999999794283958,0.10000000121918592,0.10000000617148178,0.09090908920895832,0.09090909191668257,0.09090909600948903
266,4.433333333333334,True,valid,0.022739489797081992,0.013333242161864036,0.0049932533917661105,0.7885742719634692,0.7190328447120442,0.5616289516520938,0.749480297623491,0.06610333426872467,0.17149288543391006,0.0008860918079199975,1585.0,7.261502214516617,2.2263437853871528e-05,0,16604,0.11116520315408707,190,7.450580596923828e-09,3240,1.0,0.1,0.1,0.1,0.09090909090909091,0.09090909090909091,0.09090909090909091,3240,1.0,0.1,0.1,0.1,0.09090909090909091,0.09090909090909091,0.09090909090909091,4824,1.0,0.09999999794283958,0.10000000121918592,0.10000000617148178,0.09090908920895832,0.09090909191668257,0.09090909600948903
267,4.45,True,valid,0.02224173976239581,0.013399181005789696,0.004840681782888112,1.9275931563894764,1.012911645054314,1.3981083655163373,1.7023232212087163,0.10946100573609191,0.7170478932635824,0.0009076216416936516,1585.0,46.15040202456481,3.811411963656819e-05,0,16418,0.10006916522979736,181,3.725290298461914e-09,3240,1.0,0.1,0.1,0.1,0.09090909090909091,0.09090909090909091,0.09090909090909091,3240,1.0,0.1,0.1,0.1,0.09090909090909091,0.09090909090909091,0.09090909090909091,4824,1.0,0.09999999794283958,0.10000000121918592,0.10000000617148178,0.09090908920895832,0.09090909191668257,0.09090909600948903
268,4.466666666666667,True,valid,0.02254327175305067,0.016447595605842424,0.0045733307218127975,1.1038145303308289,0.751788913417308,0.8590639857123944,1.0976041429868861,0.6524840303051074,0.12260266903046561,0.0012748377501294085,1585.0,16.37252510333655,8.088032073769737e-05,0,16306,0.08813758194446564,177,3.725290298461914e-09,3240,1.0,0.1,0.1,0.1,0.09090909090909091,0.09090909090909091,0.09090909090909091,3240,1.0,0.1,0.1,0.1,0.09090909090909091,0.09090909090909091,0.09090909090909091,4824,1.0,0.09999999794283958,0.10000000121918592,0.10000000617148178,0.09090908920895832,0.09090909191668257,0.09090909600948903
269,4.483333333333333,True,valid,0.019854701354055253,0.01641666902248902,0.005122170364004224,1.8800964586592797,0.8556234348361096,1.565767269127718,2.0491236065418237,0.10873748144258462,0.37254108976580175,0.0010013370876270028,1585.0,35.435960019845886,7.738308352540458e-05,0,16462,0.07579881697893143,160,1.862645149230957e-09,3240,1.0,0.1,0.1,0.1,0.09090909090909091,0.09090909090909091,0.09090909090909091,3240,1.0,0.1,0.1,0.1,0.09090909090909091,0.09090909090909091,0.09090909090909091,4824,1.0,0.09999999794283958,0.10000000121918592,0.10000000617148178,0.09090908920895832,0.09090909191668257,0.09090909600948903
270,4.5,True,valid,0.0186026915346351,0.016579903278503318,0.004673196336167567,0.7921362951390875,0.7692738266677195,0.5416916925608726,0.7723618360170157,0.06631728622778382,0.1771177092856967,0.0010081743803643723,1585.0,4.173258319337814,2.623394427673674e-05,0,16724,0.06814698129892349,159,3.725290298461914e-09,3240,1.0,0.1,0.1,0.1,0.09090909090909091,0.09090909090909091,0.09090909090909091,3240,1.0,0.1,0.1,0.1,0.09090909090909091,0.09090909090909091,0.09090909090909091,4824,1.0,0.09999999794283958,0.10000000121918592,0.10000000617148178,0.09090908920895832,0.09090909191668257,0.09090909600948903
271,4.516666666666667,True,valid,0.019724044464266875,0.019221849893430305,0.005110885744720456,0.8292201843125335,0.8043314466449358,0.5667102339438993,0.8030324106279013,0.06908090469479329,0.0253349503296182,0.001034608257725271,1585.0,4.648574845073875,2.6983381293679053e-05,0,16950,0.07065723091363907,147,3.259629011154175e-09,3240,1.0,0.1,0.1,0.1,0.09090909090909091,0.09090909090909091,0.09090909090909091,3240,1.0,0.1,0.1,0.1,0.09090909090909091,0.09090909090909091,0.09090909090909091,4824,1.0,0.09999999794283958,0.10000000121918592,0.10000000617148178,0.09090908920895832,0.09090909191668257,0.09090909600948903
272,4.533333333333333,True,valid,0.02009134649052687,0.022685241027588544,0.004893903608931965,0.834349233354624,0.8050039265706462,0.5758318865556573,0.7856970002769266,0.07026365263386082,0.18541269923956014,0.0010629522938280208,1585.0,7.171633992634788,2.7837986974011655e-05,0,17237,0.07343504577875137,144,3.14321368932724e-09,3240,1.0,0.1,0.1,0.1,0.09090909090909091,0.09090909090909091,0.09090909090909091,3240,1.0,0.1,0.1,0.1,0.09090909090909091,0.09090909090909091,0.09090909090909091,4824,1.0,0.09999999794283958,0.10000000121918592,0.10000000617148178,0.09090908920895832,0.09090909191668257,0.09090909600948903
273,4.55,True,valid,0.020270114794775414,0.02455279168888991,0.005168127339786412,0.8132104939165613,0.7888194759722819,0.5753104501740819,0.7846537863277273,0.0702709123468791,0.0,0.0010466528602243667,1585.0,4.643106261524486,2.680969938446895e-05,0,17372,0.07714077830314636,145,2.3283064365386963e-09,3240,1.0,0.1,0.1,0.1,0.09090909090909091,0.09090909090909091,0.09090909090909091,3240,1.0,0.1,0.1,0.1,0.09090909090909091,0.09090909090909091,0.09090909090909091,4824,1.0,0.09999999794283958,0.10000000121918592,0.10000000617148178,0.09090908920895832,0.09090909191668257,0.09090909600948903
274,4.566666666666666,True,valid,0.02120791364993975,0.025756859211787126,0.00489182215530786,0.7984524621809436,0.7847646133537364,0.5685609189575721,0.7714722924178724,0.06969127435561155,0.0007520939799803565,0.0010519493746830124,1585.0,4.520705913869165,2.7006498244901343e-05,0,17531,0.08090610802173615,134,2.7939677238464355e-09,3240,1.0,0.1,0.1,0.1,0.09090909090909091,0.09090909090909091,0.09090909090909091,3240,1.0,0.1,0.1,0.1,0.09090909090909091,0.09090909090909091,0.09090909090909091,4824,1.0,0.09999999794283958,0.10000000121918592,0.10000000617148178,0.09090908920895832,0.09090909191668257,0.09090909600948903
275,4.583333333333333,True,valid,0.022315944590311453,0.02572999776141372,0.004978124326472844,0.7921838108621431,0.7878210614635296,0.5526179695443789,0.7673913254077208,0.06721735282329472,0.0,0.0010210476887419948,1585.0,4.6438440922815625,2.643245764726342e-05,0,17590,0.08443692326545715,134,3.725290298461914e-09,3240,1.0,0.1,0.1,0.1,0.09090909090909091,0.09090909090909091,0.09090909090909091,3240,1.0,0.1,0.1,0.1,0.09090909090909091,0.09090909090909091,0.09090909090909091,4824,1.0,0.09999999794283958,0.10000000121918592,0.10000000617148178,0.09090908920895832,0.09090909191668257,0.09090909600948903
276,4.6,True,valid,0.02457992567079491,0.025769492985659014,0.0070757965817720495,8.880030668735118,5.916088298031524,4.693842303485975,5.633147938933714,0.7087810612970413,5.636464048627627,0.0018137400741968382,1585.0,295.83370036826966,7.378660547427369e-05,0,17594,0.09387245029211044,138,7.450580596923828e-09,3240,1.0,0.1,0.1,0.1,0.09090909090909091,0.09090909090909091,0.09090909090909091,3240,1.0,0.1,0.1,0.1,0.09090909090909091,0.09090909090909091,0.09090909090909091,4824,1.0,0.09999999794283958,0.10000000121918592,0.10000000617148178,0.09090908920895832,0.09090909191668257,0.09090909600948903
277,4.616666666666666,True,valid,0.028638846968958742,0.02546412722021582,0.006474225127426498,2.65737089514137,2.4088886992144136,0.5858908565816473,0.8730174773993368,0.06420237610815378,2.279667646645304,0.0011386099118872019,1585.0,100.09702902605356,2.9621959314270447e-05,0,17372,0.1088617816567421,96,3.725290298461914e-09,3240,1.0,0.1,0.1,0.1,0.09090909090909091,0.09090909090909091,0.09090909090909091,3240,1.0,0.1,0.1,0.1,0.09090909090909091,0.09090909090909091,0.09090909090909091,4824,1.0,0.09999999794283958,0.10000000121918592,0.10000000617148178,0.09090908920895832,0.09090909191668257,0.09090909600948903
278,4.633333333333334,True,valid,0.035697857529025274,0.021965166413759143,0.005771393472540013,1.322577694672944,0.8218293241205998,1.0223791851465194,1.335751616643564,0.09181698848967923,0.3195783823013959,0.001137715763313211,1585.0,13.55881657834194,2.93268543867963e-05,0,17332,0.12112212181091309,115,3.725290298461914e-09,3240,1.0,0.1,0.1,0.1,0.09090909090909091,0.09090909090909091,0.09090909090909091,3240,1.0,0.1,0.1,0.1,0.09090909090909091,0.09090909090909091,0.09090909090909091,4824,1.0,0.09999999794283958,0.10000000121918592,0.10000000617148178,0.09090908920895832,0.09090909191668257,0.09090909600948903
279,4.65,True,valid,0.03333758566979433,0.02129394155821575,0.006729637013226159,0.8038992484772741,0.7824861627039014,0.43967027248658025,0.7862155760443784,0.053792388226245005,0.0,0.0009249153125073702,1585.0,4.670143577984953,2.2855097973790394e-05,0,16410,0.12458452582359314,118,3.725290298461914e-09,3240,1.0,0.1,0.1,0.1,0.09090909090909091,0.09090909090909091,0.09090909090909091,3240,1.0,0.1,0.1,0.1,0.09090909090909091,0.09090909090909091,0.09090909090909091,4824,1.0,0.09999999794283958,0.10000000121918592,0.10000000617148178,0.09090908920895832,0.09090909191668257,0.09090909600948903
280,4.666666666666667,True,valid,0.02720022522533755,0.01814772630770557,0.005419565486495878,0.6608776626899509,0.6443533964727858,0.40963463358238833,0.6390577013161759,0.04906459314656354,0.07522887215163158,0.0007997286152281384,1585.0,3.5122524884249686,2.166254495446015e-05,0,16406,0.12367286533117294,139,3.725290298461914e-09,3240,1.0,0.1,0.1,0.1,0.09090909090909091,0.09090909090909091,0.09090909090909091,3240,1.0,0.1,0.1,0.1,0.09090909090909091,0.09090909090909091,0.09090909090909091,4824,1.0,0.09999999794283958,0.10000000121918592,0.10000000617148178,0.09090908920895832,0.09090909191668257,0.09090909600948903
281,4.683333333333334,True,valid,0.02209016182030234,0.014435875579895634,0.005677883699053678,1.3361761389500066,0.8022020521707303,0.8804440777468039,1.45038970499397,0.28224107170585844,0.25967562986492265,0.0008565951840700043,1585.0,33.441432466661944,2.2429224119724923e-05,0,16210,0.12031135708093643,148,7.450580596923828e-09,3240,1.0,0.1,0.1,0.1,0.09090909090909091,0.09090909090909091,0.09090909090909091,3240,1.0,0.1,0.1,0.1,0.09090909090909091,0.09090909090909091,0.09090909090909091,4824,1.0,0.09999999794283958,0.10000000121918592,0.10000000617148178,0.09090908920895832,0.09090909191668257,0.09090909600948903
282,4.7,True,valid,0.017315433951012142,0.012890995560960019,0.004187155352704204,0.5357277415486201,0.5533430546590616,0.3500528807410042,0.5237783521956692,0.04223321036877483,0.0,0.0007377055114864641,1585.0,3.3208656067751052,1.830839386149076e-05,0,16481,0.1140604242682457,123,3.725290298461914e-09,3240,1.0,0.1,0.1,0.1,0.09090909090909091,0.09090909090909091,0.09090909090909091,3240,1.0,0.1,0.1,0.1,0.09090909090909091,0.09090909090909091,0.09090909090909091,4824,1.0,0.09999999794283958,0.10000000121918592,0.10000000617148178,0.09090908920895832,0.09090909191668257,0.09090909600948903
283,4.716666666666667,True,valid,0.013847998852128868,0.011366077219744813,0.005037904002666959,0.518591193134273,0.5172349490104797,0.3190897195389144,0.5177775830599797,0.039859390952573,0.13216943930284042,0.0006713918008076411,1585.0,3.316186657124254,1.5893718441822745e-05,0,16767,0.11006610095500946,107,3.725290298461914e-09,3240,1.0,0.1,0.1,0.1,0.09090909090909091,0.09090909090909091,0.09090909090909091,3240,1.0,0.1,0.1,0.1,0.09090909090909091,0.09090909090909091,0.09090909090909091,4824,1.0,0.09999999794283958,0.10000000121918592,0.10000000617148178,0.09090908920895832,0.09090909191668257,0.09090909600948903
284,4.733333333333333,True,valid,0.012599281709236309,0.013059356150758317,0.0034301357691746497,0.40829616404727226,0.421563111508483,0.28181622568783915,0.39833520774637804,0.034004232371573455,0.0,0.0005439157422883733,1585.0,2.370875414724138,1.3875501129199207e-05,0,17382,0.10985283553600311,101,7.450580596923828e-09,3240,1.0,0.1,0.1,0.1,0.09090909090909091,0.09090909090909091,0.09090909090909091,3240,1.0,0.1,0.1,0.1,0.09090909090909091,0.09090909090909091,0.09090909090909091,4824,1.0,0.09999999794283958,0.10000000121918592,0.10000000617148178,0.09090908920895832,0.09090909191668257,0.09090909600948903
285,4.75,True,valid,0.01182111375726542,0.010887425418847166,0.003343629350790237,0.39189875629323984,0.4004954127284907,0.2472856353353558,0.3835504434368985,0.02963148444379956,0.0,0.0005188215305580936,1585.0,2.669720434228761,1.2019881485777481e-05,0,17702,0.10964781045913696,104,7.450580596923828e-09,3240,1.0,0.1,0.1,0.1,0.09090909090909091,0.09090909090909091,0.09090909090909091,3240,1.0,0.1,0.1,0.1,0.09090909090909091,0.09090909090909091,0.09090909090909091,4824,1.0,0.09999999794283958,0.10000000121918592,0.10000000617148178,0.09090908920895832,0.09090909191668257,0.09090909600948903
286,4.766666666666667,True,valid,0.014662273925810121,0.012863059028563786,0.0032530982286121226,0.3156395281704632,0.33160652119212186,0.19250989945897928,0.3106750763989548,0.02332381448465156,0.0,0.0004481877622400441,1585.0,2.0289547250322806,1.173239100165995e-05,0,16370,0.10949016362428665,126,7.450580596923828e-09,3240,1.0,0.1,0.1,0.1,0.09090909090909091,0.09090909090909091,0.09090909090909091,3240,1.0,0.1,0.1,0.1,0.09090909090909091,0.09090909090909091,0.09090909090909091,4824,1.0,0.09999999794283958,0.10000000121918592,0.10000000617148178,0.09090908920895832,0.09090909191668257,0.09090909600948903
287,4.783333333333333,True,valid,0.018804106181398193,0.011295254283560024,0.0025835316461216206,0.2930306395894877,0.29880179403369256,0.16304034948968357,0.28824353391376656,0.019817808042198997,0.0,0.00040792914817711464,1585.0,1.5520629669425001,9.668039374363876e-06,0,16453,0.10958155244588852,139,7.450580596923828e-09,3240,1.0,0.1,0.1,0.1,0.09090909090909091,0.09090909090909091,0.09090909090909091,3240,1.0,0.1,0.1,0.1,0.09090909090909091,0.09090909090909091,0.09090909090909091,4824,1.0,0.09999999794283958,0.10000000121918592,0.10000000617148178,0.09090908920895832,0.09090909191668257,0.09090909600948903
288,4.8,True,valid,0.02192319588252833,0.011699014725176468,0.0033064256444369313,0.24694330173437043,0.25796858495377684,0.10080752153686068,0.22976966818068648,0.011920724831829807,0.08772251976232874,0.0003061251092747313,1585.0,3.5084389849233597,7.1047574232566675e-06,0,15857,0.10913322865962982,151,7.450580596923828e-09,3240,1.0,0.1,0.1,0.1,0.09090909090909091,0.09090909090909091,0.09090909090909091,3240,1.0,0.1,0.1,0.1,0.09090909090909091,0.09090909090909091,0.09090909090909091,4824,1.0,0.09999999794283958,0.10000000121918592,0.10000000617148178,0.09090908920895832,0.09090909191668257,0.09090909600948903
289,4.816666666666666,True,valid,0.02645400610104011,0.01574062227312702,0.0035385432321272136,0.2328665108807199,0.21267486691772655,0.11718959710212087,0.2483114116585549,0.010985127424829226,0.06402615967985861,0.0002952256489163502,1585.0,3.4542852290215675,6.811919108435376e-06,0,15728,0.11093279719352722,153,7.450580596923828e-09,3240,1.0,0.1,0.1,0.1,0.09090909090909091,0.09090909090909091,0.09090909090909091,3240,1.0,0.1,0.1,0.1,0.09090909090909091,0.09090909090909091,0.09090909090909091,4824,1.0,0.09999999794283958,0.10000000121918592,0.10000000617148178,0.09090908920895832,0.09090909191668257,0.09090909600948903
290,4.833333333333333,True,valid,0.029549140003427305,0.018916028919120576,0.0029862698989085116,0.17229773934452888,0.16771953226280928,0.03324591670563106,0.20572328971518544,0.0036892775111843795,0.10056845246121268,0.0002904780592397802,1585.0,0.8797601008368298,6.40666138550362e-06,0,15558,0.11358466744422913,170,7.450580596923828e-09,3240,1.0,0.1,0.1,0.1,0.09090909090909091,0.09090909090909091,0.09090909090909091,3240,1.0,0.1,0.1,0.1,0.09090909090909091,0.09090909090909091,0.09090909090909091,4824,1.0,0.09999999794283958,0.10000000121918592,0.10000000617148178,0.09090908920895832,0.09090909191668257,0.09090909600948903
291,4.85,True,valid,0.029181324058183987,0.019936887900001272,0.004574372963855751,0.5491737875436836,0.36249455268092806,0.2780297578411599,0.4419211232242387,0.018841023569089982,0.32815658696491057,0.0002767059368510393,1585.0,17.487959855601122,6.966816494344038e-06,0,15704,0.11801452189683914,174,7.450580596923828e-09,3240,1.0,0.1,0.1,0.1,0.09090909090909091,0.09090909090909091,0.09090909090909091,3240,1.0,0.1,0.1,0.1,0.09090909090909091,0.09090909090909091,0.09090909090909091,4824,1.0,0.09999999794283958,0.10000000121918592,0.10000000617148178,0.09090908920895832,0.09090909191668257,0.09090909600948903
292,4.866666666666666,True,valid,0.02938649157109396,0.01856273532579366,0.004106853754545367,0.3543620129431425,0.3038189880638218,0.1822278259852902,0.3544673534302627,0.06807505065396693,0.2677717309652303,0.0002894669795114551,1585.0,7.916251903028933,7.314046792911079e-06,0,15894,0.12424668669700623,176,7.450580596923828e-09,3240,1.0,0.1,0.1,0.1,0.09090909090909091,0.09090909090909091,0.09090909090909091,3240,1.0,0.1,0.1,0.1,0.09090909090909091,0.09090909090909091,0.09090909090909091,4824,1.0,0.09999999794283958,0.10000000121918592,0.10000000617148178,0.09090908920895832,0.09090909191668257,0.09090909600948903
293,4.883333333333334,True,valid,0.030262400855797247,0.019119397210112143,0.002965256015611876,0.25972825108949077,0.2507429434893302,0.14089501448208683,0.2768376546889692,0.017764540137459907,0.1311884770027905,0.0002617569463977695,1585.0,1.738375704356791,6.331727816730434e-06,0,16342,0.13091620802879333,162,7.450580596923828e-09,3240,1.0,0.1,0.1,0.1,0.09090909090909091,0.09090909090909091,0.09090909090909091,3240,1.0,0.1,0.1,0.1,0.09090909090909091,0.09090909090909091,0.09090909090909091,4824,1.0,0.09999999794283958,0.10000000121918592,0.10000000617148178,0.09090908920895832,0.09090909191668257,0.09090909600948903
294,4.9,True,valid,0.02766719466936056,0.020325279663963646,0.003394583193080007,0.8421479271067087,0.3153883523852799,0.7284216295625324,0.9055239677445763,0.05654071935536402,0.18209500826657965,0.00037928036681824046,1585.0,18.488946941835685,1.255110714760363e-05,0,16552,0.134720578789711,154,7.450580596923828e-09,3240,1.0,0.1,0.1,0.1,0.09090909090909091,0.09090909090909091,0.09090909090909091,3240,1.0,0.1,0.1,0.1,0.09090909090909091,0.09090909090909091,0.09090909090909091,4824,1.0,0.09999999794283958,0.10000000121918592,0.10000000617148178,0.09090908920895832,0.09090909191668257,0.09090909600948903
295,4.916666666666667,True,valid,0.02404619335689107,0.0216564721796872,0.0035478046179837045,0.37311234771402313,0.34949721107662035,0.23735851622638207,0.37712257422788387,0.029424667344918894,0.13172956250103673,0.0003988297527710808,1585.0,2.0889312948637864,1.0514007002102653e-05,0,17174,0.13629209995269775,156,3.725290298461914e-09,3240,1.0,0.1,0.1,0.1,0.09090909090909091,0.09090909090909091,0.09090909090909091,3240,1.0,0.1,0.1,0.1,0.09090909090909091,0.09090909090909091,0.09090909090909091,4824,1.0,0.09999999794283958,0.10000000121918592,0.10000000617148178,0.09090908920895832,0.09090909191668257,0.09090909600948903
296,4.933333333333334,True,valid,0.022460997470978895,0.02402586313672985,0.0030762847752905283,0.3999391648255985,0.375981639538105,0.2990126129991771,0.38460816493727035,0.036697197161172944,0.07264474445391596,0.00044905566515836373,1585.0,2.2200992103764943,1.1686712001056198e-05,0,17826,0.13687941431999207,160,7.450580596923828e-09,3240,1.0,0.1,0.1,0.1,0.09090909090909091,0.09090909090909091,0.09090909090909091,3240,1.0,0.1,0.1,0.1,0.09090909090909091,0.09090909090909091,0.09090909090909091,4824,1.0,0.09999999794283958,0.10000000121918592,0.10000000617148178,0.09090908920895832,0.09090909191668257,0.09090909600948903
297,4.95,True,valid,0.02273123194252864,0.02550294930421073,0.003469230428041036,0.5481639637036884,0.4706814053600162,0.38645944106428815,0.4971106539731841,0.043566450819235235,0.18871016464216084,0.0005667614227413361,1585.0,7.3836693512556,1.582959655101287e-05,0,17957,0.13505126535892487,157,3.725290298461914e-09,3240,1.0,0.1,0.1,0.1,0.09090909090909091,0.09090909090909091,0.09090909090909091,3240,1.0,0.1,0.1,0.1,0.09090909090909091,0.09090909090909091,0.09090909090909091,4824,1.0,0.09999999794283958,0.10000000121918592,0.10000000617148178,0.09090908920895832,0.09090909191668257,0.09090909600948903
298,4.966666666666667,True,valid,0.022667259911303694,0.02602443284782489,0.003961229871862323,0.5083896278123918,0.48952697198705863,0.3725018646787119,0.48927964690853887,0.044972022791069814,0.0,0.0006297563921781582,1585.0,2.9832708518838422,1.6716915662061735e-05,0,17722,0.13248655200004578,152,3.725290298461914e-09,3240,1.0,0.1,0.1,0.1,0.09090909090909091,0.09090909090909091,0.09090909090909091,3240,1.0,0.1,0.1,0.1,0.09090909090909091,0.09090909090909091,0.09090909090909091,4824,1.0,0.09999999794283958,0.10000000121918592,0.10000000617148178,0.09090908920895832,0.09090909191668257,0.09090909600948903
299,4.983333333333333,True,valid,0.023216581250883394,0.02461961377314015,0.004159515737379693,0.5725151672509717,0.5497458152705128,0.4160410281100984,0.545727716967791,0.05954090742638358,0.09929409531228287,0.0007039765879579891,1585.0,3.7634133464117974,1.7715804124813105e-05,0,17764,0.13025499880313873,144,7.450580596923828e-09,3240,1.0,0.1,0.1,0.1,0.09090909090909091,0.09090909090909091,0.09090909090909091,3240,1.0,0.1,0.1,0.1,0.09090909090909091,0.09090909090909091,0.09090909090909091,4824,1.0,0.09999999794283958,0.10000000121918592,0.10000000617148178,0.09090908920895832,0.09090909191668257,0.09090909600948903
300,5.0,True,valid,0.024941769524467333,0.02237656996548154,0.004320523584550627,0.6247982850830616,0.6095781792918306,0.4415938260671078,0.6036598512266308,0.05384292399994919,0.0,0.0007755168467917387,1585.0,3.603756011362471,1.991897602147324e-05,0,17894,0.12345930933952332,137,7.450580596923828e-09,3240,1.0,0.1,0.1,0.1,0.09090909090909091,0.09090909090909091,0.09090909090909091,3240,1.0,0.1,0.1,0.1,0.09090909090909091,0.09090909090909091,0.09090909090909091,4824,1.0,0.09999999794283958,0.10000000121918592,0.10000000617148178,0.09090908920895832,0.09090909191668257,0.09090909600948903
301,5.016666666666667,True,valid,0.027538920689597263,0.019376732389645563,0.004957012261807631,0.683395902188629,0.6627879301506797,0.4579631445314759,0.6617664569426682,0.055740151838810426,0.0,0.000831921432904745,1585.0,4.155065610882123,2.1312601347680522e-05,0,17636,0.11512637883424759,135,7.450580596923828e-09,3240,1.0,0.1,0.1,0.1,0.09090909090909091,0.09090909090909091,0.09090909090909091,3240,1.0,0.1,0.1,0.1,0.09090909090909091,0.09090909090909091,0.09090909090909091,4824,1.0,0.09999999794283958,0.10000000121918592,0.10000000617148178,0.09090908920895832,0.09090909191668257,0.09090909600948903
302,5.033333333333333,True,valid,0.027754680634552147,0.017017503280204384,0.004799605204873111,0.713049745860227,0.6913036467125876,0.4801406646086751,0.6845456865183702,0.05808681294035931,0.1148780954533378,0.0008611604721536127,1585.0,4.217479600066049,2.2152973980718364e-05,0,17039,0.10632497072219849,146,7.450580596923828e-09,3240,1.0,0.1,0.1,0.1,0.09090909090909091,0.09090909090909091,0.09090909090909091,3240,1.0,0.1,0.1,0.1,0.09090909090909091,0.09090909090909091,0.09090909090909091,4824,1.0,0.09999999794283958,0.10000000121918592,0.10000000617148178,0.09090908920895832,0.09090909191668257,0.09090909600948903
303,5.05,True,valid,0.026135735557843428,0.01598253934978084,0.00538628861426298,0.7264014558387458,0.7098921998631329,0.49710937394625404,0.7070392637489369,0.06140135576931105,0.1473563241985765,0.0009010398675125499,1585.0,4.369325054001611,2.2127689016415568e-05,0,16962,0.09707264602184296,148,5.587935447692871e-09,3240,1.0,0.1,0.1,0.1,0.09090909090909091,0.09090909090909091,0.09090909090909091,3240,1.0,0.1,0.1,0.1,0.09090909090909091,0.09090909090909091,0.09090909090909091,4824,1.0,0.09999999794283958,0.10000000121918592,0.10000000617148178,0.09090908920895832,0.09090909191668257,0.09090909600948903
304,5.066666666666666,True,valid,0.02533204305961877,0.016639248457291613,0.005665824878996195,1.5838724450915014,1.0367964501637406,0.9966427080350506,1.3519387820414148,0.13974697869438282,0.749451639377289,0.0009673581649112836,1585.0,35.970070180391986,2.5179122308323453e-05,0,17190,0.08454403281211853,150,3.725290298461914e-09,3240,1.0,0.1,0.1,0.1,0.09090909090909091,0.09090909090909091,0.09090909090909091,3240,1.0,0.1,0.1,0.1,0.09090909090909091,0.09090909090909091,0.09090909090909091,4824,1.0,0.09999999794283958,0.10000000121918592,0.10000000617148178,0.09090908920895832,0.09090909191668257,0.09090909600948903
305,5.083333333333333,True,valid,0.02507126614409165,0.01642092600021999,0.00552487722289313,0.820710716885728,0.7827813894936434,0.562646325931911,0.8158959050534985,0.09889326142715238,0.17387499389297356,0.0009884521199944505,1585.0,5.090870414695782,2.4873340031942826e-05,0,16873,0.06976509094238281,145,2.7939677238464355e-09,3240,1.0,0.1,0.1,0.1,0.09090909090909091,0.09090909090909091,0.09090909090909091,3240,1.0,0.1,0.1,0.1,0.09090909090909091,0.09090909090909091,0.09090909090909091,4824,1.0,0.09999999794283958,0.10000000121918592,0.10000000617148178,0.09090908920895832,0.09090909191668257,0.09090909600948903
306,5.1,True,valid,0.024736727563885393,0.01574121475346957,0.0058754084842859945,1.4063683735366934,1.1564769001047888,0.7049570485879694,0.9834411131163704,0.07182510229885265,0.8929710855696024,0.0010044312279610106,1585.0,38.7050268909179,2.558675859804138e-05,0,16526,0.059024401009082794,145,1.862645149230957e-09,3240,1.0,0.1,0.1,0.1,0.09090909090909091,0.09090909090909091,0.09090909090909091,3240,1.0,0.1,0.1,0.1,0.09090909090909091,0.09090909090909091,0.09090909090909091,4824,1.0,0.09999999794283958,0.10000000121918592,0.10000000617148178,0.09090908920895832,0.09090909191668257,0.09090909600948903
307,5.116666666666666,True,valid,0.025459169926171997,0.017616828432917918,0.005096846235674405,0.8162196172769316,0.7897173701763318,0.540661632153714,0.7902780938783568,0.06766303074505964,0.0,0.0009655048083071541,1585.0,4.213998943574218,2.461643211557221e-05,0,16334,0.04798024147748947,146,1.0477378964424133e-09,3240,1.0,0.1,0.1,0.1,0.09090909090909091,0.09090909090909091,0.09090909090909091,3240,1.0,0.1,0.1,0.1,0.09090909090909091,0.09090909090909091,0.09090909090909091,4824,1.0,0.09999999794283958,0.10000000121918592,0.10000000617148178,0.09090908920895832,0.09090909191668257,0.09090909600948903
308,5.133333333333334,True,valid,0.024097521464610656,0.02324974615268101,0.005761395972194756,0.8294276979713198,0.810631850553642,0.5378634541457615,0.8049178585285915,0.06555868498008297,0.0,0.0010126016245056802,1585.0,4.599268380409242,2.578292065087138e-05,0,17268,0.03922722488641739,145,3.725290298461914e-09,3240,1.0,0.1,0.1,0.1,0.09090909090909091,0.09090909090909091,0.09090909090909091,3240,1.0,0.1,0.1,0.1,0.09090909090909091,0.09090909090909091,0.09090909090909091,4824,1.0,0.09999999794283958,0.10000000121918592,0.10000000617148178,0.09090908920895832,0.09090909191668257,0.09090909600948903
309,5.15,True,valid,0.022715758150272602,0.026900182309439375,0.004698674826860273,0.8132177635116179,0.7901136158265568,0.57302290057207,0.8257943578911123,0.06942904241539108,0.17154923576789652,0.0010545598067199793,1585.0,4.886169999978934,2.7020329004664873e-05,0,17638,0.049171220511198044,169,2.7939677238464355e-09,3240,1.0,0.1,0.1,0.1,0.09090909090909091,0.09090909090909091,0.09090909090909091,3240,1.0,0.1,0.1,0.1,0.09090909090909091,0.09090909090909091,0.09090909090909091,4824,1.0,0.09999999794283958,0.10000000121918592,0.10000000617148178,0.09090908920895832,0.09090909191668257,0.09090909600948903
310,5.166666666666667,True,valid,0.022561126470242467,0.030164477620146783,0.005420494133962882,0.8119626891984789,0.802890734766481,0.5520620208862478,0.7903660510766061,0.0672355452631282,0.09918680287582587,0.0010513271291666276,1585.0,4.854072657485316,2.675312745991613e-05,0,17644,0.059731077402830124,183,5.587935447692871e-09,3240,1.0,0.1,0.1,0.1,0.09090909090909091,0.09090909090909091,0.09090909090909091,3240,1.0,0.1,0.1,0.1,0.09090909090909091,0.09090909090909091,0.09090909090909091,4824,1.0,0.09999999794283958,0.10000000121918592,0.10000000617148178,0.09090908920895832,0.09090909191668257,0.09090909600948903
311,5.183333333333334,True,valid,0.023656346743209936,0.031490163610790725,0.005062008141197927,0.7818444906430912,0.7601529758303338,0.544245891312319,0.8032288390600912,0.06607700259411622,0.2649138602183797,0.0010178686600851104,1585.0,4.7599006958520675,2.580011560570307e-05,0,17846,0.07057315111160278,198,1.862645149230957e-09,3240,1.0,0.1,0.1,0.1,0.09090909090909091,0.09090909090909091,0.09090909090909091,3240,1.0,0.1,0.1,0.1,0.09090909090909091,0.09090909090909091,0.09090909090909091,4824,1.0,0.09999999794283958,0.10000000121918592,0.10000000617148178,0.09090908920895832,0.09090909191668257,0.09090909600948903
312,5.2,True,valid,0.0246445853546974,0.030271501896129975,0.004852566174008445,0.7594538953440353,0.7376440783140771,0.5343658761084159,0.7336671120699589,0.0649205013432569,0.0,0.0009728852899782838,1585.0,4.4396670348298946,2.45757716280775e-05,0,17880,0.08126607537269592,179,7.450580596923828e-09,3240,1.0,0.1,0.1,0.1,0.09090909090909091,0.09090909090909091,0.09090909090909091,3240,1.0,0.1,0.1,0.1,0.09090909090909091,0.09090909090909091,0.09090909090909091,4824,1.0,0.09999999794283958,0.10000000121918592,0.10000000617148178,0.09090908920895832,0.09090909191668257,0.09090909600948903
313,5.216666666666667,True,valid,0.025085927757574712,0.029461263718722836,0.004458537707323282,0.7372428288887768,0.7067959798291298,0.5160611020448506,0.711272788424424,0.06270434528277447,0.0,0.0009453468884636096,1585.0,4.31088289612643,2.4520640680870084e-05,0,17796,0.09283976256847382,176,3.725290298461914e-09,3240,1.0,0.1,0.1,0.1,0.09090909090909091,0.09090909090909091,0.09090909090909091,3240,1.0,0.1,0.1,0.1,0.09090909090909091,0.09090909090909091,0.09090909090909091,4824,1.0,0.09999999794283958,0.10000000121918592,0.10000000617148178,0.09090908920895832,0.09090909191668257,0.09090909600948903
314,5.233333333333333,True,valid,0.025456152932862682,0.027993342326357747,0.004571985200163081,0.699569899776922,0.6900956809532863,0.48006082962201796,0.6822601034956634,0.058208627843986054,0.06286893145693986,0.0009116346386061945,1585.0,4.186552340448021,2.4120801884908273e-05,0,17564,0.10335379838943481,181,7.450580596923828e-09,3240,1.0,0.1,0.1,0.1,0.09090909090909091,0.09090909090909091,0.09090909090909091,3240,1.0,0.1,0.1,0.1,0.09090909090909091,0.09090909090909091,0.09090909090909091,4824,1.0,0.09999999794283958,0.10000000121918592,0.10000000617148178,0.09090908920895832,0.09090909191668257,0.09090909600948903
315,5.25,True,valid,0.02518851899615229,0.025763181375689906,0.004334376911502226,0.664778891304354,0.6542536393152756,0.4548733774330499,0.6436940382899465,0.05483641641821978,0.07463634581476569,0.0008739530366132308,1585.0,4.133805238706699,2.273266906786324e-05,0,17620,0.11404343694448471,192,7.450580596923828e-09,3240,1.0,0.1,0.1,0.1,0.09090909090909091,0.09090909090909091,0.09090909090909091,3240,1.0,0.1,0.1,0.1,0.09090909090909091,0.09090909090909091,0.09090909090909091,4824,1.0,0.09999999794283958,0.10000000121918592,0.10000000617148178,0.09090908920895832,0.09090909191668257,0.09090909600948903
316,5.266666666666667,True,valid,0.024885092186135,0.023889505492635122,0.004279357208854619,0.6118018373956665,0.6127204064255806,0.40353879574425766,0.6013758744333683,0.04830061117072413,0.04818286710778378,0.0007909059901941662,1585.0,3.6660827526840523,1.9817919876435467e-05,0,17678,0.12275326997041702,187,7.450580596923828e-09,3240,1.0,0.1,0.1,0.1,0.09090909090909091,0.09090909090909091,0.09090909090909091,3240,1.0,0.1,0.1,0.1,0.09090909090909091,0.09090909090909091,0.09090909090909091,4824,1.0,0.09999999794283958,0.10000000121918592,0.10000000617148178,0.09090908920895832,0.09090909191668257,0.09090909600948903
317,5.283333333333333,True,valid,0.025518732356108215,0.022755613315151343,0.004174262903752595,0.6129805940958618,0.5857776316162548,0.40812950831695344,0.5900030182687431,0.04582487380251073,0.11424475029812219,0.0007143562394621208,1585.0,8.288901487274588,1.993547970467016e-05,0,17528,0.13054564595222473,187,7.450580596923828e-09,3240,1.0,0.1,0.1,0.1,0.09090909090909091,0.09090909090909091,0.09090909090909091,3240,1.0,0.1,0.1,0.1,0.09090909090909091,0.09090909090909091,0.09090909090909091,4824,1.0,0.09999999794283958,0.10000000121918592,0.10000000617148178,0.09090908920895832,0.09090909191668257,0.09090909600948903
318,5.3,True,valid,0.025029316526479047,0.020599109777395475,0.004145938763318997,1.3305152857576255,0.9129074539628969,0.7694184082984509,0.9572527585501747,0.06405365632114682,0.7780669247670552,0.0006422372801400703,1585.0,39.96727751698963,1.6873925735589666e-05,0,16777,0.13774162530899048,215,3.725290298461914e-09,3240,1.0,0.1,0.1,0.1,0.09090909090909091,0.09090909090909091,0.09090909090909091,3240,1.0,0.1,0.1,0.1,0.09090909090909091,0.09090909090909091,0.09090909090909091,4824,1.0,0.09999999794283958,0.10000000121918592,0.10000000617148178,0.09090908920895832,0.09090909191668257,0.09090909600948903
319,5.316666666666666,True,valid,0.024333340776758274,0.017779828709830966,0.0035986387141712555,1.1287513712865673,0.8624635054934834,0.5031523885780468,0.6391054124021759,0.042990256916475386,0.7040651237251891,0.000583776094623994,1585.0,38.067991081865095,1.6572105443741507e-05,0,16693,0.14001351594924927,206,3.725290298461914e-09,3240,1.0,0.1,0.1,0.1,0.09090909090909091,0.09090909090909091,0.09090909090909091,3240,1.0,0.1,0.1,0.1,0.09090909090909091,0.09090909090909091,0.09090909090909091,4824,1.0,0.09999999794283958,0.10000000121918592,0.10000000617148178,0.09090908920895832,0.09090909191668257,0.09090909600948903
320,5.333333333333333,True,valid,0.02207545690706393,0.013794470853557504,0.0031787268587592844,0.3890511912656391,0.3959802197587239,0.23174891631456984,0.37769083854084967,0.030688846084126975,0.03511258936714872,0.00047778787381081626,1585.0,2.774703432736588,1.19861441458114e-05,0,16550,0.1366559863090515,198,7.450580596923828e-09,3240,1.0,0.1,0.1,0.1,0.09090909090909091,0.09090909090909091,0.09090909090909091,3240,1.0,0.1,0.1,0.1,0.09090909090909091,0.09090909090909091,0.09090909090909091,4824,1.0,0.09999999794283958,0.10000000121918592,0.10000000617148178,0.09090908920895832,0.09090909191668257,0.09090909600948903
321,5.35,True,valid,0.0190564507954754,0.010547219760625219,0.003084062794067349,0.33779553154908676,0.34002678389593666,0.20494922471767887,0.33187148735910915,0.027735954618605264,0.1573230615957134,0.00041585643914159785,1585.0,3.445977176430019,9.860719263697967e-06,0,15802,0.13347290456295013,199,7.450580596923828e-09,3240,1.0,0.1,0.1,0.1,0.09090909090909091,0.09090909090909091,0.09090909090909091,3240,1.0,0.1,0.1,0.1,0.09090909090909091,0.09090909090909091,0.09090909090909091,4824,1.0,0.09999999794283958,0.10000000121918592,0.10000000617148178,0.09090908920895832,0.09090909191668257,0.09090909600948903
322,5.366666666666666,True,valid,0.017137086284986076,0.009601955891544525,0.002200203091202304,0.25544529258679294,0.268023108938612,0.15401626866575682,0.27062146010835,0.018437245417215996,0.10320775136445781,0.000349042333130195,1585.0,1.731292105535629,8.246376209524034e-06,0,15788,0.1305713951587677,193,7.450580596923828e-09,3240,1.0,0.1,0.1,0.1,0.09090909090909091,0.09090909090909091,0.09090909090909091,3240,1.0,0.1,0.1,0.1,0.09090909090909091,0.09090909090909091,0.09090909090909091,4824,1.0,0.09999999794283958,0.10000000121918592,0.10000000617148178,0.09090908920895832,0.09090909191668257,0.09090909600948903
323,5.383333333333334,True,valid,0.014957758526559154,0.010094752706028387,0.0022280908120846854,3.8984266949321906,3.557195612725353,0.8927753618728818,1.020514606240208,0.0971757921196583,3.5300163913971554,0.0002797074963994887,1585.0,150.50659654420622,1.2564775236353042e-05,0,15682,0.12763237953186035,196,7.450580596923828e-09,3240,1.0,0.1,0.1,0.1,0.09090909090909091,0.09090909090909091,0.09090909090909091,3240,1.0,0.1,0.1,0.1,0.09090909090909091,0.09090909090909091,0.09090909090909091,4824,1.0,0.09999999794283958,0.10000000121918592,0.10000000617148178,0.09090908920895832,0.09090909191668257,0.09090909600948903
324,5.4,True,valid,0.014179141395775183,0.010583182795319758,0.0018991263227940548,0.14926966420006146,0.1607103881636454,0.05955971628828014,0.15888748175295025,0.0072651727277850235,0.06811926090831891,0.00023128334565712598,1585.0,0.8306214731242109,5.041064941079929e-06,0,15640,0.12525242567062378,190,7.450580596923828e-09,3240,1.0,0.1,0.1,0.1,0.09090909090909091,0.09090909090909091,0.09090909090909091,3240,1.0,0.1,0.1,0.1,0.09090909090909091,0.09090909090909091,0.09090909090909091,4824,1.0,0.09999999794283958,0.10000000121918592,0.10000000617148178,0.09090908920895832,0.09090909191668257,0.09090909600948903
325,5.416666666666667,True,valid,0.015240500033836287,0.010319986209703093,0.0017693085227469228,0.12649001517623462,0.1247781208941988,0.03338511756737007,0.1439668365503586,0.0030439279574293264,0.05246772018694255,0.0001772276532729473,1585.0,1.081503761502838,3.926207892473927e-06,0,15534,0.1228056475520134,185,7.450580596923828e-09,3240,1.0,0.1,0.1,0.1,0.09090909090909091,0.09090909090909091,0.09090909090909091,3240,1.0,0.1,0.1,0.1,0.09090909090909091,0.09090909090909091,0.09090909090909091,4824,1.0,0.09999999794283958,0.10000000121918592,0.10000000617148178,0.09090908920895832,0.09090909191668257,0.09090909600948903
326,5.433333333333334,True,valid,0.01737571836014987,0.010108590536234023,0.0018415835527858194,0.1692399036515742,0.13960702222789867,0.08351617673880075,0.16767715362308264,0.00748880582347869,0.09928721854492517,0.00017859730513167062,1585.0,2.716852862379208,4.007805713645881e-06,0,15512,0.12057408690452576,183,7.450580596923828e-09,3240,1.0,0.1,0.1,0.1,0.09090909090909091,0.09090909090909091,0.09090909090909091,3240,1.0,0.1,0.1,0.1,0.09090909090909091,0.09090909090909091,0.09090909090909091,4824,1.0,0.09999999794283958,0.10000000121918592,0.10000000617148178,0.09090908920895832,0.09090909191668257,0.09090909600948903
327,5.45,True,valid,0.019677186051683723,0.01034940336719715,0.0021977978636477306,0.1706559311685294,0.15084743686153826,0.098927116742447,0.20234185179172123,0.010975999576536843,0.089997129560666,0.00020101959437248117,1585.0,1.7704367729166537,5.233167302519187e-06,0,15625,0.11855312436819077,183,7.450580596923828e-09,3240,1.0,0.1,0.1,0.1,0.09090909090909091,0.09090909090909091,0.09090909090909091,3240,1.0,0.1,0.1,0.1,0.09090909090909091,0.09090909090909091,0.09090909090909091,4824,1.0,0.09999999794283958,0.10000000121918592,0.10000000617148178,0.09090908920895832,0.09090909191668257,0.09090909600948903
328,5.466666666666667,True,valid,0.021589662877388366,0.011223022386767286,0.002719756397536551,0.43193798350334106,0.3356459611034663,0.1977279433564961,0.29187455239061244,0.0219372672351949,0.2920239445355088,0.0002709586119341982,1585.0,11.447507471635948,7.4519651654512624e-06,0,15686,0.11707019805908203,177,7.450580596923828e-09,3240,1.0,0.1,0.1,0.1,0.09090909090909091,0.09090909090909091,0.09090909090909091,3240,1.0,0.1,0.1,0.1,0.09090909090909091,0.09090909090909091,0.09090909090909091,4824,1.0,0.09999999794283958,0.10000000121918592,0.10000000617148178,0.09090908920895832,0.09090909191668257,0.09090909600948903
329,5.483333333333333,True,valid,0.02311863212426428,0.012533201228239832,0.0029844608531436755,0.263699505754411,0.2626847433606866,0.17144619338717218,0.26033903885717197,0.022687951480575487,0.04388441764408158,0.00030725873459975985,1585.0,1.24307313544953,7.95779115445493e-06,0,15772,0.11978035420179367,176,7.450580596923828e-09,3240,1.0,0.1,0.1,0.1,0.09090909090909091,0.09090909090909091,0.09090909090909091,3240,1.0,0.1,0.1,0.1,0.09090909090909091,0.09090909090909091,0.09090909090909091,4824,1.0,0.09999999794283958,0.10000000121918592,0.10000000617148178,0.09090908920895832,0.09090909191668257,0.09090909600948903
330,5.5,True,valid,0.024411901077840407,0.014093160456211062,0.0030781744947601932,0.3737339290338544,0.3192502590365703,0.27239869249933896,0.45165876719148657,0.03219966195021016,0.18872289123375866,0.0003891886340622085,1585.0,4.967083308490622,1.0053544924023804e-05,0,15911,0.12469576299190521,178,7.450580596923828e-09,3240,1.0,0.1,0.1,0.1,0.09090909090909091,0.09090909090909091,0.09090909090909091,3240,1.0,0.1,0.1,0.1,0.09090909090909091,0.09090909090909091,0.09090909090909091,4824,1.0,0.09999999794283958,0.10000000121918592,0.10000000617148178,0.09090908920895832,0.09090909191668257,0.09090909600948903
331,5.516666666666667,True,valid,0.024450413394590514,0.015418870655579718,0.003702268564200633,0.5596366333874973,0.46644155060809495,0.31111276259104803,0.5016968673089065,0.03348019804231258,0.32231080975768744,0.00042168799099095403,1585.0,13.188737826156634,1.5118240119807249e-05,0,16088,0.12944310903549194,185,3.725290298461914e-09,3240,1.0,0.1,0.1,0.1,0.09090909090909091,0.09090909090909091,0.09090909090909091,3240,1.0,0.1,0.1,0.1,0.09090909090909091,0.09090909090909091,0.09090909090909091,4824,1.0,0.09999999794283958,0.10000000121918592,0.10000000617148178,0.09090908920895832,0.09090909191668257,0.09090909600948903
332,5.533333333333333,True,valid,0.023777698481583443,0.01588693907178232,0.003938904168342405,1.4587353869225155,0.906059116688149,0.7913350126526204,0.8833709036262816,0.05574719283265855,0.7930510797388652,0.0005027286753493634,1585.0,42.950409232891246,1.3348177203960337e-05,0,16625,0.13331101834774017,192,3.725290298461914e-09,3240,1.0,0.1,0.1,0.1,0.09090909090909091,0.09090909090909091,0.09090909090909091,3240,1.0,0.1,0.1,0.1,0.09090909090909091,0.09090909090909091,0.09090909090909091,4824,1.0,0.09999999794283958,0.10000000121918592,0.10000000617148178,0.09090908920895832,0.09090909191668257,0.09090909600948903
333,5.55,True,valid,0.023198947030284665,0.016257485109076,0.0037017384004672726,1.2582605124280917,0.8536720394303029,0.6661926280025097,0.7920478363560661,0.05511811539917195,0.6844683227308431,0.0005746894428762348,1585.0,41.215901558973,2.3974610976841122e-05,0,17004,0.1370171308517456,200,3.725290298461914e-09,3240,1.0,0.1,0.1,0.1,0.09090909090909091,0.09090909090909091,0.09090909090909091,3240,1.0,0.1,0.1,0.1,0.09090909090909091,0.09090909090909091,0.09090909090909091,4824,1.0,0.09999999794283958,0.10000000121918592,0.10000000617148178,0.09090908920895832,0.09090909191668257,0.09090909600948903
334,5.566666666666666,True,valid,0.02246822183022856,0.017770394757610632,0.003921157052863465,0.600560535770636,0.5288636020140136,0.4175560006731696,0.7971260320574323,0.053889048835638144,0.4586746391135148,0.0006408356903878213,1585.0,5.506326728503492,1.6864429096597135e-05,0,17108,0.1392851024866104,202,7.450580596923828e-09,3240,1.0,0.1,0.1,0.1,0.09090909090909091,0.09090909090909091,0.09090909090909091,3240,1.0,0.1,0.1,0.1,0.09090909090909091,0.09090909090909091,0.09090909090909091,4824,1.0,0.09999999794283958,0.10000000121918592,0.10000000617148178,0.09090908920895832,0.09090909191668257,0.09090909600948903
335,5.583333333333333,True,valid,0.021420957695245414,0.019327935048336617,0.00390373641581503,0.5935327765457523,0.5754224445864766,0.41267477093328725,0.5732325912952191,0.050311324818104255,0.004748191524540884,0.0007320313759711644,1585.0,3.053734992693713,1.8941194819981244e-05,0,17122,0.13616669178009033,184,3.725290298461914e-09,3240,1.0,0.1,0.1,0.1,0.09090909090909091,0.09090909090909091,0.09090909090909091,3240,1.0,0.1,0.1,0.1,0.09090909090909091,0.09090909090909091,0.09090909090909091,4824,1.0,0.09999999794283958,0.10000000121918592,0.10000000617148178,0.09090908920895832,0.09090909191668257,0.09090909600948903
336,5.6,True,valid,0.02072268162804491,0.020226766603235215,0.004475003643477985,0.6455191942748114,0.6345667901132201,0.45491165808647166,0.6240436308228884,0.05521935388163212,0.0,0.0008211355655201901,1585.0,3.7680617448262255,2.1133803131722808e-05,0,17555,0.13286875188350677,183,7.450580596923828e-09,3240,1.0,0.1,0.1,0.1,0.09090909090909091,0.09090909090909091,0.09090909090909091,3240,1.0,0.1,0.1,0.1,0.09090909090909091,0.09090909090909091,0.09090909090909091,4824,1.0,0.09999999794283958,0.10000000121918592,0.10000000617148178,0.09090908920895832,0.09090909191668257,0.09090909600948903
337,5.616666666666666,True,valid,0.020470797864744074,0.019945758547363596,0.004458276505174641,0.7042269824269953,0.6722387100769394,0.4888960065817152,0.6786294056909291,0.061989392503709335,0.04847761745959091,0.0008625413696775639,1585.0,3.8963057595056254,2.270306819694274e-05,0,17856,0.127284437417984,186,7.450580596923828e-09,3240,1.0,0.1,0.1,0.1,0.09090909090909091,0.09090909090909091,0.09090909090909091,3240,1.0,0.1,0.1,0.1,0.09090909090909091,0.09090909090909091,0.09090909090909091,4824,1.0,0.09999999794283958,0.10000000121918592,0.10000000617148178,0.09090908920895832,0.09090909191668257,0.09090909600948903
338,5.633333333333334,True,valid,0.021060704459399993,0.018160340249954183,0.004752555927641536,0.7268521387109036,0.6932064247271883,0.5310825879610038,0.7239003169905228,0.1640782620668184,0.18001352696553397,0.0009745296187881133,1585.0,4.208135676480821,2.32437810098058e-05,0,17860,0.12047725915908813,188,5.587935447692871e-09,3240,1.0,0.1,0.1,0.1,0.09090909090909091,0.09090909090909091,0.09090909090909091,3240,1.0,0.1,0.1,0.1,0.09090909090909091,0.09090909090909091,0.09090909090909091,4824,1.0,0.09999999794283958,0.10000000121918592,0.10000000617148178,0.09090908920895832,0.09090909191668257,0.09090909600948903
339,5.65,True,valid,0.022050726223426305,0.01693202657051869,0.005081042110664015,1.2998657738609212,0.8140415643595248,1.1324559865690642,1.460914974642697,0.09936256001696912,0.49092884295610784,0.0009990698894222453,1585.0,32.38492054675796,2.7421368668053534e-05,0,17764,0.11201310157775879,183,1.862645149230957e-09,3240,1.0,0.1,0.1,0.1,0.09090909090909091,0.09090909090909091,0.09090909090909091,3240,1.0,0.1,0.1,0.1,0.09090909090909091,0.09090909090909091,0.09090909090909091,4824,1.0,0.09999999794283958,0.10000000121918592,0.10000000617148178,0.09090908920895832,0.09090909191668257,0.09090909600948903
340,5.666666666666667,True,valid,0.023196638503411814,0.015266698479706447,0.005297835310678127,2.60529969941562,2.0464041965978175,1.0026942086081612,1.2137568407951196,0.09656664812619106,1.933936639112414,0.0010308174805137218,1585.0,86.00910787012567,2.6520365261169957e-05,0,17688,0.10390860587358475,176,2.7939677238464355e-09,3240,1.0,0.1,0.1,0.1,0.09090909090909091,0.09090909090909091,0.09090909090909091,3240,1.0,0.1,0.1,0.1,0.09090909090909091,0.09090909090909091,0.09090909090909091,4824,1.0,0.09999999794283958,0.10000000121918592,0.10000000617148178,0.09090908920895832,0.09090909191668257,0.09090909600948903
341,5.683333333333334,True,valid,0.02385646860326693,0.014275631047102198,0.005173167389983571,0.7977290260073807,0.7902073115229712,0.5319574719876045,0.7743675103127406,0.06499332062895244,0.0,0.0010137532672210546,1585.0,4.731133201247949,2.6307789646310065e-05,0,17328,0.09173465520143509,170,3.725290298461914e-09,3240,1.0,0.1,0.1,0.1,0.09090909090909091,0.09090909090909091,0.09090909090909091,3240,1.0,0.1,0.1,0.1,0.09090909090909091,0.09090909090909091,0.09090909090909091,4824,1.0,0.09999999794283958,0.10000000121918592,0.10000000617148178,0.09090908920895832,0.09090909191668257,0.09090909600948903
342,5.7,True,valid,0.023361658289780183,0.013659808497715547,0.005436915461642994,0.8382666483828769,0.8116383967705354,0.5502621300415568,0.8195762898766971,0.06580260506783764,0.3114169153631065,0.0010267936574405825,1585.0,6.0073811507757915,2.6316549268865542e-05,0,16728,0.08126383274793625,184,2.561137080192566e-09,3240,1.0,0.1,0.1,0.1,0.09090909090909091,0.09090909090909091,0.09090909090909091,3240,1.0,0.1,0.1,0.1,0.09090909090909091,0.09090909090909091,0.09090909090909091,4824,1.0,0.09999999794283958,0.10000000121918592,0.10000000617148178,0.09090908920895832,0.09090909191668257,0.09090909600948903
343,5.716666666666667,True,valid,0.022872143246646735,0.013754210757409027,0.005591210504263261,0.8720269381129554,0.8117945206127043,0.5623317824793603,0.8441814762196547,0.06660626567043254,0.0,0.0010403630624440557,1585.0,10.451063912542645,3.407682448578351e-05,0,16589,0.06881679594516754,188,2.7939677238464355e-09,3240,1.0,0.1,0.1,0.1,0.09090909090909091,0.09090909090909091,0.09090909090909091,3240,1.0,0.1,0.1,0.1,0.09090909090909091,0.09090909090909091,0.09090909090909091,4824,1.0,0.09999999794283958,0.10000000121918592,0.10000000617148178,0.09090908920895832,0.09090909191668257,0.09090909600948903
344,5.733333333333333,True,valid,0.023157064597252315,0.014762205139626903,0.005229587162710166,0.8434848332773862,0.8104805944796701,0.5405099502519183,0.8173945858248745,0.06654470986499221,0.0,0.0010236750290123367,1585.0,4.583331032039161,2.6487331011806302e-05,0,16501,0.05557955056428909,192,1.862645149230957e-09,3240,1.0,0.1,0.1,0.1,0.09090909090909091,0.09090909090909091,0.09090909090909091,3240,1.0,0.1,0.1,0.1,0.09090909090909091,0.09090909090909091,0.09090909090909091,4824,1.0,0.09999999794283958,0.10000000121918592,0.10000000617148178,0.09090908920895832,0.09090909191668257,0.09090909600948903
345,5.75,True,valid,0.022918564056763485,0.016819065075312424,0.0051652463864384655,1.016570766319849,0.9882977621881736,0.5558210121873961,0.7924077610037782,0.06890459606112606,0.6366956694256165,0.0010081476413118205,1585.0,24.04438095422365,2.6245488050701656e-05,0,16404,0.04398303106427193,196,3.725290298461914e-09,3240,1.0,0.1,0.1,0.1,0.09090909090909091,0.09090909090909091,0.09090909090909091,3240,1.0,0.1,0.1,0.1,0.09090909090909091,0.09090909090909091,0.09090909090909091,4824,1.0,0.09999999794283958,0.10000000121918592,0.10000000617148178,0.09090908920895832,0.09090909191668257,0.09090909600948903
346,5.766666666666667,True,valid,0.022667865957103694,0.02023251165607062,0.005134199019978298,2.3214208506130563,1.317675774021526,1.4351405903810652,1.6540730707647795,0.10916134902640386,0.9938969721924368,0.0009907555542823985,1585.0,68.03028871237727,3.076228917330516e-05,0,16914,0.04308249056339264,198,3.725290298461914e-09,3240,1.0,0.1,0.1,0.1,0.09090909090909091,0.09090909090909091,0.09090909090909091,3240,1.0,0.1,0.1,0.1,0.09090909090909091,0.09090909090909091,0.09090909090909091,4824,1.0,0.09999999794283958,0.10000000121918592,0.10000000617148178,0.09090908920895832,0.09090909191668257,0.09090909600948903
347,5.783333333333333,True,valid,0.022798988405185523,0.024335228842756886,0.005033831219364485,0.7811125376692536,0.7494169698631138,0.5210140991664359,0.7588154923385461,0.06343802224109651,0.06034496469565261,0.0009741415838558226,1585.0,4.3341125853484925,2.5080249318852243e-05,0,17412,0.0416901633143425,197,5.587935447692871e-09,3240,1.0,0.1,0.1,0.1,0.09090909090909091,0.09090909090909091,0.09090909090909091,3240,1.0,0.1,0.1,0.1,0.09090909090909091,0.09090909090909091,0.09090909090909091,4824,1.0,0.09999999794283958,0.10000000121918592,0.10000000617148178,0.09090908920895832,0.09090909191668257,0.09090909600948903
348,5.8,True,valid,0.02328313253623951,0.027148950056014698,0.004587700397282498,0.7224193638556923,0.7213638217637811,0.49676637510158805,0.7007046453757305,0.06041295691504412,0.0,0.000912608780627719,1585.0,4.081019863825937,2.356472989743894e-05,0,17512,0.04998745769262314,192,7.450580596923828e-09,3240,1.0,0.1,0.1,0.1,0.09090909090909091,0.09090909090909091,0.09090909090909091,3240,1.0,0.1,0.1,0.1,0.09090909090909091,0.09090909090909091,0.09090909090909091,4824,1.0,0.09999999794283958,0.10000000121918592,0.10000000617148178,0.09090908920895832,0.09090909191668257,0.09090909600948903
349,5.816666666666666,True,valid,0.0235989279399081,0.02938676669200295,0.004521938651709512,0.9307649783932802,0.8236796366810343,0.5329527862969551,0.7190900948021245,0.06379622645313503,0.4363929470525319,0.0008996041085469858,1585.0,23.45501010133875,2.374541487923731e-05,0,17632,0.0646820068359375,188,3.725290298461914e-09,3240,1.0,0.1,0.1,0.1,0.09090909090909091,0.09090909090909091,0.09090909090909091,3240,1.0,0.1,0.1,0.1,0.09090909090909091,0.09090909090909091,0.09090909090909091,4824,1.0,0.09999999794283958,0.10000000121918592,0.10000000617148178,0.09090908920895832,0.09090909191668257,0.09090909600948903
350,5.833333333333333,True,valid,0.02410002208299133,0.030043878963568815,0.004297528075212841,0.8159646886031544,0.7977172869772272,0.5440945728707978,0.7029120155742111,0.058832771019481034,0.4909557127664873,0.0008700216444121059,1585.0,16.764157096255722,2.279075379829531e-05,0,17666,0.07516828924417496,198,3.725290298461914e-09,3240,1.0,0.1,0.1,0.1,0.09090909090909091,0.09090909090909091,0.09090909090909091,3240,1.0,0.1,0.1,0.1,0.09090909090909091,0.09090909090909091,0.09090909090909091,4824,1.0,0.09999999794283958,0.10000000121918592,0.10000000617148178,0.09090908920895832,0.09090909191668257,0.09090909600948903
351,5.85,True,valid,0.025258388963018914,0.02960428459350309,0.004070699804675452,0.6129776371638244,0.6151141749023971,0.432871777271553,0.5942389121915269,0.05427501500913459,0.0,0.0007951439876767914,1585.0,3.9379019231599384,1.9982186903247273e-05,0,17542,0.08076056838035583,196,3.725290298461914e-09,3240,1.0,0.1,0.1,0.1,0.09090909090909091,0.09090909090909091,0.09090909090909091,3240,1.0,0.1,0.1,0.1,0.09090909090909091,0.09090909090909091,0.09090909090909091,4824,1.0,0.09999999794283958,0.10000000121918592,0.10000000617148178,0.09090908920895832,0.09090909191668257,0.09090909600948903
352,5.866666666666666,True,valid,0.02642574002528807,0.0290782642747367,0.003637380819945427,0.572806619596921,0.569422511750861,0.38995496405458735,0.5719212377085771,0.04686548962170492,0.08114655890340264,0.0007374028208114606,1585.0,3.669344011486579,1.8971107295301253e-05,0,17724,0.08743538707494736,183,7.450580596923828e-09,3240,1.0,0.1,0.1,0.1,0.09090909090909091,0.09090909090909091,0.09090909090909091,3240,1.0,0.1,0.1,0.1,0.09090909090909091,0.09090909090909091,0.09090909090909091,4824,1.0,0.09999999794283958,0.10000000121918592,0.10000000617148178,0.09090908920895832,0.09090909191668257,0.09090909600948903
353,5.883333333333334,True,valid,0.026852580680393777,0.02788166190206525,0.0035798549281301317,0.535411365573185,0.5238925149916208,0.37285921076475387,0.5741917043165136,0.044010888727152225,0.1816365524249749,0.0006841957257072295,1585.0,7.038700077556723,1.758504088755604e-05,0,17798,0.09091993421316147,152,3.725290298461914e-09,3240,1.0,0.1,0.1,0.1,0.09090909090909091,0.09090909090909091,0.09090909090909091,3240,1.0,0.1,0.1,0.1,0.09090909090909091,0.09090909090909091,0.09090909090909091,4824,1.0,0.09999999794283958,0.10000000121918592,0.10000000617148178,0.09090908920895832,0.09090909191668257,0.09090909600948903
354,5.9,True,valid,0.027199167980260928,0.025072458651166613,0.003222557524116859,0.44527342803506714,0.44687239959947783,0.30084653189503724,0.4332000954605306,0.03640350902497703,0.0,0.0005861855179236564,1585.0,3.0718453795021565,1.4776337743767268e-05,0,17772,0.0928555354475975,135,3.725290298461914e-09,3240,1.0,0.1,0.1,0.1,0.09090909090909091,0.09090909090909091,0.09090909090909091,3240,1.0,0.1,0.1,0.1,0.09090909090909091,0.09090909090909091,0.09090909090909091,4824,1.0,0.09999999794283958,0.10000000121918592,0.10000000617148178,0.09090908920895832,0.09090909191668257,0.09090909600948903
355,5.916666666666667,True,valid,0.025909853077195944,0.023538737493834196,0.0032659612669857156,0.43538314188650723,0.40842980779140875,0.29951552587232855,0.4232507812496354,0.032327195130514776,0.0,0.0005287626753134654,1585.0,4.289388634496832,1.3654665495239353e-05,0,17416,0.09261147677898407,134,7.450580596923828e-09,3240,1.0,0.1,0.1,0.1,0.09090909090909091,0.09090909090909091,0.09090909090909091,3240,1.0,0.1,0.1,0.1,0.09090909090909091,0.09090909090909091,0.09090909090909091,4824,1.0,0.09999999794283958,0.10000000121918592,0.10000000617148178,0.09090908920895832,0.09090909191668257,0.09090909600948903
356,5.933333333333334,True,valid,0.024165861542481126,0.020862432726973364,0.0027603004274511693,0.3326953202732934,0.34593675728044665,0.2091826449535523,0.353800506835834,0.02513598325075074,0.12599669414412257,0.00046121658342884974,1585.0,2.3057774963906565,1.1237042209970507e-05,0,17020,0.09154177457094193,146,7.450580596923828e-09,3240,1.0,0.1,0.1,0.1,0.09090909090909091,0.09090909090909091,0.09090909090909091,3240,1.0,0.1,0.1,0.1,0.09090909090909091,0.09090909090909091,0.09090909090909091,4824,1.0,0.09999999794283958,0.10000000121918592,0.10000000617148178,0.09090908920895832,0.09090909191668257,0.09090909600948903
357,5.95,True,valid,0.021632110450690988,0.017722601627761268,0.0028521704588629787,0.5817654670058566,0.4686307013480333,0.24937005386005848,0.3591314727197655,0.022917150465722756,0.3502663201871161,0.00038499807104213875,1585.0,18.829790286767217,9.615562207443098e-06,0,16701,0.08777808398008347,153,7.450580596923828e-09,3240,1.0,0.1,0.1,0.1,0.09090909090909091,0.09090909090909091,0.09090909090909091,3240,1.0,0.1,0.1,0.1,0.09090909090909091,0.09090909090909091,0.09090909090909091,4824,1.0,0.09999999794283958,0.10000000121918592,0.10000000617148178,0.09090908920895832,0.09090909191668257,0.09090909600948903
358,5.966666666666667,True,valid,0.01896047507725447,0.014048266891022482,0.00256814746914539,4.115866085615699,3.529142849252853,1.0803910780234949,1.1720998623253815,0.07147856397678794,3.5843732888753697,0.000298668629212156,1585.0,157.28764749877357,1.1068903472144449e-05,0,16200,0.08313175290822983,166,7.450580596923828e-09,3240,1.0,0.1,0.1,0.1,0.09090909090909091,0.09090909090909091,0.09090909090909091,3240,1.0,0.1,0.1,0.1,0.09090909090909091,0.09090909090909091,0.09090909090909091,4824,1.0,0.09999999794283958,0.10000000121918592,0.10000000617148178,0.09090908920895832,0.09090909191668257,0.09090909600948903
359,5.983333333333333,True,valid,0.017168887904641283,0.010829035964969154,0.002310063729618826,0.2728972574214295,0.2590696416989425,0.12920291312883753,0.26097894880999517,0.01997212681820355,0.2306148544085212,0.00031153371867721904,1585.0,7.006796037133695,6.689431030942145e-06,0,15826,0.08157891035079956,163,7.450580596923828e-09,3240,1.0,0.1,0.1,0.1,0.09090909090909091,0.09090909090909091,0.09090909090909091,3240,1.0,0.1,0.1,0.1,0.09090909090909091,0.09090909090909091,0.09090909090909091,4824,1.0,0.09999999794283958,0.10000000121918592,0.10000000617148178,0.09090908920895832,0.09090909191668257,0.09090909600948903
360,6.0,True,valid,0.016867031863244557,0.009281856282427572,0.0019351383742109288,0.15057793950550066,0.1460206221733083,0.05843209970981007,0.16447155260702945,0.02169674957160431,0.06342428997136151,0.0001850883956411725,1585.0,1.5335426594253876,4.134349780933013e-06,0,15522,0.0778738483786583,162,7.450580596923828e-09,3240,1.0,0.1,0.1,0.1,0.09090909090909091,0.09090909090909091,0.09090909090909091,3240,1.0,0.1,0.1,0.1,0.09090909090909091,0.09090909090909091,0.09090909090909091,4824,1.0,0.09999999794283958,0.10000000121918592,0.10000000617148178,0.09090908920895832,0.09090909191668257,0.09090909600948903
