frame,time_s,valid,status,stretch_score,shear_score,bend_score,original_rms_N,alm_rms_N,constitutive_gap_rms_N,elastic_rms_N,damping_rms_N,contact_rms_N,inertia_rms_N,free_vertices,original_max_N,iterate_change_rms_m,self_contact_vt_candidates,self_contact_ee_candidates,body_max_abs_translation_m,soft_contact_count,pin_error_m,tri_stretch_active_rows,tri_stretch_floor_fraction,tri_stretch_rho_over_k_min,tri_stretch_rho_over_k_median,tri_stretch_rho_over_k_max,tri_stretch_effective_over_k_min,tri_stretch_effective_over_k_median,tri_stretch_effective_over_k_max,tri_area_active_rows,tri_area_floor_fraction,tri_area_rho_over_k_min,tri_area_rho_over_k_median,tri_area_rho_over_k_max,tri_area_effective_over_k_min,tri_area_effective_over_k_median,tri_area_effective_over_k_max,bend_active_rows,bend_floor_fraction,bend_rho_over_k_min,bend_rho_over_k_median,bend_rho_over_k_max,bend_effective_over_k_min,bend_effective_over_k_median,bend_effective_over_k_max
0,0.0,True,valid,0.0,0.0,0.0,,,,,,,,,,,0,0,0.1509999930858612,0,0.0,0,,,,,,,,0,,,,,,,,0,,,,,,,
1,0.016666666666666666,True,valid,0.2450572782534293,0.11081085137068734,0.5808999023641168,244780.00051546202,28841.34525350273,236828.77494010114,244671.0932429045,36.974068681703855,1057.819109158891,0.01264339932210397,1585.0,1173942.0312504063,0.00034794813752499,74,17107,0.14950264990329742,0,0.0,3240,1.0,0.01,0.01,0.01,0.009900990099009901,0.009900990099009901,0.009900990099009901,3240,1.0,0.01,0.01,0.01,0.009900990099009901,0.009900990099009901,0.009900990099009901,4824,1.0,0.009999999347273001,0.009999999827324026,0.010000000251457043,0.009900989459144202,0.009900989929736325,0.009900990345512246
2,0.03333333333333333,True,valid,0.28112927932233256,0.16390313565539918,0.5492861731099351,200767.30454803078,43825.44779985524,181237.05536087183,200668.71561683904,40.768011231258626,1226.3334612807537,0.014800348745531997,1585.0,1365429.2931522606,0.00024907231523845944,824,22459,0.14528286457061768,59,0.0,3240,1.0,0.01,0.01,0.01,0.009900990099009901,0.009900990099009901,0.009900990099009901,3240,1.0,0.01,0.01,0.01,0.009900990099009901,0.009900990099009901,0.009900990099009901,4824,1.0,0.009999999347273001,0.009999999827324026,0.010000000251457043,0.009900989459144202,0.009900989929736325,0.009900990345512246
3,0.05,True,valid,0.4257435108112242,0.26613558520171926,0.9652347735277811,367656.21076413547,74434.97346036849,347447.7309508422,366448.92490383424,82.27991915217213,15021.075084932532,0.016305672384996722,1585.0,1779612.7839372456,0.00030378021915703916,9983,70708,0.14325040578842163,250,0.0,3240,1.0,0.01,0.01,0.01,0.009900990099009901,0.009900990099009901,0.009900990099009901,3240,1.0,0.01,0.01,0.01,0.009900990099009901,0.009900990099009901,0.009900990099009901,4813,1.0,0.009999999347273001,0.009999999827324026,0.010000000251457043,0.009900989459144202,0.009900989929736325,0.009900990345512246
4,0.06666666666666667,True,valid,0.37895175445242973,0.2815884813980634,1.051873342598425,334586.6096291327,97360.99570155464,312031.1893808295,332236.7825034913,70.2601270135605,25015.3685975873,0.015277237373355432,1585.0,2012784.8011666227,0.00025718521367068764,10022,71777,0.16448110342025757,134,0.0,3240,1.0,0.01,0.01,0.01,0.009900990099009901,0.009900990099009901,0.009900990099009901,3240,1.0,0.01,0.01,0.01,0.009900990099009901,0.009900990099009901,0.009900990099009901,4821,1.0,0.009999999347273001,0.009999999827324026,0.010000000251457043,0.009900989459144202,0.009900989929736325,0.009900990345512246
5,0.08333333333333333,True,valid,0.38125371571640965,0.2835373435831978,1.0538215998318299,367906.4814689138,96787.0274841109,340711.4240387506,366996.5635194783,68.48419536768421,20895.222157474775,0.01546250653997746,1585.0,2252894.089931335,0.00026707340514746174,4134,45176,0.1712052822113037,199,0.0,3240,1.0,0.01,0.01,0.01,0.009900990099009901,0.009900990099009901,0.009900990099009901,3240,1.0,0.01,0.01,0.01,0.009900990099009901,0.009900990099009901,0.009900990099009901,4816,1.0,0.009999999347273001,0.009999999827324026,0.010000000251457043,0.009900989459144202,0.009900989929736325,0.009900990345512246
6,0.1,True,valid,0.3832176585338076,0.2795069312990107,1.0505992406304105,355243.3605220911,89928.08862681802,327173.9205603134,353578.041858537,74.04941320467348,28089.992596808792,0.01577400958805488,1585.0,2131577.1943117743,0.0003292407762158104,4074,44025,0.18475715816020966,216,0.0,3240,1.0,0.01,0.01,0.01,0.009900990099009901,0.009900990099009901,0.009900990099009901,3240,1.0,0.01,0.01,0.01,0.009900990099009901,0.009900990099009901,0.009900990099009901,4824,1.0,0.009999999347273001,0.009999999827324026,0.010000000251457043,0.009900989459144202,0.009900989929736325,0.009900990345512246
7,0.11666666666666667,True,valid,0.3817713395581095,0.26440531471019807,1.0479025024522977,371734.39748701407,77421.00631917005,353629.53994989523,371122.82812015706,63.221528631458476,18418.417451561836,0.016105542683102894,1585.0,2281537.867480997,0.00038343682879140705,3985,44033,0.2100735455751419,179,0.0,3240,1.0,0.01,0.01,0.01,0.009900990099009901,0.009900990099009901,0.009900990099009901,3240,1.0,0.01,0.01,0.01,0.009900990099009901,0.009900990099009901,0.009900990099009901,4824,1.0,0.009999999347273001,0.009999999827324026,0.010000000251457043,0.009900989459144202,0.009900989929736325,0.009900990345512246
8,0.13333333333333333,True,valid,0.37756918486635405,0.2798400121913513,1.0664481547496056,325453.5252435414,98574.31938009521,294769.8027437629,323916.2483946324,74.51430860032235,28930.70106627862,0.01597338912797416,1585.0,1904349.9759601923,0.00029903955609040514,3670,42743,0.2283046394586563,169,0.0,3240,1.0,0.01,0.01,0.01,0.009900990099009901,0.009900990099009901,0.009900990099009901,3240,1.0,0.01,0.01,0.01,0.009900990099009901,0.009900990099009901,0.009900990099009901,4824,1.0,0.009999999347273001,0.009999999827324026,0.010000000251457043,0.009900989459144202,0.009900989929736325,0.009900990345512246
9,0.15,True,valid,0.3816834893710383,0.2716956386771325,1.0920449748817525,398878.60517911654,83911.7922178884,375506.6709053367,398099.0085034755,73.04199635614559,19439.157313606953,0.0158761050022958,1585.0,2451650.8158734203,0.00033394559540990995,3949,43690,0.24300923943519592,127,0.0,3240,1.0,0.01,0.01,0.01,0.009900990099009901,0.009900990099009901,0.009900990099009901,3240,1.0,0.01,0.01,0.01,0.009900990099009901,0.009900990099009901,0.009900990099009901,4824,1.0,0.009999999347273001,0.009999999827324026,0.010000000251457043,0.009900989459144202,0.009900989929736325,0.009900990345512246
10,0.16666666666666666,True,valid,0.36129717434760017,0.26757247514929633,1.0474502369433416,331758.67509385996,86203.40103514375,317331.11947877903,330595.71029444545,68.17050425898931,22449.335002318465,0.016304387846341965,1585.0,2145102.7607663414,0.00033175854551957334,4179,44833,0.29675623774528503,132,0.0,3240,1.0,0.01,0.01,0.01,0.009900990099009901,0.009900990099009901,0.009900990099009901,3240,1.0,0.01,0.01,0.01,0.009900990099009901,0.009900990099009901,0.009900990099009901,4824,1.0,0.009999999347273001,0.009999999827324026,0.010000000251457043,0.009900989459144202,0.009900989929736325,0.009900990345512246
11,0.18333333333333332,True,valid,0.37527074066117755,0.26917943843783887,1.0814187105724933,374390.83087039855,82329.84899202063,357573.26888953935,373354.89799374755,72.83361657401974,13256.681374114305,0.016153162046977566,1585.0,2396277.568093768,0.00032749872794667024,3650,42815,0.35453593730926514,144,0.0,3240,1.0,0.01,0.01,0.01,0.009900990099009901,0.009900990099009901,0.009900990099009901,3240,1.0,0.01,0.01,0.01,0.009900990099009901,0.009900990099009901,0.009900990099009901,4824,1.0,0.009999999347273001,0.009999999827324026,0.010000000251457043,0.009900989459144202,0.009900989929736325,0.009900990345512246
12,0.2,True,valid,0.3752649524753605,0.27602216573963706,1.1049679843464193,357449.0300583648,95178.23863554251,324215.64074546716,356512.4623732393,77.72131873025614,18442.940360183784,0.015596938494428503,1585.0,2332035.1927976175,0.00025930912586083265,4063,44373,0.40959468483924866,100,0.0,3240,1.0,0.01,0.01,0.01,0.009900990099009901,0.009900990099009901,0.009900990099009901,3240,1.0,0.01,0.01,0.01,0.009900990099009901,0.009900990099009901,0.009900990099009901,4824,1.0,0.009999999347273001,0.009999999827324026,0.010000000251457043,0.009900989459144202,0.009900989929736325,0.009900990345512246
13,0.21666666666666667,True,valid,0.3626803235706107,0.2742523728526222,1.0895172981949979,349279.7159172721,89577.52458274539,323950.3072616099,348125.49104964844,75.99215248816013,16747.339017962753,0.015715566227934467,1585.0,2411820.9259830513,0.0003517320187049254,3722,43245,0.4619324803352356,83,0.0,3240,1.0,0.01,0.01,0.01,0.009900990099009901,0.009900990099009901,0.009900990099009901,3240,1.0,0.01,0.01,0.01,0.009900990099009901,0.009900990099009901,0.009900990099009901,4824,1.0,0.009999999347273001,0.009999999827324026,0.010000000251457043,0.009900989459144202,0.009900989929736325,0.009900990345512246
14,0.23333333333333334,True,valid,0.36128686562200757,0.26971941560608836,1.1006303387397889,323451.87710741605,82224.20360738768,297650.2310569327,322433.8097995738,63.789285601384364,16287.677931615086,0.015641618460058865,1585.0,2112945.8094563354,0.0002772802173097215,4224,45844,0.5115492343902588,111,0.0,3240,1.0,0.01,0.01,0.01,0.009900990099009901,0.009900990099009901,0.009900990099009901,3240,1.0,0.01,0.01,0.01,0.009900990099009901,0.009900990099009901,0.009900990099009901,4824,1.0,0.009999999347273001,0.009999999827324026,0.010000000251457043,0.009900989459144202,0.009900989929736325,0.009900990345512246
15,0.25,True,valid,0.3403146418499904,0.2713291835915843,1.0783604538021312,307060.1956282963,90675.23291661852,280173.8275677358,306263.94954380713,68.64115702563821,18483.8813525082,0.014818687585932631,1585.0,1754450.004494419,0.0002690960623120614,4024,44956,0.5584428906440735,76,0.0,3240,1.0,0.01,0.01,0.01,0.009900990099009901,0.009900990099009901,0.009900990099009901,3240,1.0,0.01,0.01,0.01,0.009900990099009901,0.009900990099009901,0.009900990099009901,4824,1.0,0.009999999347273001,0.009999999827324026,0.010000000251457043,0.009900989459144202,0.009900989929736325,0.009900990345512246
16,0.26666666666666666,True,valid,0.3472581088988049,0.27458691438805816,1.1102438272896862,337233.34765810467,88947.67812436412,313372.4476128458,335650.2682836223,66.76318772603226,24781.97911936766,0.014768897336093397,1585.0,2381907.5341426465,0.00025858400508473435,3941,45261,0.6026126146316528,92,0.0,3240,1.0,0.01,0.01,0.01,0.009900990099009901,0.009900990099009901,0.009900990099009901,3240,1.0,0.01,0.01,0.01,0.009900990099009901,0.009900990099009901,0.009900990099009901,4824,1.0,0.009999999347273001,0.009999999827324026,0.010000000251457043,0.009900989459144202,0.009900989929736325,0.009900990345512246
17,0.2833333333333333,True,valid,0.3408296147308321,0.2594259736145286,1.1050540988673574,345974.0748496579,81819.55433050694,320886.03113556723,344436.5998407938,60.014686483053154,25939.15821933481,0.014841072879094138,1585.0,2555254.480171117,0.00032100596617844256,4450,47503,0.6440584063529968,109,0.0,3240,1.0,0.01,0.01,0.01,0.009900990099009901,0.009900990099009901,0.009900990099009901,3240,1.0,0.01,0.01,0.01,0.009900990099009901,0.009900990099009901,0.009900990099009901,4824,1.0,0.009999999347273001,0.009999999827324026,0.010000000251457043,0.009900989459144202,0.009900989929736325,0.009900990345512246
18,0.3,True,valid,0.3493561088757237,0.2630983112696499,1.0944454868759306,320124.3097583796,81889.60657810341,293607.1324009922,319015.99857957155,60.17020199180416,24239.878860132332,0.015395917402649908,1585.0,2078246.9599969487,0.0002480409085653077,4449,46669,0.6827802658081055,63,0.0,3240,1.0,0.01,0.01,0.01,0.009900990099009901,0.009900990099009901,0.009900990099009901,3240,1.0,0.01,0.01,0.01,0.009900990099009901,0.009900990099009901,0.009900990099009901,4824,1.0,0.009999999347273001,0.009999999827324026,0.010000000251457043,0.009900989459144202,0.009900989929736325,0.009900990345512246
19,0.31666666666666665,True,valid,0.3522783837483146,0.27240341204675445,1.1022093417357288,288646.9676068123,78790.57245424252,267354.25261570414,287619.0751466457,91.87364269542063,17116.951791608102,0.015268052521084582,1585.0,1573823.043485126,0.00028276272576339116,4216,45833,0.7187781929969788,85,0.0,3240,1.0,0.01,0.01,0.01,0.009900990099009901,0.009900990099009901,0.009900990099009901,3240,1.0,0.01,0.01,0.01,0.009900990099009901,0.009900990099009901,0.009900990099009901,4824,1.0,0.009999999347273001,0.009999999827324026,0.010000000251457043,0.009900989459144202,0.009900989929736325,0.009900990345512246
20,0.3333333333333333,True,valid,0.35542290420858186,0.2687154059400828,1.125032552423239,332670.91689629375,82754.67942614185,308666.953473803,331651.22867686796,71.8741490151486,18969.0539808062,0.01524225084999292,1585.0,1776313.6501650547,0.00032629769883849973,4671,47692,0.7520521879196167,91,0.0,3240,1.0,0.01,0.01,0.01,0.009900990099009901,0.009900990099009901,0.009900990099009901,3240,1.0,0.01,0.01,0.01,0.009900990099009901,0.009900990099009901,0.009900990099009901,4824,1.0,0.009999999347273001,0.009999999827324026,0.010000000251457043,0.009900989459144202,0.009900989929736325,0.009900990345512246
21,0.35,True,valid,0.34482033225503195,0.26456522474700606,1.103004744317069,314413.42895118,77835.77169830201,293758.0531419766,313499.84194691,69.11762122909829,20876.46226670534,0.014840111712506423,1585.0,2231292.614901347,0.00031305777808128326,4654,47976,0.7826022505760193,82,0.0,3240,1.0,0.01,0.01,0.01,0.009900990099009901,0.009900990099009901,0.009900990099009901,3240,1.0,0.01,0.01,0.01,0.009900990099009901,0.009900990099009901,0.009900990099009901,4824,1.0,0.009999999347273001,0.009999999827324026,0.010000000251457043,0.009900989459144202,0.009900989929736325,0.009900990345512246
22,0.36666666666666664,True,valid,0.3781902030698311,0.27747789611026524,1.1388163430101166,388790.9617673199,102567.69132693083,353046.23413464165,387732.45790047484,74.71772256151979,16926.40097797217,0.015721405291400897,1585.0,2343660.9768367494,0.00030412899766662214,4241,46675,0.8104283809661865,65,0.0,3240,1.0,0.01,0.01,0.01,0.009900990099009901,0.009900990099009901,0.009900990099009901,3240,1.0,0.01,0.01,0.01,0.009900990099009901,0.009900990099009901,0.009900990099009901,4824,1.0,0.009999999347273001,0.009999999827324026,0.010000000251457043,0.009900989459144202,0.009900989929736325,0.009900990345512246
23,0.38333333333333336,True,valid,0.37510777038727344,0.2713269049800315,1.1245426788054902,381467.251230784,85951.95676107128,353115.9281571868,380218.40689382923,61.608543080822685,23711.619122082906,0.014576254236817885,1585.0,3166831.0276804804,0.0003121389230438443,4767,49242,0.8355305790901184,80,0.0,3240,1.0,0.01,0.01,0.01,0.009900990099009901,0.009900990099009901,0.009900990099009901,3240,1.0,0.01,0.01,0.01,0.009900990099009901,0.009900990099009901,0.009900990099009901,4824,1.0,0.009999999347273001,0.009999999827324026,0.010000000251457043,0.009900989459144202,0.009900989929736325,0.009900990345512246
24,0.4,True,valid,0.3523880537616428,0.26460576288291343,1.0985686569408635,308391.27595997223,86434.98590093359,279045.0486593043,306749.30894539837,62.64934340617257,21033.3090424828,0.014256737415061324,1585.0,1639116.2659305872,0.00028169607924463517,4628,48700,0.8579088449478149,81,0.0,3240,1.0,0.01,0.01,0.01,0.009900990099009901,0.009900990099009901,0.009900990099009901,3240,1.0,0.01,0.01,0.01,0.009900990099009901,0.009900990099009901,0.009900990099009901,4824,1.0,0.009999999347273001,0.009999999827324026,0.010000000251457043,0.009900989459144202,0.009900989929736325,0.009900990345512246
25,0.4166666666666667,True,valid,0.3417414488189987,0.2684548434404974,1.1191150924058102,317198.51565945515,76251.16293675412,296236.02939334925,316003.197660021,66.04441487216883,16347.088019549034,0.014691500287029228,1585.0,2371636.2858508844,0.00030193678073107375,5417,52734,0.8775631785392761,60,0.0,3240,1.0,0.01,0.01,0.01,0.009900990099009901,0.009900990099009901,0.009900990099009901,3240,1.0,0.01,0.01,0.01,0.009900990099009901,0.009900990099009901,0.009900990099009901,4821,1.0,0.009999999347273001,0.009999999827324026,0.010000000251457043,0.009900989459144202,0.009900989929736325,0.009900990345512246
26,0.43333333333333335,True,valid,0.3694499275446508,0.27250032449326633,1.157589332276467,380628.7020799972,96294.75813909179,347366.430336779,377513.043274258,68.30705992155293,32848.02979031598,0.014897518684627237,1585.0,2470108.6463452345,0.0003371148817076915,5773,55497,0.894493579864502,55,0.0,3240,1.0,0.01,0.01,0.01,0.009900990099009901,0.009900990099009901,0.009900990099009901,3240,1.0,0.01,0.01,0.01,0.009900990099009901,0.009900990099009901,0.009900990099009901,4824,1.0,0.009999999347273001,0.009999999827324026,0.010000000251457043,0.009900989459144202,0.009900989929736325,0.009900990345512246
27,0.45,True,valid,0.3735672720919641,0.29066730464013646,1.1629814939404444,370727.5026933615,101283.73595366973,346452.1234331597,368889.78148043074,70.51859533623532,33629.51715480895,0.01527996141594386,1585.0,2210647.9568029116,0.00034069786612614915,6260,57787,0.9087000489234924,56,0.0,3240,1.0,0.01,0.01,0.01,0.009900990099009901,0.009900990099009901,0.009900990099009901,3240,1.0,0.01,0.01,0.01,0.009900990099009901,0.009900990099009901,0.009900990099009901,4824,1.0,0.009999999347273001,0.009999999827324026,0.010000000251457043,0.009900989459144202,0.009900989929736325,0.009900990345512246
28,0.4666666666666667,True,valid,0.3394596833821251,0.2602443057261987,1.1135551595532647,312322.08272510296,78441.55466619255,293154.8317333789,311345.11372080754,66.52886313416977,20460.90448157387,0.01453672478163572,1585.0,2180776.3914731927,0.00030420455980122917,5010,50213,0.9201825857162476,30,0.0,3240,1.0,0.01,0.01,0.01,0.009900990099009901,0.009900990099009901,0.009900990099009901,3240,1.0,0.01,0.01,0.01,0.009900990099009901,0.009900990099009901,0.009900990099009901,4824,1.0,0.009999999347273001,0.009999999827324026,0.010000000251457043,0.009900989459144202,0.009900989929736325,0.009900990345512246
29,0.48333333333333334,True,valid,0.3710975133695723,0.2740227875397983,1.1323980665958258,364830.51086148294,87570.403533053,340309.8159090001,363858.9248825526,67.41243347729937,18612.622829474614,0.01445445679614331,1585.0,2353132.661215124,0.00031448378948125164,4835,49160,0.9289411902427673,43,0.0,3240,1.0,0.01,0.01,0.01,0.009900990099009901,0.009900990099009901,0.009900990099009901,3240,1.0,0.01,0.01,0.01,0.009900990099009901,0.009900990099009901,0.009900990099009901,4824,1.0,0.009999999347273001,0.009999999827324026,0.010000000251457043,0.009900989459144202,0.009900989929736325,0.009900990345512246
30,0.5,True,valid,0.36312756522442236,0.2727408455619554,1.150684709601534,342928.1013793395,85603.49375740677,324196.72185708256,341380.634682807,64.04608062300075,27265.59253390927,0.014699124479909516,1585.0,1838687.5606203743,0.0003303070602056043,4719,49297,0.9349758625030518,60,0.0,3240,1.0,0.01,0.01,0.01,0.009900990099009901,0.009900990099009901,0.009900990099009901,3240,1.0,0.01,0.01,0.01,0.009900990099009901,0.009900990099009901,0.009900990099009901,4824,1.0,0.009999999347273001,0.009999999827324026,0.010000000251457043,0.009900989459144202,0.009900989929736325,0.009900990345512246
31,0.5166666666666667,True,valid,0.36178038926222594,0.27280103148258067,1.1076816347975493,335283.78403048357,82089.68658369691,312464.0233728302,334380.5700475278,63.66390734334993,22158.052573442128,0.014582449381182928,1585.0,2011436.1257073968,0.0003283791218498155,5379,52420,0.9382866024971008,60,0.0,3240,1.0,0.01,0.01,0.01,0.009900990099009901,0.009900990099009901,0.009900990099009901,3240,1.0,0.01,0.01,0.01,0.009900990099009901,0.009900990099009901,0.009900990099009901,4821,1.0,0.009999999347273001,0.009999999827324026,0.010000000251457043,0.009900989459144202,0.009900989929736325,0.009900990345512246
32,0.5333333333333333,True,valid,0.33933997669102345,0.27187174400062797,1.143217559273391,318420.1868852332,83550.91261372741,300688.04605264793,317302.3345344074,64.1558941774567,25926.793255592864,0.015185383999614785,1585.0,2239867.606969755,0.0002854121226343507,4961,50871,0.9388734102249146,53,0.0,3240,1.0,0.01,0.01,0.01,0.009900990099009901,0.009900990099009901,0.009900990099009901,3240,1.0,0.01,0.01,0.01,0.009900990099009901,0.009900990099009901,0.009900990099009901,4821,1.0,0.009999999347273001,0.009999999827324026,0.010000000251457043,0.009900989459144202,0.009900989929736325,0.009900990345512246
33,0.55,True,valid,0.342784706704846,0.26921913892744176,1.1152988719974284,315708.4897524009,85985.89758715774,285900.2313674696,314038.16076124646,57.3781238498403,22945.919292050643,0.014593112763366847,1585.0,2000716.5162575357,0.0002518934036864958,4641,48518,0.9367362856864929,47,0.0,3240,1.0,0.01,0.01,0.01,0.009900990099009901,0.009900990099009901,0.009900990099009901,3240,1.0,0.01,0.01,0.01,0.009900990099009901,0.009900990099009901,0.009900990099009901,4824,1.0,0.009999999347273001,0.009999999827324026,0.010000000251457043,0.009900989459144202,0.009900989929736325,0.009900990345512246
34,0.5666666666666667,True,valid,0.35363376872541796,0.2693823541275576,1.1169854406146047,320245.058900349,95409.44462304904,289703.0798924623,319033.2413371094,65.1055702191333,26812.55361334238,0.01506269458041606,1585.0,1933012.3037028946,0.0003144545285392163,4558,48421,0.9318752288818359,97,0.0,3240,1.0,0.01,0.01,0.01,0.009900990099009901,0.009900990099009901,0.009900990099009901,3240,1.0,0.01,0.01,0.01,0.009900990099009901,0.009900990099009901,0.009900990099009901,4824,1.0,0.009999999347273001,0.009999999827324026,0.010000000251457043,0.009900989459144202,0.009900989929736325,0.009900990345512246
35,0.5833333333333334,True,valid,0.3801973841399542,0.2701146852273122,1.0998199234087818,351066.4813326375,88064.92348859839,326295.9946627002,349602.3915823901,66.12679240004121,30484.16483882993,0.014683285899419867,1585.0,2201987.0643952717,0.00033541222873758773,4455,47394,0.9242902398109436,87,0.0,3240,1.0,0.01,0.01,0.01,0.009900990099009901,0.009900990099009901,0.009900990099009901,3240,1.0,0.01,0.01,0.01,0.009900990099009901,0.009900990099009901,0.009900990099009901,4824,1.0,0.009999999347273001,0.009999999827324026,0.010000000251457043,0.009900989459144202,0.009900989929736325,0.009900990345512246
36,0.6,True,valid,0.3555451261394848,0.28009577840552696,1.150607456006982,320711.0039748285,93475.31849946892,294615.69488091907,319447.773090487,66.98644683484468,19781.14523996398,0.014272517822469114,1585.0,1778565.0446120102,0.00028280496060906104,5248,51035,0.9139813184738159,108,0.0,3240,1.0,0.01,0.01,0.01,0.009900990099009901,0.009900990099009901,0.009900990099009901,3240,1.0,0.01,0.01,0.01,0.009900990099009901,0.009900990099009901,0.009900990099009901,4824,1.0,0.009999999347273001,0.009999999827324026,0.010000000251457043,0.009900989459144202,0.009900989929736325,0.009900990345512246
37,0.6166666666666667,True,valid,0.35234897395558495,0.2722058114923794,1.1406890486279457,359611.23067822494,87500.2353387203,335540.10840052756,358102.70156326727,62.841693763307006,21116.01595438738,0.014698494724257063,1585.0,2738204.651855863,0.00033724185584121735,4334,47126,0.9009484648704529,96,0.0,3240,1.0,0.01,0.01,0.01,0.009900990099009901,0.009900990099009901,0.009900990099009901,3240,1.0,0.01,0.01,0.01,0.009900990099009901,0.009900990099009901,0.009900990099009901,4824,1.0,0.009999999347273001,0.009999999827324026,0.010000000251457043,0.009900989459144202,0.009900989929736325,0.009900990345512246
38,0.6333333333333333,True,valid,0.33186615763931676,0.2766921927242178,1.1274039573508372,314997.74438060645,97181.28377776084,284077.98413657176,312813.46274979936,88.85103753963959,33800.2895114662,0.014352614800103263,1585.0,1662387.2934842212,0.00028282863794961284,4561,47943,0.8851916790008545,90,0.0,3240,1.0,0.01,0.01,0.01,0.009900990099009901,0.009900990099009901,0.009900990099009901,3240,1.0,0.01,0.01,0.01,0.009900990099009901,0.009900990099009901,0.009900990099009901,4824,1.0,0.009999999347273001,0.009999999827324026,0.010000000251457043,0.009900989459144202,0.009900989929736325,0.009900990345512246
39,0.65,True,valid,0.3352361983898624,0.2639901353847741,1.1842739335820525,328367.22433327313,89751.76522508523,299410.35194011277,327050.1803295394,66.22725116284364,21258.22070782787,0.014087340958937199,1585.0,1854992.4716723,0.000283285044207387,4721,48988,0.8756950497627258,72,0.0,3240,1.0,0.01,0.01,0.01,0.009900990099009901,0.009900990099009901,0.009900990099009901,3240,1.0,0.01,0.01,0.01,0.009900990099009901,0.009900990099009901,0.009900990099009901,4824,1.0,0.009999999347273001,0.009999999827324026,0.010000000251457043,0.009900989459144202,0.009900989929736325,0.009900990345512246
40,0.6666666666666666,True,valid,0.3363828464314638,0.27042621666159977,1.1660303270329317,307059.35253859125,82406.29289897626,280011.25730393437,306013.5033967052,63.723763713728715,23043.759696180878,0.014064433321052668,1585.0,1789919.8009453474,0.0002964695429318685,5192,51592,0.9056475758552551,58,0.0,3240,1.0,0.01,0.01,0.01,0.009900990099009901,0.009900990099009901,0.009900990099009901,3240,1.0,0.01,0.01,0.01,0.009900990099009901,0.009900990099009901,0.009900990099009901,4824,1.0,0.009999999347273001,0.009999999827324026,0.010000000251457043,0.009900989459144202,0.009900989929736325,0.009900990345512246
41,0.6833333333333333,True,valid,0.33284341955524727,0.2670290808370529,1.1334248855890343,318653.8634684795,83752.20998174217,298126.32943952177,317695.3132392641,66.34052672070183,14507.308537790572,0.014292876114207124,1585.0,1775021.8534712112,0.0002940117185789255,5384,52030,0.9356001019477844,32,0.0,3240,1.0,0.01,0.01,0.01,0.009900990099009901,0.009900990099009901,0.009900990099009901,3240,1.0,0.01,0.01,0.01,0.009900990099009901,0.009900990099009901,0.009900990099009901,4824,1.0,0.009999999347273001,0.009999999827324026,0.010000000251457043,0.009900989459144202,0.009900989929736325,0.009900990345512246
42,0.7,True,valid,0.35278134332174294,0.26351255870312,1.1291302847814022,348451.95837388205,94468.30247247353,315374.5038215393,347370.66228486545,61.797216228794746,17521.733371518596,0.01431482170601629,1585.0,2035945.8158364033,0.0002989921388904436,5783,54470,0.9655526280403137,19,0.0,3240,1.0,0.01,0.01,0.01,0.009900990099009901,0.009900990099009901,0.009900990099009901,3240,1.0,0.01,0.01,0.01,0.009900990099009901,0.009900990099009901,0.009900990099009901,4824,1.0,0.009999999347273001,0.009999999827324026,0.010000000251457043,0.009900989459144202,0.009900989929736325,0.009900990345512246
43,0.7166666666666667,True,valid,0.3381705029236154,0.2687538261508947,1.1481304400281946,328011.5129738653,89340.3148104457,301300.7853763718,326389.9371811166,65.09975005764943,19677.416587314445,0.014903207663909502,1585.0,1818019.8840845323,0.0003200747350753065,4874,50480,0.995505154132843,10,0.0,3240,1.0,0.01,0.01,0.01,0.009900990099009901,0.009900990099009901,0.009900990099009901,3240,1.0,0.01,0.01,0.01,0.009900990099009901,0.009900990099009901,0.009900990099009901,4824,1.0,0.009999999347273001,0.009999999827324026,0.010000000251457043,0.009900989459144202,0.009900989929736325,0.009900990345512246
44,0.7333333333333333,True,valid,0.35840691011136444,0.2646703639247374,1.1654070150348692,368002.27868348715,86490.98877915023,346522.52442870196,367401.8570456845,69.32503039606792,26260.896884133323,0.014747434263075529,1585.0,2598484.4074698878,0.00027462998628638674,4864,49919,1.0254586935043335,10,0.0,3240,1.0,0.01,0.01,0.01,0.009900990099009901,0.009900990099009901,0.009900990099009901,3240,1.0,0.01,0.01,0.01,0.009900990099009901,0.009900990099009901,0.009900990099009901,4824,1.0,0.009999999347273001,0.009999999827324026,0.010000000251457043,0.009900989459144202,0.009900989929736325,0.009900990345512246
45,0.75,True,valid,0.34164116000969186,0.2754801252653888,1.1558055461010817,323361.09290842974,100714.97986150085,296447.3016368937,322410.70278321166,63.34803163962613,20017.83875564071,0.014252925207728,1585.0,2045694.8125695286,0.00029040951638871997,4900,49773,1.0554124116897583,9,0.0,3240,1.0,0.01,0.01,0.01,0.009900990099009901,0.009900990099009901,0.009900990099009901,3240,1.0,0.01,0.01,0.01,0.009900990099009901,0.009900990099009901,0.009900990099009901,4824,1.0,0.009999999347273001,0.009999999827324026,0.010000000251457043,0.009900989459144202,0.009900989929736325,0.009900990345512246
46,0.7666666666666667,True,valid,0.33768689961990256,0.2513069913955254,1.1386371901377283,321881.8129514714,81266.66424141242,293936.8712744094,320925.2429923168,56.82266823152892,16689.35394893419,0.014222902173213026,1585.0,1858987.2144736745,0.00035957033551146114,4764,48697,1.085366129875183,31,0.0,3240,1.0,0.01,0.01,0.01,0.009900990099009901,0.009900990099009901,0.009900990099009901,3240,1.0,0.01,0.01,0.01,0.009900990099009901,0.009900990099009901,0.009900990099009901,4824,1.0,0.009999999347273001,0.009999999827324026,0.010000000251457043,0.009900989459144202,0.009900989929736325,0.009900990345512246
47,0.7833333333333333,True,valid,0.3244085649245104,0.25031474377535784,1.1367354603647915,311405.1128708092,75404.11962666994,292893.7257112124,310365.6846716261,66.71922372172347,17535.432877485946,0.014123096187160518,1585.0,1616870.706680801,0.0003192726015854547,5142,50884,1.115319848060608,40,0.0,3240,1.0,0.01,0.01,0.01,0.009900990099009901,0.009900990099009901,0.009900990099009901,3240,1.0,0.01,0.01,0.01,0.009900990099009901,0.009900990099009901,0.009900990099009901,4824,1.0,0.009999999347273001,0.009999999827324026,0.010000000251457043,0.009900989459144202,0.009900989929736325,0.009900990345512246
48,0.8,True,valid,0.3392814912608882,0.25662375786698594,1.190817524345613,335066.6922091677,85783.37966024847,308338.1074035889,334077.252393548,54.7167851032669,25706.061237348305,0.01382830590417838,1585.0,1871131.5536562584,0.00029510756130060936,5138,51316,1.1452735662460327,41,0.0,3240,1.0,0.01,0.01,0.01,0.009900990099009901,0.009900990099009901,0.009900990099009901,3240,1.0,0.01,0.01,0.01,0.009900990099009901,0.009900990099009901,0.009900990099009901,4824,1.0,0.009999999347273001,0.009999999827324026,0.010000000251457043,0.009900989459144202,0.009900989929736325,0.009900990345512246
49,0.8166666666666667,True,valid,0.32194353556275274,0.2591925070130751,1.1231400549192785,304350.69030505203,80507.45638578497,278540.94818096433,302836.64788817515,66.65703460982475,22073.259640681194,0.014396879786180953,1585.0,1692249.0209538133,0.00029551635468138903,5408,52441,1.1752272844314575,36,0.0,3240,1.0,0.01,0.01,0.01,0.009900990099009901,0.009900990099009901,0.009900990099009901,3240,1.0,0.01,0.01,0.01,0.009900990099009901,0.009900990099009901,0.009900990099009901,4824,1.0,0.009999999347273001,0.009999999827324026,0.010000000251457043,0.009900989459144202,0.009900989929736325,0.009900990345512246
50,0.8333333333333334,True,valid,0.322988108605072,0.247798456820036,1.126064850051868,305161.7541322046,82175.36326298065,284598.3247549532,303930.2402675175,59.683016949079175,20160.666842268896,0.014139021950007555,1585.0,2203611.1632959372,0.0003016395508791147,4492,47256,1.2051810026168823,53,0.0,3240,1.0,0.01,0.01,0.01,0.009900990099009901,0.009900990099009901,0.009900990099009901,3240,1.0,0.01,0.01,0.01,0.009900990099009901,0.009900990099009901,0.009900990099009901,4824,1.0,0.009999999347273001,0.009999999827324026,0.010000000251457043,0.009900989459144202,0.009900989929736325,0.009900990345512246
51,0.85,True,valid,0.3427920169897658,0.2640958649321619,1.1582563101935934,330587.94049621717,79866.09171928205,311617.2674295429,329214.029394406,69.31357698628206,18829.003936451107,0.01520357604746013,1585.0,2068415.778678376,0.0003207497617928205,4825,49496,1.2351347208023071,45,0.0,3240,1.0,0.01,0.01,0.01,0.009900990099009901,0.009900990099009901,0.009900990099009901,3240,1.0,0.01,0.01,0.01,0.009900990099009901,0.009900990099009901,0.009900990099009901,4824,1.0,0.009999999347273001,0.009999999827324026,0.010000000251457043,0.009900989459144202,0.009900989929736325,0.009900990345512246
52,0.8666666666666667,True,valid,0.34435721284605525,0.2593171521105922,1.1328441812771632,317546.2610665155,81984.80689928393,290037.1301287154,315994.82827506115,56.65430193872623,20185.714774324653,0.014884017198722217,1585.0,2212266.717633265,0.00029116659210414266,5916,55210,1.265088438987732,34,0.0,3240,1.0,0.01,0.01,0.01,0.009900990099009901,0.009900990099009901,0.009900990099009901,3240,1.0,0.01,0.01,0.01,0.009900990099009901,0.009900990099009901,0.009900990099009901,4824,1.0,0.009999999347273001,0.009999999827324026,0.010000000251457043,0.009900989459144202,0.009900989929736325,0.009900990345512246
53,0.8833333333333333,True,valid,0.3481524601538765,0.26544423931630784,1.179395442651582,376017.31715496746,95725.18776911832,333830.24153087154,374286.53350670374,70.05875320100728,24566.315843705088,0.01432820077068417,1585.0,2733358.5453648902,0.0002898186865266433,5679,54477,1.2950421571731567,33,0.0,3240,1.0,0.01,0.01,0.01,0.009900990099009901,0.009900990099009901,0.009900990099009901,3240,1.0,0.01,0.01,0.01,0.009900990099009901,0.009900990099009901,0.009900990099009901,4824,1.0,0.009999999347273001,0.009999999827324026,0.010000000251457043,0.009900989459144202,0.009900989929736325,0.009900990345512246
54,0.9,True,valid,0.32162486565375736,0.25396021885494835,1.1484187141675757,305789.7355267351,76129.6075921899,282994.8173004879,304389.72925003,61.974444729752484,22801.389133520333,0.01405176305279662,1585.0,2467169.554580826,0.00028690801941698885,5290,52008,1.3249958753585815,27,0.0,3240,1.0,0.01,0.01,0.01,0.009900990099009901,0.009900990099009901,0.009900990099009901,3240,1.0,0.01,0.01,0.01,0.009900990099009901,0.009900990099009901,0.009900990099009901,4824,1.0,0.009999999347273001,0.009999999827324026,0.010000000251457043,0.009900989459144202,0.009900989929736325,0.009900990345512246
55,0.9166666666666666,True,valid,0.33076667278996796,0.25964391991173036,1.1351324928014426,305306.8822369076,75711.05806437915,288128.03296135616,304414.9290551575,63.29623633139101,19752.64000776891,0.01441182425192227,1585.0,1339755.7006700383,0.00033693655550763444,5575,53059,1.3549495935440063,23,0.0,3240,1.0,0.01,0.01,0.01,0.009900990099009901,0.009900990099009901,0.009900990099009901,3240,1.0,0.01,0.01,0.01,0.009900990099009901,0.009900990099009901,0.009900990099009901,4824,1.0,0.009999999347273001,0.009999999827324026,0.010000000251457043,0.009900989459144202,0.009900989929736325,0.009900990345512246
56,0.9333333333333333,True,valid,0.3573709045982957,0.2637065660026321,1.1586160064570097,346916.96735854243,83683.54495887875,320958.7088813613,345493.3422472341,60.59347961600279,20519.760607293272,0.013978543668112015,1585.0,2074311.7080717972,0.0002744309617334738,5453,52608,1.3849033117294312,5,0.0,3240,1.0,0.01,0.01,0.01,0.009900990099009901,0.009900990099009901,0.009900990099009901,3240,1.0,0.01,0.01,0.01,0.009900990099009901,0.009900990099009901,0.009900990099009901,4824,1.0,0.009999999347273001,0.009999999827324026,0.010000000251457043,0.009900989459144202,0.009900989929736325,0.009900990345512246
57,0.95,True,valid,0.3308141779625772,0.25710169982618764,1.1527141159972205,303256.7683436481,82290.11443173682,276690.3434818453,302384.7061196125,51.25333606998528,19930.385887094173,0.014209625856458791,1585.0,1965126.5165811877,0.0003097876083304326,5593,52752,1.414857029914856,8,0.0,3240,1.0,0.01,0.01,0.01,0.009900990099009901,0.009900990099009901,0.009900990099009901,3240,1.0,0.01,0.01,0.01,0.009900990099009901,0.009900990099009901,0.009900990099009901,4824,1.0,0.009999999347273001,0.009999999827324026,0.010000000251457043,0.009900989459144202,0.009900989929736325,0.009900990345512246
58,0.9666666666666667,True,valid,0.3237017709651854,0.26135512812743006,1.13973306580506,300862.93493233406,84269.30450819526,274021.51699169603,299395.90912808344,55.45920895863034,25799.71630127829,0.014269435232706715,1585.0,2156714.9794700854,0.0003213408139874525,5701,54174,1.4949755668640137,0,0.0,3240,1.0,0.01,0.01,0.01,0.009900990099009901,0.009900990099009901,0.009900990099009901,3240,1.0,0.01,0.01,0.01,0.009900990099009901,0.009900990099009901,0.009900990099009901,4824,1.0,0.009999999347273001,0.009999999827324026,0.010000000251457043,0.009900989459144202,0.009900989929736325,0.009900990345512246
59,0.9833333333333333,True,valid,0.34116689189480326,0.26571277431992246,1.182166381149394,355248.325381714,98264.32051418969,318561.5727358846,352734.09766083746,58.0803308555417,34761.880950876824,0.0135121207216522,1585.0,3394612.13430952,0.0003025533608925516,5465,52619,1.5999120473861694,6,0.0,3240,1.0,0.01,0.01,0.01,0.009900990099009901,0.009900990099009901,0.009900990099009901,3240,1.0,0.01,0.01,0.01,0.009900990099009901,0.009900990099009901,0.009900990099009901,4824,1.0,0.009999999347273001,0.009999999827324026,0.010000000251457043,0.009900989459144202,0.009900989929736325,0.009900990345512246
60,1.0,True,valid,0.3246440071190951,0.2682354423583902,1.1359432356001473,294805.3433637841,80194.24593861084,270923.0408546634,293853.4837921317,57.481363950752765,20334.705790472897,0.013393828024462371,1585.0,1675182.67122088,0.0002819787239905625,4764,48806,1.7049906253814697,0,0.0,3240,1.0,0.01,0.01,0.01,0.009900990099009901,0.009900990099009901,0.009900990099009901,3240,1.0,0.01,0.01,0.01,0.009900990099009901,0.009900990099009901,0.009900990099009901,4824,1.0,0.009999999347273001,0.009999999827324026,0.010000000251457043,0.009900989459144202,0.009900989929736325,0.009900990345512246
61,1.0166666666666666,True,valid,0.32101814268328754,0.25696488914007054,1.1395957167027166,312189.4617984402,88071.60101243075,287326.1607966441,310790.72105829587,53.070510399547466,25887.803888195387,0.013974083629763316,1585.0,1885307.9083226444,0.00028847834766749424,5063,50587,1.807737112045288,0,3.448803909122944e-09,3240,1.0,0.01,0.01,0.01,0.009900990099009901,0.009900990099009901,0.009900990099009901,3240,1.0,0.01,0.01,0.01,0.009900990099009901,0.009900990099009901,0.009900990099009901,4824,1.0,0.009999999347273001,0.009999999827324026,0.010000000251457043,0.009900989459144202,0.009900989929736325,0.009900990345512246
62,1.0333333333333334,True,valid,0.31482625079610665,0.2495883884694543,1.1057680574345716,269861.04257521295,74824.26294668338,247436.87394534465,268939.68547029747,56.029759488541366,16304.151455414767,0.014031341366963754,1585.0,1980629.532424966,0.0002512774493300733,5082,49751,1.9126049280166626,0,1.7462298274040222e-09,3240,1.0,0.01,0.01,0.01,0.009900990099009901,0.009900990099009901,0.009900990099009901,3240,1.0,0.01,0.01,0.01,0.009900990099009901,0.009900990099009901,0.009900990099009901,4824,1.0,0.009999999347273001,0.009999999827324026,0.010000000251457043,0.009900989459144202,0.009900989929736325,0.009900990345512246
63,1.05,True,valid,0.3261503347972197,0.25683630336658436,1.1427437459080945,329464.02888835245,87927.31592215765,305784.02675479936,327957.1441974257,61.7914353546,24213.09717444451,0.014103616202606122,1585.0,2305062.077240629,0.00031584492816404754,4684,47831,2.0248119831085205,0,3.026798367500305e-09,3240,1.0,0.01,0.01,0.01,0.009900990099009901,0.009900990099009901,0.009900990099009901,3240,1.0,0.01,0.01,0.01,0.009900990099009901,0.009900990099009901,0.009900990099009901,4824,1.0,0.009999999347273001,0.009999999827324026,0.010000000251457043,0.009900989459144202,0.009900989929736325,0.009900990345512246
64,1.0666666666666667,True,valid,0.3255383904419807,0.2580375979561407,1.121234660704192,314968.79543022113,76327.85611343276,296601.28906295914,314101.740384024,59.495353345932514,19384.667240578416,0.013885694564453488,1585.0,2065865.1561016683,0.0003057889894427057,4260,45583,2.143326997756958,0,2.3283064365386963e-09,3240,1.0,0.01,0.01,0.01,0.009900990099009901,0.009900990099009901,0.009900990099009901,3240,1.0,0.01,0.01,0.01,0.009900990099009901,0.009900990099009901,0.009900990099009901,4824,1.0,0.009999999347273001,0.009999999827324026,0.010000000251457043,0.009900989459144202,0.009900989929736325,0.009900990345512246
65,1.0833333333333333,True,valid,0.3417681421002176,0.26309715478847095,1.1727264988210946,348356.7619995033,86284.93731435174,323922.7066571352,347036.21074102976,58.53253128944665,22227.735085184624,0.013471633577932633,1585.0,1806094.8128131165,0.0003248193866222267,5054,49745,2.2628748416900635,0,2.7939677238464355e-09,3240,1.0,0.01,0.01,0.01,0.009900990099009901,0.009900990099009901,0.009900990099009901,3240,1.0,0.01,0.01,0.01,0.009900990099009901,0.009900990099009901,0.009900990099009901,4824,1.0,0.009999999347273001,0.009999999827324026,0.010000000251457043,0.009900989459144202,0.009900989929736325,0.009900990345512246
66,1.1,True,valid,0.31935538404719543,0.24938837866852742,1.1281425947289456,299631.8429343466,90944.78821768286,273544.5789191128,298430.04667708825,56.88853573572638,24528.596006648782,0.014167983738327165,1585.0,2406174.0101466025,0.0003012161145594611,4799,48868,2.3809313774108887,0,3.259629011154175e-09,3240,1.0,0.01,0.01,0.01,0.009900990099009901,0.009900990099009901,0.009900990099009901,3240,1.0,0.01,0.01,0.01,0.009900990099009901,0.009900990099009901,0.009900990099009901,4824,1.0,0.009999999347273001,0.009999999827324026,0.010000000251457043,0.009900989459144202,0.009900989929736325,0.009900990345512246
67,1.1166666666666667,True,valid,0.32502690464815176,0.256066498945894,1.1189167422001725,277312.5894043689,78114.30596158649,257070.30909176552,276539.67423465423,57.93555535518027,20629.022901405388,0.014142804945712064,1585.0,2012867.7018842732,0.0003141912723799547,4751,49164,2.500427722930908,0,2.7939677238464355e-09,3240,1.0,0.01,0.01,0.01,0.009900990099009901,0.009900990099009901,0.009900990099009901,3240,1.0,0.01,0.01,0.01,0.009900990099009901,0.009900990099009901,0.009900990099009901,4824,1.0,0.009999999347273001,0.009999999827324026,0.010000000251457043,0.009900989459144202,0.009900989929736325,0.009900990345512246
68,1.1333333333333333,True,valid,0.33339527957858056,0.255403126100835,1.1490057834024494,339311.5658813583,79472.57869162981,315784.2266102817,337665.55877643614,65.89209584510526,25828.17784210348,0.015153812665085677,1585.0,3137080.2441516817,0.00035090269375061956,4898,49641,2.6257665157318115,0,3.725290298461914e-09,3240,1.0,0.01,0.01,0.01,0.009900990099009901,0.009900990099009901,0.009900990099009901,3240,1.0,0.01,0.01,0.01,0.009900990099009901,0.009900990099009901,0.009900990099009901,4824,1.0,0.009999999347273001,0.009999999827324026,0.010000000251457043,0.009900989459144202,0.009900989929736325,0.009900990345512246
69,1.15,True,valid,0.3291871594952984,0.26790952737150137,1.1518311939600625,305591.87574143225,84059.80048006306,279274.00116073416,304573.6220890675,59.6013190848209,21520.399648667917,0.014011024996915903,1585.0,1891399.903222159,0.00027118605953893767,4993,50556,2.7575135231018066,0,2.7939677238464355e-09,3240,1.0,0.01,0.01,0.01,0.009900990099009901,0.009900990099009901,0.009900990099009901,3240,1.0,0.01,0.01,0.01,0.009900990099009901,0.009900990099009901,0.009900990099009901,4824,1.0,0.009999999347273001,0.009999999827324026,0.010000000251457043,0.009900989459144202,0.009900989929736325,0.009900990345512246
70,1.1666666666666667,True,valid,0.3218750771962816,0.25273268385129566,1.1311255792387702,314018.28815157636,80174.00595095883,294805.93965593155,312831.189430924,70.16552154755027,22111.59841467577,0.014591405992201737,1585.0,1824794.2305386567,0.00032040231559263467,4743,48288,2.891818046569824,0,6.51925802230835e-09,3240,1.0,0.01,0.01,0.01,0.009900990099009901,0.009900990099009901,0.009900990099009901,3240,1.0,0.01,0.01,0.01,0.009900990099009901,0.009900990099009901,0.009900990099009901,4824,1.0,0.009999999347273001,0.009999999827324026,0.010000000251457043,0.009900989459144202,0.009900989929736325,0.009900990345512246
71,1.1833333333333333,True,valid,0.33553799329580086,0.2697982197720867,1.1595526293263023,317740.8911866351,87200.66609389694,289967.80849286466,316421.45725272084,62.952264445095295,23107.652310312347,0.014045777948102753,1585.0,2117240.541529763,0.00027430383185810144,4650,49148,3.0249781608581543,0,5.587935447692871e-09,3240,1.0,0.01,0.01,0.01,0.009900990099009901,0.009900990099009901,0.009900990099009901,3240,1.0,0.01,0.01,0.01,0.009900990099009901,0.009900990099009901,0.009900990099009901,4824,1.0,0.009999999347273001,0.009999999827324026,0.010000000251457043,0.009900989459144202,0.009900989929736325,0.009900990345512246
72,1.2,True,valid,0.32928024919223703,0.25208966396352084,1.1411361629814432,314571.9660534733,90926.74991568748,284552.1185660332,312727.44442614465,62.50502450047183,31229.19139441303,0.013977911704183185,1585.0,1848040.094435787,0.00029095605400519673,4552,48032,3.1578662395477295,0,5.587935447692871e-09,3240,1.0,0.01,0.01,0.01,0.009900990099009901,0.009900990099009901,0.009900990099009901,3240,1.0,0.01,0.01,0.01,0.009900990099009901,0.009900990099009901,0.009900990099009901,4824,1.0,0.009999999347273001,0.009999999827324026,0.010000000251457043,0.009900989459144202,0.009900989929736325,0.009900990345512246
73,1.2166666666666666,True,valid,0.33725244546587035,0.2635513835010363,1.09504166833313,305726.2330829811,91422.90002812336,280076.4209607839,304461.3030218354,78.36441711487262,23265.939896205982,0.01397782324057326,1585.0,2416199.5797672197,0.0003162489934900837,4687,48259,3.2950007915496826,0,1.862645149230957e-09,3240,1.0,0.01,0.01,0.01,0.009900990099009901,0.009900990099009901,0.009900990099009901,3240,1.0,0.01,0.01,0.01,0.009900990099009901,0.009900990099009901,0.009900990099009901,4824,1.0,0.009999999347273001,0.009999999827324026,0.010000000251457043,0.009900989459144202,0.009900989929736325,0.009900990345512246
74,1.2333333333333334,True,valid,0.327988785896348,0.2575646698337736,1.1235657230862859,323925.7594872873,84607.07229780049,298251.20405055245,322059.4594328236,61.80840899918507,23785.440407502792,0.014837277913033962,1585.0,2171924.926088271,0.00033848581622726354,4858,49541,3.4392178058624268,0,3.725290298461914e-09,3240,1.0,0.01,0.01,0.01,0.009900990099009901,0.009900990099009901,0.009900990099009901,3240,1.0,0.01,0.01,0.01,0.009900990099009901,0.009900990099009901,0.009900990099009901,4824,1.0,0.009999999347273001,0.009999999827324026,0.010000000251457043,0.009900989459144202,0.009900989929736325,0.009900990345512246
75,1.25,True,valid,0.3375506604298318,0.25150973104409496,1.150515732188096,350203.86419125734,83048.32615076339,324601.46167127107,349429.6747593395,56.66671365828069,20188.509801611282,0.014221741882858444,1585.0,2202186.913032702,0.0002984466577422339,4463,47548,3.588468074798584,0,5.587935447692871e-09,3240,1.0,0.01,0.01,0.01,0.009900990099009901,0.009900990099009901,0.009900990099009901,3240,1.0,0.01,0.01,0.01,0.009900990099009901,0.009900990099009901,0.009900990099009901,4824,1.0,0.009999999347273001,0.009999999827324026,0.010000000251457043,0.009900989459144202,0.009900989929736325,0.009900990345512246
76,1.2666666666666666,True,valid,0.30522923290892046,0.24819476439958188,1.1129975775349739,259069.17818327338,73820.54807297447,238785.93662129875,258070.9867439865,63.154777506306395,19864.804644633397,0.014614016739269143,1585.0,1455376.2319898144,0.0002793582453933848,4398,46753,3.738607883453369,0,3.725290298461914e-09,3240,1.0,0.01,0.01,0.01,0.009900990099009901,0.009900990099009901,0.009900990099009901,3240,1.0,0.01,0.01,0.01,0.009900990099009901,0.009900990099009901,0.009900990099009901,4824,1.0,0.009999999347273001,0.009999999827324026,0.010000000251457043,0.009900989459144202,0.009900989929736325,0.009900990345512246
77,1.2833333333333334,True,valid,0.3205493208444051,0.24998386736566092,1.1222310962694502,282254.1509524107,77708.66345361466,262911.00985165,280431.3540072349,68.06384286789577,23308.477351021516,0.014535715193450831,1585.0,1513866.2620813928,0.0003069784131841642,4724,47881,3.8880326747894287,0,7.450580596923828e-09,3240,1.0,0.01,0.01,0.01,0.009900990099009901,0.009900990099009901,0.009900990099009901,3240,1.0,0.01,0.01,0.01,0.009900990099009901,0.009900990099009901,0.009900990099009901,4824,1.0,0.009999999347273001,0.009999999827324026,0.010000000251457043,0.009900989459144202,0.009900989929736325,0.009900990345512246
78,1.3,True,valid,0.3247135004972377,0.2504113862067826,1.1183100926547513,276975.969216197,76064.8170490595,254930.1537750753,275868.1569359349,60.676978488463135,16998.11829040317,0.015101057655938806,1585.0,1314239.5536870062,0.00030871947927781004,5399,51786,4.038424968719482,0,3.725290298461914e-09,3240,1.0,0.01,0.01,0.01,0.009900990099009901,0.009900990099009901,0.009900990099009901,3240,1.0,0.01,0.01,0.01,0.009900990099009901,0.009900990099009901,0.009900990099009901,4824,1.0,0.009999999347273001,0.009999999827324026,0.010000000251457043,0.009900989459144202,0.009900989929736325,0.009900990345512246
79,1.3166666666666667,True,valid,0.3498396022714292,0.25468214065140926,1.153853645032708,358841.05869058403,81499.56731236906,332393.96684594324,357715.1493728508,61.99880973634815,14895.983000708136,0.014656068232026736,1585.0,2493931.548511992,0.00030702785567258327,4697,48660,4.192159175872803,0,7.450580596923828e-09,3240,1.0,0.01,0.01,0.01,0.009900990099009901,0.009900990099009901,0.009900990099009901,3240,1.0,0.01,0.01,0.01,0.009900990099009901,0.009900990099009901,0.009900990099009901,4824,1.0,0.009999999347273001,0.009999999827324026,0.010000000251457043,0.009900989459144202,0.009900989929736325,0.009900990345512246
80,1.3333333333333333,True,valid,0.33274099224284226,0.2608682263293657,1.1336808092944135,307610.1579533629,82733.05694010403,280493.49439709756,306538.5594625992,61.88967175922296,20064.6885484647,0.014461347187937377,1585.0,2205453.510666004,0.0002889323267129435,5275,51310,4.350303649902344,0,7.450580596923828e-09,3240,1.0,0.01,0.01,0.01,0.009900990099009901,0.009900990099009901,0.009900990099009901,3240,1.0,0.01,0.01,0.01,0.009900990099009901,0.009900990099009901,0.009900990099009901,4824,1.0,0.009999999347273001,0.009999999827324026,0.010000000251457043,0.009900989459144202,0.009900989929736325,0.009900990345512246
81,1.35,True,valid,0.3346033914713045,0.2604060573395136,1.1247671250335578,306507.4481156997,91466.891435245,281165.63850379287,305447.8462664562,60.05925786843883,21362.345350230873,0.014528378121242093,1585.0,1920415.7616689813,0.0002850776090189777,5177,51022,4.512582302093506,0,3.725290298461914e-09,3240,1.0,0.01,0.01,0.01,0.009900990099009901,0.009900990099009901,0.009900990099009901,3240,1.0,0.01,0.01,0.01,0.009900990099009901,0.009900990099009901,0.009900990099009901,4824,1.0,0.009999999347273001,0.009999999827324026,0.010000000251457043,0.009900989459144202,0.009900989929736325,0.009900990345512246
82,1.3666666666666667,True,valid,0.33028020418852533,0.2576295875407563,1.1190685775335298,301144.82827904203,74082.27485956847,281922.88609012484,300010.7254411935,59.19310060302303,20862.452692360657,0.01388415298786168,1585.0,2007175.5716122703,0.00026464201597968745,4748,49285,4.678115367889404,0,3.725290298461914e-09,3240,1.0,0.01,0.01,0.01,0.009900990099009901,0.009900990099009901,0.009900990099009901,3240,1.0,0.01,0.01,0.01,0.009900990099009901,0.009900990099009901,0.009900990099009901,4824,1.0,0.009999999347273001,0.009999999827324026,0.010000000251457043,0.009900989459144202,0.009900989929736325,0.009900990345512246
83,1.3833333333333333,True,valid,0.34556470016462576,0.26532567141210184,1.1644545390855747,346527.53356151644,86074.1860437932,322162.66760408983,345363.76533650985,62.780487276123814,21097.798018340964,0.014789002065465781,1585.0,2116487.6516478187,0.00030807924887824305,4908,49789,4.845987796783447,0,3.725290298461914e-09,3240,1.0,0.01,0.01,0.01,0.009900990099009901,0.009900990099009901,0.009900990099009901,3240,1.0,0.01,0.01,0.01,0.009900990099009901,0.009900990099009901,0.009900990099009901,4824,1.0,0.009999999347273001,0.009999999827324026,0.010000000251457043,0.009900989459144202,0.009900989929736325,0.009900990345512246
84,1.4,True,valid,0.337487833463647,0.2591628649769896,1.138866337522196,303417.5431561798,83017.72024258145,280261.5858185034,302745.43222558487,56.374542215042226,26398.54077182395,0.013886902498682489,1585.0,1564233.0534056812,0.0003206123026645867,4433,47439,5.015558242797852,0,7.450580596923828e-09,3240,1.0,0.01,0.01,0.01,0.009900990099009901,0.009900990099009901,0.009900990099009901,3240,1.0,0.01,0.01,0.01,0.009900990099009901,0.009900990099009901,0.009900990099009901,4824,1.0,0.009999999347273001,0.009999999827324026,0.010000000251457043,0.009900989459144202,0.009900989929736325,0.009900990345512246
85,1.4166666666666667,True,valid,0.34194271569581497,0.2662413046256016,1.1462841644120945,318714.878727569,86628.48204645689,297254.6921086175,317153.90108093777,58.344728842958524,24200.56092823274,0.013932356381574638,1585.0,2075660.6000097694,0.000339469150233827,4747,48856,5.186648845672607,0,3.725290298461914e-09,3240,1.0,0.01,0.01,0.01,0.009900990099009901,0.009900990099009901,0.009900990099009901,3240,1.0,0.01,0.01,0.01,0.009900990099009901,0.009900990099009901,0.009900990099009901,4824,1.0,0.009999999347273001,0.009999999827324026,0.010000000251457043,0.009900989459144202,0.009900989929736325,0.009900990345512246
86,1.4333333333333333,True,valid,0.3421112081108225,0.2608043976927911,1.135834233589315,340208.43152709806,88696.71252332332,307542.6002936941,339236.69766052027,65.40823110969448,18280.51300051848,0.014781386182941926,1585.0,2173410.630250487,0.0003292488269466469,4970,49876,5.359594345092773,0,3.725290298461914e-09,3240,1.0,0.01,0.01,0.01,0.009900990099009901,0.009900990099009901,0.009900990099009901,3240,1.0,0.01,0.01,0.01,0.009900990099009901,0.009900990099009901,0.009900990099009901,4824,1.0,0.009999999347273001,0.009999999827324026,0.010000000251457043,0.009900989459144202,0.009900989929736325,0.009900990345512246
87,1.45,True,valid,0.30967922382855156,0.2491651435307326,1.1164827716903412,299057.4043344331,85507.46423178175,269113.63277446677,297636.42921936064,65.66589107846339,17753.292871459573,0.01344623380086006,1585.0,2066755.6944200823,0.00029799850678911805,5232,51053,5.535141944885254,0,7.450580596923828e-09,3240,1.0,0.01,0.01,0.01,0.009900990099009901,0.009900990099009901,0.009900990099009901,3240,1.0,0.01,0.01,0.01,0.009900990099009901,0.009900990099009901,0.009900990099009901,4824,1.0,0.009999999347273001,0.009999999827324026,0.010000000251457043,0.009900989459144202,0.009900989929736325,0.009900990345512246
88,1.4666666666666666,True,valid,0.3342577624085847,0.2600425886154364,1.1334506449920274,323236.0942451211,85417.36272988668,300174.27487509575,322327.73026649817,63.38614884884172,18093.73681866178,0.013953770157547386,1585.0,2191871.7033820054,0.000279326845045512,4557,47686,5.714237213134766,0,3.725290298461914e-09,3240,1.0,0.01,0.01,0.01,0.009900990099009901,0.009900990099009901,0.009900990099009901,3240,1.0,0.01,0.01,0.01,0.009900990099009901,0.009900990099009901,0.009900990099009901,4824,1.0,0.009999999347273001,0.009999999827324026,0.010000000251457043,0.009900989459144202,0.009900989929736325,0.009900990345512246
89,1.4833333333333334,True,valid,0.32674265182469525,0.24148138332631355,1.103371975681781,332285.9281463344,78039.07197840969,313093.3516388836,330866.6377692365,70.05484292049228,25750.476604103234,0.01473993822289687,1585.0,3168686.6424368373,0.00027806275173239203,5119,51145,5.897629261016846,0,7.450580596923828e-09,3240,1.0,0.01,0.01,0.01,0.009900990099009901,0.009900990099009901,0.009900990099009901,3240,1.0,0.01,0.01,0.01,0.009900990099009901,0.009900990099009901,0.009900990099009901,4824,1.0,0.009999999347273001,0.009999999827324026,0.010000000251457043,0.009900989459144202,0.009900989929736325,0.009900990345512246
90,1.5,True,valid,0.32260699044186575,0.25885633040134814,1.1361365625005944,311954.76566569053,84595.36512995085,287946.05417339026,311007.7522802693,52.89348680447883,21598.534828151605,0.014348609153567402,1585.0,2000989.044476498,0.00027951463753118547,5088,50129,6.085251808166504,0,3.725290298461914e-09,3240,1.0,0.01,0.01,0.01,0.009900990099009901,0.009900990099009901,0.009900990099009901,3240,1.0,0.01,0.01,0.01,0.009900990099009901,0.009900990099009901,0.009900990099009901,4824,1.0,0.009999999347273001,0.009999999827324026,0.010000000251457043,0.009900989459144202,0.009900989929736325,0.009900990345512246
91,1.5166666666666666,True,valid,0.31906043859119404,0.24797445864864928,1.1364932297293042,313974.3493316678,75750.64551236088,291901.6990178796,312889.775551641,56.98148634502563,17992.087092896523,0.014096079735480143,1585.0,2385327.7613950935,0.00028839351358080865,4955,49948,6.275761604309082,0,1.862645149230957e-09,3240,1.0,0.01,0.01,0.01,0.009900990099009901,0.009900990099009901,0.009900990099009901,3240,1.0,0.01,0.01,0.01,0.009900990099009901,0.009900990099009901,0.009900990099009901,4824,1.0,0.009999999347273001,0.009999999827324026,0.010000000251457043,0.009900989459144202,0.009900989929736325,0.009900990345512246
92,1.5333333333333334,True,valid,0.303297324766659,0.24775255724875953,1.1332198743349726,276549.40340261575,80874.5312734812,249502.84354106415,275900.703480362,60.05140763905272,19380.739295752628,0.01396786056632547,1585.0,1866624.201654332,0.00030275401748722366,4635,48447,6.467088222503662,0,3.725290298461914e-09,3240,1.0,0.01,0.01,0.01,0.009900990099009901,0.009900990099009901,0.009900990099009901,3240,1.0,0.01,0.01,0.01,0.009900990099009901,0.009900990099009901,0.009900990099009901,4824,1.0,0.009999999347273001,0.009999999827324026,0.010000000251457043,0.009900989459144202,0.009900989929736325,0.009900990345512246
93,1.55,True,valid,0.3127313494630356,0.2595654749281728,1.1301235678242796,280478.6014255046,75699.92558030266,263630.92823410354,279235.5734150675,65.3009652833993,19856.22003611065,0.013862536817445124,1585.0,1373805.9398186484,0.000305846734925492,5104,50610,6.658178329467773,0,2.7939677238464355e-09,3240,1.0,0.01,0.01,0.01,0.009900990099009901,0.009900990099009901,0.009900990099009901,3240,1.0,0.01,0.01,0.01,0.009900990099009901,0.009900990099009901,0.009900990099009901,4824,1.0,0.009999999347273001,0.009999999827324026,0.010000000251457043,0.009900989459144202,0.009900989929736325,0.009900990345512246
94,1.5666666666666667,True,valid,0.3241063600407978,0.24957760654755903,1.1503021063685153,308277.0157808187,82318.36713905552,283181.5207187657,307561.51607581024,59.13319257364551,18152.951485467842,0.01506766816209725,1585.0,2208658.1969939913,0.0003083277570772616,4558,48053,6.850430965423584,0,2.7939677238464355e-09,3240,1.0,0.01,0.01,0.01,0.009900990099009901,0.009900990099009901,0.009900990099009901,3240,1.0,0.01,0.01,0.01,0.009900990099009901,0.009900990099009901,0.009900990099009901,4824,1.0,0.009999999347273001,0.009999999827324026,0.010000000251457043,0.009900989459144202,0.009900989929736325,0.009900990345512246
95,1.5833333333333333,True,valid,0.32775473011946005,0.2549756572627272,1.161499121746756,300349.9801033596,78531.9244370845,277710.56908168684,298792.18324925454,65.86246182970608,21478.179621694562,0.014807964653243633,1585.0,1640920.3768979327,0.0003037524574370661,4632,48386,7.046858787536621,0,2.9103830456733704e-09,3240,1.0,0.01,0.01,0.01,0.009900990099009901,0.009900990099009901,0.009900990099009901,3240,1.0,0.01,0.01,0.01,0.009900990099009901,0.009900990099009901,0.009900990099009901,4824,1.0,0.009999999347273001,0.009999999827324026,0.010000000251457043,0.009900989459144202,0.009900989929736325,0.009900990345512246
96,1.6,True,valid,0.3349813266202102,0.26319025088227377,1.1715506352472056,329031.8672373005,86827.79033333,302982.293340775,327928.0136824724,60.18834184544266,19677.233871524204,0.014514467582207298,1585.0,1779373.6140558852,0.000269727772165154,4539,48087,7.249363899230957,0,3.259629011154175e-09,3240,1.0,0.01,0.01,0.01,0.009900990099009901,0.009900990099009901,0.009900990099009901,3240,1.0,0.01,0.01,0.01,0.009900990099009901,0.009900990099009901,0.009900990099009901,4824,1.0,0.009999999347273001,0.009999999827324026,0.010000000251457043,0.009900989459144202,0.009900989929736325,0.009900990345512246
97,1.6166666666666667,True,valid,0.320779586113292,0.2552179024143814,1.1293141579276098,296046.2583570433,85207.39001771405,271845.5323449309,292571.60094971297,63.05873338286629,31239.546506988983,0.013694744635154382,1585.0,1671789.2261024793,0.0003266326133550364,4369,47081,7.456943511962891,0,2.7939677238464355e-09,3240,1.0,0.01,0.01,0.01,0.009900990099009901,0.009900990099009901,0.009900990099009901,3240,1.0,0.01,0.01,0.01,0.009900990099009901,0.009900990099009901,0.009900990099009901,4824,1.0,0.009999999347273001,0.009999999827324026,0.010000000251457043,0.009900989459144202,0.009900989929736325,0.009900990345512246
98,1.6333333333333333,True,valid,0.33721429668037867,0.2599439552970053,1.1881122401834083,339746.2504622497,81833.24621410863,313476.03883074893,338480.93875918613,55.95933091704557,20604.763710598636,0.014677978537353299,1585.0,2296991.96309309,0.0002922414510490194,4665,48346,7.666686534881592,0,5.587935447692871e-09,3240,1.0,0.01,0.01,0.01,0.009900990099009901,0.009900990099009901,0.009900990099009901,3240,1.0,0.01,0.01,0.01,0.009900990099009901,0.009900990099009901,0.009900990099009901,4824,1.0,0.009999999347273001,0.009999999827324026,0.010000000251457043,0.009900989459144202,0.009900989929736325,0.009900990345512246
99,1.65,True,valid,0.3183757259728707,0.2629374479695666,1.1553640616445437,269432.19343499065,89505.34769791861,242818.25063333425,267613.4217866181,62.00838310437043,25686.824203089298,0.014358080741975055,1585.0,1612221.4333208757,0.00029511453792957856,4660,48203,7.876407623291016,0,1.862645149230957e-09,3240,1.0,0.01,0.01,0.01,0.009900990099009901,0.009900990099009901,0.009900990099009901,3240,1.0,0.01,0.01,0.01,0.009900990099009901,0.009900990099009901,0.009900990099009901,4824,1.0,0.009999999347273001,0.009999999827324026,0.010000000251457043,0.009900989459144202,0.009900989929736325,0.009900990345512246
100,1.6666666666666667,True,valid,0.33648904899153387,0.2539002227606211,1.1452742054110148,338671.4356738145,92596.11558541935,305541.3761853609,337692.61796588043,54.990303253145804,19574.90169905679,0.014616036834122824,1585.0,2685342.0333009446,0.0002760929165093389,4880,48588,8.086385726928711,0,5.587935447692871e-09,3240,1.0,0.01,0.01,0.01,0.009900990099009901,0.009900990099009901,0.009900990099009901,3240,1.0,0.01,0.01,0.01,0.009900990099009901,0.009900990099009901,0.009900990099009901,4824,1.0,0.009999999347273001,0.009999999827324026,0.010000000251457043,0.009900989459144202,0.009900989929736325,0.009900990345512246
101,1.6833333333333333,True,valid,0.355870095750744,0.26715359176565223,1.1328798354055367,351526.92044239613,87525.36652068168,330123.01865984197,350334.68324743723,58.505630527902355,22455.13720243713,0.014358356612864909,1585.0,1957654.7869274432,0.00029973600914136225,4758,49282,8.298916816711426,0,7.450580596923828e-09,3240,1.0,0.01,0.01,0.01,0.009900990099009901,0.009900990099009901,0.009900990099009901,3240,1.0,0.01,0.01,0.01,0.009900990099009901,0.009900990099009901,0.009900990099009901,4824,1.0,0.009999999347273001,0.009999999827324026,0.010000000251457043,0.009900989459144202,0.009900989929736325,0.009900990345512246
102,1.7,True,valid,0.33276096212895334,0.27464645530418225,1.1656255446571901,316143.70270110917,91562.050193586,290831.15229396155,314990.04500026244,65.42639467572343,21995.264643910257,0.01351390814938474,1585.0,2077607.836604982,0.0002953067402065625,4446,47164,8.516278266906738,0,7.450580596923828e-09,3240,1.0,0.01,0.01,0.01,0.009900990099009901,0.009900990099009901,0.009900990099009901,3240,1.0,0.01,0.01,0.01,0.009900990099009901,0.009900990099009901,0.009900990099009901,4824,1.0,0.009999999347273001,0.009999999827324026,0.010000000251457043,0.009900989459144202,0.009900989929736325,0.009900990345512246
103,1.7166666666666666,True,valid,0.33524802764201767,0.25959439833641623,1.149396331426552,312464.46874008654,77641.80163779674,290201.92102715507,311427.21210873144,58.47220337850628,17887.146675716733,0.014793078621247947,1585.0,1506895.7889246189,0.0003216017949926013,4623,48326,8.738996505737305,0,7.450580596923828e-09,3240,1.0,0.01,0.01,0.01,0.009900990099009901,0.009900990099009901,0.009900990099009901,3240,1.0,0.01,0.01,0.01,0.009900990099009901,0.009900990099009901,0.009900990099009901,4824,1.0,0.009999999347273001,0.009999999827324026,0.010000000251457043,0.009900989459144202,0.009900989929736325,0.009900990345512246
104,1.7333333333333334,True,valid,0.3322436480094841,0.2593276726250586,1.1480430370828227,302070.555329356,91122.79638519489,274718.18971183477,300644.72696260235,58.3766556572624,22357.419075222762,0.01496882984241196,1585.0,1645305.7727206862,0.0002603631511572146,4559,47855,8.965563774108887,0,3.725290298461914e-09,3240,1.0,0.01,0.01,0.01,0.009900990099009901,0.009900990099009901,0.009900990099009901,3240,1.0,0.01,0.01,0.01,0.009900990099009901,0.009900990099009901,0.009900990099009901,4824,1.0,0.009999999347273001,0.009999999827324026,0.010000000251457043,0.009900989459144202,0.009900989929736325,0.009900990345512246
105,1.75,True,valid,0.3239651352018229,0.2555384226878077,1.125761174870184,302620.4569768465,79887.21327690441,284352.6678514682,301429.93379713385,55.8224165013745,27425.838346850298,0.014264884897754395,1585.0,1931267.2520722,0.00029005176260318957,4569,48457,9.193693161010742,0,3.725290298461914e-09,3240,1.0,0.01,0.01,0.01,0.009900990099009901,0.009900990099009901,0.009900990099009901,3240,1.0,0.01,0.01,0.01,0.009900990099009901,0.009900990099009901,0.009900990099009901,4824,1.0,0.009999999347273001,0.009999999827324026,0.010000000251457043,0.009900989459144202,0.009900989929736325,0.009900990345512246
106,1.7666666666666666,True,valid,0.34163259987504996,0.2652001151761428,1.1588238015818015,355104.5491669321,83336.37744648701,327054.69732870616,353821.82891750877,54.95348187335506,20985.646957214205,0.014466592506699188,1585.0,3169966.2007746603,0.00029465197926439635,5104,50534,9.422079086303711,0,7.450580596923828e-09,3240,1.0,0.01,0.01,0.01,0.009900990099009901,0.009900990099009901,0.009900990099009901,3240,1.0,0.01,0.01,0.01,0.009900990099009901,0.009900990099009901,0.009900990099009901,4824,1.0,0.009999999347273001,0.009999999827324026,0.010000000251457043,0.009900989459144202,0.009900989929736325,0.009900990345512246
107,1.7833333333333334,True,valid,0.321527156412135,0.26441431564686657,1.1560742296002515,276951.6657629545,85442.24037101697,249673.79291864188,276368.8142095461,56.09106396415595,26692.015566203572,0.013793411361971665,1585.0,1897792.1081697098,0.0002547099475420071,5393,52296,9.65139389038086,0,7.450580596923828e-09,3240,1.0,0.01,0.01,0.01,0.009900990099009901,0.009900990099009901,0.009900990099009901,3240,1.0,0.01,0.01,0.01,0.009900990099009901,0.009900990099009901,0.009900990099009901,4824,1.0,0.009999999347273001,0.009999999827324026,0.010000000251457043,0.009900989459144202,0.009900989929736325,0.009900990345512246
108,1.8,True,valid,0.3324879385707628,0.2600095713695742,1.142704849126641,329550.9428837161,86714.91769990796,300705.30836567056,328588.4679933827,62.1050247923187,20559.508564255415,0.01387931890663707,1585.0,2991351.3563745744,0.0002605478416775121,5076,50659,9.883797645568848,0,7.450580596923828e-09,3240,1.0,0.01,0.01,0.01,0.009900990099009901,0.009900990099009901,0.009900990099009901,3240,1.0,0.01,0.01,0.01,0.009900990099009901,0.009900990099009901,0.009900990099009901,4824,1.0,0.009999999347273001,0.009999999827324026,0.010000000251457043,0.009900989459144202,0.009900989929736325,0.009900990345512246
109,1.8166666666666667,True,valid,0.30558367988861235,0.2537436509536873,1.121506870278062,263226.5641250848,84550.30723963372,238426.05655645346,260856.21653760504,60.01369076224395,33673.80190173776,0.01441415874141239,1585.0,1524651.2622191971,0.0003074090722176246,4784,48624,10.121319770812988,0,7.450580596923828e-09,3240,1.0,0.01,0.01,0.01,0.009900990099009901,0.009900990099009901,0.009900990099009901,3240,1.0,0.01,0.01,0.01,0.009900990099009901,0.009900990099009901,0.009900990099009901,4824,1.0,0.009999999347273001,0.009999999827324026,0.010000000251457043,0.009900989459144202,0.009900989929736325,0.009900990345512246
110,1.8333333333333333,True,valid,0.33112548008553877,0.24747254428242296,1.149691277897814,313536.4945889698,72662.2394675652,295778.6294136151,312452.3423157237,66.88260042856915,20217.87948857554,0.014526336561635824,1585.0,1598320.121955655,0.0002892340595279474,4822,49762,10.364293098449707,0,7.450580596923828e-09,3240,1.0,0.01,0.01,0.01,0.009900990099009901,0.009900990099009901,0.009900990099009901,3240,1.0,0.01,0.01,0.01,0.009900990099009901,0.009900990099009901,0.009900990099009901,4824,1.0,0.009999999347273001,0.009999999827324026,0.010000000251457043,0.009900989459144202,0.009900989929736325,0.009900990345512246
111,1.85,True,valid,0.32837000611368655,0.254650664970212,1.126303327067355,304391.0390408322,79837.95030464593,277574.8569437103,303481.42264304415,61.42926807310744,21227.48929779581,0.014644382729908766,1585.0,1870927.2226210823,0.0003043631168300501,4793,49078,10.611035346984863,0,7.450580596923828e-09,3240,1.0,0.01,0.01,0.01,0.009900990099009901,0.009900990099009901,0.009900990099009901,3240,1.0,0.01,0.01,0.01,0.009900990099009901,0.009900990099009901,0.009900990099009901,4824,1.0,0.009999999347273001,0.009999999827324026,0.010000000251457043,0.009900989459144202,0.009900989929736325,0.009900990345512246
112,1.8666666666666667,True,valid,0.32742146329494654,0.2606318659453501,1.1281146050194977,288015.82197018794,76780.40899183274,267360.94015753013,287099.6685178509,59.79549411811617,16807.605963631227,0.014165394570577734,1585.0,1746960.7114757122,0.0002875776850245529,5535,52766,10.859109878540039,0,7.450580596923828e-09,3240,1.0,0.01,0.01,0.01,0.009900990099009901,0.009900990099009901,0.009900990099009901,3240,1.0,0.01,0.01,0.01,0.009900990099009901,0.009900990099009901,0.009900990099009901,4824,1.0,0.009999999347273001,0.009999999827324026,0.010000000251457043,0.009900989459144202,0.009900989929736325,0.009900990345512246
113,1.8833333333333333,True,valid,0.3201359226092515,0.2557096385673269,1.1253920947790956,284113.3621264219,74515.04163461342,263649.7681046506,282749.3919807682,62.06859281880682,19917.311189986136,0.014768468229756514,1585.0,1720848.4664073852,0.0003022504657138184,5114,50296,11.107199668884277,0,7.450580596923828e-09,3240,1.0,0.01,0.01,0.01,0.009900990099009901,0.009900990099009901,0.009900990099009901,3240,1.0,0.01,0.01,0.01,0.009900990099009901,0.009900990099009901,0.009900990099009901,4824,1.0,0.009999999347273001,0.009999999827324026,0.010000000251457043,0.009900989459144202,0.009900989929736325,0.009900990345512246
114,1.9,True,valid,0.3364605376015764,0.25219996789258237,1.1436274709848187,313964.1380105558,84980.67016150156,286376.82928886916,312920.3105823159,62.22169694741638,18723.031757084947,0.014856543268074706,1585.0,1633667.7106883994,0.0003145711327851505,4573,47836,11.35604190826416,0,7.450580596923828e-09,3240,1.0,0.01,0.01,0.01,0.009900990099009901,0.009900990099009901,0.009900990099009901,3240,1.0,0.01,0.01,0.01,0.009900990099009901,0.009900990099009901,0.009900990099009901,4824,1.0,0.009999999347273001,0.009999999827324026,0.010000000251457043,0.009900989459144202,0.009900989929736325,0.009900990345512246
115,1.9166666666666667,True,valid,0.3298809174735288,0.26488826001746013,1.1421509760350734,339383.4172547179,87465.67425857324,311067.2237621726,338274.5491492523,61.42457933184971,16732.545251375235,0.01396988956574015,1585.0,2334361.566154266,0.00031347469697159014,4411,47368,11.607677459716797,0,7.450580596923828e-09,3240,1.0,0.01,0.01,0.01,0.009900990099009901,0.009900990099009901,0.009900990099009901,3240,1.0,0.01,0.01,0.01,0.009900990099009901,0.009900990099009901,0.009900990099009901,4824,1.0,0.009999999347273001,0.009999999827324026,0.010000000251457043,0.009900989459144202,0.009900989929736325,0.009900990345512246
116,1.9333333333333333,True,valid,0.3186993316250604,0.25845531762089374,1.1608622484148117,298032.33894088067,80173.23951887211,274127.7074856987,297209.99257132906,54.51223137478895,17781.288844537983,0.014254629170114488,1585.0,1711376.4761236936,0.0002849142877473991,5080,50926,11.863808631896973,0,7.450580596923828e-09,3240,1.0,0.01,0.01,0.01,0.009900990099009901,0.009900990099009901,0.009900990099009901,3240,1.0,0.01,0.01,0.01,0.009900990099009901,0.009900990099009901,0.009900990099009901,4824,1.0,0.009999999347273001,0.009999999827324026,0.010000000251457043,0.009900989459144202,0.009900989929736325,0.009900990345512246
117,1.95,True,valid,0.3150749010291066,0.2511471684398411,1.1366928996509336,289044.88053227676,84254.36735296961,267932.5025798757,287774.69315475016,60.8788078417182,30136.26259456389,0.014176138293103213,1585.0,1746662.1084775208,0.0002816515391785857,4779,49304,12.124732971191406,0,7.450580596923828e-09,3240,1.0,0.01,0.01,0.01,0.009900990099009901,0.009900990099009901,0.009900990099009901,3240,1.0,0.01,0.01,0.01,0.009900990099009901,0.009900990099009901,0.009900990099009901,4824,1.0,0.009999999347273001,0.009999999827324026,0.010000000251457043,0.009900989459144202,0.009900989929736325,0.009900990345512246
118,1.9666666666666666,True,valid,0.32239496479273794,0.25184604042566344,1.160282999813615,326135.65889014513,80139.64187164242,309090.1158420782,323994.6034588214,58.75429787827048,30532.599656850285,0.014290686294106547,1585.0,2530191.3447087076,0.00027514233663818096,4913,49986,12.389538764953613,0,7.450580596923828e-09,3240,1.0,0.01,0.01,0.01,0.009900990099009901,0.009900990099009901,0.009900990099009901,3240,1.0,0.01,0.01,0.01,0.009900990099009901,0.009900990099009901,0.009900990099009901,4824,1.0,0.009999999347273001,0.009999999827324026,0.010000000251457043,0.009900989459144202,0.009900989929736325,0.009900990345512246
119,1.9833333333333334,True,valid,0.3427937070353517,0.2580275832057569,1.1519577220775439,338142.52036407404,78122.56733449471,316916.7266194762,337072.2763840913,58.85998680250738,20515.914965584077,0.014422411569628844,1585.0,2591338.403734598,0.00032238735359255594,5051,50863,12.65698528289795,0,3.725290298461914e-09,3240,1.0,0.01,0.01,0.01,0.009900990099009901,0.009900990099009901,0.009900990099009901,3240,1.0,0.01,0.01,0.01,0.009900990099009901,0.009900990099009901,0.009900990099009901,4824,1.0,0.009999999347273001,0.009999999827324026,0.010000000251457043,0.009900989459144202,0.009900989929736325,0.009900990345512246
120,2.0,True,valid,0.31704989411030293,0.24975930350870276,1.1819659084210419,309623.8205275292,80640.83818311806,283677.8113686489,307967.7261996421,56.068280678036054,27425.639634913543,0.013613175776063741,1585.0,2431299.964466885,0.0002493290661532536,5271,52038,12.92623519897461,0,3.725290298461914e-09,3240,1.0,0.01,0.01,0.01,0.009900990099009901,0.009900990099009901,0.009900990099009901,3240,1.0,0.01,0.01,0.01,0.009900990099009901,0.009900990099009901,0.009900990099009901,4824,1.0,0.009999999347273001,0.009999999827324026,0.010000000251457043,0.009900989459144202,0.009900989929736325,0.009900990345512246
121,2.0166666666666666,True,valid,0.34344414033654846,0.26915774561500094,1.1712119912610084,334539.3007217569,84203.8328272719,314741.63101121533,332347.09550145216,60.07948959053082,24082.331593046725,0.013990276152558566,1585.0,1793490.0662487047,0.00032516413415601135,5568,53654,13.197053909301758,0,3.725290298461914e-09,3240,1.0,0.01,0.01,0.01,0.009900990099009901,0.009900990099009901,0.009900990099009901,3240,1.0,0.01,0.01,0.01,0.009900990099009901,0.009900990099009901,0.009900990099009901,4824,1.0,0.009999999347273001,0.009999999827324026,0.010000000251457043,0.009900989459144202,0.009900989929736325,0.009900990345512246
122,2.033333333333333,True,valid,0.3005835432677584,0.26058092633938046,1.1716121802558064,271635.56784535875,94212.89623094762,244095.55422434234,270920.91037540516,70.0612564487645,23109.594215248242,0.01417052486582901,1585.0,1401386.7140743409,0.0002975978915088733,5503,53116,13.469672203063965,0,7.450580596923828e-09,3240,1.0,0.01,0.01,0.01,0.009900990099009901,0.009900990099009901,0.009900990099009901,3240,1.0,0.01,0.01,0.01,0.009900990099009901,0.009900990099009901,0.009900990099009901,4824,1.0,0.009999999347273001,0.009999999827324026,0.010000000251457043,0.009900989459144202,0.009900989929736325,0.009900990345512246
123,2.05,True,valid,0.3090104804921397,0.25622350264230725,1.1668881930222144,290862.993318705,84615.4434453635,263676.402994238,288927.5406509592,57.67243911453561,28708.454990082213,0.013063654603017205,1585.0,2069932.3135308074,0.00025815493198242973,5052,51156,13.744564056396484,0,3.725290298461914e-09,3240,1.0,0.01,0.01,0.01,0.009900990099009901,0.009900990099009901,0.009900990099009901,3240,1.0,0.01,0.01,0.01,0.009900990099009901,0.009900990099009901,0.009900990099009901,4824,1.0,0.009999999347273001,0.009999999827324026,0.010000000251457043,0.009900989459144202,0.009900989929736325,0.009900990345512246
124,2.066666666666667,True,valid,0.3047094410582388,0.2479828826429471,1.1858372725534212,289383.7871081959,79443.86732320033,267730.29715081566,288078.97433858126,52.753558460058244,24413.815198509015,0.01394171588942437,1585.0,1407384.2308584119,0.0002957043585004885,5718,54211,14.022273063659668,0,7.450580596923828e-09,3240,1.0,0.01,0.01,0.01,0.009900990099009901,0.009900990099009901,0.009900990099009901,3240,1.0,0.01,0.01,0.01,0.009900990099009901,0.009900990099009901,0.009900990099009901,4824,1.0,0.009999999347273001,0.009999999827324026,0.010000000251457043,0.009900989459144202,0.009900989929736325,0.009900990345512246
125,2.0833333333333335,True,valid,0.3104337032042502,0.25324729891646197,1.1800814511308106,307138.94278749655,87406.33974584356,281500.0531863264,305634.71308041277,58.135462097572486,20813.337469608392,0.01432321323575993,1585.0,1759784.9333102817,0.00032909484559308437,5382,52461,14.303264617919922,0,3.725290298461914e-09,3240,1.0,0.01,0.01,0.01,0.009900990099009901,0.009900990099009901,0.009900990099009901,3240,1.0,0.01,0.01,0.01,0.009900990099009901,0.009900990099009901,0.009900990099009901,4824,1.0,0.009999999347273001,0.009999999827324026,0.010000000251457043,0.009900989459144202,0.009900989929736325,0.009900990345512246
126,2.1,True,valid,0.3120245396332789,0.24984200697138367,1.1835806319665783,293995.81022020365,95486.66847531724,262912.4067402305,293314.5885246212,52.1234223702677,29214.377941876806,0.01484729432216791,1585.0,1741322.0738128864,0.0003150525295764541,5383,52370,14.587806701660156,0,5.587935447692871e-09,3240,1.0,0.01,0.01,0.01,0.009900990099009901,0.009900990099009901,0.009900990099009901,3240,1.0,0.01,0.01,0.01,0.009900990099009901,0.009900990099009901,0.009900990099009901,4824,1.0,0.009999999347273001,0.009999999827324026,0.010000000251457043,0.009900989459144202,0.009900989929736325,0.009900990345512246
127,2.1166666666666667,True,valid,0.30823618470598074,0.24905196551698264,1.1474883121459791,267916.8875749766,78049.48038913976,246145.87791583588,267030.23143126647,54.450870153997755,20758.19215181891,0.013670750319129104,1585.0,2068895.2695890686,0.0002632859885655594,5158,51401,14.87590217590332,0,5.587935447692871e-09,3240,1.0,0.01,0.01,0.01,0.009900990099009901,0.009900990099009901,0.009900990099009901,3240,1.0,0.01,0.01,0.01,0.009900990099009901,0.009900990099009901,0.009900990099009901,4824,1.0,0.009999999347273001,0.009999999827324026,0.010000000251457043,0.009900989459144202,0.009900989929736325,0.009900990345512246
128,2.1333333333333333,True,valid,0.3254690553678113,0.263474453172449,1.1852565511758224,318810.6255499882,86286.02849735235,296357.3116545241,317538.69959247654,54.77615953193326,24923.541235410306,0.014081194911927402,1585.0,1393330.9440414887,0.0003290398342870143,5186,51219,15.167292594909668,0,3.725290298461914e-09,3240,1.0,0.01,0.01,0.01,0.009900990099009901,0.009900990099009901,0.009900990099009901,3240,1.0,0.01,0.01,0.01,0.009900990099009901,0.009900990099009901,0.009900990099009901,4824,1.0,0.009999999347273001,0.009999999827324026,0.010000000251457043,0.009900989459144202,0.009900989929736325,0.009900990345512246
129,2.15,True,valid,0.3065468773678151,0.24603459948023526,1.1212890701163223,262600.5730582257,74337.7050186774,240981.37198971288,261450.58790223385,57.87293732639917,18221.225737846024,0.013705045941863845,1585.0,1652843.3195130108,0.00025334690887675516,5377,52651,15.461536407470703,0,3.725290298461914e-09,3240,1.0,0.01,0.01,0.01,0.009900990099009901,0.009900990099009901,0.009900990099009901,3240,1.0,0.01,0.01,0.01,0.009900990099009901,0.009900990099009901,0.009900990099009901,4824,1.0,0.009999999347273001,0.009999999827324026,0.010000000251457043,0.009900989459144202,0.009900989929736325,0.009900990345512246
130,2.1666666666666665,True,valid,0.328642962704355,0.2540916416173498,1.1530106917571288,323589.53514465236,89955.17282993326,297168.43187120964,322205.97998692107,60.4371267715595,19838.06397123394,0.014336536543266323,1585.0,2052902.185818403,0.0002986253996500998,5210,51317,15.758130073547363,0,3.026798367500305e-09,3240,1.0,0.01,0.01,0.01,0.009900990099009901,0.009900990099009901,0.009900990099009901,3240,1.0,0.01,0.01,0.01,0.009900990099009901,0.009900990099009901,0.009900990099009901,4824,1.0,0.009999999347273001,0.009999999827324026,0.010000000251457043,0.009900989459144202,0.009900989929736325,0.009900990345512246
131,2.183333333333333,True,valid,0.3353970123272694,0.2566174125407622,1.1577015632483814,313767.17954867985,86765.5454594785,288966.0233471829,312742.0106349129,57.45207839995437,21988.419224006764,0.014619400508232492,1585.0,1939430.6987481085,0.00031044395359352823,5209,51159,16.05663299560547,0,3.4924596548080444e-09,3240,1.0,0.01,0.01,0.01,0.009900990099009901,0.009900990099009901,0.009900990099009901,3240,1.0,0.01,0.01,0.01,0.009900990099009901,0.009900990099009901,0.009900990099009901,4824,1.0,0.009999999347273001,0.009999999827324026,0.010000000251457043,0.009900989459144202,0.009900989929736325,0.009900990345512246
132,2.2,True,valid,0.32401320488929014,0.25254822047100584,1.1444022040913195,292616.30990169535,86188.46723763055,268760.4669199846,290736.74983379286,57.09728188367619,24226.320357281307,0.014613837993032171,1585.0,2000560.5098466657,0.0003110313727422342,4859,49400,16.35676383972168,0,2.7939677238464355e-09,3240,1.0,0.01,0.01,0.01,0.009900990099009901,0.009900990099009901,0.009900990099009901,3240,1.0,0.01,0.01,0.01,0.009900990099009901,0.009900990099009901,0.009900990099009901,4824,1.0,0.009999999347273001,0.009999999827324026,0.010000000251457043,0.009900989459144202,0.009900989929736325,0.009900990345512246
133,2.216666666666667,True,valid,0.3491334978829802,0.2657082271570942,1.163177277374993,360586.31650207,85412.52857271172,332723.7356140364,359124.74616179196,57.38959963628267,22158.734123879884,0.014044458917824281,1585.0,2150216.038717539,0.000321006858698363,5283,52649,16.658605575561523,0,1.862645149230957e-09,3240,1.0,0.01,0.01,0.01,0.009900990099009901,0.009900990099009901,0.009900990099009901,3240,1.0,0.01,0.01,0.01,0.009900990099009901,0.009900990099009901,0.009900990099009901,4824,1.0,0.009999999347273001,0.009999999827324026,0.010000000251457043,0.009900989459144202,0.009900989929736325,0.009900990345512246
134,2.2333333333333334,True,valid,0.3073361703025241,0.25351475719482947,1.15099544112436,270911.3762403303,88296.43316920607,238285.8818584838,269508.0834794991,55.979243138785,19039.75398535386,0.013750921725926955,1585.0,2010915.4261287446,0.00024375585323275535,5763,54348,16.96276092529297,0,1.862645149230957e-09,3240,1.0,0.01,0.01,0.01,0.009900990099009901,0.009900990099009901,0.009900990099009901,3240,1.0,0.01,0.01,0.01,0.009900990099009901,0.009900990099009901,0.009900990099009901,4824,1.0,0.009999999347273001,0.009999999827324026,0.010000000251457043,0.009900989459144202,0.009900989929736325,0.009900990345512246
135,2.25,True,valid,0.31020695597917564,0.2545430602128617,1.1627797461299532,300114.2998102161,87037.69750107989,277040.64139068965,299227.41704449075,59.50727815229634,21953.647232213763,0.014245669942574216,1585.0,1665914.7818811676,0.0003057066079970851,5233,51991,17.270185470581055,0,7.450580596923828e-09,3240,1.0,0.01,0.01,0.01,0.009900990099009901,0.009900990099009901,0.009900990099009901,3240,1.0,0.01,0.01,0.01,0.009900990099009901,0.009900990099009901,0.009900990099009901,4824,1.0,0.009999999347273001,0.009999999827324026,0.010000000251457043,0.009900989459144202,0.009900989929736325,0.009900990345512246
136,2.2666666666666666,True,valid,0.32513427324679334,0.25574180501940724,1.175447202303739,297344.9750691284,79237.80888665222,273653.3007424326,296305.280499575,54.94095772789137,20184.074599141117,0.013982919296370239,1585.0,1866794.492723259,0.0002771168732434687,5417,52828,17.581785202026367,0,7.450580596923828e-09,3240,1.0,0.01,0.01,0.01,0.009900990099009901,0.009900990099009901,0.009900990099009901,3240,1.0,0.01,0.01,0.01,0.009900990099009901,0.009900990099009901,0.009900990099009901,4824,1.0,0.009999999347273001,0.009999999827324026,0.010000000251457043,0.009900989459144202,0.009900989929736325,0.009900990345512246
137,2.283333333333333,True,valid,0.31250763404739373,0.24602369528588094,1.126028621210097,302304.8666988214,81101.02358359031,272269.08146614797,301292.4400245814,49.252606338749956,16281.587132920205,0.013975153209699293,1585.0,3096582.734373882,0.00030456214608286643,5438,52880,17.89780616760254,0,7.450580596923828e-09,3240,1.0,0.01,0.01,0.01,0.009900990099009901,0.009900990099009901,0.009900990099009901,3240,1.0,0.01,0.01,0.01,0.009900990099009901,0.009900990099009901,0.009900990099009901,4824,1.0,0.009999999347273001,0.009999999827324026,0.010000000251457043,0.009900989459144202,0.009900989929736325,0.009900990345512246
138,2.3,True,valid,0.32740744977835057,0.2573610918001868,1.1820273732702282,350135.35197459493,94546.06864231589,320920.15039846516,348023.39256512513,56.4426913384381,28691.428252295784,0.014001083147974892,1585.0,1786167.3750960082,0.0002847425032660747,4834,49641,18.217466354370117,0,3.725290298461914e-09,3240,1.0,0.01,0.01,0.01,0.009900990099009901,0.009900990099009901,0.009900990099009901,3240,1.0,0.01,0.01,0.01,0.009900990099009901,0.009900990099009901,0.009900990099009901,4824,1.0,0.009999999347273001,0.009999999827324026,0.010000000251457043,0.009900989459144202,0.009900989929736325,0.009900990345512246
139,2.316666666666667,True,valid,0.30665591777411927,0.24003914431888787,1.1352201796129189,277869.28915447195,72218.85681759469,253956.2379723764,276802.37280044204,56.97644877122956,18318.925848575098,0.013507099312472124,1585.0,2519550.512444701,0.00027531715129182116,5275,51697,18.53925323486328,0,3.725290298461914e-09,3240,1.0,0.01,0.01,0.01,0.009900990099009901,0.009900990099009901,0.009900990099009901,3240,1.0,0.01,0.01,0.01,0.009900990099009901,0.009900990099009901,0.009900990099009901,4824,1.0,0.009999999347273001,0.009999999827324026,0.010000000251457043,0.009900989459144202,0.009900989929736325,0.009900990345512246
140,2.3333333333333335,True,valid,0.32149232611357287,0.25191995556012114,1.1485160371869099,289432.49374086724,80571.18068697902,267507.8067807162,288468.43163623114,64.1262858890039,13081.138135807303,0.01413936832693589,1585.0,2036153.946158732,0.00028053952594058997,5139,51740,18.861818313598633,0,3.725290298461914e-09,3240,1.0,0.01,0.01,0.01,0.009900990099009901,0.009900990099009901,0.009900990099009901,3240,1.0,0.01,0.01,0.01,0.009900990099009901,0.009900990099009901,0.009900990099009901,4824,1.0,0.009999999347273001,0.009999999827324026,0.010000000251457043,0.009900989459144202,0.009900989929736325,0.009900990345512246
141,2.35,True,valid,0.3250579024821173,0.2488847953480472,1.1437968417868123,270797.9647281897,76021.42853675729,251917.63719303324,269234.4108901334,57.005562015395235,17163.753112016504,0.013784305555461767,1585.0,1788561.9886342324,0.00027642855186007804,4868,49464,19.184890747070312,0,7.450580596923828e-09,3240,1.0,0.01,0.01,0.01,0.009900990099009901,0.009900990099009901,0.009900990099009901,3240,1.0,0.01,0.01,0.01,0.009900990099009901,0.009900990099009901,0.009900990099009901,4824,1.0,0.009999999347273001,0.009999999827324026,0.010000000251457043,0.009900989459144202,0.009900989929736325,0.009900990345512246
142,2.3666666666666667,True,valid,0.3280954176908172,0.2511479857475831,1.165596073733317,304566.29444216384,88127.32188027033,276490.2819807865,303206.6787077666,51.75069698379514,19828.02771340799,0.014149937376500523,1585.0,1791880.7452372855,0.00026741542135632186,5131,51036,19.509498596191406,0,3.725290298461914e-09,3240,1.0,0.01,0.01,0.01,0.009900990099009901,0.009900990099009901,0.009900990099009901,3240,1.0,0.01,0.01,0.01,0.009900990099009901,0.009900990099009901,0.009900990099009901,4824,1.0,0.009999999347273001,0.009999999827324026,0.010000000251457043,0.009900989459144202,0.009900989929736325,0.009900990345512246
143,2.3833333333333333,True,valid,0.31950910032518837,0.2563908759627699,1.126938259571871,304080.4835507516,94818.2232814121,277968.2096707795,302174.9332146927,56.541073129720765,19628.067977749222,0.013697134087364626,1585.0,1833122.7392444913,0.0002884433611783711,4853,48881,19.837322235107422,0,7.450580596923828e-09,3240,1.0,0.01,0.01,0.01,0.009900990099009901,0.009900990099009901,0.009900990099009901,3240,1.0,0.01,0.01,0.01,0.009900990099009901,0.009900990099009901,0.009900990099009901,4824,1.0,0.009999999347273001,0.009999999827324026,0.010000000251457043,0.009900989459144202,0.009900989929736325,0.009900990345512246
144,2.4,True,valid,0.3336075344412121,0.25099302736996065,1.142968102429127,293669.06460975134,79215.04347975897,270921.8700508931,292395.45775739726,59.27883514981295,17013.949792117877,0.014008780523733454,1585.0,1244281.150466006,0.00026632259220740984,4628,48140,20.169673919677734,0,7.450580596923828e-09,3240,1.0,0.01,0.01,0.01,0.009900990099009901,0.009900990099009901,0.009900990099009901,3240,1.0,0.01,0.01,0.01,0.009900990099009901,0.009900990099009901,0.009900990099009901,4824,1.0,0.009999999347273001,0.009999999827324026,0.010000000251457043,0.009900989459144202,0.009900989929736325,0.009900990345512246
145,2.4166666666666665,True,valid,0.3079104945763263,0.25814395824161435,1.1574572471505218,267710.6888791564,83237.33773791588,236106.86749233963,266393.5753826699,54.9549015642952,21486.04520872545,0.013027620807500674,1585.0,1400587.428561133,0.0002346023358103865,5245,51537,20.506757736206055,0,7.450580596923828e-09,3240,1.0,0.01,0.01,0.01,0.009900990099009901,0.009900990099009901,0.009900990099009901,3240,1.0,0.01,0.01,0.01,0.009900990099009901,0.009900990099009901,0.009900990099009901,4824,1.0,0.009999999347273001,0.009999999827324026,0.010000000251457043,0.009900989459144202,0.009900989929736325,0.009900990345512246
146,2.433333333333333,True,valid,0.344357209079215,0.24743169605339552,1.1916082959828431,353606.86057275743,83924.20871295374,321624.5531848814,352650.247233917,55.46295304803608,19153.61152157597,0.01438824289413727,1585.0,1995926.3678184322,0.0003368260912865884,5154,51272,20.8476505279541,0,7.450580596923828e-09,3240,1.0,0.01,0.01,0.01,0.009900990099009901,0.009900990099009901,0.009900990099009901,3240,1.0,0.01,0.01,0.01,0.009900990099009901,0.009900990099009901,0.009900990099009901,4824,1.0,0.009999999347273001,0.009999999827324026,0.010000000251457043,0.009900989459144202,0.009900989929736325,0.009900990345512246
147,2.45,True,valid,0.3400399377593455,0.25512900666571064,1.1529264464978053,314165.08764205547,77812.20757723281,296859.1161122249,312793.01063650724,54.73815894231491,22740.4040169223,0.014500005619698306,1585.0,2289818.1812548786,0.000324164632166834,4591,47608,21.190893173217773,0,7.450580596923828e-09,3240,1.0,0.01,0.01,0.01,0.009900990099009901,0.009900990099009901,0.009900990099009901,3240,1.0,0.01,0.01,0.01,0.009900990099009901,0.009900990099009901,0.009900990099009901,4824,1.0,0.009999999347273001,0.009999999827324026,0.010000000251457043,0.009900989459144202,0.009900989929736325,0.009900990345512246
148,2.466666666666667,True,valid,0.3261306211904649,0.2619342108970574,1.1928112153973207,323190.81485261075,90630.56246380537,291651.00072307227,321881.7213767701,54.39430026033341,30841.383300550653,0.013761138565654227,1585.0,1821952.8332258482,0.00030906199269853114,5339,51782,21.535322189331055,0,7.450580596923828e-09,3240,1.0,0.01,0.01,0.01,0.009900990099009901,0.009900990099009901,0.009900990099009901,3240,1.0,0.01,0.01,0.01,0.009900990099009901,0.009900990099009901,0.009900990099009901,4824,1.0,0.009999999347273001,0.009999999827324026,0.010000000251457043,0.009900989459144202,0.009900989929736325,0.009900990345512246
149,2.4833333333333334,True,valid,0.31675846356222626,0.2505254157321631,1.1599275905835422,285409.981008844,77467.93596993083,259205.34141574163,284731.2900044635,52.636030179290515,23503.46665118603,0.014377135574758624,1585.0,1761969.9287729529,0.00027100308989985543,5185,51275,21.880659103393555,0,7.450580596923828e-09,3240,1.0,0.01,0.01,0.01,0.009900990099009901,0.009900990099009901,0.009900990099009901,3240,1.0,0.01,0.01,0.01,0.009900990099009901,0.009900990099009901,0.009900990099009901,4824,1.0,0.009999999347273001,0.009999999827324026,0.010000000251457043,0.009900989459144202,0.009900989929736325,0.009900990345512246
150,2.5,True,valid,0.3214223150245159,0.24921750961047942,1.1686051773270423,305634.4246042248,78490.30942774676,279732.60857554286,304440.931869558,57.77365806732822,20376.360297330397,0.014436651734807238,1585.0,1876393.3680700297,0.00031414408002361597,5290,51266,22.22759437561035,0,7.450580596923828e-09,3240,1.0,0.01,0.01,0.01,0.009900990099009901,0.009900990099009901,0.009900990099009901,3240,1.0,0.01,0.01,0.01,0.009900990099009901,0.009900990099009901,0.009900990099009901,4824,1.0,0.009999999347273001,0.009999999827324026,0.010000000251457043,0.009900989459144202,0.009900989929736325,0.009900990345512246
151,2.5166666666666666,True,valid,0.3382322628604918,0.2549067824762356,1.1550602217900034,329764.3445621908,98200.12929718019,298801.40021146927,328066.84957634297,57.34724224841165,35879.919497468705,0.01422760745213035,1585.0,1513168.2014123735,0.00030053524124832676,4826,49425,22.57737159729004,0,7.450580596923828e-09,3240,1.0,0.01,0.01,0.01,0.009900990099009901,0.009900990099009901,0.009900990099009901,3240,1.0,0.01,0.01,0.01,0.009900990099009901,0.009900990099009901,0.009900990099009901,4824,1.0,0.009999999347273001,0.009999999827324026,0.010000000251457043,0.009900989459144202,0.009900989929736325,0.009900990345512246
152,2.533333333333333,True,valid,0.3160327651310488,0.26104275830278134,1.1579240090681917,306613.3293203843,89133.53241109333,280173.3245604611,305535.7099234566,60.36022835203303,19810.976629455003,0.01430691462322983,1585.0,2098108.3061774694,0.000306566209396768,4992,50011,22.931116104125977,0,7.450580596923828e-09,3240,1.0,0.01,0.01,0.01,0.009900990099009901,0.009900990099009901,0.009900990099009901,3240,1.0,0.01,0.01,0.01,0.009900990099009901,0.009900990099009901,0.009900990099009901,4824,1.0,0.009999999347273001,0.009999999827324026,0.010000000251457043,0.009900989459144202,0.009900989929736325,0.009900990345512246
153,2.55,True,valid,0.32585994812237057,0.2492425355548332,1.1454094614936425,340655.6856279627,83413.3603664044,311034.499359283,339717.77197712124,60.513081840825095,19831.9978204949,0.014054813584967636,1585.0,2763539.3709542975,0.0003141175824749682,5169,51207,23.289260864257812,0,7.450580596923828e-09,3240,1.0,0.01,0.01,0.01,0.009900990099009901,0.009900990099009901,0.009900990099009901,3240,1.0,0.01,0.01,0.01,0.009900990099009901,0.009900990099009901,0.009900990099009901,4824,1.0,0.009999999347273001,0.009999999827324026,0.010000000251457043,0.009900989459144202,0.009900989929736325,0.009900990345512246
154,2.566666666666667,True,valid,0.3360677422029912,0.25606069374659934,1.1645216954901736,339133.3350202437,84943.21378994278,314568.35316281696,337896.28754119924,60.40688204738168,22426.985643164815,0.013419528289180421,1585.0,2594020.2172741042,0.0002747814944088647,5169,50952,23.65132713317871,0,3.725290298461914e-09,3240,1.0,0.01,0.01,0.01,0.009900990099009901,0.009900990099009901,0.009900990099009901,3240,1.0,0.01,0.01,0.01,0.009900990099009901,0.009900990099009901,0.009900990099009901,4824,1.0,0.009999999347273001,0.009999999827324026,0.010000000251457043,0.009900989459144202,0.009900989929736325,0.009900990345512246
155,2.5833333333333335,True,valid,0.31572366653816886,0.2511732219421479,1.1283548291002286,304951.7670321077,81593.56828127541,281197.0927157731,303962.2620452019,62.91923173543522,22844.779330276375,0.01445240059429115,1585.0,1637186.9512274973,0.00030895601506024416,4795,48415,24.016178131103516,0,7.450580596923828e-09,3240,1.0,0.01,0.01,0.01,0.009900990099009901,0.009900990099009901,0.009900990099009901,3240,1.0,0.01,0.01,0.01,0.009900990099009901,0.009900990099009901,0.009900990099009901,4824,1.0,0.009999999347273001,0.009999999827324026,0.010000000251457043,0.009900989459144202,0.009900989929736325,0.009900990345512246
156,2.6,True,valid,0.33600956288477307,0.2552457851274276,1.139478657986656,325312.97562519566,89434.96630952338,295715.16227216646,323694.1117700807,61.50808259836016,22813.616870418893,0.013850658861135385,1585.0,2390074.024259432,0.0002782727115836158,5177,51033,24.38260269165039,0,3.725290298461914e-09,3240,1.0,0.01,0.01,0.01,0.009900990099009901,0.009900990099009901,0.009900990099009901,3240,1.0,0.01,0.01,0.01,0.009900990099009901,0.009900990099009901,0.009900990099009901,4824,1.0,0.009999999347273001,0.009999999827324026,0.010000000251457043,0.009900989459144202,0.009900989929736325,0.009900990345512246
157,2.6166666666666667,True,valid,0.3270692866786824,0.25883227236483397,1.1362979485647708,303618.1108973341,87492.47459303918,279592.02694013185,302113.5531660621,57.33969058788212,27778.47292978818,0.013905002999652378,1585.0,1973382.6559660272,0.00024052567684129314,5274,52254,24.74993896484375,0,3.725290298461914e-09,3240,1.0,0.01,0.01,0.01,0.009900990099009901,0.009900990099009901,0.009900990099009901,3240,1.0,0.01,0.01,0.01,0.009900990099009901,0.009900990099009901,0.009900990099009901,4824,1.0,0.009999999347273001,0.009999999827324026,0.010000000251457043,0.009900989459144202,0.009900989929736325,0.009900990345512246
158,2.6333333333333333,True,valid,0.3256008659548696,0.24559773613867875,1.1236880499360995,322822.250081897,77553.79811380917,302462.59581244254,321549.8514911574,58.863429666112836,20730.006229540555,0.014246075451650861,1585.0,2178355.1050441363,0.0003057363272656163,5224,52029,25.118452072143555,0,3.725290298461914e-09,3240,1.0,0.01,0.01,0.01,0.009900990099009901,0.009900990099009901,0.009900990099009901,3240,1.0,0.01,0.01,0.01,0.009900990099009901,0.009900990099009901,0.009900990099009901,4824,1.0,0.009999999347273001,0.009999999827324026,0.010000000251457043,0.009900989459144202,0.009900989929736325,0.009900990345512246
159,2.65,True,valid,0.33501443090164124,0.2523143915488259,1.1469525979656776,317832.8700987202,89573.93977364685,297825.49059776653,317141.37317886757,62.48959792116202,19020.305920119084,0.013646466537070379,1585.0,1878960.3612328656,0.00024412135421980835,5102,51747,25.489219665527344,0,7.450580596923828e-09,3240,1.0,0.01,0.01,0.01,0.009900990099009901,0.009900990099009901,0.009900990099009901,3240,1.0,0.01,0.01,0.01,0.009900990099009901,0.009900990099009901,0.009900990099009901,4824,1.0,0.009999999347273001,0.009999999827324026,0.010000000251457043,0.009900989459144202,0.009900989929736325,0.009900990345512246
160,2.6666666666666665,True,valid,0.3252071566109544,0.25492658186440253,1.1531278891798664,315497.99325499765,80981.19319936089,293140.86332060525,314366.9047735994,59.79079781689632,26333.071237695243,0.01433121093357949,1585.0,2409179.0241512028,0.0003073337104036292,4681,48804,25.86359405517578,0,3.725290298461914e-09,3240,1.0,0.01,0.01,0.01,0.009900990099009901,0.009900990099009901,0.009900990099009901,3240,1.0,0.01,0.01,0.01,0.009900990099009901,0.009900990099009901,0.009900990099009901,4824,1.0,0.009999999347273001,0.009999999827324026,0.010000000251457043,0.009900989459144202,0.009900989929736325,0.009900990345512246
161,2.683333333333333,True,valid,0.33395783277067914,0.26021141442203416,1.133293653178114,337415.1231489711,87681.25477078435,311002.00408168044,336636.9944725084,62.31823132725776,17973.617828340204,0.013904010743164975,1585.0,2367033.2488424866,0.00029166575667643595,4484,47595,26.24250030517578,0,7.450580596923828e-09,3240,1.0,0.01,0.01,0.01,0.009900990099009901,0.009900990099009901,0.009900990099009901,3240,1.0,0.01,0.01,0.01,0.009900990099009901,0.009900990099009901,0.009900990099009901,4824,1.0,0.009999999347273001,0.009999999827324026,0.010000000251457043,0.009900989459144202,0.009900989929736325,0.009900990345512246
162,2.7,True,valid,0.31925110156444875,0.25757639839071134,1.1707370765092746,308863.50812978594,90768.00329021808,281316.0388429393,307619.6850405536,62.27077037095712,24241.7075367709,0.01375897928641386,1585.0,1643078.9612754416,0.000298579040288464,4543,48135,26.62592315673828,0,3.725290298461914e-09,3240,1.0,0.01,0.01,0.01,0.009900990099009901,0.009900990099009901,0.009900990099009901,3240,1.0,0.01,0.01,0.01,0.009900990099009901,0.009900990099009901,0.009900990099009901,4824,1.0,0.009999999347273001,0.009999999827324026,0.010000000251457043,0.009900989459144202,0.009900989929736325,0.009900990345512246
163,2.716666666666667,True,valid,0.32714916990068893,0.25046980871788205,1.1459018941875818,302824.22097056604,75989.43718691607,283750.8390343438,301427.14740791,59.31843212225097,19167.076773252677,0.013792555681838433,1585.0,1940339.8963879936,0.0002908900968528155,5222,51117,27.012920379638672,0,7.450580596923828e-09,3240,1.0,0.01,0.01,0.01,0.009900990099009901,0.009900990099009901,0.009900990099009901,3240,1.0,0.01,0.01,0.01,0.009900990099009901,0.009900990099009901,0.009900990099009901,4824,1.0,0.009999999347273001,0.009999999827324026,0.010000000251457043,0.009900989459144202,0.009900989929736325,0.009900990345512246
164,2.7333333333333334,True,valid,0.31990784432653385,0.2570167177479539,1.1490278865837131,312732.3104150619,85701.33013043087,293610.1073319266,311220.5077933252,64.23668179831398,22753.080927361756,0.014245106903842219,1585.0,1633365.631178301,0.00026338584156007167,5095,50705,27.40213966369629,0,3.725290298461914e-09,3240,1.0,0.01,0.01,0.01,0.009900990099009901,0.009900990099009901,0.009900990099009901,3240,1.0,0.01,0.01,0.01,0.009900990099009901,0.009900990099009901,0.009900990099009901,4824,1.0,0.009999999347273001,0.009999999827324026,0.010000000251457043,0.009900989459144202,0.009900989929736325,0.009900990345512246
165,2.75,True,valid,0.3437157110893984,0.25278647956097716,1.1337644568618175,338797.03083148494,107028.07880625257,288594.5675033066,337186.604009531,54.85435264559957,24079.321465560868,0.013923459438998973,1585.0,4537070.789408188,0.0002838657002388186,5015,50828,27.79253578186035,0,2.7939677238464355e-09,3240,1.0,0.01,0.01,0.01,0.009900990099009901,0.009900990099009901,0.009900990099009901,3240,1.0,0.01,0.01,0.01,0.009900990099009901,0.009900990099009901,0.009900990099009901,4824,1.0,0.009999999347273001,0.009999999827324026,0.010000000251457043,0.009900989459144202,0.009900989929736325,0.009900990345512246
166,2.7666666666666666,True,valid,0.3496632578738762,0.25667023080183105,1.1403009619292297,328046.35325926024,109458.02925156259,295202.8966342325,327136.46155240125,58.606593169778414,27181.97197522596,0.013849369559595745,1585.0,2562006.608556217,0.0002724248495636427,4670,48677,28.183870315551758,0,4.656612873077393e-10,3240,1.0,0.01,0.01,0.01,0.009900990099009901,0.009900990099009901,0.009900990099009901,3240,1.0,0.01,0.01,0.01,0.009900990099009901,0.009900990099009901,0.009900990099009901,4824,1.0,0.009999999347273001,0.009999999827324026,0.010000000251457043,0.009900989459144202,0.009900989929736325,0.009900990345512246
167,2.783333333333333,True,valid,0.3131102544028289,0.2566244206838188,1.133102100698302,301072.96729292796,91094.6428224892,275781.1412397,299933.71883848606,63.41625279382961,23509.630862978855,0.013587932940157707,1585.0,2020380.6173539923,0.00024571330007002427,4583,48551,28.57670021057129,0,3.725290298461914e-09,3240,1.0,0.01,0.01,0.01,0.009900990099009901,0.009900990099009901,0.009900990099009901,3240,1.0,0.01,0.01,0.01,0.009900990099009901,0.009900990099009901,0.009900990099009901,4824,1.0,0.009999999347273001,0.009999999827324026,0.010000000251457043,0.009900989459144202,0.009900989929736325,0.009900990345512246
168,2.8,True,valid,0.3223090642592332,0.24427892804736698,1.1036984246506505,281797.9648843983,73437.40173563657,259089.87959629492,280854.2502481263,62.05149796493387,15374.224566208199,0.013622301682063302,1585.0,1881997.5770082693,0.0002655532453509535,4546,47814,28.971969604492188,0,2.7939677238464355e-09,3240,1.0,0.01,0.01,0.01,0.009900990099009901,0.009900990099009901,0.009900990099009901,3240,1.0,0.01,0.01,0.01,0.009900990099009901,0.009900990099009901,0.009900990099009901,4824,1.0,0.009999999347273001,0.009999999827324026,0.010000000251457043,0.009900989459144202,0.009900989929736325,0.009900990345512246
169,2.816666666666667,True,valid,0.33732750056227856,0.24964886768808262,1.1376027442091512,340797.44484408863,73948.10055125898,320436.6774857302,340191.7848051509,63.91153460974614,18837.896184276375,0.014741593782892403,1585.0,2452150.2558719898,0.00027728690064069707,4942,50234,29.37051010131836,0,5.587935447692871e-09,3240,1.0,0.01,0.01,0.01,0.009900990099009901,0.009900990099009901,0.009900990099009901,3240,1.0,0.01,0.01,0.01,0.009900990099009901,0.009900990099009901,0.009900990099009901,4824,1.0,0.009999999347273001,0.009999999827324026,0.010000000251457043,0.009900989459144202,0.009900989929736325,0.009900990345512246
170,2.8333333333333335,True,valid,0.3237545853558392,0.24848218737440222,1.0990925390478754,288649.19791789673,72291.15813513611,271321.2949153873,286620.70492362266,64.79174859170409,21715.703398470556,0.014162568693414338,1585.0,1855867.8228873012,0.00026497260290666295,4879,50154,29.77273941040039,0,5.587935447692871e-09,3240,1.0,0.01,0.01,0.01,0.009900990099009901,0.009900990099009901,0.009900990099009901,3240,1.0,0.01,0.01,0.01,0.009900990099009901,0.009900990099009901,0.009900990099009901,4824,1.0,0.009999999347273001,0.009999999827324026,0.010000000251457043,0.009900989459144202,0.009900989929736325,0.009900990345512246
171,2.85,True,valid,0.32268612616355724,0.2597763303618151,1.1620370611525832,302003.92934149125,83246.35220346034,274824.89316191344,300395.031925869,60.970150066913625,21934.547353650953,0.013854715943109226,1585.0,1951914.5469835873,0.00031256049637041176,5254,51653,30.17862892150879,0,3.725290298461914e-09,3240,1.0,0.01,0.01,0.01,0.009900990099009901,0.009900990099009901,0.009900990099009901,3240,1.0,0.01,0.01,0.01,0.009900990099009901,0.009900990099009901,0.009900990099009901,4824,1.0,0.009999999347273001,0.009999999827324026,0.010000000251457043,0.009900989459144202,0.009900989929736325,0.009900990345512246
172,2.8666666666666667,True,valid,0.3234759011710401,0.24758285461022883,1.137422725946776,298408.50251424836,80733.98149196205,275532.0299745456,297099.2359866928,90.40336732814951,24979.37507048424,0.014172010575033216,1585.0,1529532.1985588628,0.00026932641035589604,5098,51091,30.587852478027344,0,3.725290298461914e-09,3240,1.0,0.01,0.01,0.01,0.009900990099009901,0.009900990099009901,0.009900990099009901,3240,1.0,0.01,0.01,0.01,0.009900990099009901,0.009900990099009901,0.009900990099009901,4824,1.0,0.009999999347273001,0.009999999827324026,0.010000000251457043,0.009900989459144202,0.009900989929736325,0.009900990345512246
173,2.8833333333333333,True,valid,0.33752277019204824,0.2609440201007821,1.1365491934031402,328322.38733019173,92603.10159748094,294378.2282311613,325697.88543745084,60.41953820131405,26674.84691470447,0.014051274140308878,1585.0,2740328.6355050355,0.00025451337349551126,4828,49341,30.99997329711914,0,3.725290298461914e-09,3240,1.0,0.01,0.01,0.01,0.009900990099009901,0.009900990099009901,0.009900990099009901,3240,1.0,0.01,0.01,0.01,0.009900990099009901,0.009900990099009901,0.009900990099009901,4824,1.0,0.009999999347273001,0.009999999827324026,0.010000000251457043,0.009900989459144202,0.009900989929736325,0.009900990345512246
174,2.9,True,valid,0.3199919522198077,0.2496583661952514,1.1274712548397148,310716.72937427746,79145.63993341046,287811.78731290996,309638.0640561626,62.23656993297806,21498.119984249934,0.014205616554623502,1585.0,2101242.445460417,0.00027931458340736665,4635,48454,31.41458511352539,0,3.725290298461914e-09,3240,1.0,0.01,0.01,0.01,0.009900990099009901,0.009900990099009901,0.009900990099009901,3240,1.0,0.01,0.01,0.01,0.009900990099009901,0.009900990099009901,0.009900990099009901,4824,1.0,0.009999999347273001,0.009999999827324026,0.010000000251457043,0.009900989459144202,0.009900989929736325,0.009900990345512246
175,2.9166666666666665,True,valid,0.3301762229129257,0.24795824294817637,1.117166143755858,297023.9383474543,81840.08037545154,268197.50550651556,296132.67699627427,57.43245885567749,22151.413720402525,0.014784935487437902,1585.0,1729423.430944998,0.0003322314281764852,4342,47093,31.831390380859375,0,7.450580596923828e-09,3240,1.0,0.01,0.01,0.01,0.009900990099009901,0.009900990099009901,0.009900990099009901,3240,1.0,0.01,0.01,0.01,0.009900990099009901,0.009900990099009901,0.009900990099009901,4821,1.0,0.009999999347273001,0.009999999827324026,0.010000000251457043,0.009900989459144202,0.009900989929736325,0.009900990345512246
176,2.933333333333333,True,valid,0.3334924406570098,0.25202758519272966,1.143933379613236,321452.2405918633,84209.35863682746,291499.5655304782,320413.1982735751,57.17919744466811,21942.819299162064,0.01438394162221602,1585.0,2490316.6216806956,0.0002916441049973729,5016,49913,32.250247955322266,0,7.450580596923828e-09,3240,1.0,0.01,0.01,0.01,0.009900990099009901,0.009900990099009901,0.009900990099009901,3240,1.0,0.01,0.01,0.01,0.009900990099009901,0.009900990099009901,0.009900990099009901,4824,1.0,0.009999999347273001,0.009999999827324026,0.010000000251457043,0.009900989459144202,0.009900989929736325,0.009900990345512246
177,2.95,True,valid,0.32642120890366677,0.251216615120782,1.1279263559320258,284497.62875181786,83391.10058403078,256537.39397120138,282731.21736906515,64.23828754940466,23815.702604451533,0.013821197719552182,1585.0,1850065.5539083427,0.0003202164842678151,4890,50204,32.6711540222168,0,3.725290298461914e-09,3240,1.0,0.01,0.01,0.01,0.009900990099009901,0.009900990099009901,0.009900990099009901,3240,1.0,0.01,0.01,0.01,0.009900990099009901,0.009900990099009901,0.009900990099009901,4824,1.0,0.009999999347273001,0.009999999827324026,0.010000000251457043,0.009900989459144202,0.009900989929736325,0.009900990345512246
178,2.966666666666667,True,valid,0.3136812912228011,0.25215250966788,1.144848026617127,285753.98273975484,83991.67238219701,262527.2447450846,284291.93622632156,54.869427348501326,21961.75376869973,0.014153520368460808,1585.0,2041468.6359385857,0.00027800934322992925,4924,50331,33.09422302246094,0,3.725290298461914e-09,3240,1.0,0.01,0.01,0.01,0.009900990099009901,0.009900990099009901,0.009900990099009901,3240,1.0,0.01,0.01,0.01,0.009900990099009901,0.009900990099009901,0.009900990099009901,4824,1.0,0.009999999347273001,0.009999999827324026,0.010000000251457043,0.009900989459144202,0.009900989929736325,0.009900990345512246
179,2.9833333333333334,True,valid,0.3367639479644838,0.2587236197935767,1.1447888773542692,319863.81113378936,81700.64170593575,296712.102633331,318524.84439481405,62.429649332289884,24707.30343189873,0.01481262457576186,1585.0,1814437.7298527379,0.00030067218599690645,4660,48621,33.519710540771484,0,7.450580596923828e-09,3240,1.0,0.01,0.01,0.01,0.009900990099009901,0.009900990099009901,0.009900990099009901,3240,1.0,0.01,0.01,0.01,0.009900990099009901,0.009900990099009901,0.009900990099009901,4824,1.0,0.009999999347273001,0.009999999827324026,0.010000000251457043,0.009900989459144202,0.009900989929736325,0.009900990345512246
180,3.0,True,valid,0.33937568271257634,0.2510760367556021,1.1424163351153205,325985.055901789,86178.36762852815,293615.3103146162,324613.58108174487,68.87719691139714,18943.216600621032,0.01424692019378589,1585.0,2271708.981653167,0.00029139297393417465,4525,47790,33.94791793823242,0,7.450580596923828e-09,3240,1.0,0.01,0.01,0.01,0.009900990099009901,0.009900990099009901,0.009900990099009901,3240,1.0,0.01,0.01,0.01,0.009900990099009901,0.009900990099009901,0.009900990099009901,4824,1.0,0.009999999347273001,0.009999999827324026,0.010000000251457043,0.009900989459144202,0.009900989929736325,0.009900990345512246
181,3.0166666666666666,True,valid,0.30514557981021445,0.24949234650567653,1.1100629143168363,264384.6375132713,74921.29052024275,245991.95423201428,262925.0109040586,60.556431181094936,18584.836183055766,0.013799957956996872,1585.0,1678615.0084790764,0.00029011028239840116,4947,50309,34.3791389465332,0,7.450580596923828e-09,3240,1.0,0.01,0.01,0.01,0.009900990099009901,0.009900990099009901,0.009900990099009901,3240,1.0,0.01,0.01,0.01,0.009900990099009901,0.009900990099009901,0.009900990099009901,4824,1.0,0.009999999347273001,0.009999999827324026,0.010000000251457043,0.009900989459144202,0.009900989929736325,0.009900990345512246
182,3.033333333333333,True,valid,0.3193706279434273,0.2566347938940833,1.1561991940615866,313814.76352891,97547.15490466943,283437.6338639403,312068.1598259149,60.32949470650635,24607.769233737876,0.013895967241436366,1585.0,2062533.8959266588,0.00030440547429996074,5319,51818,34.813560485839844,0,7.450580596923828e-09,3240,1.0,0.01,0.01,0.01,0.009900990099009901,0.009900990099009901,0.009900990099009901,3240,1.0,0.01,0.01,0.01,0.009900990099009901,0.009900990099009901,0.009900990099009901,4824,1.0,0.009999999347273001,0.009999999827324026,0.010000000251457043,0.009900989459144202,0.009900989929736325,0.009900990345512246
183,3.05,True,valid,0.3237953267928162,0.2540323557277317,1.1484585403450203,294603.8961833389,82994.76753324694,270052.582463429,294005.28154212766,53.3776669216834,16485.566350875255,0.014011584170777585,1585.0,1716085.0479741395,0.00027715226669771894,4989,50412,35.25126266479492,0,7.450580596923828e-09,3240,1.0,0.01,0.01,0.01,0.009900990099009901,0.009900990099009901,0.009900990099009901,3240,1.0,0.01,0.01,0.01,0.009900990099009901,0.009900990099009901,0.009900990099009901,4824,1.0,0.009999999347273001,0.009999999827324026,0.010000000251457043,0.009900989459144202,0.009900989929736325,0.009900990345512246
184,3.066666666666667,True,valid,0.33454838276598026,0.25343776080710184,1.1297704738495091,368029.7547661844,100665.20485091416,321579.9269607947,366850.81639149773,57.06728100165275,21415.396009198714,0.014159060126476958,1585.0,4955008.511014997,0.00028767343212299674,4725,49022,35.69216537475586,0,7.450580596923828e-09,3240,1.0,0.01,0.01,0.01,0.009900990099009901,0.009900990099009901,0.009900990099009901,3240,1.0,0.01,0.01,0.01,0.009900990099009901,0.009900990099009901,0.009900990099009901,4824,1.0,0.009999999347273001,0.009999999827324026,0.010000000251457043,0.009900989459144202,0.009900989929736325,0.009900990345512246
185,3.0833333333333335,True,valid,0.3214879788406708,0.2645039698005067,1.1715250296446487,297204.8336971749,86159.22730436144,281748.8863190388,295271.22851495666,59.652733738206564,26271.286371632144,0.013546310990120493,1585.0,1354193.6165766048,0.0002650769271242808,5386,52116,36.136070251464844,0,7.450580596923828e-09,3240,1.0,0.01,0.01,0.01,0.009900990099009901,0.009900990099009901,0.009900990099009901,3240,1.0,0.01,0.01,0.01,0.009900990099009901,0.009900990099009901,0.009900990099009901,4824,1.0,0.009999999347273001,0.009999999827324026,0.010000000251457043,0.009900989459144202,0.009900989929736325,0.009900990345512246
186,3.1,True,valid,0.33754630988956197,0.2609998656628175,1.1644209557792762,339286.496217242,90712.2807900681,316291.8833275599,338047.2003066062,62.36297134305905,18578.595671921,0.0132380908527681,1585.0,2544439.949785741,0.0002717563562866248,5820,54570,36.582672119140625,0,7.450580596923828e-09,3240,1.0,0.01,0.01,0.01,0.009900990099009901,0.009900990099009901,0.009900990099009901,3240,1.0,0.01,0.01,0.01,0.009900990099009901,0.009900990099009901,0.009900990099009901,4824,1.0,0.009999999347273001,0.009999999827324026,0.010000000251457043,0.009900989459144202,0.009900989929736325,0.009900990345512246
187,3.1166666666666667,True,valid,0.331812329952547,0.2612171250473898,1.146929617752558,296216.08245431335,78476.05511570317,272246.1801233615,295084.5766919634,63.658894503305675,19689.807850972746,0.014893325820070375,1585.0,1830199.2475047496,0.0002978630860567386,5467,53168,37.031620025634766,0,7.450580596923828e-09,3240,1.0,0.01,0.01,0.01,0.009900990099009901,0.009900990099009901,0.009900990099009901,3240,1.0,0.01,0.01,0.01,0.009900990099009901,0.009900990099009901,0.009900990099009901,4824,1.0,0.009999999347273001,0.009999999827324026,0.010000000251457043,0.009900989459144202,0.009900989929736325,0.009900990345512246
188,3.1333333333333333,True,valid,0.325609379673196,0.24838642960777776,1.1610573807218156,322589.07743133773,75953.10812537977,305304.833724332,321573.7040416913,63.93826755971582,22055.18143234005,0.013985928583971293,1585.0,2162939.1384484116,0.00029378809158251676,5276,52389,37.48256301879883,0,7.450580596923828e-09,3240,1.0,0.01,0.01,0.01,0.009900990099009901,0.009900990099009901,0.009900990099009901,3240,1.0,0.01,0.01,0.01,0.009900990099009901,0.009900990099009901,0.009900990099009901,4824,1.0,0.009999999347273001,0.009999999827324026,0.010000000251457043,0.009900989459144202,0.009900989929736325,0.009900990345512246
189,3.15,True,valid,0.3028331069701779,0.24588610098470043,1.156768232152133,292043.3295945692,75636.72727896931,273313.4136376128,290717.6209252857,61.62924974544283,15390.622780306887,0.013876736762796143,1585.0,1849181.5239557452,0.00026979440299362806,5579,53627,37.935264587402344,0,7.450580596923828e-09,3240,1.0,0.01,0.01,0.01,0.009900990099009901,0.009900990099009901,0.009900990099009901,3240,1.0,0.01,0.01,0.01,0.009900990099009901,0.009900990099009901,0.009900990099009901,4824,1.0,0.009999999347273001,0.009999999827324026,0.010000000251457043,0.009900989459144202,0.009900989929736325,0.009900990345512246
190,3.1666666666666665,True,valid,0.32741058143756696,0.23459222948132355,1.1353415959555604,327654.91958040616,77923.50081975618,301580.7356016241,325690.3062599769,60.50332600172986,26703.385484629536,0.014702906091486865,1585.0,2081320.4255338681,0.0002921933870611515,4987,50783,38.38972473144531,0,7.450580596923828e-09,3240,1.0,0.01,0.01,0.01,0.009900990099009901,0.009900990099009901,0.009900990099009901,3240,1.0,0.01,0.01,0.01,0.009900990099009901,0.009900990099009901,0.009900990099009901,4824,1.0,0.009999999347273001,0.009999999827324026,0.010000000251457043,0.009900989459144202,0.009900989929736325,0.009900990345512246
191,3.183333333333333,True,valid,0.32533317632750874,0.2477960261565855,1.1346869432167808,297701.4500257292,80824.04945548216,271077.97942789795,295687.04107949836,68.68159169592923,22567.36715425111,0.014104920519600066,1585.0,1631984.6198218854,0.00028894137170461546,5353,52290,38.846248626708984,0,7.450580596923828e-09,3240,1.0,0.01,0.01,0.01,0.009900990099009901,0.009900990099009901,0.009900990099009901,3240,1.0,0.01,0.01,0.01,0.009900990099009901,0.009900990099009901,0.009900990099009901,4824,1.0,0.009999999347273001,0.009999999827324026,0.010000000251457043,0.009900989459144202,0.009900989929736325,0.009900990345512246
192,3.2,True,valid,0.34003201158497004,0.24689968002291884,1.164193911404411,358161.57656409853,100265.89876603264,326887.3819303598,356817.7075146071,52.98079703094546,19481.125056710556,0.014775490862240039,1585.0,2043522.361682221,0.00031069692286520375,5303,51922,39.305442810058594,0,7.450580596923828e-09,3240,1.0,0.01,0.01,0.01,0.009900990099009901,0.009900990099009901,0.009900990099009901,3240,1.0,0.01,0.01,0.01,0.009900990099009901,0.009900990099009901,0.009900990099009901,4824,1.0,0.009999999347273001,0.009999999827324026,0.010000000251457043,0.009900989459144202,0.009900989929736325,0.009900990345512246
193,3.216666666666667,True,valid,0.3248341961457665,0.2524924943175547,1.1310503215351093,317320.17542120133,80246.75712089663,296571.8569590833,315873.3147684338,53.08696374836814,18693.572168519655,0.014284970935400989,1585.0,1927172.507599767,0.00036140123260783655,5087,51263,39.768043518066406,0,3.725290298461914e-09,3240,1.0,0.01,0.01,0.01,0.009900990099009901,0.009900990099009901,0.009900990099009901,3240,1.0,0.01,0.01,0.01,0.009900990099009901,0.009900990099009901,0.009900990099009901,4824,1.0,0.009999999347273001,0.009999999827324026,0.010000000251457043,0.009900989459144202,0.009900989929736325,0.009900990345512246
194,3.2333333333333334,True,valid,0.3202053601057564,0.24463460935695752,1.13230704487502,284617.267616539,75625.44946894776,261960.38643436207,283449.9918766326,58.56172160550638,16292.900007909562,0.013515494710507293,1585.0,1866939.557355545,0.0002595565403797856,5423,52555,40.23461151123047,0,3.725290298461914e-09,3240,1.0,0.01,0.01,0.01,0.009900990099009901,0.009900990099009901,0.009900990099009901,3240,1.0,0.01,0.01,0.01,0.009900990099009901,0.009900990099009901,0.009900990099009901,4824,1.0,0.009999999347273001,0.009999999827324026,0.010000000251457043,0.009900989459144202,0.009900989929736325,0.009900990345512246
195,3.25,True,valid,0.31602479807016504,0.2616441283493706,1.167684661387127,306726.21366052027,92426.05824075564,278951.87813906185,305482.318295772,61.3728659746671,20072.970179644166,0.013780114480041409,1585.0,1961519.02749755,0.00032163772709804556,5899,55762,40.70523452758789,0,7.450580596923828e-09,3240,1.0,0.01,0.01,0.01,0.009900990099009901,0.009900990099009901,0.009900990099009901,3240,1.0,0.01,0.01,0.01,0.009900990099009901,0.009900990099009901,0.009900990099009901,4824,1.0,0.009999999347273001,0.009999999827324026,0.010000000251457043,0.009900989459144202,0.009900989929736325,0.009900990345512246
196,3.2666666666666666,True,valid,0.3188053878762086,0.24819206304787894,1.148901888206092,293601.4878466177,73391.34766643593,274876.0180315285,292746.8623376833,57.14537340550441,20233.921123401768,0.013666823868809845,1585.0,1726316.381363272,0.0003061945906625845,5711,54862,41.179412841796875,0,5.587935447692871e-09,3240,1.0,0.01,0.01,0.01,0.009900990099009901,0.009900990099009901,0.009900990099009901,3240,1.0,0.01,0.01,0.01,0.009900990099009901,0.009900990099009901,0.009900990099009901,4824,1.0,0.009999999347273001,0.009999999827324026,0.010000000251457043,0.009900989459144202,0.009900989929736325,0.009900990345512246
197,3.283333333333333,True,valid,0.34900247105831794,0.2530900721296051,1.171180781280247,355629.1878400163,84105.5596433045,333834.27551199007,354355.5871504434,65.13811871858333,24439.824048709335,0.013550969993387427,1585.0,2575180.9071632577,0.00028576663535840886,5495,52648,41.65623092651367,0,5.587935447692871e-09,3240,1.0,0.01,0.01,0.01,0.009900990099009901,0.009900990099009901,0.009900990099009901,3240,1.0,0.01,0.01,0.01,0.009900990099009901,0.009900990099009901,0.009900990099009901,4824,1.0,0.009999999347273001,0.009999999827324026,0.010000000251457043,0.009900989459144202,0.009900989929736325,0.009900990345512246
198,3.3,True,valid,0.32005905891728187,0.25480946542462163,1.1507876749533252,296143.90120651387,88131.19675482782,274083.9238113066,295062.0961035409,62.43531597116019,18206.529631778198,0.013538770774329618,1585.0,1975610.8632688695,0.00030134716638311517,5704,54102,42.13473892211914,0,5.587935447692871e-09,3240,1.0,0.01,0.01,0.01,0.009900990099009901,0.009900990099009901,0.009900990099009901,3240,1.0,0.01,0.01,0.01,0.009900990099009901,0.009900990099009901,0.009900990099009901,4824,1.0,0.009999999347273001,0.009999999827324026,0.010000000251457043,0.009900989459144202,0.009900989929736325,0.009900990345512246
199,3.316666666666667,True,valid,0.31691332469068023,0.2490619124066801,1.1242950553005318,290952.3943952454,81691.93789943143,267177.5845142968,290375.7422106812,57.54053809849236,21481.697412176047,0.01276773083023656,1585.0,1723300.774492373,0.0002544880500556112,5819,55092,42.61439514160156,0,1.862645149230957e-09,3240,1.0,0.01,0.01,0.01,0.009900990099009901,0.009900990099009901,0.009900990099009901,3240,1.0,0.01,0.01,0.01,0.009900990099009901,0.009900990099009901,0.009900990099009901,4821,1.0,0.009999999347273001,0.009999999827324026,0.010000000251457043,0.009900989459144202,0.009900989929736325,0.009900990345512246
200,3.3333333333333335,True,valid,0.3202685927023971,0.2525505645702573,1.1567241911516046,301801.3507135345,81071.0547543627,282154.5001833368,300404.57281679485,62.558424273861654,25165.570485302975,0.01410370178811715,1585.0,2135171.935125618,0.0003707122132915142,5667,54241,43.09531021118164,0,2.7939677238464355e-09,3240,1.0,0.01,0.01,0.01,0.009900990099009901,0.009900990099009901,0.009900990099009901,3240,1.0,0.01,0.01,0.01,0.009900990099009901,0.009900990099009901,0.009900990099009901,4824,1.0,0.009999999347273001,0.009999999827324026,0.010000000251457043,0.009900989459144202,0.009900989929736325,0.009900990345512246
201,3.35,True,valid,0.3264172245201668,0.25692108705553507,1.1534143129167562,297281.9606355985,87786.32628092144,269858.8784123534,295581.1504405408,85.53506082852137,30713.3247002147,0.013163591643104449,1585.0,2218021.6626173803,0.00025200880567089785,5846,55845,43.57817459106445,0,2.3283064365386963e-10,3240,1.0,0.01,0.01,0.01,0.009900990099009901,0.009900990099009901,0.009900990099009901,3240,1.0,0.01,0.01,0.01,0.009900990099009901,0.009900990099009901,0.009900990099009901,4824,1.0,0.009999999347273001,0.009999999827324026,0.010000000251457043,0.009900989459144202,0.009900989929736325,0.009900990345512246
202,3.3666666666666667,True,valid,0.3055576503546404,0.250714444194705,1.1662059764833381,285998.49369938346,93822.66714505808,261097.30052644218,284961.79903342854,51.49254804826272,23378.509379491992,0.013286435875172184,1585.0,1511322.529320695,0.00023603931418462483,6288,58062,44.06394577026367,0,3.725290298461914e-09,3240,1.0,0.01,0.01,0.01,0.009900990099009901,0.009900990099009901,0.009900990099009901,3240,1.0,0.01,0.01,0.01,0.009900990099009901,0.009900990099009901,0.009900990099009901,4824,1.0,0.009999999347273001,0.009999999827324026,0.010000000251457043,0.009900989459144202,0.009900989929736325,0.009900990345512246
203,3.3833333333333333,True,valid,0.28744993532915475,0.23578544855685363,1.1597812070497402,238471.91009447922,68422.5472238681,222323.70867590705,237367.21086672362,54.23707943530253,23833.930245118325,0.013660359007359528,1585.0,1472368.4735867844,0.00027540790477528993,6128,56800,44.55344772338867,0,2.7939677238464355e-09,3240,1.0,0.01,0.01,0.01,0.009900990099009901,0.009900990099009901,0.009900990099009901,3240,1.0,0.01,0.01,0.01,0.009900990099009901,0.009900990099009901,0.009900990099009901,4824,1.0,0.009999999347273001,0.009999999827324026,0.010000000251457043,0.009900989459144202,0.009900989929736325,0.009900990345512246
204,3.4,True,valid,0.32996830641323055,0.24568238238976334,1.177455116255599,311829.7150866952,82540.02134152378,288042.8381031873,310818.0894157528,54.843497615916505,27822.437329308857,0.013736335401321473,1585.0,1859825.2435665822,0.00025620023614755094,6033,56725,45.04704666137695,0,3.725290298461914e-09,3240,1.0,0.01,0.01,0.01,0.009900990099009901,0.009900990099009901,0.009900990099009901,3240,1.0,0.01,0.01,0.01,0.009900990099009901,0.009900990099009901,0.009900990099009901,4824,1.0,0.009999999347273001,0.009999999827324026,0.010000000251457043,0.009900989459144202,0.009900989929736325,0.009900990345512246
205,3.4166666666666665,True,valid,0.3182008434127326,0.24693000660140077,1.2052077788753237,299754.5064596609,83038.43001139682,277332.45798588445,298264.4120900453,52.16949205251596,26142.11024301569,0.013621714385922596,1585.0,1821596.4465997012,0.0002643048276451553,6069,56496,45.54454040527344,0,3.725290298461914e-09,3240,1.0,0.01,0.01,0.01,0.009900990099009901,0.009900990099009901,0.009900990099009901,3240,1.0,0.01,0.01,0.01,0.009900990099009901,0.009900990099009901,0.009900990099009901,4824,1.0,0.009999999347273001,0.009999999827324026,0.010000000251457043,0.009900989459144202,0.009900989929736325,0.009900990345512246
206,3.433333333333333,True,valid,0.29654415621968544,0.23135942319422098,1.1363318191919551,254471.41912198436,70189.07622974298,238995.38408780767,253800.07406081748,56.55298740544656,21255.214580353935,0.014155070744453355,1585.0,1540832.453156983,0.0002699723359632138,5868,55256,46.0452766418457,0,5.587935447692871e-09,3240,1.0,0.01,0.01,0.01,0.009900990099009901,0.009900990099009901,0.009900990099009901,3240,1.0,0.01,0.01,0.01,0.009900990099009901,0.009900990099009901,0.009900990099009901,4824,1.0,0.009999999347273001,0.009999999827324026,0.010000000251457043,0.009900989459144202,0.009900989929736325,0.009900990345512246
207,3.45,True,valid,0.3346414554339063,0.25056954807440335,1.1952682542012012,340603.5189686431,90907.72866021188,308361.80395215214,339405.99672612303,57.13967119482775,21537.98522153365,0.015017198123495073,1585.0,2142697.16400911,0.00034122244408746517,6079,56047,46.548431396484375,0,3.725290298461914e-09,3240,1.0,0.01,0.01,0.01,0.009900990099009901,0.009900990099009901,0.009900990099009901,3240,1.0,0.01,0.01,0.01,0.009900990099009901,0.009900990099009901,0.009900990099009901,4824,1.0,0.009999999347273001,0.009999999827324026,0.010000000251457043,0.009900989459144202,0.009900989929736325,0.009900990345512246
208,3.466666666666667,True,valid,0.3317428338933384,0.24620588588278672,1.1573294013809696,304101.65439022164,79484.8975860519,282151.19622237684,302487.473172384,59.12939812552723,21986.515946743297,0.014154674107485901,1585.0,1754532.6687415238,0.00031057945289863077,5592,53020,47.053321838378906,0,3.725290298461914e-09,3240,1.0,0.01,0.01,0.01,0.009900990099009901,0.009900990099009901,0.009900990099009901,3240,1.0,0.01,0.01,0.01,0.009900990099009901,0.009900990099009901,0.009900990099009901,4824,1.0,0.009999999347273001,0.009999999827324026,0.010000000251457043,0.009900989459144202,0.009900989929736325,0.009900990345512246
209,3.4833333333333334,True,valid,0.32063845096408833,0.24674139038856874,1.1509833863607934,296043.6847794666,81674.66432139845,275298.90355761535,292815.7942543213,58.318008593565786,29571.177006493876,0.01422673166236206,1585.0,1619696.267231525,0.00024091126070355473,6163,57239,47.55965805053711,0,7.450580596923828e-09,3240,1.0,0.01,0.01,0.01,0.009900990099009901,0.009900990099009901,0.009900990099009901,3240,1.0,0.01,0.01,0.01,0.009900990099009901,0.009900990099009901,0.009900990099009901,4824,1.0,0.009999999347273001,0.009999999827324026,0.010000000251457043,0.009900989459144202,0.009900989929736325,0.009900990345512246
210,3.5,True,valid,0.3167041527210867,0.2500643416364513,1.140337270346862,292731.644509717,75081.6152212361,272521.7506578741,291303.11779549444,62.96708297407011,23556.97513767093,0.013898926398089687,1585.0,1600746.8012405585,0.00027719000509249107,5943,55094,48.06763458251953,0,3.725290298461914e-09,3240,1.0,0.01,0.01,0.01,0.009900990099009901,0.009900990099009901,0.009900990099009901,3240,1.0,0.01,0.01,0.01,0.009900990099009901,0.009900990099009901,0.009900990099009901,4824,1.0,0.009999999347273001,0.009999999827324026,0.010000000251457043,0.009900989459144202,0.009900989929736325,0.009900990345512246
211,3.5166666666666666,True,valid,0.31504878009089454,0.24682402288117575,1.1675521918466922,300194.6607102032,81302.74605170792,272487.3077633626,298955.4597340912,54.32148912361494,19115.76362256137,0.014602607538086284,1585.0,2589597.546764131,0.0002889535100528676,5587,53071,48.577823638916016,0,3.725290298461914e-09,3240,1.0,0.01,0.01,0.01,0.009900990099009901,0.009900990099009901,0.009900990099009901,3240,1.0,0.01,0.01,0.01,0.009900990099009901,0.009900990099009901,0.009900990099009901,4824,1.0,0.009999999347273001,0.009999999827324026,0.010000000251457043,0.009900989459144202,0.009900989929736325,0.009900990345512246
212,3.533333333333333,True,valid,0.3119255966442244,0.25455120388586344,1.1600576511996337,272020.629667543,96921.52495808857,245795.54919095713,271043.92626243096,55.98695680887974,21693.487177526265,0.013599021491629348,1585.0,1837963.063569957,0.0002859598241079716,5569,53991,49.090972900390625,0,3.725290298461914e-09,3240,1.0,0.01,0.01,0.01,0.009900990099009901,0.009900990099009901,0.009900990099009901,3240,1.0,0.01,0.01,0.01,0.009900990099009901,0.009900990099009901,0.009900990099009901,4824,1.0,0.009999999347273001,0.009999999827324026,0.010000000251457043,0.009900989459144202,0.009900989929736325,0.009900990345512246
213,3.55,True,valid,0.3131176848196198,0.25238983613185323,1.1845150398018522,284620.97906189004,85858.28073721357,259835.15272489798,283430.8464770873,58.210102880814794,26068.838414496884,0.014102070015132978,1585.0,1824162.1384675622,0.0002732206284172299,5933,55718,49.60771560668945,0,3.725290298461914e-09,3240,1.0,0.01,0.01,0.01,0.009900990099009901,0.009900990099009901,0.009900990099009901,3240,1.0,0.01,0.01,0.01,0.009900990099009901,0.009900990099009901,0.009900990099009901,4824,1.0,0.009999999347273001,0.009999999827324026,0.010000000251457043,0.009900989459144202,0.009900989929736325,0.009900990345512246
214,3.566666666666667,True,valid,0.33375254309735014,0.2531363915067504,1.1861043679332635,315881.34130785696,75820.85076204065,293646.17927240446,313490.3117742361,56.566846811866306,27730.445611040945,0.014390565219864499,1585.0,1677941.0140054368,0.00031077986802954187,5884,55340,50.12834167480469,0,7.450580596923828e-09,3240,1.0,0.01,0.01,0.01,0.009900990099009901,0.009900990099009901,0.009900990099009901,3240,1.0,0.01,0.01,0.01,0.009900990099009901,0.009900990099009901,0.009900990099009901,4824,1.0,0.009999999347273001,0.009999999827324026,0.010000000251457043,0.009900989459144202,0.009900989929736325,0.009900990345512246
215,3.5833333333333335,True,valid,0.3331508440986114,0.25548858392748286,1.1416246670395735,307723.408811628,83477.18102181646,283874.00745666266,306310.6898193138,60.42586090935214,23346.30580488477,0.014061888155422546,1585.0,1751656.2590471874,0.00028242174930062956,5278,52077,50.6526985168457,0,7.450580596923828e-09,3240,1.0,0.01,0.01,0.01,0.009900990099009901,0.009900990099009901,0.009900990099009901,3240,1.0,0.01,0.01,0.01,0.009900990099009901,0.009900990099009901,0.009900990099009901,4824,1.0,0.009999999347273001,0.009999999827324026,0.010000000251457043,0.009900989459144202,0.009900989929736325,0.009900990345512246
216,3.6,True,valid,0.3344662134605831,0.2616110294804184,1.1770384690575,316743.4925511649,91804.29351309534,285160.8272145561,315772.14768132905,57.212509417913225,20866.463223205847,0.014348813345527043,1585.0,1702257.5232149248,0.00033014132908876996,5502,53306,51.18022155761719,0,7.450580596923828e-09,3240,1.0,0.01,0.01,0.01,0.009900990099009901,0.009900990099009901,0.009900990099009901,3240,1.0,0.01,0.01,0.01,0.009900990099009901,0.009900990099009901,0.009900990099009901,4824,1.0,0.009999999347273001,0.009999999827324026,0.010000000251457043,0.009900989459144202,0.009900989929736325,0.009900990345512246
217,3.6166666666666667,True,valid,0.32642200808965166,0.25352786506707875,1.1488210494717055,310032.79308409925,78671.76511880406,281871.811749073,309053.5863520204,58.17009796267565,22507.093831342518,0.014130081827156343,1585.0,1959548.9483942043,0.00025300318420993996,5201,51229,51.71017074584961,0,7.450580596923828e-09,3240,1.0,0.01,0.01,0.01,0.009900990099009901,0.009900990099009901,0.009900990099009901,3240,1.0,0.01,0.01,0.01,0.009900990099009901,0.009900990099009901,0.009900990099009901,4824,1.0,0.009999999347273001,0.009999999827324026,0.010000000251457043,0.009900989459144202,0.009900989929736325,0.009900990345512246
218,3.6333333333333333,True,valid,0.31513945742406463,0.2678982098252525,1.1601160582982508,296353.6087561057,92093.06457608483,266124.48073554406,294900.3818750098,58.058836083440134,31743.34024434988,0.013984273257873516,1585.0,1793894.3280818174,0.00027289169425076054,5160,50736,52.24186325073242,0,7.450580596923828e-09,3240,1.0,0.01,0.01,0.01,0.009900990099009901,0.009900990099009901,0.009900990099009901,3240,1.0,0.01,0.01,0.01,0.009900990099009901,0.009900990099009901,0.009900990099009901,4824,1.0,0.009999999347273001,0.009999999827324026,0.010000000251457043,0.009900989459144202,0.009900989929736325,0.009900990345512246
219,3.65,True,valid,0.35106793129746006,0.2578464445965488,1.162199661697924,364281.5403236806,99219.6583939872,324216.77125553455,362725.120234857,51.7441243209376,23236.418202350495,0.014072217723788532,1585.0,3047286.1475378494,0.0002691392406799213,5095,50265,52.77495574951172,0,7.450580596923828e-09,3240,1.0,0.01,0.01,0.01,0.009900990099009901,0.009900990099009901,0.009900990099009901,3240,1.0,0.01,0.01,0.01,0.009900990099009901,0.009900990099009901,0.009900990099009901,4824,1.0,0.009999999347273001,0.009999999827324026,0.010000000251457043,0.009900989459144202,0.009900989929736325,0.009900990345512246
220,3.6666666666666665,True,valid,0.30926890108322924,0.26030321794113115,1.151188417808923,274057.8718554049,86614.24914124647,252188.26574899172,273148.63381588744,57.87721132232798,23900.515815724444,0.013581437749106272,1585.0,1932971.8693203991,0.00023351046060656909,5375,52182,53.309574127197266,0,7.450580596923828e-09,3240,1.0,0.01,0.01,0.01,0.009900990099009901,0.009900990099009901,0.009900990099009901,3240,1.0,0.01,0.01,0.01,0.009900990099009901,0.009900990099009901,0.009900990099009901,4824,1.0,0.009999999347273001,0.009999999827324026,0.010000000251457043,0.009900989459144202,0.009900989929736325,0.009900990345512246
221,3.683333333333333,True,valid,0.3027915882533123,0.2527798486786475,1.1430076414028851,285961.84989611554,80990.32141741086,260284.94584417032,284154.00377403165,55.23037573492542,29351.77402510707,0.013199321828777017,1585.0,1966204.5867781313,0.0002873834230463802,5404,52655,53.84629440307617,0,7.450580596923828e-09,3240,1.0,0.01,0.01,0.01,0.009900990099009901,0.009900990099009901,0.009900990099009901,3240,1.0,0.01,0.01,0.01,0.009900990099009901,0.009900990099009901,0.009900990099009901,4824,1.0,0.009999999347273001,0.009999999827324026,0.010000000251457043,0.009900989459144202,0.009900989929736325,0.009900990345512246
222,3.7,True,valid,0.3280942741765496,0.25118253207255686,1.1615304206026162,329636.12366153253,82086.1007835643,300277.9280371849,328543.7616080684,57.37277338006248,19618.877656521734,0.013988499930697899,1585.0,2637343.547249202,0.0003024888976938684,5952,55049,54.385921478271484,0,7.450580596923828e-09,3240,1.0,0.01,0.01,0.01,0.009900990099009901,0.009900990099009901,0.009900990099009901,3240,1.0,0.01,0.01,0.01,0.009900990099009901,0.009900990099009901,0.009900990099009901,4824,1.0,0.009999999347273001,0.009999999827324026,0.010000000251457043,0.009900989459144202,0.009900989929736325,0.009900990345512246
223,3.716666666666667,True,valid,0.3342700656272424,0.2558249254488796,1.1530466569095903,317290.21058369864,90233.74715429521,290281.85186571744,315578.5968083467,53.97159123324446,26535.24647276083,0.014381392360093621,1585.0,1746209.6586609194,0.00029297240445238056,5775,54414,54.92921447753906,0,7.450580596923828e-09,3240,1.0,0.01,0.01,0.01,0.009900990099009901,0.009900990099009901,0.009900990099009901,3240,1.0,0.01,0.01,0.01,0.009900990099009901,0.009900990099009901,0.009900990099009901,4824,1.0,0.009999999347273001,0.009999999827324026,0.010000000251457043,0.009900989459144202,0.009900989929736325,0.009900990345512246
224,3.7333333333333334,True,valid,0.3143762548717289,0.2542097908714458,1.1504855504714373,283614.17074888427,84106.90398058122,257092.6962593589,282031.76952040836,61.01418239093957,22919.066555519872,0.014658546228123584,1585.0,1458446.3604107085,0.0002867331419373368,6011,55760,55.47657012939453,0,7.450580596923828e-09,3240,1.0,0.01,0.01,0.01,0.009900990099009901,0.009900990099009901,0.009900990099009901,3240,1.0,0.01,0.01,0.01,0.009900990099009901,0.009900990099009901,0.009900990099009901,4824,1.0,0.009999999347273001,0.009999999827324026,0.010000000251457043,0.009900989459144202,0.009900989929736325,0.009900990345512246
225,3.75,True,valid,0.31154487161955113,0.2499554608691822,1.1547595786324918,279375.63887244265,86673.0995699448,249188.4564956577,276629.74120803206,57.071973753459964,31569.8356724878,0.013361499511993087,1585.0,1912256.4279491412,0.0002638387826669288,5724,54802,56.02789306640625,0,7.450580596923828e-09,3240,1.0,0.01,0.01,0.01,0.009900990099009901,0.009900990099009901,0.009900990099009901,3240,1.0,0.01,0.01,0.01,0.009900990099009901,0.009900990099009901,0.009900990099009901,4824,1.0,0.009999999347273001,0.009999999827324026,0.010000000251457043,0.009900989459144202,0.009900989929736325,0.009900990345512246
226,3.7666666666666666,True,valid,0.3294943973425359,0.24688048099772258,1.1592905593387695,324363.19401317457,81188.78171274901,304757.76454720536,322870.44928293274,61.41718330874684,16916.46043592566,0.014473157884437994,1585.0,2274874.196097372,0.00033012704533544226,5872,55456,56.582611083984375,0,3.725290298461914e-09,3240,1.0,0.01,0.01,0.01,0.009900990099009901,0.009900990099009901,0.009900990099009901,3240,1.0,0.01,0.01,0.01,0.009900990099009901,0.009900990099009901,0.009900990099009901,4824,1.0,0.009999999347273001,0.009999999827324026,0.010000000251457043,0.009900989459144202,0.009900989929736325,0.009900990345512246
227,3.783333333333333,True,valid,0.32297962445084477,0.249248626835133,1.1497543380870772,322677.9640860167,81655.83408849168,298395.7877913947,321527.3641486671,54.50655137601366,19032.701196700997,0.01372557007718361,1585.0,2250343.877828184,0.0002955175560840307,5489,53508,57.13992691040039,0,3.725290298461914e-09,3240,1.0,0.01,0.01,0.01,0.009900990099009901,0.009900990099009901,0.009900990099009901,3240,1.0,0.01,0.01,0.01,0.009900990099009901,0.009900990099009901,0.009900990099009901,4824,1.0,0.009999999347273001,0.009999999827324026,0.010000000251457043,0.009900989459144202,0.009900989929736325,0.009900990345512246
228,3.8,True,valid,0.30588490524525463,0.24426378973041565,1.1354710956845973,271696.7881570474,76138.06467657979,247317.49953566986,270534.46119046136,56.843222417819064,15935.641757698959,0.014000788306359032,1585.0,2238481.438704823,0.0002628964374928039,5238,51507,57.69911575317383,0,7.450580596923828e-09,3240,1.0,0.01,0.01,0.01,0.009900990099009901,0.009900990099009901,0.009900990099009901,3240,1.0,0.01,0.01,0.01,0.009900990099009901,0.009900990099009901,0.009900990099009901,4824,1.0,0.009999999347273001,0.009999999827324026,0.010000000251457043,0.009900989459144202,0.009900989929736325,0.009900990345512246
229,3.816666666666667,True,valid,0.31379982783897925,0.25365525191555405,1.1535875170856584,297543.3651344999,85520.04270840905,273746.17482990125,296167.52301547653,57.677622272627154,19885.255096057655,0.014582580971227837,1585.0,1943273.0731607338,0.000299287505516345,5135,51018,58.25979232788086,0,3.725290298461914e-09,3240,1.0,0.01,0.01,0.01,0.009900990099009901,0.009900990099009901,0.009900990099009901,3240,1.0,0.01,0.01,0.01,0.009900990099009901,0.009900990099009901,0.009900990099009901,4824,1.0,0.009999999347273001,0.009999999827324026,0.010000000251457043,0.009900989459144202,0.009900989929736325,0.009900990345512246
230,3.8333333333333335,True,valid,0.3231332479899254,0.24227328974757184,1.1574242667646573,303507.7331297061,74938.70507446864,279853.5919515177,302137.23645363154,58.122342193125085,16420.665525024477,0.01431950747242482,1585.0,1640016.0162384005,0.00027393069385329044,5160,51667,58.82198715209961,0,7.450580596923828e-09,3240,1.0,0.01,0.01,0.01,0.009900990099009901,0.009900990099009901,0.009900990099009901,3240,1.0,0.01,0.01,0.01,0.009900990099009901,0.009900990099009901,0.009900990099009901,4824,1.0,0.009999999347273001,0.009999999827324026,0.010000000251457043,0.009900989459144202,0.009900989929736325,0.009900990345512246
231,3.85,True,valid,0.3187429432630462,0.2413399129709773,1.1468110633490864,315561.5823686044,74960.38740471653,297266.1316576836,313969.35705374286,55.90309072795568,26026.381563644507,0.014069473037702606,1585.0,1600787.4688120226,0.0003192656705138367,5204,51765,59.386085510253906,0,3.725290298461914e-09,3240,1.0,0.01,0.01,0.01,0.009900990099009901,0.009900990099009901,0.009900990099009901,3240,1.0,0.01,0.01,0.01,0.009900990099009901,0.009900990099009901,0.009900990099009901,4824,1.0,0.009999999347273001,0.009999999827324026,0.010000000251457043,0.009900989459144202,0.009900989929736325,0.009900990345512246
232,3.8666666666666667,True,valid,0.3328194747068469,0.24923582904519812,1.1549808452363794,321387.2970221992,83038.33243303097,298360.0666270164,319895.36890702305,56.94576971967571,18085.703500028092,0.014562512242451487,1585.0,2449861.021879329,0.00030705427495783104,5574,53312,59.95262908935547,0,1.862645149230957e-09,3240,1.0,0.01,0.01,0.01,0.009900990099009901,0.009900990099009901,0.009900990099009901,3240,1.0,0.01,0.01,0.01,0.009900990099009901,0.009900990099009901,0.009900990099009901,4824,1.0,0.009999999347273001,0.009999999827324026,0.010000000251457043,0.009900989459144202,0.009900989929736325,0.009900990345512246
233,3.8833333333333333,True,valid,0.32846600056476916,0.24542208817879613,1.1415158550663518,310962.4364752272,74616.7445991876,288980.40143661463,309590.0386747786,59.08287515607693,20813.227246748713,0.014641227662169522,1585.0,2110643.698400563,0.000316714410465736,4924,50209,60.52211380004883,0,1.862645149230957e-09,3240,1.0,0.01,0.01,0.01,0.009900990099009901,0.009900990099009901,0.009900990099009901,3240,1.0,0.01,0.01,0.01,0.009900990099009901,0.009900990099009901,0.009900990099009901,4824,1.0,0.009999999347273001,0.009999999827324026,0.010000000251457043,0.009900989459144202,0.009900989929736325,0.009900990345512246
234,3.9,True,valid,0.32946208016112566,0.24801441301877056,1.141252736728217,322016.9846249501,78232.35155514433,298026.3878848159,320721.49046575365,61.87028525623871,18821.414746577677,0.014773518425337343,1585.0,1681725.9093512644,0.00027810565827921196,5041,50554,61.09486389160156,0,2.7939677238464355e-09,3240,1.0,0.01,0.01,0.01,0.009900990099009901,0.009900990099009901,0.009900990099009901,3240,1.0,0.01,0.01,0.01,0.009900990099009901,0.009900990099009901,0.009900990099009901,4824,1.0,0.009999999347273001,0.009999999827324026,0.010000000251457043,0.009900989459144202,0.009900989929736325,0.009900990345512246
235,3.9166666666666665,True,valid,0.32498659265456176,0.2537029509595223,1.1418656865916206,299786.71740361885,78371.07465604803,277434.01148912945,298614.4695983185,57.36718314776274,18737.103046278917,0.013773407989969493,1585.0,1411096.8960845466,0.0002821055816686744,4878,49602,61.67099380493164,0,3.725290298461914e-09,3240,1.0,0.01,0.01,0.01,0.009900990099009901,0.009900990099009901,0.009900990099009901,3240,1.0,0.01,0.01,0.01,0.009900990099009901,0.009900990099009901,0.009900990099009901,4824,1.0,0.009999999347273001,0.009999999827324026,0.010000000251457043,0.009900989459144202,0.009900989929736325,0.009900990345512246
236,3.933333333333333,True,valid,0.3362742067187654,0.24705653895483806,1.1637909653541043,347601.34690587246,80206.92706070626,320180.2209323636,346450.9203896504,61.010200970597204,17969.076467528877,0.01462389768657708,1585.0,2713352.9628505884,0.000322697707024928,5429,51862,62.250431060791016,0,2.561137080192566e-09,3240,1.0,0.01,0.01,0.01,0.009900990099009901,0.009900990099009901,0.009900990099009901,3240,1.0,0.01,0.01,0.01,0.009900990099009901,0.009900990099009901,0.009900990099009901,4824,1.0,0.009999999347273001,0.009999999827324026,0.010000000251457043,0.009900989459144202,0.009900989929736325,0.009900990345512246
237,3.95,True,valid,0.3442823549968487,0.25428827737577525,1.1346397585421304,331204.50545695564,90364.14193684135,307939.1837485944,329442.85077013395,56.79966086610295,17263.348357123814,0.013942428796610676,1585.0,2079593.0310057758,0.00027088547655492644,5575,53282,62.83298873901367,0,3.4924596548080444e-09,3240,1.0,0.01,0.01,0.01,0.009900990099009901,0.009900990099009901,0.009900990099009901,3240,1.0,0.01,0.01,0.01,0.009900990099009901,0.009900990099009901,0.009900990099009901,4824,1.0,0.009999999347273001,0.009999999827324026,0.010000000251457043,0.009900989459144202,0.009900989929736325,0.009900990345512246
238,3.966666666666667,True,valid,0.3203328403913767,0.24778896582752016,1.1005722669997122,279011.8872303613,73236.61848664714,255624.84127048045,277991.1863713099,60.333052874263736,17188.90609371291,0.01474386571055693,1585.0,1527244.2346169208,0.0002845592134717249,5735,54081,63.41842269897461,0,3.725290298461914e-09,3240,1.0,0.01,0.01,0.01,0.009900990099009901,0.009900990099009901,0.009900990099009901,3240,1.0,0.01,0.01,0.01,0.009900990099009901,0.009900990099009901,0.009900990099009901,4824,1.0,0.009999999347273001,0.009999999827324026,0.010000000251457043,0.009900989459144202,0.009900989929736325,0.009900990345512246
239,3.9833333333333334,True,valid,0.3128436036706753,0.25016698100219886,1.1372987073737755,295703.41640136234,81079.33892536067,271750.4340016833,294353.66884760675,209.53875987492535,17903.343942610438,0.013565074293254476,1585.0,1913810.467825112,0.0002910120524948352,5058,50446,64.00650024414062,0,5.587935447692871e-09,3240,1.0,0.01,0.01,0.01,0.009900990099009901,0.009900990099009901,0.009900990099009901,3240,1.0,0.01,0.01,0.01,0.009900990099009901,0.009900990099009901,0.009900990099009901,4824,1.0,0.009999999347273001,0.009999999827324026,0.010000000251457043,0.009900989459144202,0.009900989929736325,0.009900990345512246
240,4.0,True,valid,0.32266033586716847,0.2589038728606296,1.129447808547957,278974.2445141994,85704.37440211313,246696.86317143598,277475.57222458237,65.13249608559511,23552.644189046958,0.013717468692874414,1585.0,1884865.0498108729,0.00027558014705831647,5005,50327,64.59720611572266,0,7.450580596923828e-09,3240,1.0,0.01,0.01,0.01,0.009900990099009901,0.009900990099009901,0.009900990099009901,3240,1.0,0.01,0.01,0.01,0.009900990099009901,0.009900990099009901,0.009900990099009901,4824,1.0,0.009999999347273001,0.009999999827324026,0.010000000251457043,0.009900989459144202,0.009900989929736325,0.009900990345512246
241,4.016666666666667,True,valid,0.3302719246636144,0.24828717847051038,1.1548022496737576,308572.1568459054,74378.99436386809,283736.19398771966,307034.1495934296,57.61942997435722,16222.410682666601,0.014045067611132039,1585.0,2811480.3487299467,0.0002596786757438419,4977,49910,65.1905746459961,0,5.587935447692871e-09,3240,1.0,0.01,0.01,0.01,0.009900990099009901,0.009900990099009901,0.009900990099009901,3240,1.0,0.01,0.01,0.01,0.009900990099009901,0.009900990099009901,0.009900990099009901,4824,1.0,0.009999999347273001,0.009999999827324026,0.010000000251457043,0.009900989459144202,0.009900989929736325,0.009900990345512246
242,4.033333333333333,True,valid,0.33133543613169525,0.25499626131450953,1.1570176499425717,302069.2565969467,86325.24577530789,274771.5444604662,299895.8705432112,59.03805795161073,24323.077642325035,0.013857473043194585,1585.0,1611721.740087264,0.0003104933721187563,5016,50642,65.78651428222656,0,3.725290298461914e-09,3240,1.0,0.01,0.01,0.01,0.009900990099009901,0.009900990099009901,0.009900990099009901,3240,1.0,0.01,0.01,0.01,0.009900990099009901,0.009900990099009901,0.009900990099009901,4824,1.0,0.009999999347273001,0.009999999827324026,0.010000000251457043,0.009900989459144202,0.009900989929736325,0.009900990345512246
243,4.05,True,valid,0.31706578269768726,0.2514341141887165,1.1546718008366148,285526.01493244123,86168.09093216404,260747.60749955158,284014.04349738057,63.330004121857364,29036.091041887717,0.013476514647525549,1585.0,1786369.7385376657,0.00027058035608538815,4668,48563,66.3850326538086,0,3.725290298461914e-09,3240,1.0,0.01,0.01,0.01,0.009900990099009901,0.009900990099009901,0.009900990099009901,3240,1.0,0.01,0.01,0.01,0.009900990099009901,0.009900990099009901,0.009900990099009901,4824,1.0,0.009999999347273001,0.009999999827324026,0.010000000251457043,0.009900989459144202,0.009900989929736325,0.009900990345512246
244,4.066666666666666,True,valid,0.3189390428374762,0.25703774577433547,1.149339457390059,278160.0698856661,96472.33236112604,243943.5285451067,276419.1890795799,60.354413497990826,26488.46176164474,0.014616232379996558,1585.0,2065740.7458685539,0.00027741302634130274,4939,49344,66.9862289428711,0,7.450580596923828e-09,3240,1.0,0.01,0.01,0.01,0.009900990099009901,0.009900990099009901,0.009900990099009901,3240,1.0,0.01,0.01,0.01,0.009900990099009901,0.009900990099009901,0.009900990099009901,4824,1.0,0.009999999347273001,0.009999999827324026,0.010000000251457043,0.009900989459144202,0.009900989929736325,0.009900990345512246
245,4.083333333333333,True,valid,0.3459210160331281,0.2634995026827722,1.1628671021636006,333804.49539476464,84362.83606010633,307307.0126510216,332798.35504187125,56.60781358572978,17243.39059433059,0.013831283741380635,1585.0,1905328.0426675845,0.000244984709757018,4663,48612,67.59025573730469,0,7.450580596923828e-09,3240,1.0,0.01,0.01,0.01,0.009900990099009901,0.009900990099009901,0.009900990099009901,3240,1.0,0.01,0.01,0.01,0.009900990099009901,0.009900990099009901,0.009900990099009901,4824,1.0,0.009999999347273001,0.009999999827324026,0.010000000251457043,0.009900989459144202,0.009900989929736325,0.009900990345512246
246,4.1,True,valid,0.3097222162579661,0.2531670873276025,1.1465928891624586,283902.48623101204,83455.93245982667,259002.0679069443,282677.67698183074,63.22095666275982,20885.118717102356,0.013834176530069757,1585.0,1896552.0345827069,0.0002667811193743166,4823,49232,68.19729614257812,0,7.450580596923828e-09,3240,1.0,0.01,0.01,0.01,0.009900990099009901,0.009900990099009901,0.009900990099009901,3240,1.0,0.01,0.01,0.01,0.009900990099009901,0.009900990099009901,0.009900990099009901,4824,1.0,0.009999999347273001,0.009999999827324026,0.010000000251457043,0.009900989459144202,0.009900989929736325,0.009900990345512246
247,4.116666666666666,True,valid,0.3151259908838254,0.2571981150047492,1.1945190318992573,291713.78355856636,79332.87148877991,268787.83514584956,290730.5062286165,56.87256097078361,19799.069017223,0.014184759950796155,1585.0,1739999.98595336,0.0002898059928494288,4740,49013,68.80755615234375,0,3.725290298461914e-09,3240,1.0,0.01,0.01,0.01,0.009900990099009901,0.009900990099009901,0.009900990099009901,3240,1.0,0.01,0.01,0.01,0.009900990099009901,0.009900990099009901,0.009900990099009901,4824,1.0,0.009999999347273001,0.009999999827324026,0.010000000251457043,0.009900989459144202,0.009900989929736325,0.009900990345512246
248,4.133333333333334,True,valid,0.33258301581980804,0.24901106341166426,1.1391248428047451,315656.5975759561,82986.14813442343,285491.3760790273,314741.35670884314,64.44195328777522,20638.83440046367,0.014374231589499669,1585.0,2221685.2223455072,0.00033007305594579824,4687,48271,69.42120361328125,0,3.725290298461914e-09,3240,1.0,0.01,0.01,0.01,0.009900990099009901,0.009900990099009901,0.009900990099009901,3240,1.0,0.01,0.01,0.01,0.009900990099009901,0.009900990099009901,0.009900990099009901,4824,1.0,0.009999999347273001,0.009999999827324026,0.010000000251457043,0.009900989459144202,0.009900989929736325,0.009900990345512246
249,4.15,True,valid,0.32528407968160133,0.2502093158966588,1.1448370720529035,292372.47116246726,75927.2294149482,267703.86934282235,291541.98585178854,60.0654976404182,22381.678769002207,0.01385980874157118,1585.0,2711693.2545769718,0.0002455718540171138,4792,49190,70.038330078125,0,7.450580596923828e-09,3240,1.0,0.01,0.01,0.01,0.009900990099009901,0.009900990099009901,0.009900990099009901,3240,1.0,0.01,0.01,0.01,0.009900990099009901,0.009900990099009901,0.009900990099009901,4824,1.0,0.009999999347273001,0.009999999827324026,0.010000000251457043,0.009900989459144202,0.009900989929736325,0.009900990345512246
250,4.166666666666667,True,valid,0.32186043267791853,0.24603080042869527,1.1433753249031073,272276.49003543635,78796.02379578858,245814.58385686323,271148.1601440036,65.27980570928972,21100.813250290066,0.014357213629996132,1585.0,2067918.7581177284,0.000258318638248683,4736,48191,70.6589584350586,0,7.450580596923828e-09,3240,1.0,0.01,0.01,0.01,0.009900990099009901,0.009900990099009901,0.009900990099009901,3240,1.0,0.01,0.01,0.01,0.009900990099009901,0.009900990099009901,0.009900990099009901,4824,1.0,0.009999999347273001,0.009999999827324026,0.010000000251457043,0.009900989459144202,0.009900989929736325,0.009900990345512246
251,4.183333333333334,True,valid,0.3160820778443993,0.2542203499750915,1.1440835739594661,299398.76074876427,91083.75941272923,266501.476713326,298199.0355337173,54.160517924930595,24825.970346301292,0.014163926316756646,1585.0,1920064.911544483,0.00022587475933081555,4514,47512,71.28303527832031,0,7.450580596923828e-09,3240,1.0,0.01,0.01,0.01,0.009900990099009901,0.009900990099009901,0.009900990099009901,3240,1.0,0.01,0.01,0.01,0.009900990099009901,0.009900990099009901,0.009900990099009901,4824,1.0,0.009999999347273001,0.009999999827324026,0.010000000251457043,0.009900989459144202,0.009900989929736325,0.009900990345512246
252,4.2,True,valid,0.31265350935348846,0.24865301777928467,1.131836050680221,278242.1868702529,87130.135191018,244684.83891436344,277288.24503940844,55.93529362946072,19176.32313175382,0.01436351123864994,1585.0,1763650.8318275784,0.0002669039279891043,4543,47796,71.91043090820312,0,7.450580596923828e-09,3240,1.0,0.01,0.01,0.01,0.009900990099009901,0.009900990099009901,0.009900990099009901,3240,1.0,0.01,0.01,0.01,0.009900990099009901,0.009900990099009901,0.009900990099009901,4824,1.0,0.009999999347273001,0.009999999827324026,0.010000000251457043,0.009900989459144202,0.009900989929736325,0.009900990345512246
253,4.216666666666667,True,valid,0.3232282035035055,0.24461475165235078,1.141418473339591,303848.60145136766,79857.5659102563,279926.74695205176,301939.7801686208,51.14647740017848,27611.259659697276,0.014567237312620347,1585.0,1659339.6884908096,0.00027116233643197237,4173,45728,72.54096221923828,0,7.450580596923828e-09,3240,1.0,0.01,0.01,0.01,0.009900990099009901,0.009900990099009901,0.009900990099009901,3240,1.0,0.01,0.01,0.01,0.009900990099009901,0.009900990099009901,0.009900990099009901,4824,1.0,0.009999999347273001,0.009999999827324026,0.010000000251457043,0.009900989459144202,0.009900989929736325,0.009900990345512246
254,4.233333333333333,True,valid,0.30276509379446503,0.2522654480098703,1.123295882794097,279526.19777956203,77424.68603627579,252670.70925501361,278158.1400264881,57.20582988659645,19949.646192337874,0.014195914766091425,1585.0,1997679.360167115,0.00025907784695138064,4735,48985,73.17440795898438,0,7.450580596923828e-09,3240,1.0,0.01,0.01,0.01,0.009900990099009901,0.009900990099009901,0.009900990099009901,3240,1.0,0.01,0.01,0.01,0.009900990099009901,0.009900990099009901,0.009900990099009901,4824,1.0,0.009999999347273001,0.009999999827324026,0.010000000251457043,0.009900989459144202,0.009900989929736325,0.009900990345512246
255,4.25,True,valid,0.3260212780131826,0.2516861979887344,1.1475795874743042,328587.29286316864,83941.37002853415,297876.87391056074,327756.6010871135,57.97462888087052,25915.531683479843,0.014280364927632298,1585.0,2468148.3369480516,0.00027094782942010145,5110,51020,73.81055450439453,0,7.450580596923828e-09,3240,1.0,0.01,0.01,0.01,0.009900990099009901,0.009900990099009901,0.009900990099009901,3240,1.0,0.01,0.01,0.01,0.009900990099009901,0.009900990099009901,0.009900990099009901,4824,1.0,0.009999999347273001,0.009999999827324026,0.010000000251457043,0.009900989459144202,0.009900989929736325,0.009900990345512246
256,4.266666666666667,True,valid,0.32035663516481844,0.24438606542449556,1.1604624180685832,299406.4707200806,80367.0109840332,277070.3400300021,297783.77472769056,54.75721336756072,21052.79449242195,0.014985537411641011,1585.0,1521996.4286090464,0.00027016351076619244,5116,50562,74.44920349121094,0,7.450580596923828e-09,3240,1.0,0.01,0.01,0.01,0.009900990099009901,0.009900990099009901,0.009900990099009901,3240,1.0,0.01,0.01,0.01,0.009900990099009901,0.009900990099009901,0.009900990099009901,4824,1.0,0.009999999347273001,0.009999999827324026,0.010000000251457043,0.009900989459144202,0.009900989929736325,0.009900990345512246
257,4.283333333333333,True,valid,0.3193742110855154,0.2481261802426414,1.147190588627133,307580.6610320112,84673.9795134504,284497.71264565724,306474.7263622931,61.02823878736444,22899.936526340625,0.014849356959314983,1585.0,1655345.8889014816,0.00030785661379348535,4901,49692,75.09025573730469,0,7.450580596923828e-09,3240,1.0,0.01,0.01,0.01,0.009900990099009901,0.009900990099009901,0.009900990099009901,3240,1.0,0.01,0.01,0.01,0.009900990099009901,0.009900990099009901,0.009900990099009901,4824,1.0,0.009999999347273001,0.009999999827324026,0.010000000251457043,0.009900989459144202,0.009900989929736325,0.009900990345512246
258,4.3,True,valid,0.3233761605499821,0.25344236981272544,1.156092374208455,291915.70850858313,74206.135638487,268776.8472657307,291297.2481376821,55.02349994450236,18993.960141036252,0.014630041485770153,1585.0,1712731.4348897936,0.0002939570598663095,4974,50512,75.73369598388672,0,7.450580596923828e-09,3240,1.0,0.01,0.01,0.01,0.009900990099009901,0.009900990099009901,0.009900990099009901,3240,1.0,0.01,0.01,0.01,0.009900990099009901,0.009900990099009901,0.009900990099009901,4824,1.0,0.009999999347273001,0.009999999827324026,0.010000000251457043,0.009900989459144202,0.009900989929736325,0.009900990345512246
259,4.316666666666666,True,valid,0.3187156138318441,0.24967488126313384,1.1536005922613393,308093.9264303044,81571.44233614064,286976.2919787761,307132.794952238,57.078805529247276,22242.9937710403,0.014408881952709418,1585.0,2044251.6060632202,0.000321902510500152,4730,48961,76.37970733642578,0,7.450580596923828e-09,3240,1.0,0.01,0.01,0.01,0.009900990099009901,0.009900990099009901,0.009900990099009901,3240,1.0,0.01,0.01,0.01,0.009900990099009901,0.009900990099009901,0.009900990099009901,4824,1.0,0.009999999347273001,0.009999999827324026,0.010000000251457043,0.009900989459144202,0.009900989929736325,0.009900990345512246
260,4.333333333333333,True,valid,0.31637389463005133,0.24811751031151713,1.1485845291967673,285719.72822593513,71947.27811162226,263674.75205035415,284744.1129002549,55.09725242402501,23701.118826112164,0.013991852111195302,1585.0,1641018.838915248,0.0002874324185504511,4849,49200,77.02860260009766,0,3.725290298461914e-09,3240,1.0,0.01,0.01,0.01,0.009900990099009901,0.009900990099009901,0.009900990099009901,3240,1.0,0.01,0.01,0.01,0.009900990099009901,0.009900990099009901,0.009900990099009901,4824,1.0,0.009999999347273001,0.009999999827324026,0.010000000251457043,0.009900989459144202,0.009900989929736325,0.009900990345512246
261,4.35,True,valid,0.32016716450588606,0.2516688002961557,1.1626460116212587,305774.43657557014,80707.87229776506,280950.08093792835,304749.2190394039,59.31610913290879,22223.984830164467,0.014189540789350094,1585.0,2097408.250078461,0.00029397872301941915,4586,47466,77.68081665039062,0,3.725290298461914e-09,3240,1.0,0.01,0.01,0.01,0.009900990099009901,0.009900990099009901,0.009900990099009901,3240,1.0,0.01,0.01,0.01,0.009900990099009901,0.009900990099009901,0.009900990099009901,4824,1.0,0.009999999347273001,0.009999999827324026,0.010000000251457043,0.009900989459144202,0.009900989929736325,0.009900990345512246
262,4.366666666666666,True,valid,0.3237841959050868,0.24938641322149388,1.1213147935951746,307827.9113405718,79759.75918854625,288200.9972258815,306199.4184953726,58.87977768234335,25747.58357095025,0.014331090931765177,1585.0,1773074.8529085172,0.00029008346142384543,4428,47260,78.3367691040039,0,3.725290298461914e-09,3240,1.0,0.01,0.01,0.01,0.009900990099009901,0.009900990099009901,0.009900990099009901,3240,1.0,0.01,0.01,0.01,0.009900990099009901,0.009900990099009901,0.009900990099009901,4824,1.0,0.009999999347273001,0.009999999827324026,0.010000000251457043,0.009900989459144202,0.009900989929736325,0.009900990345512246
263,4.383333333333334,True,valid,0.32451280497537105,0.259167429389816,1.1374865230754339,295766.1494574359,81148.03503155592,270883.0394071985,293836.0476804372,64.11615749246883,23510.4934006752,0.013926199587690263,1585.0,1676437.6402573485,0.0002840609467600078,4971,50055,78.99675750732422,0,3.725290298461914e-09,3240,1.0,0.01,0.01,0.01,0.009900990099009901,0.009900990099009901,0.009900990099009901,3240,1.0,0.01,0.01,0.01,0.009900990099009901,0.009900990099009901,0.009900990099009901,4824,1.0,0.009999999347273001,0.009999999827324026,0.010000000251457043,0.009900989459144202,0.009900989929736325,0.009900990345512246
264,4.4,True,valid,0.3173643052115108,0.24935995640302716,1.1574845677968724,292697.98519575264,86503.76301350865,269994.5783939692,291028.7900208717,66.3417958624315,30724.06043317602,0.013842972764018533,1585.0,1466745.3802750912,0.00025685756768233716,5206,51410,79.6607894897461,0,7.450580596923828e-09,3240,1.0,0.01,0.01,0.01,0.009900990099009901,0.009900990099009901,0.009900990099009901,3240,1.0,0.01,0.01,0.01,0.009900990099009901,0.009900990099009901,0.009900990099009901,4824,1.0,0.009999999347273001,0.009999999827324026,0.010000000251457043,0.009900989459144202,0.009900989929736325,0.009900990345512246
265,4.416666666666667,True,valid,0.31761021488844493,0.24969170203825883,1.1638263109336655,304210.8575613896,76905.5008998736,286917.0656486523,302576.53846937045,59.51798168254868,22527.535982382367,0.013466432109481794,1585.0,2012221.7286359225,0.00027468058901175795,5508,53221,80.32856750488281,0,7.450580596923828e-09,3240,1.0,0.01,0.01,0.01,0.009900990099009901,0.009900990099009901,0.009900990099009901,3240,1.0,0.01,0.01,0.01,0.009900990099009901,0.009900990099009901,0.009900990099009901,4824,1.0,0.009999999347273001,0.009999999827324026,0.010000000251457043,0.009900989459144202,0.009900989929736325,0.009900990345512246
266,4.433333333333334,True,valid,0.3148428089260013,0.2492152708628664,1.1672641177079488,294692.71924696094,83498.09000829348,263239.40362484625,293803.07510783727,64.17034664993244,18093.309611394572,0.014256119058942605,1585.0,2457998.9802125706,0.000282715693231279,5326,52576,80.99956512451172,0,7.450580596923828e-09,3240,1.0,0.01,0.01,0.01,0.009900990099009901,0.009900990099009901,0.009900990099009901,3240,1.0,0.01,0.01,0.01,0.009900990099009901,0.009900990099009901,0.009900990099009901,4824,1.0,0.009999999347273001,0.009999999827324026,0.010000000251457043,0.009900989459144202,0.009900989929736325,0.009900990345512246
267,4.45,True,valid,0.32288037141976533,0.24309504760768536,1.1630915332018474,320134.2121518284,73825.5521694396,302775.7432765144,318807.455935747,54.76876136152119,21305.570170060102,0.01433985576166981,1585.0,1997667.8321726513,0.00034893624992623964,4762,49151,81.67314910888672,0,3.725290298461914e-09,3240,1.0,0.01,0.01,0.01,0.009900990099009901,0.009900990099009901,0.009900990099009901,3240,1.0,0.01,0.01,0.01,0.009900990099009901,0.009900990099009901,0.009900990099009901,4824,1.0,0.009999999347273001,0.009999999827324026,0.010000000251457043,0.009900989459144202,0.009900989929736325,0.009900990345512246
268,4.466666666666667,True,valid,0.31455509693237566,0.24728255465136217,1.1389249445808367,283622.0085873053,79365.05835992053,261212.32277670287,281980.96821015974,58.99460785417556,22430.472318378113,0.013853220659976141,1585.0,2088171.1413052808,0.0003044401973653354,4836,49636,82.34883880615234,0,3.725290298461914e-09,3240,1.0,0.01,0.01,0.01,0.009900990099009901,0.009900990099009901,0.009900990099009901,3240,1.0,0.01,0.01,0.01,0.009900990099009901,0.009900990099009901,0.009900990099009901,4824,1.0,0.009999999347273001,0.009999999827324026,0.010000000251457043,0.009900989459144202,0.009900989929736325,0.009900990345512246
269,4.483333333333333,True,valid,0.3178262611937963,0.2555079934487383,1.1437600132637482,282837.3132017746,86114.83833184451,258801.65046135758,281005.02152850875,59.59598666503327,22637.155073323378,0.013708797797971307,1585.0,1657634.8851914976,0.0002995345104331253,4981,50168,83.02642822265625,0,1.862645149230957e-09,3240,1.0,0.01,0.01,0.01,0.009900990099009901,0.009900990099009901,0.009900990099009901,3240,1.0,0.01,0.01,0.01,0.009900990099009901,0.009900990099009901,0.009900990099009901,4824,1.0,0.009999999347273001,0.009999999827324026,0.010000000251457043,0.009900989459144202,0.009900989929736325,0.009900990345512246
270,4.5,True,valid,0.3279929158255432,0.2535729376506967,1.1729228775468525,314859.0609533785,84658.7171286565,290623.16189548734,313845.7698978743,55.180631068208044,30117.41765975274,0.013813052838376904,1585.0,1701246.821422305,0.00030360365054255754,5293,51961,83.70608520507812,0,3.725290298461914e-09,3240,1.0,0.01,0.01,0.01,0.009900990099009901,0.009900990099009901,0.009900990099009901,3240,1.0,0.01,0.01,0.01,0.009900990099009901,0.009900990099009901,0.009900990099009901,4824,1.0,0.009999999347273001,0.009999999827324026,0.010000000251457043,0.009900989459144202,0.009900989929736325,0.009900990345512246
271,4.516666666666667,True,valid,0.317548576474092,0.24304795337659166,1.1613864864496712,303335.27602602256,81503.41915062733,276310.7525966265,302271.32439213473,54.43272735835414,18741.776457923213,0.013535945879179312,1585.0,1938622.9143012417,0.00028409320833618757,5103,51293,84.38825988769531,0,3.259629011154175e-09,3240,1.0,0.01,0.01,0.01,0.009900990099009901,0.009900990099009901,0.009900990099009901,3240,1.0,0.01,0.01,0.01,0.009900990099009901,0.009900990099009901,0.009900990099009901,4824,1.0,0.009999999347273001,0.009999999827324026,0.010000000251457043,0.009900989459144202,0.009900989929736325,0.009900990345512246
272,4.533333333333333,True,valid,0.3210633142075612,0.2648692428947152,1.1537392961213904,292459.93111797486,82929.4581074736,271900.08563437354,291445.20380703296,62.242213994044626,22094.98903271699,0.013527330798757795,1585.0,2067724.142382849,0.00026356527128793884,4982,50323,85.07356262207031,0,3.14321368932724e-09,3240,1.0,0.01,0.01,0.01,0.009900990099009901,0.009900990099009901,0.009900990099009901,3240,1.0,0.01,0.01,0.01,0.009900990099009901,0.009900990099009901,0.009900990099009901,4824,1.0,0.009999999347273001,0.009999999827324026,0.010000000251457043,0.009900989459144202,0.009900989929736325,0.009900990345512246
273,4.55,True,valid,0.3217662055654287,0.2540830723003202,1.1685891077390984,300820.62020601594,78319.59821040383,281710.78902600904,299467.7820809125,53.159420301031446,24450.630660316936,0.01473141517983423,1585.0,2045276.3196181364,0.000321799803229941,5082,51092,85.7625503540039,0,2.3283064365386963e-09,3240,1.0,0.01,0.01,0.01,0.009900990099009901,0.009900990099009901,0.009900990099009901,3240,1.0,0.01,0.01,0.01,0.009900990099009901,0.009900990099009901,0.009900990099009901,4824,1.0,0.009999999347273001,0.009999999827324026,0.010000000251457043,0.009900989459144202,0.009900989929736325,0.009900990345512246
274,4.566666666666666,True,valid,0.32630290893549074,0.25830696428633865,1.1593299622111106,321069.16037928185,89612.11672128277,293693.78937632096,319632.99879213807,54.421098982512575,19969.04998334865,0.013807699958966597,1585.0,1963361.5753126391,0.0002490996688985703,4997,50268,86.4555892944336,0,2.7939677238464355e-09,3240,1.0,0.01,0.01,0.01,0.009900990099009901,0.009900990099009901,0.009900990099009901,3240,1.0,0.01,0.01,0.01,0.009900990099009901,0.009900990099009901,0.009900990099009901,4824,1.0,0.009999999347273001,0.009999999827324026,0.010000000251457043,0.009900989459144202,0.009900989929736325,0.009900990345512246
275,4.583333333333333,True,valid,0.32544669002479926,0.2531021155102261,1.164489516293661,317767.77268002974,86489.53884019895,293051.4622663731,316127.85028855037,60.62994031473036,21453.042976383575,0.013664969510840081,1585.0,1800172.2805195951,0.0002766254094857031,5545,53040,87.15271759033203,0,3.725290298461914e-09,3240,1.0,0.01,0.01,0.01,0.009900990099009901,0.009900990099009901,0.009900990099009901,3240,1.0,0.01,0.01,0.01,0.009900990099009901,0.009900990099009901,0.009900990099009901,4824,1.0,0.009999999347273001,0.009999999827324026,0.010000000251457043,0.009900989459144202,0.009900989929736325,0.009900990345512246
276,4.6,True,valid,0.3080400207762453,0.25576437689450005,1.1850871369730072,281379.8828642716,86918.82673310237,256176.2930048689,280345.235447917,54.817863741662165,25814.677980898097,0.01373281994850207,1585.0,1622260.1277549982,0.0002682072601419418,5688,54189,87.85369873046875,0,7.450580596923828e-09,3240,1.0,0.01,0.01,0.01,0.009900990099009901,0.009900990099009901,0.009900990099009901,3240,1.0,0.01,0.01,0.01,0.009900990099009901,0.009900990099009901,0.009900990099009901,4824,1.0,0.009999999347273001,0.009999999827324026,0.010000000251457043,0.009900989459144202,0.009900989929736325,0.009900990345512246
277,4.616666666666666,True,valid,0.314105468310706,0.2531957500417392,1.164409979754285,274899.08609589044,78143.2037589156,254748.32718231692,274051.9602768661,58.89653414379117,17874.390539491385,0.014638984911625883,1585.0,1437205.6547516938,0.0003138360964176207,5580,53625,88.5580825805664,0,3.725290298461914e-09,3240,1.0,0.01,0.01,0.01,0.009900990099009901,0.009900990099009901,0.009900990099009901,3240,1.0,0.01,0.01,0.01,0.009900990099009901,0.009900990099009901,0.009900990099009901,4824,1.0,0.009999999347273001,0.009999999827324026,0.010000000251457043,0.009900989459144202,0.009900989929736325,0.009900990345512246
278,4.633333333333334,True,valid,0.30491376409608023,0.2565491746404725,1.1305765751751857,289369.31797492184,83796.01222453268,262311.045421919,288372.4531904294,57.8151928834175,22104.183990541624,0.014137651738077052,1585.0,1881093.229636505,0.0003179989367922327,5067,51163,89.26534271240234,0,3.725290298461914e-09,3240,1.0,0.01,0.01,0.01,0.009900990099009901,0.009900990099009901,0.009900990099009901,3240,1.0,0.01,0.01,0.01,0.009900990099009901,0.009900990099009901,0.009900990099009901,4824,1.0,0.009999999347273001,0.009999999827324026,0.010000000251457043,0.009900989459144202,0.009900989929736325,0.009900990345512246
279,4.65,True,valid,0.3058330054109523,0.248879542722649,1.1392362787961832,272403.49141206616,80321.99786021837,253448.74759215958,270828.22976920684,62.37049122542174,32520.621396942177,0.013870951617210655,1585.0,2190326.98057464,0.00027580374119927164,5375,52051,89.97502899169922,0,3.725290298461914e-09,3240,1.0,0.01,0.01,0.01,0.009900990099009901,0.009900990099009901,0.009900990099009901,3240,1.0,0.01,0.01,0.01,0.009900990099009901,0.009900990099009901,0.009900990099009901,4824,1.0,0.009999999347273001,0.009999999827324026,0.010000000251457043,0.009900989459144202,0.009900989929736325,0.009900990345512246
280,4.666666666666667,True,valid,0.3211990139391741,0.2445681462369074,1.1408340644941575,328703.8038779751,79900.54022414057,307366.67126201367,327093.13751910423,51.69217454260409,29716.06907404292,0.014193034059529602,1585.0,2796450.168786887,0.0002684923044716463,5207,51816,90.6868896484375,0,3.725290298461914e-09,3240,1.0,0.01,0.01,0.01,0.009900990099009901,0.009900990099009901,0.009900990099009901,3240,1.0,0.01,0.01,0.01,0.009900990099009901,0.009900990099009901,0.009900990099009901,4824,1.0,0.009999999347273001,0.009999999827324026,0.010000000251457043,0.009900989459144202,0.009900989929736325,0.009900990345512246
281,4.683333333333334,True,valid,0.3182190931577103,0.2561721977343379,1.1240936921508422,268864.65872972645,82068.23568225317,243097.3644138995,268598.25926126505,50.0586032293089,24389.667433415165,0.013059734217429743,1585.0,1369652.0390243465,0.00026914767891585736,5273,51731,91.40093231201172,0,7.450580596923828e-09,3240,1.0,0.01,0.01,0.01,0.009900990099009901,0.009900990099009901,0.009900990099009901,3240,1.0,0.01,0.01,0.01,0.009900990099009901,0.009900990099009901,0.009900990099009901,4824,1.0,0.009999999347273001,0.009999999827324026,0.010000000251457043,0.009900989459144202,0.009900989929736325,0.009900990345512246
282,4.7,True,valid,0.3073905378669386,0.2501387575595941,1.1617651349150542,282589.95404477906,89488.83928919188,258317.28819744271,281361.4013800077,55.780545120124465,25505.83611746046,0.01448255105618962,1585.0,1958019.1661527075,0.00029054880174535366,5296,51994,92.1174087524414,0,3.725290298461914e-09,3240,1.0,0.01,0.01,0.01,0.009900990099009901,0.009900990099009901,0.009900990099009901,3240,1.0,0.01,0.01,0.01,0.009900990099009901,0.009900990099009901,0.009900990099009901,4824,1.0,0.009999999347273001,0.009999999827324026,0.010000000251457043,0.009900989459144202,0.009900989929736325,0.009900990345512246
283,4.716666666666667,True,valid,0.3129006147169926,0.24838654752632194,1.1436277772631582,292710.86900884815,79366.69039568098,267907.4053411725,291718.26736115845,60.68612653528254,20503.48905125394,0.014048743259917701,1585.0,1655525.4620283798,0.0002819411983976635,5421,52633,92.83674621582031,0,3.725290298461914e-09,3240,1.0,0.01,0.01,0.01,0.009900990099009901,0.009900990099009901,0.009900990099009901,3240,1.0,0.01,0.01,0.01,0.009900990099009901,0.009900990099009901,0.009900990099009901,4824,1.0,0.009999999347273001,0.009999999827324026,0.010000000251457043,0.009900989459144202,0.009900989929736325,0.009900990345512246
284,4.733333333333333,True,valid,0.3165949565224167,0.2424470213218482,1.1222450100486119,281950.87091746734,80298.0437093254,252731.15936467276,280785.15560488426,57.55192647300556,20520.82914072817,0.013826286488822843,1585.0,1643624.8597698489,0.0002764615257960882,5349,52255,93.55940246582031,0,7.450580596923828e-09,3240,1.0,0.01,0.01,0.01,0.009900990099009901,0.009900990099009901,0.009900990099009901,3240,1.0,0.01,0.01,0.01,0.009900990099009901,0.009900990099009901,0.009900990099009901,4824,1.0,0.009999999347273001,0.009999999827324026,0.010000000251457043,0.009900989459144202,0.009900989929736325,0.009900990345512246
285,4.75,True,valid,0.33451783590810086,0.24748058975118897,1.1470904765860968,326456.343888284,79899.20075768867,305049.0465763617,324997.6765821365,57.365508632364445,20516.210075512205,0.014166886088998867,1585.0,1847406.2040363462,0.0002743682919682117,5594,53618,94.28577423095703,0,7.450580596923828e-09,3240,1.0,0.01,0.01,0.01,0.009900990099009901,0.009900990099009901,0.009900990099009901,3240,1.0,0.01,0.01,0.01,0.009900990099009901,0.009900990099009901,0.009900990099009901,4824,1.0,0.009999999347273001,0.009999999827324026,0.010000000251457043,0.009900989459144202,0.009900989929736325,0.009900990345512246
286,4.766666666666667,True,valid,0.3262781568271448,0.24952035478783685,1.1453774566052048,315559.0388221676,84988.41385766839,285088.1885267409,314052.87055435946,62.089266459684005,25279.863992876148,0.014889768460760577,1585.0,1912102.0452327246,0.00028170792403570523,5605,53819,95.01606750488281,0,7.450580596923828e-09,3240,1.0,0.01,0.01,0.01,0.009900990099009901,0.009900990099009901,0.009900990099009901,3240,1.0,0.01,0.01,0.01,0.009900990099009901,0.009900990099009901,0.009900990099009901,4824,1.0,0.009999999347273001,0.009999999827324026,0.010000000251457043,0.009900989459144202,0.009900989929736325,0.009900990345512246
287,4.783333333333333,True,valid,0.30804941758418275,0.244916056901168,1.1585561142447793,285348.39273006626,86738.10360001057,257894.39890983317,284581.9748429565,51.25176171014869,22657.649054023997,0.013635582561109489,1585.0,1925144.5332811417,0.0002969192742174078,4897,49929,95.75025177001953,0,7.450580596923828e-09,3240,1.0,0.01,0.01,0.01,0.009900990099009901,0.009900990099009901,0.009900990099009901,3240,1.0,0.01,0.01,0.01,0.009900990099009901,0.009900990099009901,0.009900990099009901,4824,1.0,0.009999999347273001,0.009999999827324026,0.010000000251457043,0.009900989459144202,0.009900989929736325,0.009900990345512246
288,4.8,True,valid,0.30684820640846855,0.2573075887227917,1.1535571109784384,264778.1249313659,79972.50194553335,243527.6985373637,263836.44894236495,56.773757642007936,19010.059331772056,0.013827397567517413,1585.0,1660967.3101220704,0.0002652128695653581,5009,49928,96.4880599975586,0,7.450580596923828e-09,3240,1.0,0.01,0.01,0.01,0.009900990099009901,0.009900990099009901,0.009900990099009901,3240,1.0,0.01,0.01,0.01,0.009900990099009901,0.009900990099009901,0.009900990099009901,4824,1.0,0.009999999347273001,0.009999999827324026,0.010000000251457043,0.009900989459144202,0.009900989929736325,0.009900990345512246
289,4.816666666666666,True,valid,0.30831759180827073,0.24929110460392268,1.1556557301547752,295394.5361820134,76392.70953611376,272237.6920964388,294216.45991425787,52.47188866947661,24957.905378004336,0.013628182446318061,1585.0,1850832.7660374804,0.00026753026901499044,4657,48472,97.22908020019531,0,7.450580596923828e-09,3240,1.0,0.01,0.01,0.01,0.009900990099009901,0.009900990099009901,0.009900990099009901,3240,1.0,0.01,0.01,0.01,0.009900990099009901,0.009900990099009901,0.009900990099009901,4824,1.0,0.009999999347273001,0.009999999827324026,0.010000000251457043,0.009900989459144202,0.009900989929736325,0.009900990345512246
290,4.833333333333333,True,valid,0.30748850371073044,0.24045419291058517,1.1505133559096492,282274.72518933803,82608.84340767811,256996.79389070187,281610.42681139614,54.082211964362166,22495.203121962102,0.013965073732691843,1585.0,1353859.4771665756,0.0003086041007536343,5098,50732,97.97283172607422,0,7.450580596923828e-09,3240,1.0,0.01,0.01,0.01,0.009900990099009901,0.009900990099009901,0.009900990099009901,3240,1.0,0.01,0.01,0.01,0.009900990099009901,0.009900990099009901,0.009900990099009901,4824,1.0,0.009999999347273001,0.009999999827324026,0.010000000251457043,0.009900989459144202,0.009900989929736325,0.009900990345512246
291,4.85,True,valid,0.309765231276534,0.24139201068380675,1.142753964744618,280606.90526184475,79678.44658041155,258639.9791858631,279312.10935087444,56.06933859745623,24871.036152653847,0.014455302240558621,1585.0,1706473.436783916,0.00026259250197278704,5092,50673,98.71891784667969,0,7.450580596923828e-09,3240,1.0,0.01,0.01,0.01,0.009900990099009901,0.009900990099009901,0.009900990099009901,3240,1.0,0.01,0.01,0.01,0.009900990099009901,0.009900990099009901,0.009900990099009901,4824,1.0,0.009999999347273001,0.009999999827324026,0.010000000251457043,0.009900989459144202,0.009900989929736325,0.009900990345512246
292,4.866666666666666,True,valid,0.3153532024625749,0.24946389888230397,1.1531097154951822,298639.3379667591,73907.12614892323,274691.80672727333,297266.2684393389,56.53886739566275,17578.600802855897,0.014578731628079123,1585.0,2279500.067779207,0.0002752700383988333,5933,55314,99.46714782714844,0,7.450580596923828e-09,3240,1.0,0.01,0.01,0.01,0.009900990099009901,0.009900990099009901,0.009900990099009901,3240,1.0,0.01,0.01,0.01,0.009900990099009901,0.009900990099009901,0.009900990099009901,4824,1.0,0.009999999347273001,0.009999999827324026,0.010000000251457043,0.009900989459144202,0.009900989929736325,0.009900990345512246
293,4.883333333333334,True,valid,0.3202880482305901,0.24312409828868686,1.1528941906449695,296175.3065847493,78696.8516633316,276839.28607085533,294353.6270556676,58.71955647371747,26668.236709098204,0.013504948772681833,1585.0,1966452.8159073093,0.0002758294224714447,5794,55236,100.2175521850586,0,7.450580596923828e-09,3240,1.0,0.01,0.01,0.01,0.009900990099009901,0.009900990099009901,0.009900990099009901,3240,1.0,0.01,0.01,0.01,0.009900990099009901,0.009900990099009901,0.009900990099009901,4824,1.0,0.009999999347273001,0.009999999827324026,0.010000000251457043,0.009900989459144202,0.009900989929736325,0.009900990345512246
294,4.9,True,valid,0.3077895396387026,0.24323677497727866,1.151831617884033,282627.788839212,76924.45945811813,259118.95470919425,281309.77796702436,50.552549413330134,21722.53524124564,0.013093955401331953,1585.0,1769949.5367356006,0.00030010969071282023,6091,56865,100.97044372558594,0,7.450580596923828e-09,3240,1.0,0.01,0.01,0.01,0.009900990099009901,0.009900990099009901,0.009900990099009901,3240,1.0,0.01,0.01,0.01,0.009900990099009901,0.009900990099009901,0.009900990099009901,4824,1.0,0.009999999347273001,0.009999999827324026,0.010000000251457043,0.009900989459144202,0.009900989929736325,0.009900990345512246
295,4.916666666666667,True,valid,0.31264540610837455,0.24733477801050166,1.1877622956922855,288285.3072063974,78209.50201351373,265834.25025512424,286533.32910349144,52.040882990678085,27647.323551553018,0.0145897008322113,1585.0,2077897.9064920647,0.00027324668975944514,6195,57448,101.72628021240234,0,3.725290298461914e-09,3240,1.0,0.01,0.01,0.01,0.009900990099009901,0.009900990099009901,0.009900990099009901,3240,1.0,0.01,0.01,0.01,0.009900990099009901,0.009900990099009901,0.009900990099009901,4824,1.0,0.009999999347273001,0.009999999827324026,0.010000000251457043,0.009900989459144202,0.009900989929736325,0.009900990345512246
296,4.933333333333334,True,valid,0.31125472781822994,0.23747082463858465,1.2011661825074706,324667.7826774661,77061.6899932491,300241.05105767155,323329.45814409194,54.45260414305972,20912.144729983163,0.014536595641544116,1585.0,2173216.3709414536,0.00028949253367925614,5952,56552,102.48558044433594,0,7.450580596923828e-09,3240,1.0,0.01,0.01,0.01,0.009900990099009901,0.009900990099009901,0.009900990099009901,3240,1.0,0.01,0.01,0.01,0.009900990099009901,0.009900990099009901,0.009900990099009901,4824,1.0,0.009999999347273001,0.009999999827324026,0.010000000251457043,0.009900989459144202,0.009900989929736325,0.009900990345512246
297,4.95,True,valid,0.32033999504316185,0.25496692699044127,1.1633849418987239,308240.08847284835,75909.37034685667,292942.1330391134,306731.8482893601,69.24255238628092,17564.81192136489,0.01391563234536624,1585.0,2050654.2519226742,0.00028465131673367653,6000,56627,103.24877166748047,0,3.725290298461914e-09,3240,1.0,0.01,0.01,0.01,0.009900990099009901,0.009900990099009901,0.009900990099009901,3240,1.0,0.01,0.01,0.01,0.009900990099009901,0.009900990099009901,0.009900990099009901,4824,1.0,0.009999999347273001,0.009999999827324026,0.010000000251457043,0.009900989459144202,0.009900989929736325,0.009900990345512246
298,4.966666666666667,True,valid,0.3315337911709582,0.25522628980649786,1.165221726030192,306239.12554923305,82371.73081040154,280841.59884211834,305031.4338784189,55.737247300348244,21241.44531292835,0.013844212907037847,1585.0,1635511.046594731,0.00023778195159628306,6477,59105,104.01605224609375,0,3.725290298461914e-09,3240,1.0,0.01,0.01,0.01,0.009900990099009901,0.009900990099009901,0.009900990099009901,3240,1.0,0.01,0.01,0.01,0.009900990099009901,0.009900990099009901,0.009900990099009901,4824,1.0,0.009999999347273001,0.009999999827324026,0.010000000251457043,0.009900989459144202,0.009900989929736325,0.009900990345512246
299,4.983333333333333,True,valid,0.31260536636306335,0.24665537506127322,1.1797265006502702,291380.7545392153,80183.91520491317,271244.3094269061,289737.91941139416,58.80137322349995,20341.6127795834,0.01291009350499127,1585.0,1670712.213823336,0.00024142297257340683,6551,59058,104.78736114501953,0,7.450580596923828e-09,3240,1.0,0.01,0.01,0.01,0.009900990099009901,0.009900990099009901,0.009900990099009901,3240,1.0,0.01,0.01,0.01,0.009900990099009901,0.009900990099009901,0.009900990099009901,4824,1.0,0.009999999347273001,0.009999999827324026,0.010000000251457043,0.009900989459144202,0.009900989929736325,0.009900990345512246
300,5.0,True,valid,0.3299192465242137,0.2522459564661579,1.1726034162221575,317145.6616346595,82894.45038061283,291268.80265968235,315072.0605986114,98.15698947286693,30972.783260125103,0.013964700270138882,1585.0,1935254.8370857844,0.0003164554480240038,6267,58034,105.5623550415039,0,7.450580596923828e-09,3240,1.0,0.01,0.01,0.01,0.009900990099009901,0.009900990099009901,0.009900990099009901,3240,1.0,0.01,0.01,0.01,0.009900990099009901,0.009900990099009901,0.009900990099009901,4824,1.0,0.009999999347273001,0.009999999827324026,0.010000000251457043,0.009900989459144202,0.009900989929736325,0.009900990345512246
301,5.016666666666667,True,valid,0.3201016658635479,0.2598646480838119,1.1807387882419245,315398.9870745448,91506.9358542689,290144.02591529436,312936.86287876085,53.170179327114106,29668.24384692635,0.013697117052282541,1585.0,1967516.0335269615,0.00031016700895505434,6081,56415,106.34052276611328,0,7.450580596923828e-09,3240,1.0,0.01,0.01,0.01,0.009900990099009901,0.009900990099009901,0.009900990099009901,3240,1.0,0.01,0.01,0.01,0.009900990099009901,0.009900990099009901,0.009900990099009901,4824,1.0,0.009999999347273001,0.009999999827324026,0.010000000251457043,0.009900989459144202,0.009900989929736325,0.009900990345512246
302,5.033333333333333,True,valid,0.31775086184127926,0.26046846652001904,1.1767252355842217,299374.1671905476,96703.25085395065,273028.8761432889,296570.6263343243,59.87372212649405,23617.08633372919,0.013402165964355709,1585.0,2268253.064045133,0.00028426926275226154,6628,59643,107.12134552001953,0,7.450580596923828e-09,3240,1.0,0.01,0.01,0.01,0.009900990099009901,0.009900990099009901,0.009900990099009901,3240,1.0,0.01,0.01,0.01,0.009900990099009901,0.009900990099009901,0.009900990099009901,4824,1.0,0.009999999347273001,0.009999999827324026,0.010000000251457043,0.009900989459144202,0.009900989929736325,0.009900990345512246
303,5.05,True,valid,0.3000315305686441,0.2576470439655815,1.167688614098558,266623.86477492243,79069.24188270819,246266.56930382474,265379.3032016353,59.858775347697964,18522.777072036744,0.013643715386745402,1585.0,1713133.6901348496,0.00028173176009657614,6310,58044,107.90443420410156,0,5.587935447692871e-09,3240,1.0,0.01,0.01,0.01,0.009900990099009901,0.009900990099009901,0.009900990099009901,3240,1.0,0.01,0.01,0.01,0.009900990099009901,0.009900990099009901,0.009900990099009901,4824,1.0,0.009999999347273001,0.009999999827324026,0.010000000251457043,0.009900989459144202,0.009900989929736325,0.009900990345512246
304,5.066666666666666,True,valid,0.31305013283748234,0.24607537179527225,1.1990292533126532,298128.3729593703,80345.97061772166,268561.67413699755,297225.60820534657,54.70354108201175,21240.761996700025,0.013597454451527508,1585.0,1937316.3771929564,0.00028293871897558387,7298,63442,108.68960571289062,0,3.725290298461914e-09,3240,1.0,0.01,0.01,0.01,0.009900990099009901,0.009900990099009901,0.009900990099009901,3240,1.0,0.01,0.01,0.01,0.009900990099009901,0.009900990099009901,0.009900990099009901,4824,1.0,0.009999999347273001,0.009999999827324026,0.010000000251457043,0.009900989459144202,0.009900989929736325,0.009900990345512246
305,5.083333333333333,True,valid,0.3137910161125882,0.24490991792572134,1.1708430386202147,287591.19297144155,80890.05902532443,267413.74006356084,286301.460660137,57.90085425046423,20401.138274479894,0.013531341856584988,1585.0,1878121.4711287417,0.0002566676187076511,7234,63325,109.47695922851562,0,2.7939677238464355e-09,3240,1.0,0.01,0.01,0.01,0.009900990099009901,0.009900990099009901,0.009900990099009901,3240,1.0,0.01,0.01,0.01,0.009900990099009901,0.009900990099009901,0.009900990099009901,4824,1.0,0.009999999347273001,0.009999999827324026,0.010000000251457043,0.009900989459144202,0.009900989929736325,0.009900990345512246
306,5.1,True,valid,0.31357172425351143,0.24355761258534855,1.1894686412326547,287468.232064457,78473.51790297682,269238.8018143859,285611.8151280672,57.49128302894915,23798.324642899814,0.01434411251469974,1585.0,1935112.0990150943,0.0002760615129372155,6227,57345,110.26678466796875,0,1.862645149230957e-09,3240,1.0,0.01,0.01,0.01,0.009900990099009901,0.009900990099009901,0.009900990099009901,3240,1.0,0.01,0.01,0.01,0.009900990099009901,0.009900990099009901,0.009900990099009901,4824,1.0,0.009999999347273001,0.009999999827324026,0.010000000251457043,0.009900989459144202,0.009900989929736325,0.009900990345512246
307,5.116666666666666,True,valid,0.3297818659476464,0.24845124582385353,1.1703482119546766,314619.788781699,84597.10054754643,287722.0592541393,313404.72801206505,54.648829935806184,22803.428812685313,0.013601299160727574,1585.0,1706233.456632563,0.00026362478113948167,5854,55651,111.05946350097656,0,1.0477378964424133e-09,3240,1.0,0.01,0.01,0.01,0.009900990099009901,0.009900990099009901,0.009900990099009901,3240,1.0,0.01,0.01,0.01,0.009900990099009901,0.009900990099009901,0.009900990099009901,4824,1.0,0.009999999347273001,0.009999999827324026,0.010000000251457043,0.009900989459144202,0.009900989929736325,0.009900990345512246
308,5.133333333333334,True,valid,0.3291187510756964,0.2599745576694611,1.1864353429842656,321046.16975491954,86539.8967704493,298254.0569539038,319464.62551159586,59.88784729039705,25069.011593369843,0.013615831362809135,1585.0,1814975.8101928898,0.00033047629015152066,5944,55877,111.85539245605469,0,3.725290298461914e-09,3240,1.0,0.01,0.01,0.01,0.009900990099009901,0.009900990099009901,0.009900990099009901,3240,1.0,0.01,0.01,0.01,0.009900990099009901,0.009900990099009901,0.009900990099009901,4824,1.0,0.009999999347273001,0.009999999827324026,0.010000000251457043,0.009900989459144202,0.009900989929736325,0.009900990345512246
309,5.15,True,valid,0.3149533566929081,0.25076001052554575,1.1471668501384817,282363.39379381883,90647.27416149217,253717.7923458483,280496.8034957915,62.97834080906236,25687.927064190648,0.013869769653705994,1585.0,1617347.3822970754,0.00029839436692578875,6033,55605,112.65483856201172,0,2.7939677238464355e-09,3240,1.0,0.01,0.01,0.01,0.009900990099009901,0.009900990099009901,0.009900990099009901,3240,1.0,0.01,0.01,0.01,0.009900990099009901,0.009900990099009901,0.009900990099009901,4824,1.0,0.009999999347273001,0.009999999827324026,0.010000000251457043,0.009900989459144202,0.009900989929736325,0.009900990345512246
310,5.166666666666667,True,valid,0.30307185450793767,0.2499808951375603,1.1323358206651002,261442.56509003465,81391.31880906846,236586.67264020207,260380.03156429974,60.12191210727968,20253.285203545613,0.013443033960235377,1585.0,1816635.0693563367,0.00025085836468537084,5607,54146,113.45793151855469,0,5.587935447692871e-09,3240,1.0,0.01,0.01,0.01,0.009900990099009901,0.009900990099009901,0.009900990099009901,3240,1.0,0.01,0.01,0.01,0.009900990099009901,0.009900990099009901,0.009900990099009901,4824,1.0,0.009999999347273001,0.009999999827324026,0.010000000251457043,0.009900989459144202,0.009900989929736325,0.009900990345512246
311,5.183333333333334,True,valid,0.32407498912821314,0.247436767460283,1.167691813326368,305560.34778394346,81942.39290853315,280694.3099807401,303960.8212197671,54.0969092957655,25042.67038025361,0.013885985604141513,1585.0,1803434.2044927569,0.00026125319022815785,5092,50985,114.26467895507812,0,1.862645149230957e-09,3240,1.0,0.01,0.01,0.01,0.009900990099009901,0.009900990099009901,0.009900990099009901,3240,1.0,0.01,0.01,0.01,0.009900990099009901,0.009900990099009901,0.009900990099009901,4824,1.0,0.009999999347273001,0.009999999827324026,0.010000000251457043,0.009900989459144202,0.009900989929736325,0.009900990345512246
312,5.2,True,valid,0.32186462414731054,0.25348845168934364,1.1501305957939008,313592.1284414605,80962.41197338306,294230.0757211291,311959.050313743,59.42967948367675,22895.730339354446,0.013099300643370521,1585.0,2181051.9041419993,0.0002816070694608734,4974,50222,115.07495880126953,0,7.450580596923828e-09,3240,1.0,0.01,0.01,0.01,0.009900990099009901,0.009900990099009901,0.009900990099009901,3240,1.0,0.01,0.01,0.01,0.009900990099009901,0.009900990099009901,0.009900990099009901,4824,1.0,0.009999999347273001,0.009999999827324026,0.010000000251457043,0.009900989459144202,0.009900989929736325,0.009900990345512246
313,5.216666666666667,True,valid,0.30928304662204215,0.2524305219814704,1.1421711852412888,295540.4160759719,89222.78321967606,266574.18702130986,294300.6367776011,63.01280210358343,23160.70210184897,0.014065397187796608,1585.0,2269322.406544868,0.0002530990737460915,4549,47896,115.88859558105469,0,3.725290298461914e-09,3240,1.0,0.01,0.01,0.01,0.009900990099009901,0.009900990099009901,0.009900990099009901,3240,1.0,0.01,0.01,0.01,0.009900990099009901,0.009900990099009901,0.009900990099009901,4824,1.0,0.009999999347273001,0.009999999827324026,0.010000000251457043,0.009900989459144202,0.009900989929736325,0.009900990345512246
314,5.233333333333333,True,valid,0.30066563660170376,0.2441887763787092,1.1533922659197502,285765.54851606337,80283.70509304314,258882.91604850406,284413.10028033075,51.442169365613445,24815.039070382405,0.01465568447708517,1585.0,2238095.2237189687,0.00028138163975048483,4929,49646,116.70539093017578,0,7.450580596923828e-09,3240,1.0,0.01,0.01,0.01,0.009900990099009901,0.009900990099009901,0.009900990099009901,3240,1.0,0.01,0.01,0.01,0.009900990099009901,0.009900990099009901,0.009900990099009901,4824,1.0,0.009999999347273001,0.009999999827324026,0.010000000251457043,0.009900989459144202,0.009900989929736325,0.009900990345512246
315,5.25,True,valid,0.31199206800966167,0.24766178776680312,1.1478140629261118,278942.814985921,87122.56467576382,248184.01514655224,277913.86727356113,58.266221491471946,23170.102889771275,0.013769285271646326,1585.0,1793731.9491371536,0.0002284784357841936,4845,49510,117.52516174316406,0,7.450580596923828e-09,3240,1.0,0.01,0.01,0.01,0.009900990099009901,0.009900990099009901,0.009900990099009901,3240,1.0,0.01,0.01,0.01,0.009900990099009901,0.009900990099009901,0.009900990099009901,4824,1.0,0.009999999347273001,0.009999999827324026,0.010000000251457043,0.009900989459144202,0.009900989929736325,0.009900990345512246
316,5.266666666666667,True,valid,0.31696848260279054,0.23989933664764762,1.1492104783352382,315921.0310286827,81988.49076066015,281287.8815229283,313714.45634578355,57.05275234448572,29241.314720100687,0.013969654242275663,1585.0,2899378.4089221857,0.0003044823676002576,5273,51843,118.34776306152344,0,7.450580596923828e-09,3240,1.0,0.01,0.01,0.01,0.009900990099009901,0.009900990099009901,0.009900990099009901,3240,1.0,0.01,0.01,0.01,0.009900990099009901,0.009900990099009901,0.009900990099009901,4824,1.0,0.009999999347273001,0.009999999827324026,0.010000000251457043,0.009900989459144202,0.009900989929736325,0.009900990345512246
317,5.283333333333333,True,valid,0.308440124742225,0.24256205467582637,1.1382041540171872,253733.76352622153,85915.53510295032,228149.19442345717,252637.32383498517,54.74073234549063,22727.11117364052,0.013095038485764073,1585.0,1647484.7302145471,0.00024683282649212246,4617,48140,119.17308807373047,0,7.450580596923828e-09,3240,1.0,0.01,0.01,0.01,0.009900990099009901,0.009900990099009901,0.009900990099009901,3240,1.0,0.01,0.01,0.01,0.009900990099009901,0.009900990099009901,0.009900990099009901,4824,1.0,0.009999999347273001,0.009999999827324026,0.010000000251457043,0.009900989459144202,0.009900989929736325,0.009900990345512246
318,5.3,True,valid,0.3003944505980149,0.24364363440618436,1.1304332803060224,265441.1193528765,80329.68110364868,241280.04059195964,264102.73312723316,54.663802356743396,24502.506240084764,0.013601580266513981,1585.0,1456779.5618823594,0.0003271294995601072,4757,48605,120.0010757446289,0,3.725290298461914e-09,3240,1.0,0.01,0.01,0.01,0.009900990099009901,0.009900990099009901,0.009900990099009901,3240,1.0,0.01,0.01,0.01,0.009900990099009901,0.009900990099009901,0.009900990099009901,4824,1.0,0.009999999347273001,0.009999999827324026,0.010000000251457043,0.009900989459144202,0.009900989929736325,0.009900990345512246
319,5.316666666666666,True,valid,0.31209582268387176,0.2462143919794502,1.1400669075448746,318014.6847710131,84574.47740433329,291132.3394913027,316243.0736596302,56.34086381491628,29781.373297994942,0.014652073566113514,1585.0,1896535.2532047934,0.00032021000812038666,4490,47130,120.83173370361328,0,3.725290298461914e-09,3240,1.0,0.01,0.01,0.01,0.009900990099009901,0.009900990099009901,0.009900990099009901,3240,1.0,0.01,0.01,0.01,0.009900990099009901,0.009900990099009901,0.009900990099009901,4824,1.0,0.009999999347273001,0.009999999827324026,0.010000000251457043,0.009900989459144202,0.009900989929736325,0.009900990345512246
320,5.333333333333333,True,valid,0.2965512764461896,0.24014399882534185,1.136087834305927,267196.25771380856,74096.77888990774,250510.13442317047,266004.85795266763,54.33708780749125,19792.492003738073,0.013115766227677308,1585.0,1486847.3462808023,0.0003103908298069674,4179,45871,121.66510772705078,0,7.450580596923828e-09,3240,1.0,0.01,0.01,0.01,0.009900990099009901,0.009900990099009901,0.009900990099009901,3240,1.0,0.01,0.01,0.01,0.009900990099009901,0.009900990099009901,0.009900990099009901,4824,1.0,0.009999999347273001,0.009999999827324026,0.010000000251457043,0.009900989459144202,0.009900989929736325,0.009900990345512246
321,5.35,True,valid,0.3103905504502351,0.24061142348477516,1.1109336434446178,273759.1516763702,75187.73070631163,247509.32268796972,272368.050201851,56.64404689747353,24068.087983885016,0.014001460404588287,1585.0,2173473.357037739,0.0002794178011211237,4873,49495,122.50127410888672,0,7.450580596923828e-09,3240,1.0,0.01,0.01,0.01,0.009900990099009901,0.009900990099009901,0.009900990099009901,3240,1.0,0.01,0.01,0.01,0.009900990099009901,0.009900990099009901,0.009900990099009901,4824,1.0,0.009999999347273001,0.009999999827324026,0.010000000251457043,0.009900989459144202,0.009900989929736325,0.009900990345512246
322,5.366666666666666,True,valid,0.34114072537720125,0.25363550793099593,1.1719433976260094,327391.38617268304,89811.70446737789,296061.9178252814,326194.0583558477,57.24429765412777,20797.727392408415,0.014387381844189046,1585.0,2298881.55697623,0.00028042220481407716,4620,48184,123.34037017822266,0,7.450580596923828e-09,3240,1.0,0.01,0.01,0.01,0.009900990099009901,0.009900990099009901,0.009900990099009901,3240,1.0,0.01,0.01,0.01,0.009900990099009901,0.009900990099009901,0.009900990099009901,4824,1.0,0.009999999347273001,0.009999999827324026,0.010000000251457043,0.009900989459144202,0.009900989929736325,0.009900990345512246
323,5.383333333333334,True,valid,0.3139422343976558,0.24493477177528594,1.1314429016130993,272554.09309556725,82853.67232992851,244499.6521950099,271843.28103880875,53.62753373777823,19933.764016856952,0.013732454281247135,1585.0,1849218.8991587576,0.00028675739185250986,4790,49012,124.18252563476562,0,7.450580596923828e-09,3240,1.0,0.01,0.01,0.01,0.009900990099009901,0.009900990099009901,0.009900990099009901,3240,1.0,0.01,0.01,0.01,0.009900990099009901,0.009900990099009901,0.009900990099009901,4824,1.0,0.009999999347273001,0.009999999827324026,0.010000000251457043,0.009900989459144202,0.009900989929736325,0.009900990345512246
324,5.4,True,valid,0.3198109278395825,0.25024843755999865,1.1477744782396146,297966.5377960602,89981.43598655637,269253.17352077574,296993.4072209581,53.81934175386349,20220.694508544348,0.013878734324188874,1585.0,2163623.2052762564,0.0002652326566672144,4653,48168,125.02787780761719,0,7.450580596923828e-09,3240,1.0,0.01,0.01,0.01,0.009900990099009901,0.009900990099009901,0.009900990099009901,3240,1.0,0.01,0.01,0.01,0.009900990099009901,0.009900990099009901,0.009900990099009901,4824,1.0,0.009999999347273001,0.009999999827324026,0.010000000251457043,0.009900989459144202,0.009900989929736325,0.009900990345512246
325,5.416666666666667,True,valid,0.3184003932544519,0.24266066021584504,1.1372941234804521,278267.3334697494,80427.03919486607,246492.85580121094,276071.2310257352,55.14507068505224,27653.811534402786,0.01434621148219056,1585.0,2743937.8742082226,0.00024579854316952995,4702,48360,125.87653350830078,0,7.450580596923828e-09,3240,1.0,0.01,0.01,0.01,0.009900990099009901,0.009900990099009901,0.009900990099009901,3240,1.0,0.01,0.01,0.01,0.009900990099009901,0.009900990099009901,0.009900990099009901,4824,1.0,0.009999999347273001,0.009999999827324026,0.010000000251457043,0.009900989459144202,0.009900989929736325,0.009900990345512246
326,5.433333333333334,True,valid,0.31121335587034626,0.2505792606823683,1.1505519289848098,278850.04708593973,86565.83934287977,252432.38714309703,277681.68147924007,60.208711099138135,20574.277158582983,0.015310809455718796,1585.0,1611950.3546373285,0.00027131262645942335,4964,50249,126.72857666015625,0,7.450580596923828e-09,3240,1.0,0.01,0.01,0.01,0.009900990099009901,0.009900990099009901,0.009900990099009901,3240,1.0,0.01,0.01,0.01,0.009900990099009901,0.009900990099009901,0.009900990099009901,4824,1.0,0.009999999347273001,0.009999999827324026,0.010000000251457043,0.009900989459144202,0.009900989929736325,0.009900990345512246
327,5.45,True,valid,0.32354130146517285,0.24749374355366724,1.1579046986853134,300438.8062132059,80288.86558984141,277066.1296012891,299225.1934646131,62.70676580280058,23439.870265594876,0.014473805217173404,1585.0,1693991.0291642386,0.00026952398339199915,5230,51837,127.58401489257812,0,7.450580596923828e-09,3240,1.0,0.01,0.01,0.01,0.009900990099009901,0.009900990099009901,0.009900990099009901,3240,1.0,0.01,0.01,0.01,0.009900990099009901,0.009900990099009901,0.009900990099009901,4824,1.0,0.009999999347273001,0.009999999827324026,0.010000000251457043,0.009900989459144202,0.009900989929736325,0.009900990345512246
328,5.466666666666667,True,valid,0.3250489226412988,0.24880826314340831,1.1304627924442063,303239.8255987353,74673.95806330087,281513.2079708037,302098.13144062785,57.768613613360586,17097.82497516807,0.014874338692931442,1585.0,1745355.478088954,0.00031934588405806635,5419,52071,128.4427490234375,0,7.450580596923828e-09,3240,1.0,0.01,0.01,0.01,0.009900990099009901,0.009900990099009901,0.009900990099009901,3240,1.0,0.01,0.01,0.01,0.009900990099009901,0.009900990099009901,0.009900990099009901,4824,1.0,0.009999999347273001,0.009999999827324026,0.010000000251457043,0.009900989459144202,0.009900989929736325,0.009900990345512246
329,5.483333333333333,True,valid,0.33446167800783067,0.25157534288334205,1.1552658793250021,325191.84739986114,80169.74906903756,300845.70751406404,323589.17792223295,54.33870601476684,26140.182112905582,0.014372001600269493,1585.0,1803115.5261876276,0.00027365959244909303,5241,51493,129.30471801757812,0,7.450580596923828e-09,3240,1.0,0.01,0.01,0.01,0.009900990099009901,0.009900990099009901,0.009900990099009901,3240,1.0,0.01,0.01,0.01,0.009900990099009901,0.009900990099009901,0.009900990099009901,4821,1.0,0.009999999347273001,0.009999999827324026,0.010000000251457043,0.009900989459144202,0.009900989929736325,0.009900990345512246
330,5.5,True,valid,0.3090240058062432,0.24964037469744044,1.163661680088816,297523.813618316,80181.46678435743,271720.07944454683,296331.5396186765,64.58221934708027,19261.121658837958,0.014093214694924533,1585.0,1914991.6595659347,0.00030977637739549734,5615,53652,130.1698760986328,0,7.450580596923828e-09,3240,1.0,0.01,0.01,0.01,0.009900990099009901,0.009900990099009901,0.009900990099009901,3240,1.0,0.01,0.01,0.01,0.009900990099009901,0.009900990099009901,0.009900990099009901,4824,1.0,0.009999999347273001,0.009999999827324026,0.010000000251457043,0.009900989459144202,0.009900989929736325,0.009900990345512246
331,5.516666666666667,True,valid,0.31745068890459677,0.23765447466995623,1.1334369332067948,288573.957593685,80956.12246237948,263800.84735052055,287791.46062460204,60.96423103387227,16129.978398123456,0.014128511649450778,1585.0,1688715.9304923539,0.0003092454541102184,4721,48932,131.0380859375,0,3.725290298461914e-09,3240,1.0,0.01,0.01,0.01,0.009900990099009901,0.009900990099009901,0.009900990099009901,3240,1.0,0.01,0.01,0.01,0.009900990099009901,0.009900990099009901,0.009900990099009901,4824,1.0,0.009999999347273001,0.009999999827324026,0.010000000251457043,0.009900989459144202,0.009900989929736325,0.009900990345512246
332,5.533333333333333,True,valid,0.3050330829565237,0.24207019840247251,1.1481220383671564,277279.0594058419,78816.21978909391,257299.52574626214,276343.2218399548,55.322283762138085,21203.074584819038,0.013806275062263135,1585.0,2311783.0006716903,0.0002636273214778021,4689,48180,131.9092254638672,0,3.725290298461914e-09,3240,1.0,0.01,0.01,0.01,0.009900990099009901,0.009900990099009901,0.009900990099009901,3240,1.0,0.01,0.01,0.01,0.009900990099009901,0.009900990099009901,0.009900990099009901,4824,1.0,0.009999999347273001,0.009999999827324026,0.010000000251457043,0.009900989459144202,0.009900989929736325,0.009900990345512246
333,5.55,True,valid,0.3183255149444686,0.24500994265161283,1.1511984481898219,293639.55519814725,84526.04181248088,261237.6986238082,292604.67368680943,51.55383663097985,23941.14230803942,0.014256232827595316,1585.0,1696897.2090776553,0.0002906220923467481,4803,49457,132.78318786621094,0,3.725290298461914e-09,3240,1.0,0.01,0.01,0.01,0.009900990099009901,0.009900990099009901,0.009900990099009901,3240,1.0,0.01,0.01,0.01,0.009900990099009901,0.009900990099009901,0.009900990099009901,4824,1.0,0.009999999347273001,0.009999999827324026,0.010000000251457043,0.009900989459144202,0.009900989929736325,0.009900990345512246
334,5.566666666666666,True,valid,0.3122925973596834,0.24303131538440648,1.1574236751997797,309743.01960919896,77366.86473652514,286136.73570593185,308620.18700537534,57.55514335808171,21740.766946280037,0.013639412718192127,1585.0,2282156.758080549,0.00029980151638621,4890,49616,133.65985107421875,0,7.450580596923828e-09,3240,1.0,0.01,0.01,0.01,0.009900990099009901,0.009900990099009901,0.009900990099009901,3240,1.0,0.01,0.01,0.01,0.009900990099009901,0.009900990099009901,0.009900990099009901,4824,1.0,0.009999999347273001,0.009999999827324026,0.010000000251457043,0.009900989459144202,0.009900989929736325,0.009900990345512246
335,5.583333333333333,True,valid,0.3190895859074598,0.25015579846319047,1.16964070904001,289602.48782625917,81340.49523909175,261820.52723221926,288641.556095056,56.58677987487706,20703.10053129428,0.015160495717435465,1585.0,1991523.673813574,0.00031664079223285964,4601,48271,134.53915405273438,0,3.725290298461914e-09,3240,1.0,0.01,0.01,0.01,0.009900990099009901,0.009900990099009901,0.009900990099009901,3240,1.0,0.01,0.01,0.01,0.009900990099009901,0.009900990099009901,0.009900990099009901,4824,1.0,0.009999999347273001,0.009999999827324026,0.010000000251457043,0.009900989459144202,0.009900989929736325,0.009900990345512246
336,5.6,True,valid,0.3032291297956386,0.24595619837415428,1.1616615088457651,271031.00889183505,79015.5037515715,247338.87608215451,269538.38776314206,52.674471056317486,24791.52623073058,0.014975337634086292,1585.0,1533815.2369578844,0.00031426986703688207,4753,49602,135.42111206054688,0,7.450580596923828e-09,3240,1.0,0.01,0.01,0.01,0.009900990099009901,0.009900990099009901,0.009900990099009901,3240,1.0,0.01,0.01,0.01,0.009900990099009901,0.009900990099009901,0.009900990099009901,4824,1.0,0.009999999347273001,0.009999999827324026,0.010000000251457043,0.009900989459144202,0.009900989929736325,0.009900990345512246
337,5.616666666666666,True,valid,0.33167279439450664,0.25664793732720176,1.1907805667692046,320650.7575340102,80799.58153457989,294611.39208159904,319267.9427504705,56.29433572485581,25374.973590848527,0.013983477853473354,1585.0,1707313.912945228,0.0002547095044684511,5282,52058,136.3057403564453,0,7.450580596923828e-09,3240,1.0,0.01,0.01,0.01,0.009900990099009901,0.009900990099009901,0.009900990099009901,3240,1.0,0.01,0.01,0.01,0.009900990099009901,0.009900990099009901,0.009900990099009901,4824,1.0,0.009999999347273001,0.009999999827324026,0.010000000251457043,0.009900989459144202,0.009900989929736325,0.009900990345512246
338,5.633333333333334,True,valid,0.3339853697334443,0.2581565404386328,1.1808224400008154,321581.77693638264,85241.47740680668,294764.219571001,320143.86138798273,57.93385397691231,21711.48240942005,0.013488791052892576,1585.0,2662678.5125814574,0.00023586113203527214,5464,52714,137.19314575195312,0,5.587935447692871e-09,3240,1.0,0.01,0.01,0.01,0.009900990099009901,0.009900990099009901,0.009900990099009901,3240,1.0,0.01,0.01,0.01,0.009900990099009901,0.009900990099009901,0.009900990099009901,4824,1.0,0.009999999347273001,0.009999999827324026,0.010000000251457043,0.009900989459144202,0.009900989929736325,0.009900990345512246
339,5.65,True,valid,0.3248963460659649,0.2521235925725429,1.1895580215957053,288644.47938402736,83006.98095215768,263416.0832273606,286884.8526089572,56.0682621329891,22820.480368139575,0.013851022939920436,1585.0,1842737.0246518825,0.0002601672637855818,5646,54216,138.08348083496094,0,1.862645149230957e-09,3240,1.0,0.01,0.01,0.01,0.009900990099009901,0.009900990099009901,0.009900990099009901,3240,1.0,0.01,0.01,0.01,0.009900990099009901,0.009900990099009901,0.009900990099009901,4824,1.0,0.009999999347273001,0.009999999827324026,0.010000000251457043,0.009900989459144202,0.009900989929736325,0.009900990345512246
340,5.666666666666667,True,valid,0.2946946469177949,0.24114060112402325,1.1798381906196227,281891.28218013665,75024.20314333499,262909.56374638324,280967.26079732593,56.283373002150064,20463.33095702137,0.013426657773317953,1585.0,1796659.3214247448,0.00024083937547705596,6023,55954,138.97698974609375,0,2.7939677238464355e-09,3240,1.0,0.01,0.01,0.01,0.009900990099009901,0.009900990099009901,0.009900990099009901,3240,1.0,0.01,0.01,0.01,0.009900990099009901,0.009900990099009901,0.009900990099009901,4824,1.0,0.009999999347273001,0.009999999827324026,0.010000000251457043,0.009900989459144202,0.009900989929736325,0.009900990345512246
341,5.683333333333334,True,valid,0.3263960374243258,0.2518458836745672,1.1961437044542516,308879.12678050913,87202.62957124645,281635.0682004584,307299.7108428159,55.062970221988444,25580.272493838595,0.013801770262249184,1585.0,1913824.9638710294,0.00032179786135607704,5731,54292,139.8738555908203,0,3.725290298461914e-09,3240,1.0,0.01,0.01,0.01,0.009900990099009901,0.009900990099009901,0.009900990099009901,3240,1.0,0.01,0.01,0.01,0.009900990099009901,0.009900990099009901,0.009900990099009901,4824,1.0,0.009999999347273001,0.009999999827324026,0.010000000251457043,0.009900989459144202,0.009900989929736325,0.009900990345512246
342,5.7,True,valid,0.3114938971793028,0.24472094049499127,1.1779282512148446,274488.4605474798,78001.2131032878,251290.50811078463,272906.14013472566,68.786863719177,21713.91485433778,0.013103307510509464,1585.0,1908784.4048454396,0.0002994936075772805,5658,54173,140.77430725097656,0,2.561137080192566e-09,3240,1.0,0.01,0.01,0.01,0.009900990099009901,0.009900990099009901,0.009900990099009901,3240,1.0,0.01,0.01,0.01,0.009900990099009901,0.009900990099009901,0.009900990099009901,4824,1.0,0.009999999347273001,0.009999999827324026,0.010000000251457043,0.009900989459144202,0.009900989929736325,0.009900990345512246
343,5.716666666666667,True,valid,0.3255118847316671,0.2474404101196196,1.1920183487499239,325227.40647115983,89710.38181084472,298504.82123380667,324076.43860716117,55.2880089350814,23790.071221711583,0.013674209480164665,1585.0,2155145.406100435,0.0002561828879858203,5824,54787,141.67845153808594,0,2.7939677238464355e-09,3240,1.0,0.01,0.01,0.01,0.009900990099009901,0.009900990099009901,0.009900990099009901,3240,1.0,0.01,0.01,0.01,0.009900990099009901,0.009900990099009901,0.009900990099009901,4824,1.0,0.009999999347273001,0.009999999827324026,0.010000000251457043,0.009900989459144202,0.009900989929736325,0.009900990345512246
344,5.733333333333333,True,valid,0.309364387520208,0.24899920149433916,1.178779855893457,293551.6671735419,79981.80396914828,271193.688905166,292639.0027206622,61.93377488269226,20401.39764714767,0.013775570860030763,1585.0,2168962.6520531895,0.0002713710415279406,5407,52814,142.58628845214844,0,1.862645149230957e-09,3240,1.0,0.01,0.01,0.01,0.009900990099009901,0.009900990099009901,0.009900990099009901,3240,1.0,0.01,0.01,0.01,0.009900990099009901,0.009900990099009901,0.009900990099009901,4824,1.0,0.009999999347273001,0.009999999827324026,0.010000000251457043,0.009900989459144202,0.009900989929736325,0.009900990345512246
345,5.75,True,valid,0.29530382555185364,0.23564805206309697,1.170556221718597,276290.95344466064,73700.52531343068,255686.76018533323,274690.56771330634,56.682816196192356,23564.65912722446,0.013736106678139402,1585.0,1677879.8749207784,0.0002746743196594755,5625,53825,143.4976806640625,0,3.725290298461914e-09,3240,1.0,0.01,0.01,0.01,0.009900990099009901,0.009900990099009901,0.009900990099009901,3240,1.0,0.01,0.01,0.01,0.009900990099009901,0.009900990099009901,0.009900990099009901,4824,1.0,0.009999999347273001,0.009999999827324026,0.010000000251457043,0.009900989459144202,0.009900989929736325,0.009900990345512246
346,5.766666666666667,True,valid,0.3098711191609675,0.24454224860782503,1.187647865216046,304055.4199811246,90832.15915416184,264868.0607560432,302721.25626368215,52.122029582196156,29475.144972027418,0.014536495635017663,1585.0,2268723.011586936,0.00029132387318319753,5848,54919,144.41233825683594,0,3.725290298461914e-09,3240,1.0,0.01,0.01,0.01,0.009900990099009901,0.009900990099009901,0.009900990099009901,3240,1.0,0.01,0.01,0.01,0.009900990099009901,0.009900990099009901,0.009900990099009901,4824,1.0,0.009999999347273001,0.009999999827324026,0.010000000251457043,0.009900989459144202,0.009900989929736325,0.009900990345512246
347,5.783333333333333,True,valid,0.3200782787957532,0.24188423228733624,1.1784213485614827,312828.4043278229,82275.36035359683,283652.76536180556,311563.7659180688,56.482308100811316,21316.5862666982,0.014259200981079542,1585.0,2153117.376359548,0.00032142756186031424,5382,52075,145.32989501953125,0,5.587935447692871e-09,3240,1.0,0.01,0.01,0.01,0.009900990099009901,0.009900990099009901,0.009900990099009901,3240,1.0,0.01,0.01,0.01,0.009900990099009901,0.009900990099009901,0.009900990099009901,4824,1.0,0.009999999347273001,0.009999999827324026,0.010000000251457043,0.009900989459144202,0.009900989929736325,0.009900990345512246
348,5.8,True,valid,0.29500909987695983,0.23535962212121958,1.1451984262635608,262260.124917135,78237.15513169978,240428.5553440963,261130.93356820138,54.729484536483746,18449.632333839785,0.013622712228348353,1585.0,1419132.441099431,0.0002814909705896226,5229,51359,146.24998474121094,0,7.450580596923828e-09,3240,1.0,0.01,0.01,0.01,0.009900990099009901,0.009900990099009901,0.009900990099009901,3240,1.0,0.01,0.01,0.01,0.009900990099009901,0.009900990099009901,0.009900990099009901,4824,1.0,0.009999999347273001,0.009999999827324026,0.010000000251457043,0.009900989459144202,0.009900989929736325,0.009900990345512246
349,5.816666666666666,True,valid,0.3165767846447468,0.23452786469591655,1.1629805076004276,293969.20240395906,80045.27099476977,269227.0959664741,292903.3406966689,53.26250210747094,20921.39554742713,0.014158566048565843,1585.0,1911922.3629187006,0.00029534380359102266,4861,49868,147.17236328125,0,3.725290298461914e-09,3240,1.0,0.01,0.01,0.01,0.009900990099009901,0.009900990099009901,0.009900990099009901,3240,1.0,0.01,0.01,0.01,0.009900990099009901,0.009900990099009901,0.009900990099009901,4824,1.0,0.009999999347273001,0.009999999827324026,0.010000000251457043,0.009900989459144202,0.009900989929736325,0.009900990345512246
350,5.833333333333333,True,valid,0.3274458937947119,0.24640135174692165,1.1579714025019883,334000.5155603839,78545.18132095356,312098.1392377478,332899.1895867042,55.1639424641847,17812.18280551123,0.014329494878161354,1585.0,2295136.652050453,0.0002916742085447795,5100,51058,148.09690856933594,0,3.725290298461914e-09,3240,1.0,0.01,0.01,0.01,0.009900990099009901,0.009900990099009901,0.009900990099009901,3240,1.0,0.01,0.01,0.01,0.009900990099009901,0.009900990099009901,0.009900990099009901,4824,1.0,0.009999999347273001,0.009999999827324026,0.010000000251457043,0.009900989459144202,0.009900989929736325,0.009900990345512246
351,5.85,True,valid,0.3054378745520105,0.24274696597102294,1.1688549162122204,265512.79456829844,73278.56826751797,245583.48658530452,264395.96249517606,52.17897403608244,16339.196157835775,0.014147663735419605,1585.0,1432329.4400138564,0.0003341762237192567,4728,49050,149.0237579345703,0,3.725290298461914e-09,3240,1.0,0.01,0.01,0.01,0.009900990099009901,0.009900990099009901,0.009900990099009901,3240,1.0,0.01,0.01,0.01,0.009900990099009901,0.009900990099009901,0.009900990099009901,4824,1.0,0.009999999347273001,0.009999999827324026,0.010000000251457043,0.009900989459144202,0.009900989929736325,0.009900990345512246
352,5.866666666666666,True,valid,0.3057412659286213,0.2497167552407757,1.1569536840480221,275164.0937628956,86576.59638669871,252688.57785188925,273630.9551342546,52.15724867979416,26103.410023265897,0.013576520813300018,1585.0,1589840.9803580479,0.000284929715098354,4387,47215,149.95318603515625,0,7.450580596923828e-09,3240,1.0,0.01,0.01,0.01,0.009900990099009901,0.009900990099009901,0.009900990099009901,3240,1.0,0.01,0.01,0.01,0.009900990099009901,0.009900990099009901,0.009900990099009901,4824,1.0,0.009999999347273001,0.009999999827324026,0.010000000251457043,0.009900989459144202,0.009900989929736325,0.009900990345512246
353,5.883333333333334,True,valid,0.33068055705806865,0.25121803750317867,1.165992197557708,303436.7965951619,79073.20049029993,279336.58553590043,301839.8485366028,54.854582497900246,19431.037033405348,0.013835657679396677,1585.0,2103924.2917909883,0.0002782098236574203,5212,51457,150.88560485839844,0,3.725290298461914e-09,3240,1.0,0.01,0.01,0.01,0.009900990099009901,0.009900990099009901,0.009900990099009901,3240,1.0,0.01,0.01,0.01,0.009900990099009901,0.009900990099009901,0.009900990099009901,4824,1.0,0.009999999347273001,0.009999999827324026,0.010000000251457043,0.009900989459144202,0.009900989929736325,0.009900990345512246
354,5.9,True,valid,0.3098487587166051,0.24504574671008483,1.1647450192984459,297066.1617460848,82088.50903836571,272123.9098316228,296066.16890259227,48.588392693668716,20256.64365866264,0.014449647602950312,1585.0,1884718.6766555586,0.00032611119049040407,5345,52247,151.82142639160156,0,3.725290298461914e-09,3240,1.0,0.01,0.01,0.01,0.009900990099009901,0.009900990099009901,0.009900990099009901,3240,1.0,0.01,0.01,0.01,0.009900990099009901,0.009900990099009901,0.009900990099009901,4824,1.0,0.009999999347273001,0.009999999827324026,0.010000000251457043,0.009900989459144202,0.009900989929736325,0.009900990345512246
355,5.916666666666667,True,valid,0.3106175878870303,0.2380535638297084,1.1578795773209365,270158.1102586299,81162.29782282456,247270.67623495194,268392.9028153649,47.03398915566549,31262.510455388896,0.013598901193530327,1585.0,1480825.9475808465,0.0002794476719441791,5769,54979,152.76097106933594,0,7.450580596923828e-09,3240,1.0,0.01,0.01,0.01,0.009900990099009901,0.009900990099009901,0.009900990099009901,3240,1.0,0.01,0.01,0.01,0.009900990099009901,0.009900990099009901,0.009900990099009901,4824,1.0,0.009999999347273001,0.009999999827324026,0.010000000251457043,0.009900989459144202,0.009900989929736325,0.009900990345512246
356,5.933333333333334,True,valid,0.31707690892587753,0.24790587364967817,1.1816146516593058,288748.6300304677,86600.52693180372,265151.20051799994,287671.5604992696,53.738089650010345,19126.610958770616,0.01335290194240048,1585.0,1912917.602430598,0.0002528308187080774,5870,54637,153.70440673828125,0,7.450580596923828e-09,3240,1.0,0.01,0.01,0.01,0.009900990099009901,0.009900990099009901,0.009900990099009901,3240,1.0,0.01,0.01,0.01,0.009900990099009901,0.009900990099009901,0.009900990099009901,4824,1.0,0.009999999347273001,0.009999999827324026,0.010000000251457043,0.009900989459144202,0.009900989929736325,0.009900990345512246
357,5.95,True,valid,0.3168040078727374,0.23763359922537272,1.1675083328250548,286979.40516941267,73589.14322298791,264713.76073574217,285386.88186136354,60.36978866872781,19227.31813136042,0.014446568321660998,1585.0,1548500.374831182,0.00028455314656003066,5731,55080,154.65170288085938,0,7.450580596923828e-09,3240,1.0,0.01,0.01,0.01,0.009900990099009901,0.009900990099009901,0.009900990099009901,3240,1.0,0.01,0.01,0.01,0.009900990099009901,0.009900990099009901,0.009900990099009901,4821,1.0,0.009999999347273001,0.009999999827324026,0.010000000251457043,0.009900989459144202,0.009900989929736325,0.009900990345512246
358,5.966666666666667,True,valid,0.3127545336179691,0.24248706644158607,1.1647495735894866,279350.2960622665,78481.37665203016,258347.26961833666,277139.9892021522,55.63212468164401,28505.221232988843,0.013740914242321819,1585.0,1609203.3053330607,0.0002714917294980392,5625,54472,155.60267639160156,0,7.450580596923828e-09,3240,1.0,0.01,0.01,0.01,0.009900990099009901,0.009900990099009901,0.009900990099009901,3240,1.0,0.01,0.01,0.01,0.009900990099009901,0.009900990099009901,0.009900990099009901,4824,1.0,0.009999999347273001,0.009999999827324026,0.010000000251457043,0.009900989459144202,0.009900989929736325,0.009900990345512246
359,5.983333333333333,True,valid,0.302962023715315,0.24122857796989927,1.1617171251046385,292569.6349967484,74544.92233016384,270860.6211578593,291040.3634766921,54.69705925790674,26056.03372949548,0.014172052139254897,1585.0,2223243.219501657,0.00028768530949442177,5685,54474,156.55699157714844,0,7.450580596923828e-09,3240,1.0,0.01,0.01,0.01,0.009900990099009901,0.009900990099009901,0.009900990099009901,3240,1.0,0.01,0.01,0.01,0.009900990099009901,0.009900990099009901,0.009900990099009901,4824,1.0,0.009999999347273001,0.009999999827324026,0.010000000251457043,0.009900989459144202,0.009900989929736325,0.009900990345512246
360,6.0,True,valid,0.29570145825750394,0.23890938983174143,1.1663336926650434,260035.9873216482,75665.06737484531,237596.01979859045,258827.81468686293,55.25313775889902,19084.155878572863,0.013366842929922577,1585.0,1799099.1063029561,0.0002924757438458614,5382,52771,157.51426696777344,0,7.450580596923828e-09,3240,1.0,0.01,0.01,0.01,0.009900990099009901,0.009900990099009901,0.009900990099009901,3240,1.0,0.01,0.01,0.01,0.009900990099009901,0.009900990099009901,0.009900990099009901,4824,1.0,0.009999999347273001,0.009999999827324026,0.010000000251457043,0.009900989459144202,0.009900989929736325,0.009900990345512246
