# drawstring trash bag - generated by make_trash_bag.py
v 0.112568 0.000000 0.000000
v 0.112568 0.000000 0.010000
v 0.112568 0.000000 0.020000
v 0.112568 0.000000 0.030000
v 0.112568 0.000000 0.040000
v 0.112568 0.000000 0.050000
v 0.112568 0.000000 0.060000
v 0.112568 0.000000 0.070000
v 0.112568 0.000000 0.080000
v 0.112568 0.000000 0.090000
v 0.112568 0.000000 0.100000
v 0.112568 0.000000 0.110000
v 0.112568 0.000000 0.120000
v 0.112568 0.000000 0.130000
v 0.112568 0.000000 0.140000
v 0.112568 0.000000 0.150000
v 0.112568 0.000000 0.160000
v 0.112568 0.000000 0.170000
v 0.112568 0.000000 0.180000
v 0.112568 0.000000 0.190000
v 0.112568 0.000000 0.200000
v 0.112568 0.000000 0.210000
v 0.112568 0.000000 0.220000
v 0.112568 0.000000 0.230000
v 0.112568 0.000000 0.240000
v 0.112568 0.000000 0.250000
v 0.112568 0.000000 0.260000
v 0.112568 0.000000 0.270000
v 0.112568 0.000000 0.280000
v 0.112568 0.000000 0.290000
v 0.112568 0.000000 0.300000
v 0.112568 0.000000 0.310000
v 0.112568 0.000000 0.320000
v 0.112568 0.000000 0.330000
v 0.112568 0.000000 0.340000
v 0.112568 0.000000 0.350000
v 0.112568 0.000000 0.360000
v 0.112568 0.000000 0.370000
v 0.112568 0.000000 0.380000
v 0.112568 0.000000 0.390000
v 0.112568 0.000000 0.400000
v 0.111929 0.011977 0.000000
v 0.111929 0.011977 0.010000
v 0.111929 0.011977 0.020000
v 0.111929 0.011977 0.030000
v 0.111929 0.011977 0.040000
v 0.111929 0.011977 0.050000
v 0.111929 0.011977 0.060000
v 0.111929 0.011977 0.070000
v 0.111929 0.011977 0.080000
v 0.111929 0.011977 0.090000
v 0.111929 0.011977 0.100000
v 0.111929 0.011977 0.110000
v 0.111929 0.011977 0.120000
v 0.111929 0.011977 0.130000
v 0.111929 0.011977 0.140000
v 0.111929 0.011977 0.150000
v 0.111929 0.011977 0.160000
v 0.111929 0.011977 0.170000
v 0.111929 0.011977 0.180000
v 0.111929 0.011977 0.190000
v 0.111929 0.011977 0.200000
v 0.111929 0.011977 0.210000
v 0.111929 0.011977 0.220000
v 0.111929 0.011977 0.230000
v 0.111929 0.011977 0.240000
v 0.111929 0.011977 0.250000
v 0.111929 0.011977 0.260000
v 0.111929 0.011977 0.270000
v 0.111929 0.011977 0.280000
v 0.111929 0.011977 0.290000
v 0.111929 0.011977 0.300000
v 0.111929 0.011977 0.310000
v 0.111929 0.011977 0.320000
v 0.111929 0.011977 0.330000
v 0.111929 0.011977 0.340000
v 0.111929 0.011977 0.350000
v 0.111929 0.011977 0.360000
v 0.111929 0.011977 0.370000
v 0.111929 0.011977 0.380000
v 0.111929 0.011977 0.390000
v 0.111929 0.011977 0.400000
v 0.110019 0.023819 0.000000
v 0.110019 0.023819 0.010000
v 0.110019 0.023819 0.020000
v 0.110019 0.023819 0.030000
v 0.110019 0.023819 0.040000
v 0.110019 0.023819 0.050000
v 0.110019 0.023819 0.060000
v 0.110019 0.023819 0.070000
v 0.110019 0.023819 0.080000
v 0.110019 0.023819 0.090000
v 0.110019 0.023819 0.100000
v 0.110019 0.023819 0.110000
v 0.110019 0.023819 0.120000
v 0.110019 0.023819 0.130000
v 0.110019 0.023819 0.140000
v 0.110019 0.023819 0.150000
v 0.110019 0.023819 0.160000
v 0.110019 0.023819 0.170000
v 0.110019 0.023819 0.180000
v 0.110019 0.023819 0.190000
v 0.110019 0.023819 0.200000
v 0.110019 0.023819 0.210000
v 0.110019 0.023819 0.220000
v 0.110019 0.023819 0.230000
v 0.110019 0.023819 0.240000
v 0.110019 0.023819 0.250000
v 0.110019 0.023819 0.260000
v 0.110019 0.023819 0.270000
v 0.110019 0.023819 0.280000
v 0.110019 0.023819 0.290000
v 0.110019 0.023819 0.300000
v 0.110019 0.023819 0.310000
v 0.110019 0.023819 0.320000
v 0.110019 0.023819 0.330000
v 0.110019 0.023819 0.340000
v 0.110019 0.023819 0.350000
v 0.110019 0.023819 0.360000
v 0.110019 0.023819 0.370000
v 0.110019 0.023819 0.380000
v 0.110019 0.023819 0.390000
v 0.110019 0.023819 0.400000
v 0.106861 0.035389 0.000000
v 0.106861 0.035389 0.010000
v 0.106861 0.035389 0.020000
v 0.106861 0.035389 0.030000
v 0.106861 0.035389 0.040000
v 0.106861 0.035389 0.050000
v 0.106861 0.035389 0.060000
v 0.106861 0.035389 0.070000
v 0.106861 0.035389 0.080000
v 0.106861 0.035389 0.090000
v 0.106861 0.035389 0.100000
v 0.106861 0.035389 0.110000
v 0.106861 0.035389 0.120000
v 0.106861 0.035389 0.130000
v 0.106861 0.035389 0.140000
v 0.106861 0.035389 0.150000
v 0.106861 0.035389 0.160000
v 0.106861 0.035389 0.170000
v 0.106861 0.035389 0.180000
v 0.106861 0.035389 0.190000
v 0.106861 0.035389 0.200000
v 0.106861 0.035389 0.210000
v 0.106861 0.035389 0.220000
v 0.106861 0.035389 0.230000
v 0.106861 0.035389 0.240000
v 0.106861 0.035389 0.250000
v 0.106861 0.035389 0.260000
v 0.106861 0.035389 0.270000
v 0.106861 0.035389 0.280000
v 0.106861 0.035389 0.290000
v 0.106861 0.035389 0.300000
v 0.106861 0.035389 0.310000
v 0.106861 0.035389 0.320000
v 0.106861 0.035389 0.330000
v 0.106861 0.035389 0.340000
v 0.106861 0.035389 0.350000
v 0.106861 0.035389 0.360000
v 0.106861 0.035389 0.370000
v 0.106861 0.035389 0.380000
v 0.106861 0.035389 0.390000
v 0.106861 0.035389 0.400000
v 0.102489 0.046559 0.000000
v 0.102489 0.046559 0.010000
v 0.102489 0.046559 0.020000
v 0.102489 0.046559 0.030000
v 0.102489 0.046559 0.040000
v 0.102489 0.046559 0.050000
v 0.102489 0.046559 0.060000
v 0.102489 0.046559 0.070000
v 0.102489 0.046559 0.080000
v 0.102489 0.046559 0.090000
v 0.102489 0.046559 0.100000
v 0.102489 0.046559 0.110000
v 0.102489 0.046559 0.120000
v 0.102489 0.046559 0.130000
v 0.102489 0.046559 0.140000
v 0.102489 0.046559 0.150000
v 0.102489 0.046559 0.160000
v 0.102489 0.046559 0.170000
v 0.102489 0.046559 0.180000
v 0.102489 0.046559 0.190000
v 0.102489 0.046559 0.200000
v 0.102489 0.046559 0.210000
v 0.102489 0.046559 0.220000
v 0.102489 0.046559 0.230000
v 0.102489 0.046559 0.240000
v 0.102489 0.046559 0.250000
v 0.102489 0.046559 0.260000
v 0.102489 0.046559 0.270000
v 0.102489 0.046559 0.280000
v 0.102489 0.046559 0.290000
v 0.102489 0.046559 0.300000
v 0.102489 0.046559 0.310000
v 0.102489 0.046559 0.320000
v 0.102489 0.046559 0.330000
v 0.102489 0.046559 0.340000
v 0.102489 0.046559 0.350000
v 0.102489 0.046559 0.360000
v 0.102489 0.046559 0.370000
v 0.102489 0.046559 0.380000
v 0.102489 0.046559 0.390000
v 0.102489 0.046559 0.400000
v 0.096953 0.057199 0.000000
v 0.096953 0.057199 0.010000
v 0.096953 0.057199 0.020000
v 0.096953 0.057199 0.030000
v 0.096953 0.057199 0.040000
v 0.096953 0.057199 0.050000
v 0.096953 0.057199 0.060000
v 0.096953 0.057199 0.070000
v 0.096953 0.057199 0.080000
v 0.096953 0.057199 0.090000
v 0.096953 0.057199 0.100000
v 0.096953 0.057199 0.110000
v 0.096953 0.057199 0.120000
v 0.096953 0.057199 0.130000
v 0.096953 0.057199 0.140000
v 0.096953 0.057199 0.150000
v 0.096953 0.057199 0.160000
v 0.096953 0.057199 0.170000
v 0.096953 0.057199 0.180000
v 0.096953 0.057199 0.190000
v 0.096953 0.057199 0.200000
v 0.096953 0.057199 0.210000
v 0.096953 0.057199 0.220000
v 0.096953 0.057199 0.230000
v 0.096953 0.057199 0.240000
v 0.096953 0.057199 0.250000
v 0.096953 0.057199 0.260000
v 0.096953 0.057199 0.270000
v 0.096953 0.057199 0.280000
v 0.096953 0.057199 0.290000
v 0.096953 0.057199 0.300000
v 0.096953 0.057199 0.310000
v 0.096953 0.057199 0.320000
v 0.096953 0.057199 0.330000
v 0.096953 0.057199 0.340000
v 0.096953 0.057199 0.350000
v 0.096953 0.057199 0.360000
v 0.096953 0.057199 0.370000
v 0.096953 0.057199 0.380000
v 0.096953 0.057199 0.390000
v 0.096953 0.057199 0.400000
v 0.090317 0.067190 0.000000
v 0.090317 0.067190 0.010000
v 0.090317 0.067190 0.020000
v 0.090317 0.067190 0.030000
v 0.090317 0.067190 0.040000
v 0.090317 0.067190 0.050000
v 0.090317 0.067190 0.060000
v 0.090317 0.067190 0.070000
v 0.090317 0.067190 0.080000
v 0.090317 0.067190 0.090000
v 0.090317 0.067190 0.100000
v 0.090317 0.067190 0.110000
v 0.090317 0.067190 0.120000
v 0.090317 0.067190 0.130000
v 0.090317 0.067190 0.140000
v 0.090317 0.067190 0.150000
v 0.090317 0.067190 0.160000
v 0.090317 0.067190 0.170000
v 0.090317 0.067190 0.180000
v 0.090317 0.067190 0.190000
v 0.090317 0.067190 0.200000
v 0.090317 0.067190 0.210000
v 0.090317 0.067190 0.220000
v 0.090317 0.067190 0.230000
v 0.090317 0.067190 0.240000
v 0.090317 0.067190 0.250000
v 0.090317 0.067190 0.260000
v 0.090317 0.067190 0.270000
v 0.090317 0.067190 0.280000
v 0.090317 0.067190 0.290000
v 0.090317 0.067190 0.300000
v 0.090317 0.067190 0.310000
v 0.090317 0.067190 0.320000
v 0.090317 0.067190 0.330000
v 0.090317 0.067190 0.340000
v 0.090317 0.067190 0.350000
v 0.090317 0.067190 0.360000
v 0.090317 0.067190 0.370000
v 0.090317 0.067190 0.380000
v 0.090317 0.067190 0.390000
v 0.090317 0.067190 0.400000
v 0.082655 0.076418 0.000000
v 0.082655 0.076418 0.010000
v 0.082655 0.076418 0.020000
v 0.082655 0.076418 0.030000
v 0.082655 0.076418 0.040000
v 0.082655 0.076418 0.050000
v 0.082655 0.076418 0.060000
v 0.082655 0.076418 0.070000
v 0.082655 0.076418 0.080000
v 0.082655 0.076418 0.090000
v 0.082655 0.076418 0.100000
v 0.082655 0.076418 0.110000
v 0.082655 0.076418 0.120000
v 0.082655 0.076418 0.130000
v 0.082655 0.076418 0.140000
v 0.082655 0.076418 0.150000
v 0.082655 0.076418 0.160000
v 0.082655 0.076418 0.170000
v 0.082655 0.076418 0.180000
v 0.082655 0.076418 0.190000
v 0.082655 0.076418 0.200000
v 0.082655 0.076418 0.210000
v 0.082655 0.076418 0.220000
v 0.082655 0.076418 0.230000
v 0.082655 0.076418 0.240000
v 0.082655 0.076418 0.250000
v 0.082655 0.076418 0.260000
v 0.082655 0.076418 0.270000
v 0.082655 0.076418 0.280000
v 0.082655 0.076418 0.290000
v 0.082655 0.076418 0.300000
v 0.082655 0.076418 0.310000
v 0.082655 0.076418 0.320000
v 0.082655 0.076418 0.330000
v 0.082655 0.076418 0.340000
v 0.082655 0.076418 0.350000
v 0.082655 0.076418 0.360000
v 0.082655 0.076418 0.370000
v 0.082655 0.076418 0.380000
v 0.082655 0.076418 0.390000
v 0.082655 0.076418 0.400000
v 0.074055 0.084779 0.000000
v 0.074055 0.084779 0.010000
v 0.074055 0.084779 0.020000
v 0.074055 0.084779 0.030000
v 0.074055 0.084779 0.040000
v 0.074055 0.084779 0.050000
v 0.074055 0.084779 0.060000
v 0.074055 0.084779 0.070000
v 0.074055 0.084779 0.080000
v 0.074055 0.084779 0.090000
v 0.074055 0.084779 0.100000
v 0.074055 0.084779 0.110000
v 0.074055 0.084779 0.120000
v 0.074055 0.084779 0.130000
v 0.074055 0.084779 0.140000
v 0.074055 0.084779 0.150000
v 0.074055 0.084779 0.160000
v 0.074055 0.084779 0.170000
v 0.074055 0.084779 0.180000
v 0.074055 0.084779 0.190000
v 0.074055 0.084779 0.200000
v 0.074055 0.084779 0.210000
v 0.074055 0.084779 0.220000
v 0.074055 0.084779 0.230000
v 0.074055 0.084779 0.240000
v 0.074055 0.084779 0.250000
v 0.074055 0.084779 0.260000
v 0.074055 0.084779 0.270000
v 0.074055 0.084779 0.280000
v 0.074055 0.084779 0.290000
v 0.074055 0.084779 0.300000
v 0.074055 0.084779 0.310000
v 0.074055 0.084779 0.320000
v 0.074055 0.084779 0.330000
v 0.074055 0.084779 0.340000
v 0.074055 0.084779 0.350000
v 0.074055 0.084779 0.360000
v 0.074055 0.084779 0.370000
v 0.074055 0.084779 0.380000
v 0.074055 0.084779 0.390000
v 0.074055 0.084779 0.400000
v 0.064614 0.092177 0.000000
v 0.064614 0.092177 0.010000
v 0.064614 0.092177 0.020000
v 0.064614 0.092177 0.030000
v 0.064614 0.092177 0.040000
v 0.064614 0.092177 0.050000
v 0.064614 0.092177 0.060000
v 0.064614 0.092177 0.070000
v 0.064614 0.092177 0.080000
v 0.064614 0.092177 0.090000
v 0.064614 0.092177 0.100000
v 0.064614 0.092177 0.110000
v 0.064614 0.092177 0.120000
v 0.064614 0.092177 0.130000
v 0.064614 0.092177 0.140000
v 0.064614 0.092177 0.150000
v 0.064614 0.092177 0.160000
v 0.064614 0.092177 0.170000
v 0.064614 0.092177 0.180000
v 0.064614 0.092177 0.190000
v 0.064614 0.092177 0.200000
v 0.064614 0.092177 0.210000
v 0.064614 0.092177 0.220000
v 0.064614 0.092177 0.230000
v 0.064614 0.092177 0.240000
v 0.064614 0.092177 0.250000
v 0.064614 0.092177 0.260000
v 0.064614 0.092177 0.270000
v 0.064614 0.092177 0.280000
v 0.064614 0.092177 0.290000
v 0.064614 0.092177 0.300000
v 0.064614 0.092177 0.310000
v 0.064614 0.092177 0.320000
v 0.064614 0.092177 0.330000
v 0.064614 0.092177 0.340000
v 0.064614 0.092177 0.350000
v 0.064614 0.092177 0.360000
v 0.064614 0.092177 0.370000
v 0.064614 0.092177 0.380000
v 0.064614 0.092177 0.390000
v 0.064614 0.092177 0.400000
v 0.054439 0.098529 0.000000
v 0.054439 0.098529 0.010000
v 0.054439 0.098529 0.020000
v 0.054439 0.098529 0.030000
v 0.054439 0.098529 0.040000
v 0.054439 0.098529 0.050000
v 0.054439 0.098529 0.060000
v 0.054439 0.098529 0.070000
v 0.054439 0.098529 0.080000
v 0.054439 0.098529 0.090000
v 0.054439 0.098529 0.100000
v 0.054439 0.098529 0.110000
v 0.054439 0.098529 0.120000
v 0.054439 0.098529 0.130000
v 0.054439 0.098529 0.140000
v 0.054439 0.098529 0.150000
v 0.054439 0.098529 0.160000
v 0.054439 0.098529 0.170000
v 0.054439 0.098529 0.180000
v 0.054439 0.098529 0.190000
v 0.054439 0.098529 0.200000
v 0.054439 0.098529 0.210000
v 0.054439 0.098529 0.220000
v 0.054439 0.098529 0.230000
v 0.054439 0.098529 0.240000
v 0.054439 0.098529 0.250000
v 0.054439 0.098529 0.260000
v 0.054439 0.098529 0.270000
v 0.054439 0.098529 0.280000
v 0.054439 0.098529 0.290000
v 0.054439 0.098529 0.300000
v 0.054439 0.098529 0.310000
v 0.054439 0.098529 0.320000
v 0.054439 0.098529 0.330000
v 0.054439 0.098529 0.340000
v 0.054439 0.098529 0.350000
v 0.054439 0.098529 0.360000
v 0.054439 0.098529 0.370000
v 0.054439 0.098529 0.380000
v 0.054439 0.098529 0.390000
v 0.054439 0.098529 0.400000
v 0.043647 0.103762 0.000000
v 0.043647 0.103762 0.010000
v 0.043647 0.103762 0.020000
v 0.043647 0.103762 0.030000
v 0.043647 0.103762 0.040000
v 0.043647 0.103762 0.050000
v 0.043647 0.103762 0.060000
v 0.043647 0.103762 0.070000
v 0.043647 0.103762 0.080000
v 0.043647 0.103762 0.090000
v 0.043647 0.103762 0.100000
v 0.043647 0.103762 0.110000
v 0.043647 0.103762 0.120000
v 0.043647 0.103762 0.130000
v 0.043647 0.103762 0.140000
v 0.043647 0.103762 0.150000
v 0.043647 0.103762 0.160000
v 0.043647 0.103762 0.170000
v 0.043647 0.103762 0.180000
v 0.043647 0.103762 0.190000
v 0.043647 0.103762 0.200000
v 0.043647 0.103762 0.210000
v 0.043647 0.103762 0.220000
v 0.043647 0.103762 0.230000
v 0.043647 0.103762 0.240000
v 0.043647 0.103762 0.250000
v 0.043647 0.103762 0.260000
v 0.043647 0.103762 0.270000
v 0.043647 0.103762 0.280000
v 0.043647 0.103762 0.290000
v 0.043647 0.103762 0.300000
v 0.043647 0.103762 0.310000
v 0.043647 0.103762 0.320000
v 0.043647 0.103762 0.330000
v 0.043647 0.103762 0.340000
v 0.043647 0.103762 0.350000
v 0.043647 0.103762 0.360000
v 0.043647 0.103762 0.370000
v 0.043647 0.103762 0.380000
v 0.043647 0.103762 0.390000
v 0.043647 0.103762 0.400000
v 0.032359 0.107817 0.000000
v 0.032359 0.107817 0.010000
v 0.032359 0.107817 0.020000
v 0.032359 0.107817 0.030000
v 0.032359 0.107817 0.040000
v 0.032359 0.107817 0.050000
v 0.032359 0.107817 0.060000
v 0.032359 0.107817 0.070000
v 0.032359 0.107817 0.080000
v 0.032359 0.107817 0.090000
v 0.032359 0.107817 0.100000
v 0.032359 0.107817 0.110000
v 0.032359 0.107817 0.120000
v 0.032359 0.107817 0.130000
v 0.032359 0.107817 0.140000
v 0.032359 0.107817 0.150000
v 0.032359 0.107817 0.160000
v 0.032359 0.107817 0.170000
v 0.032359 0.107817 0.180000
v 0.032359 0.107817 0.190000
v 0.032359 0.107817 0.200000
v 0.032359 0.107817 0.210000
v 0.032359 0.107817 0.220000
v 0.032359 0.107817 0.230000
v 0.032359 0.107817 0.240000
v 0.032359 0.107817 0.250000
v 0.032359 0.107817 0.260000
v 0.032359 0.107817 0.270000
v 0.032359 0.107817 0.280000
v 0.032359 0.107817 0.290000
v 0.032359 0.107817 0.300000
v 0.032359 0.107817 0.310000
v 0.032359 0.107817 0.320000
v 0.032359 0.107817 0.330000
v 0.032359 0.107817 0.340000
v 0.032359 0.107817 0.350000
v 0.032359 0.107817 0.360000
v 0.032359 0.107817 0.370000
v 0.032359 0.107817 0.380000
v 0.032359 0.107817 0.390000
v 0.032359 0.107817 0.400000
v 0.020703 0.110648 0.000000
v 0.020703 0.110648 0.010000
v 0.020703 0.110648 0.020000
v 0.020703 0.110648 0.030000
v 0.020703 0.110648 0.040000
v 0.020703 0.110648 0.050000
v 0.020703 0.110648 0.060000
v 0.020703 0.110648 0.070000
v 0.020703 0.110648 0.080000
v 0.020703 0.110648 0.090000
v 0.020703 0.110648 0.100000
v 0.020703 0.110648 0.110000
v 0.020703 0.110648 0.120000
v 0.020703 0.110648 0.130000
v 0.020703 0.110648 0.140000
v 0.020703 0.110648 0.150000
v 0.020703 0.110648 0.160000
v 0.020703 0.110648 0.170000
v 0.020703 0.110648 0.180000
v 0.020703 0.110648 0.190000
v 0.020703 0.110648 0.200000
v 0.020703 0.110648 0.210000
v 0.020703 0.110648 0.220000
v 0.020703 0.110648 0.230000
v 0.020703 0.110648 0.240000
v 0.020703 0.110648 0.250000
v 0.020703 0.110648 0.260000
v 0.020703 0.110648 0.270000
v 0.020703 0.110648 0.280000
v 0.020703 0.110648 0.290000
v 0.020703 0.110648 0.300000
v 0.020703 0.110648 0.310000
v 0.020703 0.110648 0.320000
v 0.020703 0.110648 0.330000
v 0.020703 0.110648 0.340000
v 0.020703 0.110648 0.350000
v 0.020703 0.110648 0.360000
v 0.020703 0.110648 0.370000
v 0.020703 0.110648 0.380000
v 0.020703 0.110648 0.390000
v 0.020703 0.110648 0.400000
v 0.008813 0.112223 0.000000
v 0.008813 0.112223 0.010000
v 0.008813 0.112223 0.020000
v 0.008813 0.112223 0.030000
v 0.008813 0.112223 0.040000
v 0.008813 0.112223 0.050000
v 0.008813 0.112223 0.060000
v 0.008813 0.112223 0.070000
v 0.008813 0.112223 0.080000
v 0.008813 0.112223 0.090000
v 0.008813 0.112223 0.100000
v 0.008813 0.112223 0.110000
v 0.008813 0.112223 0.120000
v 0.008813 0.112223 0.130000
v 0.008813 0.112223 0.140000
v 0.008813 0.112223 0.150000
v 0.008813 0.112223 0.160000
v 0.008813 0.112223 0.170000
v 0.008813 0.112223 0.180000
v 0.008813 0.112223 0.190000
v 0.008813 0.112223 0.200000
v 0.008813 0.112223 0.210000
v 0.008813 0.112223 0.220000
v 0.008813 0.112223 0.230000
v 0.008813 0.112223 0.240000
v 0.008813 0.112223 0.250000
v 0.008813 0.112223 0.260000
v 0.008813 0.112223 0.270000
v 0.008813 0.112223 0.280000
v 0.008813 0.112223 0.290000
v 0.008813 0.112223 0.300000
v 0.008813 0.112223 0.310000
v 0.008813 0.112223 0.320000
v 0.008813 0.112223 0.330000
v 0.008813 0.112223 0.340000
v 0.008813 0.112223 0.350000
v 0.008813 0.112223 0.360000
v 0.008813 0.112223 0.370000
v 0.008813 0.112223 0.380000
v 0.008813 0.112223 0.390000
v 0.008813 0.112223 0.400000
v -0.003178 0.112523 0.000000
v -0.003178 0.112523 0.010000
v -0.003178 0.112523 0.020000
v -0.003178 0.112523 0.030000
v -0.003178 0.112523 0.040000
v -0.003178 0.112523 0.050000
v -0.003178 0.112523 0.060000
v -0.003178 0.112523 0.070000
v -0.003178 0.112523 0.080000
v -0.003178 0.112523 0.090000
v -0.003178 0.112523 0.100000
v -0.003178 0.112523 0.110000
v -0.003178 0.112523 0.120000
v -0.003178 0.112523 0.130000
v -0.003178 0.112523 0.140000
v -0.003178 0.112523 0.150000
v -0.003178 0.112523 0.160000
v -0.003178 0.112523 0.170000
v -0.003178 0.112523 0.180000
v -0.003178 0.112523 0.190000
v -0.003178 0.112523 0.200000
v -0.003178 0.112523 0.210000
v -0.003178 0.112523 0.220000
v -0.003178 0.112523 0.230000
v -0.003178 0.112523 0.240000
v -0.003178 0.112523 0.250000
v -0.003178 0.112523 0.260000
v -0.003178 0.112523 0.270000
v -0.003178 0.112523 0.280000
v -0.003178 0.112523 0.290000
v -0.003178 0.112523 0.300000
v -0.003178 0.112523 0.310000
v -0.003178 0.112523 0.320000
v -0.003178 0.112523 0.330000
v -0.003178 0.112523 0.340000
v -0.003178 0.112523 0.350000
v -0.003178 0.112523 0.360000
v -0.003178 0.112523 0.370000
v -0.003178 0.112523 0.380000
v -0.003178 0.112523 0.390000
v -0.003178 0.112523 0.400000
v -0.015132 0.111546 0.000000
v -0.015132 0.111546 0.010000
v -0.015132 0.111546 0.020000
v -0.015132 0.111546 0.030000
v -0.015132 0.111546 0.040000
v -0.015132 0.111546 0.050000
v -0.015132 0.111546 0.060000
v -0.015132 0.111546 0.070000
v -0.015132 0.111546 0.080000
v -0.015132 0.111546 0.090000
v -0.015132 0.111546 0.100000
v -0.015132 0.111546 0.110000
v -0.015132 0.111546 0.120000
v -0.015132 0.111546 0.130000
v -0.015132 0.111546 0.140000
v -0.015132 0.111546 0.150000
v -0.015132 0.111546 0.160000
v -0.015132 0.111546 0.170000
v -0.015132 0.111546 0.180000
v -0.015132 0.111546 0.190000
v -0.015132 0.111546 0.200000
v -0.015132 0.111546 0.210000
v -0.015132 0.111546 0.220000
v -0.015132 0.111546 0.230000
v -0.015132 0.111546 0.240000
v -0.015132 0.111546 0.250000
v -0.015132 0.111546 0.260000
v -0.015132 0.111546 0.270000
v -0.015132 0.111546 0.280000
v -0.015132 0.111546 0.290000
v -0.015132 0.111546 0.300000
v -0.015132 0.111546 0.310000
v -0.015132 0.111546 0.320000
v -0.015132 0.111546 0.330000
v -0.015132 0.111546 0.340000
v -0.015132 0.111546 0.350000
v -0.015132 0.111546 0.360000
v -0.015132 0.111546 0.370000
v -0.015132 0.111546 0.380000
v -0.015132 0.111546 0.390000
v -0.015132 0.111546 0.400000
v -0.026915 0.109303 0.000000
v -0.026915 0.109303 0.010000
v -0.026915 0.109303 0.020000
v -0.026915 0.109303 0.030000
v -0.026915 0.109303 0.040000
v -0.026915 0.109303 0.050000
v -0.026915 0.109303 0.060000
v -0.026915 0.109303 0.070000
v -0.026915 0.109303 0.080000
v -0.026915 0.109303 0.090000
v -0.026915 0.109303 0.100000
v -0.026915 0.109303 0.110000
v -0.026915 0.109303 0.120000
v -0.026915 0.109303 0.130000
v -0.026915 0.109303 0.140000
v -0.026915 0.109303 0.150000
v -0.026915 0.109303 0.160000
v -0.026915 0.109303 0.170000
v -0.026915 0.109303 0.180000
v -0.026915 0.109303 0.190000
v -0.026915 0.109303 0.200000
v -0.026915 0.109303 0.210000
v -0.026915 0.109303 0.220000
v -0.026915 0.109303 0.230000
v -0.026915 0.109303 0.240000
v -0.026915 0.109303 0.250000
v -0.026915 0.109303 0.260000
v -0.026915 0.109303 0.270000
v -0.026915 0.109303 0.280000
v -0.026915 0.109303 0.290000
v -0.026915 0.109303 0.300000
v -0.026915 0.109303 0.310000
v -0.026915 0.109303 0.320000
v -0.026915 0.109303 0.330000
v -0.026915 0.109303 0.340000
v -0.026915 0.109303 0.350000
v -0.026915 0.109303 0.360000
v -0.026915 0.109303 0.370000
v -0.026915 0.109303 0.380000
v -0.026915 0.109303 0.390000
v -0.026915 0.109303 0.400000
v -0.038392 0.105819 0.000000
v -0.038392 0.105819 0.010000
v -0.038392 0.105819 0.020000
v -0.038392 0.105819 0.030000
v -0.038392 0.105819 0.040000
v -0.038392 0.105819 0.050000
v -0.038392 0.105819 0.060000
v -0.038392 0.105819 0.070000
v -0.038392 0.105819 0.080000
v -0.038392 0.105819 0.090000
v -0.038392 0.105819 0.100000
v -0.038392 0.105819 0.110000
v -0.038392 0.105819 0.120000
v -0.038392 0.105819 0.130000
v -0.038392 0.105819 0.140000
v -0.038392 0.105819 0.150000
v -0.038392 0.105819 0.160000
v -0.038392 0.105819 0.170000
v -0.038392 0.105819 0.180000
v -0.038392 0.105819 0.190000
v -0.038392 0.105819 0.200000
v -0.038392 0.105819 0.210000
v -0.038392 0.105819 0.220000
v -0.038392 0.105819 0.230000
v -0.038392 0.105819 0.240000
v -0.038392 0.105819 0.250000
v -0.038392 0.105819 0.260000
v -0.038392 0.105819 0.270000
v -0.038392 0.105819 0.280000
v -0.038392 0.105819 0.290000
v -0.038392 0.105819 0.300000
v -0.038392 0.105819 0.310000
v -0.038392 0.105819 0.320000
v -0.038392 0.105819 0.330000
v -0.038392 0.105819 0.340000
v -0.038392 0.105819 0.350000
v -0.038392 0.105819 0.360000
v -0.038392 0.105819 0.370000
v -0.038392 0.105819 0.380000
v -0.038392 0.105819 0.390000
v -0.038392 0.105819 0.400000
v -0.049433 0.101133 0.000000
v -0.049433 0.101133 0.010000
v -0.049433 0.101133 0.020000
v -0.049433 0.101133 0.030000
v -0.049433 0.101133 0.040000
v -0.049433 0.101133 0.050000
v -0.049433 0.101133 0.060000
v -0.049433 0.101133 0.070000
v -0.049433 0.101133 0.080000
v -0.049433 0.101133 0.090000
v -0.049433 0.101133 0.100000
v -0.049433 0.101133 0.110000
v -0.049433 0.101133 0.120000
v -0.049433 0.101133 0.130000
v -0.049433 0.101133 0.140000
v -0.049433 0.101133 0.150000
v -0.049433 0.101133 0.160000
v -0.049433 0.101133 0.170000
v -0.049433 0.101133 0.180000
v -0.049433 0.101133 0.190000
v -0.049433 0.101133 0.200000
v -0.049433 0.101133 0.210000
v -0.049433 0.101133 0.220000
v -0.049433 0.101133 0.230000
v -0.049433 0.101133 0.240000
v -0.049433 0.101133 0.250000
v -0.049433 0.101133 0.260000
v -0.049433 0.101133 0.270000
v -0.049433 0.101133 0.280000
v -0.049433 0.101133 0.290000
v -0.049433 0.101133 0.300000
v -0.049433 0.101133 0.310000
v -0.049433 0.101133 0.320000
v -0.049433 0.101133 0.330000
v -0.049433 0.101133 0.340000
v -0.049433 0.101133 0.350000
v -0.049433 0.101133 0.360000
v -0.049433 0.101133 0.370000
v -0.049433 0.101133 0.380000
v -0.049433 0.101133 0.390000
v -0.049433 0.101133 0.400000
v -0.059913 0.095299 0.000000
v -0.059913 0.095299 0.010000
v -0.059913 0.095299 0.020000
v -0.059913 0.095299 0.030000
v -0.059913 0.095299 0.040000
v -0.059913 0.095299 0.050000
v -0.059913 0.095299 0.060000
v -0.059913 0.095299 0.070000
v -0.059913 0.095299 0.080000
v -0.059913 0.095299 0.090000
v -0.059913 0.095299 0.100000
v -0.059913 0.095299 0.110000
v -0.059913 0.095299 0.120000
v -0.059913 0.095299 0.130000
v -0.059913 0.095299 0.140000
v -0.059913 0.095299 0.150000
v -0.059913 0.095299 0.160000
v -0.059913 0.095299 0.170000
v -0.059913 0.095299 0.180000
v -0.059913 0.095299 0.190000
v -0.059913 0.095299 0.200000
v -0.059913 0.095299 0.210000
v -0.059913 0.095299 0.220000
v -0.059913 0.095299 0.230000
v -0.059913 0.095299 0.240000
v -0.059913 0.095299 0.250000
v -0.059913 0.095299 0.260000
v -0.059913 0.095299 0.270000
v -0.059913 0.095299 0.280000
v -0.059913 0.095299 0.290000
v -0.059913 0.095299 0.300000
v -0.059913 0.095299 0.310000
v -0.059913 0.095299 0.320000
v -0.059913 0.095299 0.330000
v -0.059913 0.095299 0.340000
v -0.059913 0.095299 0.350000
v -0.059913 0.095299 0.360000
v -0.059913 0.095299 0.370000
v -0.059913 0.095299 0.380000
v -0.059913 0.095299 0.390000
v -0.059913 0.095299 0.400000
v -0.069482 0.088566 0.000000
v -0.069482 0.088566 0.010000
v -0.069482 0.088566 0.020000
v -0.069482 0.088566 0.030000
v -0.069482 0.088566 0.040000
v -0.069482 0.088566 0.050000
v -0.069482 0.088566 0.060000
v -0.069482 0.088566 0.070000
v -0.069482 0.088566 0.080000
v -0.069482 0.088566 0.090000
v -0.069482 0.088566 0.100000
v -0.069482 0.088566 0.110000
v -0.069482 0.088566 0.120000
v -0.069482 0.088566 0.130000
v -0.069482 0.088566 0.140000
v -0.069482 0.088566 0.150000
v -0.069482 0.088566 0.160000
v -0.069482 0.088566 0.170000
v -0.069482 0.088566 0.180000
v -0.069482 0.088566 0.190000
v -0.069482 0.088566 0.200000
v -0.069482 0.088566 0.210000
v -0.069482 0.088566 0.220000
v -0.069482 0.088566 0.230000
v -0.069482 0.088566 0.240000
v -0.069482 0.088566 0.250000
v -0.069482 0.088566 0.260000
v -0.069482 0.088566 0.270000
v -0.069482 0.088566 0.280000
v -0.069482 0.088566 0.290000
v -0.069482 0.088566 0.300000
v -0.069482 0.088566 0.310000
v -0.069482 0.088566 0.320000
v -0.069482 0.088566 0.330000
v -0.069482 0.088566 0.340000
v -0.069482 0.088566 0.350000
v -0.069482 0.088566 0.360000
v -0.069482 0.088566 0.370000
v -0.069482 0.088566 0.380000
v -0.069482 0.088566 0.390000
v -0.069482 0.088566 0.400000
v -0.078299 0.080875 0.000000
v -0.078299 0.080875 0.010000
v -0.078299 0.080875 0.020000
v -0.078299 0.080875 0.030000
v -0.078299 0.080875 0.040000
v -0.078299 0.080875 0.050000
v -0.078299 0.080875 0.060000
v -0.078299 0.080875 0.070000
v -0.078299 0.080875 0.080000
v -0.078299 0.080875 0.090000
v -0.078299 0.080875 0.100000
v -0.078299 0.080875 0.110000
v -0.078299 0.080875 0.120000
v -0.078299 0.080875 0.130000
v -0.078299 0.080875 0.140000
v -0.078299 0.080875 0.150000
v -0.078299 0.080875 0.160000
v -0.078299 0.080875 0.170000
v -0.078299 0.080875 0.180000
v -0.078299 0.080875 0.190000
v -0.078299 0.080875 0.200000
v -0.078299 0.080875 0.210000
v -0.078299 0.080875 0.220000
v -0.078299 0.080875 0.230000
v -0.078299 0.080875 0.240000
v -0.078299 0.080875 0.250000
v -0.078299 0.080875 0.260000
v -0.078299 0.080875 0.270000
v -0.078299 0.080875 0.280000
v -0.078299 0.080875 0.290000
v -0.078299 0.080875 0.300000
v -0.078299 0.080875 0.310000
v -0.078299 0.080875 0.320000
v -0.078299 0.080875 0.330000
v -0.078299 0.080875 0.340000
v -0.078299 0.080875 0.350000
v -0.078299 0.080875 0.360000
v -0.078299 0.080875 0.370000
v -0.078299 0.080875 0.380000
v -0.078299 0.080875 0.390000
v -0.078299 0.080875 0.400000
v -0.086271 0.072311 0.000000
v -0.086271 0.072311 0.010000
v -0.086271 0.072311 0.020000
v -0.086271 0.072311 0.030000
v -0.086271 0.072311 0.040000
v -0.086271 0.072311 0.050000
v -0.086271 0.072311 0.060000
v -0.086271 0.072311 0.070000
v -0.086271 0.072311 0.080000
v -0.086271 0.072311 0.090000
v -0.086271 0.072311 0.100000
v -0.086271 0.072311 0.110000
v -0.086271 0.072311 0.120000
v -0.086271 0.072311 0.130000
v -0.086271 0.072311 0.140000
v -0.086271 0.072311 0.150000
v -0.086271 0.072311 0.160000
v -0.086271 0.072311 0.170000
v -0.086271 0.072311 0.180000
v -0.086271 0.072311 0.190000
v -0.086271 0.072311 0.200000
v -0.086271 0.072311 0.210000
v -0.086271 0.072311 0.220000
v -0.086271 0.072311 0.230000
v -0.086271 0.072311 0.240000
v -0.086271 0.072311 0.250000
v -0.086271 0.072311 0.260000
v -0.086271 0.072311 0.270000
v -0.086271 0.072311 0.280000
v -0.086271 0.072311 0.290000
v -0.086271 0.072311 0.300000
v -0.086271 0.072311 0.310000
v -0.086271 0.072311 0.320000
v -0.086271 0.072311 0.330000
v -0.086271 0.072311 0.340000
v -0.086271 0.072311 0.350000
v -0.086271 0.072311 0.360000
v -0.086271 0.072311 0.370000
v -0.086271 0.072311 0.380000
v -0.086271 0.072311 0.390000
v -0.086271 0.072311 0.400000
v -0.093311 0.062966 0.000000
v -0.093311 0.062966 0.010000
v -0.093311 0.062966 0.020000
v -0.093311 0.062966 0.030000
v -0.093311 0.062966 0.040000
v -0.093311 0.062966 0.050000
v -0.093311 0.062966 0.060000
v -0.093311 0.062966 0.070000
v -0.093311 0.062966 0.080000
v -0.093311 0.062966 0.090000
v -0.093311 0.062966 0.100000
v -0.093311 0.062966 0.110000
v -0.093311 0.062966 0.120000
v -0.093311 0.062966 0.130000
v -0.093311 0.062966 0.140000
v -0.093311 0.062966 0.150000
v -0.093311 0.062966 0.160000
v -0.093311 0.062966 0.170000
v -0.093311 0.062966 0.180000
v -0.093311 0.062966 0.190000
v -0.093311 0.062966 0.200000
v -0.093311 0.062966 0.210000
v -0.093311 0.062966 0.220000
v -0.093311 0.062966 0.230000
v -0.093311 0.062966 0.240000
v -0.093311 0.062966 0.250000
v -0.093311 0.062966 0.260000
v -0.093311 0.062966 0.270000
v -0.093311 0.062966 0.280000
v -0.093311 0.062966 0.290000
v -0.093311 0.062966 0.300000
v -0.093311 0.062966 0.310000
v -0.093311 0.062966 0.320000
v -0.093311 0.062966 0.330000
v -0.093311 0.062966 0.340000
v -0.093311 0.062966 0.350000
v -0.093311 0.062966 0.360000
v -0.093311 0.062966 0.370000
v -0.093311 0.062966 0.380000
v -0.093311 0.062966 0.390000
v -0.093311 0.062966 0.400000
v -0.098529 0.054439 0.000000
v -0.098529 0.054439 0.010000
v -0.098529 0.054439 0.020000
v -0.098529 0.054439 0.030000
v -0.098529 0.054439 0.040000
v -0.098529 0.054439 0.050000
v -0.098529 0.054439 0.060000
v -0.098529 0.054439 0.070000
v -0.098529 0.054439 0.080000
v -0.098529 0.054439 0.090000
v -0.098529 0.054439 0.100000
v -0.098529 0.054439 0.110000
v -0.098529 0.054439 0.120000
v -0.098529 0.054439 0.130000
v -0.098529 0.054439 0.140000
v -0.098529 0.054439 0.150000
v -0.098529 0.054439 0.160000
v -0.098529 0.054439 0.170000
v -0.098529 0.054439 0.180000
v -0.098529 0.054439 0.190000
v -0.098529 0.054439 0.200000
v -0.098529 0.054439 0.210000
v -0.098529 0.054439 0.220000
v -0.098529 0.054439 0.230000
v -0.098529 0.054439 0.240000
v -0.098529 0.054439 0.250000
v -0.098529 0.054439 0.260000
v -0.098529 0.054439 0.270000
v -0.098529 0.054439 0.280000
v -0.098529 0.054439 0.290000
v -0.098529 0.054439 0.300000
v -0.098529 0.054439 0.310000
v -0.098529 0.054439 0.320000
v -0.098529 0.054439 0.330000
v -0.098529 0.054439 0.340000
v -0.098529 0.054439 0.350000
v -0.098529 0.054439 0.360000
v -0.098529 0.054439 0.370000
v -0.098529 0.054439 0.380000
v -0.098529 0.054439 0.390000
v -0.098529 0.054439 0.400000
v -0.102970 0.045483 0.000000
v -0.102970 0.045483 0.010000
v -0.102970 0.045483 0.020000
v -0.102970 0.045483 0.030000
v -0.102970 0.045483 0.040000
v -0.102970 0.045483 0.050000
v -0.102970 0.045483 0.060000
v -0.102970 0.045483 0.070000
v -0.102970 0.045483 0.080000
v -0.102970 0.045483 0.090000
v -0.102970 0.045483 0.100000
v -0.102970 0.045483 0.110000
v -0.102970 0.045483 0.120000
v -0.102970 0.045483 0.130000
v -0.102970 0.045483 0.140000
v -0.102970 0.045483 0.150000
v -0.102970 0.045483 0.160000
v -0.102970 0.045483 0.170000
v -0.102970 0.045483 0.180000
v -0.102970 0.045483 0.190000
v -0.102970 0.045483 0.200000
v -0.102970 0.045483 0.210000
v -0.102970 0.045483 0.220000
v -0.102970 0.045483 0.230000
v -0.102970 0.045483 0.240000
v -0.102970 0.045483 0.250000
v -0.102970 0.045483 0.260000
v -0.102970 0.045483 0.270000
v -0.102970 0.045483 0.280000
v -0.102970 0.045483 0.290000
v -0.102970 0.045483 0.300000
v -0.102970 0.045483 0.310000
v -0.102970 0.045483 0.320000
v -0.102970 0.045483 0.330000
v -0.102970 0.045483 0.340000
v -0.102970 0.045483 0.350000
v -0.102970 0.045483 0.360000
v -0.102970 0.045483 0.370000
v -0.102970 0.045483 0.380000
v -0.102970 0.045483 0.390000
v -0.102970 0.045483 0.400000
v -0.107135 0.034549 0.000000
v -0.107135 0.034549 0.010000
v -0.107135 0.034549 0.020000
v -0.107135 0.034549 0.030000
v -0.107135 0.034549 0.040000
v -0.107135 0.034549 0.050000
v -0.107135 0.034549 0.060000
v -0.107135 0.034549 0.070000
v -0.107135 0.034549 0.080000
v -0.107135 0.034549 0.090000
v -0.107135 0.034549 0.100000
v -0.107135 0.034549 0.110000
v -0.107135 0.034549 0.120000
v -0.107135 0.034549 0.130000
v -0.107135 0.034549 0.140000
v -0.107135 0.034549 0.150000
v -0.107135 0.034549 0.160000
v -0.107135 0.034549 0.170000
v -0.107135 0.034549 0.180000
v -0.107135 0.034549 0.190000
v -0.107135 0.034549 0.200000
v -0.107135 0.034549 0.210000
v -0.107135 0.034549 0.220000
v -0.107135 0.034549 0.230000
v -0.107135 0.034549 0.240000
v -0.107135 0.034549 0.250000
v -0.107135 0.034549 0.260000
v -0.107135 0.034549 0.270000
v -0.107135 0.034549 0.280000
v -0.107135 0.034549 0.290000
v -0.107135 0.034549 0.300000
v -0.107135 0.034549 0.310000
v -0.107135 0.034549 0.320000
v -0.107135 0.034549 0.330000
v -0.107135 0.034549 0.340000
v -0.107135 0.034549 0.350000
v -0.107135 0.034549 0.360000
v -0.107135 0.034549 0.370000
v -0.107135 0.034549 0.380000
v -0.107135 0.034549 0.390000
v -0.107135 0.034549 0.400000
v -0.110143 0.023242 0.000000
v -0.110143 0.023242 0.010000
v -0.110143 0.023242 0.020000
v -0.110143 0.023242 0.030000
v -0.110143 0.023242 0.040000
v -0.110143 0.023242 0.050000
v -0.110143 0.023242 0.060000
v -0.110143 0.023242 0.070000
v -0.110143 0.023242 0.080000
v -0.110143 0.023242 0.090000
v -0.110143 0.023242 0.100000
v -0.110143 0.023242 0.110000
v -0.110143 0.023242 0.120000
v -0.110143 0.023242 0.130000
v -0.110143 0.023242 0.140000
v -0.110143 0.023242 0.150000
v -0.110143 0.023242 0.160000
v -0.110143 0.023242 0.170000
v -0.110143 0.023242 0.180000
v -0.110143 0.023242 0.190000
v -0.110143 0.023242 0.200000
v -0.110143 0.023242 0.210000
v -0.110143 0.023242 0.220000
v -0.110143 0.023242 0.230000
v -0.110143 0.023242 0.240000
v -0.110143 0.023242 0.250000
v -0.110143 0.023242 0.260000
v -0.110143 0.023242 0.270000
v -0.110143 0.023242 0.280000
v -0.110143 0.023242 0.290000
v -0.110143 0.023242 0.300000
v -0.110143 0.023242 0.310000
v -0.110143 0.023242 0.320000
v -0.110143 0.023242 0.330000
v -0.110143 0.023242 0.340000
v -0.110143 0.023242 0.350000
v -0.110143 0.023242 0.360000
v -0.110143 0.023242 0.370000
v -0.110143 0.023242 0.380000
v -0.110143 0.023242 0.390000
v -0.110143 0.023242 0.400000
v -0.111960 0.011684 0.000000
v -0.111960 0.011684 0.010000
v -0.111960 0.011684 0.020000
v -0.111960 0.011684 0.030000
v -0.111960 0.011684 0.040000
v -0.111960 0.011684 0.050000
v -0.111960 0.011684 0.060000
v -0.111960 0.011684 0.070000
v -0.111960 0.011684 0.080000
v -0.111960 0.011684 0.090000
v -0.111960 0.011684 0.100000
v -0.111960 0.011684 0.110000
v -0.111960 0.011684 0.120000
v -0.111960 0.011684 0.130000
v -0.111960 0.011684 0.140000
v -0.111960 0.011684 0.150000
v -0.111960 0.011684 0.160000
v -0.111960 0.011684 0.170000
v -0.111960 0.011684 0.180000
v -0.111960 0.011684 0.190000
v -0.111960 0.011684 0.200000
v -0.111960 0.011684 0.210000
v -0.111960 0.011684 0.220000
v -0.111960 0.011684 0.230000
v -0.111960 0.011684 0.240000
v -0.111960 0.011684 0.250000
v -0.111960 0.011684 0.260000
v -0.111960 0.011684 0.270000
v -0.111960 0.011684 0.280000
v -0.111960 0.011684 0.290000
v -0.111960 0.011684 0.300000
v -0.111960 0.011684 0.310000
v -0.111960 0.011684 0.320000
v -0.111960 0.011684 0.330000
v -0.111960 0.011684 0.340000
v -0.111960 0.011684 0.350000
v -0.111960 0.011684 0.360000
v -0.111960 0.011684 0.370000
v -0.111960 0.011684 0.380000
v -0.111960 0.011684 0.390000
v -0.111960 0.011684 0.400000
v -0.112568 0.000000 0.000000
v -0.112568 0.000000 0.010000
v -0.112568 0.000000 0.020000
v -0.112568 0.000000 0.030000
v -0.112568 0.000000 0.040000
v -0.112568 0.000000 0.050000
v -0.112568 0.000000 0.060000
v -0.112568 0.000000 0.070000
v -0.112568 0.000000 0.080000
v -0.112568 0.000000 0.090000
v -0.112568 0.000000 0.100000
v -0.112568 0.000000 0.110000
v -0.112568 0.000000 0.120000
v -0.112568 0.000000 0.130000
v -0.112568 0.000000 0.140000
v -0.112568 0.000000 0.150000
v -0.112568 0.000000 0.160000
v -0.112568 0.000000 0.170000
v -0.112568 0.000000 0.180000
v -0.112568 0.000000 0.190000
v -0.112568 0.000000 0.200000
v -0.112568 0.000000 0.210000
v -0.112568 0.000000 0.220000
v -0.112568 0.000000 0.230000
v -0.112568 0.000000 0.240000
v -0.112568 0.000000 0.250000
v -0.112568 0.000000 0.260000
v -0.112568 0.000000 0.270000
v -0.112568 0.000000 0.280000
v -0.112568 0.000000 0.290000
v -0.112568 0.000000 0.300000
v -0.112568 0.000000 0.310000
v -0.112568 0.000000 0.320000
v -0.112568 0.000000 0.330000
v -0.112568 0.000000 0.340000
v -0.112568 0.000000 0.350000
v -0.112568 0.000000 0.360000
v -0.112568 0.000000 0.370000
v -0.112568 0.000000 0.380000
v -0.112568 0.000000 0.390000
v -0.112568 0.000000 0.400000
v -0.111929 -0.011977 0.000000
v -0.111929 -0.011977 0.010000
v -0.111929 -0.011977 0.020000
v -0.111929 -0.011977 0.030000
v -0.111929 -0.011977 0.040000
v -0.111929 -0.011977 0.050000
v -0.111929 -0.011977 0.060000
v -0.111929 -0.011977 0.070000
v -0.111929 -0.011977 0.080000
v -0.111929 -0.011977 0.090000
v -0.111929 -0.011977 0.100000
v -0.111929 -0.011977 0.110000
v -0.111929 -0.011977 0.120000
v -0.111929 -0.011977 0.130000
v -0.111929 -0.011977 0.140000
v -0.111929 -0.011977 0.150000
v -0.111929 -0.011977 0.160000
v -0.111929 -0.011977 0.170000
v -0.111929 -0.011977 0.180000
v -0.111929 -0.011977 0.190000
v -0.111929 -0.011977 0.200000
v -0.111929 -0.011977 0.210000
v -0.111929 -0.011977 0.220000
v -0.111929 -0.011977 0.230000
v -0.111929 -0.011977 0.240000
v -0.111929 -0.011977 0.250000
v -0.111929 -0.011977 0.260000
v -0.111929 -0.011977 0.270000
v -0.111929 -0.011977 0.280000
v -0.111929 -0.011977 0.290000
v -0.111929 -0.011977 0.300000
v -0.111929 -0.011977 0.310000
v -0.111929 -0.011977 0.320000
v -0.111929 -0.011977 0.330000
v -0.111929 -0.011977 0.340000
v -0.111929 -0.011977 0.350000
v -0.111929 -0.011977 0.360000
v -0.111929 -0.011977 0.370000
v -0.111929 -0.011977 0.380000
v -0.111929 -0.011977 0.390000
v -0.111929 -0.011977 0.400000
v -0.110019 -0.023819 0.000000
v -0.110019 -0.023819 0.010000
v -0.110019 -0.023819 0.020000
v -0.110019 -0.023819 0.030000
v -0.110019 -0.023819 0.040000
v -0.110019 -0.023819 0.050000
v -0.110019 -0.023819 0.060000
v -0.110019 -0.023819 0.070000
v -0.110019 -0.023819 0.080000
v -0.110019 -0.023819 0.090000
v -0.110019 -0.023819 0.100000
v -0.110019 -0.023819 0.110000
v -0.110019 -0.023819 0.120000
v -0.110019 -0.023819 0.130000
v -0.110019 -0.023819 0.140000
v -0.110019 -0.023819 0.150000
v -0.110019 -0.023819 0.160000
v -0.110019 -0.023819 0.170000
v -0.110019 -0.023819 0.180000
v -0.110019 -0.023819 0.190000
v -0.110019 -0.023819 0.200000
v -0.110019 -0.023819 0.210000
v -0.110019 -0.023819 0.220000
v -0.110019 -0.023819 0.230000
v -0.110019 -0.023819 0.240000
v -0.110019 -0.023819 0.250000
v -0.110019 -0.023819 0.260000
v -0.110019 -0.023819 0.270000
v -0.110019 -0.023819 0.280000
v -0.110019 -0.023819 0.290000
v -0.110019 -0.023819 0.300000
v -0.110019 -0.023819 0.310000
v -0.110019 -0.023819 0.320000
v -0.110019 -0.023819 0.330000
v -0.110019 -0.023819 0.340000
v -0.110019 -0.023819 0.350000
v -0.110019 -0.023819 0.360000
v -0.110019 -0.023819 0.370000
v -0.110019 -0.023819 0.380000
v -0.110019 -0.023819 0.390000
v -0.110019 -0.023819 0.400000
v -0.106861 -0.035389 0.000000
v -0.106861 -0.035389 0.010000
v -0.106861 -0.035389 0.020000
v -0.106861 -0.035389 0.030000
v -0.106861 -0.035389 0.040000
v -0.106861 -0.035389 0.050000
v -0.106861 -0.035389 0.060000
v -0.106861 -0.035389 0.070000
v -0.106861 -0.035389 0.080000
v -0.106861 -0.035389 0.090000
v -0.106861 -0.035389 0.100000
v -0.106861 -0.035389 0.110000
v -0.106861 -0.035389 0.120000
v -0.106861 -0.035389 0.130000
v -0.106861 -0.035389 0.140000
v -0.106861 -0.035389 0.150000
v -0.106861 -0.035389 0.160000
v -0.106861 -0.035389 0.170000
v -0.106861 -0.035389 0.180000
v -0.106861 -0.035389 0.190000
v -0.106861 -0.035389 0.200000
v -0.106861 -0.035389 0.210000
v -0.106861 -0.035389 0.220000
v -0.106861 -0.035389 0.230000
v -0.106861 -0.035389 0.240000
v -0.106861 -0.035389 0.250000
v -0.106861 -0.035389 0.260000
v -0.106861 -0.035389 0.270000
v -0.106861 -0.035389 0.280000
v -0.106861 -0.035389 0.290000
v -0.106861 -0.035389 0.300000
v -0.106861 -0.035389 0.310000
v -0.106861 -0.035389 0.320000
v -0.106861 -0.035389 0.330000
v -0.106861 -0.035389 0.340000
v -0.106861 -0.035389 0.350000
v -0.106861 -0.035389 0.360000
v -0.106861 -0.035389 0.370000
v -0.106861 -0.035389 0.380000
v -0.106861 -0.035389 0.390000
v -0.106861 -0.035389 0.400000
v -0.102489 -0.046559 0.000000
v -0.102489 -0.046559 0.010000
v -0.102489 -0.046559 0.020000
v -0.102489 -0.046559 0.030000
v -0.102489 -0.046559 0.040000
v -0.102489 -0.046559 0.050000
v -0.102489 -0.046559 0.060000
v -0.102489 -0.046559 0.070000
v -0.102489 -0.046559 0.080000
v -0.102489 -0.046559 0.090000
v -0.102489 -0.046559 0.100000
v -0.102489 -0.046559 0.110000
v -0.102489 -0.046559 0.120000
v -0.102489 -0.046559 0.130000
v -0.102489 -0.046559 0.140000
v -0.102489 -0.046559 0.150000
v -0.102489 -0.046559 0.160000
v -0.102489 -0.046559 0.170000
v -0.102489 -0.046559 0.180000
v -0.102489 -0.046559 0.190000
v -0.102489 -0.046559 0.200000
v -0.102489 -0.046559 0.210000
v -0.102489 -0.046559 0.220000
v -0.102489 -0.046559 0.230000
v -0.102489 -0.046559 0.240000
v -0.102489 -0.046559 0.250000
v -0.102489 -0.046559 0.260000
v -0.102489 -0.046559 0.270000
v -0.102489 -0.046559 0.280000
v -0.102489 -0.046559 0.290000
v -0.102489 -0.046559 0.300000
v -0.102489 -0.046559 0.310000
v -0.102489 -0.046559 0.320000
v -0.102489 -0.046559 0.330000
v -0.102489 -0.046559 0.340000
v -0.102489 -0.046559 0.350000
v -0.102489 -0.046559 0.360000
v -0.102489 -0.046559 0.370000
v -0.102489 -0.046559 0.380000
v -0.102489 -0.046559 0.390000
v -0.102489 -0.046559 0.400000
v -0.096953 -0.057199 0.000000
v -0.096953 -0.057199 0.010000
v -0.096953 -0.057199 0.020000
v -0.096953 -0.057199 0.030000
v -0.096953 -0.057199 0.040000
v -0.096953 -0.057199 0.050000
v -0.096953 -0.057199 0.060000
v -0.096953 -0.057199 0.070000
v -0.096953 -0.057199 0.080000
v -0.096953 -0.057199 0.090000
v -0.096953 -0.057199 0.100000
v -0.096953 -0.057199 0.110000
v -0.096953 -0.057199 0.120000
v -0.096953 -0.057199 0.130000
v -0.096953 -0.057199 0.140000
v -0.096953 -0.057199 0.150000
v -0.096953 -0.057199 0.160000
v -0.096953 -0.057199 0.170000
v -0.096953 -0.057199 0.180000
v -0.096953 -0.057199 0.190000
v -0.096953 -0.057199 0.200000
v -0.096953 -0.057199 0.210000
v -0.096953 -0.057199 0.220000
v -0.096953 -0.057199 0.230000
v -0.096953 -0.057199 0.240000
v -0.096953 -0.057199 0.250000
v -0.096953 -0.057199 0.260000
v -0.096953 -0.057199 0.270000
v -0.096953 -0.057199 0.280000
v -0.096953 -0.057199 0.290000
v -0.096953 -0.057199 0.300000
v -0.096953 -0.057199 0.310000
v -0.096953 -0.057199 0.320000
v -0.096953 -0.057199 0.330000
v -0.096953 -0.057199 0.340000
v -0.096953 -0.057199 0.350000
v -0.096953 -0.057199 0.360000
v -0.096953 -0.057199 0.370000
v -0.096953 -0.057199 0.380000
v -0.096953 -0.057199 0.390000
v -0.096953 -0.057199 0.400000
v -0.090317 -0.067190 0.000000
v -0.090317 -0.067190 0.010000
v -0.090317 -0.067190 0.020000
v -0.090317 -0.067190 0.030000
v -0.090317 -0.067190 0.040000
v -0.090317 -0.067190 0.050000
v -0.090317 -0.067190 0.060000
v -0.090317 -0.067190 0.070000
v -0.090317 -0.067190 0.080000
v -0.090317 -0.067190 0.090000
v -0.090317 -0.067190 0.100000
v -0.090317 -0.067190 0.110000
v -0.090317 -0.067190 0.120000
v -0.090317 -0.067190 0.130000
v -0.090317 -0.067190 0.140000
v -0.090317 -0.067190 0.150000
v -0.090317 -0.067190 0.160000
v -0.090317 -0.067190 0.170000
v -0.090317 -0.067190 0.180000
v -0.090317 -0.067190 0.190000
v -0.090317 -0.067190 0.200000
v -0.090317 -0.067190 0.210000
v -0.090317 -0.067190 0.220000
v -0.090317 -0.067190 0.230000
v -0.090317 -0.067190 0.240000
v -0.090317 -0.067190 0.250000
v -0.090317 -0.067190 0.260000
v -0.090317 -0.067190 0.270000
v -0.090317 -0.067190 0.280000
v -0.090317 -0.067190 0.290000
v -0.090317 -0.067190 0.300000
v -0.090317 -0.067190 0.310000
v -0.090317 -0.067190 0.320000
v -0.090317 -0.067190 0.330000
v -0.090317 -0.067190 0.340000
v -0.090317 -0.067190 0.350000
v -0.090317 -0.067190 0.360000
v -0.090317 -0.067190 0.370000
v -0.090317 -0.067190 0.380000
v -0.090317 -0.067190 0.390000
v -0.090317 -0.067190 0.400000
v -0.082655 -0.076418 0.000000
v -0.082655 -0.076418 0.010000
v -0.082655 -0.076418 0.020000
v -0.082655 -0.076418 0.030000
v -0.082655 -0.076418 0.040000
v -0.082655 -0.076418 0.050000
v -0.082655 -0.076418 0.060000
v -0.082655 -0.076418 0.070000
v -0.082655 -0.076418 0.080000
v -0.082655 -0.076418 0.090000
v -0.082655 -0.076418 0.100000
v -0.082655 -0.076418 0.110000
v -0.082655 -0.076418 0.120000
v -0.082655 -0.076418 0.130000
v -0.082655 -0.076418 0.140000
v -0.082655 -0.076418 0.150000
v -0.082655 -0.076418 0.160000
v -0.082655 -0.076418 0.170000
v -0.082655 -0.076418 0.180000
v -0.082655 -0.076418 0.190000
v -0.082655 -0.076418 0.200000
v -0.082655 -0.076418 0.210000
v -0.082655 -0.076418 0.220000
v -0.082655 -0.076418 0.230000
v -0.082655 -0.076418 0.240000
v -0.082655 -0.076418 0.250000
v -0.082655 -0.076418 0.260000
v -0.082655 -0.076418 0.270000
v -0.082655 -0.076418 0.280000
v -0.082655 -0.076418 0.290000
v -0.082655 -0.076418 0.300000
v -0.082655 -0.076418 0.310000
v -0.082655 -0.076418 0.320000
v -0.082655 -0.076418 0.330000
v -0.082655 -0.076418 0.340000
v -0.082655 -0.076418 0.350000
v -0.082655 -0.076418 0.360000
v -0.082655 -0.076418 0.370000
v -0.082655 -0.076418 0.380000
v -0.082655 -0.076418 0.390000
v -0.082655 -0.076418 0.400000
v -0.074055 -0.084779 0.000000
v -0.074055 -0.084779 0.010000
v -0.074055 -0.084779 0.020000
v -0.074055 -0.084779 0.030000
v -0.074055 -0.084779 0.040000
v -0.074055 -0.084779 0.050000
v -0.074055 -0.084779 0.060000
v -0.074055 -0.084779 0.070000
v -0.074055 -0.084779 0.080000
v -0.074055 -0.084779 0.090000
v -0.074055 -0.084779 0.100000
v -0.074055 -0.084779 0.110000
v -0.074055 -0.084779 0.120000
v -0.074055 -0.084779 0.130000
v -0.074055 -0.084779 0.140000
v -0.074055 -0.084779 0.150000
v -0.074055 -0.084779 0.160000
v -0.074055 -0.084779 0.170000
v -0.074055 -0.084779 0.180000
v -0.074055 -0.084779 0.190000
v -0.074055 -0.084779 0.200000
v -0.074055 -0.084779 0.210000
v -0.074055 -0.084779 0.220000
v -0.074055 -0.084779 0.230000
v -0.074055 -0.084779 0.240000
v -0.074055 -0.084779 0.250000
v -0.074055 -0.084779 0.260000
v -0.074055 -0.084779 0.270000
v -0.074055 -0.084779 0.280000
v -0.074055 -0.084779 0.290000
v -0.074055 -0.084779 0.300000
v -0.074055 -0.084779 0.310000
v -0.074055 -0.084779 0.320000
v -0.074055 -0.084779 0.330000
v -0.074055 -0.084779 0.340000
v -0.074055 -0.084779 0.350000
v -0.074055 -0.084779 0.360000
v -0.074055 -0.084779 0.370000
v -0.074055 -0.084779 0.380000
v -0.074055 -0.084779 0.390000
v -0.074055 -0.084779 0.400000
v -0.064614 -0.092177 0.000000
v -0.064614 -0.092177 0.010000
v -0.064614 -0.092177 0.020000
v -0.064614 -0.092177 0.030000
v -0.064614 -0.092177 0.040000
v -0.064614 -0.092177 0.050000
v -0.064614 -0.092177 0.060000
v -0.064614 -0.092177 0.070000
v -0.064614 -0.092177 0.080000
v -0.064614 -0.092177 0.090000
v -0.064614 -0.092177 0.100000
v -0.064614 -0.092177 0.110000
v -0.064614 -0.092177 0.120000
v -0.064614 -0.092177 0.130000
v -0.064614 -0.092177 0.140000
v -0.064614 -0.092177 0.150000
v -0.064614 -0.092177 0.160000
v -0.064614 -0.092177 0.170000
v -0.064614 -0.092177 0.180000
v -0.064614 -0.092177 0.190000
v -0.064614 -0.092177 0.200000
v -0.064614 -0.092177 0.210000
v -0.064614 -0.092177 0.220000
v -0.064614 -0.092177 0.230000
v -0.064614 -0.092177 0.240000
v -0.064614 -0.092177 0.250000
v -0.064614 -0.092177 0.260000
v -0.064614 -0.092177 0.270000
v -0.064614 -0.092177 0.280000
v -0.064614 -0.092177 0.290000
v -0.064614 -0.092177 0.300000
v -0.064614 -0.092177 0.310000
v -0.064614 -0.092177 0.320000
v -0.064614 -0.092177 0.330000
v -0.064614 -0.092177 0.340000
v -0.064614 -0.092177 0.350000
v -0.064614 -0.092177 0.360000
v -0.064614 -0.092177 0.370000
v -0.064614 -0.092177 0.380000
v -0.064614 -0.092177 0.390000
v -0.064614 -0.092177 0.400000
v -0.054439 -0.098529 0.000000
v -0.054439 -0.098529 0.010000
v -0.054439 -0.098529 0.020000
v -0.054439 -0.098529 0.030000
v -0.054439 -0.098529 0.040000
v -0.054439 -0.098529 0.050000
v -0.054439 -0.098529 0.060000
v -0.054439 -0.098529 0.070000
v -0.054439 -0.098529 0.080000
v -0.054439 -0.098529 0.090000
v -0.054439 -0.098529 0.100000
v -0.054439 -0.098529 0.110000
v -0.054439 -0.098529 0.120000
v -0.054439 -0.098529 0.130000
v -0.054439 -0.098529 0.140000
v -0.054439 -0.098529 0.150000
v -0.054439 -0.098529 0.160000
v -0.054439 -0.098529 0.170000
v -0.054439 -0.098529 0.180000
v -0.054439 -0.098529 0.190000
v -0.054439 -0.098529 0.200000
v -0.054439 -0.098529 0.210000
v -0.054439 -0.098529 0.220000
v -0.054439 -0.098529 0.230000
v -0.054439 -0.098529 0.240000
v -0.054439 -0.098529 0.250000
v -0.054439 -0.098529 0.260000
v -0.054439 -0.098529 0.270000
v -0.054439 -0.098529 0.280000
v -0.054439 -0.098529 0.290000
v -0.054439 -0.098529 0.300000
v -0.054439 -0.098529 0.310000
v -0.054439 -0.098529 0.320000
v -0.054439 -0.098529 0.330000
v -0.054439 -0.098529 0.340000
v -0.054439 -0.098529 0.350000
v -0.054439 -0.098529 0.360000
v -0.054439 -0.098529 0.370000
v -0.054439 -0.098529 0.380000
v -0.054439 -0.098529 0.390000
v -0.054439 -0.098529 0.400000
v -0.043647 -0.103762 0.000000
v -0.043647 -0.103762 0.010000
v -0.043647 -0.103762 0.020000
v -0.043647 -0.103762 0.030000
v -0.043647 -0.103762 0.040000
v -0.043647 -0.103762 0.050000
v -0.043647 -0.103762 0.060000
v -0.043647 -0.103762 0.070000
v -0.043647 -0.103762 0.080000
v -0.043647 -0.103762 0.090000
v -0.043647 -0.103762 0.100000
v -0.043647 -0.103762 0.110000
v -0.043647 -0.103762 0.120000
v -0.043647 -0.103762 0.130000
v -0.043647 -0.103762 0.140000
v -0.043647 -0.103762 0.150000
v -0.043647 -0.103762 0.160000
v -0.043647 -0.103762 0.170000
v -0.043647 -0.103762 0.180000
v -0.043647 -0.103762 0.190000
v -0.043647 -0.103762 0.200000
v -0.043647 -0.103762 0.210000
v -0.043647 -0.103762 0.220000
v -0.043647 -0.103762 0.230000
v -0.043647 -0.103762 0.240000
v -0.043647 -0.103762 0.250000
v -0.043647 -0.103762 0.260000
v -0.043647 -0.103762 0.270000
v -0.043647 -0.103762 0.280000
v -0.043647 -0.103762 0.290000
v -0.043647 -0.103762 0.300000
v -0.043647 -0.103762 0.310000
v -0.043647 -0.103762 0.320000
v -0.043647 -0.103762 0.330000
v -0.043647 -0.103762 0.340000
v -0.043647 -0.103762 0.350000
v -0.043647 -0.103762 0.360000
v -0.043647 -0.103762 0.370000
v -0.043647 -0.103762 0.380000
v -0.043647 -0.103762 0.390000
v -0.043647 -0.103762 0.400000
v -0.032359 -0.107817 0.000000
v -0.032359 -0.107817 0.010000
v -0.032359 -0.107817 0.020000
v -0.032359 -0.107817 0.030000
v -0.032359 -0.107817 0.040000
v -0.032359 -0.107817 0.050000
v -0.032359 -0.107817 0.060000
v -0.032359 -0.107817 0.070000
v -0.032359 -0.107817 0.080000
v -0.032359 -0.107817 0.090000
v -0.032359 -0.107817 0.100000
v -0.032359 -0.107817 0.110000
v -0.032359 -0.107817 0.120000
v -0.032359 -0.107817 0.130000
v -0.032359 -0.107817 0.140000
v -0.032359 -0.107817 0.150000
v -0.032359 -0.107817 0.160000
v -0.032359 -0.107817 0.170000
v -0.032359 -0.107817 0.180000
v -0.032359 -0.107817 0.190000
v -0.032359 -0.107817 0.200000
v -0.032359 -0.107817 0.210000
v -0.032359 -0.107817 0.220000
v -0.032359 -0.107817 0.230000
v -0.032359 -0.107817 0.240000
v -0.032359 -0.107817 0.250000
v -0.032359 -0.107817 0.260000
v -0.032359 -0.107817 0.270000
v -0.032359 -0.107817 0.280000
v -0.032359 -0.107817 0.290000
v -0.032359 -0.107817 0.300000
v -0.032359 -0.107817 0.310000
v -0.032359 -0.107817 0.320000
v -0.032359 -0.107817 0.330000
v -0.032359 -0.107817 0.340000
v -0.032359 -0.107817 0.350000
v -0.032359 -0.107817 0.360000
v -0.032359 -0.107817 0.370000
v -0.032359 -0.107817 0.380000
v -0.032359 -0.107817 0.390000
v -0.032359 -0.107817 0.400000
v -0.020703 -0.110648 0.000000
v -0.020703 -0.110648 0.010000
v -0.020703 -0.110648 0.020000
v -0.020703 -0.110648 0.030000
v -0.020703 -0.110648 0.040000
v -0.020703 -0.110648 0.050000
v -0.020703 -0.110648 0.060000
v -0.020703 -0.110648 0.070000
v -0.020703 -0.110648 0.080000
v -0.020703 -0.110648 0.090000
v -0.020703 -0.110648 0.100000
v -0.020703 -0.110648 0.110000
v -0.020703 -0.110648 0.120000
v -0.020703 -0.110648 0.130000
v -0.020703 -0.110648 0.140000
v -0.020703 -0.110648 0.150000
v -0.020703 -0.110648 0.160000
v -0.020703 -0.110648 0.170000
v -0.020703 -0.110648 0.180000
v -0.020703 -0.110648 0.190000
v -0.020703 -0.110648 0.200000
v -0.020703 -0.110648 0.210000
v -0.020703 -0.110648 0.220000
v -0.020703 -0.110648 0.230000
v -0.020703 -0.110648 0.240000
v -0.020703 -0.110648 0.250000
v -0.020703 -0.110648 0.260000
v -0.020703 -0.110648 0.270000
v -0.020703 -0.110648 0.280000
v -0.020703 -0.110648 0.290000
v -0.020703 -0.110648 0.300000
v -0.020703 -0.110648 0.310000
v -0.020703 -0.110648 0.320000
v -0.020703 -0.110648 0.330000
v -0.020703 -0.110648 0.340000
v -0.020703 -0.110648 0.350000
v -0.020703 -0.110648 0.360000
v -0.020703 -0.110648 0.370000
v -0.020703 -0.110648 0.380000
v -0.020703 -0.110648 0.390000
v -0.020703 -0.110648 0.400000
v -0.008813 -0.112223 0.000000
v -0.008813 -0.112223 0.010000
v -0.008813 -0.112223 0.020000
v -0.008813 -0.112223 0.030000
v -0.008813 -0.112223 0.040000
v -0.008813 -0.112223 0.050000
v -0.008813 -0.112223 0.060000
v -0.008813 -0.112223 0.070000
v -0.008813 -0.112223 0.080000
v -0.008813 -0.112223 0.090000
v -0.008813 -0.112223 0.100000
v -0.008813 -0.112223 0.110000
v -0.008813 -0.112223 0.120000
v -0.008813 -0.112223 0.130000
v -0.008813 -0.112223 0.140000
v -0.008813 -0.112223 0.150000
v -0.008813 -0.112223 0.160000
v -0.008813 -0.112223 0.170000
v -0.008813 -0.112223 0.180000
v -0.008813 -0.112223 0.190000
v -0.008813 -0.112223 0.200000
v -0.008813 -0.112223 0.210000
v -0.008813 -0.112223 0.220000
v -0.008813 -0.112223 0.230000
v -0.008813 -0.112223 0.240000
v -0.008813 -0.112223 0.250000
v -0.008813 -0.112223 0.260000
v -0.008813 -0.112223 0.270000
v -0.008813 -0.112223 0.280000
v -0.008813 -0.112223 0.290000
v -0.008813 -0.112223 0.300000
v -0.008813 -0.112223 0.310000
v -0.008813 -0.112223 0.320000
v -0.008813 -0.112223 0.330000
v -0.008813 -0.112223 0.340000
v -0.008813 -0.112223 0.350000
v -0.008813 -0.112223 0.360000
v -0.008813 -0.112223 0.370000
v -0.008813 -0.112223 0.380000
v -0.008813 -0.112223 0.390000
v -0.008813 -0.112223 0.400000
v 0.003178 -0.112523 0.000000
v 0.003178 -0.112523 0.010000
v 0.003178 -0.112523 0.020000
v 0.003178 -0.112523 0.030000
v 0.003178 -0.112523 0.040000
v 0.003178 -0.112523 0.050000
v 0.003178 -0.112523 0.060000
v 0.003178 -0.112523 0.070000
v 0.003178 -0.112523 0.080000
v 0.003178 -0.112523 0.090000
v 0.003178 -0.112523 0.100000
v 0.003178 -0.112523 0.110000
v 0.003178 -0.112523 0.120000
v 0.003178 -0.112523 0.130000
v 0.003178 -0.112523 0.140000
v 0.003178 -0.112523 0.150000
v 0.003178 -0.112523 0.160000
v 0.003178 -0.112523 0.170000
v 0.003178 -0.112523 0.180000
v 0.003178 -0.112523 0.190000
v 0.003178 -0.112523 0.200000
v 0.003178 -0.112523 0.210000
v 0.003178 -0.112523 0.220000
v 0.003178 -0.112523 0.230000
v 0.003178 -0.112523 0.240000
v 0.003178 -0.112523 0.250000
v 0.003178 -0.112523 0.260000
v 0.003178 -0.112523 0.270000
v 0.003178 -0.112523 0.280000
v 0.003178 -0.112523 0.290000
v 0.003178 -0.112523 0.300000
v 0.003178 -0.112523 0.310000
v 0.003178 -0.112523 0.320000
v 0.003178 -0.112523 0.330000
v 0.003178 -0.112523 0.340000
v 0.003178 -0.112523 0.350000
v 0.003178 -0.112523 0.360000
v 0.003178 -0.112523 0.370000
v 0.003178 -0.112523 0.380000
v 0.003178 -0.112523 0.390000
v 0.003178 -0.112523 0.400000
v 0.015132 -0.111546 0.000000
v 0.015132 -0.111546 0.010000
v 0.015132 -0.111546 0.020000
v 0.015132 -0.111546 0.030000
v 0.015132 -0.111546 0.040000
v 0.015132 -0.111546 0.050000
v 0.015132 -0.111546 0.060000
v 0.015132 -0.111546 0.070000
v 0.015132 -0.111546 0.080000
v 0.015132 -0.111546 0.090000
v 0.015132 -0.111546 0.100000
v 0.015132 -0.111546 0.110000
v 0.015132 -0.111546 0.120000
v 0.015132 -0.111546 0.130000
v 0.015132 -0.111546 0.140000
v 0.015132 -0.111546 0.150000
v 0.015132 -0.111546 0.160000
v 0.015132 -0.111546 0.170000
v 0.015132 -0.111546 0.180000
v 0.015132 -0.111546 0.190000
v 0.015132 -0.111546 0.200000
v 0.015132 -0.111546 0.210000
v 0.015132 -0.111546 0.220000
v 0.015132 -0.111546 0.230000
v 0.015132 -0.111546 0.240000
v 0.015132 -0.111546 0.250000
v 0.015132 -0.111546 0.260000
v 0.015132 -0.111546 0.270000
v 0.015132 -0.111546 0.280000
v 0.015132 -0.111546 0.290000
v 0.015132 -0.111546 0.300000
v 0.015132 -0.111546 0.310000
v 0.015132 -0.111546 0.320000
v 0.015132 -0.111546 0.330000
v 0.015132 -0.111546 0.340000
v 0.015132 -0.111546 0.350000
v 0.015132 -0.111546 0.360000
v 0.015132 -0.111546 0.370000
v 0.015132 -0.111546 0.380000
v 0.015132 -0.111546 0.390000
v 0.015132 -0.111546 0.400000
v 0.026915 -0.109303 0.000000
v 0.026915 -0.109303 0.010000
v 0.026915 -0.109303 0.020000
v 0.026915 -0.109303 0.030000
v 0.026915 -0.109303 0.040000
v 0.026915 -0.109303 0.050000
v 0.026915 -0.109303 0.060000
v 0.026915 -0.109303 0.070000
v 0.026915 -0.109303 0.080000
v 0.026915 -0.109303 0.090000
v 0.026915 -0.109303 0.100000
v 0.026915 -0.109303 0.110000
v 0.026915 -0.109303 0.120000
v 0.026915 -0.109303 0.130000
v 0.026915 -0.109303 0.140000
v 0.026915 -0.109303 0.150000
v 0.026915 -0.109303 0.160000
v 0.026915 -0.109303 0.170000
v 0.026915 -0.109303 0.180000
v 0.026915 -0.109303 0.190000
v 0.026915 -0.109303 0.200000
v 0.026915 -0.109303 0.210000
v 0.026915 -0.109303 0.220000
v 0.026915 -0.109303 0.230000
v 0.026915 -0.109303 0.240000
v 0.026915 -0.109303 0.250000
v 0.026915 -0.109303 0.260000
v 0.026915 -0.109303 0.270000
v 0.026915 -0.109303 0.280000
v 0.026915 -0.109303 0.290000
v 0.026915 -0.109303 0.300000
v 0.026915 -0.109303 0.310000
v 0.026915 -0.109303 0.320000
v 0.026915 -0.109303 0.330000
v 0.026915 -0.109303 0.340000
v 0.026915 -0.109303 0.350000
v 0.026915 -0.109303 0.360000
v 0.026915 -0.109303 0.370000
v 0.026915 -0.109303 0.380000
v 0.026915 -0.109303 0.390000
v 0.026915 -0.109303 0.400000
v 0.038392 -0.105819 0.000000
v 0.038392 -0.105819 0.010000
v 0.038392 -0.105819 0.020000
v 0.038392 -0.105819 0.030000
v 0.038392 -0.105819 0.040000
v 0.038392 -0.105819 0.050000
v 0.038392 -0.105819 0.060000
v 0.038392 -0.105819 0.070000
v 0.038392 -0.105819 0.080000
v 0.038392 -0.105819 0.090000
v 0.038392 -0.105819 0.100000
v 0.038392 -0.105819 0.110000
v 0.038392 -0.105819 0.120000
v 0.038392 -0.105819 0.130000
v 0.038392 -0.105819 0.140000
v 0.038392 -0.105819 0.150000
v 0.038392 -0.105819 0.160000
v 0.038392 -0.105819 0.170000
v 0.038392 -0.105819 0.180000
v 0.038392 -0.105819 0.190000
v 0.038392 -0.105819 0.200000
v 0.038392 -0.105819 0.210000
v 0.038392 -0.105819 0.220000
v 0.038392 -0.105819 0.230000
v 0.038392 -0.105819 0.240000
v 0.038392 -0.105819 0.250000
v 0.038392 -0.105819 0.260000
v 0.038392 -0.105819 0.270000
v 0.038392 -0.105819 0.280000
v 0.038392 -0.105819 0.290000
v 0.038392 -0.105819 0.300000
v 0.038392 -0.105819 0.310000
v 0.038392 -0.105819 0.320000
v 0.038392 -0.105819 0.330000
v 0.038392 -0.105819 0.340000
v 0.038392 -0.105819 0.350000
v 0.038392 -0.105819 0.360000
v 0.038392 -0.105819 0.370000
v 0.038392 -0.105819 0.380000
v 0.038392 -0.105819 0.390000
v 0.038392 -0.105819 0.400000
v 0.049433 -0.101133 0.000000
v 0.049433 -0.101133 0.010000
v 0.049433 -0.101133 0.020000
v 0.049433 -0.101133 0.030000
v 0.049433 -0.101133 0.040000
v 0.049433 -0.101133 0.050000
v 0.049433 -0.101133 0.060000
v 0.049433 -0.101133 0.070000
v 0.049433 -0.101133 0.080000
v 0.049433 -0.101133 0.090000
v 0.049433 -0.101133 0.100000
v 0.049433 -0.101133 0.110000
v 0.049433 -0.101133 0.120000
v 0.049433 -0.101133 0.130000
v 0.049433 -0.101133 0.140000
v 0.049433 -0.101133 0.150000
v 0.049433 -0.101133 0.160000
v 0.049433 -0.101133 0.170000
v 0.049433 -0.101133 0.180000
v 0.049433 -0.101133 0.190000
v 0.049433 -0.101133 0.200000
v 0.049433 -0.101133 0.210000
v 0.049433 -0.101133 0.220000
v 0.049433 -0.101133 0.230000
v 0.049433 -0.101133 0.240000
v 0.049433 -0.101133 0.250000
v 0.049433 -0.101133 0.260000
v 0.049433 -0.101133 0.270000
v 0.049433 -0.101133 0.280000
v 0.049433 -0.101133 0.290000
v 0.049433 -0.101133 0.300000
v 0.049433 -0.101133 0.310000
v 0.049433 -0.101133 0.320000
v 0.049433 -0.101133 0.330000
v 0.049433 -0.101133 0.340000
v 0.049433 -0.101133 0.350000
v 0.049433 -0.101133 0.360000
v 0.049433 -0.101133 0.370000
v 0.049433 -0.101133 0.380000
v 0.049433 -0.101133 0.390000
v 0.049433 -0.101133 0.400000
v 0.059913 -0.095299 0.000000
v 0.059913 -0.095299 0.010000
v 0.059913 -0.095299 0.020000
v 0.059913 -0.095299 0.030000
v 0.059913 -0.095299 0.040000
v 0.059913 -0.095299 0.050000
v 0.059913 -0.095299 0.060000
v 0.059913 -0.095299 0.070000
v 0.059913 -0.095299 0.080000
v 0.059913 -0.095299 0.090000
v 0.059913 -0.095299 0.100000
v 0.059913 -0.095299 0.110000
v 0.059913 -0.095299 0.120000
v 0.059913 -0.095299 0.130000
v 0.059913 -0.095299 0.140000
v 0.059913 -0.095299 0.150000
v 0.059913 -0.095299 0.160000
v 0.059913 -0.095299 0.170000
v 0.059913 -0.095299 0.180000
v 0.059913 -0.095299 0.190000
v 0.059913 -0.095299 0.200000
v 0.059913 -0.095299 0.210000
v 0.059913 -0.095299 0.220000
v 0.059913 -0.095299 0.230000
v 0.059913 -0.095299 0.240000
v 0.059913 -0.095299 0.250000
v 0.059913 -0.095299 0.260000
v 0.059913 -0.095299 0.270000
v 0.059913 -0.095299 0.280000
v 0.059913 -0.095299 0.290000
v 0.059913 -0.095299 0.300000
v 0.059913 -0.095299 0.310000
v 0.059913 -0.095299 0.320000
v 0.059913 -0.095299 0.330000
v 0.059913 -0.095299 0.340000
v 0.059913 -0.095299 0.350000
v 0.059913 -0.095299 0.360000
v 0.059913 -0.095299 0.370000
v 0.059913 -0.095299 0.380000
v 0.059913 -0.095299 0.390000
v 0.059913 -0.095299 0.400000
v 0.069482 -0.088566 0.000000
v 0.069482 -0.088566 0.010000
v 0.069482 -0.088566 0.020000
v 0.069482 -0.088566 0.030000
v 0.069482 -0.088566 0.040000
v 0.069482 -0.088566 0.050000
v 0.069482 -0.088566 0.060000
v 0.069482 -0.088566 0.070000
v 0.069482 -0.088566 0.080000
v 0.069482 -0.088566 0.090000
v 0.069482 -0.088566 0.100000
v 0.069482 -0.088566 0.110000
v 0.069482 -0.088566 0.120000
v 0.069482 -0.088566 0.130000
v 0.069482 -0.088566 0.140000
v 0.069482 -0.088566 0.150000
v 0.069482 -0.088566 0.160000
v 0.069482 -0.088566 0.170000
v 0.069482 -0.088566 0.180000
v 0.069482 -0.088566 0.190000
v 0.069482 -0.088566 0.200000
v 0.069482 -0.088566 0.210000
v 0.069482 -0.088566 0.220000
v 0.069482 -0.088566 0.230000
v 0.069482 -0.088566 0.240000
v 0.069482 -0.088566 0.250000
v 0.069482 -0.088566 0.260000
v 0.069482 -0.088566 0.270000
v 0.069482 -0.088566 0.280000
v 0.069482 -0.088566 0.290000
v 0.069482 -0.088566 0.300000
v 0.069482 -0.088566 0.310000
v 0.069482 -0.088566 0.320000
v 0.069482 -0.088566 0.330000
v 0.069482 -0.088566 0.340000
v 0.069482 -0.088566 0.350000
v 0.069482 -0.088566 0.360000
v 0.069482 -0.088566 0.370000
v 0.069482 -0.088566 0.380000
v 0.069482 -0.088566 0.390000
v 0.069482 -0.088566 0.400000
v 0.078299 -0.080875 0.000000
v 0.078299 -0.080875 0.010000
v 0.078299 -0.080875 0.020000
v 0.078299 -0.080875 0.030000
v 0.078299 -0.080875 0.040000
v 0.078299 -0.080875 0.050000
v 0.078299 -0.080875 0.060000
v 0.078299 -0.080875 0.070000
v 0.078299 -0.080875 0.080000
v 0.078299 -0.080875 0.090000
v 0.078299 -0.080875 0.100000
v 0.078299 -0.080875 0.110000
v 0.078299 -0.080875 0.120000
v 0.078299 -0.080875 0.130000
v 0.078299 -0.080875 0.140000
v 0.078299 -0.080875 0.150000
v 0.078299 -0.080875 0.160000
v 0.078299 -0.080875 0.170000
v 0.078299 -0.080875 0.180000
v 0.078299 -0.080875 0.190000
v 0.078299 -0.080875 0.200000
v 0.078299 -0.080875 0.210000
v 0.078299 -0.080875 0.220000
v 0.078299 -0.080875 0.230000
v 0.078299 -0.080875 0.240000
v 0.078299 -0.080875 0.250000
v 0.078299 -0.080875 0.260000
v 0.078299 -0.080875 0.270000
v 0.078299 -0.080875 0.280000
v 0.078299 -0.080875 0.290000
v 0.078299 -0.080875 0.300000
v 0.078299 -0.080875 0.310000
v 0.078299 -0.080875 0.320000
v 0.078299 -0.080875 0.330000
v 0.078299 -0.080875 0.340000
v 0.078299 -0.080875 0.350000
v 0.078299 -0.080875 0.360000
v 0.078299 -0.080875 0.370000
v 0.078299 -0.080875 0.380000
v 0.078299 -0.080875 0.390000
v 0.078299 -0.080875 0.400000
v 0.086271 -0.072311 0.000000
v 0.086271 -0.072311 0.010000
v 0.086271 -0.072311 0.020000
v 0.086271 -0.072311 0.030000
v 0.086271 -0.072311 0.040000
v 0.086271 -0.072311 0.050000
v 0.086271 -0.072311 0.060000
v 0.086271 -0.072311 0.070000
v 0.086271 -0.072311 0.080000
v 0.086271 -0.072311 0.090000
v 0.086271 -0.072311 0.100000
v 0.086271 -0.072311 0.110000
v 0.086271 -0.072311 0.120000
v 0.086271 -0.072311 0.130000
v 0.086271 -0.072311 0.140000
v 0.086271 -0.072311 0.150000
v 0.086271 -0.072311 0.160000
v 0.086271 -0.072311 0.170000
v 0.086271 -0.072311 0.180000
v 0.086271 -0.072311 0.190000
v 0.086271 -0.072311 0.200000
v 0.086271 -0.072311 0.210000
v 0.086271 -0.072311 0.220000
v 0.086271 -0.072311 0.230000
v 0.086271 -0.072311 0.240000
v 0.086271 -0.072311 0.250000
v 0.086271 -0.072311 0.260000
v 0.086271 -0.072311 0.270000
v 0.086271 -0.072311 0.280000
v 0.086271 -0.072311 0.290000
v 0.086271 -0.072311 0.300000
v 0.086271 -0.072311 0.310000
v 0.086271 -0.072311 0.320000
v 0.086271 -0.072311 0.330000
v 0.086271 -0.072311 0.340000
v 0.086271 -0.072311 0.350000
v 0.086271 -0.072311 0.360000
v 0.086271 -0.072311 0.370000
v 0.086271 -0.072311 0.380000
v 0.086271 -0.072311 0.390000
v 0.086271 -0.072311 0.400000
v 0.093311 -0.062966 0.000000
v 0.093311 -0.062966 0.010000
v 0.093311 -0.062966 0.020000
v 0.093311 -0.062966 0.030000
v 0.093311 -0.062966 0.040000
v 0.093311 -0.062966 0.050000
v 0.093311 -0.062966 0.060000
v 0.093311 -0.062966 0.070000
v 0.093311 -0.062966 0.080000
v 0.093311 -0.062966 0.090000
v 0.093311 -0.062966 0.100000
v 0.093311 -0.062966 0.110000
v 0.093311 -0.062966 0.120000
v 0.093311 -0.062966 0.130000
v 0.093311 -0.062966 0.140000
v 0.093311 -0.062966 0.150000
v 0.093311 -0.062966 0.160000
v 0.093311 -0.062966 0.170000
v 0.093311 -0.062966 0.180000
v 0.093311 -0.062966 0.190000
v 0.093311 -0.062966 0.200000
v 0.093311 -0.062966 0.210000
v 0.093311 -0.062966 0.220000
v 0.093311 -0.062966 0.230000
v 0.093311 -0.062966 0.240000
v 0.093311 -0.062966 0.250000
v 0.093311 -0.062966 0.260000
v 0.093311 -0.062966 0.270000
v 0.093311 -0.062966 0.280000
v 0.093311 -0.062966 0.290000
v 0.093311 -0.062966 0.300000
v 0.093311 -0.062966 0.310000
v 0.093311 -0.062966 0.320000
v 0.093311 -0.062966 0.330000
v 0.093311 -0.062966 0.340000
v 0.093311 -0.062966 0.350000
v 0.093311 -0.062966 0.360000
v 0.093311 -0.062966 0.370000
v 0.093311 -0.062966 0.380000
v 0.093311 -0.062966 0.390000
v 0.093311 -0.062966 0.400000
v 0.098529 -0.054439 0.000000
v 0.098529 -0.054439 0.010000
v 0.098529 -0.054439 0.020000
v 0.098529 -0.054439 0.030000
v 0.098529 -0.054439 0.040000
v 0.098529 -0.054439 0.050000
v 0.098529 -0.054439 0.060000
v 0.098529 -0.054439 0.070000
v 0.098529 -0.054439 0.080000
v 0.098529 -0.054439 0.090000
v 0.098529 -0.054439 0.100000
v 0.098529 -0.054439 0.110000
v 0.098529 -0.054439 0.120000
v 0.098529 -0.054439 0.130000
v 0.098529 -0.054439 0.140000
v 0.098529 -0.054439 0.150000
v 0.098529 -0.054439 0.160000
v 0.098529 -0.054439 0.170000
v 0.098529 -0.054439 0.180000
v 0.098529 -0.054439 0.190000
v 0.098529 -0.054439 0.200000
v 0.098529 -0.054439 0.210000
v 0.098529 -0.054439 0.220000
v 0.098529 -0.054439 0.230000
v 0.098529 -0.054439 0.240000
v 0.098529 -0.054439 0.250000
v 0.098529 -0.054439 0.260000
v 0.098529 -0.054439 0.270000
v 0.098529 -0.054439 0.280000
v 0.098529 -0.054439 0.290000
v 0.098529 -0.054439 0.300000
v 0.098529 -0.054439 0.310000
v 0.098529 -0.054439 0.320000
v 0.098529 -0.054439 0.330000
v 0.098529 -0.054439 0.340000
v 0.098529 -0.054439 0.350000
v 0.098529 -0.054439 0.360000
v 0.098529 -0.054439 0.370000
v 0.098529 -0.054439 0.380000
v 0.098529 -0.054439 0.390000
v 0.098529 -0.054439 0.400000
v 0.102970 -0.045483 0.000000
v 0.102970 -0.045483 0.010000
v 0.102970 -0.045483 0.020000
v 0.102970 -0.045483 0.030000
v 0.102970 -0.045483 0.040000
v 0.102970 -0.045483 0.050000
v 0.102970 -0.045483 0.060000
v 0.102970 -0.045483 0.070000
v 0.102970 -0.045483 0.080000
v 0.102970 -0.045483 0.090000
v 0.102970 -0.045483 0.100000
v 0.102970 -0.045483 0.110000
v 0.102970 -0.045483 0.120000
v 0.102970 -0.045483 0.130000
v 0.102970 -0.045483 0.140000
v 0.102970 -0.045483 0.150000
v 0.102970 -0.045483 0.160000
v 0.102970 -0.045483 0.170000
v 0.102970 -0.045483 0.180000
v 0.102970 -0.045483 0.190000
v 0.102970 -0.045483 0.200000
v 0.102970 -0.045483 0.210000
v 0.102970 -0.045483 0.220000
v 0.102970 -0.045483 0.230000
v 0.102970 -0.045483 0.240000
v 0.102970 -0.045483 0.250000
v 0.102970 -0.045483 0.260000
v 0.102970 -0.045483 0.270000
v 0.102970 -0.045483 0.280000
v 0.102970 -0.045483 0.290000
v 0.102970 -0.045483 0.300000
v 0.102970 -0.045483 0.310000
v 0.102970 -0.045483 0.320000
v 0.102970 -0.045483 0.330000
v 0.102970 -0.045483 0.340000
v 0.102970 -0.045483 0.350000
v 0.102970 -0.045483 0.360000
v 0.102970 -0.045483 0.370000
v 0.102970 -0.045483 0.380000
v 0.102970 -0.045483 0.390000
v 0.102970 -0.045483 0.400000
v 0.107135 -0.034549 0.000000
v 0.107135 -0.034549 0.010000
v 0.107135 -0.034549 0.020000
v 0.107135 -0.034549 0.030000
v 0.107135 -0.034549 0.040000
v 0.107135 -0.034549 0.050000
v 0.107135 -0.034549 0.060000
v 0.107135 -0.034549 0.070000
v 0.107135 -0.034549 0.080000
v 0.107135 -0.034549 0.090000
v 0.107135 -0.034549 0.100000
v 0.107135 -0.034549 0.110000
v 0.107135 -0.034549 0.120000
v 0.107135 -0.034549 0.130000
v 0.107135 -0.034549 0.140000
v 0.107135 -0.034549 0.150000
v 0.107135 -0.034549 0.160000
v 0.107135 -0.034549 0.170000
v 0.107135 -0.034549 0.180000
v 0.107135 -0.034549 0.190000
v 0.107135 -0.034549 0.200000
v 0.107135 -0.034549 0.210000
v 0.107135 -0.034549 0.220000
v 0.107135 -0.034549 0.230000
v 0.107135 -0.034549 0.240000
v 0.107135 -0.034549 0.250000
v 0.107135 -0.034549 0.260000
v 0.107135 -0.034549 0.270000
v 0.107135 -0.034549 0.280000
v 0.107135 -0.034549 0.290000
v 0.107135 -0.034549 0.300000
v 0.107135 -0.034549 0.310000
v 0.107135 -0.034549 0.320000
v 0.107135 -0.034549 0.330000
v 0.107135 -0.034549 0.340000
v 0.107135 -0.034549 0.350000
v 0.107135 -0.034549 0.360000
v 0.107135 -0.034549 0.370000
v 0.107135 -0.034549 0.380000
v 0.107135 -0.034549 0.390000
v 0.107135 -0.034549 0.400000
v 0.110143 -0.023242 0.000000
v 0.110143 -0.023242 0.010000
v 0.110143 -0.023242 0.020000
v 0.110143 -0.023242 0.030000
v 0.110143 -0.023242 0.040000
v 0.110143 -0.023242 0.050000
v 0.110143 -0.023242 0.060000
v 0.110143 -0.023242 0.070000
v 0.110143 -0.023242 0.080000
v 0.110143 -0.023242 0.090000
v 0.110143 -0.023242 0.100000
v 0.110143 -0.023242 0.110000
v 0.110143 -0.023242 0.120000
v 0.110143 -0.023242 0.130000
v 0.110143 -0.023242 0.140000
v 0.110143 -0.023242 0.150000
v 0.110143 -0.023242 0.160000
v 0.110143 -0.023242 0.170000
v 0.110143 -0.023242 0.180000
v 0.110143 -0.023242 0.190000
v 0.110143 -0.023242 0.200000
v 0.110143 -0.023242 0.210000
v 0.110143 -0.023242 0.220000
v 0.110143 -0.023242 0.230000
v 0.110143 -0.023242 0.240000
v 0.110143 -0.023242 0.250000
v 0.110143 -0.023242 0.260000
v 0.110143 -0.023242 0.270000
v 0.110143 -0.023242 0.280000
v 0.110143 -0.023242 0.290000
v 0.110143 -0.023242 0.300000
v 0.110143 -0.023242 0.310000
v 0.110143 -0.023242 0.320000
v 0.110143 -0.023242 0.330000
v 0.110143 -0.023242 0.340000
v 0.110143 -0.023242 0.350000
v 0.110143 -0.023242 0.360000
v 0.110143 -0.023242 0.370000
v 0.110143 -0.023242 0.380000
v 0.110143 -0.023242 0.390000
v 0.110143 -0.023242 0.400000
v 0.111960 -0.011684 0.000000
v 0.111960 -0.011684 0.010000
v 0.111960 -0.011684 0.020000
v 0.111960 -0.011684 0.030000
v 0.111960 -0.011684 0.040000
v 0.111960 -0.011684 0.050000
v 0.111960 -0.011684 0.060000
v 0.111960 -0.011684 0.070000
v 0.111960 -0.011684 0.080000
v 0.111960 -0.011684 0.090000
v 0.111960 -0.011684 0.100000
v 0.111960 -0.011684 0.110000
v 0.111960 -0.011684 0.120000
v 0.111960 -0.011684 0.130000
v 0.111960 -0.011684 0.140000
v 0.111960 -0.011684 0.150000
v 0.111960 -0.011684 0.160000
v 0.111960 -0.011684 0.170000
v 0.111960 -0.011684 0.180000
v 0.111960 -0.011684 0.190000
v 0.111960 -0.011684 0.200000
v 0.111960 -0.011684 0.210000
v 0.111960 -0.011684 0.220000
v 0.111960 -0.011684 0.230000
v 0.111960 -0.011684 0.240000
v 0.111960 -0.011684 0.250000
v 0.111960 -0.011684 0.260000
v 0.111960 -0.011684 0.270000
v 0.111960 -0.011684 0.280000
v 0.111960 -0.011684 0.290000
v 0.111960 -0.011684 0.300000
v 0.111960 -0.011684 0.310000
v 0.111960 -0.011684 0.320000
v 0.111960 -0.011684 0.330000
v 0.111960 -0.011684 0.340000
v 0.111960 -0.011684 0.350000
v 0.111960 -0.011684 0.360000
v 0.111960 -0.011684 0.370000
v 0.111960 -0.011684 0.380000
v 0.111960 -0.011684 0.390000
v 0.111960 -0.011684 0.400000
v 0.093222 -0.020250 0.000000
v 0.085397 -0.014559 0.000000
v 0.077787 -0.008550 0.000000
v 0.073141 0.000322 0.000000
v 0.071656 0.014255 0.000000
v 0.067475 0.027560 0.000000
v 0.060814 0.039832 0.000000
v 0.051957 0.050739 0.000000
v 0.041266 0.060094 0.000000
v 0.028912 0.066920 0.000000
v 0.015301 0.070991 0.000000
v 0.001353 0.072685 0.000000
v -0.012581 0.071792 0.000000
v -0.026070 0.068251 0.000000
v -0.038656 0.062093 0.000000
v -0.048639 0.061304 0.000000
v -0.057777 0.064548 0.000000
v -0.066760 0.068143 0.000000
v -0.075886 0.066700 0.000000
v -0.084170 0.057922 0.000000
v -0.093835 0.040429 0.000000
v -0.096858 0.028744 0.000000
v -0.093222 0.020250 0.000000
v -0.085397 0.014559 0.000000
v -0.077787 0.008550 0.000000
v -0.073141 -0.000322 0.000000
v -0.071656 -0.014255 0.000000
v -0.067475 -0.027560 0.000000
v -0.060814 -0.039832 0.000000
v -0.051957 -0.050739 0.000000
v -0.041266 -0.060094 0.000000
v -0.028912 -0.066920 0.000000
v -0.015301 -0.070991 0.000000
v -0.001353 -0.072685 0.000000
v 0.012581 -0.071792 0.000000
v 0.026070 -0.068251 0.000000
v 0.038656 -0.062093 0.000000
v 0.048639 -0.061304 0.000000
v 0.057777 -0.064548 0.000000
v 0.066760 -0.068143 0.000000
v 0.075886 -0.066700 0.000000
v 0.084170 -0.057922 0.000000
v 0.093835 -0.040429 0.000000
v 0.096858 -0.028744 0.000000
v 0.084390 -0.032899 0.000000
v 0.075157 -0.027785 0.000000
v 0.065913 -0.022662 0.000000
v 0.056833 -0.017535 0.000000
v 0.048084 -0.012372 0.000000
v 0.039707 -0.006944 0.000000
v 0.033717 0.000653 0.000000
v 0.030529 0.014281 0.000000
v 0.022088 0.025478 0.000000
v 0.009813 0.032260 0.000000
v -0.004159 0.033446 0.000000
v -0.017393 0.028892 0.000000
v -0.027013 0.029920 0.000000
v -0.036066 0.034123 0.000000
v -0.045094 0.038782 0.000000
v -0.054267 0.043739 0.000000
v -0.063524 0.048839 0.000000
v -0.072767 0.053934 0.000000
v -0.075024 0.052877 0.000000
v -0.084696 0.035372 0.000000
v -0.084390 0.032899 0.000000
v -0.075157 0.027785 0.000000
v -0.065913 0.022662 0.000000
v -0.056833 0.017535 0.000000
v -0.048084 0.012372 0.000000
v -0.039707 0.006944 0.000000
v -0.033717 -0.000653 0.000000
v -0.030529 -0.014281 0.000000
v -0.022088 -0.025478 0.000000
v -0.009813 -0.032260 0.000000
v 0.004159 -0.033446 0.000000
v 0.017393 -0.028892 0.000000
v 0.027013 -0.029920 0.000000
v 0.036066 -0.034123 0.000000
v 0.045094 -0.038782 0.000000
v 0.054267 -0.043739 0.000000
v 0.063524 -0.048839 0.000000
v 0.072767 -0.053934 0.000000
v 0.075024 -0.052877 0.000000
v 0.084696 -0.035372 0.000000
v 0.072255 -0.039922 0.000000
v 0.063223 -0.034932 0.000000
v 0.054191 -0.029942 0.000000
v 0.045159 -0.024951 0.000000
v 0.036127 -0.019961 0.000000
v 0.027095 -0.014971 0.000000
v 0.018064 -0.009981 0.000000
v 0.009032 -0.004990 0.000000
v -0.000000 0.000000 0.000000
v -0.009032 0.004990 0.000000
v -0.018064 0.009981 0.000000
v -0.027095 0.014971 0.000000
v -0.036127 0.019961 0.000000
v -0.045159 0.024951 0.000000
v -0.054191 0.029942 0.000000
v -0.063223 0.034932 0.000000
v -0.072255 0.039922 0.000000
v 0.115881 -0.020798 0.397500
v 0.121631 -0.018244 0.395000
v 0.121631 -0.018244 0.390000
v 0.121631 -0.018244 0.385000
v 0.121631 -0.018244 0.380000
v 0.121114 -0.004289 0.397500
v 0.131750 0.005233 0.395000
v 0.131750 0.005233 0.390000
v 0.131750 0.005233 0.385000
v 0.131750 0.005233 0.380000
v 0.125675 0.014318 0.397500
v 0.137529 0.028560 0.395000
v 0.137529 0.028560 0.390000
v 0.137529 0.028560 0.385000
v 0.137529 0.028560 0.380000
v 0.123772 0.026796 0.397500
v 0.134257 0.041020 0.395000
v 0.134257 0.041020 0.390000
v 0.134257 0.041020 0.385000
v 0.134257 0.041020 0.380000
v 0.120551 0.038183 0.397500
v 0.130104 0.052058 0.395000
v 0.130104 0.052058 0.390000
v 0.130104 0.052058 0.385000
v 0.130104 0.052058 0.380000
v 0.116262 0.049210 0.397500
v 0.125114 0.062877 0.395000
v 0.125114 0.062877 0.390000
v 0.125114 0.062877 0.385000
v 0.125114 0.062877 0.380000
v 0.110945 0.059786 0.397500
v 0.119351 0.073499 0.395000
v 0.119351 0.073499 0.390000
v 0.119351 0.073499 0.385000
v 0.119351 0.073499 0.380000
v 0.104653 0.069834 0.397500
v 0.112896 0.083988 0.395000
v 0.112896 0.083988 0.390000
v 0.112896 0.083988 0.385000
v 0.112896 0.083988 0.380000
v 0.097454 0.079305 0.397500
v 0.104984 0.092500 0.395000
v 0.104984 0.092500 0.390000
v 0.104984 0.092500 0.385000
v 0.104984 0.092500 0.380000
v 0.089429 0.088184 0.397500
v 0.096451 0.100609 0.395000
v 0.096451 0.100609 0.390000
v 0.096451 0.100609 0.385000
v 0.096451 0.100609 0.380000
v 0.080655 0.096465 0.397500
v 0.087385 0.108459 0.395000
v 0.087385 0.108459 0.390000
v 0.087385 0.108459 0.385000
v 0.087385 0.108459 0.380000
v 0.071211 0.104068 0.397500
v 0.077850 0.116038 0.395000
v 0.077850 0.116038 0.390000
v 0.077850 0.116038 0.385000
v 0.077850 0.116038 0.380000
v 0.061244 0.110845 0.397500
v 0.068049 0.123161 0.395000
v 0.068049 0.123161 0.390000
v 0.068049 0.123161 0.385000
v 0.068049 0.123161 0.380000
v 0.050202 0.115676 0.397500
v 0.056802 0.127668 0.395000
v 0.056802 0.127668 0.390000
v 0.056802 0.127668 0.385000
v 0.056802 0.127668 0.380000
v 0.038739 0.119625 0.397500
v 0.045311 0.131706 0.395000
v 0.045311 0.131706 0.390000
v 0.045311 0.131706 0.385000
v 0.045311 0.131706 0.380000
v 0.027059 0.122645 0.397500
v 0.033840 0.135203 0.395000
v 0.033840 0.135203 0.390000
v 0.033840 0.135203 0.385000
v 0.033840 0.135203 0.380000
v 0.015271 0.124713 0.397500
v 0.022433 0.138111 0.395000
v 0.022433 0.138111 0.390000
v 0.022433 0.138111 0.385000
v 0.022433 0.138111 0.380000
v 0.003421 0.125767 0.397500
v 0.011016 0.140278 0.395000
v 0.011016 0.140278 0.390000
v 0.011016 0.140278 0.385000
v 0.011016 0.140278 0.380000
v -0.008435 0.125746 0.397500
v -0.001300 0.140161 0.395000
v -0.001300 0.140161 0.390000
v -0.001300 0.140161 0.385000
v -0.001300 0.140161 0.380000
v -0.020218 0.124619 0.397500
v -0.013360 0.139386 0.395000
v -0.013360 0.139386 0.390000
v -0.013360 0.139386 0.385000
v -0.013360 0.139386 0.380000
v -0.031837 0.122381 0.397500
v -0.025174 0.137853 0.395000
v -0.025174 0.137853 0.390000
v -0.025174 0.137853 0.385000
v -0.025174 0.137853 0.380000
v -0.043191 0.119046 0.397500
v -0.036730 0.135494 0.395000
v -0.036730 0.135494 0.390000
v -0.036730 0.135494 0.385000
v -0.036730 0.135494 0.380000
v -0.054767 0.114016 0.397500
v -0.049019 0.131632 0.395000
v -0.049019 0.131632 0.390000
v -0.049019 0.131632 0.385000
v -0.049019 0.131632 0.380000
v -0.068093 0.100251 0.397500
v -0.065692 0.114323 0.395000
v -0.065692 0.114323 0.390000
v -0.065692 0.114323 0.385000
v -0.065692 0.114323 0.380000
v -0.079284 0.087035 0.397500
v -0.080182 0.093261 0.395000
v -0.080182 0.093261 0.390000
v -0.080182 0.093261 0.385000
v -0.080182 0.093261 0.380000
v -0.115881 0.020798 0.397500
v -0.121631 0.018244 0.395000
v -0.121631 0.018244 0.390000
v -0.121631 0.018244 0.385000
v -0.121631 0.018244 0.380000
v -0.121114 0.004289 0.397500
v -0.131750 -0.005233 0.395000
v -0.131750 -0.005233 0.390000
v -0.131750 -0.005233 0.385000
v -0.131750 -0.005233 0.380000
v -0.125675 -0.014318 0.397500
v -0.137529 -0.028560 0.395000
v -0.137529 -0.028560 0.390000
v -0.137529 -0.028560 0.385000
v -0.137529 -0.028560 0.380000
v -0.123772 -0.026796 0.397500
v -0.134257 -0.041020 0.395000
v -0.134257 -0.041020 0.390000
v -0.134257 -0.041020 0.385000
v -0.134257 -0.041020 0.380000
v -0.120551 -0.038183 0.397500
v -0.130104 -0.052058 0.395000
v -0.130104 -0.052058 0.390000
v -0.130104 -0.052058 0.385000
v -0.130104 -0.052058 0.380000
v -0.116262 -0.049210 0.397500
v -0.125114 -0.062877 0.395000
v -0.125114 -0.062877 0.390000
v -0.125114 -0.062877 0.385000
v -0.125114 -0.062877 0.380000
v -0.110945 -0.059786 0.397500
v -0.119351 -0.073499 0.395000
v -0.119351 -0.073499 0.390000
v -0.119351 -0.073499 0.385000
v -0.119351 -0.073499 0.380000
v -0.104653 -0.069834 0.397500
v -0.112896 -0.083988 0.395000
v -0.112896 -0.083988 0.390000
v -0.112896 -0.083988 0.385000
v -0.112896 -0.083988 0.380000
v -0.097454 -0.079305 0.397500
v -0.104984 -0.092500 0.395000
v -0.104984 -0.092500 0.390000
v -0.104984 -0.092500 0.385000
v -0.104984 -0.092500 0.380000
v -0.089429 -0.088184 0.397500
v -0.096451 -0.100609 0.395000
v -0.096451 -0.100609 0.390000
v -0.096451 -0.100609 0.385000
v -0.096451 -0.100609 0.380000
v -0.080655 -0.096465 0.397500
v -0.087385 -0.108459 0.395000
v -0.087385 -0.108459 0.390000
v -0.087385 -0.108459 0.385000
v -0.087385 -0.108459 0.380000
v -0.071211 -0.104068 0.397500
v -0.077850 -0.116038 0.395000
v -0.077850 -0.116038 0.390000
v -0.077850 -0.116038 0.385000
v -0.077850 -0.116038 0.380000
v -0.061244 -0.110845 0.397500
v -0.068049 -0.123161 0.395000
v -0.068049 -0.123161 0.390000
v -0.068049 -0.123161 0.385000
v -0.068049 -0.123161 0.380000
v -0.050202 -0.115676 0.397500
v -0.056802 -0.127668 0.395000
v -0.056802 -0.127668 0.390000
v -0.056802 -0.127668 0.385000
v -0.056802 -0.127668 0.380000
v -0.038739 -0.119625 0.397500
v -0.045311 -0.131706 0.395000
v -0.045311 -0.131706 0.390000
v -0.045311 -0.131706 0.385000
v -0.045311 -0.131706 0.380000
v -0.027059 -0.122645 0.397500
v -0.033840 -0.135203 0.395000
v -0.033840 -0.135203 0.390000
v -0.033840 -0.135203 0.385000
v -0.033840 -0.135203 0.380000
v -0.015271 -0.124713 0.397500
v -0.022433 -0.138111 0.395000
v -0.022433 -0.138111 0.390000
v -0.022433 -0.138111 0.385000
v -0.022433 -0.138111 0.380000
v -0.003421 -0.125767 0.397500
v -0.011016 -0.140278 0.395000
v -0.011016 -0.140278 0.390000
v -0.011016 -0.140278 0.385000
v -0.011016 -0.140278 0.380000
v 0.008435 -0.125746 0.397500
v 0.001300 -0.140161 0.395000
v 0.001300 -0.140161 0.390000
v 0.001300 -0.140161 0.385000
v 0.001300 -0.140161 0.380000
v 0.020218 -0.124619 0.397500
v 0.013360 -0.139386 0.395000
v 0.013360 -0.139386 0.390000
v 0.013360 -0.139386 0.385000
v 0.013360 -0.139386 0.380000
v 0.031837 -0.122381 0.397500
v 0.025174 -0.137853 0.395000
v 0.025174 -0.137853 0.390000
v 0.025174 -0.137853 0.385000
v 0.025174 -0.137853 0.380000
v 0.043191 -0.119046 0.397500
v 0.036730 -0.135494 0.395000
v 0.036730 -0.135494 0.390000
v 0.036730 -0.135494 0.385000
v 0.036730 -0.135494 0.380000
v 0.054767 -0.114016 0.397500
v 0.049019 -0.131632 0.395000
v 0.049019 -0.131632 0.390000
v 0.049019 -0.131632 0.385000
v 0.049019 -0.131632 0.380000
v 0.068093 -0.100251 0.397500
v 0.065692 -0.114323 0.395000
v 0.065692 -0.114323 0.390000
v 0.065692 -0.114323 0.385000
v 0.065692 -0.114323 0.380000
v 0.079284 -0.087035 0.397500
v 0.080182 -0.093261 0.395000
v 0.080182 -0.093261 0.390000
v 0.080182 -0.093261 0.385000
v 0.080182 -0.093261 0.380000
f 1 42 43
f 1 43 2
f 2 43 44
f 2 44 3
f 3 44 45
f 3 45 4
f 4 45 46
f 4 46 5
f 5 46 47
f 5 47 6
f 6 47 48
f 6 48 7
f 7 48 49
f 7 49 8
f 8 49 50
f 8 50 9
f 9 50 51
f 9 51 10
f 10 51 52
f 10 52 11
f 11 52 53
f 11 53 12
f 12 53 54
f 12 54 13
f 13 54 55
f 13 55 14
f 14 55 56
f 14 56 15
f 15 56 57
f 15 57 16
f 16 57 58
f 16 58 17
f 17 58 59
f 17 59 18
f 18 59 60
f 18 60 19
f 19 60 61
f 19 61 20
f 20 61 62
f 20 62 21
f 21 62 63
f 21 63 22
f 22 63 64
f 22 64 23
f 23 64 65
f 23 65 24
f 24 65 66
f 24 66 25
f 25 66 67
f 25 67 26
f 26 67 68
f 26 68 27
f 27 68 69
f 27 69 28
f 28 69 70
f 28 70 29
f 29 70 71
f 29 71 30
f 30 71 72
f 30 72 31
f 31 72 73
f 31 73 32
f 32 73 74
f 32 74 33
f 33 74 75
f 33 75 34
f 34 75 76
f 34 76 35
f 35 76 77
f 35 77 36
f 36 77 78
f 36 78 37
f 37 78 79
f 37 79 38
f 38 79 80
f 38 80 39
f 39 80 81
f 39 81 40
f 40 81 82
f 40 82 41
f 42 83 84
f 42 84 43
f 43 84 85
f 43 85 44
f 44 85 86
f 44 86 45
f 45 86 87
f 45 87 46
f 46 87 88
f 46 88 47
f 47 88 89
f 47 89 48
f 48 89 90
f 48 90 49
f 49 90 91
f 49 91 50
f 50 91 92
f 50 92 51
f 51 92 93
f 51 93 52
f 52 93 94
f 52 94 53
f 53 94 95
f 53 95 54
f 54 95 96
f 54 96 55
f 55 96 97
f 55 97 56
f 56 97 98
f 56 98 57
f 57 98 99
f 57 99 58
f 58 99 100
f 58 100 59
f 59 100 101
f 59 101 60
f 60 101 102
f 60 102 61
f 61 102 103
f 61 103 62
f 62 103 104
f 62 104 63
f 63 104 105
f 63 105 64
f 64 105 106
f 64 106 65
f 65 106 107
f 65 107 66
f 66 107 108
f 66 108 67
f 67 108 109
f 67 109 68
f 68 109 110
f 68 110 69
f 69 110 111
f 69 111 70
f 70 111 112
f 70 112 71
f 71 112 113
f 71 113 72
f 72 113 114
f 72 114 73
f 73 114 115
f 73 115 74
f 74 115 116
f 74 116 75
f 75 116 117
f 75 117 76
f 76 117 118
f 76 118 77
f 77 118 119
f 77 119 78
f 78 119 120
f 78 120 79
f 79 120 121
f 79 121 80
f 80 121 122
f 80 122 81
f 81 122 123
f 81 123 82
f 83 124 125
f 83 125 84
f 84 125 126
f 84 126 85
f 85 126 127
f 85 127 86
f 86 127 128
f 86 128 87
f 87 128 129
f 87 129 88
f 88 129 130
f 88 130 89
f 89 130 131
f 89 131 90
f 90 131 132
f 90 132 91
f 91 132 133
f 91 133 92
f 92 133 134
f 92 134 93
f 93 134 135
f 93 135 94
f 94 135 136
f 94 136 95
f 95 136 137
f 95 137 96
f 96 137 138
f 96 138 97
f 97 138 139
f 97 139 98
f 98 139 140
f 98 140 99
f 99 140 141
f 99 141 100
f 100 141 142
f 100 142 101
f 101 142 143
f 101 143 102
f 102 143 144
f 102 144 103
f 103 144 145
f 103 145 104
f 104 145 146
f 104 146 105
f 105 146 147
f 105 147 106
f 106 147 148
f 106 148 107
f 107 148 149
f 107 149 108
f 108 149 150
f 108 150 109
f 109 150 151
f 109 151 110
f 110 151 152
f 110 152 111
f 111 152 153
f 111 153 112
f 112 153 154
f 112 154 113
f 113 154 155
f 113 155 114
f 114 155 156
f 114 156 115
f 115 156 157
f 115 157 116
f 116 157 158
f 116 158 117
f 117 158 159
f 117 159 118
f 118 159 160
f 118 160 119
f 119 160 161
f 119 161 120
f 120 161 162
f 120 162 121
f 121 162 163
f 121 163 122
f 122 163 164
f 122 164 123
f 124 165 166
f 124 166 125
f 125 166 167
f 125 167 126
f 126 167 168
f 126 168 127
f 127 168 169
f 127 169 128
f 128 169 170
f 128 170 129
f 129 170 171
f 129 171 130
f 130 171 172
f 130 172 131
f 131 172 173
f 131 173 132
f 132 173 174
f 132 174 133
f 133 174 175
f 133 175 134
f 134 175 176
f 134 176 135
f 135 176 177
f 135 177 136
f 136 177 178
f 136 178 137
f 137 178 179
f 137 179 138
f 138 179 180
f 138 180 139
f 139 180 181
f 139 181 140
f 140 181 182
f 140 182 141
f 141 182 183
f 141 183 142
f 142 183 184
f 142 184 143
f 143 184 185
f 143 185 144
f 144 185 186
f 144 186 145
f 145 186 187
f 145 187 146
f 146 187 188
f 146 188 147
f 147 188 189
f 147 189 148
f 148 189 190
f 148 190 149
f 149 190 191
f 149 191 150
f 150 191 192
f 150 192 151
f 151 192 193
f 151 193 152
f 152 193 194
f 152 194 153
f 153 194 195
f 153 195 154
f 154 195 196
f 154 196 155
f 155 196 197
f 155 197 156
f 156 197 198
f 156 198 157
f 157 198 199
f 157 199 158
f 158 199 200
f 158 200 159
f 159 200 201
f 159 201 160
f 160 201 202
f 160 202 161
f 161 202 203
f 161 203 162
f 162 203 204
f 162 204 163
f 163 204 205
f 163 205 164
f 165 206 207
f 165 207 166
f 166 207 208
f 166 208 167
f 167 208 209
f 167 209 168
f 168 209 210
f 168 210 169
f 169 210 211
f 169 211 170
f 170 211 212
f 170 212 171
f 171 212 213
f 171 213 172
f 172 213 214
f 172 214 173
f 173 214 215
f 173 215 174
f 174 215 216
f 174 216 175
f 175 216 217
f 175 217 176
f 176 217 218
f 176 218 177
f 177 218 219
f 177 219 178
f 178 219 220
f 178 220 179
f 179 220 221
f 179 221 180
f 180 221 222
f 180 222 181
f 181 222 223
f 181 223 182
f 182 223 224
f 182 224 183
f 183 224 225
f 183 225 184
f 184 225 226
f 184 226 185
f 185 226 227
f 185 227 186
f 186 227 228
f 186 228 187
f 187 228 229
f 187 229 188
f 188 229 230
f 188 230 189
f 189 230 231
f 189 231 190
f 190 231 232
f 190 232 191
f 191 232 233
f 191 233 192
f 192 233 234
f 192 234 193
f 193 234 235
f 193 235 194
f 194 235 236
f 194 236 195
f 195 236 237
f 195 237 196
f 196 237 238
f 196 238 197
f 197 238 239
f 197 239 198
f 198 239 240
f 198 240 199
f 199 240 241
f 199 241 200
f 200 241 242
f 200 242 201
f 201 242 243
f 201 243 202
f 202 243 244
f 202 244 203
f 203 244 245
f 203 245 204
f 204 245 246
f 204 246 205
f 206 247 248
f 206 248 207
f 207 248 249
f 207 249 208
f 208 249 250
f 208 250 209
f 209 250 251
f 209 251 210
f 210 251 252
f 210 252 211
f 211 252 253
f 211 253 212
f 212 253 254
f 212 254 213
f 213 254 255
f 213 255 214
f 214 255 256
f 214 256 215
f 215 256 257
f 215 257 216
f 216 257 258
f 216 258 217
f 217 258 259
f 217 259 218
f 218 259 260
f 218 260 219
f 219 260 261
f 219 261 220
f 220 261 262
f 220 262 221
f 221 262 263
f 221 263 222
f 222 263 264
f 222 264 223
f 223 264 265
f 223 265 224
f 224 265 266
f 224 266 225
f 225 266 267
f 225 267 226
f 226 267 268
f 226 268 227
f 227 268 269
f 227 269 228
f 228 269 270
f 228 270 229
f 229 270 271
f 229 271 230
f 230 271 272
f 230 272 231
f 231 272 273
f 231 273 232
f 232 273 274
f 232 274 233
f 233 274 275
f 233 275 234
f 234 275 276
f 234 276 235
f 235 276 277
f 235 277 236
f 236 277 278
f 236 278 237
f 237 278 279
f 237 279 238
f 238 279 280
f 238 280 239
f 239 280 281
f 239 281 240
f 240 281 282
f 240 282 241
f 241 282 283
f 241 283 242
f 242 283 284
f 242 284 243
f 243 284 285
f 243 285 244
f 244 285 286
f 244 286 245
f 245 286 287
f 245 287 246
f 247 288 289
f 247 289 248
f 248 289 290
f 248 290 249
f 249 290 291
f 249 291 250
f 250 291 292
f 250 292 251
f 251 292 293
f 251 293 252
f 252 293 294
f 252 294 253
f 253 294 295
f 253 295 254
f 254 295 296
f 254 296 255
f 255 296 297
f 255 297 256
f 256 297 298
f 256 298 257
f 257 298 299
f 257 299 258
f 258 299 300
f 258 300 259
f 259 300 301
f 259 301 260
f 260 301 302
f 260 302 261
f 261 302 303
f 261 303 262
f 262 303 304
f 262 304 263
f 263 304 305
f 263 305 264
f 264 305 306
f 264 306 265
f 265 306 307
f 265 307 266
f 266 307 308
f 266 308 267
f 267 308 309
f 267 309 268
f 268 309 310
f 268 310 269
f 269 310 311
f 269 311 270
f 270 311 312
f 270 312 271
f 271 312 313
f 271 313 272
f 272 313 314
f 272 314 273
f 273 314 315
f 273 315 274
f 274 315 316
f 274 316 275
f 275 316 317
f 275 317 276
f 276 317 318
f 276 318 277
f 277 318 319
f 277 319 278
f 278 319 320
f 278 320 279
f 279 320 321
f 279 321 280
f 280 321 322
f 280 322 281
f 281 322 323
f 281 323 282
f 282 323 324
f 282 324 283
f 283 324 325
f 283 325 284
f 284 325 326
f 284 326 285
f 285 326 327
f 285 327 286
f 286 327 328
f 286 328 287
f 288 329 330
f 288 330 289
f 289 330 331
f 289 331 290
f 290 331 332
f 290 332 291
f 291 332 333
f 291 333 292
f 292 333 334
f 292 334 293
f 293 334 335
f 293 335 294
f 294 335 336
f 294 336 295
f 295 336 337
f 295 337 296
f 296 337 338
f 296 338 297
f 297 338 339
f 297 339 298
f 298 339 340
f 298 340 299
f 299 340 341
f 299 341 300
f 300 341 342
f 300 342 301
f 301 342 343
f 301 343 302
f 302 343 344
f 302 344 303
f 303 344 345
f 303 345 304
f 304 345 346
f 304 346 305
f 305 346 347
f 305 347 306
f 306 347 348
f 306 348 307
f 307 348 349
f 307 349 308
f 308 349 350
f 308 350 309
f 309 350 351
f 309 351 310
f 310 351 352
f 310 352 311
f 311 352 353
f 311 353 312
f 312 353 354
f 312 354 313
f 313 354 355
f 313 355 314
f 314 355 356
f 314 356 315
f 315 356 357
f 315 357 316
f 316 357 358
f 316 358 317
f 317 358 359
f 317 359 318
f 318 359 360
f 318 360 319
f 319 360 361
f 319 361 320
f 320 361 362
f 320 362 321
f 321 362 363
f 321 363 322
f 322 363 364
f 322 364 323
f 323 364 365
f 323 365 324
f 324 365 366
f 324 366 325
f 325 366 367
f 325 367 326
f 326 367 368
f 326 368 327
f 327 368 369
f 327 369 328
f 329 370 371
f 329 371 330
f 330 371 372
f 330 372 331
f 331 372 373
f 331 373 332
f 332 373 374
f 332 374 333
f 333 374 375
f 333 375 334
f 334 375 376
f 334 376 335
f 335 376 377
f 335 377 336
f 336 377 378
f 336 378 337
f 337 378 379
f 337 379 338
f 338 379 380
f 338 380 339
f 339 380 381
f 339 381 340
f 340 381 382
f 340 382 341
f 341 382 383
f 341 383 342
f 342 383 384
f 342 384 343
f 343 384 385
f 343 385 344
f 344 385 386
f 344 386 345
f 345 386 387
f 345 387 346
f 346 387 388
f 346 388 347
f 347 388 389
f 347 389 348
f 348 389 390
f 348 390 349
f 349 390 391
f 349 391 350
f 350 391 392
f 350 392 351
f 351 392 393
f 351 393 352
f 352 393 394
f 352 394 353
f 353 394 395
f 353 395 354
f 354 395 396
f 354 396 355
f 355 396 397
f 355 397 356
f 356 397 398
f 356 398 357
f 357 398 399
f 357 399 358
f 358 399 400
f 358 400 359
f 359 400 401
f 359 401 360
f 360 401 402
f 360 402 361
f 361 402 403
f 361 403 362
f 362 403 404
f 362 404 363
f 363 404 405
f 363 405 364
f 364 405 406
f 364 406 365
f 365 406 407
f 365 407 366
f 366 407 408
f 366 408 367
f 367 408 409
f 367 409 368
f 368 409 410
f 368 410 369
f 370 411 412
f 370 412 371
f 371 412 413
f 371 413 372
f 372 413 414
f 372 414 373
f 373 414 415
f 373 415 374
f 374 415 416
f 374 416 375
f 375 416 417
f 375 417 376
f 376 417 418
f 376 418 377
f 377 418 419
f 377 419 378
f 378 419 420
f 378 420 379
f 379 420 421
f 379 421 380
f 380 421 422
f 380 422 381
f 381 422 423
f 381 423 382
f 382 423 424
f 382 424 383
f 383 424 425
f 383 425 384
f 384 425 426
f 384 426 385
f 385 426 427
f 385 427 386
f 386 427 428
f 386 428 387
f 387 428 429
f 387 429 388
f 388 429 430
f 388 430 389
f 389 430 431
f 389 431 390
f 390 431 432
f 390 432 391
f 391 432 433
f 391 433 392
f 392 433 434
f 392 434 393
f 393 434 435
f 393 435 394
f 394 435 436
f 394 436 395
f 395 436 437
f 395 437 396
f 396 437 438
f 396 438 397
f 397 438 439
f 397 439 398
f 398 439 440
f 398 440 399
f 399 440 441
f 399 441 400
f 400 441 442
f 400 442 401
f 401 442 443
f 401 443 402
f 402 443 444
f 402 444 403
f 403 444 445
f 403 445 404
f 404 445 446
f 404 446 405
f 405 446 447
f 405 447 406
f 406 447 448
f 406 448 407
f 407 448 449
f 407 449 408
f 408 449 450
f 408 450 409
f 409 450 451
f 409 451 410
f 411 452 453
f 411 453 412
f 412 453 454
f 412 454 413
f 413 454 455
f 413 455 414
f 414 455 456
f 414 456 415
f 415 456 457
f 415 457 416
f 416 457 458
f 416 458 417
f 417 458 459
f 417 459 418
f 418 459 460
f 418 460 419
f 419 460 461
f 419 461 420
f 420 461 462
f 420 462 421
f 421 462 463
f 421 463 422
f 422 463 464
f 422 464 423
f 423 464 465
f 423 465 424
f 424 465 466
f 424 466 425
f 425 466 467
f 425 467 426
f 426 467 468
f 426 468 427
f 427 468 469
f 427 469 428
f 428 469 470
f 428 470 429
f 429 470 471
f 429 471 430
f 430 471 472
f 430 472 431
f 431 472 473
f 431 473 432
f 432 473 474
f 432 474 433
f 433 474 475
f 433 475 434
f 434 475 476
f 434 476 435
f 435 476 477
f 435 477 436
f 436 477 478
f 436 478 437
f 437 478 479
f 437 479 438
f 438 479 480
f 438 480 439
f 439 480 481
f 439 481 440
f 440 481 482
f 440 482 441
f 441 482 483
f 441 483 442
f 442 483 484
f 442 484 443
f 443 484 485
f 443 485 444
f 444 485 486
f 444 486 445
f 445 486 487
f 445 487 446
f 446 487 488
f 446 488 447
f 447 488 489
f 447 489 448
f 448 489 490
f 448 490 449
f 449 490 491
f 449 491 450
f 450 491 492
f 450 492 451
f 452 493 494
f 452 494 453
f 453 494 495
f 453 495 454
f 454 495 496
f 454 496 455
f 455 496 497
f 455 497 456
f 456 497 498
f 456 498 457
f 457 498 499
f 457 499 458
f 458 499 500
f 458 500 459
f 459 500 501
f 459 501 460
f 460 501 502
f 460 502 461
f 461 502 503
f 461 503 462
f 462 503 504
f 462 504 463
f 463 504 505
f 463 505 464
f 464 505 506
f 464 506 465
f 465 506 507
f 465 507 466
f 466 507 508
f 466 508 467
f 467 508 509
f 467 509 468
f 468 509 510
f 468 510 469
f 469 510 511
f 469 511 470
f 470 511 512
f 470 512 471
f 471 512 513
f 471 513 472
f 472 513 514
f 472 514 473
f 473 514 515
f 473 515 474
f 474 515 516
f 474 516 475
f 475 516 517
f 475 517 476
f 476 517 518
f 476 518 477
f 477 518 519
f 477 519 478
f 478 519 520
f 478 520 479
f 479 520 521
f 479 521 480
f 480 521 522
f 480 522 481
f 481 522 523
f 481 523 482
f 482 523 524
f 482 524 483
f 483 524 525
f 483 525 484
f 484 525 526
f 484 526 485
f 485 526 527
f 485 527 486
f 486 527 528
f 486 528 487
f 487 528 529
f 487 529 488
f 488 529 530
f 488 530 489
f 489 530 531
f 489 531 490
f 490 531 532
f 490 532 491
f 491 532 533
f 491 533 492
f 493 534 535
f 493 535 494
f 494 535 536
f 494 536 495
f 495 536 537
f 495 537 496
f 496 537 538
f 496 538 497
f 497 538 539
f 497 539 498
f 498 539 540
f 498 540 499
f 499 540 541
f 499 541 500
f 500 541 542
f 500 542 501
f 501 542 543
f 501 543 502
f 502 543 544
f 502 544 503
f 503 544 545
f 503 545 504
f 504 545 546
f 504 546 505
f 505 546 547
f 505 547 506
f 506 547 548
f 506 548 507
f 507 548 549
f 507 549 508
f 508 549 550
f 508 550 509
f 509 550 551
f 509 551 510
f 510 551 552
f 510 552 511
f 511 552 553
f 511 553 512
f 512 553 554
f 512 554 513
f 513 554 555
f 513 555 514
f 514 555 556
f 514 556 515
f 515 556 557
f 515 557 516
f 516 557 558
f 516 558 517
f 517 558 559
f 517 559 518
f 518 559 560
f 518 560 519
f 519 560 561
f 519 561 520
f 520 561 562
f 520 562 521
f 521 562 563
f 521 563 522
f 522 563 564
f 522 564 523
f 523 564 565
f 523 565 524
f 524 565 566
f 524 566 525
f 525 566 567
f 525 567 526
f 526 567 568
f 526 568 527
f 527 568 569
f 527 569 528
f 528 569 570
f 528 570 529
f 529 570 571
f 529 571 530
f 530 571 572
f 530 572 531
f 531 572 573
f 531 573 532
f 532 573 574
f 532 574 533
f 534 575 576
f 534 576 535
f 535 576 577
f 535 577 536
f 536 577 578
f 536 578 537
f 537 578 579
f 537 579 538
f 538 579 580
f 538 580 539
f 539 580 581
f 539 581 540
f 540 581 582
f 540 582 541
f 541 582 583
f 541 583 542
f 542 583 584
f 542 584 543
f 543 584 585
f 543 585 544
f 544 585 586
f 544 586 545
f 545 586 587
f 545 587 546
f 546 587 588
f 546 588 547
f 547 588 589
f 547 589 548
f 548 589 590
f 548 590 549
f 549 590 591
f 549 591 550
f 550 591 592
f 550 592 551
f 551 592 593
f 551 593 552
f 552 593 594
f 552 594 553
f 553 594 595
f 553 595 554
f 554 595 596
f 554 596 555
f 555 596 597
f 555 597 556
f 556 597 598
f 556 598 557
f 557 598 599
f 557 599 558
f 558 599 600
f 558 600 559
f 559 600 601
f 559 601 560
f 560 601 602
f 560 602 561
f 561 602 603
f 561 603 562
f 562 603 604
f 562 604 563
f 563 604 605
f 563 605 564
f 564 605 606
f 564 606 565
f 565 606 607
f 565 607 566
f 566 607 608
f 566 608 567
f 567 608 609
f 567 609 568
f 568 609 610
f 568 610 569
f 569 610 611
f 569 611 570
f 570 611 612
f 570 612 571
f 571 612 613
f 571 613 572
f 572 613 614
f 572 614 573
f 573 614 615
f 573 615 574
f 575 616 617
f 575 617 576
f 576 617 618
f 576 618 577
f 577 618 619
f 577 619 578
f 578 619 620
f 578 620 579
f 579 620 621
f 579 621 580
f 580 621 622
f 580 622 581
f 581 622 623
f 581 623 582
f 582 623 624
f 582 624 583
f 583 624 625
f 583 625 584
f 584 625 626
f 584 626 585
f 585 626 627
f 585 627 586
f 586 627 628
f 586 628 587
f 587 628 629
f 587 629 588
f 588 629 630
f 588 630 589
f 589 630 631
f 589 631 590
f 590 631 632
f 590 632 591
f 591 632 633
f 591 633 592
f 592 633 634
f 592 634 593
f 593 634 635
f 593 635 594
f 594 635 636
f 594 636 595
f 595 636 637
f 595 637 596
f 596 637 638
f 596 638 597
f 597 638 639
f 597 639 598
f 598 639 640
f 598 640 599
f 599 640 641
f 599 641 600
f 600 641 642
f 600 642 601
f 601 642 643
f 601 643 602
f 602 643 644
f 602 644 603
f 603 644 645
f 603 645 604
f 604 645 646
f 604 646 605
f 605 646 647
f 605 647 606
f 606 647 648
f 606 648 607
f 607 648 649
f 607 649 608
f 608 649 650
f 608 650 609
f 609 650 651
f 609 651 610
f 610 651 652
f 610 652 611
f 611 652 653
f 611 653 612
f 612 653 654
f 612 654 613
f 613 654 655
f 613 655 614
f 614 655 656
f 614 656 615
f 616 657 658
f 616 658 617
f 617 658 659
f 617 659 618
f 618 659 660
f 618 660 619
f 619 660 661
f 619 661 620
f 620 661 662
f 620 662 621
f 621 662 663
f 621 663 622
f 622 663 664
f 622 664 623
f 623 664 665
f 623 665 624
f 624 665 666
f 624 666 625
f 625 666 667
f 625 667 626
f 626 667 668
f 626 668 627
f 627 668 669
f 627 669 628
f 628 669 670
f 628 670 629
f 629 670 671
f 629 671 630
f 630 671 672
f 630 672 631
f 631 672 673
f 631 673 632
f 632 673 674
f 632 674 633
f 633 674 675
f 633 675 634
f 634 675 676
f 634 676 635
f 635 676 677
f 635 677 636
f 636 677 678
f 636 678 637
f 637 678 679
f 637 679 638
f 638 679 680
f 638 680 639
f 639 680 681
f 639 681 640
f 640 681 682
f 640 682 641
f 641 682 683
f 641 683 642
f 642 683 684
f 642 684 643
f 643 684 685
f 643 685 644
f 644 685 686
f 644 686 645
f 645 686 687
f 645 687 646
f 646 687 688
f 646 688 647
f 647 688 689
f 647 689 648
f 648 689 690
f 648 690 649
f 649 690 691
f 649 691 650
f 650 691 692
f 650 692 651
f 651 692 693
f 651 693 652
f 652 693 694
f 652 694 653
f 653 694 695
f 653 695 654
f 654 695 696
f 654 696 655
f 655 696 697
f 655 697 656
f 657 698 699
f 657 699 658
f 658 699 700
f 658 700 659
f 659 700 701
f 659 701 660
f 660 701 702
f 660 702 661
f 661 702 703
f 661 703 662
f 662 703 704
f 662 704 663
f 663 704 705
f 663 705 664
f 664 705 706
f 664 706 665
f 665 706 707
f 665 707 666
f 666 707 708
f 666 708 667
f 667 708 709
f 667 709 668
f 668 709 710
f 668 710 669
f 669 710 711
f 669 711 670
f 670 711 712
f 670 712 671
f 671 712 713
f 671 713 672
f 672 713 714
f 672 714 673
f 673 714 715
f 673 715 674
f 674 715 716
f 674 716 675
f 675 716 717
f 675 717 676
f 676 717 718
f 676 718 677
f 677 718 719
f 677 719 678
f 678 719 720
f 678 720 679
f 679 720 721
f 679 721 680
f 680 721 722
f 680 722 681
f 681 722 723
f 681 723 682
f 682 723 724
f 682 724 683
f 683 724 725
f 683 725 684
f 684 725 726
f 684 726 685
f 685 726 727
f 685 727 686
f 686 727 728
f 686 728 687
f 687 728 729
f 687 729 688
f 688 729 730
f 688 730 689
f 689 730 731
f 689 731 690
f 690 731 732
f 690 732 691
f 691 732 733
f 691 733 692
f 692 733 734
f 692 734 693
f 693 734 735
f 693 735 694
f 694 735 736
f 694 736 695
f 695 736 737
f 695 737 696
f 696 737 738
f 696 738 697
f 698 739 740
f 698 740 699
f 699 740 741
f 699 741 700
f 700 741 742
f 700 742 701
f 701 742 743
f 701 743 702
f 702 743 744
f 702 744 703
f 703 744 745
f 703 745 704
f 704 745 746
f 704 746 705
f 705 746 747
f 705 747 706
f 706 747 748
f 706 748 707
f 707 748 749
f 707 749 708
f 708 749 750
f 708 750 709
f 709 750 751
f 709 751 710
f 710 751 752
f 710 752 711
f 711 752 753
f 711 753 712
f 712 753 754
f 712 754 713
f 713 754 755
f 713 755 714
f 714 755 756
f 714 756 715
f 715 756 757
f 715 757 716
f 716 757 758
f 716 758 717
f 717 758 759
f 717 759 718
f 718 759 760
f 718 760 719
f 719 760 761
f 719 761 720
f 720 761 762
f 720 762 721
f 721 762 763
f 721 763 722
f 722 763 764
f 722 764 723
f 723 764 765
f 723 765 724
f 724 765 766
f 724 766 725
f 725 766 767
f 725 767 726
f 726 767 768
f 726 768 727
f 727 768 769
f 727 769 728
f 728 769 770
f 728 770 729
f 729 770 771
f 729 771 730
f 730 771 772
f 730 772 731
f 731 772 773
f 731 773 732
f 732 773 774
f 732 774 733
f 733 774 775
f 733 775 734
f 734 775 776
f 734 776 735
f 735 776 777
f 735 777 736
f 736 777 778
f 736 778 737
f 737 778 779
f 737 779 738
f 739 780 781
f 739 781 740
f 740 781 782
f 740 782 741
f 741 782 783
f 741 783 742
f 742 783 784
f 742 784 743
f 743 784 785
f 743 785 744
f 744 785 786
f 744 786 745
f 745 786 787
f 745 787 746
f 746 787 788
f 746 788 747
f 747 788 789
f 747 789 748
f 748 789 790
f 748 790 749
f 749 790 791
f 749 791 750
f 750 791 792
f 750 792 751
f 751 792 793
f 751 793 752
f 752 793 794
f 752 794 753
f 753 794 795
f 753 795 754
f 754 795 796
f 754 796 755
f 755 796 797
f 755 797 756
f 756 797 798
f 756 798 757
f 757 798 799
f 757 799 758
f 758 799 800
f 758 800 759
f 759 800 801
f 759 801 760
f 760 801 802
f 760 802 761
f 761 802 803
f 761 803 762
f 762 803 804
f 762 804 763
f 763 804 805
f 763 805 764
f 764 805 806
f 764 806 765
f 765 806 807
f 765 807 766
f 766 807 808
f 766 808 767
f 767 808 809
f 767 809 768
f 768 809 810
f 768 810 769
f 769 810 811
f 769 811 770
f 770 811 812
f 770 812 771
f 771 812 813
f 771 813 772
f 772 813 814
f 772 814 773
f 773 814 815
f 773 815 774
f 774 815 816
f 774 816 775
f 775 816 817
f 775 817 776
f 776 817 818
f 776 818 777
f 777 818 819
f 777 819 778
f 778 819 820
f 778 820 779
f 780 821 822
f 780 822 781
f 781 822 823
f 781 823 782
f 782 823 824
f 782 824 783
f 783 824 825
f 783 825 784
f 784 825 826
f 784 826 785
f 785 826 827
f 785 827 786
f 786 827 828
f 786 828 787
f 787 828 829
f 787 829 788
f 788 829 830
f 788 830 789
f 789 830 831
f 789 831 790
f 790 831 832
f 790 832 791
f 791 832 833
f 791 833 792
f 792 833 834
f 792 834 793
f 793 834 835
f 793 835 794
f 794 835 836
f 794 836 795
f 795 836 837
f 795 837 796
f 796 837 838
f 796 838 797
f 797 838 839
f 797 839 798
f 798 839 840
f 798 840 799
f 799 840 841
f 799 841 800
f 800 841 842
f 800 842 801
f 801 842 843
f 801 843 802
f 802 843 844
f 802 844 803
f 803 844 845
f 803 845 804
f 804 845 846
f 804 846 805
f 805 846 847
f 805 847 806
f 806 847 848
f 806 848 807
f 807 848 849
f 807 849 808
f 808 849 850
f 808 850 809
f 809 850 851
f 809 851 810
f 810 851 852
f 810 852 811
f 811 852 853
f 811 853 812
f 812 853 854
f 812 854 813
f 813 854 855
f 813 855 814
f 814 855 856
f 814 856 815
f 815 856 857
f 815 857 816
f 816 857 858
f 816 858 817
f 817 858 859
f 817 859 818
f 818 859 860
f 818 860 819
f 819 860 861
f 819 861 820
f 821 862 863
f 821 863 822
f 822 863 864
f 822 864 823
f 823 864 865
f 823 865 824
f 824 865 866
f 824 866 825
f 825 866 867
f 825 867 826
f 826 867 868
f 826 868 827
f 827 868 869
f 827 869 828
f 828 869 870
f 828 870 829
f 829 870 871
f 829 871 830
f 830 871 872
f 830 872 831
f 831 872 873
f 831 873 832
f 832 873 874
f 832 874 833
f 833 874 875
f 833 875 834
f 834 875 876
f 834 876 835
f 835 876 877
f 835 877 836
f 836 877 878
f 836 878 837
f 837 878 879
f 837 879 838
f 838 879 880
f 838 880 839
f 839 880 881
f 839 881 840
f 840 881 882
f 840 882 841
f 841 882 883
f 841 883 842
f 842 883 884
f 842 884 843
f 843 884 885
f 843 885 844
f 844 885 886
f 844 886 845
f 845 886 887
f 845 887 846
f 846 887 888
f 846 888 847
f 847 888 889
f 847 889 848
f 848 889 890
f 848 890 849
f 849 890 891
f 849 891 850
f 850 891 892
f 850 892 851
f 851 892 893
f 851 893 852
f 852 893 894
f 852 894 853
f 853 894 895
f 853 895 854
f 854 895 896
f 854 896 855
f 855 896 897
f 855 897 856
f 856 897 898
f 856 898 857
f 857 898 899
f 857 899 858
f 858 899 900
f 858 900 859
f 859 900 901
f 859 901 860
f 860 901 902
f 860 902 861
f 862 903 904
f 862 904 863
f 863 904 905
f 863 905 864
f 864 905 906
f 864 906 865
f 865 906 907
f 865 907 866
f 866 907 908
f 866 908 867
f 867 908 909
f 867 909 868
f 868 909 910
f 868 910 869
f 869 910 911
f 869 911 870
f 870 911 912
f 870 912 871
f 871 912 913
f 871 913 872
f 872 913 914
f 872 914 873
f 873 914 915
f 873 915 874
f 874 915 916
f 874 916 875
f 875 916 917
f 875 917 876
f 876 917 918
f 876 918 877
f 877 918 919
f 877 919 878
f 878 919 920
f 878 920 879
f 879 920 921
f 879 921 880
f 880 921 922
f 880 922 881
f 881 922 923
f 881 923 882
f 882 923 924
f 882 924 883
f 883 924 925
f 883 925 884
f 884 925 926
f 884 926 885
f 885 926 927
f 885 927 886
f 886 927 928
f 886 928 887
f 887 928 929
f 887 929 888
f 888 929 930
f 888 930 889
f 889 930 931
f 889 931 890
f 890 931 932
f 890 932 891
f 891 932 933
f 891 933 892
f 892 933 934
f 892 934 893
f 893 934 935
f 893 935 894
f 894 935 936
f 894 936 895
f 895 936 937
f 895 937 896
f 896 937 938
f 896 938 897
f 897 938 939
f 897 939 898
f 898 939 940
f 898 940 899
f 899 940 941
f 899 941 900
f 900 941 942
f 900 942 901
f 901 942 943
f 901 943 902
f 903 944 945
f 903 945 904
f 904 945 946
f 904 946 905
f 905 946 947
f 905 947 906
f 906 947 948
f 906 948 907
f 907 948 949
f 907 949 908
f 908 949 950
f 908 950 909
f 909 950 951
f 909 951 910
f 910 951 952
f 910 952 911
f 911 952 953
f 911 953 912
f 912 953 954
f 912 954 913
f 913 954 955
f 913 955 914
f 914 955 956
f 914 956 915
f 915 956 957
f 915 957 916
f 916 957 958
f 916 958 917
f 917 958 959
f 917 959 918
f 918 959 960
f 918 960 919
f 919 960 961
f 919 961 920
f 920 961 962
f 920 962 921
f 921 962 963
f 921 963 922
f 922 963 964
f 922 964 923
f 923 964 965
f 923 965 924
f 924 965 966
f 924 966 925
f 925 966 967
f 925 967 926
f 926 967 968
f 926 968 927
f 927 968 969
f 927 969 928
f 928 969 970
f 928 970 929
f 929 970 971
f 929 971 930
f 930 971 972
f 930 972 931
f 931 972 973
f 931 973 932
f 932 973 974
f 932 974 933
f 933 974 975
f 933 975 934
f 934 975 976
f 934 976 935
f 935 976 977
f 935 977 936
f 936 977 978
f 936 978 937
f 937 978 979
f 937 979 938
f 938 979 980
f 938 980 939
f 939 980 981
f 939 981 940
f 940 981 982
f 940 982 941
f 941 982 983
f 941 983 942
f 942 983 984
f 942 984 943
f 944 985 986
f 944 986 945
f 945 986 987
f 945 987 946
f 946 987 988
f 946 988 947
f 947 988 989
f 947 989 948
f 948 989 990
f 948 990 949
f 949 990 991
f 949 991 950
f 950 991 992
f 950 992 951
f 951 992 993
f 951 993 952
f 952 993 994
f 952 994 953
f 953 994 995
f 953 995 954
f 954 995 996
f 954 996 955
f 955 996 997
f 955 997 956
f 956 997 998
f 956 998 957
f 957 998 999
f 957 999 958
f 958 999 1000
f 958 1000 959
f 959 1000 1001
f 959 1001 960
f 960 1001 1002
f 960 1002 961
f 961 1002 1003
f 961 1003 962
f 962 1003 1004
f 962 1004 963
f 963 1004 1005
f 963 1005 964
f 964 1005 1006
f 964 1006 965
f 965 1006 1007
f 965 1007 966
f 966 1007 1008
f 966 1008 967
f 967 1008 1009
f 967 1009 968
f 968 1009 1010
f 968 1010 969
f 969 1010 1011
f 969 1011 970
f 970 1011 1012
f 970 1012 971
f 971 1012 1013
f 971 1013 972
f 972 1013 1014
f 972 1014 973
f 973 1014 1015
f 973 1015 974
f 974 1015 1016
f 974 1016 975
f 975 1016 1017
f 975 1017 976
f 976 1017 1018
f 976 1018 977
f 977 1018 1019
f 977 1019 978
f 978 1019 1020
f 978 1020 979
f 979 1020 1021
f 979 1021 980
f 980 1021 1022
f 980 1022 981
f 981 1022 1023
f 981 1023 982
f 982 1023 1024
f 982 1024 983
f 983 1024 1025
f 983 1025 984
f 985 1026 1027
f 985 1027 986
f 986 1027 1028
f 986 1028 987
f 987 1028 1029
f 987 1029 988
f 988 1029 1030
f 988 1030 989
f 989 1030 1031
f 989 1031 990
f 990 1031 1032
f 990 1032 991
f 991 1032 1033
f 991 1033 992
f 992 1033 1034
f 992 1034 993
f 993 1034 1035
f 993 1035 994
f 994 1035 1036
f 994 1036 995
f 995 1036 1037
f 995 1037 996
f 996 1037 1038
f 996 1038 997
f 997 1038 1039
f 997 1039 998
f 998 1039 1040
f 998 1040 999
f 999 1040 1041
f 999 1041 1000
f 1000 1041 1042
f 1000 1042 1001
f 1001 1042 1043
f 1001 1043 1002
f 1002 1043 1044
f 1002 1044 1003
f 1003 1044 1045
f 1003 1045 1004
f 1004 1045 1046
f 1004 1046 1005
f 1005 1046 1047
f 1005 1047 1006
f 1006 1047 1048
f 1006 1048 1007
f 1007 1048 1049
f 1007 1049 1008
f 1008 1049 1050
f 1008 1050 1009
f 1009 1050 1051
f 1009 1051 1010
f 1010 1051 1052
f 1010 1052 1011
f 1011 1052 1053
f 1011 1053 1012
f 1012 1053 1054
f 1012 1054 1013
f 1013 1054 1055
f 1013 1055 1014
f 1014 1055 1056
f 1014 1056 1015
f 1015 1056 1057
f 1015 1057 1016
f 1016 1057 1058
f 1016 1058 1017
f 1017 1058 1059
f 1017 1059 1018
f 1018 1059 1060
f 1018 1060 1019
f 1019 1060 1061
f 1019 1061 1020
f 1020 1061 1062
f 1020 1062 1021
f 1021 1062 1063
f 1021 1063 1022
f 1022 1063 1064
f 1022 1064 1023
f 1023 1064 1065
f 1023 1065 1024
f 1024 1065 1066
f 1024 1066 1025
f 1026 1067 1068
f 1026 1068 1027
f 1027 1068 1069
f 1027 1069 1028
f 1028 1069 1070
f 1028 1070 1029
f 1029 1070 1071
f 1029 1071 1030
f 1030 1071 1072
f 1030 1072 1031
f 1031 1072 1073
f 1031 1073 1032
f 1032 1073 1074
f 1032 1074 1033
f 1033 1074 1075
f 1033 1075 1034
f 1034 1075 1076
f 1034 1076 1035
f 1035 1076 1077
f 1035 1077 1036
f 1036 1077 1078
f 1036 1078 1037
f 1037 1078 1079
f 1037 1079 1038
f 1038 1079 1080
f 1038 1080 1039
f 1039 1080 1081
f 1039 1081 1040
f 1040 1081 1082
f 1040 1082 1041
f 1041 1082 1083
f 1041 1083 1042
f 1042 1083 1084
f 1042 1084 1043
f 1043 1084 1085
f 1043 1085 1044
f 1044 1085 1086
f 1044 1086 1045
f 1045 1086 1087
f 1045 1087 1046
f 1046 1087 1088
f 1046 1088 1047
f 1047 1088 1089
f 1047 1089 1048
f 1048 1089 1090
f 1048 1090 1049
f 1049 1090 1091
f 1049 1091 1050
f 1050 1091 1092
f 1050 1092 1051
f 1051 1092 1093
f 1051 1093 1052
f 1052 1093 1094
f 1052 1094 1053
f 1053 1094 1095
f 1053 1095 1054
f 1054 1095 1096
f 1054 1096 1055
f 1055 1096 1097
f 1055 1097 1056
f 1056 1097 1098
f 1056 1098 1057
f 1057 1098 1099
f 1057 1099 1058
f 1058 1099 1100
f 1058 1100 1059
f 1059 1100 1101
f 1059 1101 1060
f 1060 1101 1102
f 1060 1102 1061
f 1061 1102 1103
f 1061 1103 1062
f 1062 1103 1104
f 1062 1104 1063
f 1063 1104 1105
f 1063 1105 1064
f 1064 1105 1106
f 1064 1106 1065
f 1065 1106 1107
f 1065 1107 1066
f 1067 1108 1109
f 1067 1109 1068
f 1068 1109 1110
f 1068 1110 1069
f 1069 1110 1111
f 1069 1111 1070
f 1070 1111 1112
f 1070 1112 1071
f 1071 1112 1113
f 1071 1113 1072
f 1072 1113 1114
f 1072 1114 1073
f 1073 1114 1115
f 1073 1115 1074
f 1074 1115 1116
f 1074 1116 1075
f 1075 1116 1117
f 1075 1117 1076
f 1076 1117 1118
f 1076 1118 1077
f 1077 1118 1119
f 1077 1119 1078
f 1078 1119 1120
f 1078 1120 1079
f 1079 1120 1121
f 1079 1121 1080
f 1080 1121 1122
f 1080 1122 1081
f 1081 1122 1123
f 1081 1123 1082
f 1082 1123 1124
f 1082 1124 1083
f 1083 1124 1125
f 1083 1125 1084
f 1084 1125 1126
f 1084 1126 1085
f 1085 1126 1127
f 1085 1127 1086
f 1086 1127 1128
f 1086 1128 1087
f 1087 1128 1129
f 1087 1129 1088
f 1088 1129 1130
f 1088 1130 1089
f 1089 1130 1131
f 1089 1131 1090
f 1090 1131 1132
f 1090 1132 1091
f 1091 1132 1133
f 1091 1133 1092
f 1092 1133 1134
f 1092 1134 1093
f 1093 1134 1135
f 1093 1135 1094
f 1094 1135 1136
f 1094 1136 1095
f 1095 1136 1137
f 1095 1137 1096
f 1096 1137 1138
f 1096 1138 1097
f 1097 1138 1139
f 1097 1139 1098
f 1098 1139 1140
f 1098 1140 1099
f 1099 1140 1141
f 1099 1141 1100
f 1100 1141 1142
f 1100 1142 1101
f 1101 1142 1143
f 1101 1143 1102
f 1102 1143 1144
f 1102 1144 1103
f 1103 1144 1145
f 1103 1145 1104
f 1104 1145 1146
f 1104 1146 1105
f 1105 1146 1147
f 1105 1147 1106
f 1106 1147 1148
f 1106 1148 1107
f 1108 1149 1150
f 1108 1150 1109
f 1109 1150 1151
f 1109 1151 1110
f 1110 1151 1152
f 1110 1152 1111
f 1111 1152 1153
f 1111 1153 1112
f 1112 1153 1154
f 1112 1154 1113
f 1113 1154 1155
f 1113 1155 1114
f 1114 1155 1156
f 1114 1156 1115
f 1115 1156 1157
f 1115 1157 1116
f 1116 1157 1158
f 1116 1158 1117
f 1117 1158 1159
f 1117 1159 1118
f 1118 1159 1160
f 1118 1160 1119
f 1119 1160 1161
f 1119 1161 1120
f 1120 1161 1162
f 1120 1162 1121
f 1121 1162 1163
f 1121 1163 1122
f 1122 1163 1164
f 1122 1164 1123
f 1123 1164 1165
f 1123 1165 1124
f 1124 1165 1166
f 1124 1166 1125
f 1125 1166 1167
f 1125 1167 1126
f 1126 1167 1168
f 1126 1168 1127
f 1127 1168 1169
f 1127 1169 1128
f 1128 1169 1170
f 1128 1170 1129
f 1129 1170 1171
f 1129 1171 1130
f 1130 1171 1172
f 1130 1172 1131
f 1131 1172 1173
f 1131 1173 1132
f 1132 1173 1174
f 1132 1174 1133
f 1133 1174 1175
f 1133 1175 1134
f 1134 1175 1176
f 1134 1176 1135
f 1135 1176 1177
f 1135 1177 1136
f 1136 1177 1178
f 1136 1178 1137
f 1137 1178 1179
f 1137 1179 1138
f 1138 1179 1180
f 1138 1180 1139
f 1139 1180 1181
f 1139 1181 1140
f 1140 1181 1182
f 1140 1182 1141
f 1141 1182 1183
f 1141 1183 1142
f 1142 1183 1184
f 1142 1184 1143
f 1143 1184 1185
f 1143 1185 1144
f 1144 1185 1186
f 1144 1186 1145
f 1145 1186 1187
f 1145 1187 1146
f 1146 1187 1188
f 1146 1188 1147
f 1147 1188 1189
f 1147 1189 1148
f 1149 1190 1191
f 1149 1191 1150
f 1150 1191 1192
f 1150 1192 1151
f 1151 1192 1193
f 1151 1193 1152
f 1152 1193 1194
f 1152 1194 1153
f 1153 1194 1195
f 1153 1195 1154
f 1154 1195 1196
f 1154 1196 1155
f 1155 1196 1197
f 1155 1197 1156
f 1156 1197 1198
f 1156 1198 1157
f 1157 1198 1199
f 1157 1199 1158
f 1158 1199 1200
f 1158 1200 1159
f 1159 1200 1201
f 1159 1201 1160
f 1160 1201 1202
f 1160 1202 1161
f 1161 1202 1203
f 1161 1203 1162
f 1162 1203 1204
f 1162 1204 1163
f 1163 1204 1205
f 1163 1205 1164
f 1164 1205 1206
f 1164 1206 1165
f 1165 1206 1207
f 1165 1207 1166
f 1166 1207 1208
f 1166 1208 1167
f 1167 1208 1209
f 1167 1209 1168
f 1168 1209 1210
f 1168 1210 1169
f 1169 1210 1211
f 1169 1211 1170
f 1170 1211 1212
f 1170 1212 1171
f 1171 1212 1213
f 1171 1213 1172
f 1172 1213 1214
f 1172 1214 1173
f 1173 1214 1215
f 1173 1215 1174
f 1174 1215 1216
f 1174 1216 1175
f 1175 1216 1217
f 1175 1217 1176
f 1176 1217 1218
f 1176 1218 1177
f 1177 1218 1219
f 1177 1219 1178
f 1178 1219 1220
f 1178 1220 1179
f 1179 1220 1221
f 1179 1221 1180
f 1180 1221 1222
f 1180 1222 1181
f 1181 1222 1223
f 1181 1223 1182
f 1182 1223 1224
f 1182 1224 1183
f 1183 1224 1225
f 1183 1225 1184
f 1184 1225 1226
f 1184 1226 1185
f 1185 1226 1227
f 1185 1227 1186
f 1186 1227 1228
f 1186 1228 1187
f 1187 1228 1229
f 1187 1229 1188
f 1188 1229 1230
f 1188 1230 1189
f 1190 1231 1232
f 1190 1232 1191
f 1191 1232 1233
f 1191 1233 1192
f 1192 1233 1234
f 1192 1234 1193
f 1193 1234 1235
f 1193 1235 1194
f 1194 1235 1236
f 1194 1236 1195
f 1195 1236 1237
f 1195 1237 1196
f 1196 1237 1238
f 1196 1238 1197
f 1197 1238 1239
f 1197 1239 1198
f 1198 1239 1240
f 1198 1240 1199
f 1199 1240 1241
f 1199 1241 1200
f 1200 1241 1242
f 1200 1242 1201
f 1201 1242 1243
f 1201 1243 1202
f 1202 1243 1244
f 1202 1244 1203
f 1203 1244 1245
f 1203 1245 1204
f 1204 1245 1246
f 1204 1246 1205
f 1205 1246 1247
f 1205 1247 1206
f 1206 1247 1248
f 1206 1248 1207
f 1207 1248 1249
f 1207 1249 1208
f 1208 1249 1250
f 1208 1250 1209
f 1209 1250 1251
f 1209 1251 1210
f 1210 1251 1252
f 1210 1252 1211
f 1211 1252 1253
f 1211 1253 1212
f 1212 1253 1254
f 1212 1254 1213
f 1213 1254 1255
f 1213 1255 1214
f 1214 1255 1256
f 1214 1256 1215
f 1215 1256 1257
f 1215 1257 1216
f 1216 1257 1258
f 1216 1258 1217
f 1217 1258 1259
f 1217 1259 1218
f 1218 1259 1260
f 1218 1260 1219
f 1219 1260 1261
f 1219 1261 1220
f 1220 1261 1262
f 1220 1262 1221
f 1221 1262 1263
f 1221 1263 1222
f 1222 1263 1264
f 1222 1264 1223
f 1223 1264 1265
f 1223 1265 1224
f 1224 1265 1266
f 1224 1266 1225
f 1225 1266 1267
f 1225 1267 1226
f 1226 1267 1268
f 1226 1268 1227
f 1227 1268 1269
f 1227 1269 1228
f 1228 1269 1270
f 1228 1270 1229
f 1229 1270 1271
f 1229 1271 1230
f 1231 1272 1273
f 1231 1273 1232
f 1232 1273 1274
f 1232 1274 1233
f 1233 1274 1275
f 1233 1275 1234
f 1234 1275 1276
f 1234 1276 1235
f 1235 1276 1277
f 1235 1277 1236
f 1236 1277 1278
f 1236 1278 1237
f 1237 1278 1279
f 1237 1279 1238
f 1238 1279 1280
f 1238 1280 1239
f 1239 1280 1281
f 1239 1281 1240
f 1240 1281 1282
f 1240 1282 1241
f 1241 1282 1283
f 1241 1283 1242
f 1242 1283 1284
f 1242 1284 1243
f 1243 1284 1285
f 1243 1285 1244
f 1244 1285 1286
f 1244 1286 1245
f 1245 1286 1287
f 1245 1287 1246
f 1246 1287 1288
f 1246 1288 1247
f 1247 1288 1289
f 1247 1289 1248
f 1248 1289 1290
f 1248 1290 1249
f 1249 1290 1291
f 1249 1291 1250
f 1250 1291 1292
f 1250 1292 1251
f 1251 1292 1293
f 1251 1293 1252
f 1252 1293 1294
f 1252 1294 1253
f 1253 1294 1295
f 1253 1295 1254
f 1254 1295 1296
f 1254 1296 1255
f 1255 1296 1297
f 1255 1297 1256
f 1256 1297 1298
f 1256 1298 1257
f 1257 1298 1299
f 1257 1299 1258
f 1258 1299 1300
f 1258 1300 1259
f 1259 1300 1301
f 1259 1301 1260
f 1260 1301 1302
f 1260 1302 1261
f 1261 1302 1303
f 1261 1303 1262
f 1262 1303 1304
f 1262 1304 1263
f 1263 1304 1305
f 1263 1305 1264
f 1264 1305 1306
f 1264 1306 1265
f 1265 1306 1307
f 1265 1307 1266
f 1266 1307 1308
f 1266 1308 1267
f 1267 1308 1309
f 1267 1309 1268
f 1268 1309 1310
f 1268 1310 1269
f 1269 1310 1311
f 1269 1311 1270
f 1270 1311 1312
f 1270 1312 1271
f 1272 1313 1314
f 1272 1314 1273
f 1273 1314 1315
f 1273 1315 1274
f 1274 1315 1316
f 1274 1316 1275
f 1275 1316 1317
f 1275 1317 1276
f 1276 1317 1318
f 1276 1318 1277
f 1277 1318 1319
f 1277 1319 1278
f 1278 1319 1320
f 1278 1320 1279
f 1279 1320 1321
f 1279 1321 1280
f 1280 1321 1322
f 1280 1322 1281
f 1281 1322 1323
f 1281 1323 1282
f 1282 1323 1324
f 1282 1324 1283
f 1283 1324 1325
f 1283 1325 1284
f 1284 1325 1326
f 1284 1326 1285
f 1285 1326 1327
f 1285 1327 1286
f 1286 1327 1328
f 1286 1328 1287
f 1287 1328 1329
f 1287 1329 1288
f 1288 1329 1330
f 1288 1330 1289
f 1289 1330 1331
f 1289 1331 1290
f 1290 1331 1332
f 1290 1332 1291
f 1291 1332 1333
f 1291 1333 1292
f 1292 1333 1334
f 1292 1334 1293
f 1293 1334 1335
f 1293 1335 1294
f 1294 1335 1336
f 1294 1336 1295
f 1295 1336 1337
f 1295 1337 1296
f 1296 1337 1338
f 1296 1338 1297
f 1297 1338 1339
f 1297 1339 1298
f 1298 1339 1340
f 1298 1340 1299
f 1299 1340 1341
f 1299 1341 1300
f 1300 1341 1342
f 1300 1342 1301
f 1301 1342 1343
f 1301 1343 1302
f 1302 1343 1344
f 1302 1344 1303
f 1303 1344 1345
f 1303 1345 1304
f 1304 1345 1346
f 1304 1346 1305
f 1305 1346 1347
f 1305 1347 1306
f 1306 1347 1348
f 1306 1348 1307
f 1307 1348 1349
f 1307 1349 1308
f 1308 1349 1350
f 1308 1350 1309
f 1309 1350 1351
f 1309 1351 1310
f 1310 1351 1352
f 1310 1352 1311
f 1311 1352 1353
f 1311 1353 1312
f 1313 1354 1355
f 1313 1355 1314
f 1314 1355 1356
f 1314 1356 1315
f 1315 1356 1357
f 1315 1357 1316
f 1316 1357 1358
f 1316 1358 1317
f 1317 1358 1359
f 1317 1359 1318
f 1318 1359 1360
f 1318 1360 1319
f 1319 1360 1361
f 1319 1361 1320
f 1320 1361 1362
f 1320 1362 1321
f 1321 1362 1363
f 1321 1363 1322
f 1322 1363 1364
f 1322 1364 1323
f 1323 1364 1365
f 1323 1365 1324
f 1324 1365 1366
f 1324 1366 1325
f 1325 1366 1367
f 1325 1367 1326
f 1326 1367 1368
f 1326 1368 1327
f 1327 1368 1369
f 1327 1369 1328
f 1328 1369 1370
f 1328 1370 1329
f 1329 1370 1371
f 1329 1371 1330
f 1330 1371 1372
f 1330 1372 1331
f 1331 1372 1373
f 1331 1373 1332
f 1332 1373 1374
f 1332 1374 1333
f 1333 1374 1375
f 1333 1375 1334
f 1334 1375 1376
f 1334 1376 1335
f 1335 1376 1377
f 1335 1377 1336
f 1336 1377 1378
f 1336 1378 1337
f 1337 1378 1379
f 1337 1379 1338
f 1338 1379 1380
f 1338 1380 1339
f 1339 1380 1381
f 1339 1381 1340
f 1340 1381 1382
f 1340 1382 1341
f 1341 1382 1383
f 1341 1383 1342
f 1342 1383 1384
f 1342 1384 1343
f 1343 1384 1385
f 1343 1385 1344
f 1344 1385 1386
f 1344 1386 1345
f 1345 1386 1387
f 1345 1387 1346
f 1346 1387 1388
f 1346 1388 1347
f 1347 1388 1389
f 1347 1389 1348
f 1348 1389 1390
f 1348 1390 1349
f 1349 1390 1391
f 1349 1391 1350
f 1350 1391 1392
f 1350 1392 1351
f 1351 1392 1393
f 1351 1393 1352
f 1352 1393 1394
f 1352 1394 1353
f 1354 1395 1396
f 1354 1396 1355
f 1355 1396 1397
f 1355 1397 1356
f 1356 1397 1398
f 1356 1398 1357
f 1357 1398 1399
f 1357 1399 1358
f 1358 1399 1400
f 1358 1400 1359
f 1359 1400 1401
f 1359 1401 1360
f 1360 1401 1402
f 1360 1402 1361
f 1361 1402 1403
f 1361 1403 1362
f 1362 1403 1404
f 1362 1404 1363
f 1363 1404 1405
f 1363 1405 1364
f 1364 1405 1406
f 1364 1406 1365
f 1365 1406 1407
f 1365 1407 1366
f 1366 1407 1408
f 1366 1408 1367
f 1367 1408 1409
f 1367 1409 1368
f 1368 1409 1410
f 1368 1410 1369
f 1369 1410 1411
f 1369 1411 1370
f 1370 1411 1412
f 1370 1412 1371
f 1371 1412 1413
f 1371 1413 1372
f 1372 1413 1414
f 1372 1414 1373
f 1373 1414 1415
f 1373 1415 1374
f 1374 1415 1416
f 1374 1416 1375
f 1375 1416 1417
f 1375 1417 1376
f 1376 1417 1418
f 1376 1418 1377
f 1377 1418 1419
f 1377 1419 1378
f 1378 1419 1420
f 1378 1420 1379
f 1379 1420 1421
f 1379 1421 1380
f 1380 1421 1422
f 1380 1422 1381
f 1381 1422 1423
f 1381 1423 1382
f 1382 1423 1424
f 1382 1424 1383
f 1383 1424 1425
f 1383 1425 1384
f 1384 1425 1426
f 1384 1426 1385
f 1385 1426 1427
f 1385 1427 1386
f 1386 1427 1428
f 1386 1428 1387
f 1387 1428 1429
f 1387 1429 1388
f 1388 1429 1430
f 1388 1430 1389
f 1389 1430 1431
f 1389 1431 1390
f 1390 1431 1432
f 1390 1432 1391
f 1391 1432 1433
f 1391 1433 1392
f 1392 1433 1434
f 1392 1434 1393
f 1393 1434 1435
f 1393 1435 1394
f 1395 1436 1437
f 1395 1437 1396
f 1396 1437 1438
f 1396 1438 1397
f 1397 1438 1439
f 1397 1439 1398
f 1398 1439 1440
f 1398 1440 1399
f 1399 1440 1441
f 1399 1441 1400
f 1400 1441 1442
f 1400 1442 1401
f 1401 1442 1443
f 1401 1443 1402
f 1402 1443 1444
f 1402 1444 1403
f 1403 1444 1445
f 1403 1445 1404
f 1404 1445 1446
f 1404 1446 1405
f 1405 1446 1447
f 1405 1447 1406
f 1406 1447 1448
f 1406 1448 1407
f 1407 1448 1449
f 1407 1449 1408
f 1408 1449 1450
f 1408 1450 1409
f 1409 1450 1451
f 1409 1451 1410
f 1410 1451 1452
f 1410 1452 1411
f 1411 1452 1453
f 1411 1453 1412
f 1412 1453 1454
f 1412 1454 1413
f 1413 1454 1455
f 1413 1455 1414
f 1414 1455 1456
f 1414 1456 1415
f 1415 1456 1457
f 1415 1457 1416
f 1416 1457 1458
f 1416 1458 1417
f 1417 1458 1459
f 1417 1459 1418
f 1418 1459 1460
f 1418 1460 1419
f 1419 1460 1461
f 1419 1461 1420
f 1420 1461 1462
f 1420 1462 1421
f 1421 1462 1463
f 1421 1463 1422
f 1422 1463 1464
f 1422 1464 1423
f 1423 1464 1465
f 1423 1465 1424
f 1424 1465 1466
f 1424 1466 1425
f 1425 1466 1467
f 1425 1467 1426
f 1426 1467 1468
f 1426 1468 1427
f 1427 1468 1469
f 1427 1469 1428
f 1428 1469 1470
f 1428 1470 1429
f 1429 1470 1471
f 1429 1471 1430
f 1430 1471 1472
f 1430 1472 1431
f 1431 1472 1473
f 1431 1473 1432
f 1432 1473 1474
f 1432 1474 1433
f 1433 1474 1475
f 1433 1475 1434
f 1434 1475 1476
f 1434 1476 1435
f 1436 1477 1478
f 1436 1478 1437
f 1437 1478 1479
f 1437 1479 1438
f 1438 1479 1480
f 1438 1480 1439
f 1439 1480 1481
f 1439 1481 1440
f 1440 1481 1482
f 1440 1482 1441
f 1441 1482 1483
f 1441 1483 1442
f 1442 1483 1484
f 1442 1484 1443
f 1443 1484 1485
f 1443 1485 1444
f 1444 1485 1486
f 1444 1486 1445
f 1445 1486 1487
f 1445 1487 1446
f 1446 1487 1488
f 1446 1488 1447
f 1447 1488 1489
f 1447 1489 1448
f 1448 1489 1490
f 1448 1490 1449
f 1449 1490 1491
f 1449 1491 1450
f 1450 1491 1492
f 1450 1492 1451
f 1451 1492 1493
f 1451 1493 1452
f 1452 1493 1494
f 1452 1494 1453
f 1453 1494 1495
f 1453 1495 1454
f 1454 1495 1496
f 1454 1496 1455
f 1455 1496 1497
f 1455 1497 1456
f 1456 1497 1498
f 1456 1498 1457
f 1457 1498 1499
f 1457 1499 1458
f 1458 1499 1500
f 1458 1500 1459
f 1459 1500 1501
f 1459 1501 1460
f 1460 1501 1502
f 1460 1502 1461
f 1461 1502 1503
f 1461 1503 1462
f 1462 1503 1504
f 1462 1504 1463
f 1463 1504 1505
f 1463 1505 1464
f 1464 1505 1506
f 1464 1506 1465
f 1465 1506 1507
f 1465 1507 1466
f 1466 1507 1508
f 1466 1508 1467
f 1467 1508 1509
f 1467 1509 1468
f 1468 1509 1510
f 1468 1510 1469
f 1469 1510 1511
f 1469 1511 1470
f 1470 1511 1512
f 1470 1512 1471
f 1471 1512 1513
f 1471 1513 1472
f 1472 1513 1514
f 1472 1514 1473
f 1473 1514 1515
f 1473 1515 1474
f 1474 1515 1516
f 1474 1516 1475
f 1475 1516 1517
f 1475 1517 1476
f 1477 1518 1519
f 1477 1519 1478
f 1478 1519 1520
f 1478 1520 1479
f 1479 1520 1521
f 1479 1521 1480
f 1480 1521 1522
f 1480 1522 1481
f 1481 1522 1523
f 1481 1523 1482
f 1482 1523 1524
f 1482 1524 1483
f 1483 1524 1525
f 1483 1525 1484
f 1484 1525 1526
f 1484 1526 1485
f 1485 1526 1527
f 1485 1527 1486
f 1486 1527 1528
f 1486 1528 1487
f 1487 1528 1529
f 1487 1529 1488
f 1488 1529 1530
f 1488 1530 1489
f 1489 1530 1531
f 1489 1531 1490
f 1490 1531 1532
f 1490 1532 1491
f 1491 1532 1533
f 1491 1533 1492
f 1492 1533 1534
f 1492 1534 1493
f 1493 1534 1535
f 1493 1535 1494
f 1494 1535 1536
f 1494 1536 1495
f 1495 1536 1537
f 1495 1537 1496
f 1496 1537 1538
f 1496 1538 1497
f 1497 1538 1539
f 1497 1539 1498
f 1498 1539 1540
f 1498 1540 1499
f 1499 1540 1541
f 1499 1541 1500
f 1500 1541 1542
f 1500 1542 1501
f 1501 1542 1543
f 1501 1543 1502
f 1502 1543 1544
f 1502 1544 1503
f 1503 1544 1545
f 1503 1545 1504
f 1504 1545 1546
f 1504 1546 1505
f 1505 1546 1547
f 1505 1547 1506
f 1506 1547 1548
f 1506 1548 1507
f 1507 1548 1549
f 1507 1549 1508
f 1508 1549 1550
f 1508 1550 1509
f 1509 1550 1551
f 1509 1551 1510
f 1510 1551 1552
f 1510 1552 1511
f 1511 1552 1553
f 1511 1553 1512
f 1512 1553 1554
f 1512 1554 1513
f 1513 1554 1555
f 1513 1555 1514
f 1514 1555 1556
f 1514 1556 1515
f 1515 1556 1557
f 1515 1557 1516
f 1516 1557 1558
f 1516 1558 1517
f 1518 1559 1560
f 1518 1560 1519
f 1519 1560 1561
f 1519 1561 1520
f 1520 1561 1562
f 1520 1562 1521
f 1521 1562 1563
f 1521 1563 1522
f 1522 1563 1564
f 1522 1564 1523
f 1523 1564 1565
f 1523 1565 1524
f 1524 1565 1566
f 1524 1566 1525
f 1525 1566 1567
f 1525 1567 1526
f 1526 1567 1568
f 1526 1568 1527
f 1527 1568 1569
f 1527 1569 1528
f 1528 1569 1570
f 1528 1570 1529
f 1529 1570 1571
f 1529 1571 1530
f 1530 1571 1572
f 1530 1572 1531
f 1531 1572 1573
f 1531 1573 1532
f 1532 1573 1574
f 1532 1574 1533
f 1533 1574 1575
f 1533 1575 1534
f 1534 1575 1576
f 1534 1576 1535
f 1535 1576 1577
f 1535 1577 1536
f 1536 1577 1578
f 1536 1578 1537
f 1537 1578 1579
f 1537 1579 1538
f 1538 1579 1580
f 1538 1580 1539
f 1539 1580 1581
f 1539 1581 1540
f 1540 1581 1582
f 1540 1582 1541
f 1541 1582 1583
f 1541 1583 1542
f 1542 1583 1584
f 1542 1584 1543
f 1543 1584 1585
f 1543 1585 1544
f 1544 1585 1586
f 1544 1586 1545
f 1545 1586 1587
f 1545 1587 1546
f 1546 1587 1588
f 1546 1588 1547
f 1547 1588 1589
f 1547 1589 1548
f 1548 1589 1590
f 1548 1590 1549
f 1549 1590 1591
f 1549 1591 1550
f 1550 1591 1592
f 1550 1592 1551
f 1551 1592 1593
f 1551 1593 1552
f 1552 1593 1594
f 1552 1594 1553
f 1553 1594 1595
f 1553 1595 1554
f 1554 1595 1596
f 1554 1596 1555
f 1555 1596 1597
f 1555 1597 1556
f 1556 1597 1598
f 1556 1598 1557
f 1557 1598 1599
f 1557 1599 1558
f 1559 1600 1601
f 1559 1601 1560
f 1560 1601 1602
f 1560 1602 1561
f 1561 1602 1603
f 1561 1603 1562
f 1562 1603 1604
f 1562 1604 1563
f 1563 1604 1605
f 1563 1605 1564
f 1564 1605 1606
f 1564 1606 1565
f 1565 1606 1607
f 1565 1607 1566
f 1566 1607 1608
f 1566 1608 1567
f 1567 1608 1609
f 1567 1609 1568
f 1568 1609 1610
f 1568 1610 1569
f 1569 1610 1611
f 1569 1611 1570
f 1570 1611 1612
f 1570 1612 1571
f 1571 1612 1613
f 1571 1613 1572
f 1572 1613 1614
f 1572 1614 1573
f 1573 1614 1615
f 1573 1615 1574
f 1574 1615 1616
f 1574 1616 1575
f 1575 1616 1617
f 1575 1617 1576
f 1576 1617 1618
f 1576 1618 1577
f 1577 1618 1619
f 1577 1619 1578
f 1578 1619 1620
f 1578 1620 1579
f 1579 1620 1621
f 1579 1621 1580
f 1580 1621 1622
f 1580 1622 1581
f 1581 1622 1623
f 1581 1623 1582
f 1582 1623 1624
f 1582 1624 1583
f 1583 1624 1625
f 1583 1625 1584
f 1584 1625 1626
f 1584 1626 1585
f 1585 1626 1627
f 1585 1627 1586
f 1586 1627 1628
f 1586 1628 1587
f 1587 1628 1629
f 1587 1629 1588
f 1588 1629 1630
f 1588 1630 1589
f 1589 1630 1631
f 1589 1631 1590
f 1590 1631 1632
f 1590 1632 1591
f 1591 1632 1633
f 1591 1633 1592
f 1592 1633 1634
f 1592 1634 1593
f 1593 1634 1635
f 1593 1635 1594
f 1594 1635 1636
f 1594 1636 1595
f 1595 1636 1637
f 1595 1637 1596
f 1596 1637 1638
f 1596 1638 1597
f 1597 1638 1639
f 1597 1639 1598
f 1598 1639 1640
f 1598 1640 1599
f 1600 1641 1642
f 1600 1642 1601
f 1601 1642 1643
f 1601 1643 1602
f 1602 1643 1644
f 1602 1644 1603
f 1603 1644 1645
f 1603 1645 1604
f 1604 1645 1646
f 1604 1646 1605
f 1605 1646 1647
f 1605 1647 1606
f 1606 1647 1648
f 1606 1648 1607
f 1607 1648 1649
f 1607 1649 1608
f 1608 1649 1650
f 1608 1650 1609
f 1609 1650 1651
f 1609 1651 1610
f 1610 1651 1652
f 1610 1652 1611
f 1611 1652 1653
f 1611 1653 1612
f 1612 1653 1654
f 1612 1654 1613
f 1613 1654 1655
f 1613 1655 1614
f 1614 1655 1656
f 1614 1656 1615
f 1615 1656 1657
f 1615 1657 1616
f 1616 1657 1658
f 1616 1658 1617
f 1617 1658 1659
f 1617 1659 1618
f 1618 1659 1660
f 1618 1660 1619
f 1619 1660 1661
f 1619 1661 1620
f 1620 1661 1662
f 1620 1662 1621
f 1621 1662 1663
f 1621 1663 1622
f 1622 1663 1664
f 1622 1664 1623
f 1623 1664 1665
f 1623 1665 1624
f 1624 1665 1666
f 1624 1666 1625
f 1625 1666 1667
f 1625 1667 1626
f 1626 1667 1668
f 1626 1668 1627
f 1627 1668 1669
f 1627 1669 1628
f 1628 1669 1670
f 1628 1670 1629
f 1629 1670 1671
f 1629 1671 1630
f 1630 1671 1672
f 1630 1672 1631
f 1631 1672 1673
f 1631 1673 1632
f 1632 1673 1674
f 1632 1674 1633
f 1633 1674 1675
f 1633 1675 1634
f 1634 1675 1676
f 1634 1676 1635
f 1635 1676 1677
f 1635 1677 1636
f 1636 1677 1678
f 1636 1678 1637
f 1637 1678 1679
f 1637 1679 1638
f 1638 1679 1680
f 1638 1680 1639
f 1639 1680 1681
f 1639 1681 1640
f 1641 1682 1683
f 1641 1683 1642
f 1642 1683 1684
f 1642 1684 1643
f 1643 1684 1685
f 1643 1685 1644
f 1644 1685 1686
f 1644 1686 1645
f 1645 1686 1687
f 1645 1687 1646
f 1646 1687 1688
f 1646 1688 1647
f 1647 1688 1689
f 1647 1689 1648
f 1648 1689 1690
f 1648 1690 1649
f 1649 1690 1691
f 1649 1691 1650
f 1650 1691 1692
f 1650 1692 1651
f 1651 1692 1693
f 1651 1693 1652
f 1652 1693 1694
f 1652 1694 1653
f 1653 1694 1695
f 1653 1695 1654
f 1654 1695 1696
f 1654 1696 1655
f 1655 1696 1697
f 1655 1697 1656
f 1656 1697 1698
f 1656 1698 1657
f 1657 1698 1699
f 1657 1699 1658
f 1658 1699 1700
f 1658 1700 1659
f 1659 1700 1701
f 1659 1701 1660
f 1660 1701 1702
f 1660 1702 1661
f 1661 1702 1703
f 1661 1703 1662
f 1662 1703 1704
f 1662 1704 1663
f 1663 1704 1705
f 1663 1705 1664
f 1664 1705 1706
f 1664 1706 1665
f 1665 1706 1707
f 1665 1707 1666
f 1666 1707 1708
f 1666 1708 1667
f 1667 1708 1709
f 1667 1709 1668
f 1668 1709 1710
f 1668 1710 1669
f 1669 1710 1711
f 1669 1711 1670
f 1670 1711 1712
f 1670 1712 1671
f 1671 1712 1713
f 1671 1713 1672
f 1672 1713 1714
f 1672 1714 1673
f 1673 1714 1715
f 1673 1715 1674
f 1674 1715 1716
f 1674 1716 1675
f 1675 1716 1717
f 1675 1717 1676
f 1676 1717 1718
f 1676 1718 1677
f 1677 1718 1719
f 1677 1719 1678
f 1678 1719 1720
f 1678 1720 1679
f 1679 1720 1721
f 1679 1721 1680
f 1680 1721 1722
f 1680 1722 1681
f 1682 1723 1724
f 1682 1724 1683
f 1683 1724 1725
f 1683 1725 1684
f 1684 1725 1726
f 1684 1726 1685
f 1685 1726 1727
f 1685 1727 1686
f 1686 1727 1728
f 1686 1728 1687
f 1687 1728 1729
f 1687 1729 1688
f 1688 1729 1730
f 1688 1730 1689
f 1689 1730 1731
f 1689 1731 1690
f 1690 1731 1732
f 1690 1732 1691
f 1691 1732 1733
f 1691 1733 1692
f 1692 1733 1734
f 1692 1734 1693
f 1693 1734 1735
f 1693 1735 1694
f 1694 1735 1736
f 1694 1736 1695
f 1695 1736 1737
f 1695 1737 1696
f 1696 1737 1738
f 1696 1738 1697
f 1697 1738 1739
f 1697 1739 1698
f 1698 1739 1740
f 1698 1740 1699
f 1699 1740 1741
f 1699 1741 1700
f 1700 1741 1742
f 1700 1742 1701
f 1701 1742 1743
f 1701 1743 1702
f 1702 1743 1744
f 1702 1744 1703
f 1703 1744 1745
f 1703 1745 1704
f 1704 1745 1746
f 1704 1746 1705
f 1705 1746 1747
f 1705 1747 1706
f 1706 1747 1748
f 1706 1748 1707
f 1707 1748 1749
f 1707 1749 1708
f 1708 1749 1750
f 1708 1750 1709
f 1709 1750 1751
f 1709 1751 1710
f 1710 1751 1752
f 1710 1752 1711
f 1711 1752 1753
f 1711 1753 1712
f 1712 1753 1754
f 1712 1754 1713
f 1713 1754 1755
f 1713 1755 1714
f 1714 1755 1756
f 1714 1756 1715
f 1715 1756 1757
f 1715 1757 1716
f 1716 1757 1758
f 1716 1758 1717
f 1717 1758 1759
f 1717 1759 1718
f 1718 1759 1760
f 1718 1760 1719
f 1719 1760 1761
f 1719 1761 1720
f 1720 1761 1762
f 1720 1762 1721
f 1721 1762 1763
f 1721 1763 1722
f 1723 1764 1765
f 1723 1765 1724
f 1724 1765 1766
f 1724 1766 1725
f 1725 1766 1767
f 1725 1767 1726
f 1726 1767 1768
f 1726 1768 1727
f 1727 1768 1769
f 1727 1769 1728
f 1728 1769 1770
f 1728 1770 1729
f 1729 1770 1771
f 1729 1771 1730
f 1730 1771 1772
f 1730 1772 1731
f 1731 1772 1773
f 1731 1773 1732
f 1732 1773 1774
f 1732 1774 1733
f 1733 1774 1775
f 1733 1775 1734
f 1734 1775 1776
f 1734 1776 1735
f 1735 1776 1777
f 1735 1777 1736
f 1736 1777 1778
f 1736 1778 1737
f 1737 1778 1779
f 1737 1779 1738
f 1738 1779 1780
f 1738 1780 1739
f 1739 1780 1781
f 1739 1781 1740
f 1740 1781 1782
f 1740 1782 1741
f 1741 1782 1783
f 1741 1783 1742
f 1742 1783 1784
f 1742 1784 1743
f 1743 1784 1785
f 1743 1785 1744
f 1744 1785 1786
f 1744 1786 1745
f 1745 1786 1787
f 1745 1787 1746
f 1746 1787 1788
f 1746 1788 1747
f 1747 1788 1789
f 1747 1789 1748
f 1748 1789 1790
f 1748 1790 1749
f 1749 1790 1791
f 1749 1791 1750
f 1750 1791 1792
f 1750 1792 1751
f 1751 1792 1793
f 1751 1793 1752
f 1752 1793 1794
f 1752 1794 1753
f 1753 1794 1795
f 1753 1795 1754
f 1754 1795 1796
f 1754 1796 1755
f 1755 1796 1797
f 1755 1797 1756
f 1756 1797 1798
f 1756 1798 1757
f 1757 1798 1799
f 1757 1799 1758
f 1758 1799 1800
f 1758 1800 1759
f 1759 1800 1801
f 1759 1801 1760
f 1760 1801 1802
f 1760 1802 1761
f 1761 1802 1803
f 1761 1803 1762
f 1762 1803 1804
f 1762 1804 1763
f 1764 1805 1806
f 1764 1806 1765
f 1765 1806 1807
f 1765 1807 1766
f 1766 1807 1808
f 1766 1808 1767
f 1767 1808 1809
f 1767 1809 1768
f 1768 1809 1810
f 1768 1810 1769
f 1769 1810 1811
f 1769 1811 1770
f 1770 1811 1812
f 1770 1812 1771
f 1771 1812 1813
f 1771 1813 1772
f 1772 1813 1814
f 1772 1814 1773
f 1773 1814 1815
f 1773 1815 1774
f 1774 1815 1816
f 1774 1816 1775
f 1775 1816 1817
f 1775 1817 1776
f 1776 1817 1818
f 1776 1818 1777
f 1777 1818 1819
f 1777 1819 1778
f 1778 1819 1820
f 1778 1820 1779
f 1779 1820 1821
f 1779 1821 1780
f 1780 1821 1822
f 1780 1822 1781
f 1781 1822 1823
f 1781 1823 1782
f 1782 1823 1824
f 1782 1824 1783
f 1783 1824 1825
f 1783 1825 1784
f 1784 1825 1826
f 1784 1826 1785
f 1785 1826 1827
f 1785 1827 1786
f 1786 1827 1828
f 1786 1828 1787
f 1787 1828 1829
f 1787 1829 1788
f 1788 1829 1830
f 1788 1830 1789
f 1789 1830 1831
f 1789 1831 1790
f 1790 1831 1832
f 1790 1832 1791
f 1791 1832 1833
f 1791 1833 1792
f 1792 1833 1834
f 1792 1834 1793
f 1793 1834 1835
f 1793 1835 1794
f 1794 1835 1836
f 1794 1836 1795
f 1795 1836 1837
f 1795 1837 1796
f 1796 1837 1838
f 1796 1838 1797
f 1797 1838 1839
f 1797 1839 1798
f 1798 1839 1840
f 1798 1840 1799
f 1799 1840 1841
f 1799 1841 1800
f 1800 1841 1842
f 1800 1842 1801
f 1801 1842 1843
f 1801 1843 1802
f 1802 1843 1844
f 1802 1844 1803
f 1803 1844 1845
f 1803 1845 1804
f 1805 1846 1847
f 1805 1847 1806
f 1806 1847 1848
f 1806 1848 1807
f 1807 1848 1849
f 1807 1849 1808
f 1808 1849 1850
f 1808 1850 1809
f 1809 1850 1851
f 1809 1851 1810
f 1810 1851 1852
f 1810 1852 1811
f 1811 1852 1853
f 1811 1853 1812
f 1812 1853 1854
f 1812 1854 1813
f 1813 1854 1855
f 1813 1855 1814
f 1814 1855 1856
f 1814 1856 1815
f 1815 1856 1857
f 1815 1857 1816
f 1816 1857 1858
f 1816 1858 1817
f 1817 1858 1859
f 1817 1859 1818
f 1818 1859 1860
f 1818 1860 1819
f 1819 1860 1861
f 1819 1861 1820
f 1820 1861 1862
f 1820 1862 1821
f 1821 1862 1863
f 1821 1863 1822
f 1822 1863 1864
f 1822 1864 1823
f 1823 1864 1865
f 1823 1865 1824
f 1824 1865 1866
f 1824 1866 1825
f 1825 1866 1867
f 1825 1867 1826
f 1826 1867 1868
f 1826 1868 1827
f 1827 1868 1869
f 1827 1869 1828
f 1828 1869 1870
f 1828 1870 1829
f 1829 1870 1871
f 1829 1871 1830
f 1830 1871 1872
f 1830 1872 1831
f 1831 1872 1873
f 1831 1873 1832
f 1832 1873 1874
f 1832 1874 1833
f 1833 1874 1875
f 1833 1875 1834
f 1834 1875 1876
f 1834 1876 1835
f 1835 1876 1877
f 1835 1877 1836
f 1836 1877 1878
f 1836 1878 1837
f 1837 1878 1879
f 1837 1879 1838
f 1838 1879 1880
f 1838 1880 1839
f 1839 1880 1881
f 1839 1881 1840
f 1840 1881 1882
f 1840 1882 1841
f 1841 1882 1883
f 1841 1883 1842
f 1842 1883 1884
f 1842 1884 1843
f 1843 1884 1885
f 1843 1885 1844
f 1844 1885 1886
f 1844 1886 1845
f 1846 1887 1888
f 1846 1888 1847
f 1847 1888 1889
f 1847 1889 1848
f 1848 1889 1890
f 1848 1890 1849
f 1849 1890 1891
f 1849 1891 1850
f 1850 1891 1892
f 1850 1892 1851
f 1851 1892 1893
f 1851 1893 1852
f 1852 1893 1894
f 1852 1894 1853
f 1853 1894 1895
f 1853 1895 1854
f 1854 1895 1896
f 1854 1896 1855
f 1855 1896 1897
f 1855 1897 1856
f 1856 1897 1898
f 1856 1898 1857
f 1857 1898 1899
f 1857 1899 1858
f 1858 1899 1900
f 1858 1900 1859
f 1859 1900 1901
f 1859 1901 1860
f 1860 1901 1902
f 1860 1902 1861
f 1861 1902 1903
f 1861 1903 1862
f 1862 1903 1904
f 1862 1904 1863
f 1863 1904 1905
f 1863 1905 1864
f 1864 1905 1906
f 1864 1906 1865
f 1865 1906 1907
f 1865 1907 1866
f 1866 1907 1908
f 1866 1908 1867
f 1867 1908 1909
f 1867 1909 1868
f 1868 1909 1910
f 1868 1910 1869
f 1869 1910 1911
f 1869 1911 1870
f 1870 1911 1912
f 1870 1912 1871
f 1871 1912 1913
f 1871 1913 1872
f 1872 1913 1914
f 1872 1914 1873
f 1873 1914 1915
f 1873 1915 1874
f 1874 1915 1916
f 1874 1916 1875
f 1875 1916 1917
f 1875 1917 1876
f 1876 1917 1918
f 1876 1918 1877
f 1877 1918 1919
f 1877 1919 1878
f 1878 1919 1920
f 1878 1920 1879
f 1879 1920 1921
f 1879 1921 1880
f 1880 1921 1922
f 1880 1922 1881
f 1881 1922 1923
f 1881 1923 1882
f 1882 1923 1924
f 1882 1924 1883
f 1883 1924 1925
f 1883 1925 1884
f 1884 1925 1926
f 1884 1926 1885
f 1885 1926 1927
f 1885 1927 1886
f 1887 1928 1929
f 1887 1929 1888
f 1888 1929 1930
f 1888 1930 1889
f 1889 1930 1931
f 1889 1931 1890
f 1890 1931 1932
f 1890 1932 1891
f 1891 1932 1933
f 1891 1933 1892
f 1892 1933 1934
f 1892 1934 1893
f 1893 1934 1935
f 1893 1935 1894
f 1894 1935 1936
f 1894 1936 1895
f 1895 1936 1937
f 1895 1937 1896
f 1896 1937 1938
f 1896 1938 1897
f 1897 1938 1939
f 1897 1939 1898
f 1898 1939 1940
f 1898 1940 1899
f 1899 1940 1941
f 1899 1941 1900
f 1900 1941 1942
f 1900 1942 1901
f 1901 1942 1943
f 1901 1943 1902
f 1902 1943 1944
f 1902 1944 1903
f 1903 1944 1945
f 1903 1945 1904
f 1904 1945 1946
f 1904 1946 1905
f 1905 1946 1947
f 1905 1947 1906
f 1906 1947 1948
f 1906 1948 1907
f 1907 1948 1949
f 1907 1949 1908
f 1908 1949 1950
f 1908 1950 1909
f 1909 1950 1951
f 1909 1951 1910
f 1910 1951 1952
f 1910 1952 1911
f 1911 1952 1953
f 1911 1953 1912
f 1912 1953 1954
f 1912 1954 1913
f 1913 1954 1955
f 1913 1955 1914
f 1914 1955 1956
f 1914 1956 1915
f 1915 1956 1957
f 1915 1957 1916
f 1916 1957 1958
f 1916 1958 1917
f 1917 1958 1959
f 1917 1959 1918
f 1918 1959 1960
f 1918 1960 1919
f 1919 1960 1961
f 1919 1961 1920
f 1920 1961 1962
f 1920 1962 1921
f 1921 1962 1963
f 1921 1963 1922
f 1922 1963 1964
f 1922 1964 1923
f 1923 1964 1965
f 1923 1965 1924
f 1924 1965 1966
f 1924 1966 1925
f 1925 1966 1967
f 1925 1967 1926
f 1926 1967 1968
f 1926 1968 1927
f 1928 1969 1970
f 1928 1970 1929
f 1929 1970 1971
f 1929 1971 1930
f 1930 1971 1972
f 1930 1972 1931
f 1931 1972 1973
f 1931 1973 1932
f 1932 1973 1974
f 1932 1974 1933
f 1933 1974 1975
f 1933 1975 1934
f 1934 1975 1976
f 1934 1976 1935
f 1935 1976 1977
f 1935 1977 1936
f 1936 1977 1978
f 1936 1978 1937
f 1937 1978 1979
f 1937 1979 1938
f 1938 1979 1980
f 1938 1980 1939
f 1939 1980 1981
f 1939 1981 1940
f 1940 1981 1982
f 1940 1982 1941
f 1941 1982 1983
f 1941 1983 1942
f 1942 1983 1984
f 1942 1984 1943
f 1943 1984 1985
f 1943 1985 1944
f 1944 1985 1986
f 1944 1986 1945
f 1945 1986 1987
f 1945 1987 1946
f 1946 1987 1988
f 1946 1988 1947
f 1947 1988 1989
f 1947 1989 1948
f 1948 1989 1990
f 1948 1990 1949
f 1949 1990 1991
f 1949 1991 1950
f 1950 1991 1992
f 1950 1992 1951
f 1951 1992 1993
f 1951 1993 1952
f 1952 1993 1994
f 1952 1994 1953
f 1953 1994 1995
f 1953 1995 1954
f 1954 1995 1996
f 1954 1996 1955
f 1955 1996 1997
f 1955 1997 1956
f 1956 1997 1998
f 1956 1998 1957
f 1957 1998 1999
f 1957 1999 1958
f 1958 1999 2000
f 1958 2000 1959
f 1959 2000 2001
f 1959 2001 1960
f 1960 2001 2002
f 1960 2002 1961
f 1961 2002 2003
f 1961 2003 1962
f 1962 2003 2004
f 1962 2004 1963
f 1963 2004 2005
f 1963 2005 1964
f 1964 2005 2006
f 1964 2006 1965
f 1965 2006 2007
f 1965 2007 1966
f 1966 2007 2008
f 1966 2008 1967
f 1967 2008 2009
f 1967 2009 1968
f 1969 2010 2011
f 1969 2011 1970
f 1970 2011 2012
f 1970 2012 1971
f 1971 2012 2013
f 1971 2013 1972
f 1972 2013 2014
f 1972 2014 1973
f 1973 2014 2015
f 1973 2015 1974
f 1974 2015 2016
f 1974 2016 1975
f 1975 2016 2017
f 1975 2017 1976
f 1976 2017 2018
f 1976 2018 1977
f 1977 2018 2019
f 1977 2019 1978
f 1978 2019 2020
f 1978 2020 1979
f 1979 2020 2021
f 1979 2021 1980
f 1980 2021 2022
f 1980 2022 1981
f 1981 2022 2023
f 1981 2023 1982
f 1982 2023 2024
f 1982 2024 1983
f 1983 2024 2025
f 1983 2025 1984
f 1984 2025 2026
f 1984 2026 1985
f 1985 2026 2027
f 1985 2027 1986
f 1986 2027 2028
f 1986 2028 1987
f 1987 2028 2029
f 1987 2029 1988
f 1988 2029 2030
f 1988 2030 1989
f 1989 2030 2031
f 1989 2031 1990
f 1990 2031 2032
f 1990 2032 1991
f 1991 2032 2033
f 1991 2033 1992
f 1992 2033 2034
f 1992 2034 1993
f 1993 2034 2035
f 1993 2035 1994
f 1994 2035 2036
f 1994 2036 1995
f 1995 2036 2037
f 1995 2037 1996
f 1996 2037 2038
f 1996 2038 1997
f 1997 2038 2039
f 1997 2039 1998
f 1998 2039 2040
f 1998 2040 1999
f 1999 2040 2041
f 1999 2041 2000
f 2000 2041 2042
f 2000 2042 2001
f 2001 2042 2043
f 2001 2043 2002
f 2002 2043 2044
f 2002 2044 2003
f 2003 2044 2045
f 2003 2045 2004
f 2004 2045 2046
f 2004 2046 2005
f 2005 2046 2047
f 2005 2047 2006
f 2006 2047 2048
f 2006 2048 2007
f 2007 2048 2049
f 2007 2049 2008
f 2008 2049 2050
f 2008 2050 2009
f 2010 2051 2052
f 2010 2052 2011
f 2011 2052 2053
f 2011 2053 2012
f 2012 2053 2054
f 2012 2054 2013
f 2013 2054 2055
f 2013 2055 2014
f 2014 2055 2056
f 2014 2056 2015
f 2015 2056 2057
f 2015 2057 2016
f 2016 2057 2058
f 2016 2058 2017
f 2017 2058 2059
f 2017 2059 2018
f 2018 2059 2060
f 2018 2060 2019
f 2019 2060 2061
f 2019 2061 2020
f 2020 2061 2062
f 2020 2062 2021
f 2021 2062 2063
f 2021 2063 2022
f 2022 2063 2064
f 2022 2064 2023
f 2023 2064 2065
f 2023 2065 2024
f 2024 2065 2066
f 2024 2066 2025
f 2025 2066 2067
f 2025 2067 2026
f 2026 2067 2068
f 2026 2068 2027
f 2027 2068 2069
f 2027 2069 2028
f 2028 2069 2070
f 2028 2070 2029
f 2029 2070 2071
f 2029 2071 2030
f 2030 2071 2072
f 2030 2072 2031
f 2031 2072 2073
f 2031 2073 2032
f 2032 2073 2074
f 2032 2074 2033
f 2033 2074 2075
f 2033 2075 2034
f 2034 2075 2076
f 2034 2076 2035
f 2035 2076 2077
f 2035 2077 2036
f 2036 2077 2078
f 2036 2078 2037
f 2037 2078 2079
f 2037 2079 2038
f 2038 2079 2080
f 2038 2080 2039
f 2039 2080 2081
f 2039 2081 2040
f 2040 2081 2082
f 2040 2082 2041
f 2041 2082 2083
f 2041 2083 2042
f 2042 2083 2084
f 2042 2084 2043
f 2043 2084 2085
f 2043 2085 2044
f 2044 2085 2086
f 2044 2086 2045
f 2045 2086 2087
f 2045 2087 2046
f 2046 2087 2088
f 2046 2088 2047
f 2047 2088 2089
f 2047 2089 2048
f 2048 2089 2090
f 2048 2090 2049
f 2049 2090 2091
f 2049 2091 2050
f 2051 2092 2093
f 2051 2093 2052
f 2052 2093 2094
f 2052 2094 2053
f 2053 2094 2095
f 2053 2095 2054
f 2054 2095 2096
f 2054 2096 2055
f 2055 2096 2097
f 2055 2097 2056
f 2056 2097 2098
f 2056 2098 2057
f 2057 2098 2099
f 2057 2099 2058
f 2058 2099 2100
f 2058 2100 2059
f 2059 2100 2101
f 2059 2101 2060
f 2060 2101 2102
f 2060 2102 2061
f 2061 2102 2103
f 2061 2103 2062
f 2062 2103 2104
f 2062 2104 2063
f 2063 2104 2105
f 2063 2105 2064
f 2064 2105 2106
f 2064 2106 2065
f 2065 2106 2107
f 2065 2107 2066
f 2066 2107 2108
f 2066 2108 2067
f 2067 2108 2109
f 2067 2109 2068
f 2068 2109 2110
f 2068 2110 2069
f 2069 2110 2111
f 2069 2111 2070
f 2070 2111 2112
f 2070 2112 2071
f 2071 2112 2113
f 2071 2113 2072
f 2072 2113 2114
f 2072 2114 2073
f 2073 2114 2115
f 2073 2115 2074
f 2074 2115 2116
f 2074 2116 2075
f 2075 2116 2117
f 2075 2117 2076
f 2076 2117 2118
f 2076 2118 2077
f 2077 2118 2119
f 2077 2119 2078
f 2078 2119 2120
f 2078 2120 2079
f 2079 2120 2121
f 2079 2121 2080
f 2080 2121 2122
f 2080 2122 2081
f 2081 2122 2123
f 2081 2123 2082
f 2082 2123 2124
f 2082 2124 2083
f 2083 2124 2125
f 2083 2125 2084
f 2084 2125 2126
f 2084 2126 2085
f 2085 2126 2127
f 2085 2127 2086
f 2086 2127 2128
f 2086 2128 2087
f 2087 2128 2129
f 2087 2129 2088
f 2088 2129 2130
f 2088 2130 2089
f 2089 2130 2131
f 2089 2131 2090
f 2090 2131 2132
f 2090 2132 2091
f 2092 2133 2134
f 2092 2134 2093
f 2093 2134 2135
f 2093 2135 2094
f 2094 2135 2136
f 2094 2136 2095
f 2095 2136 2137
f 2095 2137 2096
f 2096 2137 2138
f 2096 2138 2097
f 2097 2138 2139
f 2097 2139 2098
f 2098 2139 2140
f 2098 2140 2099
f 2099 2140 2141
f 2099 2141 2100
f 2100 2141 2142
f 2100 2142 2101
f 2101 2142 2143
f 2101 2143 2102
f 2102 2143 2144
f 2102 2144 2103
f 2103 2144 2145
f 2103 2145 2104
f 2104 2145 2146
f 2104 2146 2105
f 2105 2146 2147
f 2105 2147 2106
f 2106 2147 2148
f 2106 2148 2107
f 2107 2148 2149
f 2107 2149 2108
f 2108 2149 2150
f 2108 2150 2109
f 2109 2150 2151
f 2109 2151 2110
f 2110 2151 2152
f 2110 2152 2111
f 2111 2152 2153
f 2111 2153 2112
f 2112 2153 2154
f 2112 2154 2113
f 2113 2154 2155
f 2113 2155 2114
f 2114 2155 2156
f 2114 2156 2115
f 2115 2156 2157
f 2115 2157 2116
f 2116 2157 2158
f 2116 2158 2117
f 2117 2158 2159
f 2117 2159 2118
f 2118 2159 2160
f 2118 2160 2119
f 2119 2160 2161
f 2119 2161 2120
f 2120 2161 2162
f 2120 2162 2121
f 2121 2162 2163
f 2121 2163 2122
f 2122 2163 2164
f 2122 2164 2123
f 2123 2164 2165
f 2123 2165 2124
f 2124 2165 2166
f 2124 2166 2125
f 2125 2166 2167
f 2125 2167 2126
f 2126 2167 2168
f 2126 2168 2127
f 2127 2168 2169
f 2127 2169 2128
f 2128 2169 2170
f 2128 2170 2129
f 2129 2170 2171
f 2129 2171 2130
f 2130 2171 2172
f 2130 2172 2131
f 2131 2172 2173
f 2131 2173 2132
f 2133 2174 2175
f 2133 2175 2134
f 2134 2175 2176
f 2134 2176 2135
f 2135 2176 2177
f 2135 2177 2136
f 2136 2177 2178
f 2136 2178 2137
f 2137 2178 2179
f 2137 2179 2138
f 2138 2179 2180
f 2138 2180 2139
f 2139 2180 2181
f 2139 2181 2140
f 2140 2181 2182
f 2140 2182 2141
f 2141 2182 2183
f 2141 2183 2142
f 2142 2183 2184
f 2142 2184 2143
f 2143 2184 2185
f 2143 2185 2144
f 2144 2185 2186
f 2144 2186 2145
f 2145 2186 2187
f 2145 2187 2146
f 2146 2187 2188
f 2146 2188 2147
f 2147 2188 2189
f 2147 2189 2148
f 2148 2189 2190
f 2148 2190 2149
f 2149 2190 2191
f 2149 2191 2150
f 2150 2191 2192
f 2150 2192 2151
f 2151 2192 2193
f 2151 2193 2152
f 2152 2193 2194
f 2152 2194 2153
f 2153 2194 2195
f 2153 2195 2154
f 2154 2195 2196
f 2154 2196 2155
f 2155 2196 2197
f 2155 2197 2156
f 2156 2197 2198
f 2156 2198 2157
f 2157 2198 2199
f 2157 2199 2158
f 2158 2199 2200
f 2158 2200 2159
f 2159 2200 2201
f 2159 2201 2160
f 2160 2201 2202
f 2160 2202 2161
f 2161 2202 2203
f 2161 2203 2162
f 2162 2203 2204
f 2162 2204 2163
f 2163 2204 2205
f 2163 2205 2164
f 2164 2205 2206
f 2164 2206 2165
f 2165 2206 2207
f 2165 2207 2166
f 2166 2207 2208
f 2166 2208 2167
f 2167 2208 2209
f 2167 2209 2168
f 2168 2209 2210
f 2168 2210 2169
f 2169 2210 2211
f 2169 2211 2170
f 2170 2211 2212
f 2170 2212 2171
f 2171 2212 2213
f 2171 2213 2172
f 2172 2213 2214
f 2172 2214 2173
f 2174 2215 2216
f 2174 2216 2175
f 2175 2216 2217
f 2175 2217 2176
f 2176 2217 2218
f 2176 2218 2177
f 2177 2218 2219
f 2177 2219 2178
f 2178 2219 2220
f 2178 2220 2179
f 2179 2220 2221
f 2179 2221 2180
f 2180 2221 2222
f 2180 2222 2181
f 2181 2222 2223
f 2181 2223 2182
f 2182 2223 2224
f 2182 2224 2183
f 2183 2224 2225
f 2183 2225 2184
f 2184 2225 2226
f 2184 2226 2185
f 2185 2226 2227
f 2185 2227 2186
f 2186 2227 2228
f 2186 2228 2187
f 2187 2228 2229
f 2187 2229 2188
f 2188 2229 2230
f 2188 2230 2189
f 2189 2230 2231
f 2189 2231 2190
f 2190 2231 2232
f 2190 2232 2191
f 2191 2232 2233
f 2191 2233 2192
f 2192 2233 2234
f 2192 2234 2193
f 2193 2234 2235
f 2193 2235 2194
f 2194 2235 2236
f 2194 2236 2195
f 2195 2236 2237
f 2195 2237 2196
f 2196 2237 2238
f 2196 2238 2197
f 2197 2238 2239
f 2197 2239 2198
f 2198 2239 2240
f 2198 2240 2199
f 2199 2240 2241
f 2199 2241 2200
f 2200 2241 2242
f 2200 2242 2201
f 2201 2242 2243
f 2201 2243 2202
f 2202 2243 2244
f 2202 2244 2203
f 2203 2244 2245
f 2203 2245 2204
f 2204 2245 2246
f 2204 2246 2205
f 2205 2246 2247
f 2205 2247 2206
f 2206 2247 2248
f 2206 2248 2207
f 2207 2248 2249
f 2207 2249 2208
f 2208 2249 2250
f 2208 2250 2209
f 2209 2250 2251
f 2209 2251 2210
f 2210 2251 2252
f 2210 2252 2211
f 2211 2252 2253
f 2211 2253 2212
f 2212 2253 2254
f 2212 2254 2213
f 2213 2254 2255
f 2213 2255 2214
f 2215 2256 2257
f 2215 2257 2216
f 2216 2257 2258
f 2216 2258 2217
f 2217 2258 2259
f 2217 2259 2218
f 2218 2259 2260
f 2218 2260 2219
f 2219 2260 2261
f 2219 2261 2220
f 2220 2261 2262
f 2220 2262 2221
f 2221 2262 2263
f 2221 2263 2222
f 2222 2263 2264
f 2222 2264 2223
f 2223 2264 2265
f 2223 2265 2224
f 2224 2265 2266
f 2224 2266 2225
f 2225 2266 2267
f 2225 2267 2226
f 2226 2267 2268
f 2226 2268 2227
f 2227 2268 2269
f 2227 2269 2228
f 2228 2269 2270
f 2228 2270 2229
f 2229 2270 2271
f 2229 2271 2230
f 2230 2271 2272
f 2230 2272 2231
f 2231 2272 2273
f 2231 2273 2232
f 2232 2273 2274
f 2232 2274 2233
f 2233 2274 2275
f 2233 2275 2234
f 2234 2275 2276
f 2234 2276 2235
f 2235 2276 2277
f 2235 2277 2236
f 2236 2277 2278
f 2236 2278 2237
f 2237 2278 2279
f 2237 2279 2238
f 2238 2279 2280
f 2238 2280 2239
f 2239 2280 2281
f 2239 2281 2240
f 2240 2281 2282
f 2240 2282 2241
f 2241 2282 2283
f 2241 2283 2242
f 2242 2283 2284
f 2242 2284 2243
f 2243 2284 2285
f 2243 2285 2244
f 2244 2285 2286
f 2244 2286 2245
f 2245 2286 2287
f 2245 2287 2246
f 2246 2287 2288
f 2246 2288 2247
f 2247 2288 2289
f 2247 2289 2248
f 2248 2289 2290
f 2248 2290 2249
f 2249 2290 2291
f 2249 2291 2250
f 2250 2291 2292
f 2250 2292 2251
f 2251 2292 2293
f 2251 2293 2252
f 2252 2293 2294
f 2252 2294 2253
f 2253 2294 2295
f 2253 2295 2254
f 2254 2295 2296
f 2254 2296 2255
f 2256 2297 2298
f 2256 2298 2257
f 2257 2298 2299
f 2257 2299 2258
f 2258 2299 2300
f 2258 2300 2259
f 2259 2300 2301
f 2259 2301 2260
f 2260 2301 2302
f 2260 2302 2261
f 2261 2302 2303
f 2261 2303 2262
f 2262 2303 2304
f 2262 2304 2263
f 2263 2304 2305
f 2263 2305 2264
f 2264 2305 2306
f 2264 2306 2265
f 2265 2306 2307
f 2265 2307 2266
f 2266 2307 2308
f 2266 2308 2267
f 2267 2308 2309
f 2267 2309 2268
f 2268 2309 2310
f 2268 2310 2269
f 2269 2310 2311
f 2269 2311 2270
f 2270 2311 2312
f 2270 2312 2271
f 2271 2312 2313
f 2271 2313 2272
f 2272 2313 2314
f 2272 2314 2273
f 2273 2314 2315
f 2273 2315 2274
f 2274 2315 2316
f 2274 2316 2275
f 2275 2316 2317
f 2275 2317 2276
f 2276 2317 2318
f 2276 2318 2277
f 2277 2318 2319
f 2277 2319 2278
f 2278 2319 2320
f 2278 2320 2279
f 2279 2320 2321
f 2279 2321 2280
f 2280 2321 2322
f 2280 2322 2281
f 2281 2322 2323
f 2281 2323 2282
f 2282 2323 2324
f 2282 2324 2283
f 2283 2324 2325
f 2283 2325 2284
f 2284 2325 2326
f 2284 2326 2285
f 2285 2326 2327
f 2285 2327 2286
f 2286 2327 2328
f 2286 2328 2287
f 2287 2328 2329
f 2287 2329 2288
f 2288 2329 2330
f 2288 2330 2289
f 2289 2330 2331
f 2289 2331 2290
f 2290 2331 2332
f 2290 2332 2291
f 2291 2332 2333
f 2291 2333 2292
f 2292 2333 2334
f 2292 2334 2293
f 2293 2334 2335
f 2293 2335 2294
f 2294 2335 2336
f 2294 2336 2295
f 2295 2336 2337
f 2295 2337 2296
f 2297 2338 2339
f 2297 2339 2298
f 2298 2339 2340
f 2298 2340 2299
f 2299 2340 2341
f 2299 2341 2300
f 2300 2341 2342
f 2300 2342 2301
f 2301 2342 2343
f 2301 2343 2302
f 2302 2343 2344
f 2302 2344 2303
f 2303 2344 2345
f 2303 2345 2304
f 2304 2345 2346
f 2304 2346 2305
f 2305 2346 2347
f 2305 2347 2306
f 2306 2347 2348
f 2306 2348 2307
f 2307 2348 2349
f 2307 2349 2308
f 2308 2349 2350
f 2308 2350 2309
f 2309 2350 2351
f 2309 2351 2310
f 2310 2351 2352
f 2310 2352 2311
f 2311 2352 2353
f 2311 2353 2312
f 2312 2353 2354
f 2312 2354 2313
f 2313 2354 2355
f 2313 2355 2314
f 2314 2355 2356
f 2314 2356 2315
f 2315 2356 2357
f 2315 2357 2316
f 2316 2357 2358
f 2316 2358 2317
f 2317 2358 2359
f 2317 2359 2318
f 2318 2359 2360
f 2318 2360 2319
f 2319 2360 2361
f 2319 2361 2320
f 2320 2361 2362
f 2320 2362 2321
f 2321 2362 2363
f 2321 2363 2322
f 2322 2363 2364
f 2322 2364 2323
f 2323 2364 2365
f 2323 2365 2324
f 2324 2365 2366
f 2324 2366 2325
f 2325 2366 2367
f 2325 2367 2326
f 2326 2367 2368
f 2326 2368 2327
f 2327 2368 2369
f 2327 2369 2328
f 2328 2369 2370
f 2328 2370 2329
f 2329 2370 2371
f 2329 2371 2330
f 2330 2371 2372
f 2330 2372 2331
f 2331 2372 2373
f 2331 2373 2332
f 2332 2373 2374
f 2332 2374 2333
f 2333 2374 2375
f 2333 2375 2334
f 2334 2375 2376
f 2334 2376 2335
f 2335 2376 2377
f 2335 2377 2336
f 2336 2377 2378
f 2336 2378 2337
f 2338 2379 2380
f 2338 2380 2339
f 2339 2380 2381
f 2339 2381 2340
f 2340 2381 2382
f 2340 2382 2341
f 2341 2382 2383
f 2341 2383 2342
f 2342 2383 2384
f 2342 2384 2343
f 2343 2384 2385
f 2343 2385 2344
f 2344 2385 2386
f 2344 2386 2345
f 2345 2386 2387
f 2345 2387 2346
f 2346 2387 2388
f 2346 2388 2347
f 2347 2388 2389
f 2347 2389 2348
f 2348 2389 2390
f 2348 2390 2349
f 2349 2390 2391
f 2349 2391 2350
f 2350 2391 2392
f 2350 2392 2351
f 2351 2392 2393
f 2351 2393 2352
f 2352 2393 2394
f 2352 2394 2353
f 2353 2394 2395
f 2353 2395 2354
f 2354 2395 2396
f 2354 2396 2355
f 2355 2396 2397
f 2355 2397 2356
f 2356 2397 2398
f 2356 2398 2357
f 2357 2398 2399
f 2357 2399 2358
f 2358 2399 2400
f 2358 2400 2359
f 2359 2400 2401
f 2359 2401 2360
f 2360 2401 2402
f 2360 2402 2361
f 2361 2402 2403
f 2361 2403 2362
f 2362 2403 2404
f 2362 2404 2363
f 2363 2404 2405
f 2363 2405 2364
f 2364 2405 2406
f 2364 2406 2365
f 2365 2406 2407
f 2365 2407 2366
f 2366 2407 2408
f 2366 2408 2367
f 2367 2408 2409
f 2367 2409 2368
f 2368 2409 2410
f 2368 2410 2369
f 2369 2410 2411
f 2369 2411 2370
f 2370 2411 2412
f 2370 2412 2371
f 2371 2412 2413
f 2371 2413 2372
f 2372 2413 2414
f 2372 2414 2373
f 2373 2414 2415
f 2373 2415 2374
f 2374 2415 2416
f 2374 2416 2375
f 2375 2416 2417
f 2375 2417 2376
f 2376 2417 2418
f 2376 2418 2377
f 2377 2418 2419
f 2377 2419 2378
f 2379 2420 2421
f 2379 2421 2380
f 2380 2421 2422
f 2380 2422 2381
f 2381 2422 2423
f 2381 2423 2382
f 2382 2423 2424
f 2382 2424 2383
f 2383 2424 2425
f 2383 2425 2384
f 2384 2425 2426
f 2384 2426 2385
f 2385 2426 2427
f 2385 2427 2386
f 2386 2427 2428
f 2386 2428 2387
f 2387 2428 2429
f 2387 2429 2388
f 2388 2429 2430
f 2388 2430 2389
f 2389 2430 2431
f 2389 2431 2390
f 2390 2431 2432
f 2390 2432 2391
f 2391 2432 2433
f 2391 2433 2392
f 2392 2433 2434
f 2392 2434 2393
f 2393 2434 2435
f 2393 2435 2394
f 2394 2435 2436
f 2394 2436 2395
f 2395 2436 2437
f 2395 2437 2396
f 2396 2437 2438
f 2396 2438 2397
f 2397 2438 2439
f 2397 2439 2398
f 2398 2439 2440
f 2398 2440 2399
f 2399 2440 2441
f 2399 2441 2400
f 2400 2441 2442
f 2400 2442 2401
f 2401 2442 2443
f 2401 2443 2402
f 2402 2443 2444
f 2402 2444 2403
f 2403 2444 2445
f 2403 2445 2404
f 2404 2445 2446
f 2404 2446 2405
f 2405 2446 2447
f 2405 2447 2406
f 2406 2447 2448
f 2406 2448 2407
f 2407 2448 2449
f 2407 2449 2408
f 2408 2449 2450
f 2408 2450 2409
f 2409 2450 2451
f 2409 2451 2410
f 2410 2451 2452
f 2410 2452 2411
f 2411 2452 2453
f 2411 2453 2412
f 2412 2453 2454
f 2412 2454 2413
f 2413 2454 2455
f 2413 2455 2414
f 2414 2455 2456
f 2414 2456 2415
f 2415 2456 2457
f 2415 2457 2416
f 2416 2457 2458
f 2416 2458 2417
f 2417 2458 2459
f 2417 2459 2418
f 2418 2459 2460
f 2418 2460 2419
f 2420 1 2
f 2420 2 2421
f 2421 2 3
f 2421 3 2422
f 2422 3 4
f 2422 4 2423
f 2423 4 5
f 2423 5 2424
f 2424 5 6
f 2424 6 2425
f 2425 6 7
f 2425 7 2426
f 2426 7 8
f 2426 8 2427
f 2427 8 9
f 2427 9 2428
f 2428 9 10
f 2428 10 2429
f 2429 10 11
f 2429 11 2430
f 2430 11 12
f 2430 12 2431
f 2431 12 13
f 2431 13 2432
f 2432 13 14
f 2432 14 2433
f 2433 14 15
f 2433 15 2434
f 2434 15 16
f 2434 16 2435
f 2435 16 17
f 2435 17 2436
f 2436 17 18
f 2436 18 2437
f 2437 18 19
f 2437 19 2438
f 2438 19 20
f 2438 20 2439
f 2439 20 21
f 2439 21 2440
f 2440 21 22
f 2440 22 2441
f 2441 22 23
f 2441 23 2442
f 2442 23 24
f 2442 24 2443
f 2443 24 25
f 2443 25 2444
f 2444 25 26
f 2444 26 2445
f 2445 26 27
f 2445 27 2446
f 2446 27 28
f 2446 28 2447
f 2447 28 29
f 2447 29 2448
f 2448 29 30
f 2448 30 2449
f 2449 30 31
f 2449 31 2450
f 2450 31 32
f 2450 32 2451
f 2451 32 33
f 2451 33 2452
f 2452 33 34
f 2452 34 2453
f 2453 34 35
f 2453 35 2454
f 2454 35 36
f 2454 36 2455
f 2455 36 37
f 2455 37 2456
f 2456 37 38
f 2456 38 2457
f 2457 38 39
f 2457 39 2458
f 2458 39 40
f 2458 40 2459
f 2459 40 41
f 2459 41 2460
f 2552 2553 2513
f 2502 2215 2174
f 2256 2215 2502
f 2506 2545 2546
f 2461 1 2420
f 2379 2338 2504
f 2420 2379 2504
f 2504 2461 2420
f 1436 2487 2488
f 1395 2487 1436
f 42 1 2461
f 2507 2506 2546
f 2546 2547 2507
f 1026 985 2480
f 2480 985 944
f 2483 1231 1190
f 1272 1231 2483
f 1969 1928 2498
f 2503 2338 2297
f 2504 2338 2503
f 2503 2297 2256
f 2503 2256 2502
f 2534 2553 2552
f 1682 2492 2493
f 1641 2492 1682
f 1559 1518 2489
f 2489 2490 1559
f 1805 2495 1846
f 2494 2495 1805
f 1805 1764 2494
f 2537 2536 2550
f 2511 2510 2550
f 2550 2536 2551
f 2551 2511 2550
f 2542 2545 2543
f 2174 2133 2501
f 2502 2174 2501
f 2501 2133 2092
f 2092 2500 2501
f 2501 2543 2502
f 2501 2500 2542
f 2542 2543 2501
f 1436 2488 1477
f 2489 1518 1477
f 1477 2488 2489
f 42 2461 2462
f 2462 83 42
f 2465 165 2464
f 2470 452 411
f 411 2469 2470
f 2516 2556 2517
f 2555 2556 2516
f 2516 2515 2555
f 2051 2500 2092
f 2473 575 2472
f 616 575 2473
f 2473 2474 616
f 2558 2519 2518
f 1067 1026 2481
f 2481 1026 2480
f 2481 1108 1067
f 944 903 2479
f 2480 944 2479
f 2479 903 862
f 2486 2487 1395
f 2486 1395 1354
f 1354 2485 2486
f 2484 1272 2483
f 2499 1969 2498
f 2540 2547 2546
f 2498 1928 2497
f 2505 2545 2506
f 2505 2461 2504
f 1682 2493 1723
f 2494 1764 1723
f 1723 2493 2494
f 1559 2490 1600
f 206 165 2465
f 2467 247 2466
f 2466 247 206
f 206 2465 2466
f 2551 2536 2535
f 2534 2552 2535
f 2535 2552 2551
f 2512 2511 2551
f 2512 2552 2513
f 2551 2552 2512
f 2467 329 288
f 288 247 2467
f 2468 329 2467
f 2550 2510 2549
f 2549 2537 2550
f 2549 2510 2509
f 2509 2548 2549
f 2464 165 124
f 2463 83 2462
f 124 83 2463
f 2463 2464 124
f 2547 2548 2508
f 2508 2548 2509
f 2507 2547 2508
f 370 2469 411
f 2468 2469 370
f 370 329 2468
f 2513 2553 2514
f 2472 575 534
f 493 2472 534
f 493 452 2471
f 2471 452 2470
f 2471 2472 493
f 2475 698 657
f 657 2474 2475
f 616 2474 657
f 2530 2556 2531
f 2531 2556 2555
f 2531 2555 2532
f 2518 2517 2557
f 2557 2558 2518
f 2517 2556 2557
f 2557 2556 2530
f 862 821 2478
f 2479 862 2478
f 2523 2480 2479
f 2523 2561 2524
f 739 2477 780
f 2478 821 780
f 780 2477 2478
f 739 698 2476
f 2476 698 2475
f 2476 2477 739
f 1313 2485 1354
f 2484 2485 1313
f 1313 1272 2484
f 2529 2558 2557
f 2557 2530 2529
f 2527 2526 2560
f 2526 2561 2560
f 2010 1969 2499
f 2010 2500 2051
f 2499 2500 2010
f 2541 2545 2542
f 2546 2545 2541
f 2540 2546 2541
f 2497 1928 1887
f 1846 2495 2496
f 1887 1846 2496
f 2496 2497 1887
f 2539 2547 2540
f 2539 2548 2547
f 2544 2504 2503
f 2505 2504 2544
f 2543 2545 2544
f 2544 2545 2505
f 2532 2555 2554
f 2514 2553 2554
f 2554 2515 2514
f 2555 2515 2554
f 1600 2490 2491
f 2491 1641 1600
f 2491 2492 1641
f 2525 2561 2526
f 2524 2561 2525
f 2522 2561 2523
f 2522 2479 2478
f 2523 2479 2522
f 2528 2558 2529
f 2549 2548 2538
f 2538 2537 2549
f 2538 2548 2539
f 2533 2532 2554
f 2554 2553 2533
f 2533 2553 2534
f 2482 2481 2524
f 2525 2483 2482
f 2482 2524 2525
f 1190 1149 2482
f 2483 1190 2482
f 1149 1108 2482
f 2482 1108 2481
f 2521 2561 2522
f 2560 2561 2521
f 2521 2520 2560
f 2528 2527 2559
f 2559 2527 2560
f 2520 2519 2559
f 2560 2520 2559
f 2559 2519 2558
f 2559 2558 2528
f 2537 2495 2494
f 2494 2536 2537
f 2473 2472 2516
f 2516 2517 2473
f 2473 2517 2518
f 2518 2474 2473
f 2518 2519 2475
f 2475 2474 2518
f 2484 2526 2527
f 2527 2485 2484
f 2462 2461 2505
f 2505 2506 2462
f 2465 2509 2466
f 2509 2510 2466
f 2466 2511 2467
f 2466 2510 2511
f 2535 2536 2494
f 2494 2493 2535
f 2535 2492 2534
f 2493 2492 2535
f 2512 2513 2468
f 2468 2513 2469
f 2467 2511 2468
f 2468 2511 2512
f 2462 2506 2463
f 2463 2506 2507
f 2508 2509 2465
f 2508 2465 2464
f 2463 2507 2508
f 2508 2464 2463
f 2469 2513 2514
f 2470 2469 2514
f 2516 2472 2471
f 2471 2515 2516
f 2471 2470 2514
f 2514 2515 2471
f 2531 2488 2530
f 2489 2488 2531
f 2532 2490 2531
f 2531 2490 2489
f 2524 2481 2523
f 2481 2480 2523
f 2475 2519 2476
f 2476 2519 2520
f 2530 2488 2529
f 2488 2487 2529
f 2541 2500 2499
f 2542 2500 2541
f 2499 2498 2541
f 2541 2498 2540
f 2540 2498 2539
f 2539 2498 2497
f 2503 2502 2544
f 2502 2543 2544
f 2525 2526 2484
f 2484 2483 2525
f 2528 2485 2527
f 2486 2485 2528
f 2529 2487 2528
f 2528 2487 2486
f 2538 2495 2537
f 2496 2495 2538
f 2539 2497 2538
f 2538 2497 2496
f 2533 2490 2532
f 2491 2490 2533
f 2534 2492 2533
f 2533 2492 2491
f 2522 2478 2521
f 2478 2477 2521
f 2476 2520 2521
f 2521 2477 2476
f 2419 2460 2567
f 2419 2567 2562
f 2460 41 2572
f 2460 2572 2567
f 41 82 2577
f 41 2577 2572
f 82 123 2582
f 82 2582 2577
f 123 164 2587
f 123 2587 2582
f 164 205 2592
f 164 2592 2587
f 205 246 2597
f 205 2597 2592
f 246 287 2602
f 246 2602 2597
f 287 328 2607
f 287 2607 2602
f 328 369 2612
f 328 2612 2607
f 369 410 2617
f 369 2617 2612
f 410 451 2622
f 410 2622 2617
f 451 492 2627
f 451 2627 2622
f 492 533 2632
f 492 2632 2627
f 533 574 2637
f 533 2637 2632
f 574 615 2642
f 574 2642 2637
f 615 656 2647
f 615 2647 2642
f 656 697 2652
f 656 2652 2647
f 697 738 2657
f 697 2657 2652
f 738 779 2662
f 738 2662 2657
f 779 820 2667
f 779 2667 2662
f 820 861 2672
f 820 2672 2667
f 861 902 2677
f 861 2677 2672
f 902 943 2682
f 902 2682 2677
f 2562 2567 2568
f 2562 2568 2563
f 2563 2568 2569
f 2563 2569 2564
f 2564 2569 2570
f 2564 2570 2565
f 2565 2570 2571
f 2565 2571 2566
f 2567 2572 2573
f 2567 2573 2568
f 2568 2573 2574
f 2568 2574 2569
f 2569 2574 2575
f 2569 2575 2570
f 2570 2575 2576
f 2570 2576 2571
f 2572 2577 2578
f 2572 2578 2573
f 2573 2578 2579
f 2573 2579 2574
f 2574 2579 2580
f 2574 2580 2575
f 2575 2580 2581
f 2575 2581 2576
f 2577 2582 2583
f 2577 2583 2578
f 2578 2583 2584
f 2578 2584 2579
f 2579 2584 2585
f 2579 2585 2580
f 2580 2585 2586
f 2580 2586 2581
f 2582 2587 2588
f 2582 2588 2583
f 2583 2588 2589
f 2583 2589 2584
f 2584 2589 2590
f 2584 2590 2585
f 2585 2590 2591
f 2585 2591 2586
f 2587 2592 2593
f 2587 2593 2588
f 2588 2593 2594
f 2588 2594 2589
f 2589 2594 2595
f 2589 2595 2590
f 2590 2595 2596
f 2590 2596 2591
f 2592 2597 2598
f 2592 2598 2593
f 2593 2598 2599
f 2593 2599 2594
f 2594 2599 2600
f 2594 2600 2595
f 2595 2600 2601
f 2595 2601 2596
f 2597 2602 2603
f 2597 2603 2598
f 2598 2603 2604
f 2598 2604 2599
f 2599 2604 2605
f 2599 2605 2600
f 2600 2605 2606
f 2600 2606 2601
f 2602 2607 2608
f 2602 2608 2603
f 2603 2608 2609
f 2603 2609 2604
f 2604 2609 2610
f 2604 2610 2605
f 2605 2610 2611
f 2605 2611 2606
f 2607 2612 2613
f 2607 2613 2608
f 2608 2613 2614
f 2608 2614 2609
f 2609 2614 2615
f 2609 2615 2610
f 2610 2615 2616
f 2610 2616 2611
f 2612 2617 2618
f 2612 2618 2613
f 2613 2618 2619
f 2613 2619 2614
f 2614 2619 2620
f 2614 2620 2615
f 2615 2620 2621
f 2615 2621 2616
f 2617 2622 2623
f 2617 2623 2618
f 2618 2623 2624
f 2618 2624 2619
f 2619 2624 2625
f 2619 2625 2620
f 2620 2625 2626
f 2620 2626 2621
f 2622 2627 2628
f 2622 2628 2623
f 2623 2628 2629
f 2623 2629 2624
f 2624 2629 2630
f 2624 2630 2625
f 2625 2630 2631
f 2625 2631 2626
f 2627 2632 2633
f 2627 2633 2628
f 2628 2633 2634
f 2628 2634 2629
f 2629 2634 2635
f 2629 2635 2630
f 2630 2635 2636
f 2630 2636 2631
f 2632 2637 2638
f 2632 2638 2633
f 2633 2638 2639
f 2633 2639 2634
f 2634 2639 2640
f 2634 2640 2635
f 2635 2640 2641
f 2635 2641 2636
f 2637 2642 2643
f 2637 2643 2638
f 2638 2643 2644
f 2638 2644 2639
f 2639 2644 2645
f 2639 2645 2640
f 2640 2645 2646
f 2640 2646 2641
f 2642 2647 2648
f 2642 2648 2643
f 2643 2648 2649
f 2643 2649 2644
f 2644 2649 2650
f 2644 2650 2645
f 2645 2650 2651
f 2645 2651 2646
f 2647 2652 2653
f 2647 2653 2648
f 2648 2653 2654
f 2648 2654 2649
f 2649 2654 2655
f 2649 2655 2650
f 2650 2655 2656
f 2650 2656 2651
f 2652 2657 2658
f 2652 2658 2653
f 2653 2658 2659
f 2653 2659 2654
f 2654 2659 2660
f 2654 2660 2655
f 2655 2660 2661
f 2655 2661 2656
f 2657 2662 2663
f 2657 2663 2658
f 2658 2663 2664
f 2658 2664 2659
f 2659 2664 2665
f 2659 2665 2660
f 2660 2665 2666
f 2660 2666 2661
f 2662 2667 2668
f 2662 2668 2663
f 2663 2668 2669
f 2663 2669 2664
f 2664 2669 2670
f 2664 2670 2665
f 2665 2670 2671
f 2665 2671 2666
f 2667 2672 2673
f 2667 2673 2668
f 2668 2673 2674
f 2668 2674 2669
f 2669 2674 2675
f 2669 2675 2670
f 2670 2675 2676
f 2670 2676 2671
f 2672 2677 2678
f 2672 2678 2673
f 2673 2678 2679
f 2673 2679 2674
f 2674 2679 2680
f 2674 2680 2675
f 2675 2680 2681
f 2675 2681 2676
f 2677 2682 2683
f 2677 2683 2678
f 2678 2683 2684
f 2678 2684 2679
f 2679 2684 2685
f 2679 2685 2680
f 2680 2685 2686
f 2680 2686 2681
f 1189 1230 2692
f 1189 2692 2687
f 1230 1271 2697
f 1230 2697 2692
f 1271 1312 2702
f 1271 2702 2697
f 1312 1353 2707
f 1312 2707 2702
f 1353 1394 2712
f 1353 2712 2707
f 1394 1435 2717
f 1394 2717 2712
f 1435 1476 2722
f 1435 2722 2717
f 1476 1517 2727
f 1476 2727 2722
f 1517 1558 2732
f 1517 2732 2727
f 1558 1599 2737
f 1558 2737 2732
f 1599 1640 2742
f 1599 2742 2737
f 1640 1681 2747
f 1640 2747 2742
f 1681 1722 2752
f 1681 2752 2747
f 1722 1763 2757
f 1722 2757 2752
f 1763 1804 2762
f 1763 2762 2757
f 1804 1845 2767
f 1804 2767 2762
f 1845 1886 2772
f 1845 2772 2767
f 1886 1927 2777
f 1886 2777 2772
f 1927 1968 2782
f 1927 2782 2777
f 1968 2009 2787
f 1968 2787 2782
f 2009 2050 2792
f 2009 2792 2787
f 2050 2091 2797
f 2050 2797 2792
f 2091 2132 2802
f 2091 2802 2797
f 2132 2173 2807
f 2132 2807 2802
f 2687 2692 2693
f 2687 2693 2688
f 2688 2693 2694
f 2688 2694 2689
f 2689 2694 2695
f 2689 2695 2690
f 2690 2695 2696
f 2690 2696 2691
f 2692 2697 2698
f 2692 2698 2693
f 2693 2698 2699
f 2693 2699 2694
f 2694 2699 2700
f 2694 2700 2695
f 2695 2700 2701
f 2695 2701 2696
f 2697 2702 2703
f 2697 2703 2698
f 2698 2703 2704
f 2698 2704 2699
f 2699 2704 2705
f 2699 2705 2700
f 2700 2705 2706
f 2700 2706 2701
f 2702 2707 2708
f 2702 2708 2703
f 2703 2708 2709
f 2703 2709 2704
f 2704 2709 2710
f 2704 2710 2705
f 2705 2710 2711
f 2705 2711 2706
f 2707 2712 2713
f 2707 2713 2708
f 2708 2713 2714
f 2708 2714 2709
f 2709 2714 2715
f 2709 2715 2710
f 2710 2715 2716
f 2710 2716 2711
f 2712 2717 2718
f 2712 2718 2713
f 2713 2718 2719
f 2713 2719 2714
f 2714 2719 2720
f 2714 2720 2715
f 2715 2720 2721
f 2715 2721 2716
f 2717 2722 2723
f 2717 2723 2718
f 2718 2723 2724
f 2718 2724 2719
f 2719 2724 2725
f 2719 2725 2720
f 2720 2725 2726
f 2720 2726 2721
f 2722 2727 2728
f 2722 2728 2723
f 2723 2728 2729
f 2723 2729 2724
f 2724 2729 2730
f 2724 2730 2725
f 2725 2730 2731
f 2725 2731 2726
f 2727 2732 2733
f 2727 2733 2728
f 2728 2733 2734
f 2728 2734 2729
f 2729 2734 2735
f 2729 2735 2730
f 2730 2735 2736
f 2730 2736 2731
f 2732 2737 2738
f 2732 2738 2733
f 2733 2738 2739
f 2733 2739 2734
f 2734 2739 2740
f 2734 2740 2735
f 2735 2740 2741
f 2735 2741 2736
f 2737 2742 2743
f 2737 2743 2738
f 2738 2743 2744
f 2738 2744 2739
f 2739 2744 2745
f 2739 2745 2740
f 2740 2745 2746
f 2740 2746 2741
f 2742 2747 2748
f 2742 2748 2743
f 2743 2748 2749
f 2743 2749 2744
f 2744 2749 2750
f 2744 2750 2745
f 2745 2750 2751
f 2745 2751 2746
f 2747 2752 2753
f 2747 2753 2748
f 2748 2753 2754
f 2748 2754 2749
f 2749 2754 2755
f 2749 2755 2750
f 2750 2755 2756
f 2750 2756 2751
f 2752 2757 2758
f 2752 2758 2753
f 2753 2758 2759
f 2753 2759 2754
f 2754 2759 2760
f 2754 2760 2755
f 2755 2760 2761
f 2755 2761 2756
f 2757 2762 2763
f 2757 2763 2758
f 2758 2763 2764
f 2758 2764 2759
f 2759 2764 2765
f 2759 2765 2760
f 2760 2765 2766
f 2760 2766 2761
f 2762 2767 2768
f 2762 2768 2763
f 2763 2768 2769
f 2763 2769 2764
f 2764 2769 2770
f 2764 2770 2765
f 2765 2770 2771
f 2765 2771 2766
f 2767 2772 2773
f 2767 2773 2768
f 2768 2773 2774
f 2768 2774 2769
f 2769 2774 2775
f 2769 2775 2770
f 2770 2775 2776
f 2770 2776 2771
f 2772 2777 2778
f 2772 2778 2773
f 2773 2778 2779
f 2773 2779 2774
f 2774 2779 2780
f 2774 2780 2775
f 2775 2780 2781
f 2775 2781 2776
f 2777 2782 2783
f 2777 2783 2778
f 2778 2783 2784
f 2778 2784 2779
f 2779 2784 2785
f 2779 2785 2780
f 2780 2785 2786
f 2780 2786 2781
f 2782 2787 2788
f 2782 2788 2783
f 2783 2788 2789
f 2783 2789 2784
f 2784 2789 2790
f 2784 2790 2785
f 2785 2790 2791
f 2785 2791 2786
f 2787 2792 2793
f 2787 2793 2788
f 2788 2793 2794
f 2788 2794 2789
f 2789 2794 2795
f 2789 2795 2790
f 2790 2795 2796
f 2790 2796 2791
f 2792 2797 2798
f 2792 2798 2793
f 2793 2798 2799
f 2793 2799 2794
f 2794 2799 2800
f 2794 2800 2795
f 2795 2800 2801
f 2795 2801 2796
f 2797 2802 2803
f 2797 2803 2798
f 2798 2803 2804
f 2798 2804 2799
f 2799 2804 2805
f 2799 2805 2800
f 2800 2805 2806
f 2800 2806 2801
f 2802 2807 2808
f 2802 2808 2803
f 2803 2808 2809
f 2803 2809 2804
f 2804 2809 2810
f 2804 2810 2805
f 2805 2810 2811
f 2805 2811 2806
